frame,f0_avgutt_diff_2,p_dur,n_dur,e_range,e_maxavg_diff,e_avgmin_diff,f0_range,f0_maxavg_diff,f0_avgmin_diff,label
frame_i_1.05_1.09,147.73247260958578,0.0,-0.4775410113201105,411.11791769880926,365.3351656665184,45.78275203229089,23.02650146473701,14.580025063485948,8.446476401251061,NB
frame_e_1.09_1.2,14.225079532669128,0.0,0.0521157997492328,414.96601694907565,363.9656689363653,51.00034801271033,17.177256062760335,10.983838241064262,6.193417821696073,NB
frame_si_1.2_1.39,3.9324188493039,0.0,-0.0345401262335015,412.3543252545151,356.6255924448442,55.72873280967093,37.43626427524188,24.319627130763934,13.116637144477949,NB
frame_de_1.39_1.49,4.068928371513721,0.0,-0.5366818527367102,412.6287813395234,363.9653622269223,48.66341911260116,12.759370833381794,1.832491162667168,10.926879670714628,NB
frame_seX_1.49_1.71,9.924744065350254,0.0,-0.7329477368986919,406.9712383023802,349.6134174849001,57.35782081748016,5.938251780995969,3.281992618926424,2.6562591620695457,NB
frame_u_1.71_1.74,7.65766122765433,0.0,-0.443640535340056,401.9664055417845,357.3828341218704,44.58357141991411,5.334491217343725,2.7754425353534486,2.5590486819902765,NB
frame_lej_1.74_2.2,16.20708647883788,0.0,0.0521157997492371,414.10061960655537,335.69284723483435,78.40777237172102,96.92902401583063,28.77607361886342,68.15295039696721,NB
frame_tSi_2.2_2.28,2.29919760008039,0.9900000000000002,-0.4037075304723437,391.351498921964,345.9969416015459,45.35455732041805,11.401721189653756,5.692026625419118,5.709694564234638,NB
frame_E_3.27_3.83,1.294131012962751,0.0,3.207413127943752,415.9232587631517,327.4995287564985,88.42373000665316,13.354052206800873,6.542262923059013,6.811789283741859,NB
frame_u~_3.83_3.87,5.495788693123743,0.0,-0.662661839956214,391.6437469367193,348.8695931151921,42.77415382152719,0.0659347341406544,0.0255095162948464,0.0404252178458079,NB
frame_ma_3.87_4.06,7.472614057964677,0.0,-0.4660932286774334,408.5080119671144,353.80004216815894,54.707969798955446,3.507854587308657,2.365064130040224,1.1427904572684326,NB
frame_es_4.06_4.13,7.82785321520501,0.0,-0.7329477368986898,388.1825479607587,345.8268324129257,42.35571554783303,0.6617814834774407,0.289251068092156,0.3725304153852846,NB
frame_pE_4.13_4.32,4.6369257885379085,0.0,-0.0530777586184406,415.0399559536448,358.86626598684086,56.17368996680392,10.206138777756394,5.905320079058114,4.300818698698279,NB
frame_si_4.32_4.4,2.3309279956891658,1.1099999999999994,-0.4037075304723372,403.9029629884077,357.4265170398162,46.47644594859145,6.597842748607533,5.019837874067875,1.5780048745396584,NB
frame_dZi_5.51_5.61,100.887788942086,1.87,-0.2560405687768036,389.5327419900026,342.4366930131147,47.09604897688792,9.394127331401066,4.263724814887098,5.130402516513968,NB
frame_pre_7.48_7.57,10.823314779864376,0.0,-0.7329477368986898,404.6635470241158,356.9389096625476,47.72463736156834,17.852868238437367,12.31717152950418,5.535696708933187,NB
frame_pa_7.57_7.65,4.198715039322252,0.0,-0.6724451148803585,402.6228233232832,355.437576293091,47.185247030192215,4.899069152255549,3.0110951761818967,1.8879739760736527,NB
frame_ra_7.65_7.78,132.99830035434277,0.0,-0.1565653993730137,417.6503562091716,366.878484157212,50.77187205195963,57.47260271390388,26.010457248321583,31.462145465582296,NB
frame_sa~w~_7.78_8.31,11.77814621147462,0.0,4.131669487163445,402.8286173579244,320.5216297323018,82.30698762562264,39.219148232077686,15.62065435263858,23.598493879439104,NB
frame_psi_8.31_8.42,13.846805079945966,0.0,-0.5513744921678839,399.3119383256428,349.77389769892443,49.538040626718384,4.439737469246552,2.5719474918732885,1.8677899773732636,NB
frame_ki_8.42_8.48,24.511816317975303,0.0,-0.5513744921678708,393.7238619078675,349.4642979881765,44.25956391969095,13.722166130184746,5.862170524947686,7.85999560523706,NB
frame_ka_8.48_8.66,29.779249104384093,0.0,0.3593143161343311,415.0331624367932,360.4666817749084,54.56648066188478,33.27188732102414,17.83241627561671,15.43947104540743,NB
frame_da_8.66_8.84,22.079809307683604,0.0,0.3593143161343311,401.6321875458569,346.90507236836936,54.72711517748752,10.724329447297125,4.876162201346858,5.848167245950265,NB
frame_va_8.84_9.06,79.92422306012409,0.0,0.1529624299313968,397.5818612134453,340.6549408936616,56.92692031978368,141.8754555740831,72.6113338835778,69.2641216905053,NB
frame_ka_9.06_9.16,34.488347915530255,0.0,-0.5692691717788914,405.32287850171895,356.51217144989533,48.81070705182361,8.835725840627191,5.8679426903349565,2.9677831502922345,NB
frame_E_9.16_9.19,44.97612660161076,1.4299999999999995,-0.8113314531677915,384.64430196015,343.0600175330177,41.58428442713228,5.782749292741499,2.780418308328109,3.0023309844133905,NB
frame_na_10.62_10.93,5.463928342502356,0.0,0.7720180885401997,416.3114532552727,350.9230210077751,65.38843224749758,21.659079254643075,14.99386046287708,6.665218791765994,NB
frame_kwaw_10.93_11.01,21.59421059921129,0.0,-0.2255049897243569,420.3430506068575,370.8802511388863,49.4627994679712,18.63900601669289,12.550211024977784,6.088794991715105,NB
frame_e~j~_11.01_11.31,6.386066301487261,0.0,-0.3629172855759571,414.878388495747,349.2089188952334,65.66946960051365,19.92984912061709,15.14021005473498,4.789639065882113,NB
frame_Ze_11.31_11.43,231.15087618518731,0.0,-0.1441500844127489,415.18899165760257,364.2413683304063,50.94762332719631,333.30630971383994,108.3518931085411,224.9544166052989,NB
frame_raw_11.43_11.72,0.8282552544856401,0.0,0.8751940316416668,413.8533408485736,349.6277434941892,64.22559735438438,33.05683234181903,22.29109365978607,10.76573868203296,NB
frame_a_11.72_11.76,,0.0,-0.775621057981844,387.8336243495218,346.8595806155357,40.97404373398615,,,,NB
frame_Ze~_11.76_11.95,3.17231712583893,0.0,0.3276327777177608,405.6299590835206,351.7170280185356,53.912931064985,17.68752726549144,12.177863756662646,5.509663508828794,NB
frame_tSi_11.95_12.17,7.213701710204219,0.0,0.5561277205486443,402.7424201713254,348.53643536875165,54.20598480257377,21.90222514915206,12.600680946090703,9.301544203061354,NB
frame_u_12.17_12.69,2.850373465249419,0.0,4.900680332244859,413.9921580563819,330.0032064084308,83.98895164795113,23.2496813495482,14.143138922834195,9.106542426714,NB
frame_za_12.69_12.87,7.110027526524391,0.0,-0.3629172855759571,404.83182099815946,351.1623524838532,53.66946851430629,21.26279964970485,9.720947901007465,11.541851748697384,TB
frame_u_12.87_12.9,18.038592508305683,0.0,-0.4436405353400439,390.6213253468077,346.9037408299524,43.71758451685531,2.411650776571633,1.9037145765755523,0.507936199996081,NB
frame_be_12.9_12.96,21.697657212260467,0.0,-0.732947736898681,412.0447352691703,365.14105548986345,46.903679779306856,0.6439982811389342,0.4370459955399184,0.2069522855990158,NB
frame_ze_12.96_13.08,28.91711839295762,0.0,-0.1441500844127489,410.593931967613,361.2871942866194,49.30673768099359,6.908150107028291,4.757450998996077,2.1506991080322138,NB
frame_Ru_13.08_13.23,68.12124693150513,0.0,-0.3345727625321907,390.7510778146364,339.6073448495996,51.14373296503675,1.5889275918555512,0.9836047243276482,0.605322867527903,NB
frame_pa_13.23_13.29,6.757770299835357,0.0,-0.8787970010833112,411.445619170493,365.4904770660797,45.95514210441331,67.84026871252752,37.54825072362479,30.292017988902728,NB
frame_ra_13.29_13.44,38.08172490577708,0.0,-0.0533894562715557,413.5670881810035,360.9886804285949,52.57840775240862,18.916223944423493,12.149818401254336,6.7664055431691565,NB
frame_i_13.44_13.47,45.38626558125246,0.0,-0.5513744921678708,386.1859880660612,343.4490327144882,42.73695535157293,2.706459822345167,1.1007923140425078,1.605667508302659,NB
frame_su_13.47_13.53,108.23293870406818,0.6900000000000013,-0.4436405353400633,393.515136928126,349.72340962216765,43.79172730595832,8.606416049424524,2.322224447232742,6.284191602191783,NB
frame_kEX_14.22_14.42,66.62354459130957,0.0,-0.8113314531677915,393.4882335439111,338.79610316863443,54.69213037527669,15.465017189318736,10.179241884407702,5.285775304911034,NB
frame_dZi_14.42_14.51,5.846882989628554,0.0,-0.4775410113201171,415.8915166814699,365.9534765378096,49.93804014366032,7.284022527317617,2.605644059608366,4.678378467709251,NB
frame_zeX_14.51_14.74,17.63986820083261,0.0,-0.0460171423317427,415.3688109591992,354.0689147293925,61.29989622980668,13.637366532641266,4.04709642766116,9.590270104980108,NB
frame_a_14.74_14.99,267.49694171226565,0.0,1.3910737471490209,411.1595378006464,351.50878367081714,59.65075412982924,572.9146793465318,293.87770363631347,279.03697571021826,NB
frame_va_14.99_15.27,9.05263709543155,0.0,1.1847218609460866,418.1579707363572,355.5948398533848,62.563130882972416,7.843753220417398,4.0710245091147215,3.772728711302676,NB
frame_ka_15.27_15.38,16.35007286127211,0.2299999999999986,-0.5692691717788914,414.55731430337903,363.7760152001404,50.781299103238666,20.105066355626832,13.20505389455306,6.900012461073771,NB
frame_e~_15.61_15.86,15.716877597591548,0.0,1.160597466830661,413.8734194682242,352.7132624847446,61.16015698347962,25.26308725732926,7.387341321618578,17.875745935710682,NB
frame_tra_15.86_16.02,18.460144294049183,0.0,-0.5692691717789098,411.98786565864623,359.63954551376446,52.34832014488177,11.87688044737233,6.290033285221824,5.586847162150505,NB
frame_nu_16.02_16.12,22.09553486222495,0.6499999999999986,-0.2255049897243375,407.2871503987244,358.4649597478671,48.82219065085724,9.299781606002682,3.3397760536778662,5.960005552324816,NB
frame_ku_16.77_16.83,273.3335512665361,0.0,-0.4436405353400827,408.80413271689065,363.4817262715932,45.32240644529742,319.1443420918971,91.3374481403622,227.80689395153487,NB
frame_Raw_16.83_17.68,16.984301719574518,0.0,4.4863520401931085,410.7423932833014,303.0260392961656,107.71635398713576,10.783662126232116,5.645123944366958,5.138538181865158,NB
frame_pa_17.68_17.78,22.26180120557721,0.0,-0.6724451148803585,411.0431780508717,360.9249533157364,50.1182247351353,47.12918825829588,20.26877038535261,26.860417872943277,NB
frame_ra_17.78_17.88,18.534186214527622,0.0,-0.4660932286774242,408.2162586055434,359.6361584546896,48.58010015085375,2.319032998682502,1.7761813048865775,0.5428516937959245,NB
frame_pa_17.88_17.94,24.560575792945244,0.0,-0.8787970010832928,393.2606230696911,349.0489997818422,44.21162328784891,88.54656603012981,45.11182583596238,43.43474019416743,NB
frame_ra_17.94_18.0,7.896190020714755,0.0,-0.8787970010832928,414.6535101935528,367.2583455026261,47.39516469092666,5.619099911567659,3.542540144279698,2.0765597672879608,NB
frame_seX_18.0_18.09,2.53335734381038,0.0,-0.7329477368987158,416.39894264965886,367.0315340625828,49.367408587076056,7.592418963056517,2.90763793452966,4.6847810285268565,NB
frame_oR_18.09_18.17,3.407579515025887,0.0,-0.0388860413507324,405.9305544434468,358.3587189039712,47.571835539475614,3.960953420817788,1.2352344412045682,2.7257189796132195,NB
frame_de_18.17_18.28,6.982475802800181,0.0,-0.4385489106556975,413.27916112804814,364.9512229767213,48.32793815132686,9.198688172076658,2.6346048062508345,6.564083365825823,NB
frame_Ja_18.28_18.62,6.384639113516755,0.0,0.772018088540218,412.221780735396,345.4486865765807,66.7730941588153,38.88601767537892,19.65101280204861,19.23500487333031,NB
frame_da_18.62_18.76,22.381195081245664,0.3699999999999974,-0.25974134247449,409.9251403154743,358.7029679035661,51.22217241190816,76.33850681727208,35.772018021617455,40.56648879565461,NB
frame_i_19.13_19.18,,1.2800000000000011,-0.4037075304723372,383.6279850476173,341.19272520006774,42.43525984754956,4.36869003841008,1.8797452436903228,2.4889447947197567,NB
frame_a_20.46_20.59,17.556094828888632,0.0,0.1529624299313785,417.3471793350948,364.5275181025055,52.819661232589226,7.963385014049649,4.491836253241374,3.471548760808276,NB
frame_i_20.59_20.7,8.053350029506035,0.0,0.0392933546142636,411.76783492902064,362.7786097297495,48.98922519927112,3.986270656903045,1.3651336521490265,2.6211370047540186,NB
frame_si_20.7_20.93,73.21282012861599,0.0,0.0392933546142636,406.82150423853307,347.6139341364158,59.207570102117245,108.04789973911426,43.094881885472944,64.95301785364131,NB
frame_sOw_20.93_21.25,118.6897934213413,0.0,0.9222572628385408,417.92705049295233,352.29789112838336,65.62915936456898,347.22489876977204,233.980985910903,113.24391285886908,NB
frame_ta_21.25_21.32,35.493079094105894,0.0,-0.775621057981844,404.0359329489286,360.3731951073928,43.66273784153577,11.58323961284546,5.130462927520483,6.452776685324977,NB
frame_u_21.32_21.42,8.464401450691781,0.139999999999997,0.3198338743149476,402.56010477671305,353.2772152099807,49.282889566732365,14.551306343100862,11.493686054195337,3.0576202889055253,NB
frame_be_21.56_21.62,3.479900970476521,0.0,-0.732947736898681,409.83498194374073,363.3517346478086,46.48324729593213,3.726742468599454,1.604838958017453,2.121903510582001,NB
frame_ze_21.62_21.72,6.046575900676331,0.0,-0.3404159685747263,415.7114089199293,365.4842982937707,50.227110626158606,11.38676648026994,5.301919250282268,6.084847229987673,NB
frame_Ru_21.72_21.85,8.382631460420399,0.0,0.3198338743149476,397.4342954311362,347.3943528783064,50.03994255282981,3.007010530506136,2.0411506250293883,0.9658599054767478,TB
frame_i~_21.85_22.04,15.693404853643813,0.0,1.075454440889163,404.6655323743649,347.3860710213812,57.27946135298373,8.94162998128418,3.8215624631972673,5.120067518086913,NB
frame_me_22.04_22.15,3.8695127007459433,0.0,-0.242283026493755,411.5651545818521,361.94110741026486,49.62404717158722,6.916818056582883,1.355132532798592,5.561685523784291,NB
frame_dZi_22.15_22.23,3.0708318829628496,0.0,-0.5513744921678708,414.5694566853024,365.860637834573,48.70881885072936,3.4271506704742194,2.030351352051269,1.39679931842295,NB
frame_a_22.23_22.33,7.83031219213872,0.0,-0.1565653993730412,406.3966046044437,359.99558935571304,46.40101524873074,2.190242378424358,1.4749219538574323,0.7153204245669258,NB
frame_ta_22.33_22.47,8.026929682319647,0.0,-0.25974134247449,409.0382857076188,357.1986812372573,51.83960447036151,19.8807249060051,11.913608622395714,7.967116283609386,NB
frame_me~_22.47_22.59,29.76341591945514,0.0,-0.6904351756424465,403.810085025839,354.3794539314153,49.43063109442369,0.8451936272334137,0.3743239333246322,0.4708696939087815,NB
frame_tSi_22.59_22.68,29.03631092703777,0.0,-0.3298740496245835,387.2564763787497,344.0077806847806,43.248695693969125,34.627723717738235,19.44703415046993,15.180689567268304,NB
frame_e~_22.68_22.71,,0.0,-0.8755384398897539,371.09382097716207,329.8837429821124,41.21007799504969,,,,NB
frame_ta~w~_22.71_22.91,66.32329710597637,0.5500000000000007,0.4860787631956357,389.441008873366,335.08321789305086,54.35779098031514,14.305519894108492,4.940787818299917,9.364732075808575,NB
frame_E_23.46_23.68,23.82938320445811,0.0,0.6293505664759637,417.3306917656435,358.1768886906195,59.15380307502403,40.68120904241391,23.599854767369493,17.08135427504442,NB
frame_la_23.68_23.83,6.708683425082256,0.0,-0.1565653993730412,411.7419910586945,360.3362745915848,51.40571646710976,3.8852423790076784,2.647570483091528,1.2376718959161508,NB
frame_kwa~_23.83_23.97,11.992225134392868,0.0,-0.243039381597877,411.9565362567599,359.51857960609226,52.437956650667616,11.750046178898373,8.57468714329599,3.1753590356023835,NB
frame_du_23.97_24.08,14.325922437884088,0.0,-0.1164372169165037,409.35644475537975,359.2190196985814,50.13742505679835,4.2601742361401165,1.7436025811929028,2.5165716549472137,NB
frame_ve_24.08_24.2,14.134288415916686,0.0,-0.4385489106557323,412.6406897731978,361.9776073814555,50.66308239174225,7.329625446932567,2.9136623050882235,4.415963141844344,NB
frame_u_24.2_24.25,24.626004189357403,0.0,-0.2255049897243375,410.8732085859614,364.5952022762971,46.27800630966431,1.918791354208622,1.202132391826197,0.7166589623824251,NB
frame_be_24.25_24.31,25.62743363630996,0.0,-0.7329477368987158,396.2381751862079,351.967864425083,44.27031076112485,5.177659817871856,3.39723405591063,1.7804257619612258,NB
frame_ze_24.31_24.37,26.65302615168123,0.0,-0.732947736898681,402.5235767769657,356.8713192539131,45.65225752305258,1.0071045126062756,0.8388468302448615,0.1682576823614141,NB
frame_Ru_24.37_24.47,22.68296262710304,0.0,-0.4436405353400827,398.08611615694383,350.5210448030971,47.56507135384675,14.352223645292156,8.541394426400785,5.810829218891371,NB
frame_E_24.47_24.5,138.24522061900518,0.0,-0.811331453167778,402.5307340362074,358.63299147321044,43.897742562997,3.526155911367198,1.6611457620433043,1.8650101493238933,NB
frame_la_24.5_24.56,10.43011833209789,0.0,-0.8787970010833295,414.19165040332894,368.7877488440172,45.40390155931175,5.355324733106642,1.6757239854010777,3.679600747705564,NB
frame_sOw_24.56_24.65,19.230629571282293,0.0,-0.694687288891419,406.58243055778246,360.7915309335957,45.79089962418675,7.441891018512109,2.675054736726992,4.7668362817851175,NB
frame_ta_24.65_24.73,5.732021080975159,0.0,-0.6724451148803585,410.9733147788311,364.0745457120787,46.89876906675238,12.13958942203604,7.527243126622523,4.612346295413516,NB
frame_u_24.73_24.76,140.83360204977618,0.0,-0.4436405353400439,394.36986733557984,352.1811925303439,42.18867480523596,11.067078858378466,5.040870512470008,6.026208345908458,NB
frame_lej_24.76_24.86,16.038475038171242,0.0,-0.6348147948177097,414.043678054676,365.4384953669824,48.60518268769363,8.096484883521526,3.563101638638301,4.533383244883225,NB
frame_tSi_24.86_24.92,14.79166702159074,0.0799999999999983,-0.5513744921678708,396.1621770608425,351.98078065704505,44.18139640379746,4.009204011955916,2.3397353078329672,1.6694687041229486,TB
frame_kEX_25.0_25.3,20.770361596108277,0.0,0.2502237192012849,415.9605925809069,352.0255462994656,63.93504628144126,30.79846608166278,18.68586963795289,12.11259644370989,NB
frame_dZi_25.3_25.37,15.52021190282089,0.0,-0.4775410113200909,404.3668284999585,360.7170207942471,43.64980770571134,1.4293013824004248,0.6631637811051121,0.7661376012953127,NB
frame_zeX_25.37_25.9,34.72360602251487,0.4600000000000008,1.4259769888831049,404.90543508427714,324.53800488332695,80.3674302009502,15.575543367581034,8.233561652704239,7.341981714876795,NB
frame_E_26.36_26.39,6.643071167022654,0.0,-0.811331453167778,397.9288224182437,354.42646356833603,43.502358849907694,0.6042448655076385,0.4245719013198084,0.17967296418783,NB
frame_la_26.39_26.74,27.66433925898221,0.0,1.4942496902504698,416.7416748142561,346.8232075304699,69.91846728378619,154.0614896698712,111.56534093196676,42.496148737904434,TB
frame_des_26.74_26.96,5.6627842583397126,0.0,0.4446475680731832,416.0261835647205,357.8030748456308,58.22310871908968,10.039201587942046,5.525126670495808,4.514074917446237,NB
frame_i_26.96_27.0,7.654380659948202,0.0,-0.4775410113201171,386.5114109394888,345.3167116196485,41.19469931984031,2.527239926333067,1.0710429464203344,1.4561969799127326,NB
frame_u_27.0_27.06,5.091149398602113,0.0,-0.1164372169165037,388.7133630256996,345.76132036442874,42.95204266127081,5.475104125177069,3.529744924520088,1.9453592006569809,NB
frame_lej_27.06_27.39,25.83964113345384,0.0,0.2483816839112058,403.93829036472886,339.01740317461844,64.92088719011042,65.60198477140918,15.20262261339478,50.399362158014405,NB
frame_tSi_27.39_27.45,70.70406883074745,1.1999999999999993,-0.551374492167897,384.5038381353154,340.266719264912,44.23711887040344,3.403012047017498,1.7906226788520885,1.6123893681654096,NB
frame_majs_28.65_29.13,10.190409966374602,0.1999999999999993,2.2164812919607946,417.00030284873066,338.2405226877701,78.75978016096053,212.28266595099728,162.75456453090115,49.52810142009612,NB
frame_a_29.33_29.79,2.7364366144609,0.0,3.5577685522798856,416.97383795135255,337.82018889236,79.15364905899258,13.649988288962234,5.289165925503212,8.360822363459022,NB
frame_u_29.79_29.82,59.720945587567904,0.0,-0.4436405353400439,387.3592544892528,345.6494810517388,41.709773437514,0.4944519322520264,0.0597142685295821,0.4347376637224442,NB
frame_o~_29.82_29.85,173.30552116790557,0.0,-0.4926178302321101,386.3867917099374,344.34008442599924,42.04670728393819,22.34602437354505,13.627847915249106,8.718176458295943,NB
frame_me~j~_29.85_30.06,9.257689879028304,0.4600000000000008,-0.042573750776854,413.6935955121506,355.8656571643997,57.82793834775089,19.532377733755112,10.422572664608182,9.10980506914693,NB
frame_e~_30.52_31.08,3.4616850058500006,0.0,4.029698062663975,412.7627149802244,325.556463012253,87.20625196797133,90.7334096092795,61.95716055086203,28.77624905841748,NB
frame_ta~w~_31.08_31.18,72.68814531024657,0.3900000000000005,-0.8263338974327079,385.4399323065941,339.2032637500479,46.23666855654625,4.910086657675194,2.026927729159709,2.883158928515485,NB
frame_fraw_31.57_32.03,6.425811225907324,0.0,0.9783699747431156,419.0294029239468,341.14462632426523,77.88477659968163,9.860009292410354,4.893432197043779,4.966577095366574,NB
frame_da_32.03_32.18,401.7650522940512,0.6700000000000017,-0.1565653993730045,412.98049922842034,361.1272790266513,51.85322020176909,93.47276074701928,46.40235636265379,47.070404384365474,NB
frame_va~_32.85_32.96,56.185620270082936,0.0,-0.0972157526391952,408.23810903141214,358.6191857495064,49.61892328190572,74.9049020097108,49.22333154744861,25.681570462262187,NB
frame_mus_32.96_33.05,16.484172756787927,0.0,-0.4436405353400439,409.1033772962826,360.06913251514897,49.03424478113362,6.933046962379819,4.767149254079754,2.165897708300065,NB
frame_dZi_33.05_33.13,105.00973178222458,0.0,-0.4037075304723109,414.66289436514944,366.9990178348238,47.66387653032564,378.3360592942601,243.64867467191425,134.68738462234592,NB
frame_zeX_33.13_33.35,35.515226849197134,0.0,0.3465146259922119,408.2532212336568,351.3321253440836,56.92109588957322,5.228115555928298,2.504920274570594,2.723195281357704,NB
frame_a_33.35_33.38,20.28361030999048,0.0,-0.8787970010832928,391.8770649408266,349.8355574778579,42.041507462968696,10.710760582116336,1.6941301459428644,9.016630436173472,NB
frame_si~_33.38_33.62,25.313244544447684,0.6200000000000045,1.3236362349405648,411.4673984002066,352.11309652814924,59.35430187205736,21.35830646445504,9.595812485837255,11.762493978617783,NB
frame_a_34.24_35.07,46.922048598986606,0.5799999999999983,7.375278447034224,414.44125719011487,308.0253356248795,106.41592156523532,580.5798107535234,508.3783103757902,72.20150037773317,NB
frame_a_35.65_35.73,13.456829942274725,0.0,-0.3629172855759754,419.4437650196763,369.7996539196231,49.64411110005318,0.6227904339045693,0.2032365815775278,0.4195538523270414,TB
frame_i~_35.73_35.91,4.9295714836133016,0.0,0.9513635438635062,407.660636990022,354.89142640507714,52.76921058494486,19.741238758780568,11.360186936995689,8.38105182178488,NB
frame_te~_35.91_36.1,5.168906002569486,0.0,0.049977881346816,414.7800662292502,359.01578089923095,55.76428533001928,19.802821702059845,12.175998658767014,7.626823043292831,NB
frame_sa~w~_36.1_36.31,7.180229645842445,0.0,-0.243039381597877,411.7358734673862,353.8327859460926,57.90308752129357,21.991784965068177,15.764822961287765,6.226962003780415,NB
frame_da_36.31_36.48,11.044335235967964,0.0,0.1529624299313418,416.95859430000166,363.1016261389975,53.85696816100415,2.316355498307246,0.7477017882610824,1.5686537100461635,NB
frame_va_36.48_36.6,518.0879598642355,0.0,-0.2597413424744533,414.95658703948254,364.6151535628086,50.34143347667396,20.006669069450936,7.739569347235715,12.26709972221522,NB
frame_ka_36.6_36.68,511.7721884227402,0.0,-0.6724451148803952,397.9167551030904,353.03032686784707,44.88642823524327,2.667267472547451,0.8666630090588114,1.8006044634886391,NB
frame_poX_36.68_36.81,30.957897806476566,0.0,-0.5132957458297179,396.2424865775699,347.0890255473234,49.15346103024649,30.83194876216756,12.872665657773084,17.959283104394473,NB
frame_ki_36.81_36.89,233.97349014692563,0.0,-0.5513744921678708,409.99429583704097,362.44289368142506,47.551402155615904,541.8777543568481,287.44750245737305,254.43025189947505,NB
frame_e_36.89_36.93,19.441182699403186,0.0,-0.6348147948177097,404.9474656489514,361.0113573377786,43.93610831117286,0.1914959576539701,0.108278842725582,0.083217114928388,NB
frame_li_36.93_37.12,22.823424921402363,0.0,-0.3298740496246097,406.5349684416432,352.03665668234294,54.49831175930024,6.507967308081575,3.232536814197616,3.27543049388396,NB
frame_pre~_37.12_37.45,22.446319991882604,0.0,0.6978393062124085,416.1214102483974,348.512423202232,67.60898704616545,139.27733923565,107.06311092958006,32.21422830606994,NB
frame_dZi_37.45_37.62,12.372845650772264,0.0,0.1131268354620173,407.0027356227479,354.00923385050453,52.99350177224335,143.2899640729208,100.09375461682512,43.19620945609569,NB
frame_u_37.62_37.75,34.093876743229444,0.0,0.6470371927385266,400.6613914854889,350.51279883669054,50.14859264879834,4.765729154142463,3.092635371172392,1.6730937829700707,NB
frame_be_37.75_37.81,22.58503068341648,0.0,-0.732947736898681,409.4370011130669,364.6743955969439,44.76260551612296,5.460118633668003,1.415486718485468,4.044631915182535,NB
frame_ze_37.81_37.98,28.359048555002687,0.0,0.3465146259921422,412.0235397919217,358.9788246953867,53.04471509653496,272.7900445030322,230.52231870882392,42.26772579420832,NB
frame_Ru_37.98_38.18,72.99661112266094,0.2899999999999991,0.5379694199306152,402.19574783565616,346.8142583694934,55.38148946616275,275.1420000247587,187.123495643346,88.01850438141271,NB
frame_najs_38.47_38.74,7.36546754159373,0.0,0.049786486829893,412.298120044104,350.9726840097398,61.32543603436415,5.959342189165298,4.312244269969412,1.647097919195886,TB
frame_pa_38.74_38.95,0.5659559166663115,0.0,0.4624902592358349,416.6541267284092,360.8873681533902,55.76675857501903,10.763081366248144,6.72903280773734,4.034048558510804,NB
frame_tas_38.95_39.07,1.714256235046335,0.0,-0.7756210579817707,404.4150053367436,355.81257907924066,48.60242625750283,14.216990900664952,8.94071099680157,5.276279903863383,NB
frame_da_39.07_39.26,4.544730958223312,0.0,0.1529624299313418,414.5717608513283,360.76106507411214,53.81069577721616,4.714031528771471,3.4957018423837667,1.218329686387705,NB
frame_fre~_39.26_39.48,22.941612222901213,0.0,-0.1351253829005242,408.7813009205588,351.785109987109,56.99619093344978,37.91784056761436,26.801981767243905,11.11585880037046,NB
frame_tSi_39.48_39.54,10.831328574565788,0.0,-0.5513744921678708,392.3408727378969,347.71765724271927,44.62321549517765,35.61376447624251,19.291968627074368,16.32179584916814,NB
frame_e~_39.54_39.58,25.69856854887485,0.0,-0.7829868077661166,386.4517489938347,343.67931290486126,42.77243608897345,1.6330280131378458,1.1455822575688046,0.4874457555690412,NB
frame_ta~w~_39.58_39.74,13.5408221614028,1.2800000000000011,-0.243039381597877,394.5371273975216,344.210616753604,50.32651064391757,34.67912074372529,19.12754487164408,15.551575872081216,NB
frame_u_41.02_41.12,15.054421088103666,0.0,0.3198338743148701,411.1682804894862,363.17840806078334,47.98987242870288,8.562452547671725,3.9611961686818233,4.601256378989902,NB
frame_be_41.12_41.26,26.827567303072016,0.0,-0.0460171423317427,417.8308281796837,364.4665085184925,53.36431966119113,13.12229590438588,8.791244247299403,4.331051657086476,NB
frame_ze_41.26_41.36,19.361875303340128,0.0,-0.3404159685747263,409.3917257265242,358.920187412032,50.47153831449225,1.8526488455455592,0.8710615589984059,0.9815872865471532,NB
frame_Ru_41.36_41.52,14.61811161618698,0.0,-0.4436405353400439,414.6693796186969,359.6679335322888,55.00144608640807,11.31392101767645,5.994096414135868,5.319824603540582,NB
frame_fi_41.52_41.89,48.43523283972286,0.0,-0.1822070879290499,414.336797804112,343.18711524009893,71.149682564013,141.77305370644805,103.35832590688992,38.414727799558136,NB
frame_ka_41.89_42.0,33.78613087592993,0.0,-0.8787970010832928,416.5865377187669,365.4027253394481,51.1838123793188,139.8640781396827,100.16471246501376,39.69936567466896,NB
frame_a_42.0_42.04,20.26562529365731,0.0,-0.775621057981844,407.53489269807983,363.5711712574512,43.9637214406286,7.124374828245863,3.8006318234921537,3.323743004753709,NB
frame_li_42.04_42.23,18.70877662688372,0.0,-0.5513744921679232,413.76456560895855,356.74089535642736,57.02367025253119,370.9473145195391,325.85786023853905,45.089454281000044,NB
frame_a_42.23_42.36,28.219938339206763,0.0,0.1529624299314151,413.971841067968,362.27785235895976,51.69398870900824,2.399461610051546,0.7945790687912364,1.6048825412603094,NB
frame_ma_42.36_42.54,16.473110538299792,0.0,0.049786486829893,409.0816708441172,353.98873374853963,55.092937095577554,6.3889067829975374,4.209346899919822,2.179559883077715,NB
frame_Ra_42.54_42.76,26.195195263529985,0.0,0.4624902592357616,413.77090570041935,356.4579694453037,57.31293625511563,25.86027741835808,18.646191047766763,7.214086370591318,NB
frame_du_42.76_42.82,92.13272204848232,0.0,-0.4436405353400439,409.7355615129316,364.4502735066321,45.28528800629943,348.8476005075989,225.9418968659174,122.90570364168148,NB
frame_a_42.82_42.92,20.162898832705707,0.0,-0.1565653993730045,413.9684806877223,364.5667294010812,49.40175128664112,10.226129561622145,5.487918192098448,4.738211369523697,NB
frame_ma~j~_42.92_43.36,24.74773906992766,0.5499999999999972,0.0486078763194866,410.71186101609374,336.99976611803936,73.71209489805437,106.14721679049627,49.468675900389,56.67854089010728,NB
frame_i_43.91_44.09,1.9043735277422515,0.0,0.5561277205486969,411.6419738548058,356.8087616120135,54.83321224279234,18.75082376676789,5.129276978791779,13.621546787976117,NB
frame_e~_44.09_44.15,1.9301751561593503,0.0,-0.5978835435188421,406.41428014102326,360.5904672071168,45.82381293390642,2.9949299308962054,1.5056732287067405,1.489256702189465,NB
frame_kwa~_44.15_44.38,5.9548658128841225,0.0,0.777726021113103,414.1958206590276,357.64163518474106,56.55418547428656,13.889852230135515,9.483592600434775,4.406259629700742,NB
frame_tu_44.38_44.46,137.47893264006862,0.0,-0.4436405353400439,408.5214715112472,361.603603635971,46.91786787527627,1.1806806401831975,0.3670938426632233,0.8135867975199744,NB
frame_i_44.46_44.51,155.00543837427355,0.0,-0.4037075304723634,407.4367511024696,362.485757626936,44.950993475533664,27.549234247195727,10.37988173300772,17.169352514188006,NB
frame_su_44.51_44.6,7.03275213899127,0.0,-0.116437216916465,398.8555715457426,352.3963339781691,46.45923756757355,8.213904451116719,6.53017091863336,1.6837335324833589,NB
frame_u_44.6_44.78,9.43548285311229,0.0,1.192376056777773,415.5248319327632,358.41319718400734,57.11163474875582,41.70747054000128,28.247806498865657,13.459664041135625,NB
frame_o~_44.78_44.89,1.5272919764526875,0.0,0.8746479842896898,412.1758883535956,363.53157490796286,48.64431344563269,4.096225929059187,1.677852637118093,2.4183732919410943,TB
frame_me~j~_44.89_45.12,4.062512535686665,0.0,-0.2276770150241615,406.7311944088555,349.3461626625648,57.385031746290736,7.614895547149189,3.750066911726464,3.864828635422725,NB
frame_tSi_45.12_45.26,11.445810728566585,0.0,0.0392933546142636,413.5947724921015,360.9604768504565,52.63429564164494,0.9899731960727536,0.5945082962123251,0.3954648998604284,NB
frame_ra_45.26_45.32,19.99992075528175,0.0,-0.8787970010832928,407.8493714497639,360.834527996613,47.01484345315083,6.754458766948403,0.4429611571811449,6.311497609767258,NB
frame_u_45.32_45.37,12.78711166450202,0.0,-0.2255049897243763,412.529634947753,366.0536625410915,46.47597240666147,1.8258759024756728,1.396357199275286,0.4295187032003866,NB
frame_lej_45.37_45.63,27.8006649651241,0.0,0.2483816839112406,410.8283424112408,350.80782565861495,60.020516752625895,46.43327537123994,27.90203222095357,18.53124315028637,NB
frame_tSi_45.63_45.69,45.19928638857263,0.0,-0.5513744921678708,387.4867117328907,343.7945356182736,43.6921761146171,13.146910433259135,6.522378135534993,6.624532297724144,NB
frame_ki_45.69_45.76,187.65862307105127,1.1400000000000006,-0.5513744921678708,391.3851102160576,346.3122354940076,45.07287472204996,3.2462640086733927,2.259801149683028,0.9864628589903646,TB
frame_Za_46.9_47.15,3.7589088380326094,0.0,0.049786486829893,414.41893363965136,354.0593877365929,60.35954590305846,15.61533434888318,9.412014996509356,6.203319352373825,NB
frame_des_47.15_47.41,18.84487062808624,0.0,-0.3404159685747263,412.1737727788452,350.7965038347369,61.37726894410832,67.94903837496449,31.50395205816108,36.44508631680341,NB
frame_ew_47.41_47.75,27.70411821151441,1.4699999999999989,-0.5366818527366688,406.85789581334586,342.24482408574363,64.61307172760223,7.276515390198696,3.7623499262886497,3.5141654639100466,NB
frame_i_49.22_49.25,,2.4200000000000017,-0.5513744921678708,366.7110087211485,327.26218754611534,39.44882117503317,2.9824639474380774,0.5115997021853502,2.470864245252727,NB
frame_e_51.67_51.75,10.599957595416695,0.0,-0.242283026493755,411.9347459115787,364.41149429987183,47.523251611706826,5.180313545927191,1.1706594858800372,4.009654060047154,NB
frame_li_51.75_51.88,7.461059849903734,0.0,-0.2560405687768036,410.22974631759286,359.36354109403106,50.86620522356179,8.9440409515,4.359209541659936,4.584831409840064,NB
frame_na~w~_51.88_52.0,38.947498704924485,0.0600000000000022,-0.3888630105565588,396.43410675466487,348.2941093972855,48.13999735737934,78.88302948515243,30.181437656032287,48.70159182912016,NB
frame_ez_52.06_52.21,20.01717184334376,0.0,0.1502487418301997,417.554105686315,364.7060754138861,52.8480302724289,8.769593359969434,6.22296019221676,2.546633167752674,TB
frame_go_52.21_52.27,65.96962799039682,0.0,-0.5132957458297179,395.3676969296531,353.74570417563984,41.62199275401326,0.8831928070732431,0.2489302277323304,0.6342625793409127,NB
frame_ta_52.27_52.45,17.521455836155425,0.0,0.0497864868299663,408.78747241225375,355.04134284129987,53.74612957095388,7.709236811949097,4.7658550607279295,2.9433817512211675,NB
frame_to_52.45_52.62,13.375053079157697,0.0,1.384343072086224,409.19120742716575,355.8119389884889,53.379268438676775,13.15318713047388,8.68475947318558,4.468427657288302,NB
frame_du_52.62_52.69,10.889898339936636,0.0,-0.4436405353400439,405.1864237837255,360.6220745648558,44.56434921886972,6.876578325206836,5.0397328549408655,1.8368454702659704,NB
frame_u_52.69_52.72,19.357473077747105,0.0,-0.4436405353400439,389.0478005693719,346.1818932658268,42.8659073035451,11.57763041956703,2.7262162488438406,8.851414170723189,NB
frame_lej_52.72_52.85,24.362726304818736,0.0,-0.6348147948177097,406.3395771236197,355.5044339773452,50.8351431462745,10.352253863407654,6.262132280721048,4.090121582686606,NB
frame_tSi_52.85_52.96,21.30688897900509,1.3800000000000026,-0.1822070879290499,391.2141428052083,346.42813420800053,44.78600859720774,139.8508766996878,95.22911850080868,44.62175819887912,NB
frame_a_54.34_54.52,528.90558289794,0.0,0.6688421454387325,416.664124981276,360.165553628593,56.49857135268297,39.39170180256178,24.599049388215803,14.79265241434598,NB
frame_a_54.52_54.71,47.01772777440834,0.0,0.7720180885401814,412.52951891930365,358.8927667908073,53.63675212849631,71.36578348147512,20.46407472392984,50.90170875754527,NB
frame_tE_54.71_54.85,11.341239889695316,0.0,-0.3563792364381527,416.6754484678473,363.634754370503,53.04069409734433,6.175396042628051,3.3831724288388045,2.792223613789247,NB
frame_u_54.85_55.01,1.2293409693229762,0.0,0.974240511162028,409.4425434733712,356.1170390342671,53.32550443910412,18.28156650586851,7.309795659448383,10.971770846420128,NB
frame_za_55.01_55.07,3.447876533769658,0.0,-0.8787970010832928,392.4220609931712,350.6477411039623,41.774319889208925,7.589653251634161,4.222456282960081,3.3671969686740795,NB
frame_zi_55.07_55.15,10.447760782058026,0.2899999999999991,-0.5513744921678708,406.0489175719665,359.8562161613325,46.192701410634015,7.697672307823609,2.6890006011858247,5.008671706637784,NB
frame_mez_55.44_55.61,8.075244617611546,0.0,0.0521157997492284,411.0735273619511,357.65512719208425,53.41840016986686,6.33762549801267,1.4547571869813964,4.882868311031274,NB
frame_mu_55.61_55.68,13.502221294657131,0.0,-0.4436405353400439,406.0163255300771,359.0712314316329,46.9450940984442,0.7429441857379118,0.1920833564980739,0.5508608292398378,NB
frame_e_55.68_55.75,9.962877349909846,0.0,-0.3404159685747263,404.0042761905228,357.8680313950388,46.136244795484,1.2707929203770902,0.4859277871413781,0.7848651332357122,NB
frame_si_55.75_55.94,7.486519713017444,0.0,-0.1822070879290499,410.54334572011936,354.2456024120782,56.29774330804116,18.057269892794334,4.667907144109904,13.389362748684434,NB
frame_vER_55.94_56.18,6.950860053058179,0.0,0.0227476108364991,413.1681611121311,353.80645988991256,59.36170122221853,20.45821083251566,13.950073825237553,6.508137007278108,TB
frame_bu_56.18_56.42,8.08223021742063,0.0,1.519579375201352,408.0290537729456,348.03765586593425,59.99139790701139,13.407685840050933,10.458396578273993,2.94928926177694,NB
frame_ez_56.42_56.56,1.5391981451375472,0.0,0.0521157997492284,415.0333983351034,363.1103428779375,51.923055457166015,6.37628515145002,3.430477807822456,2.945807343627564,NB
frame_go_56.56_56.62,2.095032461456753,0.0,-0.5132957458298865,393.25780838756833,350.5571845710566,42.70062381651172,2.031136658173424,0.3946771370858641,1.6364595210875592,NB
frame_taX_56.62_57.07,32.73953462757002,0.6300000000000026,0.5656662023372837,408.018361927034,333.7060479367434,74.31231399029059,81.74591311689358,49.11052693038568,32.63538618650791,NB
frame_kEX_57.7_57.82,7.908365053866746,0.0,-0.811331453167778,403.9917058613991,354.9329388168387,49.0587670445604,5.386676335037279,2.9552244992398897,2.431451835797389,NB
frame_dZi_57.82_58.56,0.2440215929499203,0.0,4.469302205480377,414.2218475240714,309.81182080813755,104.41002671593384,38.33178003261504,20.07500275374099,18.25677727887405,NB
frame_zeX_58.56_58.65,1.6783880187909972,0.0,-0.7329477368987507,404.67926749342274,356.6332837471824,48.04598374624038,6.748737539296243,3.38968120567003,3.3590563336262136,NB
frame_na~w~_58.65_58.8,0.5767928019121342,0.2700000000000031,-0.3888630105565588,414.0015903256663,361.68384633585646,52.3177439898098,13.86881408716188,7.737859547872361,6.130954539289519,NB
frame_na~w~_59.07_59.26,12.638519425570706,0.0,-0.3888630105565588,413.8535162494585,357.3988925698476,56.4546236796109,21.90471684032866,7.76998712741468,14.13472971291398,NB
frame_ez_59.26_59.34,0.5084600440364966,0.0,-0.732947736898681,406.34080289399753,359.4822967751937,46.85850611880386,12.044244981558036,5.057695519248483,6.986549462309554,NB
frame_go_59.34_59.4,13.42721795580914,0.0,-0.5132957458297179,399.0734680297752,354.31949870648634,44.75396932328886,1.7029587312312913,1.1818848009026937,0.5210739303285976,NB
frame_na~w~_59.4_59.65,32.40193426133041,0.0,-0.8263338974327079,408.56232023401856,347.89491255675944,60.66740767725912,184.0444713713813,133.27593573979024,50.76853563159108,NB
frame_ez_59.65_59.71,5.257369173708597,0.0,-0.732947736898681,403.423555456242,357.0088083219572,46.41474713428477,2.885516595716652,0.986065634018516,1.899450961698136,NB
frame_go_59.71_59.83,22.312172214215963,0.0,0.1983188108886339,417.0289461551678,365.6019996796615,51.42694647550633,16.849254588264472,5.684813837175369,11.164440751089105,NB
frame_u_59.83_59.95,20.873196053501488,0.0,0.5379694199306928,407.80559788667387,357.80904466374795,49.99655322292591,12.581783406290924,6.448313796698187,6.133469609592737,NB
frame_na~w~_59.95_60.09,4.526154211551173,0.0,-0.8263338974327079,401.76654165833,351.1236774280645,50.642864230265445,15.394561026648432,9.07100158668085,6.323559439967582,NB
frame_ez_60.09_60.22,13.458724969662017,0.0,-0.0460171423318125,412.655428236326,361.54869407745264,51.10673415887334,12.333861718874942,5.807058497026006,6.526803221848937,NB
frame_go_60.22_60.29,306.3874526502194,0.0,-0.5132957458297179,392.3058567419109,350.66340156004645,41.64245518186448,11.644573101609351,5.851597290583356,5.792975811025997,NB
frame_taX_60.29_60.55,25.649308905751383,0.0,0.6688421454387325,412.2025440412723,352.4079306313124,59.794613409959936,39.18501404463028,34.2861776022597,4.89883644237058,NB
frame_to_60.55_60.67,21.33601285317711,0.0,-0.0388860413506481,408.0615412321124,361.26481875206906,46.79672248004334,7.225225086577609,3.771788264634381,3.453436821943228,NB
frame_du_60.67_60.73,22.80211234579879,0.0,-0.4436405353401214,404.6185334630175,359.23524953953984,45.38328392347768,1.238173835652617,0.7679249663030561,0.470248869349561,NB
frame_u_60.73_60.77,209.1713108607972,0.0,-0.3345727625321326,400.1444929746505,357.3927203277774,42.75177264687312,4.190955832430348,1.8339459090595935,2.3570099233707538,NB
frame_lej_60.77_61.0,6.756554791264307,0.0,-0.3404159685747263,411.0738787944222,352.97629795513933,58.0975808392829,32.32737729197892,10.831261338519056,21.496115953459864,NB
frame_tSi_61.0_61.07,10.969704324240013,0.6199999999999974,-0.4775410113201171,389.65281551535566,345.8378597349023,43.814955780453374,16.386796561803777,5.445641750981281,10.941154810822496,NB
frame_sig_61.69_61.86,5.333735161477051,0.0,-0.2560405687768036,414.2786878688828,359.5697389092626,54.70894895962016,7.301131687667564,3.090320357586137,4.210811330081427,NB
frame_ni_61.86_62.1,6.691059968366446,0.0,0.7776281630919579,409.2148507842796,349.86967054279745,59.345180241482126,4.551496992377111,1.9938126211972644,2.557684371179846,NB
frame_fi_62.1_62.26,3.953886536009648,0.0,0.1131268354620173,410.52321586952553,358.4391996110244,52.08401625850115,16.018281993328813,8.459996019225557,7.558285974103256,NB
frame_ka_62.26_62.44,0.9891134224100142,0.0,0.3593143161343128,409.84587787805657,357.1682992730952,52.67757860496141,14.99371358126109,9.270455044604972,5.723258536656118,NB
frame_ki_62.44_62.61,0.3920968314582609,0.0,-0.2560405687768036,413.5187649875255,358.89628567197474,54.62247931555078,11.091248398873958,7.481264968254663,3.609983430619295,NB
frame_E_62.61_62.64,317.44020865064124,0.0,-0.811331453167778,398.9738226048604,356.2361308104768,42.73769179438352,25.703900752661525,14.84052690985152,10.863373842810006,NB
frame_E_62.64_62.8,14.568606916411568,0.3900000000000005,0.1743983497463383,410.8243747293265,357.665463961187,53.15891076813944,8.312250153526108,3.8901895274985065,4.422060626027601,NB
frame_tSi_63.19_63.35,2.3327145619445417,0.0,0.1869603163098234,408.06020795980834,357.32504177852314,50.7351661812852,7.047605146351415,3.779209514585205,3.268395631766211,NB
frame_ra_63.35_63.64,13.388309128235065,0.0,0.3593143161343128,416.00052197329353,351.34866512568414,64.6518568476094,31.80713215329733,18.459251099546435,13.347881053750896,NB
frame_du_63.64_63.7,20.999107653965567,0.0,-0.4436405353400439,400.81605715124766,357.9806626832318,42.83539446801586,11.34256841050204,6.379433487350639,4.963134923151401,NB
frame_u_63.7_63.73,23.523957974590573,0.0,-0.4436405353401214,380.6176217475936,339.14353672727333,41.47408502032022,8.377880606866015,6.0912082602308,2.286672346635214,NB
frame_lej_63.73_63.9,7.771103356352071,0.0,-0.1441500844127837,410.5082794538856,357.20614047203213,53.30213898185349,22.35568510911746,5.646469679254011,16.70921542986345,NB
frame_tSi_63.9_63.98,6.914737186064158,0.0,-0.4775410113201171,389.0821296091144,343.8379216049465,45.244208004167945,15.773093633065985,5.986707523488832,9.786386109577151,NB
frame_majs_63.98_64.21,20.401342060131967,0.0,-0.1565653993730778,412.15410236948367,353.1166999344606,59.03740243502307,19.68921930534583,9.131032648763636,10.558186656582194,NB
frame_si_64.21_64.37,126.83564703323135,0.0,0.0392933546142636,407.7136501099526,355.9366788076419,51.7769713023107,38.3265464251663,20.068591319643215,18.25795510552308,NB
frame_dej_64.37_64.61,5.367387305771956,0.0,0.2483816839111709,413.0198687026767,353.3515261583863,59.66834254429034,5.184528578714094,2.446826596377747,2.737701982336347,NB
frame_Sa_64.61_64.8,29.24201979715072,0.0,-0.4660932286774976,403.6828857116036,348.87082884497386,54.81205686662969,2.199175183221314,1.3492771648024302,0.8498980184188838,NB
frame_u~_64.8_65.05,13.458683770205,0.0,1.5070212811907906,400.22705943945766,341.60025375837165,58.62680568108601,6.237789102949208,2.3538429355923114,3.883946167356896,NB
frame_pow_65.05_65.38,21.46684353293294,0.0,3.044777037762884,414.7447653051211,349.27796242238225,65.46680288273888,5.786701303746838,1.5190424201383053,4.267658883608533,NB
frame_ku_65.38_65.56,252.34683283171623,1.0,-0.0073694441085537,386.6406766507919,334.7128938468064,51.92778280398545,8.661462307185786,5.452989323086513,3.2084729840992736,NB
frame_u_66.56_66.62,7.317272494907087,0.0,-0.116437216916465,389.6640782918688,345.4411358574524,44.222942434416325,5.927754773749257,3.8243965568076135,2.103358216941644,NB
frame_ki_66.62_66.81,13.455240677240909,0.0,0.1131268354620697,416.1801685413945,358.8074583148349,57.372710226559605,18.29783346153729,13.40196107886132,4.895872382675975,NB
frame_u_66.81_67.16,6.97503525042724,0.8700000000000045,3.046528194511258,408.1637472911319,339.3461851629791,68.81756212815276,21.99931721643115,13.190789285760856,8.808527930670294,NB
frame_u_68.03_68.12,8.029693364391576,0.0,0.2107661015071138,402.33592379103936,356.462608092032,45.87331569900738,7.007720555017315,3.5801791036045643,3.4275414514127505,NB
frame_su_68.12_68.25,2.082185953734012,0.0,0.1016983286992025,409.9536287784458,359.45634884306816,50.49727993537766,23.72290745800717,15.136093149500256,8.586814308506916,NB
frame_Zej_68.25_68.4,4.148757585044137,0.0,-0.242283026493755,414.3198666755651,361.6658145254228,52.65405215014232,13.502217961420186,3.663374271542892,9.838843689877294,NB
frame_tu_68.4_68.46,5.839119995411068,0.0,-0.4436405353401989,395.24533629179206,352.4650277432093,42.78030854858275,0.3451104395905133,0.2298568739207667,0.1152535656697466,NB
frame_ki_68.46_68.52,3.950445932220049,0.0,-0.5513744921678708,390.9691181364991,346.54653628249685,44.4225818540022,1.4464939765211966,0.6881814845588963,0.7583124919623003,NB
frame_tSi_68.52_68.65,2.9295304164631943,0.0,-0.0345401262334376,406.1823815211399,356.9002416109794,49.28213991016048,9.562082936728755,3.7337711744258257,5.828311762302931,NB
frame_ra_68.65_68.75,5.380170754658991,0.0,-0.8787970010832928,415.3120234959317,363.9684947835386,51.343528712393095,6.3531143113929005,4.532218000816243,1.820896310576657,NB
frame_u_68.75_68.78,13.424977659156356,0.0,-0.4436405353400439,389.28891033107885,348.1587505370445,41.13015979403434,3.188855996779239,2.6080132282704227,0.5808427685088162,NB
frame_lej_68.78_69.0,8.611985057775016,0.0,-0.732947736898681,410.414869598386,352.84015221014806,57.57471738823796,19.817529870805146,10.576343366463632,9.241186504341512,NB
frame_tSi_69.0_69.09,17.32264467307992,0.0,-0.3298740496245573,399.2428199390572,352.77965069070245,46.463169248354745,49.14749711630138,32.84914775460537,16.298349361696012,NB
frame_sa_69.09_69.15,6.657560088146852,0.0,-0.8787970010832928,391.3693271322515,348.18006169112687,43.18926544112463,2.2806941672830874,1.2712095845196243,1.0094845827634629,NB
frame_bi_69.15_69.21,222.837915030204,0.0,-0.5513744921679757,387.8580823875942,346.6846827879392,41.173399599655,17.57838856570322,10.37840375479766,7.199984810905562,NB
frame_poX_69.21_69.49,5.903424509903942,0.2100000000000079,0.6727285153677036,414.48658278674304,353.4380865043621,61.04849628238094,17.618596387352113,14.756175867171493,2.8624205201806205,TB
frame_es_69.7_69.79,1.140163224082471,0.0,-0.732947736898681,389.3897657115781,343.98264309014496,45.40712262143313,9.466545849466115,3.79337211845953,5.673173731006585,NB
frame_pe_69.79_69.93,4.7182071421843546,0.0,-0.144150084412714,412.12562067375103,359.93895502389654,52.18666564985449,15.563000679586509,10.290758503458392,5.272242176128117,NB
frame_ri_69.93_70.06,12.482132138503433,0.0,-0.0345401262334376,410.46953126675663,358.9760035489855,51.49352771777114,16.58163628379883,8.117150252210166,8.464486031588663,NB
frame_e~_70.06_70.16,37.82890220578399,0.0,-0.2276770150242272,404.6235197019412,356.5618506963584,48.061669005582814,7.90594033226526,4.495108364627441,3.4108319676378187,NB
frame_sia_70.16_70.5,68.88858640388911,0.980000000000004,-0.4775410113200646,395.04560734649726,329.35012059239216,65.69548675410505,49.121961682692856,31.12158339996469,18.000378282728164,NB
frame_i_71.48_71.52,12.38966631211258,0.0,-0.4775410113201696,412.1381639558492,366.07556605064445,46.06259790520471,0.1840884633138841,0.1268988805655624,0.0571895827483217,NB
frame_e_71.52_71.56,127.42600990035166,0.0,-0.63481479481764,411.24289760794784,366.4637710429406,44.77912656500729,0.3972682263909632,0.2851847643908058,0.1120834620001574,NB
frame_li_71.56_71.68,135.34062569728238,0.0,-0.4037075304722585,408.54361291621706,358.72232540030086,49.8212875159162,25.05971086791413,17.076883929795486,7.982826938118649,NB
frame_dej_71.68_71.86,1.7642288223862863,0.0,-0.144150084412714,413.4452509228159,359.5512623596448,53.89398856317109,20.016774901241035,8.565701545398753,11.451073355842285,NB
frame_Sa_71.86_71.98,0.5300475498333697,0.0,-0.7756210579817707,407.59109878501226,358.85472836263546,48.73637042237687,9.36111714029255,5.689416378607206,3.671700761685344,NB
frame_u~_71.98_72.08,108.01905347076833,0.0,-0.0427523767714144,401.0069806341957,353.4133721540703,47.5936084801254,5.764506248762046,3.4214168559762186,2.343089392785828,TB
frame_pow_72.08_72.3,5.954648717277507,0.0,1.384343072086224,414.58583196903385,356.6556273373436,57.93020463169029,10.381348682958304,4.269611993321433,6.111736689636871,NB
frame_ku_72.3_72.38,7.872618437618769,0.0,-0.2255049897243763,388.9817765394453,345.6960839384647,43.28569260098061,6.23318406951816,4.019726441262861,2.2134576282552985,NB
frame_pa_72.38_72.47,10.5808235392617,0.0,-0.569269171778873,417.30773897484505,368.8169572584181,48.49078171642691,13.442775059835668,9.38853974068394,4.054235319151729,NB
frame_ra_72.47_72.58,10.104653673261764,0.0,-0.4660932286774976,408.2019438370799,360.17749053841527,48.02445329866458,5.334529187071013,2.780078715777961,2.554450471293052,NB
frame_u_72.58_72.61,11.096071813488235,0.0,-0.4436405353400439,382.5895744986781,342.50591721194104,40.08365728673709,1.1115070500304114,0.719339961243179,0.3921670887872324,NB
frame_be_72.61_72.67,15.066728262619849,0.0,-0.732947736898681,401.2149436353564,356.6340575473253,44.58088608803104,4.269238120132513,2.0615140429099483,2.207724077222565,NB
frame_ze_72.67_72.73,15.275593298164466,0.0,-0.732947736898681,402.0597446935078,356.129640184146,45.9301045093618,1.289826320804366,1.013977410437434,0.2758489103669319,NB
frame_Ru_72.73_73.19,42.79055642200689,0.8599999999999994,3.2646637401270806,409.6433945038786,334.0205274223283,75.62286708155028,63.20733634914444,28.18421917142382,35.02311717772062,NB
frame_ki_74.05_74.14,18.149641818037736,0.0,-0.5513744921678708,414.5978655286328,364.17201220896953,50.42585331966325,4.253842861323733,2.058140618412196,2.195702242911537,NB
frame_e~_74.14_74.2,20.5301131398042,0.0,-0.5978835435187764,405.713057448251,361.8054230572503,43.90763439100067,6.077778074871347,2.186863111598143,3.890914963273204,NB
frame_ta~w~_74.2_74.36,3.6650707493641903,0.0,-0.0972157526391952,415.0187220481864,361.4508366866405,53.56788536154591,11.580934527351417,8.367335625133052,3.213598902218365,NB
frame_vaj_74.36_74.53,7.308974809017627,0.0,-0.2597413424745999,413.7374370935839,360.2658538581068,53.47158323547711,15.156707327953654,6.401074640208378,8.755632687745276,NB
frame_ma_74.53_74.72,9.290356240848467,0.0,0.3593143161343861,413.0015045577176,356.8146644435607,56.186840114156894,19.217871909989896,7.713457757678356,11.50441415231154,NB
frame_maX_74.72_75.35,5.128652355758817,0.0,0.0497864868299663,414.0300318224277,324.5622635229955,89.46776829943212,34.34001561399107,16.48473571847586,17.85527989551521,NB
frame_de_75.35_75.56,3.046219010492166,0.0,0.0521157997492284,409.5885211854847,352.5922274558445,56.99629372964017,14.90216081473767,8.073675647465649,6.828485167272021,NB
frame_pojs_75.56_75.76,18.807262726109656,0.0,0.4355236631280845,413.9087243412787,358.0579248653108,55.850799475967904,32.83448183092281,20.182689187128204,12.651792643794607,NB
frame_ki_75.76_75.82,17.991358422241433,0.0,-0.5513744921679757,399.26309914242734,353.6013919911496,45.66170715127771,5.522117510573793,2.433189061277517,3.088928449296276,NB
frame_foj_75.82_75.91,18.857017101762068,0.2800000000000011,-0.5132957458297179,394.7766387947112,348.30109266628523,46.47554612842595,4.268703651966064,2.445385027640441,1.8233186243256227,TB
frame_tSi_76.19_76.25,14.860700919407634,0.0,-0.5513744921678708,410.9921386295478,365.4941594610974,45.4979791684504,6.031451915491857,3.942499229480177,2.0889526860116803,NB
frame_ra_76.25_76.45,14.149827321827658,0.0,0.4624902592357616,408.76487194819936,354.75155502076035,54.01331692743901,18.293211719042404,11.27637351826013,7.016838200782274,NB
frame_du_76.45_76.51,64.86772013579285,0.0,-0.4436405353400439,399.598232203062,355.2212088919281,44.37702331113394,16.90183889004932,11.78885183688392,5.112987053165398,NB
frame_u_76.51_76.54,10.00081663734548,0.0,-0.4436405353400439,393.7070288554427,349.5268335124967,44.18019534294598,3.5491913509885507,1.3987045181117566,2.150486832876794,NB
frame_lej_76.54_76.71,21.42199088259902,0.0,-0.4385489106556975,405.9820876420315,352.2875515241472,53.6945361178843,8.334205649779307,5.984294552737907,2.3499110970413994,NB
frame_tSi_76.71_76.78,53.47541235205256,0.0,-0.4775410113200646,389.1275561189874,345.7289230716284,43.39863304735894,6.100886643584829,3.2964498367855697,2.8044368067992598,NB
frame_kEX_76.78_77.0,84.40056791660712,1.8599999999999997,-0.811331453167778,393.149640847636,337.35423521756,55.79540563007595,618.7956382426264,461.78065778855193,157.01498045407453,NB
frame_dZi_78.86_78.98,30.73253851145398,0.0,-0.4775410113200646,409.2066298483876,359.8980559493735,49.30857389901411,57.98650045106352,22.892262101856478,35.094238349207046,NB
frame_zeX_78.98_79.17,2.376123855170974,0.0,-0.242283026493755,414.2231032559092,356.73950705983543,57.48359619607385,14.288538765278131,10.620559633503332,3.6679791317748,NB
frame_e_79.17_79.24,109.7857903441976,0.0,-0.340415968574796,414.2052679184551,366.86159984380447,47.34366807465062,243.75164904014508,145.13850458106322,98.61314445908188,NB
frame_li_79.24_79.36,11.280987378377418,0.0,-0.5513744921678708,393.22894126040825,344.234216628564,48.99472463184429,3.682268646829627,1.150807868577118,2.5314607782525087,NB
frame_E_79.36_79.39,76.51036291850296,0.0,-0.811331453167778,380.3400536324783,338.09432695578624,42.245726676692016,3.232686296045017,2.0822198471793456,1.1504664488656715,NB
frame_u_79.39_79.45,5.455626184720984,0.0,-0.116437216916465,404.1739175111359,359.32124274414,44.852674766995904,8.868695713512139,5.736263081666962,3.1324326318451767,NB
frame_tSi_79.45_79.53,0.4106359089503115,0.0,-0.4775410113200646,410.3357508887739,361.55874309304886,48.77700779572507,4.545718456581497,2.1360344794529595,2.409683977128537,NB
frame_li_79.53_79.68,57.43301645812086,0.0,-0.5513744921678708,408.9169754591419,356.0527859045795,52.864189554562415,200.59590001891004,133.74176259075986,66.85413742815018,NB
frame_za_79.68_79.82,9.666076797137634,0.0,-0.0533894562715557,412.724753911493,361.7913304240018,50.933423487491154,4.666294815422319,3.664980261654378,1.0013145537679409,NB
frame_du_79.82_79.9,10.48374456776554,0.0,-0.2255049897242213,399.5525213632097,354.03966892503684,45.5128524381729,8.118208139638327,3.2402484513271474,4.877959688311179,NB
frame_nu_79.9_80.01,4.755106393475103,0.0,0.1016983286992025,403.2471017534985,355.4806018996724,47.76649985382608,4.931644227117332,1.7995722879568206,3.132071939160511,NB
frame_ko_80.01_80.19,0.0436299204424699,0.0,1.6215479243258433,414.34077658202256,358.74147675239846,55.5992998296241,8.32730733565299,5.901241712773739,2.42606562287925,NB
frame_me_80.19_80.31,17.367955443992244,0.0,-0.242283026493755,410.5242785700421,360.3381061486527,50.186172421389415,6.88855633597791,2.111290522876089,4.77726581310182,NB
frame_su_80.31_80.55,21.9450475647124,0.0,1.3014438295856068,397.732746904507,339.7869995501254,57.94574735438158,11.986394822246185,6.8627532481050935,5.1236415741410894,NB
frame_ko~_80.55_80.63,20.00100103472577,0.0,-0.3217096034170369,412.2150271302245,363.6654897810093,48.54953734921514,10.480058324473248,5.761789809277133,4.718268515196115,NB
frame_mu_80.63_80.72,7.473337631370967,0.0,-0.116437216916465,406.7670057814026,358.8974828111141,47.86952297028853,3.5516361072775027,1.6874231480525026,1.864212959225,NB
frame_u~_80.72_80.79,0.5999464920210045,0.0,-0.3527071083637086,409.5594520051535,362.09147535407175,47.46797665108176,7.872195249049056,4.741398268961518,3.1307969800875384,NB
frame_ma_80.79_80.85,4.753062106483455,0.0,-0.8787970010832928,396.29076654937535,351.5313760411601,44.75939050821523,5.739514996442878,1.7137018384000982,4.02581315804278,NB
frame_es_80.85_80.91,0.8438267072560279,0.0,-0.732947736898681,395.17305109810906,350.69683915262067,44.47621194548839,1.7522745271209743,0.746227893739217,1.0060466333817573,NB
frame_pE_80.91_81.11,8.162149860849667,0.0,0.1743983497463383,412.59811967133794,356.51925499177975,56.078864679558194,8.042614472797212,3.7711066200995305,4.271507852697681,NB
frame_si_81.11_81.18,105.75014326938324,0.0,-0.4775410113200646,388.43585781052985,347.0868436600747,41.34901415045516,1.3889694264672985,0.6154359492388721,0.7735334772284261,NB
frame_dZi_81.18_81.29,4.93800546540956,0.3599999999999994,-0.182207087928945,399.897328905961,352.79798927362884,47.09933963233215,5.6244663340566206,2.8673387981807394,2.757127535875881,NB
frame_Sa_81.65_81.78,12.417983449682184,0.0,-0.3629172855759754,412.2189292072404,361.25324676167565,50.96568244556471,8.927343339984048,6.704084540498599,2.22325879948545,NB
frame_ma_81.78_81.98,15.775943759654352,0.0,0.256138373032864,411.2921701860529,355.0046550258468,56.28751516020611,11.372020650912232,8.432479400227564,2.9395412506846696,NB
frame_ris_81.98_82.23,20.54353689192285,0.0,-0.1822070879290499,406.1452890846315,347.97423534377185,58.171053740859634,19.654547412055397,8.2302969631466,11.424250448908792,NB
frame_ku_82.23_82.32,20.731159793673317,1.0900000000000034,-0.4436405353401989,383.8487627541396,338.74786372848786,45.10089902565176,69.73827481170115,50.5807324225661,19.157542389135045,NB
frame_de_83.41_83.56,11.304150637607025,0.0,-0.242283026493755,408.74139853870105,356.79400325289544,51.94739528580561,135.4331738649119,81.57669511289461,53.85647875201731,NB
frame_pojs_83.56_83.76,27.145733396237205,0.0,0.6727285153680408,413.69967156907,358.9345205163928,54.76515105267714,3.612195253370288,1.390757942472476,2.2214373108978123,NB
frame_si_83.76_83.82,27.69767828426332,0.220000000000013,-0.5513744921679757,398.0867453127969,354.4921531858791,43.5945921269178,1.431394719506983,0.4760159828481818,0.9553787366588012,NB
frame_tSi_84.04_84.1,5.967816650232038,0.0,-0.5513744921678708,412.9654108822231,367.5779898265555,45.38742105566752,3.599092506733058,3.083920489608317,0.5151720171247405,NB
frame_ra_84.1_84.18,3.939539843661066,0.0,-0.6724451148802486,413.83581439889406,365.8033362367979,48.03247816209608,4.1330937880722445,1.830222192383971,2.302871595688273,NB
frame_a_84.18_84.21,5.078697139757196,0.0,-0.8787970010834394,391.5847157951699,347.8608443059039,43.723871489266,7.353962563444213,4.171222844797455,3.182739718646758,NB
frame_maj_84.21_84.41,1.0407532600515026,0.0,-0.3629172855759754,413.5278483946379,356.4677649493111,57.06008344532677,8.317392285348078,4.331266454273703,3.986125831074375,NB
frame_OX_84.41_84.62,6.099172641210245,0.0,1.8205597915774216,413.339895188029,358.5312031484879,54.808692039541086,4.081786206901398,2.335523305174476,1.7462629017269222,NB
frame_paX_84.62_84.89,13.290620418708087,0.0,0.7720180885401814,404.6785215270911,347.77668889077245,56.9018326363186,7.448415213846772,5.523318814993104,1.925096398853668,NB
frame_tSi_84.89_84.95,6.012136879052363,0.0,-0.5513744921678708,390.4457480977208,348.6469666899212,41.79878140779954,5.075410164294752,2.562296223057473,2.513113941237279,NB
frame_du_84.95_85.03,2.519929224334461,0.0,-0.3345727625321326,412.02957148281735,363.5702694882884,48.45930199452897,3.813214176909668,1.7212281903037194,2.0919859866059483,NB
frame_lej_85.03_85.26,20.368278047715837,0.0,-0.144150084412714,412.4330061038428,353.3544021772854,59.07860392655738,53.160704254433966,31.68433800523292,21.47636624920105,NB
frame_tSi_85.26_85.33,37.33882375228005,0.7600000000000051,-0.4775410113201696,391.8008747274873,346.0626357177049,45.738239009782376,3.1662527244823053,1.4692256047062529,1.6970271197760525,NB
frame_i_86.09_86.14,1.0774861666258886,0.0,-0.4037075304723634,411.4746403568786,365.3701027070597,46.104537649818894,2.362182215917457,1.979980939759613,0.3822012761578435,NB
frame_si_86.14_86.2,0.588092172765613,0.0,-0.5513744921678708,403.5556802302096,358.6167338554915,44.938946374718114,0.1220123074065071,0.0702046807067091,0.0518076266997979,NB
frame_dej_86.2_86.34,2.815347302230876,0.0,-0.5366818527367385,415.471132187638,363.0294688074954,52.441663380142586,2.540723019212976,1.0110076742423644,1.5297153449706116,NB
frame_Sa_86.34_86.41,1.9237910202119508,0.0,-0.8787970010832928,392.445552565498,348.44855639943296,43.99699616606506,2.96042250885867,1.944181047767259,1.0162414610914112,NB
frame_u~_86.41_86.53,2.0988382169319664,0.0,0.1638841109569774,406.5278485410532,357.8754659858231,48.65238255523013,6.733842358454467,4.056634808292188,2.6772075501622794,NB
frame_Res_86.53_86.76,6.887937123989701,0.0,0.0521157997492284,407.4279907019654,348.9095827534305,58.5184079485349,20.75844559280944,12.242792516238822,8.515653076570615,NB
frame_tSi~_86.76_87.02,3.208862952091309,0.0,0.951363543863418,408.159189760344,346.2206482873145,61.938541473029545,9.832187583417069,5.284642006969733,4.547545576447334,NB
frame_Ju_87.02_87.12,5.998588480862409,0.0,-0.0073694441085537,385.3237247738739,339.28221395161404,46.04151082225985,3.663114083047532,2.241659759207181,1.4214543238403508,NB
frame_pa_87.12_87.18,18.71422061199129,0.0,-0.8787970010832928,400.6172599727574,353.9074375568348,46.70982241592259,0.1369738444306847,0.0413218607598651,0.0956519836708196,NB
frame_ra_87.18_87.24,19.40932626544412,0.5300000000000011,-0.8787970010832928,388.7286584930642,344.87734114289924,43.85131735016495,5.17793184189901,3.623563136280964,1.554368705618046,NB
frame_e_87.77_87.84,0.5365728127376883,0.0,-0.3404159685746565,414.5351725136943,367.3247296870034,47.21044282669084,3.0457544112207278,1.685035571761091,1.3607188394596363,NB
frame_li_87.84_87.95,0.3514645736354396,0.5900000000000034,-0.1822070879290499,408.4030221800446,360.2343750867248,48.168647093319805,3.8320345195633214,1.1296582431018862,2.702376276461436,TB
frame_ma_88.54_88.65,52.13045718012076,0.0,-0.3629172855758288,407.4552932469944,358.89952462701785,48.55576861997662,12.263860459788788,7.720605143966409,4.543255315822378,NB
frame_maX_88.65_88.93,66.5566104260228,1.0799999999999983,-0.7756210579817707,399.81117516411183,341.9297518297403,57.88142333437151,51.0754901429131,18.1199740627216,32.9555160801915,NB
frame_i_90.01_90.09,14.825194015316384,0.0,-0.1822070879290499,404.0607697771097,357.2754821754439,46.78528760166574,7.451216197166417,3.873736596129902,3.577479601036515,NB
frame_a_90.09_90.23,10.063616185692212,0.0,0.256138373032864,405.5202935519362,353.43825160358733,52.08204194834883,2.605734517031351,1.3881105966971743,1.2176239203341763,NB
frame_va_90.23_90.42,27.6631296537943,0.0,0.4624902592357616,406.878264328036,351.64547870486933,55.23278562316671,9.156175237134931,4.782876978598011,4.37329825853692,NB
frame_ka_90.42_90.48,21.136534209650307,0.0,-0.8787970010832928,392.2139010791548,350.18551923575427,42.02838184340055,7.080932201234077,3.2598172970303096,3.821114904203768,NB
frame_e~_90.48_90.53,25.646532062880794,0.0,-0.6904351756424794,390.20947360809095,346.9459682006649,43.26350540742607,10.062701057810472,2.8003978330508232,7.262303224759648,NB
frame_kwa~_90.53_90.68,35.975043845413126,0.0,-0.0972157526389879,405.5514522840647,352.910917632004,52.64053465206075,18.12626129038938,10.766530830975682,7.359730459413697,NB
frame_tu_90.68_90.74,28.74542889151917,0.0,-0.4436405353400439,397.81916262558633,354.41290323224166,43.40625939334467,2.328599918841519,1.427635717208091,0.9009642016334284,NB
frame_es_90.74_90.8,25.84118898253581,0.0,-0.732947736898681,385.257900535337,343.79069548221923,41.467205053117766,6.618086117112256,3.65124688348044,2.9668392336318163,NB
frame_ta_90.8_91.0,2.856238660791377,0.0,0.3593143161343861,399.6834783074236,345.7598577315374,53.92362057588616,15.751157825337884,10.570559205680553,5.180598619657332,NB
frame_tSi_91.0_91.07,0.0042569857637317,0.0,-0.4775410113201696,398.5463384763172,352.1721847674161,46.37415370890102,16.352594446747275,10.68221554199053,5.670378904756745,NB
frame_ra~_91.07_91.18,4.031397920657696,0.0,-0.0972157526389879,401.2396998865116,353.9339185444697,47.30578134204188,5.738758204746091,2.416310402130648,3.322447802615443,NB
frame_du_91.18_91.24,9.268716459910875,0.0,-0.4436405353400439,401.467031830348,355.7445504863361,45.72248134401184,2.6428189793416266,1.489949508766898,1.1528694705747284,NB
frame_u_91.24_91.27,11.221997188357165,0.0,-0.4436405353400439,383.07515512629175,341.61729482266173,41.457860303630014,2.6487495718802734,1.6987313102160897,0.9500182616641836,NB
frame_lej_91.27_91.5,3.9514294024750423,0.0,0.5427805101541544,400.5749025158498,343.272927139555,57.30197537629482,12.098509575884322,3.99997732163402,8.098532254250301,NB
frame_tSi_91.5_91.56,6.025883511286253,0.0,-0.5513744921678708,393.9877832464503,350.3610981681466,43.626685078303694,21.40607794833045,9.238177339116447,12.167900609214,NB
frame_E_91.56_91.59,2.988970120075379,0.0,-0.811331453167778,388.3742307425986,346.3623741156886,42.01185662691,6.175590296254683,1.9926829776137824,4.1829073186409005,NB
frame_la_91.59_91.83,12.7093725564323,0.0,0.256138373032864,401.94247587722754,343.354570735309,58.58790514191856,6.381323927797098,2.1491752143884355,4.232148713408662,NB
frame_es_91.83_91.89,13.86418401223213,0.0,-0.732947736898681,379.5285609858473,338.4546803871801,41.073880598667245,9.465181119691067,5.148814967087816,4.316366152603251,NB
frame_ta_91.89_92.12,15.49280534258486,0.0,0.0497864868299663,398.93570645338593,341.19073732239804,57.7449691309879,13.435760729570916,9.26688669540033,4.168874034170585,NB
frame_ma~_92.12_92.6,2.2540087122454224,0.0,3.985845858204725,403.1337148793334,325.3733546767554,77.760360202578,36.91930613037584,15.211849599854103,21.70745653052174,NB
frame_sa_92.6_92.66,9.921503255751986,0.0,-0.8787970010832928,379.37534718430425,338.22391411784054,41.15143306646371,1.4576879108413152,0.9300528227128382,0.527635088128477,NB
frame_na~w~_92.66_92.97,102.42402618363948,0.0,-0.8263338974327079,393.224803331468,329.16840782299164,64.05639550847638,7.096905784917084,2.057011252845413,5.039894532071671,NB
frame_pre_92.97_93.08,12.245957754240068,0.0,-0.6348147948177795,395.9268399648721,349.37107361343334,46.55576635143876,7.395932070247682,4.155057640968437,3.240874429279245,NB
frame_si_93.08_93.15,11.728357771099638,0.0,-0.4775410113200646,385.4577176817636,341.57503923275704,43.88267844900656,6.347875212354779,3.60913095144943,2.7387442609053494,NB
frame_za_93.15_93.22,16.270396933590064,0.0,-0.7756210579819173,398.8367109087562,352.4715125031488,46.36519840560743,20.84288461295378,17.225791236122376,3.6170933768314057,NB
frame_fa_93.22_93.29,21.3490569671084,0.0,-0.7756210579817707,393.99766079899626,348.84783283590616,45.1498279630901,3.447591156168869,1.9227885895072347,1.5248025666616345,NB
frame_zeX_93.29_93.43,18.916377125127667,0.0,-0.2422830264936155,399.018774125724,348.1953615148124,50.823412610911646,7.018280844025753,2.5662860987396527,4.4519947452861,NB
frame_na_93.43_93.63,19.886067496880717,0.0,0.0497864868298197,397.0303003246774,342.5269261387742,54.503374185903226,8.115939708105572,4.689699872876361,3.426239835229211,NB
frame_da_93.63_93.83,125.73533540141064,0.0,0.5656662023372837,392.2631962655419,338.95666175948617,53.30653450605576,1.5978485610329614,0.5128847232061702,1.0849638378267912,TB
frame_ko~_93.83_94.11,32.04048273816068,0.0,3.2673631597029003,400.5673826922003,338.01448325239704,62.55289943980324,110.63084493130434,41.62681562047183,69.00402931083251,NB
frame_E_94.11_94.21,18.734422458049835,0.0,-0.280553866983287,401.6166364635232,353.4765887738349,48.14004768968829,5.754252455808569,3.5045924266557904,2.2496600291527784,NB
frame_la_94.21_94.36,27.837526235199675,0.0,-0.7756210579817707,398.27808952052175,346.5636791897376,51.714410330784176,7.941120452893045,3.513296862109172,4.427823590783873,NB
frame_ow_94.36_94.72,15.941953800057604,0.2100000000000079,2.8075721855232647,395.2940427400805,328.0155652697964,67.27847747028403,36.25739609737249,24.25991759612043,11.99747850125206,NB
frame_na~w~_94.93_95.3,0.0852674665772923,1.0100000000000051,-0.2430393815977734,390.52149342621686,322.75304543909346,67.76844798712341,1.3264360012692435,0.4984886458345983,0.8279473554346453,NB
frame_pre_96.31_96.44,25.26208939651019,0.0,-0.732947736898681,413.6021413788322,360.3510309563059,53.25111042252627,20.77181901549332,12.989488042531804,7.782330972961517,NB
frame_si_96.44_96.5,30.94569134604859,0.0,-0.5513744921678708,407.96071257761486,363.694197875382,44.26651470223288,2.587684620529416,1.9470831293396031,0.6406014911898126,NB
frame_za_96.5_96.6,21.904409057767168,0.0,-0.4660932286774976,401.2979806371405,353.9783283329741,47.319652304166425,16.920129660805316,9.468150114687802,7.451979546117514,NB
frame_a_96.6_97.04,0.6395705470263238,0.0,3.351416666077061,414.603936446791,339.48304644029565,75.12089000649536,53.60009822361789,28.93618762845142,24.66391059516647,NB
frame_ma_97.04_97.17,10.069193207610994,0.0,-0.2597413424744533,415.62530193104016,363.5475780537229,52.07772387731728,4.1092923590573776,2.2256252869457,1.8836670721116773,NB
frame_RaX_97.17_97.41,4.672359517123795,0.0,-0.4660932286774976,414.9065214148462,354.5817825567332,60.32473885811305,20.584813583296125,13.88266572408338,6.702147859212744,NB
frame_ajs_97.41_97.5,0.8624267285782707,0.0,-0.8787970010832928,389.6363967190062,345.31754693287974,44.318849786126464,6.051532116327309,2.339263389395427,3.7122687269318817,NB
frame_pa_97.5_97.66,5.564916529000612,0.0,0.1529624299313418,416.0000508739523,363.41002286881377,52.59002800513855,17.633999733307036,13.26828383500208,4.365715898304956,TB
frame_tas_97.66_97.8,5.26017906193951,0.0,-0.6724451148803952,410.69346789930887,359.47179821036707,51.2216696889418,25.57402285658486,19.58956565000309,5.984457206581766,NB
frame_dZi_97.8_97.93,1.7806595910584804,0.0,-0.182207087928945,403.08404865586107,353.3357293028474,49.74831935301364,5.8170231661552805,1.6873776485415988,4.129645517613682,NB
frame_trajs_97.93_98.23,31.466685101557857,1.289999999999992,0.256138373032864,412.0774499391706,348.03031026040946,64.04713967876114,22.48523364275478,12.910736453830124,9.574497188924653,NB
frame_i_99.52_100.5,4.9710661925431765,0.2300000000000039,6.462806188370146,410.85267177857867,290.495921363958,120.35675041462063,85.98236561516413,68.06810021658285,17.91426539858128,NB
frame_pre_100.73_101.21,20.06185388019604,0.0,1.9166416992880309,417.13024789140087,336.1396603210889,80.99058757031196,35.71032183530993,19.90135204473397,15.808969790575958,NB
frame_si_101.21_101.27,37.42501139964902,0.0,-0.5513744921678708,399.90995561000864,354.9632229102225,44.9467326997862,1.684669477197886,0.3782669977914281,1.306402479406458,NB
frame_za_101.27_101.33,92.41581848843296,0.0,-0.8787970010832928,389.0421832335722,345.83632146361856,43.20586176995363,0.0378570907983331,0.0281769474965472,0.0096801433017859,NB
frame_ta~_101.33_101.51,14.04441502990423,0.0,0.1944315052783756,410.7627812317458,357.29122763447714,53.47155359726867,14.661244608815466,8.264402544248071,6.3968420645673945,NB
frame_be~j~_101.51_101.77,14.676527393800257,0.0,0.0499778813467503,411.1159172953457,350.2599725065676,60.85594478877812,5.200798478624876,2.943491378900518,2.2573070997243576,NB
frame_pre~_101.77_102.05,18.28804956778457,0.0,0.3276327777177279,412.2671755432725,348.27404809938423,63.99312744388823,20.46069515174777,9.062835848035562,11.39785930371221,TB
frame_deX_102.05_102.5,17.168556180529805,0.0,2.309173467611916,410.7373708619732,334.708655564734,76.02871529723927,281.9717659766832,225.9124615986234,56.05930437805979,NB
frame_u_102.5_102.62,28.89253210384197,0.0,0.5379694199306928,397.6626007847188,352.0365410827374,45.626059701981376,7.005237826438787,5.010024869575844,1.995212956862943,NB
frame_Ra_102.62_103.13,9.969458512317658,0.0,3.351416666076915,416.5910236261924,335.4359560866601,81.15506753953224,104.84072101127776,79.20992476645606,25.63079624482171,NB
frame_bu_103.13_103.19,188.27979236025303,0.480000000000004,-0.4436405353400439,377.6956871613117,337.5175763012923,40.17811086001933,18.07467469512028,2.690105679640226,15.384569015480054,NB
frame_na~w~_103.67_103.88,58.873065897507786,0.0,-0.6805102684739225,415.9131259395863,359.6357636008072,56.27736233877914,106.64309532825304,53.0341634548146,53.60893187343845,NB
frame_ki_103.88_104.01,26.594269558231048,0.0,-0.5513744921678708,416.4300889149067,363.9304054195851,52.49968349532162,42.67824933654359,24.136962408865344,18.541286927678243,NB
frame_se_104.01_104.07,1.728786171030663,0.0,-0.7329477368988204,402.2421844361713,356.4412330877995,45.80095134837183,1.311771973716276,0.5429892210624985,0.7687827526537774,NB
frame_Za_104.07_104.13,1.018053967590987,0.0,-0.8787970010832928,410.23427181192994,365.7943155135039,44.43995629842601,10.96215351839129,6.62958508622151,4.332568432169779,NB
frame_o_104.13_104.18,22.79382999579795,0.0,-0.0388860413504796,398.9571018731298,354.6134936785702,44.34360819455958,16.10885634308167,9.890894059411238,6.217962283670431,NB
frame_bri_104.18_104.3,27.39263979011189,0.0,-0.4037075304723634,409.31729936296864,360.3008883240855,49.01641103888312,16.54503965544656,7.963645191135114,8.581394464311444,NB
frame_ga_104.3_104.54,35.21314403942735,0.0,0.5656662023372837,414.89586658893694,356.2694011433628,58.62646544557418,16.104186611417703,7.0928514044195765,9.011335206998126,NB
frame_tO_104.54_104.7,38.56890655376236,0.0,0.7425967570907391,414.22358359379103,361.1769719153936,53.04661167839748,17.585593317255956,10.446523367142518,7.139069950113438,NB
frame_riu_104.7_104.89,95.4659859045486,0.0,-0.3298740496245573,398.78836684164855,343.6391379397794,55.14922890186915,502.2187823043447,302.8752693435999,199.3435129607448,NB
frame_pre~_104.89_105.05,25.45395269043246,0.0,-0.2276770150242272,417.0125638196474,363.1979369322111,53.81462688743631,52.32203296301236,30.181732512835964,22.1403004501764,NB
frame_deX_105.05_105.25,33.558821989288106,0.0,0.0521157997492284,413.8222975344016,357.560619689803,56.26167784459864,17.122897679782895,9.439039115978062,7.683858563804833,NB
frame_u_105.25_105.28,277.78977129001385,0.0,-0.4436405353400439,388.4791623699525,346.82513200613755,41.65403036381497,1.2197423737848112,0.5928540461013654,0.6268883276834458,NB
frame_Ra_105.28_105.53,240.778553229672,0.0,1.081545917844601,410.2716031041368,350.0163161640797,60.25528694005709,614.9068423925726,270.6774779178738,344.2293644746988,NB
frame_bu_105.53_105.59,23.94813955329556,0.5799999999999983,-0.4436405353400439,383.86062204138216,342.5402487190164,41.32037332236576,272.7514539735222,154.5333248625516,118.21812911097057,NB
frame_majs_106.17_106.35,14.129650080902934,0.0,-0.3629172855759754,416.8082379865091,361.6376431816592,55.17059480484989,6.269459376536332,4.187985028618215,2.081474347918117,NB
frame_si_106.35_106.44,184.30309049103911,0.0,-0.5513744921678708,415.9211394087458,366.6583449742168,49.2627944345291,339.22553973432844,142.004841925515,197.22069780881344,NB
frame_E_106.44_106.5,65.18395050528083,0.0,-0.5838553448029654,412.71675224351577,368.23193593950737,44.484816304008405,0.5263541151844322,0.4157118245942399,0.1106422905901922,NB
frame_la_106.5_106.81,5.065945139881563,0.0,-0.8787970010832928,405.621862084176,340.88369087404806,64.73817121012792,35.325229122016495,20.04258371718205,15.28264540483444,NB
frame_si_106.81_106.88,7.151268437847733,0.0,-0.5513744921678708,409.7660526958451,362.1665004424256,47.59955225341952,217.1648224232943,149.37467595528852,67.79014646800579,NB
frame_u_106.88_106.97,8.388107516696465,0.0,0.2107661015071138,410.6911808875186,362.9427440001661,47.74843688735257,3.5432145019839254,1.3462489159915378,2.196965585992388,NB
frame_Ra_106.97_107.17,9.59808224740408,0.0,0.4624902592357616,415.84453573399503,360.27107029549506,55.573465438499966,24.093823498588648,16.92952425172217,7.164299246866477,NB
frame_bu_107.17_107.23,1.261732609649698,0.0,-0.4436405353400439,393.1676742728504,350.8331825746822,42.334491698168165,3.296452706566328,1.5084451426650958,1.7880075639012318,NB
frame_fi_107.23_107.39,7.952731108840396,0.0,-0.1083736070812437,407.7187380473864,354.30653032765923,53.41220771972718,10.515753161536791,4.892938921196162,5.622814240340631,NB
frame_kaX_107.39_107.89,40.88637895960875,0.0,1.2878978040474989,417.4936685151053,332.92823940342004,84.56542911168526,458.49482758727663,374.81056313607735,83.6842644511993,NB
frame_sOw_107.89_108.17,10.358654661245993,0.0,2.359541308820763,409.6841341137641,351.710317748742,57.97381636502212,22.08373036597399,6.431991957180912,15.65173840879308,NB
frame_tu_108.17_108.49,86.17324336428081,0.1200000000000045,2.3921215576641,398.9152886330468,336.51974374721976,62.39554488582701,11.297526009569069,6.904918421148032,4.392607588421036,NB
frame_E_108.61_108.67,2.1027544276593204,0.0,-0.5838553448029654,419.0824395928711,371.20078516570254,47.881654427168485,1.839520310816681,0.9796087314027916,0.8599115794138896,NB
frame_la_108.67_108.79,104.18472042039978,0.0,-0.3629172855758288,414.8012813079831,365.9956563710152,48.80562493696789,398.2774866337964,292.90955009393883,105.36793653985757,NB
frame_ko_108.79_108.85,1.511167120545636,0.0,-0.5132957458297179,402.51387157252856,356.136337982835,46.37753358969354,6.066471546619383,2.018291451244096,4.048180095375287,NB
frame_me_108.85_109.0,8.931627535173632,0.0,-0.242283026493755,413.1838465473017,360.5886514261784,52.59519512112325,20.28261835756274,11.240483776257634,9.042134581305106,NB
frame_sa_109.0_109.09,8.420303311726698,0.0,-0.569269171778873,394.0643474394538,349.7357901045462,44.3285573349076,0.5657875492898938,0.3051054696128403,0.2606820796770535,NB
frame_a_109.09_109.21,12.813139873130057,0.0,0.0497864868298197,412.3892982387965,364.7036295613799,47.68566867741663,14.164297385671604,10.389815801251956,3.774481584419647,NB
frame_ba_109.21_109.35,1.757724299583728,0.0,-0.1565653993730778,417.2717411896241,365.710082403094,51.56165878653013,11.547131485327242,5.176581004014679,6.370550481312563,NB
frame_naX_109.35_109.61,31.735012500909605,0.0,0.256138373032864,411.4876679983431,349.5113074273455,61.9763605709976,58.29959234007745,17.86365619085315,40.435936149224304,NB
frame_u_109.61_109.64,26.65057489833296,0.0,-0.4436405353400439,378.0259551444626,338.0034966431245,40.02245850133818,0.4638070065279862,0.3292295952855966,0.1345774112423896,NB
frame_Ra_109.64_109.83,10.202034239223494,0.0,0.3593143161342395,413.205079770324,358.2882613571117,54.91681841321224,17.471318206132736,12.707775808563696,4.76354239756904,NB
frame_bu_109.83_109.9,12.277970509275804,0.7999999999999972,-0.3345727625321326,396.0317225939864,351.5871747619724,44.44454783201405,25.949183052825617,17.736176973797754,8.213006079027863,TB
frame_i_110.7_110.83,0.6158994629690113,0.0,0.1869603163097709,417.256788147071,365.1309957472014,52.12579239986962,7.199921123249226,4.00794509893565,3.1919760243135755,NB
frame_a_110.83_110.94,4.418929654994656,0.0,-0.0533894562715557,404.0631979869253,360.3422256145727,43.72097237235266,2.5870633758047745,1.151231981793046,1.4358313940117284,NB
frame_tra_110.94_111.17,18.691498681436684,0.0,0.4624902592357616,412.3548333684713,354.1379870940242,58.21684627444711,13.758916537914333,9.914706564183518,3.8442099737308126,NB
frame_pa_111.17_111.36,16.88130062172536,0.0,0.4624902592357616,414.2676303437043,358.80193298028365,55.465697363420645,16.960564406235548,10.986527495689586,5.974036910545962,NB
frame_La_111.36_111.49,47.63559683871087,0.75,-0.8787970010832928,403.9395212899463,353.3924767783292,50.54704451161712,41.85266581701124,23.00210851480847,18.850557302202773,TB
frame_uu~_112.24_112.72,2.066942632970409,1.0700000000000074,-0.2255049897242213,399.79326271115406,322.16905615790154,77.62420655325252,71.74730016668906,34.09888357664963,37.64841659003943,NB
frame_e_113.79_113.92,22.661190471764314,0.0,0.2483816839111709,412.073877678356,361.5361780096041,50.53769966875189,4.015213132367904,2.242887765028655,1.7723253673392492,NB
frame_si_113.92_113.99,3.786240189038182,0.0,-0.4775410113201696,409.56850511045263,364.53507533984,45.033429770612656,4.061086283071887,2.6831666885918253,1.377919594480062,NB
frame_lej_113.99_114.28,11.954694837625112,0.0,-0.3404159685746565,411.110383011102,346.9328578954057,64.17752511569631,44.38355161289528,15.697470423640084,28.68608118925519,NB
frame_tSi_114.28_114.36,5.876855320630455,0.2999999999999971,-0.4037075304723634,404.3228666845076,359.7280138536956,44.59485283081199,37.63842077864487,18.05178289093479,19.586637887710083,TB
frame_E_114.66_114.69,40.81123099402646,0.0,-0.811331453167778,367.5418052991228,328.7279604543673,38.813844844755465,5.708589766492963,4.56596126097736,1.142628505515603,NB
frame_pos_114.69_114.97,74.18725368484158,0.0,3.5191867422417853,407.598213170852,347.47594216811945,60.12227100273253,17.710062792109028,8.749793441186796,8.960269350922232,NB
frame_tu_114.97_115.4,12.001895426122417,0.0,3.59186705855066,405.6028489333344,331.499518684888,74.10333024844641,96.66442276510747,72.16321236293021,24.501210402177264,NB
frame_o~_115.4_115.46,1.070572526473967,0.0,0.0201068502133523,395.0600091958416,349.7050493601919,45.35495983564971,22.69229614989507,16.986211782179424,5.706084367715647,NB
frame_dZi_115.46_115.59,7.18891412600729,0.0,-0.0345401262334376,395.6416955685473,346.92616703549464,48.71552853305269,4.3036080708989175,1.4693241641500947,2.834283906748823,NB
frame_te~j~_115.59_115.91,20.208400957165598,0.0,-0.1351253829005242,407.69579670513866,340.0088948985481,67.68690180659058,55.2962080513324,31.570908979620413,23.725299071711987,NB
frame_u~_115.91_116.02,142.60601372652349,0.0,0.0605658670927814,399.3985124501722,352.0708021836007,47.32771026657156,306.8055240808377,143.0737788233332,163.73174525750449,NB
frame_E_116.02_116.13,9.340117756482698,0.0,-0.2047284975283135,404.1816896337679,356.3483375459807,47.833352087787205,4.56191705002189,2.3159676938501264,2.245949356171764,NB
frame_te~j~_116.13_116.77,8.595133464591584,0.0,3.566939902045624,405.3955183650044,313.4210539377111,91.9744644272932,48.89393427577167,35.73970835152687,13.154225924244798,NB
frame_u~_116.77_116.8,6.822586145957558,0.0,-0.7659800838203457,374.0664942122141,334.28205152800774,39.7844426842064,4.772643215849371,3.192079717080901,1.5805634987684698,NB
frame_u~_116.8_116.83,5.760986184589967,0.0,-0.7659800838203457,379.1736353522491,339.0758248436404,40.097810508608745,2.9205251305194797,1.5732693633346173,1.347255767184862,NB
frame_ma_116.83_116.9,6.764153384778211,0.0,-0.8787970010832928,398.158298862525,353.69914773017945,44.45915113234565,2.76859980681391,1.8347638654447,0.9338359413692104,NB
frame_va_116.9_117.05,39.21990721981075,0.0,-0.0533894562715557,417.0818848261701,363.6248318120429,53.45705301412716,67.41017660728899,45.7921384181376,21.61803818915139,NB
frame_zi_117.05_117.14,75.14475069016945,0.0,-0.3298740496245573,403.1766301255431,357.18172777228983,45.99490235325322,3.2880647371650724,1.8571980852161545,1.430866651948918,TB
frame_La_117.14_117.2,21.18301485861369,0.0,-0.8787970010832928,397.7840715878008,353.34788451319747,44.43618707460331,3.450179525979138,1.278985612944041,2.171193913035097,NB
frame_es_117.2_117.26,20.343482875853766,0.0,-0.732947736898681,401.23719163047497,355.1538782629992,46.08331336747574,1.450733308933792,1.005680917729677,0.4450523912041149,NB
frame_pe_117.26_117.32,4.496831990502841,0.0,-0.7329477368988204,399.515737507894,355.82073155339015,43.69500595450381,8.381653996305687,6.005752761667964,2.3759012346377237,NB
frame_si_117.32_117.38,1.0704939837349912,0.0,-0.5513744921678708,395.37011706098485,349.9507313522223,45.41938570876261,5.010077488311055,2.473406332867484,2.536671155443571,NB
frame_aw_117.38_117.51,15.34243102297532,0.0,-0.3629172855759754,391.4800262306909,341.009301802115,50.47072442857592,6.723549956590546,4.623521531655911,2.100028424934635,NB
frame_ow_117.51_117.68,2.25499566321065,0.0,-0.5132957458297179,397.0416163341482,345.08899417587725,51.95262215827097,12.202483777047064,2.3756534938619325,9.826830283185132,NB
frame_na~w~_117.68_117.99,21.329269640582368,0.0,1.215196907989252,405.7386007866475,339.9749435063221,65.76365728032539,57.2376501475496,26.79817571540579,30.43947443214381,NB
frame_bo~_117.99_118.05,93.43374170193935,0.0,-0.4926178302321101,392.9327200226928,349.7110956847387,43.22162433795404,1.8506148452548672,0.9949570852441384,0.8556577600107289,NB
frame_u_118.05_118.08,109.8907626811586,0.0,-0.4436405353400439,382.75617164477967,340.18481475047923,42.57135689430044,62.83190524866038,26.499310099182424,36.33259514947795,NB
frame_u_118.08_118.7,38.76272745284905,0.0,5.991358060323468,414.7120267943703,321.0470824359889,93.66494435838136,183.62665815712097,162.89085833249845,20.735799824622504,NB
frame_a_118.7_118.73,59.2010853850686,0.0,-0.8787970010832928,394.8414711047861,351.6358947870267,43.20557631775944,0.1987129850793536,0.0985451382584869,0.1001678468208666,NB
frame_me_118.73_119.0,66.20356507476191,0.0,1.3278440468020638,402.4043989841669,342.0231289840844,60.38127000008245,7.653321896224526,4.777256002778003,2.876065893446522,NB
frame_dZi_119.0_119.11,111.71467742500003,0.0,-0.1822070879290499,394.07988656003016,346.65081363139524,47.42907292863492,8.904998888329636,2.851289032972808,6.0537098553568285,NB
frame_da_119.11_119.18,40.40916094184175,0.289999999999992,-0.7756210579817707,381.6118651070777,337.42732809723884,44.184537009838834,89.77981067151458,61.51610022696818,28.263710444546405,NB
frame_ki_119.47_119.73,4.348312756010188,0.0,0.9252951247875176,414.0444068346229,350.273236076494,63.7711707581289,274.3993035598123,203.80702350028105,70.59228005953128,NB
frame_u_119.73_119.78,5.080129778485727,0.0,-0.2255049897243763,409.47966160257226,364.21641954920767,45.26324205336459,0.1175515658683536,0.0767308130997292,0.0408207527686244,NB
frame_su_119.78_119.86,0.5524269554681496,0.0,-0.2255049897243763,397.81681147189215,350.5116435823392,47.30516788955299,9.269535900402929,4.462008526020185,4.807527374382744,NB
frame_Zej_119.86_120.01,29.834380063368258,0.0,-0.4385489106556975,413.7434556859424,361.9297616312082,51.813694054734185,7.150363192044466,4.348581345624439,2.8017818464200275,NB
frame_tu_120.01_120.07,25.727456080943934,0.0,-0.4436405353401989,393.6508114478843,350.16172357985766,43.489087868026616,1.3030509586200196,0.6037041954227789,0.6993467631972408,NB
frame_vaj_120.07_120.19,9.552686073323317,0.0,-0.8787970010832928,407.8565620144785,357.0358989184937,50.820663095984855,38.03114014683979,20.0786461934905,17.95249395334929,NB
frame_tSi_120.19_120.34,14.386687144780495,0.0,0.1131268354620697,410.4166555685415,359.55454683482856,50.862108733712944,5.656627181080253,3.0352362651303797,2.621390915949874,NB
frame_ra~_120.34_120.51,29.608457953436652,0.0,0.3402551342369538,413.4814070035384,360.61234315603,52.86906384750847,52.18328090434416,8.865311508680946,43.31796939566321,NB
frame_du_120.51_120.6,27.113034078876552,0.0,-0.11643721691662,392.4293669494471,347.2030842256344,45.22628272381263,0.3706724492755029,0.1349514536865541,0.2357209955889487,NB
frame_u_120.6_120.64,19.26121510683643,0.0,-0.3345727625321326,397.3787330973289,353.7113241016776,43.66740899565133,10.38340074655379,5.050891559085628,5.332509187468162,NB
frame_lej_120.64_120.79,29.08654076250976,0.0,-0.144150084412714,411.9037221925892,358.3227236261795,53.58099856640973,12.173779889752725,6.712634849537764,5.461145040214959,NB
frame_tSi_120.79_120.99,16.03765742974099,0.0,0.4822942397008906,415.26802088999466,357.06741611413645,58.20060477585815,34.58820763486101,19.56576452550445,15.022443109356558,NB
frame_e_120.99_121.03,5.209283218039218,0.0,-0.63481479481764,403.69158554249816,359.0858795887059,44.60570595379227,0.1988999060064884,0.1406201502543922,0.0582797557520962,NB
frame_li_121.03_121.11,4.150150924176586,0.0,-0.5513744921678708,393.7309960265893,349.8778257659744,43.85317026061489,2.4792538333432503,1.27899584655151,1.2002579867917404,NB
frame_ko_121.11_121.17,15.26586348355329,0.0,-0.5132957458297179,407.5994940653919,362.3850002624085,45.21449380298338,58.47296300332438,28.735039998067464,29.73792300525692,NB
frame_lo_121.17_121.32,6.560209090315254,0.0,-0.513295745830055,406.21087386285296,354.9769858170944,51.23388804575865,3.935655240932277,2.5935179571962124,1.342137283736065,NB
frame_ka_121.32_121.39,1.2885288693234145,0.2800000000000011,-0.7756210579817707,410.48186540864174,366.2862992255916,44.195566183050175,11.713516207933196,8.028702285285277,3.684813922647919,TB
frame_nu~_121.67_121.9,5.361580467703092,0.0,0.5771570864136144,406.5150027744447,347.4414971644819,59.07350560996281,10.494242581167017,5.288687397912753,5.205555183254262,NB
frame_baw_121.9_122.15,31.039826172383428,0.0,0.4624902592357616,415.256830826889,354.18785985686543,61.06897097002354,8.757653061128309,3.6014502600429523,5.156202801085357,NB
frame_dZi_122.15_122.21,57.89411399103912,1.0800000000000125,-0.5513744921679757,390.7640352027986,346.6037903913672,44.16024481143143,27.93523068357657,17.140858288839482,10.794372394737088,NB
frame_ki_123.29_123.6,0.1101218165543116,0.0,0.8514616439397116,414.3182200743333,347.49497978683183,66.8232402875015,24.9514918809097,18.110609581156567,6.840882299753133,NB
frame_na~w~_123.6_123.87,7.086720140719862,0.0,0.4860787631957393,413.3558892462887,349.5046981713814,63.85119107490726,16.384679697698303,6.364959301000567,10.019720396697736,NB
frame_E_123.87_123.9,2.129912060229586,0.0,-0.811331453167778,387.454317532906,345.47026430780056,41.98405322510541,2.3502492114384665,1.649708065617972,0.7005411458204946,NB
frame_u~_123.9_124.04,108.89910793884157,0.0,0.3705205986852225,402.4606386041133,351.56281763296914,50.89782097114414,18.30323107798617,8.169570847585192,10.133660230400976,NB
frame_E_124.04_124.07,6.54946118968401,0.0,-0.8113314531678858,373.99973331975184,333.8001154436708,40.19961787608105,6.359468461520322,3.9823645834839,2.377103878036422,NB
frame_u~_124.07_124.39,15.73100131989105,0.0,2.2302489882398686,411.5107080000468,345.1995227360573,66.3111852639895,57.10365587930007,8.752361347975622,48.35129453132445,NB
frame_baw_124.39_124.76,1.4485021281921178,0.0,0.7720180885401814,414.4725121932262,343.7756393820989,70.69687281112726,9.76260791580414,4.53253599896729,5.230071916836849,NB
frame_dZi_124.76_125.47,16.357107977927555,0.3200000000000074,4.24780176293701,405.85242280046486,308.76380628094904,97.0886165195158,27.44908373468546,11.297797755295347,16.15128597939011,NB
frame_na~w~_125.79_126.06,3.599275522678681,0.0,0.1944315052781684,415.6129119989541,351.8901529575887,63.72275904136535,44.03836070973833,33.46540806830683,10.5729526414315,NB
frame_muj~_126.06_126.21,0.3796948987209276,0.0,-0.3345727625321326,409.5011040793581,356.8779461037912,52.623157975566926,4.830993825506226,3.4134335242524543,1.417560301253772,NB
frame_tu_126.21_126.32,1.1791188044966532,0.0,-0.11643721691662,404.2052470148084,356.9532950177859,47.2519519970225,11.373117332772196,7.714005790898881,3.6591115418733153,NB
frame_gra~_126.32_126.55,12.316553816534537,0.0,-0.5346866395153443,416.6429373088525,356.5017321323504,60.14120517650207,22.096584733395247,9.128938837830518,12.96764589556473,NB
frame_dZi_126.55_126.67,29.890389813884127,0.0,-0.1083736070812437,404.918451700901,355.2761371715437,49.64231452935729,3.308395593376844,2.438826722207139,0.8695688711697045,NB
frame_va~_126.67_126.85,62.29952226064992,0.0,0.6319023921543175,398.171587476644,343.9871951878863,54.18439228875769,8.024156076832497,4.948148221937146,3.076007854895352,NB
frame_mus_126.85_127.11,20.52208037758254,0.0,1.0833082839699393,407.8468179470265,346.1634676303374,61.68335031668914,7.029039534914446,3.553209916037233,3.475829618877213,NB
frame_dZi_127.11_127.51,16.427675205163595,0.0,1.885130375808473,411.18874698309526,338.0187871379169,73.16995984517837,10.03209550642687,3.9379550555170937,6.0941404509097765,NB
frame_zeX_127.51_128.12,29.176268809914788,0.9000000000000057,0.8371793363971379,401.0678387619981,315.01626709925904,86.05157166273904,16.06376573889058,9.871749878155724,6.192015860734855,NB
frame_dZi_129.02_129.11,388.9374197591335,0.0,-0.4037075304722585,417.6160619015847,368.30774216376585,49.30831973781886,23.28667186189074,11.75614320299502,11.53052865889572,NB
frame_u~s_129.11_129.21,6.3872213547679735,0.0,-0.5593435960922475,409.5173663421845,362.1380361533117,47.379330188872814,5.085778732529377,2.408313834820433,2.677464897708944,NB
frame_po_129.21_129.29,7.345487864524458,0.0,-0.0388860413511537,399.25095087899234,353.8855806734878,45.36537020550452,0.7929825879640475,0.3739468959368395,0.419035692027208,NB
frame_dZi_129.29_129.42,1.3538165876479835,0.0,-0.1083736070814536,414.7470683949132,363.11783292145753,51.62923547345565,18.275713891690444,8.13985467022546,10.135859221464983,NB
frame_seX_129.42_129.72,9.699094456384302,0.0,-0.6348147948175006,398.158603528956,335.0336479600974,63.124955568858525,14.306775936651375,7.923929174864313,6.382846761787064,NB
frame_dZi_129.72_129.89,14.215202565672769,0.0,0.2607937971574722,409.12189937667097,355.5141223950708,53.60777698160024,7.527156575669551,3.2076065603247343,4.3195500153448165,NB
frame_si~_129.89_130.01,6.284857140406146,0.0,-0.1654545293675816,402.27870450783473,353.4527010482365,48.82600345959821,7.255915935324992,3.255223819167398,4.000692116157595,NB
frame_ku_130.01_130.15,11.787820842384363,0.0,-0.2255049897242213,411.7185624346947,359.1867929299088,52.53176950478593,4.007017033186614,2.3164413193778586,1.6905757138087552,NB
frame_ow_130.15_130.27,11.401620879148751,0.0,-0.5132957458297179,396.6961202307992,350.16598023613057,46.53013999466867,50.91883897844899,38.249860925945526,12.668978052503462,NB
frame_dZi_130.27_130.33,33.45941684407589,0.0,-0.5513744921678708,398.85455615828505,355.0390957456965,43.81546041258861,38.38204142336495,13.53698240239558,24.845059020969373,NB
frame_dEjs_130.33_130.62,16.271847181882308,0.0,-0.3563792364381527,415.2305895123008,351.49740929869324,63.73318021360751,13.632674978266508,7.875072936296547,5.75760204196996,NB
frame_li_130.62_130.98,4.073446991376272,0.0,0.1869603163097709,409.7882782071139,340.656638397967,69.13163980914686,22.61750566287445,7.154200171957001,15.463305490917447,NB
frame_trus_130.98_131.22,10.395445714771384,2.6299999999999955,-0.116437216916465,402.2090595172708,344.99303360083456,57.21602591643625,10.599808223574511,7.067612706121679,3.532195517452834,NB
frame_i_133.85_134.87,18.137171919885617,0.0,6.758140111761265,410.6627936429306,287.6708908708335,122.99190277209716,33.097923435894444,14.60344301666926,18.494480419225184,NB
frame_a_134.87_135.03,7.7192154200658365,0.2400000000000091,0.4624902592357616,386.9941701174269,336.69872818478365,50.2954419326432,7.474393087613294,4.335103571969967,3.139289515643327,NB
frame_a_135.27_135.71,204.83067327928995,0.0,3.351416666076915,412.0820085319482,337.3350173347501,74.7469911971981,572.2287594692356,345.29304361904434,226.93571585019123,NB
frame_ki_135.71_135.83,9.649023778167248,0.0,-0.2560405687766462,399.3095781414059,350.90011809192384,48.40946004948205,0.631239015777922,0.3447741634696797,0.2864648523082422,NB
frame_de_135.83_135.97,10.809001736772814,0.0,-0.0460171423318125,408.3634888542724,357.784117543699,50.57937131057344,3.847517403914708,1.4280505551198246,2.419466848794883,NB
frame_pojs_135.97_136.19,1.953342164140622,0.0,-0.5132957458297179,414.62864592172747,356.4797643054531,58.148881616274366,7.105263348031116,3.9936499114137542,3.111613436617361,NB
frame_ki_136.19_136.3,8.20429757372358,0.0,-0.4037075304722585,408.0259954651567,360.3530471472372,47.67294831791946,8.189069672255712,4.384752916122437,3.804316756133275,NB
frame_e_136.3_136.34,14.942681559038263,0.0,-0.6348147948177795,400.9071247416431,357.8520522941371,43.05507244750601,0.6045269730959717,0.355018121595009,0.2495088515009627,NB
frame_li_136.34_136.57,19.489970268923344,0.0,0.629961201396398,409.5973064328087,351.6958562945166,57.90145013829209,5.043861835739094,2.346300538419157,2.697561297319936,NB
frame_pre_136.57_136.91,17.021745767856416,0.0,1.229711104721023,410.399895396223,343.19786641259816,67.20202898362487,18.304110942138152,9.78196997039565,8.522140971742502,NB
frame_e~_136.91_136.94,22.953127725823062,0.0,-0.8755384398897539,379.7200649893214,339.7262343275342,39.99383066178717,2.2386554375854217,1.3067429740032566,0.9319124635821652,NB
frame_Si_136.94_137.1,30.693357806228065,0.0,-0.0345401262335425,404.04103181778726,352.2214557234133,51.81957609437399,65.7178081994121,22.617108786153423,43.10069941325868,NB
frame_a_137.1_137.13,30.72273856689816,0.0,-0.8787970010832928,372.9547443305097,332.14240222646254,40.81234210404716,2.6993402456962485,0.7239522923272403,1.975387953369008,NB
frame_ke_137.13_137.2,13.417485096858428,0.0,-0.6348147948177795,409.8198737204903,362.2963040114337,47.52356970905652,93.79770408610013,60.43868472582483,33.3590193602753,NB
frame_li_137.2_137.36,18.408953072270123,0.0,0.1869603163099808,409.913049373031,356.4813452009328,53.43170417209819,4.705086882740858,2.926051009709809,1.7790358730310487,NB
frame_baw_137.36_137.62,3.338606781571244,0.0,0.6688421454388058,416.9790183559902,354.9358360742717,62.04318228171849,13.336075387997326,7.762479909949391,5.573595478047935,NB
frame_dZi_137.62_137.68,147.85686919576193,0.0,-0.5513744921678708,404.4962879236546,358.3050339601386,46.19125396351603,1.2676843226410597,0.4132538144127125,0.8544305082283472,NB
frame_e~_137.68_137.72,8.693930345698135,0.0,-0.7829868077661825,390.0449194375692,347.1692695724747,42.87564986509443,4.451227399380628,2.7112435356412163,1.7399838637394112,NB
frame_ta~w~_137.72_137.89,13.24969130705034,0.0,-0.8263338974327079,409.81097850347055,355.41786418182426,54.39311432164629,8.045672062404805,5.68672546368137,2.358946598723435,NB
frame_e_137.89_137.96,18.334965056816685,0.0,-0.340415968574517,407.0884571334743,361.6719416414601,45.41651549201418,2.6732715203053488,1.570596064515513,1.1026754557898355,NB
frame_li_137.96_138.1,16.107993448912367,0.0,-0.4037075304724684,411.08288265776736,358.0837484094858,52.99913424828157,15.738814948577726,7.427453866144333,8.311361082433393,NB
frame_e_138.1_138.15,1.5542655330600326,0.0,-0.5366818527365991,405.1836604080953,360.4484731025745,44.73518730552075,0.5581342591889893,0.2323511200811481,0.3257831391078412,NB
frame_li_138.15_138.62,29.414822113806736,0.0,1.7374634141129657,407.1273698052483,328.42876479097424,78.69860501427405,56.00011045461416,16.89783516631026,39.1022752883039,NB
frame_Zo_138.62_138.68,22.3112706699018,0.0,-0.5132957458297179,391.9181334228151,347.24927285241483,44.66886057040034,11.59150268903734,5.384121539441381,6.20738114959596,NB
frame_ga_138.68_138.83,17.563743945512854,0.0,-0.3629172855758288,415.87443422322383,361.7305630113802,54.143871211843646,22.038825876135505,16.04581941408364,5.993006462051866,NB
frame_to_138.83_138.89,21.21039644907914,0.0,-0.5132957458303921,399.0651057239034,355.9964744442198,43.06863127968359,1.694620334371578,0.7784298304615334,0.9161905039100446,NB
frame_du_138.89_138.95,18.3817844479464,0.0,-0.4436405353400439,411.1866865366178,364.935862098023,46.250824438594805,1.192961613486858,0.5356470940563867,0.6573145194304715,NB
frame_u_138.95_138.98,25.32659196527429,0.0,-0.4436405353400439,389.27635061320586,347.01201441342164,42.26433619978423,4.4829056462320125,3.207646964773758,1.2752586814582545,NB
frame_lej_138.98_139.3,13.810357389372498,0.0,-0.0460171423318125,411.8031981538391,346.3499543059386,65.45324384790052,20.03915539122633,10.701703949219578,9.337451442006753,NB
frame_tSi_139.3_139.73,7.846207611193407,0.0,2.180464299199383,411.0242813914023,337.2384899502374,73.7857914411648,31.823444965841787,16.50199594510356,15.321449020738228,NB
frame_nu~_139.73_139.82,4.281125193272402,0.6899999999999977,-0.7659800838203457,396.2283080073097,348.652259050602,47.57604895670767,14.12243474814079,5.305139129654435,8.817295618486355,TB
frame_la_140.51_141.01,1.7511935098684432,0.0,0.5656662023371372,414.86136346347337,333.8303360746091,81.03102738886429,17.694874269029015,9.024371801900756,8.670502467128259,NB
frame_ta~w~_141.01_141.19,16.49686460122892,1.9099999999999968,-0.2430393815979806,414.2041992252947,359.0255642405504,55.17863498474429,67.19444694965668,29.41824495509709,37.77620199455959,NB
frame_u_143.1_143.16,60.23039169026109,0.0,-0.116437216916465,407.2851787915321,361.11744562006186,46.16773317147022,1.7343314248749664,0.7004632851435133,1.033868139731453,NB
frame_la_143.16_143.64,7.469632886015063,0.0,-0.3629172855761221,416.34086089641056,334.054957242738,82.28590365367256,11.684484402225223,6.512200541788573,5.17228386043665,NB
frame_ta~w~_143.64_143.77,12.179925633471257,0.0,-0.2430393815975662,398.1132608366586,348.4423839667352,49.67087686992341,1.493994629123364,0.8667769789858397,0.6272176501375242,NB
frame_E_143.77_144.12,23.686895097365152,0.0,1.6150803693900802,411.70537449255227,343.5395903196684,68.16578417288389,16.71407503228437,6.28865970359945,10.42541532868492,NB
frame_u~_144.12_144.15,20.89900101279233,0.0,-0.7659800838203457,389.2998156280842,346.7583995581087,42.541416069975526,0.3038212606158765,0.1024892197714564,0.2013320408444201,NB
frame_Re_144.15_144.38,2.038236885523005,0.0,0.052115799749089,405.9878803447354,349.6935566226599,56.29432372207549,21.685648287741856,16.40381406445526,5.2818342232865945,NB
frame_si_144.38_144.59,4.48509268248462,0.0,0.5561277205486969,409.6960880930348,354.06931737207435,55.6267707209604,4.37290144936955,1.882771448260712,2.490130001108838,NB
frame_pi_144.59_144.76,1.0948719115907437,0.0,-0.1822070879291548,396.9353481287267,345.4045568070184,51.53079132170831,4.614230275801617,1.982384836582796,2.631845439218821,TB
frame_e~_144.76_144.94,6.0268717331821335,0.0,0.512736041965134,408.8386350466287,353.4222493968759,55.41638564975284,10.77164865577322,5.052616340861192,5.719032314912028,NB
frame_tSi_144.94_145.07,17.151605783059324,0.0,-0.0345401262335425,398.03214858659146,347.65164346077506,50.380505125816455,4.580798324010885,3.1827262535981617,1.3980720704127236,NB
frame_be~j~_145.07_145.25,2.177801882574144,0.0,-0.2276770150242272,415.940083023925,360.2408404153429,55.69924260858215,9.939078672448376,4.730127066990278,5.208951605458097,NB
frame_maj_145.25_145.51,179.59209394768385,0.0,0.2561383730327173,411.3273360610594,350.0298794592128,61.29745660184659,395.4076048920781,215.44891188565688,179.95869300642124,NB
frame_OX_145.51_145.72,95.49190454281444,0.25,-0.694687288891419,405.6331178714505,349.62154021755083,56.01157765389968,573.5592227258295,425.4813437512724,148.07787897455717,NB
frame_de_145.97_146.13,19.609013644703893,0.0,-0.0460171423318125,416.2488561414452,362.0562165512084,54.19263959023681,9.159872751506114,5.160954563256979,3.998918188249135,NB
frame_vi_146.13_146.19,75.79223852346794,0.0,-0.5513744921678708,389.62085541467,346.91497798616524,42.70587742850478,0.8680267201787899,0.515841900444471,0.3521848197343189,NB
frame_ka_146.19_146.38,24.985365149197836,0.0,0.2561383730327173,413.3227655534605,356.94237395494383,56.38039159851667,2.6616384908420656,1.311521646500779,1.3501168443412863,NB
frame_beX_146.38_146.97,11.600821662000383,0.0,2.6035722938550387,412.8935427450381,323.71764290690135,89.17589983813676,101.95896042640548,67.59476810978143,34.364192316624056,NB
frame_u~s_146.97_147.03,12.189025284395754,0.0,-0.7659800838203457,406.0117239484212,360.5507966026324,45.46092734578883,0.2669361587223307,0.0799540175705004,0.1869821411518302,NB
frame_si~_147.03_147.09,18.874262271495382,0.0,-0.9099999115216988,392.17021024883934,349.5044366992042,42.66577354963516,2.473376930334993,1.1034950991592467,1.3698818311757464,NB
frame_kwe~_147.09_147.36,5.019810766792972,0.0,0.6052876740889686,413.6093745431869,351.5623188782936,62.047055664893264,11.984520244903436,4.681001033943602,7.303519210959834,NB
frame_ta_147.36_147.49,5.664359667418495,0.0,-0.3629172855758288,410.3293488834862,359.12941384480143,51.19993503868477,5.247222624281648,3.063507085689679,2.1837155385919687,TB
frame_a_147.49_147.58,7.640223563048408,0.0,-0.2597413424744533,393.9978396557892,347.3003353634931,46.69750429229612,7.192811390276916,3.399697802413528,3.793113587863388,NB
frame_se~j~_147.58_147.68,6.731628927410142,0.0,-0.7829868077661825,408.474613388578,360.69409238268304,47.78052100589497,4.899927491390912,2.6542601423831087,2.245667349007803,NB
frame_li_147.68_147.95,62.40437948816813,0.0,0.3346272780051734,404.11998217809696,343.8094675581601,60.31051461993684,40.367727235844605,25.492022219933844,14.87570501591076,NB
frame_trus_147.95_148.09,69.9083353378976,1.8799999999999957,-0.2255049897242213,390.1973379997875,339.0514081712431,51.14592982854441,443.4252511101,348.5379137460608,94.88733736403928,NB
frame_e~j~_149.97_150.06,9.018207861666738,0.0,-0.6904351756423479,410.2691639735809,361.3028159506026,48.96634802297825,4.623334909055217,2.520283395314408,2.103051513740809,NB
frame_Ze_150.06_150.28,8.225378296348666,0.0,0.8371793363971379,416.9680492514008,358.6664134105507,58.30163584085005,11.50972489555926,6.658316128032055,4.851408767527204,NB
frame_raw_150.28_150.44,10.239155493037076,0.0,-0.3629172855761221,399.9905661333465,346.25361967624394,53.73694645710259,0.0545848287771093,0.0147188177770942,0.039866011000015,TB
frame_si~_150.44_150.52,12.74660076125474,0.0,-0.6618181174702089,400.7278574931853,356.63940310213,44.088454391055336,1.1465610772586672,0.8248463255878136,0.3217147516708536,NB
frame_kwe~_150.52_150.73,22.87265025240957,0.0,-0.2276770150242272,408.3438233271871,353.7568816763109,54.58694165087616,15.43802061059894,9.77358772210475,5.66443288849419,NB
frame_ta_150.73_150.87,23.942558009939347,0.0,-0.569269171778873,407.26268221402165,354.2936657598584,52.969016454163295,0.1405992070241382,0.0905340635564755,0.0500651434676626,NB
frame_li_150.87_151.09,63.29263111640724,0.0,0.2607937971576821,400.1413716364775,343.9499027918636,56.19146884461389,13.30967708656425,5.102807589082062,8.206869497482188,NB
frame_trus_151.09_151.25,81.99490883465502,0.1899999999999977,-0.116437216916465,385.6787957508087,334.4692279730995,51.2095677777092,64.75145107225069,32.78630807681685,31.96514299543384,NB
frame_u~_151.44_151.65,1.7722593506477011,0.4799999999999897,1.0937483057343007,388.0030395858541,333.98696583897043,54.01607374688365,7.171850525824112,3.267330692703595,3.904519833120517,NB
frame_la_152.13_152.39,5.925928908646085,0.0,0.2561383730327173,415.6990285823616,354.0600858787684,61.63894270359327,14.501910249429812,7.278634190013818,7.223276059415994,NB
frame_ta~w~_152.39_152.57,7.794069827975633,0.0,-0.8263338974327079,413.8678100606312,359.7136670091287,54.1541430515025,13.670631567911895,8.801561857897156,4.869069710014742,NB
frame_dZi_152.57_152.66,11.900309275080248,0.0,-0.4037075304724684,407.2222308706637,359.9957104374007,47.226520433262976,4.200044011913818,1.2288416644868647,2.971202347426953,NB
frame_lej_152.66_152.82,19.066501115484144,0.0,-0.4385489106556975,410.268707117758,357.6795941701329,52.5891129476251,4.265532959833067,2.111898297569254,2.153634662263812,NB
frame_tSi_152.82_152.88,20.98475885056197,0.0,-0.5513744921678708,387.8174488770604,344.79270966108913,43.02473921597124,1.3353186402361814,0.8904378143846685,0.4448808258515129,NB
frame_tSi_152.88_152.98,21.261256560653933,0.0,-0.256040568776856,388.214631396704,344.27718019097256,43.937451205731406,3.3443429275149583,2.854384629574369,0.4899582979405892,NB
frame_pi_152.98_153.24,34.03250794278232,0.0,0.3346272780053833,412.3848092767054,350.2998191017057,62.08499017499975,17.279693906111135,8.8761884102679,8.403505495843234,NB
frame_ku_153.24_153.35,37.73321542609837,0.0,-0.0073694441087087,391.7614432002716,344.6520393732192,47.1094038270524,99.15502570154612,75.07973318122873,24.075292520317383,NB
frame_ew_153.35_153.44,68.86447003217683,0.0,-0.6348147948177795,394.14514972669343,345.5503744595574,48.594775267136015,1.092923823393228,0.7295450519811979,0.3633787714120302,NB
frame_a_153.44_153.55,9.007030962622807,0.0,-0.0533894562714091,409.87242361784536,361.3090999473346,48.56332367051073,4.56556466025819,0.719877072237523,3.8456875880206662,NB
frame_Su_153.55_153.65,8.434819189280319,0.0,-0.0073694441087087,395.8715431564595,349.3748530250046,46.4966901314549,0.2710747623881815,0.0798873596101543,0.1911874027780271,NB
frame_ki_153.65_153.81,10.631973239154505,0.3899999999999863,-0.256040568776856,400.4293918689996,348.2767699768985,52.15262189210108,4.307370019416894,2.3300028267244244,1.9773671926924687,NB
frame_ki_154.2_154.41,5.144436335868562,0.0,-0.0345401262335425,408.055531368718,351.511253449839,56.54427791887901,13.260768743974523,8.279710949785738,4.981057794188786,NB
frame_ka_154.41_154.63,4.63954015188979,0.0,0.3593143161343861,415.8406148803825,357.6703436373376,58.17027124304485,8.366584950924405,6.532379694354802,1.834205256569604,TB
frame_bi_154.63_154.69,6.261565145375002,0.0,-0.5513744921678708,395.2553960788981,350.7872247762084,44.46817130268971,0.0832595499265096,0.0510375186366331,0.0322220312898764,NB
frame_si~_154.69_154.8,138.01009267546965,0.0,-0.9099999115216988,396.04819778781706,349.47921031318486,46.5689874746322,536.6417620280811,364.3675961857173,172.2741658423638,NB
frame_kwe~_154.8_155.02,0.6047607283452834,0.0,0.1425295134705849,407.7370333239977,350.2805015753085,57.4565317486892,13.872929315411383,8.284123023906844,5.58880629150454,NB
frame_ta_155.02_155.12,11.863741365512425,0.0,-0.6724451148802486,413.1789419492461,363.35572521747633,49.82321673176972,7.4197319404645725,4.291973292486887,3.1277586479776858,NB
frame_i_155.12_155.2,59.344276931654,0.0,-0.1822070879291548,402.0575837448328,355.57221848212004,46.48536526271272,17.57236345214355,13.47861100378458,4.09375244835897,NB
frame_si_155.2_155.31,13.783479264384098,1.4099999999999966,-0.182207087928945,390.6242785163042,344.01425284121785,46.610025675086376,150.34946069657235,73.16413580506585,77.1853248915065,NB
frame_si_156.72_156.86,98.89711199723504,0.0,0.0392933546143685,409.84688003814335,358.1341215247068,51.7127585134366,31.595350897154788,13.128689874643271,18.46666102251152,NB
frame_ki_156.86_157.06,53.10745563306117,0.0,0.4822942397009956,413.224589488416,355.20368285506345,58.02090663335258,68.72457345759395,33.61187799694994,35.112695460644005,NB
frame_zeX_157.06_157.28,12.126302178659074,0.0,0.1502487418302694,410.3266435009618,352.8292770706415,57.49736643032031,25.673918280651407,13.8703634904071,11.803554790244306,NB
frame_a_157.28_157.31,16.34662579819846,0.0,-0.8787970010832928,378.5595794497811,337.680272753394,40.87930669638712,4.9284006858054,3.299522603471644,1.628878082333756,NB
frame_pro_157.31_157.44,30.783802442411087,0.0,-0.5132957458297179,405.8147368554724,355.79568597685125,50.0190508786211,19.50075277996245,14.082420631528777,5.418332148433677,NB
frame_vej_157.44_157.67,35.9741472690869,0.0,-0.340415968574796,403.7023225580293,346.93005692377875,56.77226563425057,14.054213845953342,9.5177077821738,4.536506063779541,NB
frame_taX_157.67_157.76,31.8131874451594,0.0,-0.8787970010832928,408.42938194955104,359.6997485230468,48.72963342650428,8.302705694364278,4.759032514796274,3.543673179568003,NB
frame_e_157.76_157.79,31.385928714277497,0.0,-0.732947736898681,393.9949640314445,352.46244024834,41.53252378310458,0.9278158640202036,0.6812325104009176,0.246583353619286,NB
frame_si_157.79_157.87,40.96942816185995,0.1699999999999875,-0.4037075304722585,399.5390094145524,356.4745858716434,43.06442354290897,3.802124902440937,1.6302479631292783,2.171876939311659,NB
frame_e_158.04_158.07,3.6873303702184046,0.0,-0.732947736898681,390.6694127183515,349.3458258974448,41.32358682090677,0.2417698227814639,0.1737948616653,0.0679749611161639,NB
frame_si_158.07_158.19,19.45326357839085,0.0,-0.1083736070812437,392.1238392631036,347.24475528247524,44.87908398062831,14.4767818262699,7.786319278673176,6.690462547596724,NB
frame_lej_158.19_158.32,0.8487963747334106,0.0,-0.4385489106556975,404.52297637714616,353.6603360311233,50.86264034602283,13.598037975932243,8.990925451793771,4.607112524138472,NB
frame_tSi_158.32_158.38,3.256337525189963,0.0,-0.5513744921678708,389.3736582835028,344.7927053917924,44.58095289171035,1.6377786237732153,1.1216459616657346,0.5161326621074807,NB
frame_u_158.38_158.41,11.048626834270522,0.0,-0.4436405353400439,374.1919885188521,334.4024120917724,39.78957642707968,23.630711939657573,7.858039316410782,15.772672623246793,NB
frame_ki_158.41_158.92,20.67366207020322,0.0,2.771132145981622,405.7732831594502,326.2156331332002,79.55765002625003,43.33677390316865,29.83339057720613,13.503383325962515,NB
frame_ki_158.92_159.04,58.06589739695676,0.0,-0.1083736070812437,403.49257613385646,354.6490023603168,48.84357377353973,25.17835423612684,16.049101478907176,9.12925275721966,NB
frame_si_159.04_159.1,59.77162652260594,0.0,-0.5513744921678708,393.359544077512,351.332461258867,42.02708281864494,5.322461759117573,3.5050868264618487,1.8173749326557245,NB
frame_po_159.1_159.16,58.24462412179472,0.0,-0.5132957458297179,382.513496089447,340.8996406681802,41.613855421266805,7.972782088428545,5.436075511468772,2.536706576959773,NB
frame_dZi_159.16_159.31,36.78745222065115,0.0,0.1131268354620697,402.87035559350784,351.9921885301378,50.878167063370086,23.850534693058165,15.743799284826054,8.106735408232112,TB
frame_fa_159.31_159.39,8.271269143773253,0.0,-0.6724451148805418,400.6298678335296,353.64805197820834,46.9818158553212,5.826847007204464,3.655880935207989,2.1709660719964745,NB
frame_zeX_159.39_159.61,3.655790508814448,0.0,-0.732947736898681,395.6714969552215,340.5563983735537,55.11509858166784,8.681117706049662,3.773540683160945,4.9075770228887166,NB
frame_de_159.61_159.81,25.439330703307263,0.0,0.6409134522353349,402.1234898535289,347.9810953745644,54.14239447896449,26.232088379148905,17.168297080326937,9.063791298821968,NB
frame_li_159.81_160.17,49.8854693629782,0.0,0.3346272780051734,403.7832939151887,335.33749689038825,68.44579702480047,66.96436283336969,19.474161181674987,47.490201651694704,NB
frame_bo~_160.17_160.23,125.18851227855666,0.1800000000000068,-0.4926178302321101,384.8936352545396,341.7859497364903,43.10768551804927,9.012760978268425,4.753212873862402,4.259548104406022,NB
frame_u_160.41_160.45,,4.410000000000025,-0.3345727625322876,366.6471819260539,326.36981677356727,40.27736515248665,15.632267269016026,11.345473869666948,4.286793399349079,NB
frame_na_164.86_165.03,2.5016665610049245,0.7599999999999909,-0.4660932286774976,418.7297733927796,362.9140745058723,55.81569888690734,31.68939418189737,15.565293734051892,16.12410044784548,NB
frame_u_165.79_165.85,2.290798748754355,0.0,-0.116437216916465,392.1923596278292,348.4534473924792,43.73891223535003,9.215619025415691,6.603058979001929,2.612560046413762,NB
frame_pri~_165.85_165.98,28.449619454828337,0.0,-0.4136363234190716,411.4878573761176,360.5476709524777,50.94018642363989,17.953146774568182,12.924498449705112,5.02864832486307,NB
frame_si_165.98_166.08,22.46673558418945,0.0,-0.2560405687766462,395.8758022762885,352.1082233426477,43.76757893364078,4.498028927469562,3.1069897574720926,1.3910391699974696,NB
frame_paw_166.08_166.25,41.31630019837897,0.0,-0.2597413424744533,418.478173389704,364.8089905196785,53.669182870025566,17.315727007964,8.53639576844148,8.77933123952252,NB
frame_a_166.25_166.28,37.7277167939387,0.0,-0.8787970010832928,385.97917763707005,343.76717410836073,42.21200352870932,2.881906116770267,1.4921018110410955,1.3898043057291716,NB
frame_pro_166.28_166.39,24.88084696250857,0.0,-0.2760908935904358,411.9307852545082,360.65189172050566,51.27889353400252,70.97193400054127,46.15482565478192,24.81710834575935,NB
frame_vej_166.39_166.58,11.541794759669187,0.0,-0.144150084412714,410.11811840201625,355.273440130518,54.84467827149825,18.50757632262082,12.16004860519942,6.3475277174214,NB
frame_ta_166.58_166.7,24.55357749456391,0.0,-0.2597413424747466,414.1866017646256,362.89647993450654,51.29012183011906,23.04489588861958,13.145901593331756,9.89899429528782,NB
frame_me~_166.7_166.83,36.89945201698913,0.0,-0.2276770150239642,410.5313573996382,360.7697472034938,49.76161019614443,7.907746179411916,4.108779224681669,3.798966954730247,NB
frame_tu_166.83_166.89,37.81707233359123,0.0,-0.4436405353403539,392.1308725538175,347.7500028411696,44.38086971264789,0.2935856286962917,0.2270263317689966,0.066559296927295,NB
frame_du_166.89_166.95,22.36545927496157,0.0,-0.4436405353400439,410.4125120006008,363.8243590224475,46.58815297815335,1.5501405049574544,1.308814382434221,0.2413261225232332,NB
frame_lej_166.95_167.2,5.183269968745691,0.0,0.2483816839111709,413.690456159672,352.7808567432533,60.9095994164187,37.34240218081501,9.814564968620772,27.527837212194243,NB
frame_tSi_167.2_167.4,68.15826502277639,0.0,0.4822942397009956,409.7042161177949,354.4967748687177,55.20744124907725,15.591986695733794,7.976536193042847,7.615450502690948,NB
frame_E_167.4_167.44,1.389112099547475,0.0,-0.7355060837129124,391.1398210759359,348.2346641657821,42.90515691015384,5.053344606125734,3.5829955117316103,1.470349094394123,NB
frame_ve~_167.44_167.66,17.321892842158007,0.0,0.6052876740887055,413.3957908858315,354.5348976299772,58.86089325585431,133.78846276632748,99.5248866349539,34.26357613137358,NB
frame_deX_167.66_167.85,7.217983498720116,0.0,-0.144150084412714,412.8769416908391,357.6826687055139,55.1942729853252,14.95775354163817,3.764970184791764,11.192783356846403,NB
frame_pa_167.85_167.92,7.569129066932703,0.0,-0.8787970010832928,404.497516235329,359.9431234484548,44.554392786874246,69.78255022426015,55.69530543153809,14.08724479272206,NB
frame_ra_167.92_167.98,3.76210588372021,0.0,-0.8787970010832928,415.65321731741335,368.3953066212041,47.2579106962092,7.933840109076044,5.037220396128816,2.896619712947228,NB
frame_ajs_167.98_168.36,37.00285909170947,0.0,1.8037775195551091,411.8639918690501,340.50959534878234,71.3543965202677,75.94471084614965,26.124418721238584,49.82029212491106,NB
frame_u_168.36_168.41,32.83513591087663,0.0,-0.2255049897245313,389.4194944467089,347.1711178687825,42.24837657792642,1.9742815106529008,1.1143096083728494,0.8599719022800514,NB
frame_zi~_168.41_168.47,10.770038742748255,0.0,-0.9099999115216988,404.64905519013166,358.321885230166,46.3271699599656,3.5051541036889944,0.8160189562790947,2.6891351474099,NB
frame_nas_168.47_168.56,12.450297294862168,0.0,-0.8787970010832928,401.1466787321418,354.53218424408374,46.614494488058085,3.77940356922548,2.399589967730634,1.3798136014948454,NB
frame_dZi_168.56_168.64,22.76787266721081,0.0,-0.5513744921680807,407.3385183398551,360.4520771269758,46.88644121287928,2.523825658851692,0.4635691032754465,2.0602565555762453,TB
frame_lej_168.64_169.12,30.33787518609263,0.0,0.2483816839111709,411.8885255769343,332.5040700549915,79.38445552194281,43.9829271795476,16.557235423902725,27.42569175564488,NB
frame_tSi_169.12_169.2,55.27087274362144,2.3200000000000216,-0.4037075304724684,390.2929868971874,345.7678486320948,44.52513826509261,0.309359471629179,0.2116615593641171,0.0976979122650618,NB
frame_nE_171.52_171.89,15.08594169328147,0.0,1.539254999934999,409.6964918329588,338.42453892382025,71.27195290913858,21.719436964768448,11.773838153968155,9.945598810800291,NB
frame_a_171.89_172.0,31.396019192979907,0.0,-0.0533894562714091,403.1359860298367,355.1805440069262,47.95544202291052,4.199808086957063,2.3885933926631395,1.8112146942939236,NB
frame_gO_172.0_172.06,29.87550904996162,0.0,-0.694687288891419,395.66671820161673,350.9205694436392,44.74614875797755,0.3936672187482486,0.2837825906919136,0.109884628056335,NB
frame_ra_172.06_172.19,32.59350054484693,0.2400000000000091,-0.2597413424744533,385.8819171070271,337.6090378012928,48.27287930573425,0.1535303036203572,0.0891341600530921,0.064396143567265,NB
frame_de~_172.43_172.58,30.35420503859348,0.0,-0.3202286471477987,419.63104314238615,365.1507913145544,54.48025182783181,54.25156473339494,17.50665409252167,36.74491064087327,NB
frame_tru_172.58_172.72,36.5364089013452,0.0,0.1016983286993575,403.0276948636889,351.6728110619292,51.35488380175974,4.034378187659939,2.484641699435059,1.5497364882248803,NB
frame_da_172.72_172.83,9.618153217397904,0.0,-0.6724451148802486,413.7784398580374,364.5333036824355,49.24513617560194,7.906973846797371,3.259610092833356,4.647363753964015,NB
frame_fa_172.83_173.03,20.262179593866904,0.0,-0.0533894562714091,411.8550649291118,355.4963504255256,56.35871450358621,20.36627017537151,12.186019122326911,8.1802510530446,NB
frame_ze~_173.03_173.25,10.980872252279852,0.0,0.2350811455941564,411.23041333829286,354.1548674444939,57.07554589379896,22.835333510693005,5.1568686056672846,17.67846490502572,NB
frame_da_173.25_173.45,18.509974554757463,0.0,0.5656662023371372,393.0431530722478,339.3145463009876,53.72860677126022,9.854313967660149,4.553949776490555,5.300364191169592,NB
frame_si_173.45_173.58,14.07689703930214,0.0,-0.182207087928945,409.7240305214183,357.8273750879121,51.89665543350617,7.191481569654528,4.121143226618216,3.070338343036312,NB
frame_ki_173.58_173.75,20.772592087657813,0.0,-0.256040568776856,414.53682425173486,358.7256882647657,55.811135986969134,10.617622238027849,4.114602102401307,6.503020135626542,NB
frame_zeX_173.75_173.94,31.264126849421103,0.2800000000000011,0.2483816839111709,403.38170564587057,349.711360354271,53.67034529159957,7.950384647312092,4.095121020950913,3.855263626361179,NB
frame_a_174.22_174.25,125.36682480420563,0.0,-0.8787970010832928,373.2168310654362,332.3913618462839,40.825469219152296,1.2942014826994068,0.5795618428434466,0.7146396398559602,NB
frame_pro_174.25_174.42,30.3185061971232,0.0,-0.5132957458297179,409.8992168910797,356.2774350742343,53.6217818168455,90.7011737362192,71.32059721914743,19.380576517071773,NB
frame_vej_174.42_174.73,12.501087675613531,0.0,1.4259769888831049,413.18553321452725,347.9074298505849,65.27810336394236,16.469546821773875,7.571088480910674,8.8984583408632,NB
frame_taX_174.73_175.16,6.372563796864782,0.0,1.803777519554816,407.62532031178336,336.7940160081571,70.83130430362627,48.84130243892943,24.978461876929543,23.86284056199989,NB
frame_u_175.16_175.19,32.772760509139985,0.0,-0.4436405353400439,367.8030095949039,326.4600931639126,41.34291643099135,7.421876807632373,1.9944432125969056,5.427433595035467,NB
frame_lej_175.19_175.42,7.718939849256856,0.0,0.2483816839111709,415.4300440657823,355.7689476775098,59.66109638827248,24.08838698205534,13.806643350294236,10.281743631761104,NB
frame_tSi_175.42_175.48,51.89735725393904,0.0,-0.5513744921678708,397.349900151449,352.54361090980825,44.80628924164074,14.12626268078165,4.790461539514013,9.335801141267638,NB
frame_po_175.48_175.62,52.011201091004594,0.0,1.384343072086561,395.9530997866081,346.2877864892943,49.66531329731373,26.60098213973921,14.821620199313813,11.779361940425396,NB
frame_de_175.62_175.68,1.3692015225395409,0.0,-0.732947736898681,402.4708232467616,358.184094283481,44.28672896328061,32.090406664897685,14.39240986588851,17.697996799009175,NB
frame_zi_175.68_176.08,32.20786068093511,1.3599999999999852,1.9589638566562797,403.57691818378646,332.61351831632794,70.96339986745852,51.71828872185268,18.145938004811526,33.572350717041154,NB
frame_a_177.44_177.6,4.726382241200042,0.0,0.4624902592357616,410.77807004086816,356.5329504654597,54.24511957540841,3.423175125065697,1.366804352378523,2.056370772687174,NB
frame_a_177.6_177.77,441.3434558081271,0.0,0.5656662023374304,417.21874523023007,362.0668310373453,55.15191419288476,592.4903811149939,131.93256542810389,460.55781568689,NB
frame_le~j~_177.77_178.02,11.976848633254493,0.0,-0.2276770150242272,410.221367754537,350.11536018040994,60.10600757412709,6.00098301718576,2.710960657492649,3.2900223596931117,NB
frame_dZi_178.02_178.11,19.372344661715147,0.0,-0.3298740496245573,403.4994011930605,356.0153059977606,47.48409519529992,2.3550784286371567,0.6965904746364089,1.6584879540007478,NB
frame_be_178.11_178.34,20.886144732240997,0.0,0.6409134522353349,412.48059838960353,354.906890436202,57.57370795340154,10.68328626059197,5.50926935799437,5.1740169025976,NB
frame_beX_178.34_178.95,90.7724527146199,0.4200000000000159,3.094237004259825,411.667611015828,324.6031189911198,87.06449202470819,482.49400630426817,385.8009798333911,96.69302647087704,NB
frame_E_179.37_179.4,9.496991620242454,0.0,-0.811331453167778,396.1508807771832,353.5592313766891,42.59164940049402,1.0800933746886583,0.6926649123430764,0.3874284623455821,NB
frame_se~j~_179.4_179.55,78.33309738150079,0.1599999999999966,-0.4127802792716333,406.21924263119513,355.0387334006704,51.18050923052471,1.8827916981191208,0.9731751462712808,0.90961655184784,NB
frame_ne_179.71_179.77,4.661518606864561,0.0,-0.732947736898681,414.0799216009482,367.2619797817785,46.81794181916968,3.571199639515584,1.2275382156304602,2.3436614238851234,NB
frame_Ju~_179.77_180.51,16.562149990259783,0.0,-0.7659800838203457,411.1915255868848,307.9506366343826,103.24088895250225,27.909772655216685,14.831944094611202,13.077828560605482,NB
frame_se~j~_180.51_180.71,22.14474230220664,0.9000000000000057,-0.8755384398897539,395.6445297335421,342.5266029732261,53.11792676031604,107.92631328839788,49.82463441730607,58.101678871091806,NB
frame_ne_181.61_181.72,52.18816185264616,0.0,-0.2422830264936155,411.44449082326014,361.0023357253748,50.44215509788535,3.998861817383002,1.853003259865055,2.145858557517947,NB
frame_J_181.72_182.11,1.1125954036603218,0.0,2.799838178017121,409.4141164737948,337.28641670685,72.12769976694477,6.187466201118795,2.408184739495169,3.7792814616236257,NB
frame_u~ma_182.11_182.28,6.049531276374253,0.0,0.0605658670926346,403.1715751323314,350.75188968388545,52.41968544844599,2.8214413171308195,1.02804110770046,1.7934002094303594,NB
frame_pre_182.28_182.42,1.0940929813563969,0.0,-0.2422830264938944,410.07824308022526,359.07498560918464,51.00325747104063,2.1824435209619395,0.9644530711241116,1.2179904498378278,NB
frame_pa_182.42_182.55,4.443252617696629,0.0,-0.4660932286772043,412.1853466942177,361.4691061742759,50.71624051994184,6.14245452351858,3.5562246770271884,2.586229846491392,NB
frame_ra_182.55_182.62,9.404358915683916,0.0,-0.7756210579819173,408.1704791563585,361.8660626355846,46.30441652077383,4.512329825921412,3.0102140522393626,1.5021157736820498,NB
frame_sa~w~_182.62_182.74,12.370884128223338,0.0,-0.8263338974327079,399.4916562801112,351.0471279307719,48.44452834933924,9.657913863189693,6.0058432797253545,3.652070583464337,NB
frame_es_182.74_182.81,,0.0,-0.732947736898681,394.8915484247345,350.2871169470563,44.60443147767819,,,,NB
frame_pe_182.81_183.13,11.508106048598693,0.0,1.8185087572069896,407.9297101715661,341.3737611727532,66.55594899881294,13.55150112604285,8.950613116141199,4.600888009901652,NB
frame_si_183.13_183.24,16.10849956598537,0.0,-0.182207087928945,392.006304461568,345.3028257400072,46.70347872156077,45.96020041856272,26.581868614732212,19.378331803830505,NB
frame_aw_183.24_183.3,13.14207917244083,2.9399999999999977,-0.8787970010832928,382.6839093118326,339.44602579546984,43.23788351636279,7.524103658489722,4.609525414686488,2.914578243803234,NB
frame_po_186.24_186.31,95.24221658946986,0.0,-0.5132957458297179,407.0505756927984,359.239716442103,47.81085925069544,175.6022435454709,98.999213394525,76.6030301509459,NB
frame_de_186.31_186.39,0.7801840029876104,0.0,-0.536681852736878,419.55753299219634,369.83068797276985,49.72684501942655,12.274620711094189,6.733447551815033,5.541173159279154,NB
frame_zi_186.39_186.45,5.261173861102179,0.0,-0.5513744921678708,407.7589740765471,364.2237171456623,43.53525693088477,6.098182832004923,3.60130688137582,2.496875950629104,NB
frame_feR_186.45_186.95,18.352788544866115,0.0,0.7390463943159575,416.3584718737644,334.94193026978115,81.41654160398326,98.29020165254062,47.636645981703865,50.65355567083676,NB
frame_veX_186.95_187.16,11.304868620735022,0.0,0.4446475680732529,413.88570423387785,355.6169106943899,58.268793539487945,19.752105421884394,11.295771254889884,8.456334166994509,NB
frame_u_187.16_187.19,14.68194150003869,0.0,-0.4436405353400439,390.3471217221861,347.16648698878026,43.18063473340584,0.443957268966642,0.2311264217036353,0.2128308472630067,NB
frame_lej_187.19_187.34,14.215187233765777,0.0,-0.2422830264936155,412.6884146083244,360.0341310821487,52.65428352617568,22.441949788757228,8.16452154619023,14.277428242566998,NB
frame_tSi_187.34_187.43,18.01640658692152,1.6500000000000057,-0.3298740496245573,400.2758457644363,352.6285838764753,47.64726188796101,2.950316778171242,1.883549543695352,1.0667672344758898,NB
frame_i_189.08_189.26,10.710002241743853,0.0,0.5561277205484869,408.87897569093445,355.8650182239536,53.0139574669808,6.706821799111694,3.969579947766832,2.737241851344862,NB
frame_be_189.26_189.55,9.229542760678129,0.0,0.2483816839114498,416.1031487161606,351.7732694543748,64.32987926178578,64.47586811845692,8.802565457364452,55.673302661092464,TB
frame_beX_189.55_189.69,0.8722970524009668,0.0,-0.4385489106556975,414.8203852442792,363.0451538876678,51.77523135661136,7.487412902223156,2.2038519251703548,5.283560977052801,NB
frame_lej_189.69_189.89,2.668318576446296,0.0,-0.4385489106556975,409.27846321538846,354.03040980123984,55.248053414148615,13.695389528226483,5.4674730893591885,8.227916438867297,NB
frame_tSi_189.89_189.96,2.402037091730321,0.0,-0.4775410113199597,388.61640937058166,344.4966382595395,44.11977111104216,11.144233764539235,6.240555112995054,4.903678651544183,NB
frame_feR_189.96_190.22,12.072526740374071,0.0,0.6409134522350559,413.5187663274529,351.86760305901385,61.65116326843906,65.95838425734328,19.02491923981665,46.93346501752662,NB
frame_vi_190.22_190.41,25.826246860736603,0.0,0.4084607588530845,399.76165461136907,347.01186659517725,52.749788016191815,9.235695658849764,4.85663425429027,4.3790614045594936,TB
frame_du_190.41_190.52,52.25937229721664,0.079999999999984,0.1016983286993575,386.2824222156177,338.7897800215144,47.492642194103325,46.3371877879073,26.779478751420143,19.55770903648716,NB
frame_ki_190.6_190.75,62.46717517217687,0.0,0.0392933546143685,403.9329942292342,352.1483445810222,51.78464964821205,274.6548906704135,202.86976660982043,71.78512406059309,NB
frame_E_190.75_190.8,63.74628153091764,0.0,-0.659680714257831,390.0011487067619,347.40969077388434,42.59145793287757,0.2707629214855842,0.1208568493393897,0.1499060721461944,NB
frame_dZi_190.8_190.86,23.49945207854532,0.0,-0.5513744921678708,381.7245703384685,338.037420871939,43.68714946652949,14.431860462823977,12.03698956499744,2.394870897826536,NB
frame_fe_190.86_190.98,28.24356427237417,0.0,-0.144150084412714,411.6004486649293,361.3492462056613,50.25120245926803,4.619464209458158,2.7188566107619465,1.900607598696212,NB
frame_re~_190.98_191.11,80.70616335260075,0.0,-0.2276770150239642,404.43295321883954,354.33513083670744,50.09782238213205,1.3373951931083283,0.7808831101130096,0.5565120829953187,NB
frame_tSi_191.11_191.19,3.352564031027498,1.240000000000009,-0.4037075304722585,389.1499964803176,344.144668429431,45.00532805088653,69.98329244319363,44.66978801198843,25.313504431205203,NB
frame_ow_192.43_192.49,129.82667561109506,0.0,-0.5132957458297179,399.234062649746,356.3557498115358,42.87831283821009,1.2298982845160251,0.715641704712425,0.5142565798036003,NB
frame_e~_192.49_192.88,21.77268036975022,0.0,2.4563203165617136,414.2600547473446,343.2936978498582,70.96635689748643,79.05360837844577,15.564473841744755,63.48913453670101,NB
frame_ta~w~_192.88_193.05,4.36007281931677,0.0,-0.3888630105565588,416.9726132269992,361.8054640367419,55.167149190257305,12.035567520640312,5.391687886883062,6.643879633757251,NB
frame_po_193.05_193.11,2.4695867564055902,0.0,-0.5132957458297179,392.53325675397485,349.99953433772623,42.53372241624862,0.8787683508422504,0.5100486343361297,0.3687197165061207,NB
frame_de_193.11_193.22,10.597554690671643,0.0,-0.2422830264936155,415.5145121824348,364.4695457086084,51.04496647382638,8.855247273556472,6.448003267080168,2.4072440064763043,TB
frame_zi_193.22_193.28,9.068808413851343,0.0,-0.5513744921678708,394.8137687803712,353.2614865865065,41.5522821938647,4.185153102358413,1.1784639671847117,3.0066891351737013,NB
frame_fa_193.28_193.47,2.4133688615590074,0.0,-0.3629172855758288,413.1664617134133,356.6926562888721,56.473805424541126,21.585653062466065,8.152869069137353,13.432783993328712,NB
frame_zeX_193.47_193.66,7.948026211408518,0.0,-0.2422830264938944,407.5099916171773,352.78127755453835,54.72871406263897,11.752972359255011,4.558296511542892,7.194675847712119,NB
frame_ko_193.66_193.72,17.739800645046415,0.0,-0.5132957458297179,416.4869157270713,369.1798168768348,47.30709885023657,32.98321607108693,23.35909669187123,9.6241193792157,NB
frame_a_193.72_193.79,1.0470772040773395,0.0,-0.4660932286774976,415.560884974604,367.8775129196899,47.68337205491406,0.2990332854926976,0.0837652576657319,0.2152680278269656,NB
frame_La_193.79_194.07,34.750482281546496,0.0,0.6688421454388058,407.34309786995095,347.8304320211552,59.51266584879573,41.199448057781765,27.386130554575445,13.81331750320632,NB
frame_da_194.07_194.19,8.029895015700959,1.6100000000000136,-0.2597413424744533,393.64876867796784,346.8820978929019,46.76667078506597,52.19006221586632,27.087847382697504,25.102214833168816,NB
frame_ko~_195.8_195.87,20.72699648732558,0.0,-0.4926178302321101,399.1987746575312,352.69573342725323,46.50304123027797,15.495659171240533,7.930856734538111,7.564802436702422,NB
frame_mu_195.87_195.97,20.45343010915923,0.0,-0.116437216916465,411.67183724310087,361.7448710996258,49.92696614347511,55.02047266218452,27.38156654306502,27.638906119119497,TB
frame_E_195.97_196.1,10.888062284625704,0.1299999999999954,-0.0530777586184743,399.2626056688442,350.0266123534066,49.235993315437554,21.25431672016572,11.78827080210175,9.466045918063967,NB
frame_ki_196.23_196.3,83.95077998212219,0.0,-0.5513744921678708,386.1485604204792,342.0503630113549,44.09819740912434,2.575177707156172,1.5714926805342486,1.0036850266219233,NB
frame_si_196.3_196.36,316.79489965255794,0.0,-0.5513744921678708,383.0076139544757,341.624241660842,41.38337229363378,10.595327205155854,2.4373733989774564,8.157953806178398,NB
frame_fajs_196.36_196.67,144.92421175304045,0.6000000000000227,1.0815459178448945,393.4459615930268,330.6544695456637,62.79149204736308,102.65032328656778,37.94623055420692,64.70409273236086,NB
frame_bo~_197.27_197.33,314.0523590586637,1.089999999999975,-0.4926178302321101,384.4611337815253,340.73738563455856,43.72374814696673,12.0518272867223,9.08288585027617,2.96894143644613,NB
frame_a_198.42_198.54,85.54078962188177,0.0,0.0497864868299663,412.6509760409,363.25289229831145,49.39808374258854,554.7335776378791,427.6316754965467,127.1019021413324,NB
frame_ko_198.54_198.62,1.3341051672957749,0.0,-0.5132957458297179,416.9238531030891,368.9252340525716,47.99861905051745,3.423181596721008,1.3161481257655794,2.107033470955429,NB
frame_a_198.62_198.65,12.719862831198157,0.0,-0.8787970010832928,406.97912015311954,362.65510473149845,44.32401542162109,7.21318890676244,3.919625313213458,3.2935635935489813,NB
frame_La_198.65_198.85,2.907205216952491,0.0,0.1529624299313418,415.6697044397349,358.9797833492308,56.68992109050413,24.58856542259562,9.06776132886489,15.520804093730732,NB
frame_da_198.85_198.99,13.025646153345178,0.0,-0.1565653993727846,414.9384271221607,363.52634764672,51.41207947544069,9.297737054607694,4.626102704253896,4.671634350353799,NB
frame_Esi_198.99_199.08,13.382605932302797,0.2199999999999988,-0.811331453167778,399.7545464033946,354.11914059189075,45.63540581150386,3.455302580909887,1.6885296306497253,1.7667729502601617,NB
frame_so_199.3_199.51,2.217901992727832,0.0,3.0447770377622096,411.3599458193006,356.9934646803508,54.36648113894984,15.579941459428682,11.94713191614585,3.632809543282832,NB
frame_frew_199.51_199.8,2.988360472495657,0.0,-0.4385489106556975,415.06253066695945,350.475670002559,64.58686066440043,25.482218168230546,18.657939851365285,6.824278316865261,NB
frame_u~_199.8_199.97,20.451811440358146,0.0,0.6804753302775167,411.2468482169038,355.6048249781844,55.64202323871939,19.323981145968787,11.533146737542708,7.790834408426079,NB
frame_ma_199.97_200.14,28.413149819805355,0.0,0.2561383730327173,413.4046266276022,357.95501305354054,55.44961357406169,8.639921416024563,5.474298975624947,3.1656224403996163,NB
frame_aw_200.14_200.21,125.95707926879416,0.0,-0.7756210579816241,393.5851788730884,349.6171030694161,43.96807580367232,44.883195040968815,17.457022175907525,27.42617286506129,NB
frame_te_200.21_200.42,17.884230313123567,0.0,0.6409134522350559,410.9659910109357,354.44423204359606,56.52175896733968,30.590139769233343,20.55763372338396,10.032506045849388,NB
frame_ra_200.42_200.48,136.70366864063945,0.0,-0.8787970010832928,396.8488269465189,353.0168696783672,43.831957268151655,5.083544139431012,2.4405227169510795,2.643021422479933,NB
frame_sa~w~_200.48_200.6,3.0935000796187357,0.0,-0.8263338974327079,406.8165067892577,358.25002397468904,48.56648281456864,22.29955214980147,16.111305482893215,6.188246666908256,NB
frame_muj~_200.6_200.76,2.9208332613386574,0.0,0.1016983286993575,406.7641971150397,354.8864698399624,51.87772727507735,12.097654036655186,4.333101418444414,7.764552618210772,NB
frame_tu_200.76_200.85,6.054584531892758,0.0,-0.3345727625322876,404.5782269873673,357.2874592035438,47.290767783823526,12.342336903741112,5.330317030248793,7.012019873492321,NB
frame_gra~_200.85_201.14,0.3173698832941625,0.0,-0.8263338974331224,413.52734303150896,349.11238799200044,64.41495503950853,124.83919114549236,58.97362870806262,65.86556243742974,NB
frame_dZi_201.14_201.25,44.75947391765661,0.4900000000000091,-0.5513744921678708,409.4760801803496,358.099741978658,51.37633820169168,5.958675000904037,3.266173524865252,2.6925014760387853,NB
frame_de_201.74_201.81,6.210308483131428,0.0,-0.6348147948177795,387.92423529632174,342.6275843753959,45.296650920925856,3.0640545486666326,0.8917497146289577,2.172304834037675,NB
frame_pojs_201.81_202.25,7.156714052444471,0.0,-0.5132957458297179,405.8402770062815,332.7953417287378,73.04493527754369,57.30438647252086,39.68486541437346,17.6195210581474,NB
frame_ki_202.25_202.39,42.63302249090289,0.3800000000000239,-0.4037075304724684,388.5154912872497,338.1347249344324,50.38076635281732,59.57166297283043,29.54744264129171,30.02422033153872,NB
frame_vi_202.77_202.83,8.767369018507054,0.0,-0.5513744921678708,416.85189071729326,370.27774736037776,46.5741433569155,5.436701560759047,2.267335453550388,3.16936610720866,NB
frame_e_202.83_202.98,2.558821658043911,0.0,0.444647568072974,417.1794522067023,363.636689953949,53.54276225275322,4.954973925688336,2.5521783013103345,2.402795624378001,NB
frame_ra~w~_202.98_203.19,0.0009178360394912,0.0,-0.0972157526389879,412.4486686495175,354.2675705596614,58.18109808985605,6.293326234498849,2.9654921495836533,3.327834084915196,NB
frame_ujs_203.19_203.33,7.447208541630715,0.0,0.1016983286993575,406.1919014576362,354.54583134681025,51.64607011082597,3.086216118874887,1.829556125430571,1.256659993444316,NB
frame_i_203.33_203.53,7.915380957087748,0.0,0.7037946822440992,405.3683978844342,347.7940682454995,57.57432963893479,3.6208305205091023,1.952926171862444,1.6679043486466585,NB
frame_o_203.53_203.57,4.761057484730657,0.0,-0.2760908935904358,401.01112134828406,357.0926337070649,43.91848764121914,0.0458540805246059,0.0185525954475025,0.0273014850771033,NB
frame_guX_203.57_204.83,3.044854134628139,0.0,4.791612559436909,413.2163801054568,271.355655076783,141.86072502867373,83.66069317622254,63.68689305096912,19.97380012525342,TB
frame_tSis_204.83_204.92,10.024841957240852,0.8300000000000125,-0.5513744921680807,382.42764351563153,337.01879894608123,45.4088445695503,2.0284977889456712,1.047461181559143,0.9810366073865282,NB
frame_a_205.75_205.84,0.4401670297582996,0.0,-0.2597413424744533,413.0597630438839,365.3935416937542,47.66622135012972,84.03995406386899,58.71678360825521,25.323170455613777,NB
frame_gO_205.84_205.94,7.161595641169768,0.0,-0.694687288891419,419.23961084759287,367.96271984047337,51.2768910071195,9.391706089932626,3.342546968260663,6.049159121671963,NB
frame_ra_205.94_206.0,14.221925777741262,0.0,-0.8787970010832928,416.2508187073021,370.79569681526925,45.45512189203288,3.604709787530197,1.891669331587963,1.7130404559422343,NB
frame_a~_206.0_206.13,13.089319627069642,0.0,0.6319023921543175,414.12993061250063,362.4408678024239,51.68906281007679,17.62394590172434,12.090122854998612,5.533823046725729,NB
frame_tSi_206.13_206.28,11.21416312171874,0.0,0.1131268354620697,407.82849544455166,354.28021411743725,53.54828132711441,198.6462384226211,147.76761657142487,50.87862185119624,NB
frame_ga_206.28_206.45,7.373381531001513,0.0,-0.3629172855761221,417.3439955363684,362.4845386402395,54.8594568961289,15.41744174486874,8.652104614738363,6.765337130130376,NB
frame_me~_206.45_206.56,23.7638171463548,0.0,-0.4127802792713703,408.0708806566725,359.6785771005067,48.39230355616576,17.47709597036817,7.227369076285356,10.249726894082812,NB
frame_tSi_206.56_206.62,25.35890276977929,0.0,-0.5513744921678708,392.2401280542885,349.6816033575066,42.55852469678189,15.14380030109882,10.139462467883304,5.004337833215516,NB
frame_si_206.62_206.7,24.260435500607823,0.0,-0.5513744921678708,395.5160734493221,351.67439761259567,43.84167583672638,15.343697652124575,5.727422617206827,9.616275034917749,NB
frame_fa_206.7_206.84,3.864878013214792,0.0,-0.3629172855758288,417.8868678988903,364.3009007252304,53.58596717365992,5.9224831899651065,4.485661757411862,1.436821432553245,NB
frame_zi_206.84_207.06,32.08393922246583,0.0,0.4084607588530845,412.4665153818338,355.57273455753153,56.89378082430227,154.75640286511617,108.86666192118268,45.88974094393349,NB
frame_a_207.06_207.1,368.1120839002805,0.0,-0.7756210579819173,393.71440034802777,351.5469144225759,42.16748592545184,4.0441057465606605,2.6684393375447257,1.3756664090159347,NB
frame_ko_207.1_207.16,105.67217000336056,0.0,-0.5132957458297179,413.2020715474324,367.3977150527502,45.80435649468217,369.8920015788052,259.6554030257099,110.23659855309523,NB
frame_a_207.16_207.22,13.576073294889184,0.0,-0.569269171778873,414.97445985959297,369.2724655794802,45.70199428011279,1.842703158328007,0.2705551217346311,1.5721480365933758,NB
frame_La_207.22_207.43,0.7909643796926389,0.0,0.1529624299313418,418.8919484451221,359.91843665206693,58.9735117930552,13.059926155233612,5.616242312113968,7.4436838431196435,NB
frame_da_207.43_207.61,13.648020571710193,0.0,0.2561383730330106,407.7778806906581,355.38581015345824,52.39207053719991,44.42241262036261,30.919890307755225,13.502522312607384,NB
frame_sO_207.61_207.68,10.927184970796644,0.0,-0.5150267831432981,387.6214134177796,344.3923499846428,43.22906343313679,6.073523357256363,1.946136121199288,4.127387236057075,NB
frame_dej_207.68_207.84,11.049324906215702,0.0,-0.144150084412714,414.8338209077932,361.72527150259305,53.108549405200165,10.279775111072324,7.451713436348967,2.828061674723358,NB
frame_Sa~_207.84_207.91,2.792193550796753,0.0,-0.6805102684741298,405.6281441267781,359.24794965228205,46.38019447449608,3.486961308523064,2.693957923540637,0.793003384982427,NB
frame_du_207.91_208.05,14.116469050929936,0.0,0.4289016471229364,405.9726630496242,355.9669788431475,50.0056842064767,19.27657002816508,9.388201543104683,9.888368485060395,NB
frame_u_208.05_208.12,,0.0,-0.0073694441087087,390.1059291631997,346.0602619632139,44.04566719998576,,,,NB
frame_lej_208.12_208.44,9.302351105345522,0.0,0.9353122784780394,411.7113475672042,344.8296102173454,66.88173734985878,32.015283545205506,19.67636671063705,12.338916834568453,NB
frame_tSi_208.44_208.77,7.2762809124161265,0.6799999999999784,1.4421294907219508,411.8248830541106,346.3646785473127,65.46020450679794,52.65181385285904,12.347798812019192,40.30401504083984,NB
frame_pa_209.45_209.52,15.090109351713435,0.0,-0.8787970010832928,414.8170144704009,369.0741679500214,45.74284652037954,16.50626519780829,8.873795761927425,7.632469435880864,NB
frame_ra_209.52_210.03,48.59029117352157,0.0,3.7641204384827103,414.6745269898274,333.860388546266,80.81413844356143,514.1920216309608,449.5280058265556,64.66401580440514,NB
frame_ta_210.03_210.2,6.438364467784808,0.0,0.0497864868296731,416.97845059401806,362.6909348061584,54.28751578785972,12.92503914282092,9.41421595096294,3.5108231918579804,NB
frame_LaX_210.2_210.71,259.0847637816772,0.0,-0.1565653993730778,412.5948975581591,332.829765631379,79.76513192678016,609.2158407088202,340.1874724401132,269.02836826870697,TB
frame_ko~_210.71_210.77,17.523995123454227,0.0,-0.4926178302321101,380.81123444568914,339.3435815435473,41.46765290214188,70.7341856003031,31.294195878017177,39.43998972228593,NB
frame_mu_210.77_210.83,33.239012911676795,0.0,-0.4436405353400439,395.5425973678731,352.92076645289416,42.62183091497894,83.7629513043376,52.05726723753985,31.70568406679776,NB
frame_si_210.83_210.92,68.39495472014352,0.0,-0.3298740496247671,398.0363964340878,350.35363780492884,47.68275862915897,1.878212733431944,0.2219103689287251,1.6563023645032189,NB
frame_fa_210.92_211.1,33.1427523844645,0.0,0.3593143161343861,394.5526980782385,344.0271691621924,50.52552891604603,50.9165862555578,17.14881204324564,33.76777421231216,NB
frame_la_211.1_211.24,15.878250620281108,0.0,-0.0533894562714091,414.4210068808134,361.4713202293179,52.94968665149554,10.134222477946524,6.4186582077909975,3.715564270155525,NB
frame_va_211.24_211.44,48.55977373573188,1.420000000000016,0.5656662023371372,408.6717053546166,353.3214170142454,55.35028834037121,48.95700621580082,33.100429374527366,15.856576841273451,NB
frame_e~_212.86_212.97,8.479363297757189,0.0,-0.1351253829006557,409.69759488350326,360.6918244090583,49.005770474445,3.8592504518231294,2.52604635518324,1.3332040966398893,NB
frame_ta~w~_212.97_213.19,21.36521372018205,0.0,0.6319023921543175,415.36973235323165,357.5052244356962,57.86450791753544,3.4717290841331305,1.5657181502379842,1.9060109338951463,NB
frame_u_213.19_213.22,19.067706137737588,0.0,-0.4436405353400439,395.9284970361674,351.8606348745766,44.06786216159088,2.9424217338863343,0.4843970532816684,2.458024680604666,NB
frame_u_213.22_213.25,11.024886026807565,0.0,-0.4436405353400439,392.5245168863759,349.21870332319384,43.30581356318203,1.2097815856303953,0.8808224382464118,0.3289591473839834,NB
frame_ew_213.25_214.18,5.015519999404248,0.0,7.804618224147561,410.0899103272597,292.18497761820163,117.90493270905807,243.2248929309727,216.74092211395677,26.48397081701596,NB
frame_a_214.18_214.21,18.64171431553333,0.0,-0.8787970010832928,375.4492854987713,335.12928666088885,40.3199988378824,4.951399120119902,1.557599060841099,3.393800059278803,NB
frame_Su_214.21_214.29,18.362018541188604,2.030000000000001,-0.2255049897245313,385.7162335636622,340.2283137465689,45.48791981709326,4.7175748604966685,1.085609714486452,3.631965146010217,NB
frame_ki_216.32_216.75,5.213917720695605,0.0,2.0327973375039803,412.6426421076849,336.0429485436989,76.59969356398591,67.83807583613235,46.49970655853764,21.33836927759471,NB
frame_dE_216.75_216.9,10.14509334863699,0.0,-0.280553866983287,417.0688742854233,363.6654609399511,53.40341334547213,5.813415202214117,2.3404426785893264,3.47297252362479,NB
frame_de_216.9_217.16,16.364702376512568,0.0,1.229711104721023,413.6804720969863,351.1115599885572,62.56891210842906,8.36963732579396,2.9502560300426808,5.419381295751279,NB
frame_vi_217.16_217.22,24.199272893740925,0.0,-0.5513744921678708,410.8896513353279,364.6286420655295,46.26100926979842,0.9923096165572644,0.4997835457085102,0.4925260708487542,NB
frame_a_217.22_217.35,31.097191860424104,0.0,0.1529624299313418,408.3741156137911,358.184933302468,50.18918231132312,5.006529034844178,2.251938645203282,2.754590389640896,NB
frame_veX_217.35_218.05,32.85746054720124,0.9099999999999966,4.860629961718005,404.52675254609807,307.3325924621834,97.19416008391468,15.156399647640228,7.217810781487387,7.938588866152841,NB
frame_aw_218.96_219.02,190.19524815266936,0.0,-0.8787970010832928,384.8874609948149,341.9775175546683,42.90994344014666,9.515037841467858,3.117403242134401,6.397634599333458,NB
frame_gu~_219.02_219.14,135.42553418115602,0.0,-0.5593435960922475,392.75573005554327,344.3494658625264,48.40626419301685,1.3662581627718566,0.447561881719082,0.9186962810527746,NB
frame_aw_219.14_219.2,22.90730282832274,0.0,-0.8787970010832928,392.1687186453661,349.8716865348629,42.29703211050327,58.192289548487935,27.397000643259616,30.79528890522832,NB
frame_gu~_219.2_219.3,94.34854732029932,0.2699999999999818,-0.6626618399560029,405.0251083925464,355.3211548265159,49.703953566030464,5.32651342112861,2.699887437356466,2.6266259837721435,NB
frame_Z_219.57_219.61,1.784274335011489,0.0,0.0,412.5436037659245,366.3759124261461,46.16769133977846,0.1208831109150736,0.0372787198997315,0.0836043910153421,NB
frame_ERmi_219.61_220.03,6.355635329782814,0.0,0.932652044295642,415.81258880756303,341.07843838722204,74.734150420341,49.253516639473474,18.96231304073605,30.291203598737425,NB
frame_nu_220.03_220.12,44.359699394213976,0.0,-0.3345727625322876,402.1704384224953,354.60536222066173,47.56507620183351,51.78728182732235,32.7298025227642,19.05747930455815,NB
frame_lej_220.12_220.37,7.428272075276141,0.0,0.2483816839111709,413.1338877918826,352.6857442176832,60.44814357419944,26.725400157125307,9.81906930844312,16.906330848682188,NB
frame_tSi_220.37_220.49,8.910307713359416,0.0,-0.1083736070812437,396.03518893173776,348.2524737810635,47.78271515067428,6.152264069071521,3.7331015996756207,2.4191624693959,NB
frame_ki_220.49_220.74,11.422837118198627,0.6099999999999852,-0.3298740496245573,401.10885627174025,339.80230250650527,61.30655376523498,3.678709128095406,1.6692891117764077,2.009420016318998,NB
frame_le_221.35_221.79,102.1611153026718,0.0,1.7203758151260884,416.85859851672166,339.2980397924609,77.56055872426077,425.7273475229028,316.377663711169,109.3496838117338,NB
frame_va_221.79_221.85,107.90338941689213,0.0,-0.8787970010832928,403.86046840584254,360.01493879091794,43.8455296149246,413.5860064820304,305.94583010143026,107.6401763806002,NB
frame_e~j~_221.85_222.08,18.059689066972297,0.0,0.512736041965134,408.8358050230628,351.3815290163486,57.45427600671411,164.09558644868198,128.58431423624307,35.51127221243891,NB
frame_Ze_222.08_222.2,1.5755652702771386,0.0,-0.340415968574796,401.4165202145298,352.8907325126678,48.52578770186204,7.089936810844122,2.699327235474911,4.390609575369211,NB
frame_raw_222.2_222.35,1.608093470777078,0.0,-0.8787970010832928,412.3883308610115,359.9284930180986,52.45983784291292,9.72956685791594,5.164460960028492,4.565105897887449,NB
frame_va~_222.35_222.52,2.6385716592648976,0.0,0.7777260211133101,413.25694995840325,358.0047373395541,55.25221261884917,6.521369600592564,1.7439329413127496,4.777436659279815,NB
frame_mus_222.52_222.64,0.1144975842470614,0.0,-0.3345727625322876,399.6894396254547,351.66130149614094,48.02813812931379,4.849919885318997,3.676643442437253,1.1732764428817433,NB
frame_dZi_222.64_222.73,2.5716049961931877,0.0,-0.4037075304724684,404.7417310372239,358.6854745084488,46.05625652877512,4.039314636489991,3.250196844769846,0.7891177917201446,NB
frame_zeX_222.73_222.91,6.955938632778441,0.0,-0.4385489106556975,403.4740557149556,347.91943882973595,55.554616885219616,8.846615359015445,3.848132588924841,4.998482770090604,NB
frame_a_222.91_223.08,9.01965753947472,0.0,0.5656662023374304,411.30600480832703,357.17734583075605,54.12865897757098,3.626793479667569,0.9071057047110712,2.7196877749564976,NB
frame_tE_223.08_223.2,5.0525486189430495,0.0,-0.5080299753480997,413.9978318443239,363.04501218309287,50.95281966123099,8.812755745008928,5.330635926491269,3.48211981851766,NB
frame_aw_223.2_223.26,1.1961851682692526,0.0,-0.8787970010832928,409.2901140620622,363.5546982193733,45.73541584268884,0.563104916740798,0.1719717362906152,0.3911331804501827,NB
frame_gu~_223.26_223.35,3.9989636402551128,0.0,-0.5593435960922475,402.4318019293689,354.6999961721417,47.73180575722717,3.22513703318441,1.4237556739218178,1.8013813592625922,NB
frame_ma_223.35_223.52,1.4981813282045238,0.0,-0.6724451148802486,408.6173395389882,355.2526831700532,53.364656368935016,9.61327180293226,5.254007502447379,4.359264300484881,NB
frame_su_223.52_223.58,13.889791971413842,0.0,-0.4436405353400439,396.9068529705664,352.8715493531928,44.03530361737359,6.418368369325748,4.382402526536495,2.0359658427892526,NB
frame_Zej_223.58_223.68,11.885507656483426,0.0,-0.6348147948177795,390.67384915992056,343.01214017243257,47.661708987488,0.2536437871667374,0.0900157273087245,0.1636280598580128,NB
frame_ri~_223.68_223.94,0.8903897319110712,0.0,1.323636234940653,413.7675438794464,350.67840341601794,63.089140463428464,16.32007469117805,11.456916413941869,4.863158277236181,NB
frame_Ja_223.94_224.56,1.7439707532156348,0.0,1.4942496902503966,406.6653707688213,316.6880050014576,89.97736576736372,32.96101241165826,18.489164854010085,14.471847557648177,NB
frame_ki_224.56_224.68,4.956517952897912,0.0,-0.1083736070812437,405.69864959966674,358.9318170326806,46.766832566986125,113.22424992806714,56.863086367088144,56.361163560978994,NB
frame_se_224.68_224.76,2.945019771463734,0.0,-0.536681852736878,411.40124183483766,363.9911646674095,47.4100771674282,2.0911930749321077,0.5407025347267052,1.550490540205402,NB
frame_ri_224.76_225.03,2.9442956721675984,0.0,0.999128605635324,410.0236514653157,350.010993806348,60.012657658967726,14.324176946921938,7.069164424731284,7.255012522190654,NB
frame_a_225.03_225.08,4.249278101857485,0.8699999999999761,-0.6724451148802486,378.09008036531776,335.70233466378005,42.38774570153771,6.5648188449439004,3.080385506150918,3.4844333387929822,NB
frame_ki_225.95_226.11,5.176799342138565,0.0,-0.0345401262333326,410.3448006143062,357.05864256027166,53.28615805403456,7.359193161380745,4.100385389647911,3.258807771732833,NB
frame_de_226.11_226.3,2.4777811270970886,0.0,0.4446475680732529,417.1669906790885,359.99128022908235,57.175710450006136,7.821062048760581,4.085868008299926,3.735194040460655,NB
frame_vi_226.3_226.36,5.088866636663283,0.0,-0.5513744921678708,399.4416069823658,354.972916275204,44.46869070716184,1.2173715836148349,0.3684389933815737,0.848932590233261,NB
frame_le_226.36_226.6,3.363611046873629,0.0,0.1502487418302694,414.1563393727611,354.63323204537573,59.52310732738539,11.513554156779747,3.9950878522861046,7.518466304493643,TB
frame_vaX_226.6_226.86,8.419251604492729,0.0,0.5656662023374304,415.38511076469047,353.206827134742,62.17828362994851,23.588475508623542,16.15007315424036,7.438402354383186,NB
frame_u_226.86_226.9,10.661670506608743,0.0,-0.3345727625322876,405.89200313820254,362.34221092281695,43.5497922153856,4.282511824604455,1.012850679291489,3.2696611453129663,NB
frame_lej_226.9_227.01,1.172700026434569,0.0,-0.6348147948177795,409.0606271197254,361.3507300005961,47.70989711912927,7.8035928323529475,3.3710417870184277,4.43255104533452,NB
frame_tSi_227.01_227.07,3.327306437411736,0.0,-0.5513744921678708,392.46892248021766,347.7943345419314,44.674587938286265,7.79914647338822,2.5417021121327963,5.257444361255423,NB
frame_a_227.07_227.2,10.477005279749465,0.0,0.1529624299313418,409.565976232248,360.08772795877894,49.47824827346909,10.267414663391776,4.412007528648616,5.85540713474316,NB
frame_ta_227.2_227.35,19.910940619281902,0.0,-0.1565653993730778,414.6695958835202,361.3128299609402,53.35676592258005,16.590234648110766,9.334541644745144,7.255693003365621,NB
frame_LaX_227.35_227.66,18.74397833760672,1.0500000000000114,-0.6724451148805418,407.9350917502408,343.6695474443438,64.26554430589698,38.67117735141771,21.6930297677512,16.978147583666512,NB
frame_i_228.71_228.82,7.097312440371326,0.0,0.0392933546141586,414.3185844442926,365.1910647961568,49.12751964813583,7.1484753234074105,2.745671303016479,4.402804020390931,NB
frame_a_228.82_228.91,16.73383527339169,0.0,-0.2597413424744533,412.8049811003315,364.6968642722618,48.10811682806974,1.100621268021044,0.586010694203253,0.5146105738177909,NB
frame_ko_228.91_228.97,15.596155236285128,0.0,-0.5132957458297179,398.35680718812085,353.4601305679195,44.89667662020133,2.7528686215678846,1.3590543949638343,1.39381422660405,NB
frame_a_228.97_229.08,0.3060210650369157,0.0,-0.0533894562714091,417.4161869646165,366.3443581929688,51.07182877164775,19.598396887740165,10.034517786633472,9.563879101106693,NB
frame_La_229.08_229.34,18.699802264831177,0.0,0.4624902592357616,415.6376692553761,353.955526428638,61.68214282673813,15.494971708629066,9.719227533703048,5.775744174926018,NB
frame_da_229.34_229.6,58.28356064758758,0.0,1.081545917844601,411.3405581817125,349.8085439263933,61.53201425531921,427.1234130057842,340.1718665369699,86.95154646881423,NB
frame_a~_229.6_229.65,24.790985633680847,0.0,-0.5346866395151371,389.838203910664,348.5272181805261,41.310985730137816,7.976333746814163,2.100687651694713,5.87564609511945,NB
frame_tSi_229.65_229.76,12.46045814037096,0.0,-0.1822070879291548,402.2517956068064,360.01833552207046,42.23346008473595,4.612694279692192,2.1793888676732536,2.433305412018939,NB
frame_ga_229.76_230.15,14.287986155883374,0.0,1.906953462656485,411.0316451094312,343.26655354765217,67.765091561779,91.6501233345928,33.933742780775205,57.71638055381759,NB
frame_e_230.15_230.39,9.877209694115804,0.0,1.3278440468019244,415.1078549646453,354.2369267929977,60.87092817164756,8.30643909671538,4.045061353919692,4.261377742795688,TB
frame_ra_230.39_230.55,11.499081462340982,0.0,0.1529624299316351,407.2993615334077,352.3418872754887,54.95747425791899,3.739828612722917,2.283645202577432,1.456183410145485,NB
frame_sO_230.55_230.62,3.1679601578502883,0.0,-0.5150267831438088,413.8400540758993,367.5905246599475,46.24952941595177,3.029781681245197,1.0193673093916402,2.0104143718535568,NB
frame_lej_230.62_230.84,4.990751967700575,0.0,-0.144150084412714,409.63841055662937,351.8987824845352,57.73962807209415,12.57749755756224,4.898461383345136,7.679036174217103,NB
frame_tSi_230.84_230.92,4.2832339722451565,0.0,-0.4037075304724684,387.0962140845064,343.2114149935281,43.88479909097833,7.129555527746589,3.4682871169137286,3.661268410832861,NB
frame_ta_230.92_231.09,46.71787955033005,0.0,-0.1565653993730778,411.0915652065809,357.68067983040703,53.41088537617389,79.95437085938576,57.00124633971255,22.953124519673217,NB
frame_La_231.09_231.28,260.3460013068261,0.0,-0.3629172855758288,412.1486948890697,355.3444133243164,56.804281564753296,548.7710381055508,267.7730182239844,280.9980198815664,NB
frame_du_231.28_231.34,55.774498900679546,1.4499999999999886,-0.4436405353400439,392.0749781861292,350.2354433441321,41.839534841997136,15.414687093455314,6.1630282466920505,9.251658846763265,NB
frame_i_232.79_232.96,30.539110768869875,0.0,0.4822942397009956,397.5673439944402,346.1672220395145,51.40012195492562,110.45287851803587,76.84017596596993,33.612702552065954,NB
frame_i_232.96_233.15,73.63227074187343,0.0,0.629961201396398,396.5153181789577,342.4291126531666,54.08620552579112,8.333107649928166,5.999411228893081,2.3336964210350857,NB
frame_si_233.15_233.28,56.718608730214754,0.0,-0.0345401262335425,396.8070314975511,347.9958662677661,48.81116522978499,17.424967387013595,6.701104733904288,10.723862653109308,NB
frame_i_233.28_233.78,18.12365977773922,0.1500000000000056,2.9187991076772346,403.0917751054568,324.20431641281635,78.8874586926404,35.99666962332864,12.551479312680442,23.4451903106482,NB
frame_i_233.93_234.12,158.9146735250738,0.0,0.629961201396398,393.4913433252362,341.3474401467503,52.14390317848592,1.6037181386458457,0.8365075237897557,0.76721061485609,NB
frame_si_234.12_234.2,1.2960812970320037,0.0,-0.4775410113201696,406.806562063771,359.7464241637681,47.06013790000293,10.276558835266089,2.978528418388976,7.298030416877111,NB
frame_ko_234.2_234.26,0.3548558917870537,0.0,-0.5132957458297179,394.7473802782682,350.68343076290046,44.06394951536777,4.217316347715439,3.0378426336468465,1.1794737140685925,NB
frame_mi_234.26_234.33,3.388302505725676,0.0,-0.4775410113199597,407.4880146992271,359.7230843035722,47.76493039565486,20.185371191906995,12.448675600425162,7.736695591481833,NB
frame_a_234.33_234.42,22.94665081050087,0.0,-0.2597413424747466,405.5565994668463,357.31749257734225,48.23910688950406,6.110496454927443,3.3331327932078807,2.777363661719562,NB
frame_ko~_234.42_234.49,8.636822662095511,0.0,-0.4926178302321101,406.7781448532793,360.0280707931183,46.75007406016101,15.8398867843498,9.832678701364642,6.007208082985159,NB
frame_mu_234.49_234.56,28.28369728090223,0.0,-0.4436405353400439,405.77061868154897,361.6593577368709,44.11126094467807,8.034515010263021,1.7119853113940169,6.322529698869005,NB
frame_es_234.56_234.89,10.772285121815033,0.0,1.9166416992881703,412.1862195195539,344.1092093224688,68.07701019708509,80.04400837919391,27.77273485221673,52.27127352697718,NB
frame_ta_234.89_234.98,40.98259310836721,0.0,-0.569269171778873,389.98394068205744,343.9441741305445,46.03976655151291,0.4433738820546296,0.1008577473028253,0.3425161347518042,NB
frame_va_234.98_235.07,322.6629169347263,0.0,-0.6724451148805418,394.0090276728329,348.64834893050374,45.36067874232913,12.32431842702306,8.04065757386877,4.283660853154288,NB
frame_ow_235.07_235.13,17.51830103440122,0.0,-0.5132957458297179,404.9455424349168,359.5092415224406,45.43630091247621,1.4831989879103844,1.2161081637708264,0.267090824139558,NB
frame_si_235.13_235.26,31.44214205617624,0.0,-0.0345401262335425,403.81357853968666,353.28253729229084,50.53104124739582,21.802650705700188,7.145203764376475,14.657446941323713,NB
frame_se_235.26_235.34,30.182604968757715,0.0,-0.732947736898681,391.256933031518,345.4488369263768,45.8080961051412,11.34641034288302,4.727028576648195,6.619381766234824,NB
frame_pa_235.34_235.67,46.73739699237712,0.0,1.7006015764534408,409.9403776461964,344.2539026584646,65.6864749877318,43.574618913911024,19.886747519232188,23.68787139467884,NB
frame_ra_235.67_235.76,36.81935796877471,0.0,-0.569269171778873,405.0603223151967,358.08974545036267,46.970576864834015,6.541877974288354,4.115670747000792,2.4262072272875628,NB
frame_va_235.76_236.03,17.689812014538518,0.0,0.4624902592357616,410.28730736231546,348.12106252379004,62.166244838525415,34.08493476798486,23.59785146669429,10.487083301290568,NB
frame_aw_236.03_236.65,64.47685836133229,0.0,4.899055812599014,405.57620603481456,316.0627990749971,89.5134069598175,46.423760730626384,33.66343379377591,12.760326936850475,TB
frame_gu~_236.65_236.71,74.4227167501949,0.0,-0.7659800838203457,392.90283386136025,348.9096164830128,43.993217378347424,10.474083142537694,8.242753634895678,2.231329507642016,NB
frame_ma_236.71_236.88,72.45574886435602,0.0,0.2561383730327173,390.1072062169824,338.72975599299417,51.377450223988205,5.725190269883825,2.9416981604942976,2.7834921093895275,NB
frame_koj_236.88_237.04,222.39092982578785,0.0,-0.5132957458297179,401.36475562482747,348.50434841618835,52.86040720863912,24.76886644085414,17.89246855641875,6.876397884435392,NB
frame_za_237.04_237.13,65.8404115794786,1.710000000000008,-0.569269171778873,392.3604970618383,346.857826874288,45.50267018755028,19.639750259849023,11.217243841138838,8.422506418710185,NB
frame_na~w~_238.84_239.13,0.0448725253230009,0.0,-0.2430393815979806,417.3065391307621,351.9787435757946,65.32779555496751,36.686135638168125,15.953587489754996,20.73254814841313,NB
frame_E_239.13_239.61,13.645315242973808,0.0,2.600810172304412,413.9144694058756,333.2907253456321,80.62374406024344,20.81972351790465,7.763156053311249,13.0565674645934,NB
frame_bo~_239.61_239.68,89.99659138119321,0.3100000000000023,-0.3217096034165512,398.7621946818296,353.47485332240257,45.287341359427046,6.184772524523737,5.362911213821832,0.8218613107019053,NB
frame_pu~_239.99_240.09,3.3854182873166394,0.0,-0.4560253522279046,408.4506031042889,359.1945937708874,49.25600933340149,13.780180164820308,8.944536860733962,4.8356433040863465,NB
frame_Ja_240.09_240.16,7.452591709351111,0.0,-0.8787970010832928,411.1039227650496,364.47917183052857,46.62475093452099,4.5028024234218265,1.278350194929061,3.224452228492765,NB
frame_zi_240.16_240.22,4.301883026633249,0.0,-0.5513744921678708,405.0473642534336,358.7804754637274,46.26688878970617,1.578387918212627,1.1008969936936808,0.4774909245189462,NB
frame_kos_240.22_240.36,4.344458732927734,0.0,-0.5132957458297179,397.90341479328606,347.8753655474578,50.02804924582824,1.0493860970625803,0.5631140000488983,0.486272097013682,NB
frame_tu~_240.36_240.57,3.539922949384703,0.0,-0.2493888644998063,408.2735225477806,351.6177389504294,56.65578359735122,30.72002384785949,14.655325508355332,16.06469833950416,NB
frame_ma_240.57_240.89,1.5469402131147945,0.0,0.8751940316415568,416.7838627169224,349.9542156080871,66.82964710883527,19.60040362777636,6.651825390901564,12.948578236874797,NB
frame_va_240.89_241.13,24.82585939794751,0.0,0.6688421454388058,412.2389467363215,352.3061971921231,59.93274954419837,83.17555886790117,54.57725092865834,28.59830793924283,TB
frame_poX_241.13_241.3,2.918296532539671,0.0,-0.5132957458297179,397.26866234020986,345.8472942016773,51.4213681385325,7.241830728557232,3.228754271236397,4.013076457320835,NB
frame_u_241.3_241.33,33.51413780395313,0.0,-0.4436405353400439,392.7569237599584,350.5710661229064,42.18585763705192,0.3971512042070344,0.1109643523786161,0.2861868518284183,NB
frame_a_241.33_241.36,49.15034229647232,0.0,-0.8787970010832928,391.95274644749446,349.1570082303165,42.795738217177984,2.700838206701164,0.401632074848365,2.2992061318527988,NB
frame_su_241.36_241.44,94.125276340009,0.0,-0.2255049897242213,388.96370121887617,346.26534969201384,42.698351526862325,19.416795129864745,7.682406089359027,11.734389040505718,NB
frame_kaX_241.44_241.72,63.3669547349364,0.5300000000000011,-0.3629172855758288,407.8504489257461,346.231282354507,61.61916657123908,3.3061439466384144,1.5096521558596123,1.796491790778802,NB
frame_nE_242.25_243.18,8.76036472364953,0.0,1.9942072166648397,420.0206799888844,301.91083816664127,118.10984182224313,125.45977736174594,89.50654124691565,35.95323611483029,NB
frame_a_243.18_243.29,12.502432162824164,0.0,-0.0533894562717023,410.96674882489646,360.8960007735863,50.07074805131015,8.263029273240889,5.787307236270323,2.4757220369705664,NB
frame_gO_243.29_243.36,81.68724413783123,0.0,-0.5150267831432981,405.1748621456843,359.1146704139868,46.0601917316975,2.5525648502370686,1.5389648607819453,1.0135999894551233,NB
frame_ra_243.36_243.53,337.9962589429522,0.0,0.2561383730330106,407.9617870137969,353.67843169107425,54.28335532272263,637.3922550873585,276.61837585180854,360.77387923555,NB
frame_mez_243.53_243.93,54.58784083171128,0.0,0.6409134522353349,409.6847705086562,338.7888610718811,70.89590943677513,348.0544845310812,290.15741291734764,57.89707161373357,NB
frame_mu_243.93_243.99,21.117751011456846,0.0,-0.4436405353400439,415.19584224185473,368.9125951892547,46.28324705260002,0.8212767238284471,0.4692860624369643,0.3519906613914827,NB
frame_a_243.99_244.11,16.153425215872687,0.0,0.0497864868299663,404.61974429126377,358.8118558051065,45.80788848615725,13.061552131331268,5.937380753174409,7.124171378156859,NB
frame_ko_244.11_244.2,1.9919590820391304,0.0,-0.2760908935904358,415.05079988708064,367.2845833519417,47.76621653513894,51.50438411059629,35.55451213194121,15.949871978655082,NB
frame_a_244.2_244.24,404.66240526682,0.0,-0.7756210579816241,405.90718957253137,363.3408936586976,42.56629591383376,65.08176973425441,30.69618724594136,34.38558248831305,NB
frame_La_244.24_244.45,93.37909361538055,0.0,0.1529624299313418,412.05605357941687,355.9163564042916,56.139697175125264,437.6942559824819,323.55640964271106,114.1378463397708,NB
frame_da_244.45_244.6,5.800416886738248,0.0,-0.0533894562717023,402.0845003433144,352.1389286907164,49.94557165259795,7.32914775147114,6.071705114523752,1.2574426369473883,NB
frame_tSi~_244.6_244.66,40.06579029696596,0.0,-0.9099999115216988,396.57603870671977,351.4163323551494,45.15970635157038,0.8249027995694576,0.273426823138891,0.5514759764305666,NB
frame_Ja_244.66_244.72,12.022243223621814,0.0,-0.8787970010832928,402.77678774312494,357.909920593306,44.86686714981897,5.187467811541126,3.5209593808489217,1.666508430692204,NB
frame_u~_244.72_244.75,6.83766655777427,0.0,-0.7659800838203457,391.454692570794,348.57987022930973,42.87482234148422,1.6774392436936694,0.3602889084509684,1.317150335242701,NB
frame_ma_244.75_244.96,11.798479315804627,0.0,0.4624902592357616,411.8837520942057,354.1595000117874,57.72425208241833,16.49159634133086,12.271776209582356,4.219820131748506,NB
frame_paX_244.96_245.27,2.4630709022555664,0.0,-0.4660932286774976,414.42225621679967,350.7415754004021,63.68068081639757,10.149897815755963,5.150056894014824,4.999840921741139,NB
frame_tSi_245.27_245.33,434.9112498978036,0.0,-0.5513744921678708,394.27935530547154,351.3889844953237,42.890370810147886,51.971864141451874,26.816939809260816,25.154924332191055,NB
frame_ki_245.33_245.66,3.2772014180679605,0.0,1.2206290481786377,406.67481745578993,342.3187727536484,64.35604470214156,11.479106958512546,6.707856680370696,4.771250278141849,TB
frame_tSi~_245.66_245.72,5.7899935951209045,0.0,-0.9099999115216988,383.68072985153583,341.4318706521952,42.24885919934064,7.388156458250393,2.2118388242217293,5.176317634028663,NB
frame_Ja_245.72_245.95,4.480566765012298,0.0,-0.6724451148805418,406.0230770618467,349.66302322661045,56.36005383523627,9.757510307548586,7.864191423400655,1.8933188841479307,NB
frame_ow_245.95_246.01,3.5945162705845632,0.0,-0.5132957458297179,391.7366631890159,347.36356373141666,44.37309945759927,1.4355108627906643,0.4046150515150373,1.0308958112756272,NB
frame_tru_246.01_246.1,7.333132223879204,0.0,-0.4436405353400439,408.4678137481154,359.0533034752915,49.414510272823975,6.847295595543244,2.982478037259142,3.864817558284102,NB
frame_no~_246.1_246.36,33.08909038410577,0.0,1.387372664735638,409.4659486475429,345.9810272073893,63.48492144015364,17.363859108590503,10.483181580414708,6.880677528175795,NB
frame_mi_246.36_246.65,42.68044979885825,4.269999999999982,0.7776281630920103,398.9281616105876,337.93727494195105,60.99088666863656,3.778212961043821,2.4911505626004957,1.2870623984433252,NB
frame_a_250.92_250.95,29.5913969807026,0.0,-0.8787970010832928,368.64375693797393,327.7533500345513,40.890406903422615,3.1552943054257696,1.959416247663711,1.195878057762059,NB
frame_kE_250.95_251.04,13.051779657528442,0.0,-0.5838553448029654,402.2806990676028,355.18185790310326,47.098841164499504,13.578755188038857,6.92538247968443,6.653372708354425,NB
frame_la_251.04_251.4,8.983327813748474,0.0,2.0101294057578603,395.521369211341,328.7719857846981,66.74938342664296,6.485895119046376,4.454533037755056,2.03136208129132,TB
frame_ki_251.4_251.47,6.922390560399009,0.0500000000000113,-0.5513744921678708,378.4405027082945,336.2304086253597,42.2100940829348,14.382762677070671,4.970734609358686,9.412028067711988,NB
frame_fi_251.52_251.6,15.630315866461416,0.0,-0.4037075304724684,389.5217815324435,345.0401126351118,44.4816688973317,15.092413827171557,7.861962843537697,7.230450983633858,NB
frame_ka_251.6_251.69,42.02143541848676,0.0,-0.7756210579819173,395.14910107015294,347.79177236910226,47.35732870105068,75.84220742210947,43.52218590068642,32.320021521423044,NB
frame_majs_251.69_251.93,6.080782471774569,0.0,0.0497864868299663,393.5315419737764,336.1471033979683,57.38443857580808,14.439471216374812,6.450613360025358,7.988857856349455,NB
frame_a_251.93_252.03,17.977781740229744,0.0,-0.1565653993730778,389.5499944079992,342.01615269153103,47.53384171646815,3.666758879616566,1.750192831082629,1.9165660485339373,NB
frame_gwa_252.03_252.29,12.30851372422626,0.0,0.7720180885401814,398.8173091440453,340.71924774726136,58.098061396783976,18.07497623173828,6.704011540385778,11.370964691352498,NB
frame_da_252.29_252.44,68.64475998006851,0.1500000000000056,0.0497864868299663,384.8054111777578,334.4026988328969,50.40271234486096,16.708535488763573,7.403458298091238,9.305077190672336,NB
frame_u~_252.59_252.74,4.144483340830433,0.0,0.4738388425494185,409.4753055933219,355.5021333120832,53.9731722812387,7.035332157144097,4.560995650315164,2.4743365068289336,NB
frame_ma_252.74_253.0,1.976614235791928,0.0,1.081545917844601,409.5842902201836,351.0182537793173,58.56603644086624,14.52813208293034,10.034446444831602,4.493685638098739,NB
frame_paX_253.0_253.32,0.2128745700513832,0.0,-0.0533894562714091,411.0944425144885,345.5164397299679,65.5780027845206,19.40344396338017,14.246365641702738,5.157078321677432,NB
frame_tSi_253.32_253.47,4.809036352205283,0.1800000000000068,0.1131268354620697,406.10199166061255,353.8665723744075,52.23541928620506,15.369288906878907,9.408563393609114,5.960725513269793,NB
frame_e~j~_253.65_253.76,5.525543293249996,0.0,-0.5053319113952048,410.4200605543578,359.8242828122798,50.59577774207799,3.993606206008053,1.7855941254363898,2.208012080571663,NB
frame_si~_253.76_254.06,28.82295371926816,0.0,2.0681816170947704,410.3926589639936,346.023846197775,64.36881276621853,66.66712072044541,31.54508533567024,35.12203538477518,NB
frame_ma_254.06_254.16,61.14725292015539,0.0,-0.569269171778873,388.21476105895937,341.1173735400057,47.09738751895367,2.854764599679932,1.1254672613083727,1.729297338371559,NB
frame_fi_254.16_254.22,366.7989627356304,0.0,-0.5513744921678708,389.7301595698184,345.4725843771473,44.25757519267109,10.617093874380885,7.181184100053315,3.4359097743275697,NB
frame_ka_254.22_254.3,1.8889922795719656,0.0,-0.6724451148802486,411.7711431765075,364.0356024751542,47.735540701353386,2.9167895319024666,1.8554454453296076,1.0613440865728592,NB
frame_majs_254.3_254.49,2.7896168522361933,0.0,-0.4660932286774976,410.71903061162055,355.3193487145292,55.39968189709134,5.555226975296023,3.045673608077593,2.5095533672184303,NB
frame_a_254.49_254.57,5.867894229324747,0.0,-0.3629172855761221,407.75185616195387,360.5798019913584,47.17205417059552,2.9625163929757434,2.353886077346729,0.6086303156290143,NB
frame_ma_254.57_254.73,13.462989422262424,0.0,0.0497864868296731,410.1735006575548,355.57814534284284,54.59535531471198,6.93804351566358,4.848525610283616,2.089517905379964,NB
frame_rE_254.73_254.91,1.1807323575115871,0.0,0.0985729802914726,413.8156204777356,359.0390865579424,54.77653391979322,16.132481142830557,8.191197135819493,7.941284007011063,TB
frame_la_254.91_254.99,2.596713878237395,0.0,-0.8787970010832928,405.3276848755344,359.7536629196108,45.57402195592363,1.128535294370394,0.3954060860257442,0.7331292083446499,NB
frame_i_254.99_255.03,5.226699052130599,0.0,-0.4775410113201696,397.3053102017277,353.61023554924867,43.69507465247904,2.970919455183548,1.799182746356237,1.1717367088273107,NB
frame_majs_255.03_255.24,1.544035164004569,0.0,-0.3629172855761221,406.38060722977286,349.5775551470828,56.8030520826901,5.6487882358961485,3.858963859908428,1.7898243759877204,NB
frame_a_255.24_255.4,6.982019542982727,0.0,0.4624902592357616,409.31441745043287,357.04959826004824,52.264819190384685,8.427449700444527,4.777416561598557,3.65003313884597,NB
frame_gwa_255.4_255.7,13.654213436268408,0.0,0.7720180885401814,413.335910187416,348.99545114387246,64.34045904354349,11.767324895511962,7.740815913950612,4.026508981561349,NB
frame_da_255.7_255.87,62.98022516458778,0.0,0.2561383730330106,397.1522303033879,345.02938512520507,52.12284517818284,1.6447851561497586,0.8410737453072628,0.8037114108424959,NB
frame_majs_255.87_255.99,136.90241308859166,0.2400000000000091,-0.8787970010832928,394.3951885361213,347.4437323503525,46.95145618576879,271.8262096171673,74.06225465217668,197.7639549649906,NB
frame_na~w~_256.23_256.38,239.57938765280124,1.329999999999984,-0.8263338974322935,382.6706661211837,332.9731029659619,49.69756315522176,458.9001891833241,257.9556077992109,200.94458138411323,NB
frame_mi_257.71_257.79,3.3228446306035977,0.0,-0.4775410113199597,414.14570270093736,366.9903099108967,47.15539279004065,8.53331107552583,4.91928276401697,3.6140283115088607,NB
frame_le~_257.79_258.32,5.8162470549657,0.0,-0.2276770150244903,413.0992763279132,326.59132380450274,86.5079525234105,25.09042485318598,14.043965607790597,11.046459245395384,NB
frame_bru_258.32_258.43,1.049741572748843,0.0,-0.2255049897242213,396.1079170964433,347.6901011295997,48.41781596684359,2.0259725177023284,0.7306793497498489,1.2952931679524795,NB
frame_ko~_258.43_258.5,2.3076805063219155,0.0,-0.4926178302325959,402.8842626362844,356.9274488574922,45.95681377879214,0.3102553265277379,0.2523920588227923,0.0578632677049455,NB
frame_mu_258.5_258.67,6.871645351309141,0.0,0.6470371927384491,409.9260746670268,357.7906978912067,52.13537677582002,8.773944846338523,4.10727447350196,4.666670372836563,TB
frame_E_258.67_258.7,230.8401279748489,0.0,-0.8113314531679936,375.67317235788886,336.0696108829821,39.60356147490677,3.638752790562535,1.1544872656480152,2.48426552491452,NB
frame_ki_258.7_258.82,7.779036519212383,0.0,-0.5513744921680807,408.97017628912056,358.8870186746675,50.08315761445306,0.1108062537785912,0.0899769725987056,0.0208292811798855,NB
frame_e_258.82_259.03,27.55618530759577,0.0,1.033445220558941,408.3107628130084,350.4459385837401,57.864824229268265,54.99579703622796,13.677176419590252,41.31862061663771,NB
frame_ra_259.03_259.11,,0.0,-0.6724451148802486,391.4359983551503,347.2967768145128,44.13922154063749,,,,NB
frame_e_259.11_259.14,63.67879567342713,0.0,-0.7329477368989599,379.9139737428312,339.8516024304332,40.06237131239794,1.4814327804017182,0.7175962976378116,0.7638364827639066,NB
frame_si_259.14_259.21,,0.0,-0.4775410113203794,386.0294932450044,341.7638115494921,44.265681695512285,,,,NB
frame_no~_259.21_259.42,19.884140585171597,0.0,0.0201068502135951,406.9620777683819,348.19267317368013,58.76940459470177,57.47336013627655,12.88651257734766,44.58684755892889,NB
frame_mi_259.42_259.51,20.40953578861013,2.590000000000032,-0.4775410113203794,394.7376320094095,349.28569676573755,45.451935243671926,125.8118816975394,85.34600253153614,40.465879166003255,NB
frame_a_262.1_262.16,36.43459050971301,0.0,-0.569269171778873,410.62388643402153,364.1736509036583,46.45023553036327,8.75522753266658,5.301008542444876,3.4542189902217046,NB
frame_gO_262.16_262.28,16.29365708030099,0.0,-0.155705771649099,418.7747565428206,367.0442038512699,51.73055269155071,8.814121693101129,4.111591484235873,4.702530208865255,NB
frame_ra_262.28_262.54,17.83550436152035,0.0,1.1847218609462695,418.1582938582024,355.7464065359995,62.41188732220292,32.77127603488499,21.302770076197987,11.468505958687004,NB
frame_ow_262.54_262.6,57.17681881728255,0.0,-0.5132957458303921,394.30765858644986,351.924282650745,42.38337593570492,7.737162668451162,3.761979142049597,3.975183526401565,NB
frame_tra_262.6_262.83,1.9251849888509012,0.0,0.4624902592354684,412.12447953803866,354.43114484447153,57.69333469356712,6.576378562712421,4.302216340739932,2.274162221972489,NB
frame_koj_262.83_263.2,32.2571488678888,0.0,-0.5132957458290437,413.2489013844885,342.4669820309821,70.7819193535064,97.25415958805112,34.54922446090053,62.70493512715059,NB
frame_za_263.2_263.35,33.44231733606162,0.0,0.0497864868299663,394.61867256064096,345.1030208298328,49.51565173080815,0.6207296113710186,0.4450430459335734,0.1756865654374451,NB
frame_dZi_263.35_263.69,15.01532668098352,0.0,1.3682960098742496,414.41082596087824,345.71463974106746,68.69618621981084,53.618747506953454,32.4337195638272,21.185027943126254,NB
frame_fe_263.69_263.86,3.859768432886824,0.0,-0.340415968574796,413.037659738524,359.6139275447338,53.423732193790215,12.753460959697549,8.386250108622448,4.3672108510751,NB
frame_re~_263.86_263.95,6.826685233107526,0.0,-0.5978835435187764,394.0628035532997,349.15964018850883,44.903163364790885,2.9999405101611103,2.297793154225502,0.7021473559356082,NB
frame_tSi_263.95_264.05,9.994441541293696,0.0,-0.3298740496245573,419.76405134860966,368.983494254373,50.780557094236656,13.836468846571478,10.507989350434457,3.328479496137021,TB
frame_E_264.05_264.1,128.04709897859286,0.0,-0.659680714257831,413.9419116972088,367.9689179159001,45.97299378130867,17.705493299093575,10.614363932909384,7.091129366184191,NB
frame_ki_264.1_264.16,26.28812612950523,0.0,-0.551374492167661,406.6580672971877,362.75906520504543,43.89900209214227,1.0021826389675963,0.7704267825543099,0.2317558564132866,NB
frame_u_264.16_264.19,102.638234767361,0.0,-0.4436405353403539,381.1334292777555,339.9610616935266,41.17236758422894,0.5177044894658422,0.2490543283973636,0.2686501610684786,NB
frame_lej_264.19_264.48,19.404591155673444,0.0,-0.0460171423315336,411.7257674889317,348.96410987995097,62.76165760898067,15.092904236916285,5.656795767000062,9.43610846991622,NB
frame_tSi_264.48_264.67,30.18781406738907,0.0,0.3346272780055931,408.378107783745,352.8311001807281,55.54700760301694,9.49779153477388,5.904564933934978,3.593226600838904,NB
frame_da_264.67_264.89,142.5078710352507,0.0,0.4624902592354684,415.8427485565471,357.63150633918843,58.21124221735863,545.9881517061108,354.879477766806,191.1086739393048,NB
frame_a_264.89_265.14,167.5070363341711,0.4399999999999977,1.3910737471490209,401.286634815938,341.0361043368871,60.250530479050894,494.0937123855196,233.25736660093932,260.83634578458026,NB
frame_a_265.58_265.63,85.99780198920052,0.0,-0.6724451148802486,404.0601808609287,360.26121814947646,43.79896271145219,0.4095195115899699,0.3706757344530658,0.0388437771369041,NB
frame_va_265.63_266.12,31.90281809059037,0.0,3.557768552279666,409.996222566095,329.4765938905303,80.51962867556472,9.744274120514092,4.319509107781414,5.424765012732678,NB
frame_ka_266.12_266.33,182.1496478564163,0.0,0.4624902592354684,419.79141309460346,362.7520475049671,57.03936558963636,502.5625884624315,321.6648003960407,180.89778806639083,NB
frame_pro_266.33_266.42,43.42120863293587,0.0,-0.5132957458290437,407.2312044884102,360.3640245601716,46.86717992823856,1.1894767521163772,0.7429442816515746,0.4465324704648026,NB
frame_dOjs_266.42_266.57,19.60984643527749,0.0,-0.6946872888919295,407.4111059307926,356.0925833381712,51.31852259262138,11.54429290415952,6.703361016662839,4.84093188749668,NB
frame_lej_266.57_266.79,31.22863220924083,0.0,-0.340415968574796,404.880696210268,349.73427311277374,55.14642309749428,187.5047786070854,130.1536147068311,57.35116390025431,NB
frame_tSi_266.79_266.91,19.418943193198785,0.0,-0.1083736070810339,413.7625987497981,361.9931606702813,51.76943807951676,17.76396478497803,8.484300737042659,9.27966404793537,NB
frame_e~_266.91_267.12,74.55411721979377,0.0,0.7903909383358485,410.1821870985346,355.0523348335624,55.12985226497221,162.82744081812487,81.40736288445768,81.42007793366719,NB
frame_kwa~_267.12_267.25,134.37293207538033,0.0,-0.5346866395151371,397.1979494844214,347.4236964374419,49.77425304697948,46.66307363505507,23.81105468550641,22.852018949548665,NB
frame_tu_267.25_267.31,,1.0600000000000025,-0.4436405353397339,385.6924540175716,344.30627249639394,41.386181521177605,,,,NB
frame_E_268.37_268.74,2.222437614405507,0.0,1.766731108300027,410.5383775587452,341.18813100831875,69.35024655042645,13.914895305624997,6.652875570250586,7.262019735374409,NB
frame_la_268.74_268.92,18.140956981696263,0.0,0.3593143161346793,409.9612148303269,354.4575529146902,55.50366191563671,12.647817935821706,7.638802441893773,5.009015493927933,NB
frame_te~j~_268.92_269.12,75.3691039628021,1.240000000000009,-0.6904351756423479,400.9179819637714,346.35948604669534,54.55849591707607,0.0490612413276352,0.0185050574789613,0.0305561838486738,TB
frame_be_270.36_270.45,2.11949956625196,0.0,-0.6348147948180584,414.2576122523069,366.3140103281611,47.94360192414575,5.860372463321511,3.9188311258549646,1.9415413374665464,NB
frame_ze_270.45_270.54,3.115765948636394,0.0,-0.4385489106556975,412.7139094229051,363.05987860558594,49.65403081731915,6.719353250326421,3.548956441191379,3.170396809135042,NB
frame_Ru_270.54_271.27,2.7419580752727626,0.0,-0.3345727625325976,410.075812375169,310.3795301692932,99.6962822058758,131.96286076861549,66.78000890802997,65.18285186058552,NB
frame_E_271.27_271.46,24.704167210756864,0.0,0.401874458111151,409.6638897396545,355.0229000073595,54.640989732295,4.965329935541419,2.686980980410098,2.278348955131321,NB
frame_E_271.46_271.65,17.041188769155127,0.0,0.401874458111151,409.1759248028779,352.33408373752354,56.841841065354345,4.456867092708222,1.827711491228726,2.6291556014794963,NB
frame_E_271.65_271.81,2.5403833238083564,0.0,0.1743983497465538,410.8621083343296,358.233856123037,52.62825221129253,11.569461921474002,4.116924838845847,7.452537082628154,NB
frame_sa_271.81_271.91,3.98122813783246,0.0,-0.4660932286769111,396.63052654228784,348.97585816340523,47.65466837888261,7.874315385216036,2.906520698159383,4.967794687056653,NB
frame_E_271.91_272.08,9.191847023634253,0.0,0.2502237192009885,412.5721813137304,358.29131380302533,54.28086751070509,12.214406517659796,6.587059115080962,5.627347402578835,NB
frame_a_272.08_272.12,40.64081834681531,0.0,-0.7756210579816241,388.07731946778176,345.60470996359305,42.47260950418871,11.342400523820956,7.160457968112482,4.181942555708474,NB
frame_va~_272.12_272.23,2.677343383726992,0.0,-0.6805102684737153,404.2864744074683,357.1385452365962,47.14792917087209,11.739793505920076,7.96102311813226,3.778770387787816,NB
frame_mus_272.23_272.34,5.5076469821288185,0.0,-0.4436405353397339,404.48537457878,354.8638193780127,49.62155520076726,7.585603170600223,2.9375511926673425,4.64805197793288,NB
frame_dZi_272.34_272.42,4.867531315719859,0.0,-0.4037075304722585,411.9226035898665,363.6663674021823,48.25623618768424,8.575409609404389,3.25781886845337,5.317590740951019,NB
frame_zeX_272.42_272.65,5.582824607858072,0.1000000000000227,-0.6348147948175006,408.0599999635888,351.2566251236526,56.80337483993617,5.016835431202793,3.5489314227311297,1.4679040084716632,NB
frame_a_272.75_272.88,1.7203273082261037,0.0,0.1529624299313418,412.1044717174304,361.77307315631305,50.3313985611174,6.028520462276404,4.8065886019938375,1.2219318602825666,NB
frame_si_272.88_272.96,36.99724806509344,0.0,-0.5513744921680807,392.13548526927553,346.30687576233817,45.82860950693737,16.508325490331103,11.705877874822775,4.802447615508328,TB
frame_tu_272.96_273.03,11.678417036886415,0.0,-0.4436405353403539,411.670734276764,365.3780742712903,46.29266000547358,5.145266314137146,2.820506909638212,2.324759404498934,NB
frame_a_273.03_273.08,4.620593574512739,0.0,-0.6724451148802486,409.9516629309844,366.2921047735399,43.65955815744445,2.101619528205717,0.9045537837932472,1.1970657444124695,NB
frame_sa~w~_273.08_273.28,3.0955740906327094,0.0,0.6319023921543175,404.0125230532847,347.58265862331154,56.42986442997318,6.580303948573757,3.907297511626141,2.6730064369476167,NB
frame_na_273.28_273.53,0.8198288296679124,0.0,0.6688421454382194,411.4205996980159,351.6615336067477,59.75906609126815,7.366043734282655,3.044170795612274,4.321872938670381,NB
frame_tu_273.53_273.64,5.195380150940849,0.0,-0.116437216916465,415.0206300754898,364.5536258389155,50.467004236574326,9.320837978312383,7.172282406743562,2.1485555715688207,NB
frame_raw_273.64_273.85,20.970466115905595,0.5699999999999932,0.2561383730327173,414.2107786367824,356.9194034915191,57.2913751452632,57.64722000342829,19.214468998005984,38.432751005422304,NB
frame_u_274.42_274.45,0.8679000687971268,1.8799999999999957,-0.4436405353403539,375.4283712180247,333.9689130676352,41.45945815038954,6.821266271011979,2.1393025489379625,4.681963722074016,NB
frame_u~_276.33_276.4,4.978631136936315,0.0,-0.3527071083638555,416.55591544408855,368.7421774206268,47.81373802346178,10.031747320945442,5.146944633281635,4.884802687663807,NB
frame_ma_276.4_276.57,12.147891007215035,0.0,0.0497864868299663,413.5668764778793,359.50715687526184,54.05971960261746,11.24249176875088,5.740619101598384,5.501872667152497,NB
frame_va_276.57_276.75,15.772332137784788,0.0,0.3593143161340928,416.2958087587296,361.42343251190175,54.8723762468278,16.475606234090407,11.918920286778445,4.556685947311962,NB
frame_ka_276.75_276.83,19.897557908760877,0.0,-0.6724451148802486,409.9396950646876,362.39260048368055,47.547094581007,3.0233181183104563,1.4410153592917112,1.582302759018745,NB
frame_muj~_276.83_276.99,12.415854607484276,0.0,-0.4436405353403539,405.3435913188765,354.2359675608866,51.10762375798993,16.32595962256434,7.5582842840233155,8.767675338541025,NB
frame_tu_276.99_277.06,12.571193061502512,0.0,-0.4436405353397339,400.8131469755241,354.5340937922889,46.27905318323525,29.66069828178938,20.365419596979294,9.295278684810086,NB
frame_bo_277.06_277.17,4.133771192251359,0.0,-0.5132957458290437,416.097927354546,363.8341350273228,52.2637923272232,24.586473629797997,13.138710933879892,11.4477626959181,NB
frame_a_277.17_277.2,19.546763126949884,0.0,-0.878797001083586,402.3289346363046,359.4594505402689,42.869484096035706,8.126417107555795,4.27038995740341,3.8560271501523857,NB
frame_E_277.2_277.32,23.293491806722272,0.0,-0.12890312807334,416.9400297009687,365.8910881889712,51.0489415119975,17.87212486052411,6.182689334043289,11.68943552648082,NB
frame_la_277.32_277.46,2.95148098142532,0.0,-0.2597413424747466,413.6135539333418,362.0355327471008,51.57802118624102,8.985521492815565,5.684456761292651,3.3010647315229136,NB
frame_a_277.46_277.51,4.838614796697414,0.0,-0.6724451148802486,394.7584066967077,351.6127530963788,43.1456536003289,5.055124814197356,2.4787431486641083,2.576381665533248,NB
frame_ka_277.51_277.66,2.044720034977217,0.0,-0.1565653993727846,415.1086954991805,362.0967428622197,53.011952636960814,9.400547162830051,6.006790651223014,3.3937565116070374,NB
frame_ba_277.66_277.77,3.3472150980636286,0.0,-0.3629172855761221,408.003124820189,359.07930347122726,48.92382134896178,2.970064917096238,1.139111236746004,1.830953680350234,NB
frame_pro_277.77_277.93,3.6027276096871788,0.0,-0.5132957458290437,409.7346875790701,357.5635939561901,52.17109362288,13.08157866365788,7.442646218600913,5.638932445056966,NB
frame_du_277.93_278.06,12.83307361094495,0.0,0.2107661015068038,404.9791742907795,354.5202842943342,50.45888999644529,8.487470795855572,5.549539814807616,2.9379309810479555,NB
frame_zi~_278.06_278.23,10.632430351337106,0.0,-0.0413636323416602,409.9589496134174,354.318528530142,55.64042108327544,6.591163953319452,3.012201224552882,3.578962728766569,NB
frame_du_278.23_278.3,18.408629305313116,0.0,-0.4436405353397339,403.885111692078,358.7929161424544,45.092195549623625,2.7795820093941472,1.128895578409768,1.6506864309843792,NB
frame_lej_278.3_278.45,1.2654120608425783,0.0,-0.4385489106556975,415.8963311863335,362.0802159498301,53.81611523650338,25.844680511950077,8.749319889330366,17.095360622619708,NB
frame_tSi_278.45_278.55,4.991699369558404,0.0,-0.256040568776856,396.6756408658707,349.2132861929324,47.46235467293826,3.960182197536796,3.0216628992402548,0.9385192982965408,NB
frame_a_278.55_278.69,5.631592542815241,0.0,0.2561383730327173,410.5506680285081,359.64645209923503,50.90421592927311,11.687584437279952,7.2646326357192095,4.422951801560743,NB
frame_tE_278.69_278.83,24.082105377836,0.0,-0.2805538669835025,416.53736010252896,364.85428703961634,51.68307306291268,11.769860045239056,7.548425193969024,4.221434851270033,NB
frame_se~j~_278.83_278.93,23.409078506189417,0.0,-0.7829868077664455,397.48280828207714,349.8290865568163,47.65372172526082,5.239957776738947,2.840801227947225,2.399156548791723,NB
frame_be_278.93_279.03,31.58826387249817,0.0,-0.340415968574796,410.4222776815154,361.69370725166686,48.7285704298485,23.825745839233008,14.168214232708408,9.6575316065246,NB
frame_ze_279.03_279.1,11.05792690377649,0.0,-0.6348147948175006,401.2321388258308,358.20364300715426,43.0284958186765,11.957334417226974,6.51690361003179,5.440430807195185,NB
frame_Ru_279.1_279.16,17.83332373432542,0.0,-0.4436405353397339,400.4165730378917,357.3647882678743,43.05178477001738,4.949937589193652,3.7557358875784246,1.1942017016152278,NB
frame_i_279.16_279.26,24.060828097247,0.0,-0.0345401262337523,401.6346634758973,352.94875793742915,48.68590553846815,2.544620987161295,1.932327623201232,0.6122933639600632,NB
frame_si_279.26_279.52,9.261834745691289,0.1899999999999977,0.9252951247872028,409.783056986554,352.5901891298872,57.1928678566668,31.278331192824357,7.94489821543965,23.333432977384703,NB
frame_u_279.71_279.76,149.2337759292593,0.4000000000000341,-0.2255049897242213,378.0104248571167,336.9915332308288,41.01889162628788,15.246965734651155,7.344888033249788,7.902077701401367,NB
frame_be_280.16_280.22,19.983207783920875,0.0,-0.7329477368984021,407.1331648408171,361.8781181831588,45.25504665765828,1.0808744509622985,0.5361979938135875,0.5446764571487108,NB
frame_ze_280.22_280.28,14.535175349055097,0.0,-0.7329477368989599,408.4200250698675,363.3984807697098,45.0215443001577,1.9130303195497191,1.0437608777926357,0.8692694417570834,NB
frame_Ru_280.28_280.76,7.89280271573881,0.0,-0.116437216916465,415.5741284732375,335.8159100838636,79.7582183893739,17.721268185309256,9.28086433438277,8.440403850926486,NB
frame_mo_280.76_280.83,8.57932649113097,0.0,-0.5132957458303921,403.0081350016412,357.3434389943056,45.66469600733569,10.959855503202917,6.579732591479029,4.380122911723888,NB
frame_Ri_280.83_280.97,12.787052159731571,0.0,-0.551374492167661,414.8801401408336,361.4578349362026,53.422305204631016,20.53081828944002,10.43678577387567,10.09403251556435,NB
frame_E_280.97_281.11,17.88797878775405,0.0,0.0227476108363914,416.1169063858285,364.21269762169015,51.90420876413833,10.31398152675456,3.6108690702542674,6.703112456500293,NB
frame_la_281.11_281.18,19.84165955465862,0.0,-0.7756210579816241,394.6799404649887,350.8717538839528,43.80818658103584,0.209883779040183,0.0421188510932495,0.1677649279469335,NB
frame_ko~_281.18_281.24,2.456149132921041,0.0,-0.4926178302316244,402.341797049212,359.0928842508116,43.24891279840034,4.183949881598338,1.987755653624987,2.1961942279733506,NB
frame_tSi~_281.24_281.3,310.34001052537235,0.0,-0.9099999115213462,410.1404034454505,365.2185801644407,44.92182328100984,2.3855663361413235,0.7528687780705923,1.6326975580707312,NB
frame_nu_281.3_281.4,0.917164440860958,0.0,-0.3345727625325976,409.87940362231376,362.0130765778964,47.86632704441735,4.374345574616882,1.5223296541613536,2.8520159204555284,NB
frame_a_281.4_281.48,1.540435026862795,0.0,-0.3629172855755356,392.791368597391,346.84969268907764,45.94167590831336,5.283912368198372,3.840184006953578,1.4437283612447942,NB
frame_pro_281.48_281.57,19.944961203825173,0.0,-0.5132957458303921,405.99165600811074,358.91935633440096,47.07229967370978,14.701927638567952,10.386886323986914,4.315041314581038,NB
frame_du_281.57_281.69,12.37659918828966,0.0,-0.4436405353403539,393.5093534642188,345.9213444995792,47.58800896463959,12.969700977789358,7.856759089463253,5.112941888326105,NB
frame_zi~_281.69_281.81,4.019636782315459,0.0,-0.1654545293679342,404.6574856480185,358.7692539488652,45.88823169915327,9.420202248099883,4.774766565982489,4.6454356821173945,NB
frame_du_281.81_281.87,163.08410838275591,0.0,-0.4436405353397339,411.2295804837621,366.40094213819066,44.82863834557145,4.211055118325589,2.5010173276000955,1.7100377907254938,NB
frame_lej_281.87_282.34,3.5826620919540773,0.0,0.8371793363971379,414.4478876002645,336.2195675361944,78.22832006407003,55.47281586046513,30.68667283229593,24.786143028169207,TB
frame_tSi_282.34_282.52,23.19002382535021,0.0,0.2607937971574722,405.69519760342325,350.2533192045689,55.44187839885427,11.498773553138648,5.18282308632557,6.315950466813078,NB
frame_i_282.52_282.63,33.045918783751446,0.0,0.0392933546143685,406.3109040237883,357.84231819964816,48.46858582414012,42.58390479508628,11.761918355745069,30.82198643934121,NB
frame_ta~_282.63_282.71,70.70439719296024,0.0,-0.534686639515966,410.7984011700231,362.084303984443,48.71409718558005,0.5730232310556573,0.1529436803463326,0.4200795507093247,NB
frame_be~j~_282.71_282.87,53.51148980743177,0.0,-0.4127802792716333,401.1390559765809,349.3505571869702,51.788498789610685,29.187991949271836,14.381936633175345,14.80605531609649,NB
frame_poX_282.87_283.12,62.09381328123052,0.4699999999999704,-0.5132957458290437,389.6009815763574,334.3462443286558,55.2547372477016,30.20427690507505,22.01571881556321,8.188558089511844,NB
frame_va_283.59_283.69,236.3371243209424,0.0,-0.569269171778873,384.5960394490079,339.8677286183006,44.72831083070736,24.230605158947327,12.506294869672589,11.72431028927474,NB
frame_rius_283.69_283.81,309.52582419308624,0.910000000000025,-0.5513744921680807,381.5038466882117,337.697289517578,43.806557170633766,45.833623411287135,22.298319113171143,23.53530429811599,NB
frame_me_284.72_285.03,5.562516300024825,0.0,1.7203758151258095,415.70385939608514,347.93981774809265,67.76404164799249,5.589131373180308,1.5761372969768104,4.012994076203498,NB
frame_zis_285.03_285.77,5.003339964270651,0.0,4.247801762937115,406.363694121398,306.75928455445603,99.60440956694195,16.91215826824255,9.600755771183929,7.311402497058623,NB
frame_u_285.77_285.81,51.67882468765724,0.4599999999999795,-0.3345727625319776,374.857469754127,333.5404814153694,41.3169883387576,7.27723978054604,3.9987796991937614,3.2784600813522786,NB
frame_be_286.27_286.45,11.041393242952324,0.0,0.2483816839111709,415.7268381798594,359.8961201344736,55.83071804538582,13.936904498204086,7.369801426005168,6.567103072198918,NB
frame_ze_286.45_286.61,7.306231950213032,0.0,0.2483816839111709,416.6203603720699,363.4031551592066,53.21720521286329,7.808498090104223,3.6082300279275614,4.2002680621766615,NB
frame_Ru_286.61_286.79,4.706824454870485,0.0,-0.2255049897242213,413.3523228253621,357.66511066669153,55.68721215867055,15.441683285392656,7.054068320396482,8.387614964996175,NB
frame_Za_286.79_286.85,13.395284198585784,0.4599999999999795,-0.8787970010829995,399.95464788204526,355.86303054842165,44.09161733362362,0.3085140564536033,0.1524744301775484,0.1560396262760548,NB
frame_es_287.31_287.57,5.461216538909142,0.0,1.229711104721302,410.89255071728894,350.48673655141454,60.4058141658744,21.44177691793834,8.109795899379463,13.331981018558878,NB
frame_ta_287.57_287.66,26.183040959954823,0.0,-0.6724451148802486,394.5319124255536,350.9507980485375,43.58111437701609,4.37395721389106,2.0320820691589176,2.341875144732142,NB
frame_gra~_287.66_287.8,24.10163562324111,0.0,-0.5346866395151371,404.3926099315089,353.44851774455066,50.94409218695824,16.324862195384227,5.8999081607003205,10.424954034683909,NB
frame_dZi_287.8_288.04,4.70416374737691,0.0,0.7037946822445189,414.3749034997549,354.7642935676687,59.61060993208616,19.78622281703018,6.4008875424365215,13.385335274593658,NB
frame_i_288.04_288.14,14.763698188116422,0.0,-0.0345401262337523,407.6616863230241,359.55403222869177,48.10765409433236,9.819284183670874,7.054991100565346,2.764293083105528,NB
frame_taw_288.14_288.41,18.622290269959805,0.0,0.3593143161340928,412.4422045162967,349.5639803432583,62.87822417303835,21.807075608524244,8.553579913399219,13.253495695125023,NB
frame_i_288.41_288.84,3.8115249971614986,0.0,2.4019647417424865,410.5620560322048,336.5913395651147,73.97071646709003,90.9242635565513,23.58159184075328,67.34267171579802,NB
frame_E_288.84_289.27,3.636812032545564,0.0,2.221683325029652,412.9676077838025,335.6484886593414,77.31911912446111,12.842352514084736,6.269298324492496,6.573054189592241,TB
frame_la_289.27_289.36,11.2503005444472,0.0,-0.8787970010829995,404.9243258776541,359.25258200546165,45.6717438721924,13.909160682914203,7.282073058514243,6.627087624399962,NB
frame_a_289.36_289.39,35.10894049648364,0.0,-0.878797001083586,390.3752303802736,349.4337104581062,40.9415199221674,4.859818407234968,1.4200553823347375,3.4397630249002304,NB
frame_i~_289.39_289.43,31.29820125331388,0.0,-0.7859090144957775,399.5585796724549,355.57878346740904,43.979796205045886,11.82462258203293,7.40862186915794,4.41600071287499,NB
frame_da_289.43_289.57,13.281413580152432,0.0,-0.1565653993733711,415.9651716562296,364.3641262903397,51.601045365889945,16.527410749444215,6.733960815560778,9.793449933883435,NB
frame_da_289.57_289.75,17.30810488253691,0.0,0.3593143161340928,409.6022207579641,356.75494840469446,52.84727235326966,8.471700135430694,3.759854547379078,4.711845588051617,NB
frame_lej_289.75_289.86,36.7876986005527,0.0,-0.5366818527365991,405.3866745404648,356.0716664804473,49.31500806001753,5.9686682664107735,3.2142978364611,2.754370429949674,NB
frame_tSi_289.86_289.98,54.919835554719214,2.319999999999993,-0.1083736070810339,387.32054936764587,340.2906200832925,47.029929284353386,39.72418987493399,19.08052222714177,20.64366764779222,NB
frame_a_292.3_292.37,40.90322287270236,0.0,-0.4660932286774976,414.2331614037543,366.7048143400256,47.528347063728745,2.204296283803004,1.2295704843428157,0.974725799460188,NB
frame_gO_292.37_292.47,21.785088490427853,0.0,0.0239547341005537,420.8971384117733,369.37795550647775,51.519182905295565,7.121991127493359,2.6392191798682774,4.482771947625082,NB
frame_ra_292.47_292.67,14.879447327212432,0.0,0.5656662023374304,411.66404093170377,357.2316831553728,54.432357776331,128.4615835389885,87.8177234761078,40.64386006288069,NB
frame_kwa~_292.67_292.86,29.554436607798152,0.0,0.4860787631957393,416.9575360255272,362.02818061186406,54.92935541366313,15.488014674318949,8.585730553705844,6.902284120613103,NB
frame_du_292.86_292.94,175.29676631969792,0.0,-0.4436405353403539,410.9651044413304,364.01187395490217,46.9532304864282,7.603583777235485,1.7281469685566435,5.875436808678842,NB
frame_u_292.94_292.97,164.25986265032097,0.0,-0.4436405353397339,379.4940061196749,338.3382866550993,41.15571946457561,4.186938052955611,2.4600733544218656,1.7268646985337457,NB
frame_be_292.97_293.05,23.0332051817214,0.0,-0.5366818527365991,407.68411006462736,359.78250849256784,47.90160157205952,10.463794643831733,6.410866792495824,4.052927851335909,NB
frame_ze_293.05_293.29,28.21039894741972,0.0,0.4446475680735318,413.8317280812683,353.7962135100213,60.035514571247006,11.406945378042906,4.184757708540133,7.222187669502773,NB
frame_Ru_293.29_293.38,35.91443180104619,0.0,-0.2255049897242213,402.5662576691948,355.5401155428913,47.02614212630351,6.853843806137945,4.277783613390284,2.5760601927476614,NB
frame_na_293.38_293.78,15.727561508783792,0.0,2.010129405757274,411.5765936923924,339.85505285227794,71.72154084011447,45.73529711186687,23.163210414070704,22.572086697796166,NB
frame_si_293.78_294.02,90.25925972949268,0.3700000000000045,0.4822942397005759,401.7239670452787,342.9670646478204,58.75690239745831,13.00556167268391,1.7709565456451912,11.23460512703872,NB
frame_u_294.39_294.46,29.37098824056747,0.0,-0.0073694441087087,413.2810756122223,367.9586249403407,45.32245067188154,5.741971930930376,1.6169390034958155,4.12503292743456,NB
frame_lej_294.46_294.76,13.156744392655384,0.0,0.2483816839111709,414.72998945830375,349.55695378177745,65.1730356765263,39.91496447708799,17.06613515692976,22.84882932015823,NB
frame_tSi_294.76_294.84,1.2705424808957844,0.0,-0.4037075304726782,393.3063991652895,349.764432686536,43.541966478753466,0.5561686730627287,0.291356454624804,0.2648122184379247,NB
frame_ki_294.84_294.91,10.729805615919958,0.0,-0.551374492167661,413.0238046008562,366.043346713673,46.980457887183206,30.19278948842989,11.27815655221974,18.914632936210158,NB
frame_a_294.91_295.01,47.357686022698175,0.0,-0.1565653993733711,413.5808047552329,364.9653677059014,48.61543704933155,3.757780247853603,1.5303143812688944,2.2274658665847085,NB
frame_va_295.01_295.24,46.80573181414599,0.0,0.8751940316415568,413.328995261614,355.3940904811839,57.93490478043003,5.324016691099956,3.5652449552150927,1.7587717358848636,NB
frame_ka_295.24_295.37,45.71764309135232,0.0,-0.1565653993727846,406.6716156182936,357.2591915585545,49.41242405973907,2.573568445451471,1.5317157212816142,1.041852724169857,NB
frame_pro_295.37_295.54,54.01374336453161,0.0,0.6727285153687149,410.42861737635695,356.6361215601286,53.79249581622838,4.115848525286552,1.9507978440034748,2.165050681283077,NB
frame_dOjs_295.54_295.78,138.4058049687215,0.0,-0.6946872888909084,411.2718908638869,352.4390109299783,58.8328799339086,45.39104767611917,23.65372230302785,21.737325373091323,NB
frame_na~w~_295.78_296.06,144.96448769840742,0.5,1.069373279030881,392.3705747020923,332.3399759935154,60.03059870857692,40.4993322538374,18.99108442685514,21.508247826982256,NB
frame_po_296.56_296.64,39.06695600741827,0.0,-0.5132957458303921,407.96234692351646,361.1730472689187,46.78929965459776,59.52855271078242,30.099406676021232,29.42914603476119,NB
frame_dZi_296.64_296.81,1.0135173444380712,0.3199999999999932,0.2607937971574722,412.3446819173613,360.1544334886613,52.19024842869993,5.232181425307374,3.2957412201233183,1.936440205184056,NB
frame_seX_297.13_297.26,13.448535362020351,0.0,-0.5366818527371569,407.63788927122994,357.86307204872094,49.774817222509,9.559069882837946,5.087728789246256,4.47134109359169,NB
frame_to_297.26_297.4,3.0461759876520773,0.0,0.6727285153673666,412.6298807587979,360.2192634041796,52.41061735461835,41.76137882489229,25.227588260614453,16.533790564277837,NB
frame_ma_297.4_297.7,39.81286870792388,0.0,1.184721860945683,410.079478996718,345.40247446657406,64.6770045301439,59.09196919139141,15.096593461018928,43.99537573037248,NB
frame_du_297.7_297.76,96.15863087590296,0.75,-0.4436405353403539,392.21573249046094,347.8645207917208,44.351211698740144,90.74067872653316,20.967885722941844,69.77279300359132,TB
frame_pe_298.51_298.63,3.67728876248718,0.0,-0.5366818527365991,411.4247323247913,364.4481165593982,46.97661576539309,7.578237268680553,3.366158941456036,4.212078327224518,NB
frame_lu_298.63_298.7,4.328497699675722,0.2800000000000295,-0.4436405353403539,413.0714164817296,364.9891196240793,48.08229685765031,2.1427547593424947,0.8862040491481196,1.2565507101943751,NB
frame_o~_298.98_299.01,69.74375729421097,0.0,-0.4926178302325959,385.9891954257988,344.00684973499,41.98234569080881,1.6811063340490904,0.941608402126178,0.7394979319229122,NB
frame_me~j~_299.01_299.1,47.57514217124236,1.1599999999999682,-0.875538439890017,402.55924346089546,355.2887983034352,47.2704451574603,128.49039584812286,63.05555246135799,65.43484338676487,NB
