frame,f0_avgutt_diff_2,p_dur,n_dur,e_range,e_maxavg_diff,e_avgmin_diff,f0_range,f0_maxavg_diff,f0_avgmin_diff,label
frame_pro_0.23_0.32,5.425902937292989,0.0,-0.9811437985420932,387.8410832094799,341.45992868176626,46.38115452771365,102.9309338347201,21.270199413510085,81.66073442121001,NB
frame_fe_0.32_0.47,29.020118007305516,0.0,-0.3066813425831212,396.1871382774698,342.199646185563,53.98749209190686,185.0846690206318,46.25470863603795,138.82996038459385,NB
frame_soX_0.47_0.65,37.39414309448111,0.0,-0.6852117621397279,396.2580256254527,338.8657164845976,57.39230914085505,190.1301620243807,58.37382952764162,131.75633249673908,NB
frame_Ra_0.65_0.77,5.5555378909129445,0.0,-0.4976971045925885,394.5231970664615,342.1250127972369,52.3981842692246,31.60829150347016,14.21590862240228,17.392382881067874,NB
frame_ww_0.77_0.85,22.92687631395248,0.84,0.0395241278060021,398.1749285538896,350.73936826728084,47.43556028660879,24.982410236934413,11.310535130392084,13.67187510654233,NB
frame_nOjs_1.69_1.84,17.38823221029753,0.0,-1.3935197173859035,402.3554056638274,348.3124740426666,54.04293162116085,44.955098143261466,20.152498473540447,24.80259966972102,NB
frame_gos_1.84_1.97,67.98695463621004,0.0,-0.5372457439385485,397.1530553946631,349.1248634018864,48.02819199277678,35.40072771362185,10.654174475012384,24.746553238609465,NB
frame_ta_1.97_2.09,28.353158782930905,0.0,-0.2679419717958185,397.03420758026135,344.1805892045378,52.85361837572356,53.36202503310392,26.237605559420103,27.124419473683812,NB
frame_ri_2.09_2.16,28.014786505181178,0.0,-0.4273570917520039,391.531446816295,347.46665879388235,44.06478802241264,19.69557696389276,11.375344020013472,8.32023294387929,NB
frame_a_2.16_2.19,52.64058525220102,0.0,-0.5742821488581807,378.0223672940329,336.9714607835113,41.0509065105216,2.025265935958572,1.363435991891862,0.6618299440667101,NB
frame_mus_2.19_2.31,71.8965652418434,0.04,-0.4648037429984935,390.6959880554204,340.3584086775276,50.33757937789284,33.96940301117928,11.633662381530115,22.33574062964917,NB
frame_pri~_2.35_2.44,8.381178669639382,0.0,-0.83768194832574,387.4653655219698,339.5313169316112,47.9340485903586,39.432439973382856,4.81679494967463,34.615645023708225,NB
frame_mej_2.44_2.58,6.759482080897101,0.0,-0.7330096663533048,385.1628048428091,337.97361886490387,47.18918597790525,27.937576147276506,12.310671011987438,15.626905135289064,NB
frame_ra_2.58_2.7,22.496137891018662,0.0,-0.1913569275302262,387.0194674576976,336.0867700477318,50.932697409965726,10.595084932163076,6.135287681988501,4.459797250174574,NB
frame_me~_2.7_2.88,22.21284830793149,0.0,0.0400252421429527,393.040525385542,336.25041287768,56.79011250786198,38.95111966767621,12.219174353004547,26.731945314671663,NB
frame_tSi_2.88_2.97,3.90598130757931,0.0899999999999998,-0.2340211340210837,386.8788185347631,340.0465512597727,46.83226727499044,27.855763736171525,12.041150858715127,15.814612877456398,NB
frame_ki_3.06_3.12,7.65958212339882,0.1699999999999999,-0.5240250706174618,379.2542918020808,336.61935750536986,42.63493429671093,18.80269060143217,4.932905969601109,13.869784631831068,NB
frame_u_3.29_3.32,0.8075420315126678,0.0,-0.5908857106996136,374.65180837410935,334.0962364223304,40.55557195177897,2.380506945634039,1.1063763024389175,1.2741306431951216,NB
frame_se_3.32_3.46,76.71063268221928,0.0,-0.9461738282384018,385.7389562674138,335.212007280845,50.52694898656881,250.64077658335032,136.15155006926926,114.48922651408104,NB
frame_JoX_3.46_3.55,49.67898800658151,0.0,-0.9811437985420964,388.2023108341258,340.8608518263133,47.34145900781249,8.64580629567962,4.366946965769671,4.278859329909949,NB
frame_nujs_3.55_3.77,7.917197050418736,0.0,-0.0865578398951165,391.88569441803486,332.78015692671903,59.10553749131583,98.57170915041844,34.003152706533285,64.56855644388514,NB
frame_dZi_3.77_3.85,4.495659778326683,0.0,-0.3306891128865417,388.7749820737514,342.37734968349207,46.39763239025933,20.06566275664443,7.197663828183579,12.86799892846085,NB
frame_se_3.85_4.11,55.7195745587299,0.0,1.185467790612531,396.382135337437,330.8544576952356,65.52767764220135,216.89911816025608,82.65171530150923,134.24740285874685,NB
frame_si_4.11_4.26,58.95505242458799,0.1200000000000001,-0.1373531551556301,391.4124382514459,338.70993018174244,52.70250806970347,200.4525835625153,69.8454345727778,130.60714898973748,NB
frame_a_4.38_4.41,3.8450798487191378,0.0,-0.5742821488581774,384.9730241446146,341.9569853410934,43.01603880352121,0.7826194469813856,0.566720311843369,0.2158991351380166,NB
frame_si~_4.41_4.47,2.014220428136724,0.1299999999999999,-0.8376819483257503,393.4566453528087,347.9524059986326,45.50423935417609,2.986361233343615,1.8040232723904523,1.1823379609531628,NB
frame_tu_4.6_4.73,141.56118698572067,0.0,0.0395241278060035,398.64866728321897,346.0402175206463,52.60844976257266,43.58634043360291,18.43589864362849,25.150441789974423,NB
frame_du_4.73_4.79,110.4268053433475,0.0,-0.5908857106996079,397.0994991885202,351.7323655709659,45.36713361755432,9.024947843325949,5.7871271065436645,3.2378207367822824,NB
frame_u_4.79_4.82,162.16666698006983,0.0,-0.5908857106996079,366.0663667233693,324.636232934082,41.43013378928731,2.709415088210946,1.4625444119707254,1.2468706762402206,NB
frame_ki_4.82_4.89,193.8029021414946,0.0,-0.5240250706174704,372.5574781260634,327.2068682928916,45.35060983317186,0.1519202381066478,0.110162905824815,0.0417573322818327,NB
frame_u_4.89_4.92,76.90452078230987,0.0,-0.5908857106996079,361.751712369554,319.9430447646841,41.80866760486987,13.63886018139695,8.212242174203624,5.426618007193326,NB
frame_se_4.92_5.0,28.52485527160252,0.0,-0.9461738282383924,388.8485036561767,341.59828095847087,47.250222697705794,236.13219483397765,70.90708496464657,165.22510986933108,NB
frame_JoX_5.0_5.09,12.35419053407523,0.0,-0.9811437985421032,386.3149761634984,341.4912630507889,44.82371311270953,29.815768787981,16.569689716611123,13.246079071369875,NB
frame_sow_5.09_5.24,76.8407353181938,0.0,-0.98114379854209,391.69691552226266,338.6988603292242,52.99805519303845,180.9751841553908,63.28698522781093,117.68819892757988,NB
frame_beX_5.24_5.51,53.57667271963075,0.2999999999999998,1.6117961143826969,393.5840076017782,327.35879457300524,66.22521302877294,164.91555023955303,25.73851268977052,139.1770375497825,NB
frame_a_5.81_5.87,9.727282493687824,0.0,-0.3445270160614039,386.8553837453287,342.2739688224517,44.581414922877,15.128398688231186,5.426810735693749,9.701587952537436,NB
frame_Res_5.87_6.03,12.530630356246036,0.0,-0.3066813425831295,394.7544085293081,339.76759788598406,54.98681064332402,46.64127421877572,15.50324488424451,31.13802933453121,NB
frame_pej_6.03_6.28,36.46159840627397,0.0,-0.7330096663533048,396.4465123625656,332.3740644578771,64.07244790468849,184.48269942054895,69.5513345263864,114.93136489416258,NB
frame_tu_6.28_6.42,110.9540910215122,0.0899999999999998,-0.5908857106996079,377.9889360440878,327.29365171122043,50.69528433286735,151.2478603993586,110.416386669429,40.83147372992962,NB
frame_dZi_6.51_6.8,8.253870530308063,0.4800000000000004,1.6993384432881138,388.5743212313259,322.3173618809409,66.25695935038493,26.687542380900595,12.422672637793966,14.26486974310663,NB
frame_dZi~_7.28_7.42,16.12497007625555,0.0,0.5525136254915318,394.0923220767468,341.2252218413436,52.8671002354032,28.526417745506507,15.7502684542317,12.776149291274804,NB
frame_Jej_7.42_7.71,0.4740548693623623,0.0,1.6117961143827155,393.01604783680006,323.8545818546448,69.16146598215528,15.01151585849408,3.506567096467478,11.5049487620266,NB
frame_ru_7.71_7.81,18.54186537395032,0.1000000000000005,-0.2126398075962477,385.2020316029906,337.5136075268005,47.68842407619013,9.201042330476753,3.13297167406472,6.068070656412033,NB
frame_ba~_7.91_8.14,9.676895220721292,0.0,2.51244249114449,390.8799858839149,329.5580232252052,61.32196265870971,24.34671109113586,4.391978418616702,19.95473267251916,NB
frame_ku_8.14_8.2,13.920088066349225,0.0,-0.5908857106996191,387.9957690964725,342.72759185529776,45.268177241174726,2.9879880798444844,0.9840763606520112,2.003911719192473,NB
frame_fi~_8.2_8.51,105.43984774029109,0.0,-0.6059826860228767,390.9004229961517,322.1714596843128,68.72896331183887,162.28325880272473,124.45549482052,37.82776398220474,NB
frame_na~_8.51_8.82,9.574404977580484,0.0,2.731670734432285,391.1136061649736,320.01107696188654,71.10252920308704,25.18091948184193,13.619416756815696,11.56150272502623,NB
frame_sas_8.82_8.98,112.22663132038784,0.6600000000000001,0.0,377.6606846300115,324.33699567066657,53.323688959344906,144.96869714407637,114.46266010566023,30.506037038416142,NB
frame_i_9.64_10.09,3.5067091008375826,0.2300000000000004,3.536030041731849,392.8180124005119,308.620828751367,84.19718364914485,76.65341078196741,18.93062480362352,57.72278597834389,NB
frame_kwaw_10.32_10.46,130.62115084176455,0.0,-0.5908857106995967,396.18184531296106,342.2174044522403,53.96444086072074,293.0961711091658,141.45443262330568,151.64173848586017,NB
frame_u_10.46_10.58,20.65923258806515,0.0600000000000005,-0.4976971045925953,394.4796119027329,344.82716461840585,49.65244728432703,49.48404362761954,15.246774438044667,34.237269189574874,NB
frame_sis_10.64_10.68,82.70041004266471,0.0,0.0,369.32734351338433,326.8315323345667,42.49581117881763,11.89914336836327,7.332770760677874,4.566372607685395,NB
frame_te~_10.68_11.1,64.70825338549275,0.0,-0.2340211340210794,391.4061942855241,311.5340968094895,79.87209747603464,246.7973117172944,112.08636069019695,134.71095102709745,NB
frame_ma_11.1_11.24,37.81049318335957,0.0899999999999998,-0.1913569275302262,390.1954696187556,336.9072383224991,53.28823129625653,33.94360028919331,23.593027975940718,10.3505723132526,NB
frame_ki_11.33_11.39,30.436183672517643,0.0,-0.5240250706174533,390.8958978651364,345.66039518580664,45.23550267932978,1.6758683300733423,1.1791446503118834,0.4967236797614589,NB
frame_u_11.39_11.44,4.645865966533762,0.0,-0.338721775297379,381.84493390214914,340.3086693501981,41.53626455195104,22.217156315008936,14.12627696267893,8.090879352330006,NB
frame_se_11.44_11.58,62.437802140831565,0.0,-0.9461738282384112,393.2660250451901,339.7130453474975,53.55297969769265,190.14487141293856,97.54372342508566,92.6011479878529,NB
frame_JoX_11.58_11.77,17.830998806895337,0.0,-0.0933476893350004,393.9029850370979,336.0400116290368,57.862973408061066,27.264123967349008,7.980997909479242,19.283126057869765,NB
frame_ko_11.77_11.91,45.910756707058,0.0,-0.685211762139718,390.201233431094,338.5965285458289,51.60470488526511,177.38587537852356,69.64852873551993,107.73734664300363,NB
frame_Je_11.91_12.16,0.3722702519345375,0.0,1.398631952497628,390.665045011642,326.0789164977571,64.58612851388483,16.22149052312116,5.982154495149615,10.239336027971548,NB
frame_si_12.16_12.31,89.74506731478856,0.0,-0.4273570917519953,385.8752958385704,332.52622128668,53.34907455189034,161.05497008314535,96.01315481368162,65.04181526946374,NB
frame_dZi_12.31_12.41,14.126238196289478,0.08,-0.3306891128865374,389.1126186265871,339.42401929883096,49.68859932775615,25.45556119089048,9.872590793359109,15.58297039753137,NB
frame_ba~_12.49_12.69,11.12396785306521,0.0,1.8547577612811428,393.7213223617393,333.80368017074653,59.91764219099275,28.507104801048342,6.47839254276488,22.028712258283463,NB
frame_ku_12.69_12.82,96.8254634032992,0.1199999999999992,-0.4648037429984767,378.8403959752487,328.8613804812115,49.97901549403724,151.34584864170935,97.26577003147328,54.08007861023609,NB
frame_sis_12.94_13.1,138.54151551558886,0.0,0.0,375.7526822265781,321.27806957343483,54.47461265314331,136.68086188795954,123.64571161605495,13.035150271904577,NB
frame_te~_13.1_13.53,46.93634026159731,0.0,1.312666527826282,391.4412327309532,309.1132985484634,82.3279341824898,171.42311951489182,66.84415627460476,104.57896324028708,NB
frame_ma_13.53_13.69,6.66382842368273,0.0,0.1149832495321292,389.7580922690103,335.09380866838706,54.66428360062315,18.195393998169152,10.211600886555203,7.983793111613949,NB
frame_i~_13.69_13.72,9.237153615900752,0.0,-0.8376819483257091,370.3977845477645,328.7171244490456,41.68066009871888,8.19201921638728,3.3281286219125548,4.863890594474725,NB
frame_teR_13.72_13.81,16.688995717862355,0.0,-0.9461738282384112,388.564075372879,340.90223796626526,47.66183740661376,15.539287311622443,6.803342649356608,8.735944662265837,NB
frame_nu_13.81_13.88,29.484624814070315,0.0,-0.4648037429984767,387.1571557661098,343.32238836774104,43.83476739836874,10.90930393248624,8.835145665902388,2.0741582665838507,NB
frame_u_13.88_13.91,30.104974058739717,0.0,-0.5908857106996191,360.16077791135694,320.5828431668073,39.57793474454962,9.891510617936945,5.169249067841321,4.722261550095624,NB
frame_ki_13.91_14.03,88.32143901582853,0.120000000000001,-0.3306891128865545,387.2811409155712,338.12800774135144,49.1531331742197,165.05650699260454,70.11764863400026,94.93885835860428,NB
frame_u_14.15_14.18,200.6816574239566,0.0,-0.5908857106996191,363.1523741933872,321.6196426752645,41.53273151812272,2.0646297271869827,1.4229213678882502,0.6417083592987325,NB
frame_se_14.18_14.24,201.98209640779908,0.0,-0.9461738282384112,369.6425584816202,325.4879024386801,44.15465604294008,1.03456216767691,0.4539754789753445,0.5805866887015654,NB
frame_JoX_14.24_14.36,48.197170252407375,0.0,-0.8331777803408974,392.9449209998482,343.3200065517802,49.62491444806801,384.4702506227928,135.0190795920455,249.45117103074736,NB
frame_tSi_14.36_14.45,35.294369545415066,0.0,-0.4273570917520125,391.8338260322022,344.09841351592354,47.735412516278586,276.4706344357971,38.83919816845514,237.6314362673419,NB
frame_veX_14.45_14.79,25.812792848522093,0.0700000000000002,2.677616923808154,395.3579626584876,321.6679065042832,73.6900561542044,68.90886025057023,31.085161696913843,37.82369855365639,NB
frame_dZi_14.86_15.39,3.1468999318701947,0.0700000000000002,4.019369936059156,385.1827901613894,296.17022173343184,89.01256842795755,162.66661336655588,53.825254812463584,108.8413585540923,NB
frame_dZi_15.46_15.54,3.611977294533745,0.0400000000000009,-0.3306891128865545,381.503783677362,335.37722337372395,46.12656030363809,8.116597196080619,4.646843438769906,3.4697537573107127,NB
frame_ko_15.58_15.67,27.39688032055324,0.0,-0.685211762139718,391.2638647749782,343.4006424281267,47.8632223468515,15.960203896383774,6.763093977988831,9.197109918394943,NB
frame_Je_15.67_15.8,12.134403646525186,0.0,-0.7330096663532858,391.8440797779948,340.38497628878645,51.4591034892083,6.995570469504884,4.813079536301359,2.1824909332035247,NB
frame_si~_15.8_15.96,74.6869117561481,0.0,-0.6059826860228356,388.0900609210543,334.0768185515207,54.01324236953354,151.94207780238156,76.96386919318394,74.97820860919762,NB
frame_me~_15.96_16.16,1.6728688985134283,0.0,0.4752997504464794,393.3328015882501,332.9905755811712,60.34222600707892,17.900526057861555,7.140573733791655,10.7599523240699,NB
frame_tu_16.16_16.22,10.625602988494675,0.1600000000000001,-0.5908857106996416,373.7755647579727,333.3870782280924,40.38848652988031,7.825272103372555,6.421776887246267,1.403495216126288,NB
frame_de~_16.38_16.45,29.53723815311514,0.0,-1.0481610286159029,395.8052065233843,349.5062118112114,46.298994712172885,9.756152895343972,4.093537910198279,5.662614985145694,NB
frame_tru_16.45_16.56,39.48513701866068,0.0,-0.3387217752974014,393.8185251297218,342.5499250849553,51.26860004476652,6.762241143663289,3.188904641657899,3.573336502005389,NB
frame_de_16.56_16.67,24.254040789538323,0.0,-0.3066813425830727,394.66527145606295,343.3354574734673,51.32981398259568,17.907328135296268,4.717787495348517,13.18954063994775,NB
frame_sa_16.67_16.85,79.98993195653637,0.0,-0.4976971045925681,390.3255259260106,334.28894156435007,56.03658436166052,186.23482497315928,109.1923336439707,77.04249132918858,NB
frame_a_16.85_16.97,12.251855551483914,0.0,0.1149832495321156,387.5996073752926,336.3687381476344,51.23086922765822,16.403455065931695,8.60834228811271,7.795112777818986,NB
frame_re_16.97_17.03,12.013816317988956,0.0,-0.9461738282383734,388.9754973506423,343.18164216774426,45.79385518289803,7.938410863294024,3.159333716307856,4.779077146986168,NB
frame_a_17.03_17.06,15.377073523433324,0.0,-0.5742821488581977,360.88504065204086,319.9962163041924,40.88882434784853,11.923370627087508,2.1229276523946226,9.800442974692883,NB
frame_pa_17.06_17.12,157.43110128900545,0.0,-0.5742821488581705,380.6890834161845,336.6038454906334,44.0852379255511,1.3606494740563448,0.8328140575836613,0.5278354164726835,NB
frame_ra_17.12_17.19,2.598918139668541,0.0,-0.4976971045925681,386.4089538304575,341.4429704028712,44.96598342758631,11.990492236717271,6.519309960043188,5.471182276674085,NB
frame_ko~_17.19_17.3,10.92444887503322,0.0,-0.8804808734763584,387.5248423292328,337.099594574239,50.42524775499379,36.352091352701,10.57594323811992,25.77614811458108,NB
frame_taX_17.3_17.48,44.94606208476426,0.0,-0.4976971045925953,386.4117381747096,330.783699538285,55.628038636424606,146.57489911464813,34.159817616560275,112.41508149808786,NB
frame_pa_17.48_17.55,18.950856058598333,0.0,-0.5742821488581705,380.84092923780736,336.1951304981822,44.64579873962515,11.374283949867989,2.630083495419285,8.744200454448702,NB
frame_ra_17.55_17.64,26.795255962904008,0.0,-0.3445270160613903,386.0109499492522,339.44338346423814,46.56756648501408,1.9193950158670527,0.8420904795767399,1.0773045362903133,NB
frame_Ze~_17.64_17.7,39.04874292639889,0.0,-1.2657982827677046,371.8649984592119,331.3207799112663,40.5442185479456,7.077089347671858,2.426261166182286,4.650828181489572,NB
frame_tSi_17.7_17.77,59.62760170417468,0.0,-0.5240250706174533,392.24547027772354,345.30798817516336,46.93748210256018,20.30785203504621,6.5257020153562735,13.782150019689936,NB
frame_nOjs_17.77_17.97,41.82498256922637,0.2699999999999996,-1.7465447124570286,392.1172138851133,333.2000617860065,58.91715209910683,68.39414346736561,32.32553120122435,36.06861226614126,NB
frame_gos_18.24_18.35,162.863523877092,0.0,-0.9811437985420768,370.3426144400672,322.3198403689417,48.022774071125525,1.2549802539490005,0.6910832231323241,0.5638970308166762,NB
frame_ta_18.35_18.45,19.294406840221512,0.0,-0.3445270160614175,391.2017037436671,343.6945010042071,47.50720273946001,34.5382155374524,10.720043144783972,23.81817239266843,NB
frame_ri_18.45_18.51,16.27595063055236,0.0,-0.5240250706174533,380.44020640925993,335.9968152058664,44.4433912033935,17.710421019859353,7.6796833411095236,10.03073767874983,NB
frame_a_18.51_18.54,55.79414599756777,0.0,-0.5742821488581977,382.1253887896412,339.7765068190756,42.34888197056563,3.223261106026655,1.7210960267667588,1.5021650792598962,NB
frame_mus_18.54_18.63,120.3574256848793,0.0,-0.5908857106995967,373.6181490072047,327.5369454910219,46.08120351618277,186.106714334948,144.29690764837935,41.80980668656866,NB
frame_ki_18.63_18.69,35.8527703795323,0.0,-0.5240250706174533,389.262075619362,344.00797599297624,45.254099626385766,6.6550747031857895,4.003765223966468,2.651309479219321,NB
frame_u_18.69_18.72,27.6457595475014,0.0,-0.5908857106996416,379.3819575387335,338.1964630000069,41.18549453872663,0.1049537735324861,0.0636672532913564,0.0412865202411296,NB
frame_se_18.72_18.78,24.73550085767033,0.0,-0.9461738282383734,390.9543920767559,345.4474332789103,45.506958797845584,6.433175912686977,3.2720862161861533,3.161089696500824,NB
frame_JoX_18.78_18.87,12.71999877694634,0.0,-0.9811437985420768,388.81077686248335,342.2109064484552,46.59987041402815,14.284078351608429,6.215233537673328,8.068844813935101,NB
frame_dZi_18.87_18.93,161.71295428123767,0.0,-0.5240250706174533,371.5118426740245,327.71956980701145,43.79227286701308,0.1140835911398241,0.0598373177734146,0.0542462733664095,NB
frame_se_18.93_19.03,22.609350780993932,0.0,-0.3066813425830727,392.376372976682,343.4707235934105,48.90564938327151,19.5992759250552,7.976248143264655,11.62302778179054,NB
frame_si_19.03_19.16,1.674845834774601,0.0799999999999983,-0.0406851762901463,381.48519649999207,332.2518483528244,49.233348147167646,34.06894719443957,11.630336079943532,22.43861111449604,NB
frame_poX_19.24_19.33,5.839241771941261,0.0,-0.9811437985420768,382.3907245216305,334.950775983712,47.4399485379185,34.70149478649378,21.20083841682839,13.500656369665393,NB
frame_fa_19.33_19.63,110.3860585696508,0.0,-0.5742821488581977,381.85391343637485,315.0405836726834,66.81332976369146,159.84917005194444,129.03217630148092,30.81699375046352,NB
frame_voX_19.63_19.72,2.8432880653910217,1.4400000000000013,-0.9811437985420768,383.6027629613273,336.7747482638417,46.82801469748563,25.94426766703475,10.553372132290832,15.39089553474392,TB
frame_be~j~_21.16_21.33,27.684335355133285,0.0,0.4752997504464794,397.9465729881085,341.0092263397082,56.93734664840031,20.401598186288453,9.1271793909182,11.274418795370252,NB
frame_ew_21.33_21.78,2.9646542573081263,0.0,3.103945247578405,393.9530263713534,308.2800639502389,85.6729624211145,70.7782844892151,28.824685807113127,41.95359868210197,NB
frame_na_21.78_22.02,3.7040908058524167,0.0,0.4213234265944983,393.60389887325925,330.5496742441312,63.05422462912804,22.93720690777941,11.690851178474276,11.246355729305137,NB
frame_Re_22.02_22.13,23.615199287402163,0.0,-0.5198455044681982,395.1481581884239,343.67641209887444,51.47174608954947,6.697664967106334,2.7793646341375364,3.9183003329687978,NB
frame_a_22.13_22.19,30.16858229976998,0.0,-0.3445270160613903,392.4317749784224,347.27597949624146,45.15579548218096,4.1526045162196965,2.498278302473352,1.6543262137463444,NB
frame_li_22.19_22.33,38.73409376566609,0.0,0.1526507814407351,389.0076967889298,337.63035748544416,51.377339303485655,14.015313126222694,6.758901732295669,7.256411393927024,NB
frame_da_22.33_22.48,6.981196411589991,0.0,0.0383982052665403,395.6774202990799,341.2013825409957,54.4760377580842,27.456317943566404,13.7050407761692,13.751277167397204,NB
frame_dZi_22.48_22.54,48.10299744254384,0.1300000000000025,-0.5240250706174876,379.4419290112828,335.5440163502002,43.89791266108256,30.89368111246978,12.868060606678895,18.025620505790883,NB
frame_ko_22.67_22.76,14.800871418610654,0.0,-0.685211762139718,393.2147653231613,344.2095437474313,49.00522157572999,11.172337417332642,5.443662994227282,5.72867442310536,NB
frame_Je_22.76_22.93,6.634059737517319,0.0,0.1196469811870267,393.8904093697283,338.282126641666,55.60828272806231,14.86987751308898,7.628292084524091,7.241585428564889,NB
frame_su_22.93_23.0,67.23689649919595,0.1799999999999997,-0.5908857106995967,373.4284366109703,328.4895255254103,44.93891108556,1.420729534240266,0.8629067244636204,0.5578228097766456,NB
frame_pow_23.18_23.37,0.8950090464419134,0.0,-0.9811437985420768,403.7146693247494,344.7788776173204,58.93579170742902,13.390518397381271,4.577148584923648,8.813369812457623,NB
frame_ku_23.37_23.62,49.43181074622071,1.0500000000000007,-0.2126398075962141,387.8056444562856,325.11362806384903,62.692016392436585,16.074592117675586,11.311775293162256,4.7628168245133295,TB
frame_poX_24.67_24.77,32.82231791314159,0.0,-0.8331777803409237,394.6325423070415,346.5650237093672,48.06751859767428,19.963102641609492,8.88757517483657,11.075527466772924,NB
frame_ki_24.77_24.99,36.72936179715306,0.0,0.0559828025752943,396.915670307238,334.7857304977915,62.129939809446455,75.2028418775023,36.01587305228439,39.1869688252179,NB
frame_i~_24.99_25.03,35.96377569375899,0.0,-0.6059826860227945,377.8414014137105,335.2132698769592,42.628131536751255,13.675623332187484,6.955715520418721,6.719907811768763,NB
frame_klu_25.03_25.24,22.675403734260684,0.0,0.5438519986104614,394.6157523664574,334.4198294791151,60.19592288734231,26.310991830025728,10.346252827313153,15.964739002712577,NB
frame_zi_25.24_25.46,20.816619263578943,0.0,0.4426547180371604,396.288455708402,335.8879800409719,60.4004756674301,74.19702667556456,20.40823900949557,53.78878766606898,NB
frame_vi_25.46_25.74,0.8583467515117604,0.7900000000000027,1.2159985489607898,390.4084910794103,326.1061077599089,64.30238331950136,94.37335022309506,20.147086115084846,74.22626410801021,NB
frame_E_26.53_27.18,26.260765176908123,0.5800000000000018,3.214508092424309,400.7196177666573,294.59868407560526,106.12093369105207,52.16941721311994,31.796565310791536,20.372851902328406,NB
frame_nu~_27.76_27.97,13.170108325232633,0.0,-0.0905966204103853,404.92545178640125,343.3337101710247,61.59174161537658,115.2397036626582,48.34902936072103,66.89067430193718,NB
frame_ka_27.97_28.17,157.3983185411772,0.0699999999999967,-0.0381868389990349,407.4323456184741,347.0433356887203,60.3890099297538,514.1797150399125,257.4227771334874,256.7569379064251,NB
frame_tSi_28.24_28.36,13.861532485137444,0.0,-0.2340211340210966,406.6995425526683,353.36521888527614,53.33432366739214,9.03859456311008,5.244797633268149,3.793796929841932,NB
frame_vi_28.36_28.5,20.864479037097084,0.0,-0.1373531551556215,396.16390707050834,344.38196672407133,51.78194034643701,12.394993595102122,6.954454060010335,5.440539535091787,NB
frame_muj~_28.5_28.65,4.545362939671605,0.0,-0.4648037429984991,401.49129368190574,346.8897998241635,54.60149385774224,52.438095917342736,17.105384012310054,35.33271190503268,NB
frame_tu_28.65_28.78,49.15301212342845,0.0,-0.4648037429984543,395.6593286303503,342.3392293146186,53.32009931573168,62.08702145040252,36.23769812251389,25.849323327888627,NB
frame_dZi~_28.78_28.86,35.13234980069427,0.0,-0.3742834237199621,393.09361161092346,346.1461443188875,46.94746729203598,3.938185030523272,2.270124760785265,1.6680602697380067,NB
frame_Jej_28.86_29.18,29.75582926957756,0.0,1.3986319524975523,404.89644825423534,332.0509899976578,72.84545825657756,28.69333514423556,9.813920069216934,18.879415075018628,NB
frame_ru_29.18_29.3,58.64397330123892,0.1600000000000001,0.1656060955071236,387.3590650834041,338.2733311348943,49.08573394850981,3.562423600070602,2.075202487274666,1.487221112795936,TB
frame_dZi_29.46_30.13,10.09019634320316,0.0,5.179385682444651,402.98515605047135,295.2265408866885,107.7586151637828,238.73144095469436,139.58121461479536,99.15022633989898,NB
frame_ma_30.13_30.39,3.3598837626135776,0.0,0.8042486479224562,407.61087608078753,339.0147610926615,68.59611498812603,35.29380582208671,19.910964358401884,15.382841463684828,NB
frame_nej_30.39_30.53,13.83689458337085,0.0,-0.0935171806980229,407.8193251315925,353.3722823301092,54.44704280148329,42.56228978351078,17.60707782159028,24.955211961920497,NB
frame_ra_30.53_30.67,6.944699068645349,0.0,-0.0381868389990349,403.2607650916898,352.1605204757722,51.100244615917575,15.534240803535738,6.966709671785253,8.567531131750485,NB
frame_ki_30.67_30.85,40.30439481741004,0.1600000000000001,-0.1373531551556215,401.2073540196871,343.0098629933332,58.19749102635387,70.73386232449468,24.263683778280694,46.47017854621398,NB
frame_sO_31.01_31.31,19.72821598577835,0.5400000000000027,1.960217735789342,405.92464610548274,336.75786679626583,69.1667793092169,32.04348017339605,14.127681724472096,17.91579844892395,NB
frame_ujs_31.85_32.07,39.33031529108448,0.0,0.2916880632082212,385.5308857438605,326.5064174492696,59.02446829459086,53.66963151205197,24.049086735819287,29.620544776232684,NB
frame_ki_32.07_32.21,7.447116580181415,0.1000000000000014,0.0559828025753287,399.37408774687606,347.7383024262265,51.635785320649575,20.64517823296768,7.64514308934217,13.00003514362551,NB
frame_te~j~_32.31_32.63,8.745136595570457,0.0,0.2576624962946,406.1692058388031,334.3085556493175,71.86065018948563,37.52223651405024,17.080555318662974,20.44168119538726,NB
frame_muj~_32.63_32.95,24.14251372722859,0.0,0.291688063208266,403.5094224691704,331.3194833524289,72.18993911674153,48.89286640902488,21.59469276283933,27.298173646185543,NB
frame_tu_32.95_33.15,36.32778661824773,1.7100000000000009,0.4177700309093637,397.1939857581381,338.287781892012,58.90620386612613,62.49307706455252,29.572647282262324,32.9204297822902,NB
frame_ow_34.86_35.49,21.36232120352548,0.1499999999999985,4.049700820298075,405.6627314251596,301.4724903068212,104.1902411183384,69.72131174656388,21.04840827542237,48.67290347114151,NB
frame_ujs_35.64_35.74,89.1976510587173,0.269999999999996,-0.5908857106995967,379.779265375326,331.61404705370734,48.16521832161868,9.119380034098851,3.9147820398414552,5.204597994257398,NB
frame_ki_36.01_36.09,15.077864854562094,0.0,-0.5240250706174533,396.7735107107,349.93681194616096,46.836698764538994,5.9199452314813215,3.926773318327293,1.993171913154029,NB
frame_es_36.09_36.2,64.01901192999583,0.0,-0.5198455044682739,391.445039235601,342.7398229281889,48.70521630741206,39.58462504212162,25.348471895889404,14.23615314623222,NB
frame_ta~w~_36.2_36.42,25.232302983097117,0.0,-0.7759811581720905,403.76768423379184,341.3349992825248,62.43268495126705,18.10833517996879,6.155086359441057,11.953248820527731,NB
frame_dZi_36.42_36.53,29.540157421692317,0.0,-0.330689112886503,411.0763897873064,357.7379423113003,53.33844747600614,14.52138834705228,3.47889030967643,11.04249803737585,NB
frame_re_36.53_36.67,33.25954413025859,0.0,0.5459753049572778,403.4886056720244,350.3810125555584,53.10759311646592,6.529532635906989,2.0020482809765383,4.527484354930451,NB
frame_ta_36.67_36.81,59.93159625963885,0.0,-0.4211120603269656,395.3101917860231,343.33191950016527,51.97827228585783,43.26772127704239,24.312189329629987,18.955531947412403,NB
frame_me~_36.81_37.0,44.77355472790727,0.0,0.2576624962947547,397.4294751469886,338.74630306890015,58.68317207808843,18.050792504769063,6.612983672863152,11.437808831905912,NB
frame_tSi_37.0_37.12,78.26364109541628,0.0,-0.5240250706175219,392.7080084982164,341.20327163652746,51.50473686168891,3.555635684936149,1.44753829294131,2.108097391994839,NB
frame_e~_37.12_37.15,41.43275760997077,0.0,-1.2657982827676273,382.0653611032533,339.4739519318522,42.59140917140115,3.5213648022212998,2.454983803812823,1.0663809984084764,NB
frame_vow_37.15_37.41,36.334046983425225,0.0,0.3505503652685115,406.15255746495086,337.34377786252344,68.80877960242742,30.05416380617558,11.047932671150347,19.00623113502523,NB
frame_vi_37.41_37.65,2.1664194998827213,0.0,0.7326586546334828,405.8051766071221,341.054026994015,64.75114961310715,77.16795084800975,27.17615325636129,49.991797591648464,NB
frame_dus_37.65_37.9,68.08593288633415,1.75,0.291688063208266,388.387464082356,324.9983827201196,63.389081362236425,22.539174495821868,11.021838873236687,11.51733562258518,NB
frame_nu_39.65_40.37,86.68707356846673,0.3800000000000025,5.587130706655353,400.57780511746,287.33200379569536,113.24580132176462,34.33765633111885,25.535743618124968,8.801912712993882,NB
frame_ne_40.75_40.9,48.764847632361054,0.0,-0.0935171806980229,399.26898089959326,344.6401550508401,54.62882584875314,11.72442912422038,4.364094693174536,7.360334431045842,NB
frame_si_40.9_41.05,83.42546452421912,0.0,-0.4273570917520125,398.9947094903589,344.4093389372946,54.58537055306431,3.341272565432817,1.93996809766702,1.401304467765797,NB
frame_Ra~_41.05_41.2,41.1836517425331,0.0,0.3201600582667501,403.8806464911523,347.8269594338368,56.05368705731547,17.75822335107965,5.8044943582982,11.95372899278145,NB
frame_mu_41.2_41.28,50.328727268714005,0.0,-0.5908857106995967,397.36497636587006,349.0150028193597,48.34997354651034,5.199524806628261,3.4049798926016024,1.794544914026659,NB
frame_dZi_41.28_41.34,46.63617065032987,0.0,-0.5240250706174533,402.4272924511967,356.6099818391553,45.81731061204141,4.332332087646591,0.7337341775749024,3.598597910071689,NB
frame_a_41.34_41.41,59.00764049845407,0.0,-0.2679419717958695,398.6171375185971,352.08335126985816,46.53378624873892,14.093097798125996,8.532041076952169,5.561056721173827,NB
frame_tSi_41.41_41.52,53.06757768310845,0.0,-0.4273570917519438,400.8313962725976,348.1354044796353,52.69599179296228,42.26071926654702,12.249476968044632,30.01124229850239,NB
frame_vi_41.52_41.7,43.09866776594164,0.0,0.2493187603062102,398.8755088721768,343.1763174115582,55.69919146061858,22.49360442863538,8.719223371962727,13.774381056672652,NB
frame_da_41.7_41.86,37.50102069407295,0.0,0.1149832495321156,402.9826623260352,347.14978340121945,55.8328789248157,11.8391227613796,8.048872361408627,3.790250399970972,NB
frame_dZis_41.86_41.95,18.51160853731953,0.0,-0.5240250706174533,394.631544888598,347.4760220855014,47.15552280309652,12.325171527188829,6.877746493263501,5.447425033925327,NB
frame_E_41.95_42.01,4.569521134135954,0.0,-0.4531766388275213,399.8256874190722,355.6192884474397,44.206398971632495,7.1639935720398285,2.794904172259635,4.369089399780194,NB
frame_ki_42.01_42.13,82.50885331597479,0.2399999999999948,-0.5240250706174533,389.7508369687614,337.82723357244345,51.9236033963179,1.5666264303518886,0.4539308852359482,1.1126955451159404,NB
frame_te_42.37_42.5,16.792076179876247,0.0,0.1196469811870267,402.5102177998985,348.48834943055607,54.02186836934243,10.90567658129406,5.156267334691606,5.749409246602454,NB
frame_ri_42.5_42.69,12.84683147310504,0.0,0.635990675768042,401.3839888373045,341.32136943032594,60.06261940697851,20.64178432213646,6.542031512022049,14.09975281011441,NB
frame_a~w~_42.69_42.97,31.30026232750505,0.8000000000000043,-0.9952094014599832,396.2452893793171,328.8553983658884,67.38989101342878,27.701202883317197,14.470953225954531,13.230249657362664,NB
frame_majs_43.77_44.0,68.24678990744486,0.0,-0.3445270160613903,400.025329550945,338.23311841401187,61.79221113693313,9.19964717427858,2.542193496453777,6.657453677824805,NB
frame_koj_44.0_44.18,61.23050977592851,0.0,-0.5372457439386175,409.267345795097,349.7230942294135,59.54425156568357,16.148713923697017,5.6047349575267305,10.543978966170286,NB
frame_zas_44.18_44.35,78.95895784491756,0.0,-0.1147718832646101,404.1401559633692,345.9845355833387,58.15562038003048,16.874550123866925,7.810647535277553,9.063902588589372,NB
frame_a_44.35_44.42,69.18269854302935,0.0,-0.2679419717958151,403.7175204139521,356.6062842876985,47.11123612625357,1.8643048977641288,0.5603412821982516,1.303963615565877,NB
frame_dZi_44.42_44.57,65.94228086913387,0.0,-0.0406851762901807,398.2282433194487,343.6234614478247,54.60478187162403,13.444113966880876,5.156380205546,8.287733761334877,NB
frame_zeX_44.57_44.79,79.45214071871328,0.9299999999999996,0.5459753049571262,402.0628144892752,343.0884417326772,58.97437275659803,13.5696077288367,5.297934428670047,8.271673300166654,TB
frame_na_45.72_45.9,33.10403904697199,0.0,0.3447383823288958,411.0671667369672,351.13066269654234,59.93650404042484,68.08333278189275,24.71988022957305,43.3634525523197,NB
frame_Re_45.9_45.97,16.524117127809262,0.0,-0.7330096663533237,407.3422774994799,360.61937797149153,46.722899527988375,18.716222082917284,10.83838257816086,7.877839504756423,NB
frame_a_45.97_46.0,8.387500179310393,0.0,-0.5742821488581705,397.1949443010764,353.364921656274,43.83002264480234,0.4679975943033128,0.2436113855075063,0.2243862087958064,NB
frame_li_46.0_46.14,3.0752439618506173,0.0,0.0559828025753287,406.52817224132514,353.7612790829503,52.76689315837484,29.05012364242336,10.485202995995422,18.564920646427936,NB
frame_da_46.14_46.34,8.081462596336678,0.0,0.2681533380633205,407.2630011483615,347.7157010077024,59.54730014065916,37.34209213670303,15.822597560177712,21.51949457652532,NB
frame_dZi_46.34_46.4,12.500316906253886,0.0,-0.5240250706174533,402.7010754317461,355.4081846969116,47.29289073483454,2.1522770456063824,1.211694711855159,0.9405823337512232,NB
frame_mi~_46.4_46.51,32.94900066366682,0.0,-0.8376819483257091,407.36651034196746,354.40115244503863,52.96535789692888,24.047193613346067,12.75117838020904,11.296015233137028,NB
frame_Ja_46.51_46.59,61.80286331106085,0.0,-0.4976971045925409,404.1120047135021,357.55650320160703,46.555501511895045,9.692223450948577,5.782219212925,3.910004238023575,NB
frame_fa_46.59_46.75,74.77715792305995,0.0,-0.2679419717958151,405.96394211211657,349.3387118479744,56.6252302641422,43.61283034605341,21.507574810512367,22.10525553554104,NB
frame_mi_46.75_46.93,29.97020847607469,0.0,0.2493187603062102,409.1000417835655,349.908139751202,59.19190203236349,58.77114875804011,21.935501567759943,36.83564719028017,NB
frame_lia_46.93_47.07,76.9544267480387,0.5499999999999972,-0.5240250706174533,397.51796405031126,344.77994216901965,52.738021881291616,7.467581638368429,3.841588918245421,3.625992720123008,NB
frame_ki_47.62_47.73,40.40136320922532,0.0,-0.2340211340211309,399.2991942215359,349.560309088274,49.73888513326193,11.38626826411128,6.64766971410171,4.73859855000957,NB
frame_poX_47.73_47.92,42.8827117816691,0.0,-0.5372457439385123,403.2756762211168,344.321158432719,58.954517788397766,69.5236899907469,27.939022307450344,41.584667683296566,NB
frame_tra_47.92_48.09,32.4005020843958,0.0,-0.4976971045925409,406.7126591015213,348.945223537636,57.767435563885215,9.29184110726284,5.941579007613171,3.350262099649669,NB
frame_dZi_48.09_48.19,58.85462967027702,0.0,-0.3306891128865717,388.6898432061149,339.8392257538805,48.85061745223442,20.927567808815382,13.975626327929689,6.951941480885694,NB
frame_sa~w~_48.19_48.51,37.0024861024409,0.0,-0.1182964283090353,404.1497183708125,330.8803216712085,73.26939669960404,7.094783072123931,3.362626185587459,3.732156886536473,NB
frame_E_48.51_48.59,41.2502607212229,0.0,-0.3288483428528201,401.9435196005051,353.45877284092904,48.48474675957607,2.144547779817543,0.6990148818381527,1.4455328979793904,NB
frame_u~_48.59_48.64,46.22058633248047,0.0,-0.4874682672403438,399.12971650905087,353.98184374378025,45.14787276527062,0.2315435371616132,0.1386618554458465,0.0928816817157667,NB
frame_ma_48.64_48.77,50.18912418512147,0.0,-0.3445270160613903,401.0647981667063,347.8443911809229,53.22040698578337,14.207290129861503,5.227341348296847,8.979948781564659,NB
frame_fa_48.77_48.94,84.0012982019802,0.0,-0.42111206032702,400.932345098504,344.3008814922499,56.63146360625405,0.2367314104263513,0.1138918607330978,0.1228395496932535,NB
frame_mi_48.94_49.11,54.937165393663776,0.0,-0.0406851762901807,400.6181215778852,342.6874003730319,57.93072120485334,9.505487944548122,3.834386239730264,5.671101704817858,NB
frame_lia_49.11_49.23,57.46543248266843,0.0,-0.4273570917520125,402.4870235827444,349.5374373049624,52.94958627778203,6.285015281511676,2.781389158071505,3.5036261234401707,NB
frame_dZi_49.23_49.52,49.63393711281034,0.0,0.7326586546335514,394.9829330067871,328.4592882492016,66.52364475758549,128.16209065643977,108.40816990512552,19.75392075131424,NB
frame_ba_49.52_49.7,43.85841840080363,0.0,0.0383982052665403,403.7583701792007,346.7356388101788,57.022731369021926,5.667977366229579,1.946693567826074,3.7212837984035048,NB
frame_Sa_49.7_49.89,69.0924732155111,0.0,-0.1913569275302398,400.8744289768514,342.5677968925381,58.306632084313264,25.048431724213344,8.214524511214591,16.833907212998753,NB
frame_rEjs_49.89_50.15,40.75191247339123,1.1900000000000048,-0.2666841948655579,401.87244585320207,336.8784245565547,64.99402129664736,68.85592592546033,35.85225857258948,33.00366735287085,NB
frame_e~j~_51.34_51.49,108.70421221974888,0.0,-0.1776120120088493,410.7459512519899,354.24158441597785,56.504366836012025,37.46919253445934,9.655325752815656,27.81386678164368,NB
frame_dZi_51.49_51.61,156.5234432098535,0.0,-0.1373531551556215,408.3740264002228,354.2632126878459,54.11081371237691,5.313948272349862,1.2455629418933256,4.068385330456536,NB
frame_rej_51.61_51.77,165.89278416758947,0.0,0.1196469811870267,400.3691471569681,345.19289463863504,55.17625251833306,15.284289648259444,5.562415758608864,9.72187388965058,NB
frame_tu_51.77_51.83,171.20491777802374,0.4600000000000008,-0.5908857106995967,377.2545427251559,332.5712697330207,44.68327299213519,14.84088419922996,7.548256101219266,7.292628098010695,NB
frame_mew_52.29_52.49,31.314454031101192,0.0,-0.3066813425830727,405.79363729403576,346.7071933785247,59.08644391551104,11.191785132149365,3.4109811621512307,7.780803969998132,NB
frame_paj_52.49_52.77,39.24293204807812,0.0,0.1149832495321156,405.1326722472879,334.9052990446157,70.22737320267225,10.484709369216034,6.216191532091443,4.268517837124591,NB
frame_u_52.77_52.9,41.76727942870488,0.0,0.6699339663115591,404.03234496566006,352.5323714242233,51.49997354143676,11.031003303554511,6.93892175668627,4.092081546868243,NB
frame_e_52.9_53.02,14.182443131372665,0.0,0.9723036287275286,408.3257033856385,354.32752658692937,53.99817679870915,15.499794847295348,4.994535087776455,10.505259759518893,NB
frame_ra_53.02_53.19,0.5092579290725894,0.8400000000000034,0.1915682937976908,400.53743349102655,344.35821324089824,56.17922025012831,7.106340219044853,4.161784935765297,2.944555283279556,NB
frame_mew_54.03_54.19,77.22185367114574,0.0,-0.0935171806980229,410.75675076558775,353.2666131169344,57.49013764865333,5.385882877030184,2.105311042179707,3.280571834850477,NB
frame_iR_54.19_54.3,84.27068129117772,0.0,-0.040685176290112,408.9068505140159,355.9874849028988,52.91936561111714,8.61710012739934,4.50666909232099,4.110431035078349,NB
frame_ma~w~_54.3_54.44,81.09321734681211,0.0,-0.9952094014599832,402.8955217374097,347.8292650444735,55.06625669293618,3.872977628150622,1.678052119179739,2.194925508970883,NB
frame_majs_54.44_54.69,94.2627085314934,0.0,-0.1913569275302398,400.9074390287345,337.3621654277659,63.545273600968585,25.301832000609338,8.103093208918466,17.19873879169087,NB
frame_vE_54.69_54.84,88.32548805037459,0.0,-0.2045200468782073,406.476582653625,349.9740268966879,56.502555756937056,8.715177327207698,4.129254746592466,4.585922580615232,NB
frame_Lu_54.84_54.96,96.58684301041316,0.0,-0.3387217752973118,392.613728934689,342.77456295055515,49.83916598413384,3.5917502375838666,1.6782527024769394,1.9134975351069272,NB
frame_ta~_54.96_55.12,93.00211763980715,0.0,-0.3375246715967723,403.1915967557079,346.3222088443744,56.86938791133343,10.680898159281696,5.728021678697701,4.952876480583996,NB
frame_be~j~_55.12_55.46,87.24544865171634,0.7299999999999969,1.5634860212052573,403.3371594367387,330.5692883040308,72.76787113270785,62.83484552225324,33.665393044494294,29.169452477758945,NB
frame_i_56.19_56.34,23.819718478485758,0.0,0.6359906757681106,413.7297705299956,355.4433164856266,58.28645404436895,10.87715671240423,6.078619007931536,4.798537704472693,NB
frame_ew_56.34_56.6,0.2722641102774048,0.6000000000000014,-0.5198455044682739,410.072131603752,343.54834870463407,66.52378289911798,168.43265664216034,116.40107638550586,52.03158025665449,NB
frame_a~_57.2_57.31,46.256332921822604,0.0,0.7586165448422242,404.5001924946769,352.21613726267475,52.284055232002174,10.354630230917437,6.607439671704896,3.747190559212541,NB
frame_tSis_57.31_57.52,73.46374284710376,0.0,-0.2340211340210622,390.7369148797251,330.3863959715179,60.35051890820717,51.33521137581853,20.5224697620306,30.81274161378793,NB
frame_dZi_57.52_57.6,58.25115465677389,0.0,-0.330689112886503,403.77989252664094,354.26218767518134,49.5177048514596,0.0833894500311771,0.046221685688863,0.037167764342314,NB
frame_mi_57.6_57.76,60.732206645279234,0.0,-0.1373531551556215,402.4216230820057,346.7545622946204,55.66706078738525,8.885388761098625,3.3724473912613746,5.51294136983725,NB
frame_li_57.76_57.87,68.31198201483508,0.0,-0.1373531551556215,395.5627998600493,347.1578894136342,48.4049104464151,5.166395890812609,2.814108201517328,2.352287689295281,NB
frame_se~_57.87_58.07,79.03401899733466,0.0,0.04002524214303,397.3305350293761,339.03121100029387,58.29932402908213,41.62406144746503,21.5807006944017,20.04336075306333,NB
frame_si_58.07_58.28,89.32523754790512,0.0,-0.330689112886503,394.79294812799566,334.2219421838058,60.57100594418984,42.61044811381351,28.40967627920206,14.200771834611452,NB
frame_aX_58.28_58.49,78.77561981953328,0.3500000000000014,0.3447383823288958,393.8948662398714,333.9466312758411,59.94823496403029,16.40130082200433,6.87765858219332,9.52364223981101,NB
frame_e~j~_58.84_58.95,82.1862947538133,0.0,-1.2657982827677818,390.7561320348733,341.7928207241611,48.96331131071213,7.800954130033773,5.120154689501106,2.6807994405326667,NB
frame_is_58.95_59.12,107.97838044929756,0.0,-0.2340211340211309,386.00048929446285,331.5613861382732,54.43910315618968,35.490507696288034,26.32675586383773,9.163751832450302,NB
frame_tO_59.12_59.3,86.38286877124537,0.0,0.1950927604339722,404.3016098473353,344.67982808519,59.6217817621453,12.04710391996609,6.4229957294159306,5.62410819055016,NB
frame_ria_59.3_59.41,98.47430384393073,0.1000000000000014,-0.4273570917520125,393.3064884647728,344.4875886507366,48.81889981403623,11.068981434879175,6.306037718706662,4.762943716172515,NB
frame_pe_59.51_59.62,68.45950036962662,0.0,-0.3066813425832241,405.312502104656,352.3317787460138,52.980723358642194,4.040735034454485,2.5605085549737794,1.4802264794807058,NB
frame_la_59.62_59.95,79.00286981955476,0.6099999999999994,0.8042486479224562,396.52419197632,325.3711084190027,71.15308355731725,9.180071947285697,4.643689752413948,4.536382194871749,NB
frame_u~_60.56_60.59,59.19159975799985,0.0,-0.6008601663345946,380.3359623088077,338.1395477749788,42.19641453382894,5.0387326560771015,2.8901438512344413,2.14858880484266,NB
frame_ni_60.59_60.66,72.97214842775351,0.0,-0.4273570917520125,396.4796981849405,350.26500301200304,46.21469517293741,2.357396868003676,1.1401633146278272,1.2172335533758485,NB
frame_veX_60.66_60.84,71.56973436409586,0.0,0.1196469811870267,399.3010727346029,343.72222614149825,55.578846593104686,16.888774116332,8.13575816118103,8.753015955150971,NB
frame_si_60.84_60.91,17.69471774391687,0.0,-0.5240250706175219,377.67999686248896,332.5157328484314,45.16426401405755,5.404916780255888,3.853636685377381,1.551280094878507,NB
frame_da_60.91_61.04,75.64040422065179,0.0,-0.1147718832646645,397.39266837879774,345.5093122052219,51.88335617357586,19.140793442230702,12.236776091790716,6.904017350439986,NB
frame_dZi_61.04_61.1,18.690621159768,0.0399999999999991,-0.5240250706174533,376.8914531478387,334.62026497992423,42.27118816791449,40.59737942070896,15.91448700480339,24.68289241590557,NB
frame_dZi_61.14_61.2,67.54451520786984,0.0,-0.5240250706174533,374.1666240556944,330.1733532588056,43.9932707968888,1.113063094635308,0.693201877259007,0.419861217376301,NB
frame_sa~w~_61.2_61.36,46.77259721833157,0.0,-0.7759811581720905,398.9666339867965,343.7933036546456,55.17333033215101,15.587650661377268,9.631883792502308,5.95576686887496,NB
frame_paw_61.36_61.62,6.288586537413039,0.0,-0.5742821488581705,404.9339237744227,337.6093089453654,67.32461482905728,10.675776017603424,4.438364678067828,6.237411339535598,NB
frame_lu_61.62_61.68,49.4831447406992,0.6099999999999994,-0.5908857106995967,377.1597999953251,336.1196535035367,41.040146491788335,25.210377382603863,12.448281146178914,12.762096236424952,NB
frame_ta~_62.29_62.42,44.40678595521217,0.0,-0.3375246715966165,402.2919798808216,348.0601217252818,54.231858155539726,11.237689395132207,6.352244739400945,4.885444655731263,NB
frame_be~j~_62.42_62.84,48.1668146240458,0.9799999999999968,0.4752997504464794,409.5523412577489,326.5931197058938,82.95922155185511,68.5525951344587,32.0773177865604,36.47527734789829,NB
frame_mi_63.82_64.41,138.3701331084147,0.1700000000000017,3.439362062866374,403.1332502257623,302.2175911127948,100.91565911296752,35.90539618863946,15.209495464050876,20.695900724588583,NB
frame_dZi_64.58_64.69,57.49296431235699,0.0,-0.3306891128865717,402.0972540032679,350.31726655047584,51.77998745279206,15.716803602908442,5.176556745357402,10.54024685755104,NB
frame_plo_64.69_64.9,69.57490631026887,0.0,-0.2413137075359958,402.2636699476315,342.14956119878286,60.11410874884865,12.27903597827222,7.805529129563169,4.47350684870905,NB
frame_mej_64.9_65.22,72.54406006490895,0.1800000000000068,1.398631952497628,405.6846165974592,332.616581095761,73.0680355016982,18.309223284863293,11.05905313983112,7.250170145032172,NB
frame_e~j~_65.4_65.53,,0.0900000000000034,-1.2657982827676273,394.3798568911173,342.4249780897585,51.954878801358745,14.97815198151548,6.767657875831361,8.21049410568412,NB
frame_si_65.62_65.74,98.00773553322207,0.0,-0.5240250706174533,396.0890099653501,344.3295834878602,51.75942647748985,0.9921641344784504,0.7495452407991223,0.2426188936793281,NB
frame_e~_65.74_65.8,69.05167121005893,0.0,-0.6128865203122986,395.5757895922833,350.3095595780738,45.2662300142095,1.890239106160493,1.1017939861543908,0.7884451200061022,NB
frame_sias_65.8_65.91,98.06990586116734,0.0,0.0,377.1338725287812,328.42783902262295,48.70603350615824,1.8289569895824516,0.6836357380201505,1.1453212515623008,NB
frame_Zu_65.91_66.18,76.68460657902186,0.0,-0.5240250706174533,399.73812220652974,332.08812117471905,67.65000103181069,16.15430612794556,8.305424568318344,7.848881559627216,NB
frame_ri_66.18_66.32,52.17262711309724,0.0,0.2493187603062102,402.0970204528932,348.742749376318,53.35427107657523,14.92888858663744,5.989579530496783,8.939309056140658,NB
frame_dZi_66.32_66.43,71.79371733430344,0.0,-0.2340211340210622,381.9074919927133,332.45859450127546,49.44889749143783,0.8630216082365507,0.5283328840755672,0.3346887241609835,NB
frame_kas_66.43_66.59,64.36490814554398,0.0,-0.2679419717957607,400.1142041218293,345.0141538779425,55.10005024388681,32.38939791207044,19.632877450852646,12.75652046121779,NB
frame_i_66.59_66.62,22.28174282389193,0.0499999999999971,-0.5240250706174533,365.3074855482851,325.42776368760906,39.87972186067606,13.750851100658563,7.633364173197805,6.11748692746076,NB
frame_so_66.67_66.8,106.51359905448972,0.0,0.0546183288661001,400.8666801365458,347.13392689215584,53.73275324438998,84.78830914492814,60.67028079274104,24.118028352187096,NB
frame_si_66.8_66.96,129.71890564569335,0.0,-0.5240250706175906,400.6383953810308,343.8998207339603,56.73857464707044,4.476802000689986,2.249764136887599,2.227037863802387,NB
frame_ajs_66.96_67.14,106.83966688506236,0.0499999999999971,-0.0381868389989804,398.36317302322993,341.9427490381861,56.42042398504384,32.802751898786354,8.003322679278128,24.799429219508227,NB
frame_ko~_67.19_67.25,95.07749266176212,0.0,-1.020275532005228,391.276291975098,346.1601171935237,45.11617478157427,46.51017010477401,19.011606629834446,27.49856347493957,NB
frame_mu_67.25_67.31,94.87068115900612,0.0,-0.5908857106995967,398.015160047448,351.933498463291,46.08166158415696,0.4601002896295512,0.1656508785977166,0.2944494110318345,NB
frame_e_67.31_67.35,69.19482970878322,0.0,-0.7330096663534751,391.4662915455949,348.50091978998364,42.96537175561127,93.29691581648515,62.265958754866816,31.030957061618334,NB
frame_lis_67.35_67.53,89.27681324336747,0.0,0.3459867391717197,394.7747994754895,338.4441387348247,56.33066074066477,128.59039937000273,102.96973312385413,25.620666246148616,NB
frame_dZi_67.53_67.71,113.94460565489656,0.0,0.5393226969026013,392.85191281006,335.1345010188057,57.717411791254335,14.45207862390486,8.473964764446066,5.978113859458794,NB
frame_ze~j~_67.71_67.91,114.62232511478676,0.3599999999999994,-1.2657982827676273,386.1492522757924,329.08364430208894,57.06560797370344,18.515219503365167,13.906888687204416,4.608330816160752,NB
frame_es_68.27_68.33,101.06885519491844,0.0,-0.9461738282383734,375.355530112599,330.9473306674564,44.4081994451426,0.3445528466423369,0.2407614632304842,0.1037913834118526,NB
frame_ta_68.33_68.44,88.66596718215884,0.0,-0.1913569275302398,397.89246132907726,346.2398016381092,51.65265969096805,1.0070818958238164,0.5804364757782849,0.4266454200455314,NB
frame_es_68.44_68.56,101.39412919905836,0.0,-0.9461738282383734,381.7973411041076,332.5340603279133,49.26328077619428,1.6389228430392464,0.9915751443186808,0.6473476987205657,NB
frame_kri_68.56_68.74,73.16323643682844,0.0,-0.1373531551556902,402.4888988932942,344.3724582659726,58.1164406273216,24.46612405818729,14.225618256106015,10.240505802081271,NB
frame_tu_68.74_68.8,46.99135844333634,0.0,-0.5908857106995967,391.1364981025331,347.49185966367435,43.64463843885875,109.10101858750508,76.79293431435451,32.30808427315056,NB
frame_nu_68.8_68.88,84.72858931107842,0.0,-0.3387217752974014,397.9118966471609,349.41173566887585,48.50016097828507,2.636780013692828,0.971988018649924,1.6647919950429042,NB
frame_dZi_68.88_68.99,86.4006885212828,0.0,-0.1373531551556902,397.1970110405366,348.21369631081177,48.98331472972478,10.630168824690458,4.520472079411348,6.109696745279109,NB
frame_plo~_68.99_69.13,75.51593418294107,0.0,-1.020275532005228,403.2431400672082,350.6505694812336,52.59257058597461,15.824103793156311,9.37492581437938,6.44917797877693,NB
frame_ma_69.13_69.19,91.43371565306865,0.0,-0.5742821488581705,398.5403554019792,354.2070469762061,44.33330842577311,2.969575122333694,2.0418686209670227,0.9277065013666714,NB
frame_u~_69.19_69.22,99.79746737628022,0.0,-0.6008601663345946,381.5159501351501,339.2012503299648,42.31469980518523,2.791467425236739,1.8779354696071309,0.9135319556296082,NB
frame_u~_69.22_69.25,99.62084815681834,1.0400000000000065,-0.6008601663345946,377.5866537307225,335.1705212844004,42.41613244632202,0.7558683419411594,0.4250444450536577,0.3308238968875017,TB
frame_majs_70.29_70.48,9.246011105586833,0.0499999999999971,-0.42111206032702,404.21003021471273,346.7046229100388,57.50540730467395,44.56975061967157,9.833637924726332,34.736112694945234,TB
frame_tSi_70.53_70.63,54.01645742024488,0.0,-0.2340211340210622,405.8429648976596,354.1675608301471,51.67540406751249,44.0177953479581,29.8594855171672,14.158309830790898,TB
frame_vi_70.63_70.72,128.56750103971044,0.0,-0.4273570917520812,408.8446755096748,359.6848433306455,49.15983217902931,23.80896132119807,9.744362416279555,14.064598904918512,NB
frame_u~_70.72_70.9,113.90716819811357,0.0,0.249579076872488,408.85896632150167,350.5103261280662,58.34864019343547,91.24211518830174,28.16728194765119,63.07483324065055,NB
frame_iR_70.9_70.98,52.99749433899012,0.0,-0.4273570917520812,407.4753489568517,357.3883439303602,50.087005026491454,52.005846831916855,32.36865082789399,19.63719600402287,NB
frame_ma~w~_70.98_71.18,24.671920092904514,0.0,-0.9952094014599832,405.5410095267234,343.8106872657227,61.73032226100071,88.9639931219865,33.61541780851911,55.34857531346739,NB
frame_ki_71.18_71.29,18.89378830553298,0.0,-0.5240250706174533,388.8380206733775,338.60382137685,50.23419929652744,22.77635571246537,5.116076658926772,17.660279053538602,NB
frame_tra_71.29_71.48,9.32657834237088,0.0,-0.2679419717957607,404.5204615088449,345.5154026841764,59.00505882466848,27.3987022354784,9.926217453572718,17.472484781905678,NB
frame_ba_71.48_71.6,30.77402171125104,0.0,-0.3445270160614992,407.9540270106452,353.41181075869264,54.54221625195254,11.083861907910972,5.129782788801066,5.954079119109906,NB
frame_Low_71.6_71.81,53.28251424204797,0.0,-0.2413137075362061,411.249382008018,348.62394431010785,62.62543769791012,64.92958828920473,29.07973507095716,35.849853218247574,NB
frame_e~j~_71.81_71.9,101.46496314227517,0.0,-1.2657982827676273,404.0799350261617,356.4127730084496,47.66716201771203,39.42256315100119,24.24199918151068,15.180563969490509,NB
frame_ba~_71.9_72.07,107.2526578464748,0.0,0.9778447881298054,410.4455625890617,351.7503832364516,58.695179352610126,12.5029565002731,4.3737906272513385,8.129165873021762,NB
frame_ku_72.07_72.15,140.38813076410096,0.0,-0.5908857106995967,376.9893823987416,333.47287277726946,43.516509621472096,4.036312317226859,1.8102303790417975,2.226081938185061,TB
frame_kEX_72.15_72.24,140.863909485566,0.9900000000000092,-0.639669082789529,377.2966217928149,329.9641108938506,47.3325108989643,2.099482008447197,0.9546958267472264,1.1447861816999705,NB
frame_dZi_73.23_73.32,61.93295729266072,0.0,-0.4273570917520812,407.1961166996472,356.65804215565606,50.53807454399112,1.7815081605680518,0.4935358162212111,1.2879723443468407,NB
frame_zeX_73.32_73.57,85.79277078740583,0.1300000000000096,0.332811143072228,399.8662288542832,338.969588976724,60.89663987755921,21.23445588051841,10.23464299904954,10.99981288146887,NB
frame_a_73.7_73.75,43.75252987797464,0.0,-0.42111206032702,389.14560350492735,346.1199649300557,43.025638574871664,24.03310951714856,13.2002559844982,10.83285353265036,NB
frame_pe~_73.75_74.06,18.032200894548566,0.0,0.4752997504464794,409.7272893051138,337.5729339134747,72.15435539163911,21.87798315299972,13.606717559047524,8.271265593952194,NB
frame_nas_74.06_74.3,16.48804224477928,1.1599999999999966,0.0383982052665403,394.1461709202074,333.0025951150278,61.14357580517958,42.80829194994871,21.76083433990175,21.04745761004696,NB
frame_nu_75.46_75.62,23.54728857575984,0.0,-0.2126398075962141,399.2588221303686,343.60284579852896,55.65597633183967,8.469783113823027,2.525592492905872,5.944190620917155,NB
frame_graw_75.62_75.94,16.783708260881554,0.0,-0.1147718832646101,402.03025270529935,329.93734130612324,72.0929113991761,46.80086402808577,17.239296242464277,29.56156778562149,NB
frame_dZi_75.94_76.02,12.76342907233952,0.0,-0.3306891128865717,401.47249725770615,352.3777635921838,49.09473366552237,1.5999724861905094,0.8157203871317478,0.7842520990587616,NB
frame_fu~_76.02_76.22,24.160107379293464,0.0,-0.3173804185989272,396.8450531748409,338.2465308981991,58.5985222766418,81.50017364242942,39.70653266350179,41.79364097892762,NB
frame_si_76.22_76.35,61.75306092107045,0.0,-0.5240250706174533,399.5943455035616,346.2374131240791,53.35693237948243,4.350982340774607,3.096697343055162,1.254284997719445,NB
frame_o_76.35_76.43,14.49909259906302,0.0,-0.2413137075359958,399.9116105616446,352.60530129589006,47.30630926575452,16.766277790250626,7.583796359475883,9.182481430774745,NB
frame_na_76.43_76.65,37.29787978858685,0.0,0.4979084708601007,395.5828050511045,333.9893345247226,61.59347052638191,25.66477175553726,16.871832616012668,8.792939139524591,NB
frame_riu_76.65_76.76,49.10276495305752,1.2099999999999935,-0.3306891128865717,383.3827930922622,333.7443845050265,49.63840858723569,1.4311216161125913,0.5894330342650846,0.8416885818475066,TB
frame_o~_77.97_78.11,49.87883059220093,0.0,0.517465711812636,401.45850720425415,346.89298873592924,54.56551846832491,11.722437459884276,7.266135251522726,4.456302208361549,NB
frame_dZi_78.11_78.19,45.690480308768485,0.0,-0.5240250706174533,404.76179421245,357.1562641983123,47.605530014137685,14.334625724892234,4.09143217590632,10.243193548985914,NB
frame_adZ_78.19_78.28,15.347438057906146,0.0,-0.4976971045925409,403.4786286436459,355.1361570245489,48.34247161909701,99.01659102417791,30.41828011576618,68.59831090841173,NB
frame_ki_78.28_78.44,69.84906294719673,0.0,0.4426547180370918,399.84192039399824,344.8716833006851,54.97023709331313,41.67957070740504,16.678067243511634,25.001503463893407,NB
frame_riw_78.44_78.69,59.32190796977352,0.0,0.7326586546334828,404.315922727532,337.16653552616253,67.14938720136945,16.70426204368036,8.117043173149938,8.587218870530421,NB
frame_muj~_78.69_78.84,60.05563031074577,0.0,-0.3387217752974014,400.3900385307169,345.92297008868627,54.46706844203055,8.458024964722554,3.1882816136515544,5.269743351071,NB
frame_tu_78.84_78.96,76.89639067323535,0.0,-0.3387217752974014,403.6522326825102,350.30781197016165,53.34442071234855,68.93908979547481,49.01943483079553,19.91965496467928,NB
frame_Re_78.96_79.08,57.47618590005064,0.0,0.332811143072228,400.57336174281664,347.08420584020905,53.48915590260759,17.63172356328542,4.553266310010912,13.078457253274507,NB
frame_no~_79.08_79.32,47.87538777623226,0.0,0.6572603703414064,402.6176321626676,336.8991051251541,65.71852703751352,34.72024857705544,23.973829670211728,10.746418906843717,NB
frame_mi_79.32_79.38,26.66740046219409,1.0799999999999983,-0.5240250706174533,392.6220504592824,346.32308164412484,46.29896881515759,7.769484319028365,4.433926628767566,3.3355576902607997,NB
frame_Sa_80.46_80.58,115.38286080321328,0.0,-0.42111206032702,400.1423969104088,347.39822561872865,52.74417129168012,0.9110647001166186,0.474719907369149,0.4363447927474695,NB
frame_ma_80.58_80.75,83.33979189117001,0.0,-0.2679419717958695,401.8139102474741,344.32081204670504,57.493098200769,9.417811229526777,3.0499219860742386,6.367889243452538,NB
frame_va_80.75_80.84,89.30524283048005,0.0,-0.5742821488581705,395.59417540952745,347.2182545227131,48.37592088681436,3.4442113757674804,1.7864521809189426,1.6577591948485375,NB
frame_zi_80.84_80.9,116.11269879645766,0.1199999999999903,-0.5240250706174533,377.1542204756238,332.7570236300936,44.397196845530175,0.482342794325902,0.2730295967391072,0.2093131975867947,NB
frame_ma_81.02_81.33,40.555772318624136,0.0,0.727663603656881,401.343168496044,329.8510273769054,71.49214111913858,29.73554686044247,20.181049955033277,9.554496905409197,NB
frame_riu_81.33_81.51,8.862004611343764,0.1499999999999914,-0.5240250706174533,399.73709661421793,341.9350813300079,57.80201528421003,47.010188932501606,28.705664917974502,18.304524014527104,NB
frame_e_81.66_81.73,6.34175673989931,0.0,-0.0935171806978715,389.5021239598008,343.84636654816364,45.655757411637126,121.73234454794328,75.79042861742504,45.94191593051825,NB
frame_si_81.73_81.88,70.77314863411152,0.0,-0.5240250706174533,386.16230456916793,332.50289244708546,53.65941212208247,1.6442886106790695,0.7047439397127064,0.9395446709663632,NB
frame_mew_81.88_82.02,54.54796344135599,0.0,-0.0935171806981744,392.7767718276182,339.6722389957228,53.10453283189537,5.926745124099426,2.6351546116352864,3.29159051246414,NB
frame_iR_82.02_82.1,49.483847088671055,0.0,-0.4273570917519438,389.49236946661233,342.974299244172,46.51807022244032,4.747062220519098,2.637677430822748,2.1093847896963496,NB
frame_ma~w~_82.1_82.34,19.21937895207984,0.0,-0.9952094014599832,396.956001022882,334.3157531854253,62.64024783745669,40.91016472545755,19.032626899024024,21.877537826433525,NB
frame_ma_82.34_82.57,49.97509548124072,0.0,0.3447383823288414,398.1157787885777,336.3870748875729,61.72870390100479,7.414282568847668,2.735037083677426,4.679245485170242,NB
frame_riu_82.57_82.75,50.11119993120848,0.2399999999999948,-0.0406851762900433,396.3667582326429,338.7403599598505,57.626398272792414,10.88363875107794,5.925909746544065,4.957729004533874,NB
frame_dZi_82.99_83.08,137.3612616479558,0.0,-0.3306891128865717,396.00150592782137,346.5041412973075,49.49736463051386,6.736909000612499,1.7711181370236062,4.965790863588893,NB
frame_a~_83.08_83.16,146.45028743956686,0.0,0.1009318149788574,392.86217696955424,344.9655922586751,47.896584710879154,2.681011828866133,1.3252849951416152,1.3557268337245176,NB
frame_dra_83.16_83.4,147.10367046486778,0.0,0.1915682937977997,396.2973614049747,331.40054557726125,64.89681582771351,13.005922117777814,7.623989272980438,5.381932844797376,NB
frame_dZi_83.4_83.48,142.87539626577373,0.0,-0.4273570917519438,397.6034942240343,350.14361226324377,47.45988196079054,4.0415155010300765,1.547033078234236,2.4944824227958406,NB
frame_i_83.48_83.53,149.46962569217646,0.1299999999999954,-0.3306891128865717,390.1578703295951,346.16572686042724,43.99214346916784,1.0180245631257208,0.6610629623749702,0.3569616007507505,NB
frame_siw_83.66_83.87,0.8419173021738118,0.0,-0.3306891128865717,405.2459710332439,343.8852984605117,61.36067257273214,19.434973630603096,8.054187149981956,11.38078648062114,NB
frame_va_83.87_83.93,9.768014871920528,1.7199999999999989,-0.5742821488581705,374.2242818930626,330.52826317072754,43.696018722335054,126.13909420675752,50.889330216676285,75.24976399008125,TB
frame_E_85.65_86.11,18.164281941739414,1.4699999999999989,2.033389280665222,399.95949226065545,313.50685685797464,86.45263540268081,23.857275768040395,18.90153830655049,4.955737461489903,NB
frame_e~_87.58_87.66,3.1051681512335847,0.0,-0.1776120120088493,400.5115327272734,352.1977969840842,48.31373574318917,58.691275922067646,38.65862492884469,20.03265099322296,NB
frame_bO_87.66_87.87,29.125538657938165,0.0,-0.5109572297080502,410.0537399034533,347.4110183265461,62.64272157690726,61.59125665521806,31.001366691672217,30.589889963545843,NB
frame_ra_87.87_87.97,8.301893053642203,0.0,-0.2679419717958695,406.9992298727252,355.5606005307362,51.438629341988985,25.17169578422471,10.731172845266144,14.440522938958566,NB
frame_nu_87.97_88.06,49.05529384536168,0.0,-0.3387217752974014,398.76740513875785,350.10901187371314,48.65839326504471,21.435420704562237,13.530261778888232,7.905158925674002,NB
frame_te~_88.06_88.21,51.58646208333059,0.0,-0.3952492661607286,407.43512330818425,352.5021458507232,54.93297745746105,50.08091400304904,20.316470314945803,29.764443688103235,NB
frame_pu_88.21_88.32,56.23006144809548,0.0,-0.4648037429985887,389.314307105212,338.99436322014265,50.319943885069335,7.625942111810446,4.328053533192403,3.2978885786180427,NB
frame_de_88.32_88.44,34.08568766589683,0.0,-0.0935171806981744,407.8973312513165,353.8313183001635,54.06601295115303,39.10158612616651,16.410593399636085,22.690992726530425,NB
frame_li_88.44_88.56,5.833779397651625,0.0,-0.3306891128865717,404.23026631065096,351.8102879560489,52.41997835460205,44.5528855965992,16.168293879733483,28.384591716865717,NB
frame_te~_88.56_88.7,19.161680807970527,0.0,-1.2657982827676273,401.4976221236923,348.2697745173935,53.22784760629878,64.2440295875258,31.85612445997916,32.387905127546645,NB
frame_Ja_88.7_89.05,47.32190934553188,0.0799999999999983,0.9574187364536612,402.2168339960829,327.4809324720964,74.73590152398657,53.06515685027109,30.723871565178328,22.341285285092766,NB
frame_si_89.13_89.23,98.2633197301658,0.269999999999996,-0.2340211340210622,394.7069260936317,344.73159014429746,49.97533594933418,4.865550143533056,2.2301912125654013,2.635358930967655,NB
frame_si_89.5_89.63,38.77706355559687,0.0,-0.0406851762901807,399.71553632557607,348.39663793353816,51.31889839203791,14.906026379555485,4.117203450040151,10.788822929515334,NB
frame_du_89.63_89.7,39.85510703852388,0.0,-0.4648037429984095,393.8942572292151,346.56383278825825,47.33042444095685,8.116923010706117,1.582566333449762,6.534356677256355,NB
frame_majs_89.7_89.98,43.00040521718762,0.0999999999999943,-0.3445270160613903,397.03159741781866,329.87290692197246,67.1586904958462,24.533602873532587,8.422510098040448,16.11109277549214,NB
frame_sE_90.08_90.22,60.62523697537175,0.0,-0.2666841948655137,404.3037515324599,352.5486329075175,51.755118624942384,12.027725873363336,5.69731656145558,6.330409311907758,NB
frame_le_90.22_90.32,70.38448185703865,0.0,-0.3066813425833756,404.123350823399,353.0883647400568,51.03498608334223,6.383326899674287,3.2357201480235744,3.147606751650713,NB
frame_bri_90.32_90.48,77.84544952022371,0.0,-0.1373531551555528,398.1120909279866,342.96680684409466,55.145284083891966,6.664985004004848,3.456055456869052,3.208929547135796,NB
frame_ko~_90.48_90.65,76.14235152527068,0.0,-0.3213022393605818,405.4713516515447,348.2066065150797,57.26474513646497,34.566914358335815,13.14431583206985,21.422598526265965,NB
frame_mu_90.65_90.88,74.35031639020691,0.8599999999999994,1.300343804817137,400.2277212713715,337.55267264566663,62.67504862570485,16.14408639978089,7.045217355681245,9.098869044099644,NB
frame_fu_91.74_91.95,11.891878057335704,0.0,-0.2126398075962141,409.98573853523135,346.68611295750605,63.299625577725294,83.55846515288874,49.1983993214804,34.36006583140835,NB
frame_te_91.95_92.07,40.53596186106998,0.0,-0.7330096663534751,402.67848828453833,354.9205585620365,47.75792972250184,42.106719285423466,26.494507331414496,15.61221195400897,NB
frame_bo_92.07_92.23,56.8484400333012,0.0,0.0546183288663104,409.46295098300106,351.46068121871525,58.00226976428581,14.293487157603607,4.802957591493325,9.490529566110284,NB
frame_lis_92.23_92.41,4.988574621631642,0.0,-0.4273570917519438,409.10183685819874,353.5761558480055,55.52568101019324,21.011534763862088,7.710356816954061,13.301177946908028,NB
frame_ta_92.41_92.57,85.03960352678521,0.1400000000000005,-0.2679419717958695,393.22782662512407,338.3648823215448,54.86294430357924,1.4454949028791615,0.8973176173362489,0.5481772855429128,NB
frame_a_92.71_92.75,31.55767308283197,0.0,-0.4976971045925409,391.93924380323534,348.15623873365394,43.78300506958141,5.756108554561777,2.659654584090191,3.096453970471586,NB
frame_ma_92.75_92.91,38.27643701314166,0.0,-0.2679419717958695,402.0761079636905,345.2953594409063,56.780748522784165,6.1418381915074605,3.8837963044081514,2.25804188709931,NB
frame_doX_92.91_93.16,0.070979858741353,0.2199999999999988,0.4985163834696646,408.80463054579,343.9058244367017,64.8988061090883,18.58001338817753,8.091842325517945,10.488171062659587,NB
frame_nu_93.38_93.47,72.26417980522805,0.0,-0.2126398075962141,391.09442082576606,342.6133289994559,48.48109182631015,4.557166235665747,2.508104028574365,2.049062207091381,NB
frame_klu_93.47_93.63,62.39352634622918,0.0,-0.4648037429985887,404.67401787387206,349.55977874216705,55.114239131705006,46.82983463832697,15.948575010614192,30.88125962771278,NB
frame_bi_93.63_93.69,68.18185767289904,0.0,-0.5240250706174533,398.228233640247,353.4819132555264,44.74632038472066,7.878758409580655,4.13036379595961,3.748394613621045,NB
frame_a_93.69_93.78,79.53781581918231,0.0,-0.1147718832646101,396.5558601471592,350.56833674213965,45.98752340501949,21.63918324279748,12.08125245339859,9.557930789398888,NB
frame_tlE_93.78_94.0,62.37680484216543,0.0,-0.2666841948655137,404.72548500430776,342.58299906455954,62.14248593974816,15.155900711258454,8.646597145701449,6.509303565557005,NB
frame_tSi_94.0_94.07,179.25623032972933,0.0,-0.5240250706175906,386.4305943607843,342.3010090074306,44.12958535335372,386.7026790703231,116.47291917010484,270.22975990021826,NB
frame_ku_94.07_94.13,92.10189613630732,0.0,-0.5908857106995967,373.7879127678021,330.31706171661114,43.47085105119095,0.301947786488796,0.1306764816612826,0.1712713048275134,NB
frame_paw_94.13_94.32,74.40266546886171,0.0,-0.5742821488581705,401.1616008088637,342.38339767589696,58.77820313296678,29.63619883789821,11.281382997013452,18.354815840884758,NB
frame_lis_94.32_94.44,89.19901087406421,0.0,-0.3306891128865717,390.19058970178617,339.6509999170842,50.539589784701946,14.27021607666932,9.915781160221286,4.354434916448035,NB
frame_ta_94.44_94.62,28.419161170686067,0.0,-0.2679419717957607,401.4078961575464,344.3932773585404,57.01461879900603,15.57838614467424,6.305318845040176,9.273067299634064,NB
frame_nu_94.62_94.7,21.485216483145905,0.0,-0.3387217752974014,388.8101816805018,342.2849014513773,46.52528022912452,6.31011212451638,2.796619886415499,3.5134922381008806,NB
frame_du_94.7_94.82,92.48447658208464,0.0,-0.0865578398952061,399.1003240885718,347.6976561967404,51.40266789183141,0.9796214922746812,0.5308689393651704,0.4487525529095109,NB
frame_ki_94.82_94.94,92.61253146995578,0.0,-0.4273570917520812,388.3782671214802,337.12691421324695,51.25135290823323,2.425284700687783,0.731098437391914,1.6941862632958689,NB
frame_ko~_94.94_95.04,93.11268482284984,0.0,-1.020275532005228,388.8576819941546,339.8129909716109,49.0446910225437,1.0332291984402175,0.5519264817583291,0.4813027166818884,NB
frame_mu_95.04_95.1,66.07018134092523,0.0,-0.5908857106995967,386.93143151905326,344.11762097833275,42.81381054072051,11.145648084405607,6.909633903991349,4.236014180414259,NB
frame_fu~_95.1_95.29,44.53090929055524,0.0,-0.4874682672402632,393.9810645918717,335.1590244066608,58.82204018521094,123.45189586818084,72.41986952271274,51.03202634546808,NB
frame_si_95.29_95.41,92.65339477587634,0.0,-0.5240250706174533,393.8676158964081,343.16367781877204,50.70393807763611,1.6427776739059468,0.8926922433173061,0.7500854305886406,NB
frame_o_95.41_95.45,54.9621272880194,0.0,-0.8331777803408186,397.1792492804549,352.5388027273612,44.64044655309374,0.2584984299166848,0.1449901389809298,0.1135082909357549,NB
frame_na_95.45_95.64,58.31515806418486,0.0,0.4213234265944711,404.35768145393706,344.43041571412994,59.927265739807126,9.02181245560874,6.968835711904887,2.0529767437038515,NB
frame_riu_95.64_95.73,22.76892263506585,0.0,-0.5240250706174533,407.5885661941962,358.5493317543824,49.03923443981376,23.849528588911795,7.584456169022161,16.265072419889634,NB
frame_dZi_95.73_95.79,27.22630570249773,0.0,-0.5240250706174533,391.8850181089597,346.2199979441232,45.66502016483656,13.305062963133196,7.651089637240361,5.653973325892835,NB
frame_ba~_95.79_95.88,61.51379407113002,0.0,-0.5567529148845093,405.93827950685375,357.13888346237013,48.79939604448367,7.230960658462806,3.235129636216783,3.995831022246023,NB
frame_ku_95.88_95.94,77.77577263818091,0.2300000000000039,-0.5908857106995967,392.3172149933496,347.3398353475449,44.97737964580466,21.799218681703422,13.875295940176372,7.923922741527051,TB
frame_un_96.17_96.28,11.351075754493053,0.0,-0.5908857106995967,391.237493854249,339.747719158818,51.489774695431095,14.34067868283941,4.567882485442993,9.772796197396415,NB
frame_un_96.28_96.47,103.37283948739925,0.0,-0.5908857106995967,391.8442602074272,332.7919783682098,59.05228183921736,57.29333219955902,38.80731910886311,18.486013090695906,NB
frame_majs_96.47_96.63,46.0090033873193,0.0,-0.3445270160614992,406.0375519287173,349.8606408924212,56.17691103629613,7.091953970607108,2.5085376289048757,4.583416341702232,TB
frame_e~j~_96.63_96.71,26.78126197713098,0.0,-0.8305237744638687,405.0220608217654,357.1896566265226,47.832404195242816,15.94447283675295,4.6491573616424375,11.295315475110511,NB
frame_to_96.71_96.8,38.259544354043726,0.0,-0.8331777803410289,398.31967524193794,350.4893131650491,47.830362076888775,8.362581003870957,4.028933641439323,4.333647362431634,NB
frame_du_96.8_96.87,33.31065440853979,0.0,-0.4648037429984095,394.1046224085737,347.6674785267734,46.437143881800296,6.196523752074143,3.241973753343416,2.9545499987307267,NB
frame_ka_96.87_97.02,31.14757476044987,0.0,-0.1913569275302398,400.58348977997554,344.749119368722,55.83437041125353,99.3692188026665,29.60773349612917,69.76148530653732,NB
frame_zu_97.02_97.08,5.853606642778544,0.0799999999999983,-0.5908857106995967,376.0855227490723,331.662824634247,44.42269811482532,34.052686409347785,18.386078737209715,15.66660767213807,NB
frame_foj_97.16_97.31,11.31704970151901,0.0,-0.389279725737254,410.0487617244089,354.7036722207738,55.345089503635165,17.595425091374807,7.353198895008205,10.242226196366602,NB
frame_fu~_97.31_97.47,2.8451859968507733,0.0,-0.3740763681460929,399.62607314698965,344.3656347225208,55.26043842446887,66.21193948369255,35.41062135301877,30.801318130673778,NB
frame_si_97.47_97.57,29.6026666176182,0.0,-0.5240250706175906,399.4975975554788,348.279233464603,51.21836409087581,139.91883765183093,83.95560047678454,55.96323717504638,NB
frame_o_97.57_97.62,45.362946213602,0.0,-0.6852117621395604,400.6349530191467,355.03017270841275,45.60478031073393,1.6209712008307091,0.7455250929678527,0.8754461078628566,NB
frame_na_97.62_97.8,31.361189599727595,0.0,0.3447383823288414,403.5773386518748,344.69539229529965,58.88194635657516,16.82498578946023,6.492658173532334,10.332327615927897,NB
frame_riu_97.8_97.9,37.23753829692082,0.0,-0.5240250706174533,400.7780722854958,352.0585556602056,48.71951662529028,7.846345483680608,2.31011917734898,5.536226306331628,NB
frame_du_97.9_98.18,42.82679814606716,0.0,2.056835611024081,403.7832120329228,333.44875084146844,70.33446119145435,22.96416326930992,6.190419815070399,16.773743454239522,NB
frame_ba~_98.18_98.31,47.35456695070327,0.0,0.3201600582667501,398.29416520168064,345.2348837499395,53.05928145174113,6.214360235774393,3.420128314568302,2.794231921206091,NB
frame_ku_98.31_98.56,83.36388962331529,1.0799999999999983,0.1656060955071684,393.6054364337824,330.4956420167168,63.10979441706564,4.732132686660535,2.81224953778991,1.9198831488706247,TB
frame_ko_99.64_99.73,8.298233354600683,0.0,-0.6852117621397706,407.9607464016167,358.35694921085167,49.60379719076502,3.237015397901274,2.253790819255613,0.983224578645661,NB
frame_meX_99.73_100.19,10.232373488427667,0.0,6.940900161509831,409.1500247611455,319.86971609269904,89.28030866844648,10.496211922777547,4.7308681387541895,5.765343784023358,NB
frame_si_100.19_100.25,24.010273380230544,0.0,-0.5240250706174533,398.90337753517343,353.24119492004286,45.662182615130575,9.022950444751343,4.548084932623368,4.474865512127977,NB
frame_aw_100.25_100.31,61.755469282079375,0.0,-0.5742821488581705,390.654487320876,345.723105903534,44.93138141734204,0.1430537549771813,0.0513812800829498,0.0916724748942314,NB
frame_i_100.31_100.34,67.08764179319644,1.1099999999999994,-0.5240250706174533,364.0077223293939,324.7273120256647,39.28041030372924,32.02272260252201,23.785846119315774,8.236876483206231,NB
frame_a_101.45_101.51,38.12719221320489,0.0,-0.3445270160613903,400.0996478455952,356.00948946192875,44.09015838366645,21.61896668854274,12.142459151318008,9.476507537224734,NB
frame_gO_101.51_101.71,7.013589839305155,0.0,0.3716052579693524,410.5981721378276,349.07760487436843,61.52056726345916,65.3021511559034,29.859760608747425,35.44239054715598,NB
frame_ra_101.71_101.9,65.76020257925634,0.9699999999999988,0.4213234265945799,405.1878505510746,347.3388667653016,57.84898378577304,8.96290267484116,5.323343743684447,3.6395589311567136,NB
frame_u_102.87_102.97,71.22472007046073,0.0,0.2916880632081765,404.46081839519167,354.78001070239867,49.680807692793,93.84563453557956,41.49076476702652,52.35486976855304,NB
frame_ki_102.97_103.1,88.21654483306301,0.0,-0.5240250706174533,406.3602360232526,351.5863603327901,54.77387569046243,157.9919718502298,79.59447709013301,78.39749476009678,NB
frame_ew_103.1_103.19,48.93633699058853,0.0,-0.9461738282383734,405.2935321645919,356.2973402000424,48.99619196454944,139.5869925147021,70.47083162140345,69.11616089329866,NB
frame_ko_103.19_103.33,66.62319066247508,0.0,-0.5372457439385123,405.091925742949,350.33071009577066,54.761215647178346,87.45268015021057,56.942960023004105,30.509720127206464,NB
frame_Je_103.33_103.5,20.57952597859989,0.0,-0.5198455044682739,409.403735616396,351.83110844888165,57.57262716751438,32.912685152187066,17.481353814433646,15.43133133775342,NB
frame_su_103.5_103.64,23.61889878633798,0.0,-0.3387217752974014,397.3145095801762,344.8661564866709,52.44835309350532,10.961334419488566,4.773995564395534,6.187338855093032,NB
frame_dZi_103.64_103.79,85.77244261153992,0.0,0.1526507814408381,399.92033535672766,346.53072478331296,53.3896105734147,43.9993033977265,13.751597550242508,30.247705847483992,NB
frame_ba~_103.79_103.98,20.81736167748528,0.0,1.1970730314180096,406.5047082025156,346.3047804955177,60.19992770699787,151.17339856920165,99.86409537685802,51.309303192343634,NB
frame_kus_103.98_104.19,109.27472035961688,1.240000000000009,-0.5908857106995967,386.737944375925,327.0401496830495,59.69779469287551,1.1843116391132824,0.3846583422324414,0.799653296880841,NB
frame_de_105.43_105.6,10.920752370314489,0.0,0.7591394668423275,413.6866130552198,355.1840590599296,58.50255399529021,68.13141748993351,25.716983696394838,42.41443379353868,NB
frame_ri_105.6_105.74,43.01471911499749,0.0,0.2493187603062102,405.7232872379311,349.91581028066565,55.80747695726541,53.17509174671375,18.60102637862647,34.574065368087275,NB
frame_va_105.74_105.9,20.463257715218678,0.0,-0.2679419717957607,411.0379049396086,354.1467809493543,56.8911239902543,60.536028883493145,25.762132989605615,34.77389589388753,NB
frame_si~p_105.9_106.16,18.137828888256195,0.0,0.7842128877942818,405.3907693370655,339.6497411805202,65.74102815654527,66.05252755980646,43.82115838754049,22.23136917226597,NB
frame_lez_106.16_106.32,34.21220634587232,0.0,0.5459753049574292,405.3935493370356,349.6225255583398,55.771023778695735,80.1682846730327,52.213739718388695,27.954544954644007,NB
frame_me~_106.32_106.51,18.4408409393464,0.0,0.6929370045983587,403.362430682641,343.7661879433413,59.59624273929967,54.55312258742906,24.690200889415134,29.86292169801392,NB
frame_tSi_106.51_106.71,21.1341148397774,0.0,0.1526507814407008,398.8790498274536,338.87113161550025,60.00791821195333,90.83982344913632,26.16407102998656,64.67575241914977,NB
frame_du_106.71_106.89,13.059737504895992,0.0799999999999983,0.7960159340127463,404.5114998277113,347.8661031866743,56.64539664103694,26.8708420838926,9.696028619992717,17.17481346389988,NB
frame_tra_106.97_107.22,23.084616326487605,0.0,0.4979084708601007,402.7523883056327,335.90407463023945,66.84831367539323,27.104839746176665,18.011315462736775,9.09352428343989,NB
frame_tu_107.22_107.53,24.37045888660893,0.6099999999999994,0.9220979017139336,402.4376325685176,333.00148923048255,69.4361433380351,168.84814422179073,95.73379436213564,73.1143498596551,NB
frame_noR_108.14_108.41,28.337771561715584,0.0,0.4985163834696646,406.8356910469319,339.2836730847587,67.55201796217324,60.90726158370697,26.296651869203743,34.61060971450323,NB
frame_maw_108.41_108.73,40.05196382239835,0.5899999999999892,-0.5742821488581705,403.7443609368202,331.9023919900179,71.84196894680235,66.72690440307622,24.810091303437247,41.91681309963897,NB
frame_e~_109.32_109.54,17.005816219655088,0.0,2.869309546116224,410.0274822540973,347.74924263948026,62.27823961461706,38.35928534340528,18.05469583309645,20.30458951030883,NB
frame_tri_109.54_109.75,1.4602864098800126,0.0,0.1526507814407008,408.182489180354,345.9661485602872,62.21634062006683,22.7792833485029,15.084860994539897,7.694422353963006,NB
frame_u~_109.75_109.99,18.602307208697056,0.2199999999999988,0.5897547741552405,406.3592306326941,341.33020145466946,65.02902917802464,53.70003008939074,16.793732858893662,36.906297230497074,NB
frame_pe_110.21_110.39,19.22691429617501,0.0,1.398631952497628,410.1139886147499,352.10737347826444,58.00661513648549,14.168190495017512,2.866817161490303,11.30137333352721,NB
frame_ke~_110.39_110.6,18.09855469882268,0.0,0.9105742587499288,412.0843732230088,350.9745859508651,61.109787272143706,48.4882229786528,17.69353530311983,30.79468767553297,NB
frame_nu_110.6_110.75,61.37776609261903,0.0,0.0395241278059811,399.13504645915657,344.7278884000033,54.40715805915329,31.39265376107053,19.184236733797302,12.208417027273228,NB
frame_de_110.75_110.86,64.52439977879172,0.0,-0.3066813425830727,404.3289295490455,353.0349428205233,51.29398672852216,7.818978293251106,2.542143383146964,5.276834910104142,NB
frame_po_110.86_111.05,89.50779413123315,0.0,-0.6852117621397706,401.8898657026289,342.873926799047,59.01593890358191,38.71346040329961,21.366037283434068,17.34742311986554,NB
frame_zi_111.05_111.27,62.91598995453526,0.0,0.3459867391715823,400.32401949535006,340.376496343315,59.94752315203499,64.66437211931438,26.79250687293765,37.871865246376736,NB
frame_ta~_111.27_111.44,4.7160971451486375,0.0,0.5393883015543314,403.8065785138758,345.76449530228206,58.04208321159376,132.99477947382948,25.89690642867933,107.09787304515017,NB
frame_tSi_111.44_111.5,45.54900472796804,0.3199999999999932,-0.5240250706174533,384.55922140323946,339.28739633859846,45.27182506464101,8.221891009073317,2.817188653385969,5.404702355687348,NB
frame_ki_111.82_111.89,27.73988452447759,0.0,-0.4273570917519438,400.3878038193596,353.3010856230116,47.08671819634799,81.8728930539734,56.27860201783341,25.594291036139992,NB
frame_ew_111.89_111.98,49.9524103946996,0.0,-0.9461738282383734,399.8339681402135,350.74288842261615,49.09107971759733,3.2833628942146333,1.117332313352307,2.1660305808623264,NB
frame_sow_111.98_112.25,12.033419126470108,0.4599999999999937,-0.5372457439385123,401.170650053228,334.27134182038566,66.89930823284237,153.35080196377828,66.33159536631018,87.01920659746808,NB
frame_poX_112.71_112.85,63.60680600091324,0.0,-0.9811437985420768,377.5604825072931,327.92783155408443,49.63265095320867,34.221005722588025,28.59858349028597,5.62242223230205,NB
frame_ki_112.85_112.95,16.97473482516753,0.0,-0.4273570917519438,408.69495752493344,356.59294263706965,52.10201488786379,118.2286668994307,57.257011235638,60.9716556637927,NB
frame_a_112.95_112.99,11.276725552147312,0.0,-0.4976971045926497,402.6080578942085,357.4417265316887,45.16633136251983,1.8102472123579505,0.9677069003831348,0.8425403119748154,NB
frame_Ze~_112.99_113.16,14.976613381364302,0.0,-0.1776120120088493,406.4720586344631,349.7739671043194,56.69809153014364,18.357813215388543,6.171106989554119,12.186706225834428,NB
frame_tSi_113.16_113.22,17.212362311412534,0.0,-0.5240250706174533,379.4867577776965,335.6055679192837,43.88118985841277,40.51686423389387,13.20578875666004,27.31107547723383,NB
frame_te~j~_113.22_113.38,27.43544695769009,0.0,-0.8305237744641779,406.222226929754,349.9603220076806,56.26190492207343,61.976406789852206,42.599178778769954,19.37722801108225,NB
frame_ki_113.38_113.49,15.666787148452954,0.0,-0.4273570917520812,403.28529010085583,351.2873992540172,51.99789084683863,10.376981895534698,4.91153217295539,5.465449722579308,NB
frame_gwaR_113.49_113.83,7.1152125251527565,0.0,0.4213234265945799,406.6779204036732,332.5052718569672,74.17264854670594,36.67464140478408,15.657063630143185,21.0175777746409,NB
frame_daX_113.83_114.08,10.95310323181927,0.0,0.5744935151256216,406.5084965855837,340.21684078532587,66.29165580025784,6.814912739192124,4.3033405653350485,2.5115721738570755,NB
frame_u_114.08_114.2,23.531990312284503,0.0,0.543851998610551,403.71989801311815,350.5785853388513,53.14131267426683,8.354536036303315,3.930491788218248,4.424044248085068,NB
frame_dZi~_114.2_114.29,13.095549685019236,0.0,-0.8376819483257091,405.9346609910564,356.4846387234245,49.45002226763194,17.29006123347382,7.043803067265415,10.246258166208406,NB
frame_Jej_114.29_114.54,17.982026055130163,0.0,0.5459753049574292,407.0019657633129,340.23090801111925,66.77105775219371,7.8166979858766865,3.771788028346776,4.04490995752991,NB
frame_ru_114.54_114.6,20.2651816309064,0.0,-0.5908857106995967,400.26632697945297,355.1066138122883,45.15971316716468,3.6209079752727575,2.29901875185935,1.3218892234134074,NB
frame_e~j~_114.6_114.69,20.777717509920866,0.0,-1.2657982827676273,400.62064719529553,350.1255381705022,50.49510902479335,2.5431355699064966,1.7967627480950483,0.7463728218114483,NB
frame_aw_114.69_114.83,26.259806309197685,0.0,-0.4976971045925409,403.098012436824,348.7608829619643,54.33712947485975,10.736469189899864,4.332087814154747,6.404381375745118,NB
frame_gu~_114.83_114.95,27.168201267711765,0.0,-0.3173804185989272,397.5278661276306,345.0008777677362,52.5269883598944,8.677107135205645,2.9432112287343983,5.733895906471247,NB
frame_lu_114.95_115.03,30.73989177937992,0.0,-0.3387217752974014,399.47958454855313,351.4059484605212,48.07363608803195,8.733430681769391,4.244825967108042,4.488604714661349,NB
frame_gaX_115.03_115.27,3.9053033770160113,1.1200000000000043,0.3447383823288414,402.5308405870671,339.19846239020046,63.33237819686661,62.25999218597957,25.165170430512678,37.094821755466896,TB
frame_ko_116.39_116.51,21.099808107674647,0.0,-0.6852117621395604,407.9623702250709,354.47932575083894,53.48304447423197,14.515494710938045,6.36849608497451,8.146998625963533,NB
frame_me_116.51_116.69,9.831886240833512,0.0,0.1196469811870267,405.9317758318738,347.2621733707937,58.66960246108016,77.0324833706849,39.62983104711549,37.40265232356941,NB
frame_sa_116.69_116.88,6.797415882563854,0.0,-0.42111206032702,403.3709997695469,343.82814770385846,59.542852065688464,149.6521690425046,50.86056313490025,98.79160590760436,NB
frame_ki_116.88_117.02,2.5535661128445497,0.0,-0.5240250706174533,401.0951939921332,347.7949317816212,53.30026221051196,152.86138804712158,60.6600813005721,92.20130674654946,NB
frame_a_117.02_117.05,18.33872885788037,0.0,-0.5742821488581705,384.60876213000233,343.0055199630877,41.60324216691458,20.19306726955,9.63728028684747,10.555786982702529,NB
frame_u~_117.05_117.14,31.952890662268047,0.0,-0.2606844690517615,397.99277582589065,349.3616783439156,48.63109748197502,34.08561756070321,21.312272301532417,12.773345259170796,NB
frame_ni_117.14_117.24,55.78812310542044,0.0,-0.2340211340211996,397.9095348144998,347.5883837865371,50.321151027962685,12.69383032466,7.432326298549512,5.261504026110487,NB
frame_veX_117.24_117.39,56.97288588881635,0.0,-0.3066813425830727,400.24694794032337,345.3652597175776,54.881688222745765,15.45988435968394,5.048842089149972,10.411042270533969,NB
frame_si_117.39_117.62,15.458134514052889,0.0,0.2493187603062102,396.6929262611848,337.04770250859417,59.6452237525906,103.49327085447172,53.72778414558769,49.765486708884026,NB
frame_da_117.62_117.83,42.59776539388429,0.0,0.5744935151256216,399.77373952869897,338.6056388036242,61.1681007250748,9.169090334858211,3.6671898681641855,5.501900466694025,NB
frame_dZi_117.83_117.96,42.52971599168637,0.0,0.0559828025751913,399.4787864211372,346.6390610584924,52.8397253626448,41.19203243814136,13.448507794995407,27.743524643145943,NB
frame_Za_117.96_118.18,49.07352037696028,0.0,0.4213234265945799,398.2592089013029,336.0111604662173,62.24804843508559,72.90744928582664,34.988958784722016,37.91849050110463,NB
frame_nujs_118.18_118.35,33.4184508430947,0.1000000000000085,-0.3387217752972222,392.0290255307598,336.5506097533829,55.47841577737682,103.20149294334472,66.7583240299739,36.443168913370826,NB
frame_pa_118.45_118.63,24.90286500817814,0.0,0.2681533380633205,394.6668833767623,338.2960865399156,56.37079683684669,51.046461300534105,26.954464762461924,24.09199653807218,NB
frame_ga_118.63_118.84,1.1992615710787504,0.5699999999999932,0.1915682937977997,390.7079401554056,331.98149964923005,58.72644050617549,97.81625870573696,37.6313699995892,60.18488870614776,NB
frame_o_119.41_119.51,37.01896946401118,0.0,0.0546183288663104,405.89751391087793,355.62414413020497,50.273369780672965,30.97382703674916,9.817220592575552,21.156606444173605,NB
frame_bri_119.51_119.65,36.9019887530675,0.0,-0.2340211340210622,400.672795845704,347.8359396716802,52.83685617402375,22.66858293068404,9.355879738025564,13.312703192658477,NB
frame_ga_119.65_119.78,53.62968175257042,0.0,-0.1913569275302398,399.6586650687934,345.7628533808852,53.89581168790824,18.727206830815646,10.220546870940368,8.506659959875279,NB
frame_to_119.78_119.94,56.5913189609674,0.0,-0.3892797257374643,400.3587030202647,344.8400222945373,55.51868072572739,53.68051650153112,25.83570051916972,27.844815982361403,NB
frame_ri_119.94_120.0,38.462454443186346,0.0,-0.5240250706174533,396.0861130763517,352.4771915341442,43.6089215422075,0.6043256467698512,0.2288794175972981,0.3754462291725531,NB
frame_a_120.0_120.05,44.90064725453468,0.0,-0.42111206032702,395.8412806875676,351.91736106419586,43.92391962337172,2.0717422304104787,1.2016760627433882,0.8700661676670904,NB
frame_me~_120.05_120.24,13.297429743789904,0.0,0.4752997504464794,400.9718516857072,341.6195714085117,59.35228027719552,54.67047927105445,22.85800452225629,31.812474748798152,NB
frame_tSi_120.24_120.36,6.246099412357182,0.0,-0.3306891128865717,391.957373600446,345.723343299977,46.23403030046904,6.344605776621449,3.858796311656562,2.485809464964888,NB
frame_pe_120.36_120.49,32.084087576878346,0.0,-0.7330096663534751,402.9107381048025,348.3003985519673,54.61033955283523,95.59066319154172,44.27511845912025,51.315544732421465,NB
frame_lu_120.49_120.65,39.76114469901272,0.0,0.6699339663117382,400.21916273801753,346.1007007490089,54.11846198900861,66.49106374073202,35.45654193643985,31.03452180429217,NB
frame_ba~_120.65_120.8,7.593169459052746,0.0,0.1009318149788574,405.741413986745,349.87743816103097,55.86397582571408,24.100719086320296,8.521886161468814,15.578832924851485,NB
frame_ku_120.8_120.92,83.4677972595743,0.0,-0.4648037429984095,389.96758462147005,338.70258695889527,51.26499766257479,1.0452013362498531,0.4500768917204993,0.595124444529354,NB
frame_du_120.92_120.98,56.2950962920079,0.0,-0.5908857106995967,386.0671559763848,342.1681083514165,43.89904762496832,1.2993446508909583,0.5884892927209364,0.7108553581700221,NB
frame_es_120.98_121.11,82.54087020200838,0.0,-0.9461738282383734,383.1631106937928,332.1877001317458,50.97541056204688,1.0218201363012724,0.6718558037506739,0.3499643325505985,NB
frame_ta_121.11_121.28,39.27458921503927,0.0,-0.0381868389990893,400.7609333199212,344.14974838868443,56.61118493123678,54.430350798763484,9.983996487321916,44.44635431144157,NB
frame_du_121.28_121.36,48.99565367564753,0.0,-0.3387217752974014,388.0670022687759,340.87225848872725,47.19474378004867,17.069707575497205,9.685237142648203,7.384470432849,NB
frame_dZi_121.36_121.42,35.88899534731269,0.0,-0.5240250706174533,378.82358771107846,334.2781243629658,44.54546334811266,4.862013162030962,2.87703364921353,1.984979512817432,NB
frame_sa~w~_121.42_121.6,28.59165617196443,0.0,-0.9952094014599832,397.86477917595727,341.2343250380623,56.63045413789496,67.85902805274301,12.150879312080264,55.70814874066275,NB
frame_paw_121.6_121.83,66.41486845587428,0.0,-0.5742821488581705,396.7298452794872,335.1901385832401,61.53970669624709,24.070097128644647,7.55994078823926,16.510156340405388,TB
frame_lu_121.83_121.89,81.93225125087163,0.4099999999999966,-0.5908857106995967,374.72958021004575,330.9805791077683,43.74900110227748,0.967306458025206,0.334500242354423,0.632806215670783,NB
frame_un_122.3_122.36,12.71029480747157,0.0,-0.5908857106995967,384.349966724844,339.74441753140013,44.60554919344389,20.80208039405153,11.220476016708233,9.581604377343297,NB
frame_un_122.36_122.44,38.07137623166244,0.6899999999999977,-0.3387217752974014,382.61886501167737,337.8411558036602,44.77770920801726,60.41193138105072,32.81788168634134,27.594049694709383,TB
frame_e~_123.13_123.26,60.9435893758471,0.0,0.910574258750238,405.7264085941512,353.9408915946304,51.78551699952084,9.867917519888422,4.372582116461615,5.495335403426807,NB
frame_ta~w~_123.26_123.65,36.147882613438696,0.539999999999992,0.9778447881301168,402.9034879166131,327.3841366032056,75.51935131340747,172.0661606208438,98.05576495948884,74.01039566135495,NB
frame_E_124.19_124.98,2.681995691948572,0.5300000000000011,4.08480616424682,407.1229700149021,285.4796735943563,121.64329642054577,69.74222394092021,29.96085191562912,39.78137202529109,NB
frame_e_125.51_125.62,31.12602821409766,0.0,0.7591394668423275,414.7922176416961,360.8781163763971,53.914101265299,32.29156788728491,11.207621875695937,21.083946011588974,NB
frame_si_125.62_125.73,30.846759866791785,0.0,-0.5240250706174533,383.268641323634,334.1664980870165,49.10214323661745,7.304442147597342,3.486772411300933,3.817669736296409,NB
frame_E_125.73_125.79,38.84514760108189,0.0,-0.4531766388274772,401.9321816948519,356.44991069359367,45.482271001258255,18.87190081779269,13.129875313814352,5.74202550397834,NB
frame_u_125.79_125.88,16.44621884903674,0.0,0.1656060955069892,394.82421788183126,348.2853880979428,46.538829783888445,29.58667218527802,19.652609857034435,9.934062328243584,NB
frame_tSi_125.88_125.98,36.43080141544431,0.0,-0.4273570917519438,399.1690867978044,349.77418663794884,49.39490015985558,177.38425582882326,40.0047441780506,137.37951165077266,NB
frame_pu_125.98_126.04,17.020448811650823,0.0,-0.5908857106995967,384.4973422024689,340.06057630160024,44.43676590086864,8.182795629182493,3.1491064383941136,5.03368919078838,NB
frame_dZi_126.04_126.12,4.769769604798682,0.0,-0.3306891128864344,404.5422050176805,357.5402668014334,47.00193821624714,8.630414274536207,2.542909009796375,6.087505264739832,NB
frame_Re_126.12_126.24,5.193665446745399,0.0,-0.5198455044682739,403.37880808374666,351.09799014923965,52.28081793450696,24.901960422055936,17.904970072634626,6.99699034942131,NB
frame_la_126.24_126.36,20.328524889490296,0.0,-0.1913569275302398,403.541339415083,351.9074513321023,51.63388808298066,28.43323113499872,10.440522021910652,17.99270911308807,NB
frame_si_126.36_126.42,99.92820789286506,0.0,-0.5240250706174533,377.81488243828784,334.46262885645314,43.3522535818347,0.474251231412488,0.2990216237495531,0.1752296076629349,NB
frame_o_126.42_126.46,18.811021616557355,0.0,-0.8331777803410289,395.8472330033218,352.2856482095894,43.56158479373238,2.3865081135351147,1.3066694559373673,1.0798386575977474,NB
frame_na_126.46_126.53,37.82608702781114,0.0,-0.5742821488581705,399.3246261230302,350.9070907603455,48.4175353626847,7.214592695138805,4.570658694992048,2.643934000146757,NB
frame_me~_126.53_126.68,15.781306350274916,0.0,-0.3952492661604193,401.0639315085172,345.86795196547934,55.19597954303788,42.96834675278801,18.776828566245143,24.191518186542865,NB
frame_tu_126.68_126.76,11.062405164660618,0.0,-0.3387217752972222,381.1145771486303,334.341579924524,46.77299722410635,20.684444883798363,8.428850668195196,12.255594215603168,NB
frame_ki_126.76_126.84,100.11821399173394,0.0,-0.5240250706174533,400.9496064043871,351.65636092616387,49.293245478223184,1.114396435887393,0.5383046130734286,0.5760918228139644,NB
frame_ew_126.84_126.9,16.18398172035748,0.0,-0.9461738282383734,395.2464996413767,351.90381323377835,43.34268640759831,13.87198808820429,6.955170558738189,6.916817529466101,NB
frame_te~_126.9_127.06,9.96141004779679,0.0,-0.6128865203122986,400.29807325682606,344.86582442809834,55.43224882872772,29.76783447817525,18.045519005214658,11.722315472960588,NB
frame_Ju_127.06_127.14,5.904619945692929,0.0,-0.3387217752974014,396.9086745752897,349.18441700802936,47.72425756726034,9.890676885104654,3.485046304940141,6.405630580164512,NB
frame_ko~_127.14_127.24,15.552896788767526,0.0,-0.7406862149474888,400.9055681557652,349.51762113465907,51.38794702110613,36.9467471818478,23.70455601736853,13.242191164479266,NB
frame_ba~_127.24_127.37,56.0044656213414,0.0,-0.9952094014599832,392.81630921141567,339.7365011070405,53.07980810437516,49.12179052684935,28.760052863620714,20.36173766322864,NB
frame_ku_127.37_127.47,78.95786193295505,1.0600000000000025,-0.0865578398952061,389.8415890393528,340.715849211357,49.125739827995744,5.948690526726978,2.585423741183746,3.363266785543232,TB
frame_e_128.53_128.64,7.637818651734506,0.0,0.7591394668420245,413.03181485266265,360.55886375496806,52.47295109769459,8.388581188384592,4.590100994731444,3.798480193653148,NB
frame_ve~_128.64_128.83,22.329839128556017,0.0,0.6929370045983587,407.5237895964209,348.5656894494452,58.95810014697577,59.64289497433296,17.389576488285996,42.253318486046965,NB
frame_tu_128.83_128.94,18.310506118047016,0.0,-0.4648037429985887,408.4816377029914,354.7189666391927,53.762671063798734,171.09723871524432,57.905003347897775,113.19223536734654,NB
frame_aw_128.94_129.04,10.385589347186423,0.0,-0.5742821488581705,406.0288063107803,354.97449404321804,51.05431226756224,26.716440639251573,15.42117525808274,11.295265381168832,NB
frame_me~_129.04_129.25,2.8851017348853247,0.0,0.9105742587499288,409.07355819127525,346.6167674189058,62.45679077236946,39.47458798097739,17.75741991816099,21.7171680628164,NB
frame_tSi_129.25_129.37,14.059073174059108,0.079999999999984,-0.3306891128864344,402.2582597044344,350.44196910037886,51.816290604055496,47.923056835631456,23.70242852459444,24.220628311037014,NB
frame_tSi_129.45_129.59,59.58064703648535,0.0,0.0559828025753287,405.432247276005,350.4233126608923,55.00893461511271,34.169180991770105,27.687423584099943,6.481757407670159,NB
frame_vi_129.59_130.14,32.850963630458466,0.0,3.632698020597118,405.04760135390137,308.83563119865994,96.21197015524145,60.30310819458205,19.08188324783669,41.221224946745366,NB
frame_ta~_130.14_130.36,8.188246422204344,0.0,0.9778447881301168,407.3431732125454,343.2379936926965,64.10517951984895,29.19124565165157,20.39531037959793,8.79593527205364,NB
frame_be~j~_130.36_130.49,11.390193260009768,0.0,-1.0481610286154388,409.61463478246185,354.04022137801485,55.574413404447,11.688571640526677,5.0908626065194085,6.597709034007266,NB
frame_a_130.49_130.52,5.6843396609461365,0.0,-0.5742821488581705,393.5615670015029,350.69375548762184,42.867811513881065,0.4921010259673721,0.1495346280950684,0.3425663978723037,NB
frame_u~_130.52_131.19,6.072771964064202,0.0,3.027680604682076,404.6604661814769,294.2626945245142,110.39777165696276,30.64313835025534,12.997015421547305,17.64612292870804,NB
frame_u~_131.19_131.78,85.95364814551374,0.0,2.574113008305073,401.3680784967594,299.3680491443432,102.00002935241622,12.815060340587692,6.23822755823138,6.576832782356313,NB
frame_vejs_131.78_132.3,53.85756247056587,0.0,0.5459753049571262,407.83050181480223,317.5754469363786,90.2550548784236,76.11928721344484,37.94195583870619,38.17733137473864,NB
frame_poX_132.3_132.49,47.10423937662324,0.0,-0.3892797257370438,407.819281853356,346.7707581483775,61.04852370497844,69.44530927333655,24.87098493405533,44.57432433928122,NB
frame_ow_132.49_132.69,28.494331607378754,0.0,0.2025843470671481,406.5557581310774,349.0629302088746,57.49282792220282,19.3273361214264,7.584964359400743,11.742371762025655,NB
frame_tra_132.69_132.92,48.91090491585776,0.6500000000000057,0.1149832495319523,402.561232841453,339.9385772545115,62.62265558694156,61.00131130421551,34.66445614537379,26.336855158841715,NB
frame_a_133.57_133.67,6.281322565679574,0.0,-0.0381868389990893,401.9283699349485,351.9104027024138,50.01796723253472,13.442321850204578,4.491539443944987,8.950782406259592,NB
frame_ne_133.67_133.82,8.580798523725093,0.0,-0.0935171806981744,404.9603380570194,349.6164134922261,55.34392456479327,14.852290876707372,4.503541709804196,10.348749166903175,NB
frame_se_133.82_133.92,50.44700312729282,0.0,-0.9461738282383734,378.7818162727818,331.8419518516581,46.93986442112373,2.4927437658347174,1.4285068925542816,1.0642368732804357,NB
frame_si_133.92_134.12,46.447852094275945,0.0,0.1526507814407008,402.593773037714,343.86093583555544,58.73283720215858,78.02122526274776,52.39563372053853,25.62559154220924,NB
frame_da_134.12_134.36,17.013139733119687,0.0,0.651078559391469,405.813819966839,340.8106671697969,65.0031527970421,14.143937114384729,4.511330637512032,9.632606476872697,NB
frame_dZi_134.36_134.55,34.24949715975704,0.0,0.7326586546337575,399.7160467000809,342.0022911345352,57.71375556554568,8.781451888610675,3.9568021956251727,4.824649692985503,NB
frame_dZi_134.55_135.23,30.400341767158537,0.5800000000000125,5.276053661310091,400.7255196171823,291.61433873106955,109.11118088611278,87.86252369187233,77.20973102093693,10.652792670935398,NB
frame_u~_135.81_135.91,15.764861206319978,0.0,-0.2039885195046764,404.9065046929233,353.1783253844264,51.72817930849686,26.04019451925548,17.14756520003766,8.892629319217818,NB
frame_pe_135.91_136.09,12.511357740355606,0.0,0.1196469811873296,408.6105791333571,350.11785405671446,58.49272507664261,19.96603985728146,10.928831415556246,9.037208441725213,NB
frame_ke~_136.09_136.26,18.591194783212917,0.0,-0.3952492661607286,404.8402837590407,348.1939502900311,56.64633346900956,13.798380940458316,9.354505610226113,4.443875330232203,NB
frame_nu_136.26_136.33,17.847129434919594,0.0,-0.5908857106995967,401.7058533738712,354.661621588496,47.04423178537519,1.253986475462412,0.8256792848586514,0.4283071906037605,NB
frame_e~_136.33_136.38,13.687015458988384,0.0,-0.8305237744644872,397.9408129201045,353.91784879042285,44.02296412968167,0.6815666509179721,0.377376435177041,0.3041902157409311,NB
frame_prEs_136.38_136.8,29.070403001562525,0.0,0.1063006930584131,402.2496110433042,320.95309408346907,81.29651695983517,131.60155371679076,88.34415226505344,43.25740145173732,NB
frame_tSi~_136.8_136.92,26.96906905526941,0.0,-0.142584161417706,393.2738255565254,342.96420052972223,50.30962502680319,46.21258291823597,36.74396756778484,9.468615350451133,NB
frame_mu_136.92_137.06,50.36356725728983,0.0,-0.0865578398952061,394.7767363226847,341.73209135893103,53.04464496375368,4.814137030393681,1.6844529952469571,3.129684035146724,NB
frame_e~_137.06_137.2,0.6139839477120859,0.0,1.128211512901499,398.96854719209705,345.8708890234392,53.09765816865786,30.7253485106949,13.638846838444834,17.086501672250066,NB
frame_ta~w~_137.2_137.68,6.148322539532302,0.1999999999999886,0.3201600582661271,401.9086331252329,313.2985693483891,88.61006377684379,116.64223314998232,39.1450469736694,77.49718617631294,NB
frame_Re_137.88_138.01,7.380729908459102,0.0,-0.0935171806981744,404.0621272933877,350.5832969551872,53.47883033820057,8.599282623127664,1.5357851880019382,7.063497435125726,NB
frame_ko_138.01_138.18,45.114917822980274,0.0,-0.3892797257374643,401.8070091398861,344.2731870239253,57.53382211596079,73.60765690103241,38.60273371591238,35.00492318512003,NB
frame_Ri_138.18_138.34,7.226772178045735,0.0,0.2493187603063476,401.9633349360345,345.40239095009736,56.56094398593717,18.605607067728545,4.548365707030143,14.0572413606984,NB
frame_a_138.34_138.42,23.342604383241564,0.0,-0.1913569275303487,394.40938963360014,350.50761712052065,43.90177251307949,3.3864845750577643,1.5805747977962596,1.8059097772615047,NB
frame_ba~_138.42_138.65,38.29848373792106,0.0,1.197073031417698,400.19737636222624,336.0766455650222,64.12073079720403,65.45651290635274,23.38438995374314,42.07212295260961,NB
frame_kus_138.65_138.89,55.53616784139885,0.6300000000000239,-0.4648037429982303,387.9512063928797,326.19892440686124,61.75228198601849,109.41581175719796,83.78283066492611,25.632981092271866,NB
frame_i_139.52_139.61,64.1665397130305,0.0,0.0559828025753287,402.5380537102941,352.3213780488229,50.21667566147113,12.122173743165831,7.207403624716591,4.9147701184492405,NB
frame_vi_139.61_139.79,7.743526523853518,0.0,0.2493187603060728,405.7292247592969,347.4142332435695,58.3149915157274,100.51194611342976,31.332056853758644,69.17988925967111,NB
frame_ko~_139.79_139.89,99.81557631166388,0.0,-0.8804808734764576,401.8386640337448,351.2294589966457,50.60920503709906,0.7496729464779008,0.1974971222532104,0.5521758242246904,NB
frame_mu_139.89_139.98,30.41728848300244,0.0,-0.5908857106995967,404.65176880065326,353.9268346282297,50.72493417242356,6.503235118877683,2.9338807767202866,3.5693543421573963,NB
frame_e_139.98_140.02,13.88390862121338,0.0,-0.7330096663528692,397.84934481073685,354.588185824703,43.26115898603388,4.216601707516475,2.1583133833239856,2.058288324192489,NB
frame_lis_140.02_140.18,63.15189975778193,0.0,-0.3306891128864344,398.1768365968818,344.8178526855665,53.35898391131525,87.1099559426745,51.985029823905336,35.124926118769174,NB
frame_sa~w~_140.18_140.35,6.730326631389431,0.0,-0.9952094014599832,405.0348789136144,345.9269540218048,59.1079248918096,35.1991560728394,14.28252056365929,20.91663550918011,NB
frame_e_140.35_140.39,34.33040255385124,0.0,-0.7330096663534751,392.7684458056197,348.2546580732789,44.513787732340745,26.106170421661133,15.315760264527016,10.79041015713412,NB
frame_zi_140.39_140.56,62.1539580505698,0.0,0.1526507814407008,399.1143128748606,341.75082359570786,57.36348927915276,23.272832959299407,10.69445426221931,12.578378697080096,NB
frame_Ze~_140.56_140.8,20.007443331097164,0.0,0.9105742587505472,401.7353036965392,336.32024002449816,65.41506367204101,138.96107664999647,62.05829499189531,76.90278165810116,NB
frame_tSis_140.8_141.03,98.43771026867482,0.9900000000000092,-0.5240250706174533,385.0828690109448,322.8587344895262,62.22413452141859,3.1070922675974586,1.7716610095475147,1.335431258049944,NB
frame_pa_142.02_142.13,46.49074340960489,0.0,-0.4976971045926497,403.6245460412569,351.4976704656906,52.12687557556626,1.3905851463848933,0.5433779851310163,0.847207161253877,NB
frame_ra_142.13_142.19,52.12632097862064,0.0,-0.5742821488581705,399.93033727803737,355.59845159897,44.3318856790674,3.319012214670323,2.797700716408229,0.5213114982620937,NB
frame_e~_142.19_142.24,62.25848194986442,0.0,-0.8305237744638687,398.6998989182261,354.11346957930766,44.58642933891838,3.028687154431537,1.7102342808813376,1.3184528735502,NB
frame_pres_142.24_142.56,63.26553699172297,0.0,-0.0935171806981744,402.0514798436807,331.795070321781,70.25640952189968,118.68995312294908,86.62191272097147,32.06804040197762,NB
frame_taX_142.56_142.78,61.41658726083341,1.6200000000000043,-0.1147718832646101,397.6334112370827,336.71799775419447,60.915413482888255,123.11923171660833,91.34455339374446,31.774678322863863,TB
frame_i_144.4_144.47,11.701265638164529,0.0,-0.1373531551556902,414.50123167214304,365.3460153700844,49.15521630205871,3.7652620877404095,1.5078149019321645,2.257447185808246,NB
frame_muj~_144.47_144.64,56.054811246553584,0.0,-0.4648037429985887,405.48520978906765,349.1883994851928,56.29681030387485,74.6403318810703,30.54320231882562,44.09712956224468,NB
frame_tu_144.64_144.76,36.47946752959555,0.0,-0.3387217752975806,410.5783240568597,356.3080747038028,54.27024935305707,101.92110335174708,41.399634448205376,60.52146890354171,NB
frame_majs_144.76_145.3,52.71034078338938,0.25,0.9574187364535524,402.4477908609227,306.786974188492,95.66081667243068,40.34442707284198,16.03989154183199,24.30453553100999,NB
frame_pra_145.55_145.88,51.79005583275446,0.0,1.034003780719291,400.3468074557165,327.7043410256392,72.64246643007732,83.51803794875823,36.69471060582413,46.823327342934114,NB
frame_tSi_145.88_145.98,97.6290304696474,0.0,-0.3306891128867091,390.901208924965,341.24818320500634,49.65302571995869,0.1363171694984544,0.0296095421196014,0.1067076273788529,NB
frame_kus_145.98_146.21,96.46750437302656,2.579999999999984,-0.0865578398952061,388.3357008752857,326.76771233351377,61.56798854177191,8.098510045077717,5.822507849441728,2.2760021956359893,NB
frame_a_148.79_149.21,7.580032347721186,0.0,2.412534577499972,400.9443476878366,317.0818098147918,83.86253787304477,16.94382876937013,12.46126566112595,4.482563108244179,NB
frame_nu_149.21_149.91,3.343372753456165,0.0,3.0654913526328627,401.7285932033974,288.77391656552913,112.95467663786825,26.10714207377269,11.462387959432547,14.644754114340143,NB
frame_ki_149.91_150.11,30.555758382788724,0.1299999999999954,-0.0406851762900433,400.754946408735,341.2131780545245,59.54176835421043,63.31632179171319,37.52393026049633,25.792391531216865,NB
frame_ta~_150.24_150.48,12.780927116343562,0.0,2.073986004568646,405.3601534120708,340.93709019710053,64.42306321497023,12.790602171945151,3.6773602536230783,9.113241918322077,NB
frame_Zi_150.48_150.74,7.201787462879977,0.0,-0.2340211340210622,406.0017509293611,338.08379450562325,67.91795642373785,32.04067081531031,17.567211643669282,14.473459171641023,NB
frame_a_150.74_151.4,5.7685064946008,0.1599999999999966,4.250575639873996,401.8447633719193,293.3246989326834,108.52006443923592,100.55003379862598,70.66875658185532,29.881277216770656,NB
frame_Re_151.56_151.67,35.76934850287503,0.0,-0.0935171806981744,400.4078061787338,348.95053108049905,51.45727509823473,85.72944457739061,56.1315759922233,29.597868585167305,NB
frame_se_151.67_151.89,44.42750027481468,0.0,0.5459753049571262,400.5431323227138,337.4691106236151,63.07402169909869,69.35302508268926,32.44400515957615,36.90901992311311,NB
frame_beX_151.89_151.98,68.13363110272573,0.0,-0.9461738282383734,387.69401203035,343.5743116191919,44.11970041115808,1.6268526641400598,1.1468627019563795,0.47998996218368,NB
frame_de_151.98_152.06,32.82058043286116,0.0,-0.7330096663534751,395.4995694144941,348.2525156464685,47.24705376802558,15.375244045169268,7.58576204229945,7.789482002869818,NB
frame_pO_152.06_152.32,96.20233583696556,0.0,-0.6874697272436814,394.1336389107869,329.6978847271607,64.43575418362622,26.953878328930976,15.26061565231555,11.693262676615426,NB
frame_zi_152.32_152.38,19.874493104290508,0.0,-0.5240250706174533,378.3017663729117,335.60140390738434,42.700362465527405,14.801870732204122,6.3984204964759215,8.4034502357282,NB
frame_tus_152.38_152.53,68.24803801536774,0.6800000000000068,-0.3387217752972222,380.1767591020695,328.68416717069687,51.49259193137266,118.7537302767677,80.66226208473705,38.09146819203064,TB
frame_kEX_153.21_153.33,41.93303969320685,0.0,-0.5153407868147395,402.477102964695,351.96919213855887,50.50791082613614,94.9613181121276,58.42498006617912,36.5363380459485,NB
frame_dZi_153.33_153.42,27.968582791331983,0.0,-0.3306891128867091,406.6957347055276,356.6890215961363,50.00671310939123,23.077012081348144,11.54661639092012,11.530395690428024,NB
frame_zeX_153.42_153.59,14.42444932872587,0.0,-0.0935171806975685,405.9564435165546,347.99409030518655,57.962353211368,31.57909201097181,15.354094506171322,16.224997504800484,NB
frame_e_153.59_153.62,1.7342692071556485,0.0,-0.9461738282383734,384.7165292856662,341.886154008252,42.83037527741419,2.5339928769915616,0.9987054108153756,1.535287466176186,NB
frame_lis_153.62_153.74,16.159306627561165,0.0,-0.5240250706174533,391.6234683902069,339.4300577967054,52.19341059350154,16.41683323949701,9.2624525397097,7.154380699787311,NB
frame_Re_153.74_153.86,2.2662279888868118,0.0,-0.3066813425830727,401.25507532982215,349.28343627226235,51.9716390575598,21.24230066072826,7.82473493960498,13.417565721123282,NB
frame_se_153.86_154.19,24.96740409619366,0.0,0.9723036287275286,401.7163714882867,329.3698080755242,72.34656341276252,196.74189093209503,113.04487913629302,83.69701179580204,NB
frame_be~j~_154.19_154.44,81.66934810902916,0.3400000000000034,-1.2657982827676273,396.8667871851458,331.99546213864846,64.87132504649736,10.340009910418589,6.689981603623039,3.650028306795548,NB
frame_u_154.78_154.85,74.02567951954339,0.0,-0.0865578398952061,391.4027532522832,346.63312268088407,44.76963057139909,7.079706005279107,3.4842532837334232,3.5954527215456835,NB
frame_dZi~_154.85_154.95,82.56449866523246,0.0,-0.8376819483257091,394.2536881682637,343.47169182099844,50.78199634726519,2.15051720011698,1.1856659871666295,0.96485121295035,NB
frame_Jej_154.95_155.06,80.4165987991258,0.0,-0.9461738282383734,396.6913371077385,345.34113297679613,51.35020413094236,4.534561328558127,1.639892490483831,2.8946688380742955,NB
frame_ru_155.06_155.12,85.26594481095145,0.0,-0.5908857106995967,388.81015688841774,343.8428711198226,44.96728576859516,4.867264123338643,3.047691486522041,1.819572636816602,NB
frame_da_155.12_155.26,84.08558295998962,0.0,-0.1913569275303487,392.0467306712733,342.0289862722962,50.01774439897707,18.52016434826149,8.886761843803555,9.633402504457932,NB
frame_Ze~_155.26_155.42,14.70557508303321,0.0,0.0400252421424114,400.1006717005106,344.7250862240556,55.37558547645506,35.02333409477896,8.833436441952983,26.189897652825977,NB
frame_tSi_155.42_155.48,10.537516554055202,0.0,-0.5240250706174533,376.7687674035676,332.8487766665928,43.91999073697485,17.327281234066362,8.69800565193674,8.629275582129623,NB
frame_E_155.48_155.52,5.804858582310743,0.0,-0.5775049348020017,391.35026077457513,347.97660444433086,43.37365633024427,3.210614689381486,1.459751604638825,1.7508630847426616,NB
frame_ko~_155.52_155.7,3.5113827028522167,0.0,-0.4610968978897494,395.54364907540713,338.05463485752915,57.48901421787798,182.22406391932503,64.52462791239566,117.69943600692936,NB
frame_es_155.7_155.83,84.3738147157379,0.0,-0.9461738282383734,387.9170123178177,338.5756144630051,49.34139785481261,137.63653321149891,99.18927686566448,38.44725634583443,NB
frame_tre~_155.83_156.04,53.27203439659678,0.0,-0.8305237744644872,403.1915766618583,342.4315960512868,60.75998061057152,231.2291618712381,56.50248022446522,174.7266816467729,NB
frame_ma_156.04_156.15,6.869404596091783,0.0,-0.5742821488581705,402.26804098391295,349.3809964110714,52.887044572841546,121.17723648817048,74.00252502940197,47.17471145876851,NB
frame_fa_156.15_156.38,119.71063797095591,0.0,0.11498324953217,400.90511714398616,339.99577199079766,60.9093451531885,6.048668121723452,3.431479491964538,2.617188629758914,NB
frame_si_156.38_156.47,83.68707529254966,0.0,-0.5240250706174533,399.723048525598,349.7810961206242,49.94195240497373,54.7444306150636,17.64201413444337,37.10241648062023,NB
frame_li_156.47_156.59,91.06005698140773,0.0,0.0559828025753287,394.0174979415137,346.87388182943505,47.14361611207863,11.537374570150334,3.766635411300712,7.770739158849622,NB
frame_da_156.59_156.79,112.71700208853656,0.0,0.3447383823289502,394.35036931380006,335.56876135870084,58.78160795509922,14.18179477135245,9.083687555498145,5.098107215854306,NB
frame_dZi_156.79_156.85,21.55380705145976,0.8000000000000114,-0.5240250706174533,379.9424793237503,335.1843247430486,44.75815458070173,17.17036157106554,8.968585609363885,8.201775961701657,NB
frame_i_157.65_157.73,6.850542163163752,0.1899999999999977,-0.0406851762903181,400.6380871979761,352.1449849688398,48.4931022291363,19.90617094254955,9.802278391992033,10.103892550557518,NB
frame_sOw_157.92_158.2,6.605783654209461,0.0,0.0185802628983411,404.63462757314016,337.52219038288126,67.1124371902589,144.97115549178406,16.551508505323,128.41964698646106,NB
frame_ta~w~_158.2_158.44,0.5326259178174269,0.6999999999999886,-0.9952094014599832,399.2857674143058,334.59704431759786,64.68872309670797,50.85457179837206,35.18287580354098,15.671695994831085,NB
frame_ko~_159.14_159.42,16.295982150816627,0.8700000000000045,1.4960283215146242,406.42945258214746,336.82395819710945,69.60549438503801,93.8525197271192,30.029788946578638,63.82273078054055,NB
frame_bas_160.29_160.61,55.46908067242913,0.0,-0.1913569275303487,397.5051155784936,326.47009170591883,71.03502387257481,103.48496887165274,59.232561314466125,44.252407557186615,NB
frame_ta~_160.61_160.81,60.634749452573175,0.0,-0.1182964283090353,408.50321631016766,346.7342664833003,61.76894982686736,24.033413274483564,8.975348810129503,15.05806446435406,NB
frame_tSi_160.81_160.98,65.55901067299806,0.0,-0.4273570917520812,398.6109630513728,341.86024936048614,56.75071369088664,104.76843046940728,66.80892216328078,37.9595083061265,NB
frame_dZi_160.98_161.08,63.39105959283205,0.0,-0.2340211340210622,400.01701319774816,350.71643608295574,49.30057711479242,3.4887409712494417,1.2935806881574765,2.195160283091965,NB
frame_fi_161.08_161.22,13.772714305605916,0.0,-0.2340211340210622,396.0028811105189,343.3816810488856,52.62120006163332,8.976219553578858,4.607493905016952,4.368725648561906,NB
frame_kuw_161.22_161.43,72.22707950681018,0.0,-0.3387217752972222,397.83427708613016,337.5899150822326,60.24436200389755,45.85142610966337,18.7747701321138,27.07665597754957,NB
frame_da_161.43_161.61,82.1598917979852,0.0,0.2681533380634294,397.1908286540853,339.6403311856348,57.55049746845049,15.621221073401998,8.85103778061297,6.770183292789028,NB
frame_dZi_161.61_161.67,23.58114550366136,0.5400000000000205,-0.5240250706174533,375.2192390974869,333.7624818410615,41.45675725642542,4.538474519825854,2.4881712777678047,2.0503032420580496,TB
frame_i_162.21_162.28,96.7418266762282,0.0900000000000034,-0.1373531551556902,387.7764391071062,342.90143729343146,44.87500181367477,0.4937317617472558,0.3174561465749974,0.1762756151722584,NB
frame_ko~_162.37_162.49,33.41084883097221,0.0,-1.020275532005228,405.8838390808137,351.79853944391004,54.0852996369037,50.637379868356334,18.46007494519823,32.177304923158104,NB
frame_ko~_162.49_162.55,79.7899728241532,0.0,-1.020275532005228,399.5142290869157,353.9998183371024,45.514410749813294,8.524467955907596,6.492685548870213,2.031782407037383,NB
frame_muj~_162.55_162.69,28.7925392526716,0.0,-0.3387217752972222,405.4209397025009,351.6546815987947,53.76625810370621,46.1490038038267,10.629418277810714,35.51958552601599,NB
frame_tas_162.69_162.91,16.068746524684656,0.0,-0.191356927530131,403.3154005279405,343.7794587179544,59.53594180998607,81.96351252841725,29.565649607393155,52.39786292102411,NB
frame_e_162.91_163.0,16.26916728633877,0.0,0.332811143072228,401.916488124272,352.02197661622745,49.8945115080445,7.244891328627531,2.8133838426004587,4.431507486027073,NB
frame_zi_163.0_163.12,36.74137267090026,0.0,-0.4273570917520812,392.5516934655775,340.1536477364127,52.39804572916484,8.201996498326864,4.468266627879032,3.733729870447832,NB
frame_ge~_163.12_163.18,42.515838285722026,0.0,-1.2657982827676273,388.3821858733849,344.6717297611412,43.71045611224372,5.322231613766505,3.261765782597763,2.0604658311687416,NB
frame_sias_163.18_163.24,45.7504808860878,1.9199999999999875,0.0,378.8694984030803,335.59326349301386,43.27623491006642,46.529754592374026,19.37788903538569,27.151865556988334,TB
frame_a_165.16_165.22,1.505141425929537,0.0,-0.3445270160613903,401.6731600762989,356.6024781033332,45.0706819729657,11.642754959190995,5.741677700731685,5.90107725845931,NB
frame_gO_165.22_165.43,37.593176883384615,0.0,0.3716052579696032,409.34544758905673,346.37172808742326,62.97371950163347,62.51329589952866,20.68752466084393,41.82577123868472,NB
frame_ra_165.43_165.51,49.93581664816864,0.0,-0.4211120603271289,400.8118299304657,353.0666129063834,47.74521702408225,8.922971121124576,2.348324160699065,6.574646960425511,NB
frame_u_165.51_165.58,27.359294802374706,0.0,-0.0865578398948477,401.3668014861034,356.032326172159,45.33447531394438,49.42172515472348,24.78011198063433,24.641613174089144,NB
frame_ki_165.58_165.71,41.64067795447829,0.0,-0.4273570917518064,402.3480010485034,348.407820538302,53.94018051020146,41.26965007215483,26.92519654031392,14.344453531840912,NB
frame_majs_165.71_165.94,35.48463641239522,0.039999999999992,-0.3445270160613903,397.9898992086048,336.4684263439398,61.521472864664986,71.98935636303648,38.1993982718474,33.78995809118908,NB
frame_ki_165.98_166.04,42.27065377790265,0.0,-0.5240250706174533,400.83655889414433,354.7244176742569,46.112141219887405,36.91702287123607,19.034815146474983,17.882207724761088,NB
frame_ew_166.04_166.1,55.20569396762454,0.0,-0.9461738282383734,392.06828862880906,346.6821865662741,45.386102062534974,20.44582006248362,12.196851770800876,8.248968291682743,NB
frame_po_166.1_166.23,56.03610325252217,0.0,-0.6852117621399809,401.34860054030526,349.3484683056118,52.00013223469347,63.12645689863359,23.153592461193583,39.97286443744001,NB
frame_de_166.23_166.35,49.50741976915685,0.0,-0.3066813425830727,399.5355574017352,347.6388077869732,51.89674961476203,8.663215126893718,5.003722642483353,3.659492484410365,NB
frame_ri_166.35_166.47,46.47061590996283,0.0,0.0559828025753287,399.7673807746712,346.6962388834553,53.07114189121592,4.512825587617613,2.27320772620277,2.2396178614148425,NB
frame_a_166.47_166.53,57.558276140456925,0.0,-0.3445270160613903,399.1551589850316,353.41433801047623,45.74082097455539,4.31611197190044,2.640970704458212,1.6751412674422284,NB
frame_dZi_166.53_166.68,65.44613417638192,0.0,0.3459867391717197,393.1052257304747,338.2686653510899,54.83656037938477,15.698243800435122,5.604508674178646,10.093735126256476,NB
frame_zeX_166.68_166.92,62.62255592127202,0.0,0.9723036287269228,395.641084425284,332.5522983742384,63.08878605104559,18.0906506984564,8.055877635867972,10.034773062588428,NB
frame_ko~_166.92_167.08,72.82535317733686,0.0,-0.4610968978893521,394.1080083353263,337.98686670301646,56.12114163230979,42.90379740077517,21.03548160801124,21.86831579276393,NB
frame_Re_167.08_167.21,62.33891693239694,0.0,0.1196469811873296,392.3589017447152,341.7557843010415,50.60311744367368,14.203509296144986,5.535723395567686,8.6677859005773,NB
frame_fe_167.21_167.37,83.31822961566421,0.0,-0.3066813425830727,397.3376803033877,340.6279710238969,56.70970927949082,30.115953191776526,17.915642405200714,12.200310786575812,NB
frame_re~_167.37_167.53,66.9658090862117,0.0,0.9105742587499288,394.3260104518097,339.50899668930805,54.81701376250163,4.825370678088774,1.6845165506907025,3.140854127398072,NB
frame_sia_167.53_167.71,94.38264373881984,0.0,-0.5240250706174533,393.1914509759968,335.4092383193825,57.78221265661426,4.495198183675008,3.192584134588465,1.302614049086543,NB
frame_a_167.71_167.76,447.3730249326542,0.1299999999999954,-0.4211120603271289,395.27519903133975,350.52676995091866,44.74842908042109,51.20212906496101,34.30684833184614,16.895280733114873,NB
frame_ba~_167.89_167.97,88.76870540783051,0.0,-0.7759811581724021,398.5309681567979,349.5850457055196,48.94592245127831,3.620300812619078,2.485867673731761,1.1344331388873172,NB
frame_kus_167.97_168.14,99.29113916843964,0.4800000000000182,0.4177700309095429,394.2995154399637,337.8919678172085,56.4075476227552,18.3084946368257,8.989495049347795,9.318999587477904,NB
frame_i_168.62_168.7,63.24051835081099,0.0,-0.0406851762903181,397.32592762920297,348.7968631044494,48.52906452475355,17.75089798951538,8.768287966533578,8.982610022981802,NB
frame_fi~_168.7_168.91,85.26815259521977,0.0,0.0891151008856202,394.0420335136925,334.66666012086813,59.37537339282432,38.51370151915319,24.544122620547498,13.96957889860569,NB
frame_na~_168.91_169.02,82.28393553647278,0.0,-0.3375246715966165,388.10855126176943,339.15252441142394,48.956026850345495,5.62290137309634,3.397226143287554,2.225675229808786,NB
frame_sas_169.02_169.05,90.79648483209915,1.4799999999999898,0.0,368.21829934610383,328.2073833664527,40.010915979651145,1.0737044150957331,0.7119292878915502,0.3617751272041829,TB
frame_be~j~_170.53_170.87,20.950134003026363,0.0,-0.3952492661607286,412.4458688359581,337.8015888137919,74.64428002216613,155.4369379161683,61.4162175982664,94.02072031790188,NB
frame_u_170.87_170.9,31.367843112794542,0.0,-0.5908857106995967,369.7862023413993,327.76361817091066,42.022584170488585,5.59243318243756,1.7315362131753318,3.860896969262228,NB
frame_u_170.9_171.58,14.256103219416872,0.0,7.604442189873453,400.7774802794344,292.1091317068152,108.66834857261917,81.62663182602121,29.182330505605364,52.444301320415846,NB
frame_de~_171.58_171.74,11.295662969727855,0.0,0.2576624962952186,409.818412161828,352.6818415110155,57.13657065081253,57.19177782900097,27.43599891037323,29.75577891862774,NB
frame_tru_171.74_171.87,38.23229454851847,0.0,-0.2126398075962141,402.7590341617004,350.84497283873264,51.91406132296777,42.13516979362805,30.74757083029735,11.387598963330705,NB
frame_du_171.87_172.06,3.9536749033609615,0.0,1.0481798694149416,404.56443478232535,346.1406457683636,58.423789013961766,47.14163303537214,21.09079046644121,26.05084256893093,NB
frame_du_172.06_172.35,25.68222211395076,0.0,2.3089995464260973,397.81419539383984,332.7428551437436,65.07134025009623,19.966617863889766,8.857444937471897,11.10917292641787,NB
frame_ko~_172.35_172.52,40.96740154800638,0.0,-0.0417129223026438,403.5656749027792,345.4555330035099,58.11014189926931,49.63097292427571,17.62991027359071,32.001062650685,NB
frame_tes_172.52_172.74,39.335393166110975,0.0,-0.0935171806981744,403.0588232831072,342.8879011224234,60.1709221606838,61.14699668674574,26.3848414501291,34.76215523661664,NB
frame_tu_172.74_172.8,73.56792897948401,0.0,-0.5908857106995967,374.3452886564339,332.9409003595569,41.404388296877016,0.4567915868437353,0.2181218770255952,0.23866970981814,NB
frame_ka_172.8_172.91,44.50870823741565,0.0,-0.3445270160613903,402.6643703638435,352.4461757535684,50.21819461027508,53.24809891890524,23.37207094310945,29.876027975795783,NB
frame_pi_172.91_173.02,73.83767640472097,0.0,-0.3306891128864344,380.6119854666046,330.3425032526085,50.26948221399613,2.330365695977996,1.3383695726310876,0.991996123346908,NB
frame_ta_173.02_173.23,54.715915870790994,0.0,-0.0381868389990893,402.2935717247825,341.1405823208541,61.152989403928416,5.004275217960739,2.232524379072373,2.771750838888366,NB
frame_lis_173.23_173.43,32.810577179288416,0.0,0.0559828025753287,401.3842712453059,341.9087032411726,59.47556800413332,58.74659481770138,17.003759723648628,41.74283509405275,NB
frame_ta_173.43_173.52,73.65945747276234,0.0,-0.5742821488581705,397.5667360424204,348.5125716416824,49.054164400738046,0.8252284459821411,0.4365472419242309,0.3886812040579102,NB
frame_e~j~_173.52_173.58,50.41472479941051,0.0499999999999829,-1.2657982827676273,386.9891367187884,342.70275589136764,44.28638082742072,1.762174803383644,0.9257548585421064,0.8364199448415377,NB
frame_ki_173.63_173.71,14.488535036537227,0.0,-0.3306891128864344,390.98989446607504,343.494756298061,47.49513816801402,113.11079058569553,73.43126966714328,39.67952091855223,NB
frame_nOjs_173.71_173.92,47.937211364083126,0.0,-0.6874697272436814,393.9773518662458,333.21823627686763,60.75911558937821,10.617926862018606,4.3413682865595575,6.276558575459049,NB
frame_vi_173.92_174.05,28.28350856934094,0.0,0.1526507814409755,398.1061830842088,344.8174934039483,53.28868968026052,7.194403117095675,2.476862191464093,4.717540925631582,NB
frame_ve~_174.05_174.23,19.89547882002876,0.0,0.2576624962946,398.40817254156383,340.47044791915914,57.93772462240469,57.76780025614052,28.614188205462227,29.15361205067829,NB
frame_mus_174.23_174.42,8.923130245111437,0.0,0.0395241278058019,394.98606442748905,336.26037886381084,58.72568556367816,103.07816541765658,67.77475231181235,35.30341310584423,NB
frame_u_174.42_174.61,47.492330411168126,0.0,1.4264257725186826,398.70841324123785,340.86108753723056,57.84732570400729,122.84141689335652,49.40937659209246,73.43204030126407,NB
frame_ba~_174.61_174.84,9.913539301103,0.0,2.073986004569269,401.4173168473472,339.063445500605,62.35387134674215,50.56898738191417,22.961637408914285,27.607349972999884,NB
frame_ku_174.84_175.16,16.002497246400708,0.0,1.1742618371159497,401.9069409891845,329.4590923246099,72.44784866457462,133.74980817430557,75.19660173875127,58.55320643555431,NB
frame_E_175.16_176.07,27.6989557722015,0.0,4.830775940094585,400.46756958579664,267.9089549933217,132.55861459247498,40.80461239685964,16.067114780259374,24.737497616600265,NB
frame_Re_176.07_176.21,38.12792229998412,0.0,0.332811143072228,392.87707767221065,339.6981936754649,53.17888399674575,49.66068142796093,13.536103615080592,36.12457781288033,NB
frame_aw_176.21_176.34,19.55542783834268,0.0,-0.5742821488581705,395.45105500175856,342.5984714838027,52.85258351795585,8.86122381248056,2.736560460587796,6.124663351892764,NB
frame_me~_176.34_176.46,45.041620643653474,0.0,-1.2657982827676273,391.532421538752,341.08698942689625,50.44543211185578,7.609194373382564,3.397420350231556,4.211774023151008,NB
frame_tSi_176.46_176.59,31.31646223527629,0.1399999999999863,0.1526507814407008,394.1985348220617,342.27417809417665,51.92435672788508,12.77450648852924,5.063177436603084,7.711329051926157,NB
frame_u~_176.73_176.83,70.3963136090286,0.6699999999999875,-0.2039885195045153,393.7256118126351,343.24899704617604,50.47661476645908,7.714216296333419,2.457347804348032,5.2568684919853865,NB
frame_u~_177.5_178.33,28.051374884488283,1.7099999999999795,3.934815797436405,403.66776226983,276.9080007948316,126.7597614749984,37.30339169556133,16.122855765965014,21.18053592959632,NB
frame_i~s_180.04_180.24,21.96566782608707,0.0,1.2476114124002755,404.9101716625513,346.5919518302405,58.31821983231083,63.56858238741539,23.97703799942431,39.59154438799108,NB
frame_tru~_180.24_180.43,9.886657020254262,0.0,-0.3740763681460929,403.5481672268391,343.99820949037195,59.54995773646715,68.27894798782407,16.84466101045946,51.43428697736461,NB
frame_me~_180.43_180.68,9.736861908051708,0.0,1.1282115129021173,405.4246602247581,338.31721976010226,67.10744046465584,32.89403669392563,23.31596824084956,9.578068453076073,NB
frame_tu_180.68_180.89,17.39740762919095,1.990000000000009,0.0395241278058019,394.28106419918873,334.9244402176752,59.356623981513565,137.50742215215027,92.4789435435944,45.02847860855586,NB
frame_dZi_182.88_183.66,17.09214007482801,0.0,5.46938961904111,408.2183256700377,286.0982190147662,122.12010665527154,33.98049304223568,14.344017087174748,19.63647595506093,NB
frame_muj~_183.66_183.89,10.737628678951625,0.0,-0.0865578398948477,400.740293814584,340.46530436780034,60.27498944678359,27.37072959409997,12.78004024704292,14.590689347057053,NB
frame_ta_183.89_184.0,30.27173033531068,0.0,-0.4976971045926497,405.4055341118725,353.4004988461735,52.00503526569895,48.98635907400269,14.94953002812035,34.03682904588234,NB
frame_i~_184.0_184.05,24.96479916346385,0.0,-0.3742834237197152,398.69078898521286,353.1622542321953,45.52853475301754,0.8328833825610644,0.4613489619393789,0.3715344206216855,NB
frame_poX_184.05_184.26,43.71271847875852,0.0,-0.5372457439385123,399.5471664303192,339.4832912129386,60.063875217380655,42.190516139210274,16.233689604065063,25.95682653514521,NB
frame_ta~_184.26_184.53,37.065446856350846,0.0,1.4163012747059025,399.6039399276601,330.5783689838553,69.02557094380484,73.9530850624582,44.555608693013966,29.397476369444227,NB
frame_sia_184.53_184.81,2.287633430632937,1.9699999999999989,-0.3306891128864344,387.8930742150747,323.65905271988225,64.23402149519245,164.5422277990446,95.48125056287164,69.06097723617296,NB
frame_najs_186.78_187.77,7.100885782225291,0.1499999999999772,4.403745728405255,401.1062015546986,260.1180938556793,140.98810769901928,35.312922839054494,13.97473047309154,21.338192365962957,NB
frame_a_187.92_188.01,26.060375052726314,0.0,-0.1147718832646101,399.68275543438045,351.93908474125266,47.7436706931278,48.13262573467729,17.650559486315274,30.482066248362017,NB
frame_tSi_188.01_188.13,35.3754116804769,0.0,-0.5240250706174533,401.6005752726508,348.689156526113,52.91141874653778,69.90585196522738,36.17515729549207,33.73069466973532,NB
frame_vi_188.13_188.28,19.0976445787215,0.0,0.0559828025753287,402.6425618440322,348.1606848857841,54.48187695824805,34.444946971879304,12.429822221045754,22.01512475083355,NB
frame_da_188.28_188.45,6.312944905795177,0.0,0.1915682937976908,403.2823887591976,346.1743852070028,57.10800355219487,10.5319692777813,6.452322776480443,4.079646501300857,NB
frame_dZis_188.45_188.57,3.112515416778777,0.0,-0.2340211340210622,401.2926283525329,348.4367466470566,52.85588170547629,6.889158222765047,4.77650890082387,2.112649321941177,NB
frame_Ze_188.57_188.71,18.20150872735537,0.0,0.7591394668426303,403.69033348820415,349.7183259296489,53.97200755855528,28.664292156141528,10.787306799082188,17.87698535705934,NB
frame_rajs_188.71_189.07,11.416245365951909,0.0,0.804248647922293,400.2812858282248,325.190202986549,75.09108284167581,37.1756123571857,19.232417302583958,17.943195054601745,NB
frame_dZi_189.07_189.29,33.88171447172155,0.0500000000000113,0.925994612364227,398.86120144824247,336.0578513591952,62.80335008904734,15.988271568507315,9.786818207360554,6.201453361146761,NB
frame_dZi_189.34_189.61,62.63948035447663,0.0,1.4093345066919116,395.5191280072616,330.1273386034283,65.39178940383329,13.037239794952711,8.104630055220426,4.932609739732285,NB
frame_dZi_189.61_189.95,65.4510994675503,0.0700000000000216,1.989342379884419,390.8713153917969,318.0074785413402,72.86383685045672,19.08442110349469,11.529737032141398,7.554684071353293,NB
frame_dZi_190.02_190.66,88.37426595056903,2.680000000000007,5.082717703579072,386.1361859383451,283.9269382441396,102.20924769420554,258.1208237186496,207.70227680511107,50.41854691353853,NB
frame_dZi_193.34_193.47,30.24356571229515,0.0,-0.0406851762900433,405.71540516027534,354.174425138561,51.54098002171435,15.66494350650133,3.305307610969152,12.35963589553218,NB
frame_pro_193.47_193.65,53.04292873130217,0.0,-0.2413137075359958,406.0641075333366,347.0187723460648,59.0453351872718,16.964352804194377,8.435480052943774,8.528872751250603,NB
frame_du_193.65_193.73,77.6778424324152,0.0,-0.5908857106995967,382.15121991240096,335.51534514458405,46.63587476781692,26.7164646816709,13.005330581435755,13.711134100235142,NB
frame_sa~w~_193.73_193.98,53.85273451673652,1.950000000000017,-0.1182964283090353,403.864436137517,339.9966352078246,63.86780092969241,31.357582282503078,10.012718012638118,21.34486426986496,TB
frame_a_195.93_196.12,41.95235891051814,0.0,0.6510785593912513,394.65540572489925,336.92273393591813,57.73267178898112,7.658921109732191,2.648221033968028,5.010700075764163,NB
frame_ujs_196.12_196.29,38.262109609014985,0.0,0.2916880632081765,398.5270219055984,341.2855079172908,57.24151398830759,11.536347634517796,5.131081520725672,6.405266113792123,NB
frame_oR_196.29_196.37,23.86377833459801,0.0,-0.6852117621395604,404.3050428036336,355.46810542095983,48.83693738267374,6.746714851316867,2.7791794898744087,3.967535361442458,NB
frame_ga_196.37_196.48,27.043889926595384,0.0,-0.3445270160613903,402.2725712283499,350.4590596268925,51.81351160145738,25.917273278196788,5.775497090401018,20.14177618779577,NB
frame_niz_196.48_196.58,22.000319799507466,0.0,-0.4273570917518064,404.4359192757517,353.08162683706087,51.354292438690834,2.350335030673307,0.9388674737269582,1.4114675569463486,NB
frame_mus_196.58_196.7,43.02378676226759,0.0,-0.4648037429985887,395.9134690253604,342.79952311212617,53.11394591323426,16.63926621474539,9.67716070022719,6.9621055145182,NB
frame_e~_196.7_196.75,32.427307433646305,0.0,-0.8305237744638687,396.78690836721415,353.67300550426046,43.113902862953694,3.002758663130905,1.3800191777428523,1.6227394853880526,NB
frame_pre_196.75_196.91,36.68990288399205,0.0,-0.7330096663534751,401.35102117402505,344.9064803954885,56.44454077853658,18.465293137151946,7.498243626469076,10.96704951068287,NB
frame_za_196.91_197.07,34.88354153841655,0.0,-0.2679419717958695,400.5218932652589,344.50780015760006,56.01409310765882,25.822374572068128,9.09864545242155,16.723729119646578,NB
frame_ri_197.07_197.17,20.83050394485265,0.0,-0.1373531551556902,397.7432650311285,347.9394293549669,49.80383567616167,10.560414212701543,4.036774776242851,6.523639436458694,NB
frame_ajs_197.17_197.34,1.4077811757073135,0.039999999999992,0.0383982052666491,395.0730359353717,338.9511318404491,56.12190409492263,42.09199462413139,12.853953242655209,29.23804138147618,NB
frame_so_197.38_197.46,11.77710606068058,0.0,-0.6852117621395604,399.31318675724646,350.8483513868844,48.46483537036204,51.909040600319344,20.317733485099662,31.59130711521968,NB
frame_bre_197.46_197.58,83.49113795875289,0.0,-0.7330096663528692,399.79353802003726,346.5855251022456,53.20801291779168,5.756825409112281,2.7676994041089955,2.989126005003285,NB
frame_tu_197.58_197.78,52.17656659664107,0.0,0.2916880632081765,399.4835545826532,340.4564160248189,59.02713855783429,108.89352459674411,47.420879348944624,61.47264524779949,NB
frame_du_197.78_197.85,36.44515142299326,0.0,-0.5908857106995967,396.0419314556329,350.37816890336137,45.66376255227152,12.835819975389995,6.9084715290180725,5.927348446371923,NB
frame_E_197.85_197.9,72.30102311061441,0.0,-0.5153407868147395,395.7411722882084,351.9935016118115,43.74767067639687,23.98727858919761,16.75210453355872,7.235174055638893,NB
frame_ki_197.9_197.96,112.14292481105066,0.0,-0.5240250706174533,375.6727051058938,333.54728375329336,42.12542135260048,1.864027957017548,0.875817244856357,0.9882107121611908,NB
frame_te~j~_197.96_198.18,89.90503313474713,0.0,-1.0481610286160572,398.8961702605683,336.7414550607623,62.15471519980599,39.38719085104713,16.36303266160145,23.02415818944568,NB
frame_ne_198.18_198.24,79.36761744126368,0.0,-0.9461738282383734,391.41001072418,346.2965144029698,45.11349632121011,0.972613339191824,0.3588563179423687,0.6137570212494552,NB
frame_se_198.24_198.3,85.56968306519158,0.0,-0.9461738282383734,388.7317988893868,345.6417851625431,43.09001372684372,4.992863072454043,3.2052724648618494,1.7875906075921932,NB
frame_si_198.3_198.54,106.93181774610608,0.0,-0.2340211340210622,389.9451587798906,327.9765957478998,61.96856303199081,28.423743221003413,21.906403471540926,6.517339749462487,NB
frame_da_198.54_198.74,76.60915221012591,0.0,0.2681533380634294,396.0694795832889,336.3318556310572,59.73762395223173,4.944021584077589,2.4702067937310943,2.473814790346495,NB
frame_dZi_198.74_198.95,89.06622057359553,0.1000000000000227,0.925994612364227,393.9895947413501,334.44019889682966,59.54939584452046,18.023591673997306,7.139347432460326,10.884244241536976,NB
frame_dZi_199.05_199.38,89.78320386234934,0.5699999999999932,2.086010358749791,392.0707115542331,321.6905924215324,70.38011913270077,12.02110088986332,6.793998240424614,5.227102649438706,NB
frame_teX_199.95_200.04,125.41331722308529,0.0,-0.9461738282383734,379.75009131638586,336.16437012700834,43.58572118937752,1.2921199942518982,0.6895514911724518,0.6025685030794463,NB
frame_Re_200.04_200.12,91.71713075148716,0.0,-0.519845504467971,396.7123566174743,349.1271780206734,47.58517859680092,2.126628187386132,0.7942466184587289,1.3323815689274028,NB
frame_la_200.12_200.28,98.6503497707551,0.0,-0.0381868389990893,393.1756169915508,340.709063406852,52.46655358469877,5.394356059295092,1.861642555711896,3.532713503583196,NB
frame_so~j~s_200.28_200.41,124.83988374338072,0.0,0.0,376.430514292013,325.63588376561654,50.79463052639648,1.3077310904746753,0.7869468218250049,0.5207842686496704,NB
frame_dZi_200.41_200.78,101.89719467521556,0.0,0.5174657118128347,392.4688475524751,315.8208561240025,76.64799142847261,18.816923761999604,8.382374962560235,10.43454879943937,NB
frame_ga~_200.78_200.94,96.05849956088916,0.0,0.3201600582667501,395.5729031445339,339.8161254586358,55.7567776858981,6.525692626069599,2.2197403402730487,4.30595228579655,NB
frame_mus_200.94_201.16,111.52717576217792,0.0,0.0395241278061603,388.5994646197368,327.55825795919867,61.04120666053814,23.05857718623925,9.469155893071076,13.58942129316818,NB
frame_majs_201.16_201.74,104.68425130769596,0.5999999999999943,0.5744935151255127,391.83479532811486,293.486883793574,98.34791153454086,24.106148871629244,9.061810975541846,15.0443378960874,NB
frame_E_202.34_202.37,,0.8599999999999852,-0.6396690827894407,366.3505710275018,325.7099710172982,40.64060001020363,7.648470461326482,2.2242224979535905,5.424247963372892,NB
frame_majs_203.23_203.72,294.3621167447043,0.1800000000000068,0.9574187364535524,391.60355929066,303.7300818962046,87.87347739445542,14.631595109544946,9.390520234150117,5.24107487539483,NB
frame_ko~s_203.9_204.16,33.055229159150514,0.0,0.0980817362257291,403.7589309627532,338.2803860956532,65.47854486709997,86.27555360098472,29.9298017840986,56.34575181688612,NB
frame_ta~_204.16_204.39,49.21674901050754,0.0,1.6355295179928606,401.2558723458916,338.01735008596927,63.23852225992232,57.98405945016077,15.33368717534195,42.65037227481882,NB
frame_tSis_204.39_204.65,5.167027463407607,2.0999999999999943,-0.0406851762900433,393.6880375159935,330.16214367655084,63.52589383944263,212.1051251191961,115.7550652802644,96.35005983893171,NB
frame_i_206.75_207.66,8.69054913043719,0.2299999999999897,7.982757069542982,404.06377070679184,270.41392956174946,133.6498411450424,70.30739229566214,25.756526545060225,44.55086575060191,NB
frame_majs_207.89_208.31,64.76670083064624,0.0,0.5744935151257304,394.69128070318993,313.3178105211226,81.37347018206731,18.784827025589323,8.68803720612108,10.096789819468242,NB
frame_vuw_208.31_208.59,56.6119276703638,0.0,-0.3387217752975806,399.0515988178822,333.37136540792415,65.68023340995808,35.94667452907953,14.714305827593831,21.232368701485697,NB
frame_tO_208.59_208.92,58.33854014638959,0.0,1.4306802431823862,401.464207951068,328.1605965945299,73.30361135653806,141.2770028549997,96.76086757131928,44.51613528368041,NB
frame_zas_208.92_209.18,91.63421464145851,0.0,-0.1147718832646101,385.85016439333305,321.8554559864099,63.994708406923166,20.472447780379937,8.70027127943807,11.772176500941868,NB
frame_e~j~_209.18_209.27,79.2641174929157,0.0,-0.6128865203122986,396.05088212959816,347.41246147479376,48.638420654804406,8.125208559312995,4.526478448787373,3.598730110525622,NB
frame_Re_209.27_209.37,59.68799066431548,0.0,-0.519845504467971,401.1659655016615,350.7479062985098,50.4180592031517,2.127426881178181,1.3069526653312096,0.8204742158469713,NB
frame_la_209.37_209.5,77.54306925653417,0.0,-0.2679419717958695,393.520114705524,341.4371471453399,52.0829675601841,8.030870284195672,5.552292724983673,2.478577559211999,NB
frame_sa~w~_209.5_209.74,86.6124375739223,0.0,-0.9952094014606064,394.5348611541356,331.41884297468323,63.11601817945234,27.883494972241664,13.060666933756169,14.822828038485495,NB
frame_a_209.74_209.77,83.19476311710723,0.0,-0.5742821488581705,375.3917068273252,334.87323773830144,40.51846908902377,6.294410536803184,4.232519520084395,2.061891016718789,NB
frame_ba~_209.77_209.91,81.31820865693508,0.0,-0.5567529148848208,389.5533171790476,338.2844007393367,51.26891643971084,11.690857255907927,4.84806943840384,6.842787817504089,NB
frame_kus_209.91_210.0,26.544402409915136,2.469999999999999,-0.5908857106995967,385.0487537954693,337.20024574906324,47.848508046406096,113.69814492685786,50.918650770416775,62.77949415644109,TB
frame_a_212.47_212.5,47.89809672251707,0.0,-0.5742821488581705,371.6432316428962,330.23252406591496,41.41070757698128,8.658918736524328,4.238369878232618,4.42054885829171,NB
frame_gO_212.5_212.61,73.51752328900244,0.0,-1.0404947223144416,400.7506361414313,348.8690370386623,51.88159910276897,3.449058150378874,1.903776699205011,1.5452814511738635,NB
frame_ra_212.61_212.72,69.27574579727899,0.0,-0.191356927530131,395.6441305834028,350.78294489984773,44.86118568355505,3.833079576628052,1.6564969323004846,2.176582644327567,NB
frame_ke~j~_212.72_212.87,13.029827763281132,0.0,-0.8305237744644872,403.5586225696287,347.65263512905915,55.90598744056956,33.112779517345274,10.770757000738712,22.34202251660656,NB
frame_sa_212.87_213.06,41.11956981662168,0.0,-0.0381868389990893,399.3281670685796,341.45415104232313,57.87401602625647,103.44160377691516,61.02092988449469,42.42067389242048,NB
frame_bi_213.06_213.12,57.03328197674186,0.0,-0.5240250706174533,387.7774165506861,342.90304248678865,44.87437406389745,101.64235341150544,52.51313193319858,49.12922147830687,NB
frame_si_213.12_213.26,107.20818551414516,0.0,-0.4273570917520812,392.6403255062912,341.51939996849893,51.12092553779223,6.652481324885379,2.361489335831827,4.290991989053552,NB
frame_vo_213.26_213.44,20.636510415329667,0.0,-0.5372457439385123,401.5580900273332,343.0328988755328,58.52519115180041,53.95026476308183,22.70686758249741,31.243397180584424,NB
frame_sejs_213.44_213.56,104.93838168736242,0.2599999999999909,0.0,377.5701200920652,327.70273988370053,49.86738020836469,2.779917141016206,1.5429853686320314,1.2369317723841746,NB
frame_pre_213.82_213.97,3.608818315841916,0.0,-0.3066813425830727,408.371836306112,352.09821354402936,56.27362276208265,8.404461723940344,2.799041840494766,5.6054198834455775,NB
frame_si_213.97_214.18,55.915387133170725,0.0,-0.1373531551556902,398.5758006082031,337.3355207637468,61.24027984445627,52.93127870997574,37.41438652350729,15.516892186468452,NB
frame_za~_214.18_214.41,32.45792938905029,0.0,0.9778447881301168,400.763968743852,337.6977645328671,63.06620421098489,8.425500051551722,3.69410830075401,4.731391750797712,NB
frame_du_214.41_214.74,32.55722986594178,0.6599999999999966,2.8133274172308465,402.9526791411412,328.50343252955435,74.44924661158683,58.76287306198294,19.75301197662995,39.00986108535299,NB
frame_me_215.4_215.53,46.2107663949522,0.0,-0.0935171806981744,405.6832647660598,351.7182073675728,53.96505739848698,8.759304828450482,3.5277573278053467,5.231547500645135,NB
frame_LOX_215.53_216.02,52.18703418003818,0.0,3.548830213609457,402.79907976394566,313.6635195509781,89.1355602129675,31.664952722262072,19.646497424853024,12.018455297409048,NB
frame_ow_216.02_216.45,57.72628261958931,0.0,2.4220746200849708,401.5368352027392,316.3311330668172,85.20570213592205,11.211584476718627,4.74090720012947,6.470677276589157,NB
frame_a_216.45_216.64,62.88149321591922,0.6800000000000068,0.6510785593912513,399.9230505745588,341.33747207695785,58.58557849760098,8.818243611046924,3.824747344336771,4.993496266710153,NB
frame_i~_217.32_217.4,42.27954023409467,0.0,0.3208143631889464,398.70024715208217,351.9222481871293,46.77799896495287,8.424812665867194,3.134742472228069,5.290070193639124,NB
frame_sis_217.4_217.54,78.30047638121071,0.0,0.0,377.9123825596092,325.9943636318515,51.918018927757714,2.04205525357186,1.3334185249864134,0.7086367285854465,NB
frame_tSi~_217.54_217.86,46.08662996538267,0.0,-0.2340211340210622,408.1008116997714,334.4697318013667,73.63107989840466,76.59865058613909,38.652003059242006,37.946647526897074,NB
frame_du_217.86_217.92,25.27989302675053,0.0,-0.5908857106995967,399.82825753946383,354.55904272241014,45.269214817053694,1.150832146013542,0.5716198396082746,0.5792123064052674,NB
frame_e~j~_217.92_217.98,31.23506157466261,0.0,-1.2657982827676273,402.9393957058784,356.5357707595193,46.40362494635906,4.753955573317043,2.6230722453219077,2.130883327995136,NB
frame_de_217.98_218.09,39.2902246322064,0.0,-0.0935171806981744,403.2273510596356,351.591363566806,51.6359874928296,4.785516447621362,1.841702339101758,2.943814108519604,NB
frame_teR_218.09_218.26,43.45702075230372,0.0,-0.3066813425830727,402.3541423396697,345.6702788144362,56.68386352523351,57.364490757123605,20.717079229640177,36.64741152748343,NB
frame_mi~_218.26_218.33,34.8836369407896,0.0,-0.6059826860223828,398.4705765121759,350.69539049386293,47.77518601831292,1.923871383424327,0.8444641193936206,1.0794072640307064,NB
frame_na_218.33_218.47,36.17385194341071,0.0,-0.0381868389990893,397.0713362503684,343.8337225572509,53.23761369311745,4.944964873839908,3.353264913047468,1.5916999607924396,NB
frame_das_218.47_218.59,42.96528449926588,0.0,-0.4211120603269112,397.209654255507,346.2520141170912,50.957640138415854,12.486690810777844,5.634108212109595,6.852582598668249,NB
frame_peR_218.59_218.77,56.34212920558704,0.0,-0.5198455044685768,404.2787530454849,345.93613432866994,58.34261871681491,48.81198793587337,24.909635105803645,23.902352830069724,NB
frame_gu~_218.77_218.93,23.27104552473681,0.0,-0.3740763681460929,396.3868174907404,340.3370567323368,56.04976075840358,43.65294073374624,22.589428239072888,21.063512494673347,NB
frame_tas_218.93_219.13,11.965695299539108,0.0,-0.2679419717958695,398.3240539332746,338.81062024964206,59.51343368363257,25.015626671491415,14.727441606004676,10.288185065486743,NB
frame_ew_219.13_219.2,28.60920386466429,0.0,-0.7330096663534751,402.2004065229061,355.1666093659741,47.033797156932,4.020240706175116,1.3709845484675045,2.649256157707612,NB
frame_po_219.2_219.37,30.46171558914133,0.0,-0.6852117621395604,399.7792313754518,341.9468975906602,57.83233378479156,34.89179024688568,25.854712211762006,9.03707803512367,NB
frame_de_219.37_219.51,9.135808729369984,0.0,0.1196469811867238,396.5609787466407,343.930966904757,52.63001184188374,4.769971959393587,2.488452799718232,2.281519159675355,NB
frame_ri_219.51_219.64,2.221267904204865,0.0,0.1526507814407008,399.73074412585726,345.3336134946831,54.39713063117415,4.894292953580532,1.876798857300088,3.017494096280444,NB
frame_a_219.64_219.69,17.890789350337315,0.0,-0.4211120603269112,397.5706302825806,351.7135964230534,45.85703385952724,0.8106784650390608,0.544163748602287,0.2665147164367738,NB
frame_dZi_219.69_219.8,39.341984761411965,0.0,-0.0406851762900433,387.64748540096735,336.52327364799515,51.1242117529722,20.217458532076638,9.907937251139032,10.309521280937602,NB
frame_zeX_219.8_220.0,36.95345202241363,0.0,0.7591394668420245,399.7189043903025,341.373193956017,58.34571043428548,17.071362119610342,6.031694215699986,11.039667903910356,NB
frame_majs_220.0_220.26,43.03169871436846,0.0,-0.4211120603269112,393.9215017294723,330.0628318689902,63.85866986048211,20.461981462950007,11.20873625790388,9.253245205046127,NB
frame_aw_220.26_220.47,46.94148040246056,0.0,-0.5742821488581705,395.2959755917941,334.1379831137159,61.1579924780782,4.404945377783179,2.188845698955632,2.216099678827547,NB
frame_gu~_220.47_220.58,43.23538758444647,0.0,-0.3173804185988467,386.3407677484644,337.73137256005145,48.60939518841292,3.454290704961622,0.7843751542936559,2.669915550667966,NB
frame_ma_220.58_220.69,46.701615702077845,0.0,-0.1913569275303487,397.4168963692513,345.8643019786129,51.55259439063843,4.081780851324723,1.7266088372622477,2.3551720140624752,NB
frame_koj_220.69_220.99,61.69283499719288,0.0,0.0546183288661001,398.9822167939224,329.78284060731016,69.19937618661226,33.133232367661535,14.969450553474772,18.163781814186763,NB
frame_za_220.99_221.15,64.84027471634818,1.4000000000000057,-0.5742821488581705,387.8303018501366,333.1320231864122,54.69827866372441,4.709696462044022,2.005378243975926,2.704318218068096,TB
frame_pro_222.55_222.64,47.371813670897865,0.0,-0.9811437985424974,388.341041248661,341.3666360286141,46.97440522004695,13.19172334825123,4.90738033293178,8.28434301531945,NB
frame_fe_222.64_222.79,63.413415225928105,0.0,-0.3066813425830727,395.4901101638329,341.1655237845259,54.32458637930705,48.26751487587035,14.869184846927055,33.39833002894329,NB
frame_soX_222.79_223.01,34.38884645591094,0.0,-0.5372457439385123,399.7163092384668,338.7934453347952,60.92286390367156,266.79739629054336,114.17924140423192,152.61815488631146,NB
frame_kwa~_223.01_223.32,117.93266495027017,0.0,0.1009318149785458,406.439138000983,334.6820241942212,71.75711380676182,231.80373098001772,70.99696755135307,160.80676342866468,NB
frame_du_223.32_223.4,62.14675364970341,0.0,-0.3387217752972222,405.796104096709,356.7581317557132,49.037972340995736,15.273662769922566,6.688729309366124,8.584933460556442,NB
frame_u~_223.4_223.5,9.633827554814443,0.0,-0.2039885195046764,409.0142667267591,357.4271596349734,51.5871070917857,26.860450770993907,16.58198053143488,10.278470239559027,NB
frame_e~_223.5_223.54,22.604682239583557,0.0,-1.0481610286160572,402.850711278465,356.92825356499213,45.92245771347291,9.355679247692194,5.098712863424652,4.256966384267543,NB
frame_pre_223.54_223.75,50.83161750103483,0.0,0.332811143072228,408.7672467149422,346.781559924323,61.985686790619184,15.326077863490838,7.95862518596644,7.367452677524398,NB
frame_ga_223.75_224.1,50.40826576960964,0.0,1.0340037807190732,405.7963355552369,329.8671038610326,75.92923169420425,39.4300523484786,14.446054379804451,24.983997968674142,NB
frame_du_224.1_224.24,54.82940036332354,0.9899999999999808,0.1656060955071684,391.5600269579618,341.5290922767099,50.03093468125195,57.75029679984061,38.58206889046619,19.168227909374423,NB
frame_E_225.23_225.32,25.351366553230772,0.0,-0.2666841948655137,400.8467589665406,354.9931254132321,45.8536335533085,10.891174307787937,4.578582693882908,6.312591613905028,NB
frame_de_225.32_225.44,21.479964813338285,0.0,-0.3066813425830727,402.2085549487719,349.36695195782926,52.84160299094265,25.05141204202621,7.069591014684932,17.981821027341283,NB
frame_mi_225.44_225.63,3.1604466614116973,0.0,0.6359906757681106,396.94000424462905,340.82025102707297,56.11975321755608,26.481148009143222,7.272854978810187,19.20829303033304,NB
frame_tSi_225.63_225.77,18.0960343020908,0.0,-0.0406851762900433,396.61924714935645,344.0277575578144,52.591489591542086,180.22018029804147,51.84619761480894,128.37398268323253,NB
frame_du_225.77_225.91,2.899885838770956,0.0,0.1656060955071684,394.9756702427622,345.3912350546412,49.58443518812106,31.81342930332201,10.794969619185622,21.01845968413639,NB
frame_a_225.91_225.94,6.017580365879525,0.0,-0.5742821488581705,364.5947330369909,325.37651354290404,39.21821949408678,2.2121102413966582,1.169886000184988,1.0422242412116702,NB
frame_si~_225.94_226.14,37.53960509515667,0.5700000000000216,1.711009937005611,394.64431340100975,335.73938762917913,58.90492577183062,195.73919358567144,86.60955063387132,109.12964295180012,NB
frame_dZi_226.71_226.8,31.23436605293085,0.0,-0.4273570917518064,405.4812144393275,355.1024635740752,50.3787508652523,45.816080737984095,14.801689577344291,31.014391160639804,NB
frame_u~_226.8_226.98,19.53664768171157,0.0,0.2495790768723268,403.9624487211789,345.1987862553636,58.763662465815344,24.469663394453534,15.684816468156413,8.78484692629712,NB
frame_ma_226.98_227.21,6.284354601918039,0.0,-0.2679419717956519,399.3304712209712,335.5675424521222,63.762928768848894,22.52136262718082,9.652626591874052,12.868736035306767,NB
frame_fa_227.21_227.57,10.308553709806487,0.0,0.4979084708599919,404.426891828874,327.20425237060226,77.22263945827171,132.24200969826154,30.443688869434084,101.79832082882749,NB
frame_bri_227.57_227.74,20.856569167536605,0.0,-0.5240250706174533,400.14890005675846,342.6456448898062,57.50325516695227,8.326172316624536,4.492654504155922,3.833517812468614,NB
frame_ka_227.74_227.91,84.22381190522601,0.3100000000000023,-0.4976971045926497,393.4405167173605,337.3162676852434,56.12424903211706,145.24182510788944,90.5477265300222,54.69409857786725,NB
frame_ow_228.22_228.34,1.4076481598460475,0.0,-0.8331777803410289,404.6124677552798,351.4064720388215,53.20599571645829,10.342002639874607,4.61204142777521,5.729961212099397,NB
frame_dZi_228.34_228.45,6.042662383384311,0.0,-0.5240250706174533,417.07207525223,363.3139898474292,53.7580854048008,45.55446148894194,19.571497070787927,25.98296441815401,NB
frame_u~_228.45_228.51,14.41920968580996,0.0,-0.4307723176931781,405.67778978668287,358.3661165180146,47.31167326866824,7.046704135800525,4.975613133829199,2.0710910019713253,NB
frame_ma_228.51_228.6,14.594232989836314,0.0,-0.4976971045926497,404.7144657104783,355.29070859689773,49.42375711358056,27.567492711815703,18.02996854361291,9.537524168202792,NB
frame_i~_228.6_228.73,19.007074284837586,0.0,1.4793106747029434,399.6029512409323,345.9015976755057,53.70135356542664,8.396324106220163,2.7617229955955054,5.634601110624658,NB
frame_dust_228.73_229.1,30.19824614270226,0.0,1.1742618371159497,405.0175359540547,328.7580840341537,76.25945191990104,203.64962744918068,86.4365112775327,117.21311617164798,NB
frame_ria_229.1_229.2,85.978310481169,0.3700000000000045,-0.5240250706174533,394.8805134737181,344.7276844632245,50.15282901049363,121.83430973405632,63.005639755279205,58.82866997877711,NB
frame_kwaw_229.57_229.69,149.0868901418866,0.0,-0.4648037429985887,407.0188286324393,353.24658831492934,53.772240317509954,49.26128582323048,27.718418415801068,21.54286740742941,NB
frame_E_229.69_229.83,162.6309887548395,0.0,-0.4211120603269112,396.5209505534471,349.4973394727657,47.02361108068135,121.69335721926882,40.73662767198448,80.95672954728434,NB
frame_a_229.83_229.87,110.48654750504338,0.0,-0.4976971045926497,369.00922403119824,326.82100329096176,42.18822074023649,142.62346530623347,47.458384888759866,95.1650804174736,NB
frame_si_229.87_229.97,30.689270398738586,0.0,-0.3306891128864344,404.296574386116,353.6705053374026,50.62606904871336,42.71320414437599,9.911350079011411,32.80185406536458,NB
frame_tu_229.97_230.08,90.33722041077276,0.0,-0.5908857106995967,404.5666371699596,351.8895342503032,52.67710291965642,191.9665049132709,78.1947153620142,113.77178955125676,NB
frame_a_230.08_230.21,59.04549902290847,0.0,0.1915682937976908,400.0091244487106,348.7283497221498,51.28077472656082,36.46046439131521,15.05521425024125,21.405250141073964,NB
frame_sa~w~_230.21_230.35,41.78629441971688,0.0,-0.9952094014599832,404.4373505390747,349.0436703568444,55.39368018223036,60.04065564610687,20.041169501258903,39.99948614484797,NB
frame_e~j~_230.35_230.43,62.56503507069431,0.0,-1.2657982827676273,402.78516982104094,354.2960023461408,48.489167474900114,20.83042848625206,8.729919524323321,12.10050896192874,NB
frame_ki_230.43_230.52,43.64194841471698,0.0,-0.5240250706174533,400.2067183370908,350.47156946625745,49.735148870833314,10.047329328881546,4.980298121973476,5.067031206908069,NB
frame_e_230.52_230.56,45.1745303917219,0.0,-0.7330096663534751,391.3916851388892,347.31075989424073,44.08092524464848,1.6551612024087774,0.4476369121132109,1.2075242902955663,NB
frame_li_230.56_230.65,71.72088704684992,0.0600000000000022,-0.3306891128864344,395.4660257595585,348.035840883134,47.430184876424505,6.538510662099213,2.956315420210672,3.5821952418885417,NB
frame_si_230.71_230.78,36.91974892539483,0.0,-0.5240250706174533,396.8146503288344,352.24394379428475,44.57070653454963,20.115460688021614,12.412910438305287,7.702550249716324,NB
frame_e~_230.78_230.84,17.3245055508375,0.0,-0.6128865203122986,396.6946557584329,351.5700410961432,45.12461466228973,14.147993304388478,6.744319868509308,7.40367343587917,NB
frame_ko~_230.84_231.06,53.80277791653742,0.0,0.2378763947548967,396.1006127928282,334.6581272013645,61.44248559146365,118.95235129464412,66.98832050098542,51.96403079365869,NB
frame_tra_231.06_231.16,21.9180987828407,0.0,-0.5742821488581705,394.9894994973556,344.4374494553936,50.55205004196199,133.53180254777584,51.34358435900543,82.18821818877039,NB
frame_u_231.16_231.19,14.31820901289754,0.0,-0.5908857106995967,380.62539467427695,337.51641739069805,43.108977283578895,1.7942039340801728,0.9790405264880064,0.8151634075921663,NB
frame_se_231.19_231.25,78.32884907560661,0.0,-0.9461738282383734,378.8692198186845,333.9383321273573,44.9308876913272,1.0933860794017107,0.3518064692441953,0.7415796101575154,NB
frame_JoX_231.25_231.35,34.887963106235674,0.0699999999999931,-0.9811437985420768,394.8667121911333,349.856037755732,45.01067443540131,33.3974815524052,14.779748769918656,18.61773278248654,NB
frame_sa_231.42_231.66,16.355830070067043,0.0,0.7276636036567721,401.8536839478526,338.1965053064072,63.6571786414454,97.72029049156636,55.61194865963765,42.108341831928726,NB
frame_bi_231.66_231.77,22.751592576471467,3.4899999999999807,-0.3306891128864344,390.0577986259575,339.53696837351924,50.5208302524382,13.426973403719074,6.656781091070513,6.770192312648561,TB
frame_bo~_235.26_235.63,12.440035876643236,0.0999999999999943,2.3347962726880405,408.13016462007823,332.2080338307987,75.92213078927955,280.60064648197647,207.6044068231295,72.99623965884696,NB
frame_u_235.73_235.93,1.3506711062315162,0.0,1.5525077402196907,411.79306925752,349.35296797800106,62.44010127951896,77.34238196934223,44.94238287649918,32.399999092843046,NB
frame_e~_235.93_236.01,35.57359436884758,0.0,-0.1776120120091585,405.3059780914849,356.7754422496328,48.53053584185216,32.71450881801604,15.498112607619843,17.216396210396198,NB
frame_pre_236.01_236.21,35.90036671393233,0.0,-0.0935171806975685,408.2534874762884,348.7662551963624,59.48723227992599,43.468113210714165,18.88939379359724,24.57871941711693,NB
frame_ga_236.21_236.5,24.888512921596487,0.0,0.8042486479225106,406.1741542780364,336.9530233357452,69.22113094229121,74.96889940264893,36.56093234239552,38.40796706025341,NB
frame_du_236.5_236.72,70.18480463386229,1.210000000000008,1.0481798694149416,404.770430333569,343.19973614332565,61.57069419024333,29.97983309565919,8.33493030248512,21.64490279317407,NB
frame_noR_237.93_238.2,37.59597850731602,0.0,0.6464824016707127,410.7725447833583,340.79345873595787,69.97908604740047,33.88427959310606,16.800640827624733,17.083638765481325,NB
frame_maw_238.2_238.39,49.19830078700405,0.0,-0.1913569275303487,407.3234433257785,348.5523152226274,58.77112810315111,15.778672472013769,4.356557035073152,11.422115436940617,NB
frame_me~_238.39_238.68,29.148768686978716,0.0,2.4340350378127744,408.9585109594299,340.2829257074385,68.67558525199138,70.27964048597774,38.45122857502128,31.82841191095646,NB
frame_tSi_238.68_238.9,79.66482089640394,1.4000000000000057,0.2493187603063476,389.5799379526469,327.98587245083115,61.59406550181575,31.853527928561505,21.221679597501733,10.631848331059771,NB
frame_kwaw_240.3_240.41,13.263023531988438,0.0,-0.5908857106995967,410.3429218838038,356.59213637953724,53.75078550426656,0.8670728798833522,0.461436490470291,0.4056363894130612,NB
frame_kEX_240.41_241.21,18.04000410581149,0.0,-0.2679419717958695,409.3834774068198,285.55691806363143,123.82655934318834,46.7062297582149,14.62879036545108,32.07743939276382,NB
frame_an_241.21_242.25,46.41873844645691,0.0,6.854467144904099,404.2560480710502,255.401798306091,148.85424976495923,39.51554312587343,14.35528910080346,25.160254025069968,NB
frame_e~_242.25_242.37,43.4270527332755,0.0,0.6929370045983587,399.17490153186327,346.10728773806284,53.06761379380043,25.4058267343144,14.29466663005674,11.111160104257664,NB
frame_pre_242.37_242.59,54.99189813374382,0.0,0.1196469811873296,400.3859812813605,338.79644580824845,61.58953547311205,19.56354203120499,10.908922751385704,8.654619279819286,NB
frame_ga_242.59_242.87,29.528130687999848,0.0,0.7276636036569898,401.6720167669217,332.0697876653656,69.60222910155613,95.62019060966976,43.15182220650489,52.46836840316485,NB
frame_du_242.87_243.04,62.26444967133257,1.710000000000008,0.1656060955071684,387.5647759810284,332.3953829830389,55.16939299798946,8.334471055142643,4.538923029641239,3.795548025501404,NB
frame_de_244.75_245.09,45.49715286368722,0.0,2.4644527619230283,412.3702921482029,336.2404129458505,76.12987920235241,31.180923135887696,11.91739094248851,19.263532193399183,NB
frame_vi_245.09_245.48,26.30936229556474,0.1200000000000045,1.602670464422656,402.6345189883956,323.5416842296497,79.09283475874582,264.1980635603338,136.38612049657092,127.8119430637629,NB
frame_seX_245.6_245.84,19.226839422542994,0.0,1.6117961143828294,409.40911486778793,346.2149949642105,63.194119903577416,77.79231554605303,13.865453848163,63.926861697890025,NB
frame_adZ_245.84_246.04,37.60674787756234,0.0,0.11498324953217,404.97305184139,343.0708832353437,61.90216860604636,18.54985951003863,9.114262873255967,9.435596636782662,NB
frame_mi_246.04_246.27,47.32218947500495,0.0,0.8293266334991296,399.30090935959873,338.9258886850492,60.3750206745496,24.105512952988462,8.626670533328777,15.478842419659683,NB
frame_tSi_246.27_246.49,23.46724789034475,0.0,0.5393226969027386,404.21045782189617,343.7140511037062,60.49640671819003,96.1687559207061,35.14834476794344,61.020411152762655,NB
frame_du_246.49_246.6,61.64532444829152,0.6700000000000159,0.0395241278058019,394.2655556105969,343.58614389133186,50.67941171926503,4.199459199748247,1.4764679387849782,2.722991260963269,NB
frame_pe_247.27_247.38,12.525706720642503,0.0,-0.3066813425830727,408.2158451613842,356.3738870428207,51.84195811856358,74.45230029550542,57.79206803538237,16.660232260123053,NB
frame_las_247.38_247.57,44.30292004716632,0.0,-0.191356927530131,405.3295237616004,346.4090161038224,58.92050765777799,24.10824905197107,12.881202272335711,11.22704677963536,NB
frame_e~_247.57_247.64,49.515720502552455,0.0,-0.3952492661607286,398.2686438116333,352.0003499800365,46.26829383159679,8.364841147213482,4.917908528621396,3.4469326185920863,NB
frame_pre_247.64_247.93,11.719029329152209,0.0,0.7591394668426303,409.3411833237769,339.7036869185314,69.63749640524554,82.70083308260843,26.52203867932552,56.17879440328291,NB
frame_zas_247.93_248.04,61.10247553827051,0.8799999999999955,-0.5742821488581705,391.57669084599473,343.3396052441474,48.23708560184736,37.41686409591984,21.21210806121424,16.204756034705603,NB
frame_de~_248.92_249.1,8.672621329578732,0.0,0.47529975044617,408.5948227612325,349.2340206640712,59.36080209716136,97.38290795850892,39.76665409136152,57.61625386714739,NB
frame_tru_249.1_249.25,8.683185130636161,0.0,-0.4648037429985887,392.9101486765792,338.95754133346713,53.952607343112106,139.8253608873592,53.13054006856069,86.69482081879852,NB
frame_dajs_249.25_249.46,14.133521298166896,0.0,-0.191356927530131,401.1562447561748,340.04236398765227,61.113880768522506,102.68014306091727,45.82936851736764,56.85077454354963,NB
frame_e_249.46_249.59,10.86249307564978,0.0,1.185467790612427,403.37123550470574,350.9170114141441,52.45422409056164,19.60614952652756,8.231932273561114,11.374217252966446,NB
frame_zi_249.59_249.75,9.967715009584056,0.0,0.1526507814407008,400.9657742461933,344.192281384411,56.7734928617823,39.499393555387314,11.557764874556456,27.94162868083086,NB
frame_ge~_249.75_249.98,25.4057515442081,0.0,1.128211512901499,399.826491881756,336.4241749342947,63.40231694746126,26.072070927297915,10.417254429150889,15.654816498147028,NB
frame_sias_249.98_250.1,95.39739286235266,0.700000000000017,0.0,376.08499120834057,326.6476303941981,49.437360814142494,3.4847984248444703,1.649296990677712,1.8355014341667584,NB
frame_da_250.8_251.87,14.178552442866533,1.039999999999992,6.394956879310538,397.7729366490672,249.40137536767392,148.37156128139324,43.6652217305831,12.461759019218874,31.203462711364224,NB
frame_le_252.91_253.03,6.144207638026884,0.0,-0.0935171806981744,402.0141136290349,348.82006203405564,53.19405159497927,9.75853746561151,4.771086759195981,4.98745070641553,NB
frame_Zis_253.03_253.21,2.6408975875394702,0.0,0.0559828025753287,393.6772443390194,336.9282419398781,56.74900239914126,30.903557836799365,9.780094038210976,21.12346379858839,NB
frame_la_253.21_253.32,16.94644613556507,0.0,-0.1913569275303487,395.7636665396416,345.86125202414286,49.902414515498776,29.33477982062351,15.305091274450234,14.029688546173276,NB
frame_sa~w~_253.32_253.51,23.4760097217721,0.0,-0.9952094014599832,395.3205729796661,337.3706012250171,57.94997175464903,62.761406624215056,28.80917107785345,33.95223554636161,NB
frame_tra_253.51_253.68,8.095293865830882,0.0,-0.191356927530131,397.5144297498736,342.1191351493476,55.39529460052597,27.56696807692916,8.079387060978505,19.487581015950653,NB
frame_ba_253.68_253.81,31.43304778888819,0.0,-0.1147718832646101,392.4675497397072,341.3688713126351,51.09867842707212,14.843153645858465,8.615889275252357,6.227264370606108,NB
frame_Lis_253.81_253.91,21.949331591375923,0.0,-0.4273570917520812,391.5125011304093,344.49104130696963,47.02145982343961,16.649672432580857,9.794111479191171,6.855560953389684,NB
frame_ta_253.91_253.97,56.40618128268509,0.539999999999992,-0.5742821488581705,375.84880677756325,333.08430687224063,42.76449990532262,2.267960373295708,1.5781358314232603,0.6898245418724471,NB
frame_a_254.51_254.55,,0.0999999999999943,-0.497697104592432,371.4622339508786,329.01332794038694,42.448906010491726,2.4816773168877617,1.699574291622767,0.7821030252649948,NB
frame_se_254.65_254.72,5.124733402852499,0.0,-0.7330096663534751,395.842095484914,349.6212628696479,46.22083261526609,107.78443516532371,68.91833544398813,38.86609972133559,NB
frame_e_254.72_254.87,28.198334601657574,0.0,1.6117961143828294,400.2558023857577,344.7250287049053,55.530773680852406,20.78594163054879,8.698814133623415,12.087127496925376,NB
frame_li_254.87_255.01,40.48258593021447,0.1000000000000227,-0.1373531551556902,390.36120737285626,341.55531182536083,48.80589554749543,26.7917726041306,15.838522891069855,10.953249713060742,NB
frame_te_255.11_255.26,240.65346052044893,1.1899999999999975,0.7591394668420245,404.2671015174241,350.2632493122325,54.003852205191606,32.268751196441656,10.397292847194706,21.87145834924695,NB
frame_ko~_256.45_256.55,87.91433623229837,0.0,-0.6008915564185198,389.03756729866257,340.4402777008153,48.59728959784729,6.674180630783994,2.640074606735581,4.034106024048413,NB
frame_so_256.55_256.7,107.99402470313836,0.0,-0.6852117621395604,394.1215660490497,339.8875173944374,54.23404865461225,2.583472910632977,0.8464487011000017,1.7370242095329758,NB
frame_li_256.7_256.81,76.74354729727497,0.0,-0.2340211340210622,393.2208326622663,342.37338626694145,50.84744639532482,7.889598382655052,2.311142266609039,5.578456116046013,NB
frame_da_256.81_256.91,80.67303796896422,0.0,-0.3445270160613903,397.4253216567185,347.3514998279898,50.07382182872868,23.15072868096152,12.202371831167795,10.948356849793726,NB
frame_sa~w~_256.91_257.12,85.48952674970259,0.0,-0.7759811581717789,395.7792501734889,336.8919596312457,58.887290542243136,44.892687637115934,21.501082101163504,23.39160553595243,NB
frame_dajs_257.12_257.31,79.00612262869349,0.0,-0.2679419717958695,397.2560944750696,339.3271527523747,57.92894172269496,18.77587145899784,8.611548803219762,10.16432265577808,NB
frame_lejs_257.31_257.45,74.6602899440326,0.0,-0.7330096663528692,398.6047766109342,347.4770299377025,51.12774667323168,17.712419751444187,5.979584474209503,11.732835277234685,NB
frame_du_257.45_257.57,82.16300191908722,0.0,0.16560609550681,389.473214112868,340.1155249001194,49.3576892127486,3.966513287845672,1.620225113780748,2.346288174064924,NB
frame_tra_257.57_257.74,107.27003167477083,0.0,-0.1913569275303487,394.9015778411981,339.1249803823848,55.77659745881323,0.5248637673658223,0.2249976710071237,0.2998660963586985,NB
frame_ba_257.74_257.93,100.8465690520367,0.0,-0.0381868389988716,394.0918358358389,336.2534152744901,57.83842056134876,9.001305701845325,5.484221420634924,3.5170842812104013,NB
frame_Lu_257.93_257.99,102.4100666515372,0.5600000000000023,-0.5908857106992385,383.3228126466331,339.3612505215977,43.96156212503536,0.7734755211708375,0.3906510268026011,0.3828244943682364,TB
frame_e~_258.55_258.61,119.64802774336424,0.0,-0.6128865203122986,398.2148133806413,352.1295619985236,46.08525138211769,5.439180720489418,2.7290329849775503,2.7101477355118675,NB
frame_ta~w~_258.61_258.78,75.03275427709906,0.0,-0.9952094014593602,403.5371558297384,346.78649664622515,56.75065918351322,158.87012216851724,70.27402199082064,88.59610017769661,NB
frame_e_258.78_258.81,87.54182034680272,0.0,-0.9461738282377676,383.37453027761046,341.2277582848743,42.146771992736205,3.7977443220773353,2.609674332682061,1.1880699893952738,NB
frame_li_258.81_258.92,68.97961142504923,0.0,-0.0406851762897686,396.25885845629614,345.8210582802584,50.4378001760378,59.69133174491253,18.141914744017413,41.54941700089512,NB
frame_de_258.92_259.08,22.44204919932261,0.0,-0.0935171806981744,406.4750303459513,349.24204913364053,57.23298121231079,34.572808042651445,18.406459883289187,16.166348159362258,NB
frame_vi_259.08_259.15,102.26143140752602,0.0,-0.524025070617728,395.5354808382328,348.2931572988212,47.24232353941164,25.998874078965656,15.678512641421024,10.320361437544634,NB
frame_es_259.15_259.22,136.4063321370682,0.0,-0.9461738282377676,377.597983774926,332.0900959412882,45.50788783363777,12.41208083212254,7.896586885122872,4.515493946999669,NB
frame_taX_259.22_259.57,137.54350524433823,0.9800000000000182,0.7276636036567721,400.6613740957633,326.2942540074596,74.36712008830375,44.24742011278612,18.42426112973206,25.823158983054057,NB
frame_an_260.55_261.43,51.67562740692425,0.7799999999999727,4.556915816936296,401.14567582626415,270.6014791565029,130.54419666976125,32.688049203373296,18.742524111736277,13.945525091637023,NB
frame_Re_262.21_262.43,18.19787441805488,0.0,-0.3066813425830727,405.29576732596087,344.3218357151091,60.97393161085176,25.420041915956418,8.76829100892644,16.651750907029978,NB
frame_gu_262.43_262.53,18.60369895721752,0.0,-0.5908857106999551,403.696426670139,352.03835777890185,51.65806889123712,23.55147188124309,6.029589315998891,17.521882565244198,NB
frame_la_262.53_262.63,21.78956631453441,0.0,-0.497697104592432,404.71373776229393,353.77272718812435,50.94101057416958,13.613227856734568,7.110966412000778,6.50226144473379,NB
frame_me~_262.63_262.79,31.666136912775443,0.0,0.2576624962952186,398.9363232303896,344.0100554104462,54.926267819943405,20.24913588262679,8.445349501672808,11.80378638095398,NB
frame_taR_262.79_263.03,43.59988287002491,0.0,0.1915682937976908,397.29814025871815,335.06202516008943,62.23611509862872,23.593744378220123,10.99388717000835,12.599857208211771,NB
frame_me~_263.03_263.17,22.670088745580955,0.0,0.2576624962952186,392.1558426976113,340.4174799170785,51.73836278053284,92.48911224976634,60.49366839523475,31.995443854531587,NB
frame_tSi_263.17_263.24,42.75696771063775,0.0,-0.5240250706171785,377.2576848363526,332.0588584236823,45.19882641267037,1.6564083903968196,0.9629208373929998,0.6934875530038198,NB
frame_Re_263.24_263.36,50.86997643642974,0.0,-0.0935171806981744,398.5202941650856,346.6178914973957,51.9024026676899,5.303854704108431,3.4124441990048666,1.8914105051035648,NB
frame_Zis_263.36_263.55,12.50247826561406,0.0,-0.2340211340210622,389.8111303727025,333.9081108600612,55.90301951264138,139.53139209450063,68.44319347317852,71.0881986213221,NB
frame_tra_263.55_263.8,1.477128611976383,0.0,0.1915682937976908,394.1749634552336,332.3559070807953,61.81905637443833,177.38715216237392,94.40188361634787,82.98526854602605,NB
frame_du_263.8_263.86,53.60877192411243,0.8700000000000045,-0.5908857106992385,379.434589679485,336.01493370227587,43.419655977209175,8.248546290367884,6.098260752093694,2.15028553827419,NB
frame_nu_264.73_264.79,85.64514579192601,0.0,-0.5908857106992385,379.9749841488728,335.7632326836076,44.21175146526514,2.439106798599056,1.3822540688655636,1.0568527297334924,NB
frame_li_264.79_264.89,80.85069224322784,0.0,-0.1373531551556902,399.0604922678723,348.3243366664761,50.736155601396206,2.05050933896608,0.9140823332201792,1.136427005745901,NB
frame_vru_264.89_264.99,84.6035024338816,0.0,-0.5908857106992385,395.0953617495689,343.92693582979376,51.16842591977513,0.9807187862766824,0.490845989100606,0.4898727971760763,NB
frame_dZi_264.99_265.05,99.58587715552932,0.0,-0.5240250706171785,378.4085835501435,335.38788585869344,43.02069769145004,22.3717223078772,12.412395277142451,9.959327030734748,NB
frame_tra_265.05_265.24,78.23448891015713,0.0,-0.2679419717958695,399.0356234427917,340.37154322381633,58.66408021897536,68.57238314962476,42.043148485581966,26.5292346640428,NB
frame_ba_265.24_265.5,21.30608967292011,0.0,0.7276636036567721,400.8724993339198,333.2042817780202,67.66821755589962,97.62996375568105,68.48531090881795,29.14465284686308,NB
frame_Lu_265.5_265.58,61.04517166845204,0.9900000000000092,-0.3387217752972222,388.5488773406852,343.6184122439945,44.93046509669068,12.425347603929566,7.544308798066567,4.881038805863,NB
frame_de_266.57_266.69,31.074988329964185,0.0,-0.0935171806981744,404.3169030729686,350.2693050216308,54.047598051337786,4.202861061077812,3.1368504472691683,1.0660106138086434,NB
frame_vi_266.69_266.79,74.04968227396934,0.0,-0.5240250706171785,386.4216228398327,337.39113859294224,49.03048424689047,30.815950773049916,18.97326270055092,11.842688072498994,NB
frame_seX_266.79_266.93,24.63178631023757,0.0,-0.3066813425830727,400.56611912903605,349.4486297576568,51.11748937137929,14.466486190730237,6.097319517194933,8.369166673535304,NB
frame_poX_266.93_267.13,39.77630814622755,0.0,-0.3892797257366233,401.57484970144736,341.2149887261821,60.35986097526524,28.69878046239309,10.198495979774776,18.500284482618312,NB
frame_ta_267.13_267.28,51.9514929466056,0.0,-0.1913569275303487,397.8660594507865,343.80043321417514,54.065626236611365,41.95615236741827,14.033922310567618,27.92223005685065,NB
frame_doX_267.28_267.47,40.27146709450885,0.0,0.2025843470675687,395.2966462972728,338.379841718263,56.916804579009806,4.688282585856697,2.2230468150334275,2.46523577082327,NB
frame_da_267.47_267.6,44.71095496990712,0.0,-0.0381868389988716,393.5521596437528,342.3015769770917,51.250582666661046,7.588990595313191,3.9421568671295546,3.646833728183637,NB
frame_kaX_267.6_267.8,19.340575266958325,0.0,-0.038186838999307,392.8016448559033,336.42960148633847,56.37204336956484,130.80794383818193,65.1743311355718,65.63361270261012,NB
frame_tej_267.8_267.96,61.787757353006015,0.0,-0.7330096663528692,400.3336202316774,344.8384898974077,55.49513033426968,45.50478777819638,21.395743698005504,24.10904408019088,NB
frame_ra_267.96_268.04,56.68805183362869,0.0,-0.4211120603269112,398.1753658376915,349.245311808718,48.93005402897353,5.166591618181442,3.476989434204043,1.6896021839773994,NB
frame_dZi_268.04_268.15,26.72454606144205,0.0,-0.0406851762903181,379.1332766595614,331.0353706215373,48.097906038024064,122.46030233215252,61.65687991262919,60.80342241952331,NB
frame_tra_268.15_268.29,25.09569285145064,0.0,-0.2679419717958695,396.2531522319121,342.8831055847297,53.37004664718239,2.56502130863403,1.5839941968139897,0.9810271118200404,NB
frame_ba_268.29_268.5,12.814172974927772,0.0,0.1915682937976908,397.9759066304774,336.4644381832513,61.51146844722615,69.35320122074994,38.04386487865304,31.3093363420969,NB
frame_Lu_268.5_268.62,53.81138575254349,0.9499999999999886,0.1656060955075267,390.81001899952616,341.0761590991593,49.73385990036684,17.32868193198135,8.610284204597406,8.718397727383945,NB
frame_i_269.57_269.71,25.3075226039644,0.0,0.5393226969024638,402.0397242714552,348.5709788290246,53.46874544243053,8.477390769964884,6.046956134646962,2.4304346353179227,NB
frame_e~j~_269.71_269.82,21.64567873969088,0.0,-1.0481610286154388,406.523477656135,353.01758218353814,53.50589547259693,13.896233418950873,9.058506064072816,4.837727354878055,NB
frame_a~_269.82_269.92,37.542132019639865,0.0,0.5393883015549544,407.3600770097733,355.69407364812514,51.666003361648166,32.5121940944741,9.663761351396689,22.84843274307741,NB
frame_bus_269.92_270.09,18.469567133099176,0.0,0.16560609550681,397.7030117802125,341.0668227980879,56.63618898212462,58.6958608048856,40.28203035844568,18.41383044643992,NB
frame_ujs_270.09_270.21,35.55391198515524,0.0,-0.2126398075962141,395.4156924936705,342.807843357608,52.6078491360625,9.01507157480583,4.646879419177935,4.368192155627895,NB
frame_a_270.21_270.3,7.406694574979724,0.0,-0.1147718832643925,397.54858664021566,350.27415101220555,47.27443562801011,96.10807682036474,40.93679753849452,55.17127928187023,NB
frame_se~_270.3_270.46,52.81367576531002,0.0,-0.1776120120091585,397.9440467628792,343.3422739686226,54.60177279425659,40.83825218409742,15.826978955864789,25.011273228232632,NB
frame_ta_270.46_270.6,54.7032916858214,0.0,-0.2679419717954341,395.07429015440937,341.98376456865674,53.09052558575263,41.523058513539205,17.704791184936497,23.81826732860271,NB
frame_me~_270.6_270.71,18.6587705084288,0.0,-1.265798282768246,396.46629067450925,344.60043579658543,51.86585487792382,44.51687438752661,21.905945014946724,22.61092937257989,NB
frame_tus_270.71_270.81,36.09189920578865,0.0899999999999749,-0.464803742998947,394.2133708836392,345.13502771094375,49.07834317269544,14.329549741927307,6.860573460463883,7.468976281463426,NB
frame_du_270.9_270.96,38.900011268868354,0.0,-0.5908857106999551,393.0677616759187,347.64237495780736,45.425386718111326,100.00227500246946,72.1055256407289,27.89674936174056,NB
frame_li_270.96_271.02,67.65888231658901,0.0,-0.524025070617728,393.2050523988703,347.7725262927696,45.43252610610074,3.134571747261461,1.453727243416381,1.68084450384508,NB
frame_vru_271.02_271.14,0.592803262132378,0.0,-0.2126398075962141,400.6603983371136,349.5137117952642,51.14668654184936,88.80492488891001,28.503863689295343,60.301061199614665,NB
frame_dZi_271.14_271.23,10.395222886986147,0.0,-0.3306891128864344,390.928742857015,344.3265330525004,46.60220980451459,32.99604347659283,20.072358097280528,12.923685379312303,NB
frame_tra_271.23_271.44,74.84305388820529,0.0,-0.1147718832648278,395.880662022954,335.6972201890195,60.18344183393452,72.29366846490288,46.25613162212592,26.03753684277696,NB
frame_ba_271.44_271.6,73.15714154687612,0.0,-0.1913569275299133,395.82393600555247,339.21964165074417,56.6042943548083,14.55684909291584,7.087177018916549,7.469672073999291,NB
frame_Lu_271.6_271.66,86.91399989507613,0.0,-0.5908857106992385,384.8012725696734,341.5715574701992,43.22971509947416,0.8298173186284288,0.3096316781463457,0.520185640482083,NB
frame_na_271.66_271.76,78.11378983954616,0.0,-0.3445270160613903,388.13527019153247,339.56660341291166,48.56866677862081,3.875298195288608,1.1818956257974946,2.693402569491113,NB
frame_kaX_271.76_271.99,99.8500421427737,0.0,-0.038186838999307,394.44008954705765,332.9174581681709,61.52263137888673,2.0825828791803005,1.314926143840772,0.7676567353395285,NB
frame_tej_271.99_272.11,17.695726831550957,0.0,-0.9461738282389792,402.17225329087466,349.6379436890703,52.53430960180435,108.99258266657831,26.538046549856176,82.45453611672215,NB
frame_ra_272.11_272.18,27.196045995272076,0.0,-0.497697104592432,396.8989582518863,350.6056376792447,46.29332057264162,16.39730601063428,6.651216676440157,9.746089334194124,NB
frame_dZi_272.18_272.24,24.613237512327917,0.0,-0.5240250706171785,377.98442881125726,334.0204529273568,43.963975883900446,8.29250675687095,2.154274363465248,6.138232393405701,NB
frame_tra_272.24_272.38,72.20563353530642,0.0,-0.2679419717958695,391.380258622374,341.02983131749613,50.35042730487788,5.975696618589367,3.209613562266526,2.7660830563228416,NB
frame_ba_272.38_272.52,55.41117249454712,0.0,-0.2679419717958695,394.1486495804463,341.17820663933423,52.97044294111208,3.273203246829212,2.6953460169909533,0.5778572298382585,NB
frame_Lu_272.52_272.6,28.23551774166941,0.0399999999999636,-0.3387217752972222,380.36362058977454,335.73762758872806,44.62599300104648,2.4396459171690026,1.0174305246701465,1.422215392498856,NB
frame_de_272.64_272.74,17.857335142814506,0.0,-0.0935171806981744,401.11716684969406,349.9356188937601,51.18154795593398,13.60166328841126,7.751116222862379,5.850547065548881,NB
frame_ve~j~_272.74_272.89,14.754769849601502,0.0,-0.6128865203122986,394.7559521035619,341.5954660151324,53.16048608842959,18.115765335676315,5.853444471043304,12.262320864633011,NB
frame_ko~s_272.89_273.1,28.042586955442985,0.0,-0.1815075808322088,393.563000581356,336.25542296044745,57.30757762090849,87.9168648009423,39.762022306380814,48.154842494561485,NB
frame_taX_273.1_273.26,36.30892537810728,0.0,-0.3445270160613903,394.4769351290114,339.36913314394565,55.10780198506575,62.961950985002055,22.54162799020196,40.420322994800095,NB
frame_ajs_273.26_273.38,41.631343167543406,0.1000000000000227,-0.3445270160613903,389.1459947557012,338.74179510005644,50.40419965564473,6.171073818829171,2.9735849221300725,3.197488896699099,NB
frame_ko~_273.48_273.58,16.972759195613122,0.0,-0.74068621494729,394.34186146181,344.32759488906794,50.01426657274203,72.76477299972765,55.65670882828843,17.108064171439224,NB
frame_dZi_273.58_273.72,54.97987935844586,0.0,0.2493187603063476,386.3436162321256,335.0220168359034,51.3215993962221,20.47539609596899,11.747990624676149,8.72740547129284,NB
frame_so~j~s_273.72_273.88,91.27537597779234,0.6700000000000159,0.0,377.1130908822607,323.4948170970549,53.61827378520576,1.360099977064266,0.6398166486620624,0.7202833284022034,NB
frame_e~j~_274.55_274.67,46.466936586060825,0.0699999999999931,-1.0481610286166758,395.2406021293563,345.8238855120967,49.41671661725962,35.56404769435089,18.89919066542092,16.664857028929973,NB
frame_ki_274.74_274.81,95.33346353234693,0.0,-0.5240250706171785,394.1408801701132,347.8536185795712,46.28726159054207,51.5277648635664,24.29793807882253,27.22982678474387,NB
frame_e_274.81_274.84,32.92758587505256,0.0,-0.9461738282389792,381.5578578343858,339.73216578866965,41.82569204571615,0.789104051698331,0.5263433173882959,0.2627607343100351,NB
frame_li_274.84_274.94,90.0378048243837,0.0,-0.3306891128864344,387.9925444742007,338.673462842098,49.319081632102666,5.501773578831319,2.129696764859105,3.372076813972214,NB
frame_tra_274.94_275.1,50.319155279559,0.0,-0.3445270160613903,394.677165107366,338.2270754070703,56.45008970029573,91.72957933491617,25.632082196559796,66.09749713835637,NB
frame_ba_275.1_275.27,12.084300303844458,0.0,-0.038186838999307,395.14189084915824,338.93670620815084,56.205184641007406,82.08435017738955,34.917628227417424,47.16672194997213,NB
frame_La_275.27_275.36,0.0958699263633775,1.1100000000000136,-0.5742821488579529,389.3774949218039,341.77487847741247,47.6026164443914,13.458840696198507,9.779364252087134,3.6794764441113728,NB
frame_O_276.47_276.55,99.09077084343862,0.0,-0.8639822247795632,398.8066558935943,350.44560520427814,48.36105068931619,18.96559153650891,11.01138272946342,7.9542088070454895,NB
frame_ra_276.55_276.62,106.82584831774614,0.0,-0.497697104592432,391.452256914723,345.82560236945176,45.62665454527127,1.289039694842586,0.5577443673826394,0.7312953274599465,NB
frame_dZi_276.62_276.68,2.5851582532833106,0.0600000000000022,-0.5240250706171785,377.97997924798506,333.3718362960045,44.60814295198054,6.351834012809775,2.014898516171371,4.336935496638404,NB
frame_tra_276.74_276.88,5.474617790367631,0.0,-0.3445270160613903,394.7742830487716,342.0930082607313,52.68127478804024,4.561244389631611,1.3032240027711737,3.258020386860437,NB
frame_ba_276.88_277.12,11.794620948188395,0.0,0.4979084708602095,398.47883341239526,335.24939188598466,63.22944152641065,77.6306618607625,14.253387420999246,63.37727443976325,NB
frame_Lu_277.12_277.21,3.654861458057184,0.9500000000000456,-0.3387217752979389,384.88252613334566,340.62398625208414,44.25853988126147,7.958949633361698,5.206110836061413,2.752838797300285,NB
frame_sa_278.16_278.27,18.72687793121568,0.0,-0.3445270160613903,400.090534059421,347.408546981748,52.681987077673,3.985115010636548,1.6353120967053345,2.3498029139312138,NB
frame_la_278.27_278.53,2.476716891617784,0.0,0.5744935151252951,399.6185184200276,333.3423305136556,66.276187906372,19.534835696813275,5.966820248565483,13.568015448247792,NB
frame_riu_278.53_278.72,4.159845070903387,0.8599999999999568,-0.3306891128864344,392.5818475692819,335.71171190960933,56.87013565967254,10.061882766172772,5.344979065529174,4.716903700643599,NB
frame_a_279.58_279.67,33.63459301246081,0.0,-0.1147718832643925,389.1967137408128,341.7050884788294,47.49162526198336,16.46543974181762,6.861053067460318,9.6043866743573,NB
frame_se~_279.67_279.83,52.27827602306871,0.0,-0.1776120120091585,397.5309559917188,343.0878903475629,54.44306564415592,50.66313226746859,19.01038795652248,31.65274431094611,NB
frame_ta_279.83_279.96,41.89633710162914,0.0,-0.4211120603273465,396.1085589944829,343.9390117163484,52.16954727813453,6.067292492744244,2.440034367663884,3.62725812508036,NB
frame_me~_279.96_280.09,40.77847996293048,0.0,-0.1776120120091585,396.8088758734393,343.48223407581645,53.32664179762287,6.198946850109351,2.5928524496921312,3.60609440041722,NB
frame_tu_280.09_280.21,25.23557126415234,0.0,-0.464803742998947,391.7936020610667,340.5480210516447,51.24558100942198,130.85912029866182,71.93256841444877,58.92655188421304,NB
frame_dZi_280.21_280.29,54.547922438353,0.0,-0.3306891128864344,392.1027855295296,345.390703378802,46.712082150727554,1.9894940019969736,0.6270607692290042,1.3624332327679696,NB
frame_fE_280.29_280.48,60.14462732443411,0.0,-0.266684194865337,397.81420527276856,339.9429345771415,57.87127069562706,46.46145400857198,21.869113344415357,24.592340664156623,NB
frame_rias_280.48_280.67,40.31718113798972,0.0,-0.5240250706171785,396.3541152535437,338.96433413099766,57.389781122546026,8.2164305206189,3.310011683926632,4.906418836692268,NB
frame_pa_280.67_280.93,42.19811448116863,0.0,0.4979084708602095,397.8446530915662,331.6470278927999,66.19762519876633,56.1078790851023,12.79506781812016,43.31281126698214,NB
frame_gas_280.93_281.09,55.119405748695456,0.1100000000000136,-0.2679419717958695,389.126261742545,336.273149383166,52.853112359379054,46.077994136707645,13.231381137402709,32.84661299930494,NB
frame_e~j~_281.2_281.28,23.903066979385784,0.0,-1.265798282767009,404.5802789881433,355.4611835439298,49.119095444213485,54.94919745664421,22.40176264790037,32.547434808743844,NB
frame_su~_281.28_281.51,29.78779136920167,0.0,-0.3173804185990078,398.9581276920711,337.1623957696891,61.795731922382,141.4866664346723,61.95199323430907,79.53467320036322,NB
frame_ma_281.51_281.66,42.52136149655024,0.0,-0.4211120603269112,392.16831726028215,337.2274021294396,54.94091513084254,47.58956029633475,30.39712584462754,17.192434451707214,NB
frame_to_281.66_281.82,50.27071191690538,0.0,-0.5372457439385123,398.43528225767386,343.20607363146576,55.229208626208106,141.86518491138472,81.9635904796514,59.90159443173332,NB
frame_das_281.82_281.99,1.4428190492733108,0.0,-0.497697104592432,392.77942992417206,337.0179520397817,55.76147788439039,15.187349897136045,10.339705519261004,4.847644377875042,NB
frame_ajs_281.99_282.14,19.686330747156347,0.0,-0.1147718832648278,399.5038917104268,345.72753912793735,53.77635258248944,37.85523459980072,19.418233749150065,18.437000850650666,NB
frame_ga_282.14_282.23,34.393577994581875,0.0,-0.497697104592432,399.68783685095553,350.37859304203613,49.309243808919405,11.440722913664615,6.133532024643699,5.307190889020916,NB
frame_ra~_282.23_282.34,62.863922861945326,0.0,-0.1182964283090353,394.6350793043367,344.4016957315619,50.23338357277481,33.011843073152775,15.937848250005388,17.073994823147387,NB
frame_tSi_282.34_282.64,72.70867093469307,0.0,0.732658654633208,391.8694291216922,322.7014620407441,69.16796708094813,106.07867281737558,68.4710767903296,37.60759602704598,NB
frame_as_282.64_282.71,4.356172450258043,0.6200000000000045,-0.497697104592432,387.92378904025577,342.7360315140971,45.18775752615869,12.80272341373393,6.466959957218307,6.335763456515622,NB
frame_ki_283.33_283.41,6.979801369810502,0.0,-0.4273570917518064,401.6240550216667,352.9927114725126,48.63134354915411,2.794994295425454,1.5707793270889567,1.2242149683364971,NB
frame_a_283.41_283.44,8.350253254607935,0.0,-0.5742821488583882,388.2100727467785,345.8762798769592,42.33379286981932,3.1028480894841834,1.1646667200874106,1.9381813693967729,NB
frame_le_283.44_283.56,8.76679598585848,0.0,-0.519845504467971,400.3375455541005,347.6398914426656,52.69765411143493,10.840543958810244,5.867091335508732,4.973452623301512,NB
frame_Zis_283.56_283.7,13.805560385309306,0.0,-0.5240250706171785,394.48477036109904,342.1919557955274,52.29281456557163,7.587621247818404,2.4686662577458804,5.118954990072524,NB
frame_la_283.7_283.8,32.29887656344512,0.0,-0.2679419717958695,396.5394841869741,347.21372259961424,49.32576158735981,11.023254509541829,6.415002719982894,4.608251789558935,NB
frame_sa~w~_283.8_283.97,31.77430353663837,0.0,-0.7759811581717789,395.3472223544471,339.3104152808798,56.03680707356733,65.87928025012982,19.088838783900144,46.79044146622967,NB
frame_tra_283.97_284.12,32.85858852533873,0.0,-0.1913569275303487,396.6881241688535,342.1442067032339,54.54391746561959,62.41171391791918,19.1372081661348,43.27450575178438,NB
frame_ba_284.12_284.23,31.0318702975851,0.0,-0.3445270160613903,396.17639144605545,344.5960545879906,51.58033685806487,6.673796886106402,2.2882180024121226,4.385578883694279,NB
frame_Lis_284.23_284.4,20.72813908908228,0.0,0.0559828025756034,393.5196618175863,338.85112449003105,54.66853732755527,17.597578462159973,6.297434205879142,11.30014425628083,NB
frame_ta_284.4_284.53,39.5532810777534,0.0,-0.5742821488583882,393.61826167221614,341.916371790424,51.70188988179217,83.17597351607446,45.32118890089161,37.85478461518285,NB
frame_e_284.53_284.6,12.950584100270362,0.0,-0.0935171806969627,395.4499245647161,349.61601484686463,45.8339097178515,19.807819535262112,10.561677201682755,9.246142333579357,NB
frame_zi_284.6_284.85,46.63251822774251,0.0,0.8293266334991296,394.66433932603786,330.412678081684,64.25166124435384,21.15865215864558,8.615169782887705,12.543482375757876,NB
frame_Zi_284.85_285.03,74.81346275339845,1.0100000000000475,0.635990675767836,384.58609130281127,328.5026225843767,56.083468718434574,2.72507776586054,1.3472164283310306,1.3778613375295097,TB
frame_si_286.04_286.19,24.261017048140214,0.0,-0.2340211340210622,404.6522800170629,348.8193641305669,55.832915886495925,239.13928163047103,113.5033737804146,125.63590785005644,NB
frame_e_286.19_286.23,93.55691923080984,0.0,-0.7330096663528692,394.2488178684987,351.3091576652735,42.93966020322517,2.467394242779733,1.3114947756649258,1.155899467114807,NB
frame_li_286.23_286.33,108.97047400564512,0.0,-0.4273570917523559,406.6111497391547,355.35542594162627,51.25572379752845,58.080025574938304,24.57013503309446,33.509890541843845,NB
frame_ve~j~_286.33_286.56,23.592434015679743,0.0,-0.6128865203122986,408.526132581322,343.53564625013524,64.99048633118673,73.2263302446415,34.15944671716204,39.06688352747946,NB
frame_a_286.56_286.66,102.67858085539396,0.079999999999984,-0.0381868389988716,396.6663025936079,348.1622670763966,48.50403551721132,14.689483910270695,8.57207860688554,6.117405303385155,NB
frame_seX_286.74_286.98,65.22178525316448,0.0,2.038124438153232,398.0937958436323,336.74561546629656,61.34818037733572,29.793207398312177,16.27371789137119,13.519489506940984,NB
frame_des_286.98_287.15,77.48040165483692,0.0,-0.7330096663528692,389.7254718541803,334.61470830619163,55.110763547988654,41.00277851029814,17.54998956276563,23.45278894753251,NB
frame_pe_287.15_287.27,91.28915738479829,0.0,-0.5198455044691827,392.0610824419765,341.3758097686608,50.68527267331575,20.67055972637288,10.99346014354559,9.677099582827289,NB
frame_dZi_287.27_287.54,7.4273576142306865,0.0,0.5393226969030134,396.2189184496825,329.31368479535183,66.90523365433069,168.45514407292757,59.85829454391131,108.59684952901624,NB
frame_du_287.54_287.67,77.40155977727991,1.759999999999991,0.2916880632085348,388.9427005601137,337.6966523705333,51.24604818958039,8.138870507345473,3.770386494518832,4.368484012826642,NB
frame_dZi_289.43_289.55,26.390995381438017,0.0,-0.0406851762903181,402.3464880008016,349.9257400633245,52.42074793747702,38.77657722796857,10.766366469900872,28.0102107580677,NB
frame_du_289.55_289.73,68.69591675657031,0.0,0.6699339663115591,401.8246777313652,343.1900218464599,58.63465588490533,95.14615548828382,29.963413696395666,65.18274179188816,NB
frame_as_289.73_289.89,9.281453499936871,0.0,0.0383982052662138,402.7065127758135,348.4758722668238,54.23064050898972,102.289233785651,49.54147578598315,52.74775799966784,NB
frame_u~_289.89_290.02,59.35011368103649,0.0,-0.0339006708632599,401.1859969492548,348.1101344817156,53.0758624675392,19.40982731932276,9.74118427250005,9.668643046822709,NB
frame_ma_290.02_290.18,86.72162845415279,0.8999999999999773,-0.2679419717958695,389.98710981295307,335.9321839045934,54.05492590835968,7.899122874907263,3.4624286443025767,4.436694230604687,NB
frame_ow_291.08_291.4,32.05253144018954,0.1000000000000227,0.9424144380736498,408.7707738148661,337.5270888913301,71.24368492353602,299.5996736513586,207.2124487104212,92.3872249409374,NB
frame_u_291.5_291.58,10.83727205983547,0.0,0.0395241278058019,398.8452281276933,351.9412520306897,46.90397609700358,4.8030574325159705,3.650768311913055,1.1522891206029158,NB
frame_pa_291.58_291.75,23.807778359633403,0.0,-0.2679419717958695,400.70675184378575,343.2793685728526,57.42738327093315,27.996155156991307,13.200562306420892,14.795592850570417,NB
frame_tra~w~_291.75_292.08,85.32255678127191,1.410000000000025,-0.1182964283090353,399.486023410374,326.8440437699595,72.64197964041443,51.69329146728808,26.47318296286346,25.220108504424616,NB
frame_ko~_293.49_293.68,33.38456746023897,0.0,0.377671053283667,406.5986703300164,346.11956388023225,60.47910644978418,51.38116260078391,18.72968325622179,32.65147934456212,NB
frame_pro_293.68_294.07,33.88525116429294,0.0,1.9781765654818264,402.6633802492608,323.8521150371341,78.81126521212661,98.0536849306558,63.71753627870932,34.33614865194649,NB
frame_va_294.07_294.35,78.76817946959063,0.9099999999999682,0.8808336921882491,393.6535999232594,326.6566719248299,66.99692799842956,32.84602187556652,14.6150422083913,18.23097966717522,NB
frame_kaw_295.26_295.52,33.226915495316604,0.0,-0.497697104592432,401.240030697615,334.86506940409123,66.37496129352377,58.72969959745102,26.639487450521813,32.090212146929204,NB
frame_za_295.52_295.68,56.19148878679528,0.0,-0.1147718832643925,399.6415743973123,343.1451864062118,56.496387991100505,52.84570518852988,11.146977939633018,41.69872724889686,NB
frame_Zus_295.68_295.97,4.920018311852772,0.0,0.4177700309095429,398.1204392428106,330.9710651226584,67.14937412015229,157.1467954333779,56.17424015446315,100.97255527891474,NB
frame_ta_295.97_296.14,63.46598002938347,1.2700000000000389,-0.2679419717958695,389.4610326863711,334.062700489925,55.39833219644606,80.7842703946643,47.32516489658048,33.45910549808384,NB
frame_ki_297.41_297.54,34.80795161511925,0.0,0.0559828025756034,401.7912790329987,347.0385740790534,54.75270495394534,6.06185497704945,3.4995397771758405,2.562315199873609,NB
frame_E_297.54_297.7,15.352371201802567,0.0,0.1684648410454987,403.8534263890913,346.5862683813741,57.26715800771717,24.42888725097457,8.516249803476882,15.912637447497689,NB
frame_u~_297.7_297.77,17.45805037131109,0.0,-0.3740763681460929,396.2514784432316,349.110531216038,47.14094722719358,5.84144549879754,3.716602019291315,2.124843479506225,NB
frame_ma_297.77_297.93,26.254288274879457,0.1100000000000136,-0.2679419717958695,395.0003795888917,341.10788632374806,53.89249326514363,27.35786247129424,13.66432024567031,13.69354222562393,NB
frame_si_298.04_298.1,99.09191115158568,0.0,-0.5240250706171785,375.2179642553711,331.9921211464353,43.22584310893575,0.0949708586330189,0.0428427969812901,0.0521280616517287,NB
frame_tu_298.1_298.16,21.30776197944354,0.0,-0.5908857106992385,398.3298692289008,351.6957957210937,46.6340735078071,82.47452908165774,43.77766024055165,38.69686884110608,NB
frame_a_298.16_298.22,69.15044398717097,0.0,-0.3445270160613903,392.33895314297655,348.1293589965563,44.20959414642027,17.59713044892709,9.748167815017084,7.848962633910006,NB
frame_sa~w~_298.22_298.45,72.7927865304664,0.0,-0.7759811581717789,397.8484275077358,334.98527881552434,62.86314869221144,52.01365977028959,23.938755742268924,28.07490402802067,NB
frame_pre_298.45_298.63,77.92938103640455,0.0,0.1196469811867238,397.357448113429,340.3534396091277,57.00400850430128,35.10350522309053,10.811009279217927,24.2924959438726,NB
frame_vis_298.63_298.85,46.28197053890733,0.0,-0.0406851762903181,399.20517380561927,339.504436492214,59.70073731340528,79.32119981687325,24.10581766303636,55.21538215383689,NB
frame_ta_298.85_298.95,99.1586549299046,0.0,-0.4976971045928673,392.1116613794219,341.916907685791,50.1947536936309,0.964611482583912,0.6122376822230393,0.3523738003608727,NB
frame_na_298.95_299.05,68.12636538507985,0.0,-0.5742821488579529,389.0797814311514,339.47334765826025,49.60643377289114,2.044453733487231,0.9175011022706484,1.1269526312165823,NB
frame_le_299.05_299.14,70.80876134884596,0.0,-0.3066813425830727,394.6653166052876,345.34714726196773,49.31816934331982,3.6581736788350696,1.4766316089792184,2.181542069855851,NB
frame_Zis_299.14_299.24,77.90947781555965,0.0,-0.524025070617728,381.8777267179924,334.5404098596747,47.33731685831759,33.322590202540184,21.841542494443928,11.481047708096256,NB
frame_la_299.24_299.36,76.68194029017543,0.0,-0.1147718832643925,390.45271517253695,339.8994590673517,50.553256105185255,13.548929643619315,9.236443347043291,4.312486296576026,NB
frame_sa~w~_299.36_299.53,93.13986461047344,0.0,-0.9952094014606064,392.44675139230816,335.4201863681887,57.02656502411946,27.88930062340674,20.031135882086545,7.858164741320195,NB
frame_du_299.53_299.59,81.10182878566042,0.0,-0.5908857106999551,383.7054183687084,340.43832418735576,43.26709418135261,0.8859151173823534,0.6814965864433447,0.2044185309390087,NB
frame_tra_299.59_299.78,80.01563439694554,0.0,-0.1913569275303487,395.69640286911454,337.2957724838157,58.400630385298825,33.666918342503465,13.719169453268664,19.9477488892348,NB
frame_ba_299.78_299.95,10.804821175129774,0.0,0.0383982052666491,400.1344108093607,342.50922313691694,57.62518767244376,17.55585521260005,8.575494960421906,8.980360252178144,NB
frame_Lu_299.95_300.02,85.5847727325186,0.6400000000000432,-0.464803742998947,381.7303071343533,336.7702243595435,44.96008277480985,1.4811387964866611,0.6166858572152449,0.8644529392714162,NB
frame_ko~_300.66_300.82,9.34295847625313,0.0,-0.0417129223034385,402.2512540498303,346.3013636381874,55.94989041164291,44.46553343806028,17.74130238714676,26.72423105091352,NB
frame_pro_300.82_301.16,39.36736552992369,0.0,1.3863124926767938,399.9838513651653,327.2388178116288,72.74503355353653,77.62283025204424,27.3239994645202,50.29883078752404,NB
frame_va_301.16_301.29,62.36225328632386,0.9099999999999682,-0.3445270160613903,380.4315325356325,331.2241658325721,49.207366703060416,8.300136704100154,6.239417004621814,2.0607196994783408,NB
frame_kaw_302.2_302.47,5.532869038558118,0.0,-0.4211120603269112,405.4102157964834,336.9259378786185,68.48427791786492,29.245512277114585,11.930868837117288,17.314643439997297,NB
frame_za_302.47_302.66,9.6522516094783,0.0,0.0383982052666491,401.9652039858676,342.44328193605986,59.52192204980776,21.42698721810325,7.92979268022529,13.49719453787796,NB
frame_Zus_302.66_303.0,32.7259946777358,0.0,1.0481798694153,397.355915990564,325.44449482226776,71.91142116829622,120.01637663659804,65.3755616671522,54.64081496944583,NB
frame_ta_303.0_303.18,80.67523843151741,0.4599999999999795,-0.1913569275303487,386.4310645049934,331.706045600512,54.72501890448143,13.877390253669049,7.85981334171305,6.017576911955999,NB
frame_pa_303.64_303.88,9.457448161583685,0.0,0.5744935151257304,396.84989719892735,333.40489096169125,63.4450062372361,14.630561888090426,6.768909227679188,7.861652660411238,NB
frame_ra_303.88_304.04,27.86296707145289,0.0999999999999659,0.1915682937976908,392.83445295895854,338.89453827353793,53.93991468542061,15.698471525483612,8.324510545441626,7.373960980041986,NB
frame_a_304.14_304.64,17.723292477345765,0.1899999999999977,3.025214931624574,389.9048496692986,300.9042090292411,89.00064064005747,26.805146763275918,19.561582932983,7.2435638302929135,NB
frame_a_304.83_304.9,68.13784255405436,0.0,-0.2679419717958695,390.8405817952376,344.2715538343795,46.56902796085802,7.582315138498473,4.748824233852787,2.8334909046456858,NB
frame_de_304.9_305.05,80.89988266852782,0.0,-0.0935171806981744,397.4859152650157,343.7113160129501,53.77459925206563,41.860639233236505,14.843869758465146,27.01676947477136,NB
frame_mi_305.05_305.2,29.890766050267278,0.0,0.3459867391717197,397.52191212673904,343.30756637570045,54.21434575103859,49.68291505711137,14.042810132058634,35.64010492505274,NB
frame_sa~w~_305.2_305.42,14.135077977890802,1.2699999999999818,-0.5567529148841978,399.9966698101831,340.247305282893,59.74936452729003,35.8794128156149,18.430625846181755,17.448786969433144,NB
frame_i_306.69_306.84,21.81801646459769,0.0,0.635990675767836,404.1196962325548,348.2634527038976,55.85624352865722,7.954259697654649,5.58180081158207,2.372458886072579,NB
frame_e~_306.84_306.94,11.575272396568463,0.0,0.2576624962952186,406.2803619190214,354.7268500103494,51.55351190867208,5.109015553599534,2.0570064246993383,3.0520091289001954,NB
frame_ta~w~_306.94_307.31,8.333060935995917,1.2900000000000205,0.5393883015537083,403.6818270945797,326.70033689924776,76.98149019533196,79.95224640733582,47.70981295858387,32.24243344875195,NB
frame_a_308.6_308.66,35.33950915239116,0.0,-0.3445270160613903,394.93882585064,351.4833158786602,43.45550997197972,51.31607416953162,15.98298061891407,35.33309355061755,NB
frame_ve_308.66_308.81,20.54537516381771,0.0,0.3328111430716221,403.001344342316,348.0187866870319,54.9825576552841,4.333805507132496,2.197952529774838,2.135852977357658,NB
frame_ra_308.81_308.92,13.081830124143792,0.0,-0.1913569275299133,399.6512392445665,349.210348356204,50.4408908883625,11.155880471579607,6.160369631915188,4.995510839664419,NB
frame_u~_308.92_309.07,15.227768794328554,0.0,0.0794912282309103,400.2319786620832,344.542236481778,55.689742180305245,10.19490029002094,6.583019481818042,3.6118808082028977,NB
frame_a_309.07_309.17,30.888540189271936,0.0,-0.0381868389988716,395.5707214116879,346.7445833877124,48.82613802397549,13.482511625938784,5.6424293263545735,7.84008229958421,NB
frame_koR_309.17_309.45,20.420548863623623,0.0,0.2025843470675687,407.7323510838478,337.4791785916985,70.2531724921493,63.54248587382331,26.63522937524482,36.90725649857849,NB
frame_du_309.45_309.67,44.39700686928718,0.3199999999999932,1.4264257725183245,391.6753779397813,331.76749442581445,59.90788351396685,14.425215356687149,7.231259752064446,7.193955604622701,NB
frame_ko~_309.99_310.12,50.36906824624468,0.0,-0.0417129223026438,396.588000068087,344.34366237558004,52.24433769250692,21.64423940296608,10.128711474228568,11.515527928737512,NB
frame_Re_310.12_310.25,39.43274414867871,0.0,-0.519845504467971,402.6287729555648,349.5719668801113,53.05680607545355,15.507554878051494,4.884505752970398,10.623049125081096,NB
frame_fe_310.25_310.43,56.62864716167124,0.0,0.1196469811867238,403.4883520611287,344.13787559295224,59.35047646817651,53.4164195705648,21.54949738475229,31.866922185812516,NB
frame_re~_310.43_310.61,42.22577061942059,0.0,1.128211512901499,403.41595728853866,344.17007248534924,59.24588480318943,14.327586875071772,5.037083232708881,9.290503642362893,NB
frame_sia_310.61_311.0,68.275702768483,0.75,-0.4273570917518064,398.1912702674362,321.0002225167239,77.1910477507123,42.71156369218327,22.997801207977247,19.713762484206026,NB
frame_a_311.75_311.89,21.97638537620864,0.0,0.2681533380632117,393.72615643435694,341.7779012035099,51.94825523084705,6.887838396255162,3.8516379821150935,3.036200414140069,NB
frame_ki_311.89_312.26,28.740760557629315,0.0,1.215998548960618,401.6939749828381,322.7773262564141,78.91664872642406,60.94763949412811,23.81171495818984,37.13592453593827,NB
frame_lu_312.26_312.57,0.7063788746588955,1.1800000000000068,2.561163481828113,401.7952659079217,331.3922227628349,70.40304314508677,10.780667593008232,7.377244172947357,3.403423420060875,NB
frame_a_313.75_313.93,25.720714385089224,0.0,0.5744935151257304,391.9614716990712,335.54691190912547,56.41455978994571,10.040493737017712,6.240360510456625,3.800133226561087,NB
frame_ki_313.93_314.29,30.363120775122724,0.0,1.1193305700957954,401.08441886860487,323.1392870748058,77.94513179379908,53.81009667480659,23.52985934382977,30.280237330976817,NB
frame_lu_314.29_314.54,12.325702966060277,0.1399999999999863,1.804671675622065,399.4762675091321,333.6606719034939,65.81559560563824,30.660325868783502,7.328173454821481,23.33215241396202,NB
frame_ki_314.68_315.4,125.5902404440359,0.0,5.759393555636952,396.4600701938397,284.78061979093866,111.67945040290108,27.66070203597863,15.610584438797304,12.050117597181329,NB
frame_u_315.4_315.43,21.2524718315598,0.8899999999999864,-0.5908857106992385,364.2125203044743,323.66805870465055,40.54446159982382,17.260137555087965,10.96112626214608,6.299011292941884,NB
frame_tra_316.32_316.49,83.83885753012977,0.0,-0.1913569275303487,402.3806987163397,344.98654935706656,57.39414935927312,37.66426051702848,9.863050833029192,27.80120968399928,NB
frame_ba_316.49_316.59,69.83236328579326,0.0,-0.4976971045928673,402.66692144348207,352.4069559491326,50.25996549434944,9.200587064524314,5.090870020467364,4.10971704405695,NB
frame_La_316.59_316.69,74.85648671602684,0.0,-0.2679419717958695,400.7660794819517,349.92587637472093,50.84020310723071,3.68780426702962,1.794244079475931,1.893560187553689,NB
frame_doX_316.69_316.89,71.64406022489828,0.0,0.3505503652686166,401.8444718943498,342.88556865506894,58.95890323928086,13.144386776440244,7.562101998884245,5.582284777555998,NB
frame_ne_316.89_316.99,76.86441447152566,0.0,-0.7330096663528692,396.1207472260455,347.0685816399365,49.05216558610891,12.01255679473242,4.169641436861411,7.842915357871007,NB
frame_si_316.99_317.05,98.9093240565902,0.0999999999999659,-0.5240250706171785,383.2260634384183,338.75669839398887,44.46936504442942,35.240326946972104,18.587078599557717,16.65324834741439,NB
frame_ka_317.15_317.31,93.30779724217602,0.0,-0.0381868389988716,398.3185828159613,342.2837133565281,56.0348694594332,34.81086733849898,7.010905597859789,27.79996174063919,NB
frame_zu_317.31_317.37,120.7828976736703,0.0400000000000204,-0.5908857106992385,376.4850034860849,332.4144132163866,44.07059026969824,2.3796069322833944,1.0434435869732963,1.3361633453100978,NB
frame_te~j~_317.41_317.55,78.66096248961706,0.0,-0.8305237744638687,399.8379482723997,345.869604522598,53.96834374980165,16.41396575939376,8.62250059712295,7.791465162270811,NB
frame_dZi_317.55_317.62,91.59623506149822,0.0,-0.4273570917518064,393.8038229148812,346.51826462229434,47.28555829258687,4.091888724824713,2.634904904051851,1.4569838207728625,NB
frame_rej_317.62_317.76,81.80550827868178,0.0,0.1196469811879355,395.3781606674653,346.13592144980373,49.24223921766151,9.060416376121635,4.021738904993882,5.038677471127755,NB
frame_tu_317.76_317.83,2.0533483991683,0.0,-0.5908857106999551,382.7254443849856,338.8671350890328,43.85830929595284,16.908456612055886,6.492756617278076,10.41569999477781,NB
frame_a_317.83_317.91,100.37649660169522,0.0,-0.1913569275299133,389.064665756705,341.84355965718,47.22110609952506,9.608589166122186,5.932989184329216,3.6755999817929705,NB
frame_Re_317.91_317.97,87.95300285718933,0.0,-0.9461738282377676,389.7810185175799,345.36751953270624,44.41349898487363,0.742207240660619,0.1735502100449935,0.5686570306156256,NB
frame_se_317.97_318.12,104.13205679510654,0.0,-0.3066813425830727,397.28454529689344,342.50455289547614,54.7799924014173,28.564004330712955,16.538369723649595,12.02563460706336,NB
frame_beX_318.12_318.33,91.38929295029402,1.2900000000000205,1.185467790612427,398.2103986748052,339.0788770931809,59.13152158162427,18.92825781657156,9.30697255236204,9.62128526420952,NB
frame_ow_319.62_319.93,31.79891500030664,0.25,-0.5372457439385123,408.3649401461951,338.28064241602976,70.0842977301653,153.5120996616045,79.74705829027508,73.76504137132942,NB
frame_si_320.18_320.27,12.27933949851638,0.0,-0.3306891128869838,400.7978701114167,352.39818390198,48.39968620943671,7.1016661806328045,2.8561751291672124,4.245491051465592,NB
frame_na~w~_320.27_320.41,51.4730866424741,0.0,-0.9952094014606064,397.2686818031689,344.8168009486889,52.45188085448001,49.30241968518294,18.74311721446324,30.5593024707197,NB
frame_si_320.41_320.54,26.97833975481187,0.0,-0.3306891128864344,396.3471659933907,344.7379940651334,51.6091719282573,128.6358534135624,60.16849237139259,68.4673610421698,NB
frame_ko~_320.54_320.7,17.571659442731516,0.0,-0.1815075808322088,402.288505084401,345.9889102216917,56.29959486270928,64.2579011614315,32.03975960026992,32.21814156116159,NB
frame_pro_320.7_320.97,38.05606209385651,0.0,0.3505503652686166,402.2272402661696,334.1545308340437,68.07270943212586,13.625640397893449,4.511977933855533,9.113662464037915,NB
frame_va_320.97_321.05,59.25511123865573,0.0,-0.5742821488579529,393.2107955629135,346.9196052257642,46.29119033714926,4.509720960274038,1.7453463398066305,2.764374620467408,NB
frame_a_321.05_321.11,73.10701273240507,0.0600000000000022,-0.3445270160613903,387.7910015080878,342.6655569708128,45.12544453727497,1.1523497236705111,0.6707355876900891,0.481614135980422,NB
frame_kaw_321.17_321.36,92.94566341732096,0.0,-0.497697104592432,390.6063098783599,333.099891480963,57.50641839739694,3.801296969181706,1.689456925202208,2.111840043979498,NB
frame_za_321.36_321.5,90.97719031030444,0.0,0.0383982052666491,386.6266646262516,335.7353296934256,50.89133493282594,8.927359164868648,5.007384434127815,3.919974730740833,NB
frame_Zus_321.5_321.83,47.814380462553785,0.0,1.5525077402193324,399.1821040986633,327.9952388544363,71.18686524422696,172.05985516092107,103.3198231733564,68.74003198756466,NB
frame_ta_321.83_321.95,111.52986440353332,1.410000000000025,-0.3445270160613903,386.70109571200805,335.7967473640461,50.90434834796196,7.394121151224745,3.263792090172373,4.130329061052372,NB
frame_u_323.36_323.48,37.864472744274565,0.0,0.543851998610551,399.5117263099254,348.92226275747515,50.58946355245024,92.93108440802666,29.36688270822853,63.56420169979814,NB
frame_tra_323.48_323.64,60.78891004499695,0.0,-0.2679419717958695,401.5989062960364,345.9585548853117,55.64035141072475,24.66497122053738,11.3637206312456,13.301250589291785,NB
frame_ba_323.64_323.76,50.527281887722864,0.0,-0.2679419717958695,399.589883677859,348.0770411576588,51.5128425202002,14.405231741347563,5.481027982261338,8.924203759086225,NB
frame_La_323.76_323.9,4.296869120252637,0.0,-0.038186838999307,400.4713539646782,348.7660450749481,51.70530888973008,52.57319444349778,25.712774900219443,26.86041954327834,NB
frame_doX_323.9_324.22,44.179933575493166,0.0,1.9781765654818264,403.4182815525441,332.5804283462016,70.83785320634252,42.68648693539221,17.239614624059655,25.446872311332555,NB
frame_dZis_324.22_324.39,52.65347530659439,0.0,-0.2340211340210622,394.8177670488353,339.10580379774785,55.71196325108747,5.268798868647096,1.88562638843473,3.383172480212366,NB
frame_pe~_324.39_324.52,77.52942060384994,0.0,-0.8305237744651058,388.8397469194721,338.4466918249743,50.39305509449781,41.09476979929098,21.617144244580487,19.47762555471049,NB
frame_sa_324.52_324.92,62.31411061807002,0.0,0.95741873645377,393.3521451099591,314.7152184648609,78.63692664509813,114.13937799548444,78.72764721452775,35.41173078095668,NB
frame_du_324.92_325.02,94.6204643065622,1.0400000000000205,-0.3387217752979389,382.0708843239585,334.15533484531494,47.915549478643584,0.7109745846501028,0.3955496611576521,0.3154249234924506,NB
frame_Re_326.06_326.28,4.7560188790614575,0.0,0.1196469811867238,402.3171603026341,339.92982157912337,62.38733872351071,38.18253750776921,13.443803684660878,24.738733823108333,NB
frame_ko_326.28_326.76,15.790503988766588,0.0,3.7537687838952434,406.2073585314841,316.3530956086901,89.85426292279396,105.53710895760376,41.684465744317,63.852643213286754,NB
frame_Ri_326.76_326.84,80.38831627398625,0.0,-0.524025070617728,378.878964448356,332.772183643072,46.106780805283904,1.80617247580922,0.4110574789193322,1.3951149968898875,NB
frame_a_326.84_326.97,0.7482487363266443,0.0,0.1915682937981262,397.1649368010658,345.2197505993257,51.945186201740114,14.58077764382864,6.559048986071446,8.021728657757194,NB
frame_Zus_326.97_327.14,39.65570203266037,0.0,0.4177700309095429,390.9435634409643,335.7229305549922,55.22063288597207,70.37539272632614,27.811158301874187,42.56423442445196,NB
frame_tSi_327.14_327.29,9.002727450961174,0.0,0.0559828025756034,399.227864329374,345.7943323760817,53.433531953292345,93.89165465458126,21.53648703092273,72.35516762365853,NB
frame_sa_327.29_327.37,0.113139255038078,0.0,-0.5742821488579529,397.76084147096543,351.0601951668946,46.70064630407086,3.0619561125852783,1.9012077633627769,1.1607483492225017,NB
frame_du_327.37_327.47,9.400506462251483,0.0,-0.0865578398944894,395.058271621191,345.5640415510375,49.49423007015349,14.675578202398938,6.396894606623505,8.278683595775433,NB
frame_tra_327.47_327.64,7.280019045268631,0.0,-0.1913569275303487,396.9339235726581,339.851493946241,57.082429626417024,10.252630825438471,3.7965600909123793,6.456070734526094,NB
frame_ba_327.64_327.83,44.24414506612665,0.0,0.2681533380632117,396.340724633444,337.22546857882435,59.11525605461958,10.103506999374249,7.399680137884914,2.7038268614893326,NB
frame_Lu_327.83_327.91,55.87314529981506,0.0600000000000022,-0.3387217752972222,383.29695073645286,337.41773016691474,45.87922056953812,4.197296452290559,2.0518390262612485,2.14545742602931,NB
frame_fa_327.97_328.1,24.938287807779915,0.0,-0.2679419717954341,393.2982616944555,343.1125327760791,50.18572891837641,11.924890821709027,5.1075092310585575,6.81738159065047,NB
frame_ze~_328.1_328.25,4.477495814259441,0.0,-0.1776120120091585,397.218366175406,343.1942665139912,54.02409966141482,10.46709431531886,3.435296879441779,7.031797435877081,NB
frame_du_328.25_328.32,4.427045554697216,0.0,-0.4648037429982303,393.02970962849,346.5198952345441,46.509814393945874,4.863060848123581,2.6794493932678307,2.1836114548557504,NB
frame_u_328.32_328.35,13.810623726848291,0.1099999999999568,-0.5908857106992385,364.9904733830881,325.38344580367146,39.60702757941664,27.95091072605014,8.739854135115706,19.211056590934437,NB
frame_ki_328.46_328.54,26.481883294265657,0.0,-0.3306891128864344,395.2628511235308,347.8145122020412,47.44833892148967,14.368248545047209,7.540979321756936,6.827269223290273,NB
frame_si_328.54_328.6,87.40646704722997,0.0,-0.5240250706171785,376.91290779890994,332.7176425279772,44.19526527093274,1.1313979308643738,0.8298524790563491,0.3015454518080247,NB
frame_Sa~_328.6_328.73,49.47678544866403,0.0,-0.3375246715966165,393.7450587588113,340.6385149735487,53.1065437852626,58.6620261714796,16.22476638116359,42.437259790316006,NB
frame_ma_328.73_328.81,15.82634646501549,0.0,-0.5742821488579529,390.6476367845604,344.0375111489664,46.61012563559393,13.525446298840125,4.360061327913314,9.165384970926809,NB
frame_u~_328.81_328.86,6.531083571415451,0.0,-0.4874682672402632,383.7199959084683,340.8841730354315,42.83582287303682,2.868430101970546,1.4982846187211294,1.3701454832494164,NB
frame_ma_328.86_329.03,4.792277336123078,0.0,-0.3445270160618257,393.5787404095612,337.6980318919168,55.88070851764439,7.2623712490957075,2.817628162649612,4.444743086446096,NB
frame_Re_329.03_329.14,8.27532678942569,0.0,-0.0935171806981744,395.881657399564,346.6921483250291,49.1895090745349,9.358577712827495,2.843029248478956,6.515548464348541,NB
frame_kla_329.14_329.3,21.23839237876977,0.0,-0.5742821488579529,394.9442577969468,339.37120003830216,55.57305775864461,101.02730590479264,31.502846670907655,69.52445923388498,NB
frame_ma_329.3_329.47,3.087512953338376,0.0,-0.1913569275299133,390.7734780119345,335.94980405776613,54.82367395416839,27.145928311690117,9.848192384799091,17.297735926891022,NB
frame_sa~w~_329.47_329.7,66.92832443209772,1.5600000000000025,-0.3375246715966165,393.0098508336023,332.1129617202296,60.896889113372765,43.34018722248219,20.223394687356304,23.11679253512589,TB
frame_a_331.26_331.33,43.7633693647462,0.0,-0.2679419717958695,395.1143810672958,348.83478122079754,46.279599846498286,24.25788395287596,14.24121731337202,10.01666663950394,NB
frame_tra_331.33_331.5,2.515903714905761,0.0,-0.1913569275303487,404.6885087040842,347.5386587903395,57.149849913744674,18.12264500386837,8.02463605066086,10.098008953207511,NB
frame_vEjs_331.5_331.75,29.073498374498627,0.0,-0.1423558988908125,404.8998385289027,339.25564621840067,65.64419231050204,30.592768345724267,9.849340467135576,20.74342787858869,NB
frame_de_331.75_331.85,38.18349517172584,0.0,-0.0935171806969627,402.5175464896337,351.3900404847477,51.12750600488596,8.473687220884571,2.6892341791257195,5.784453041758852,NB
frame_sa_331.85_331.97,82.0958328173304,0.0,-0.497697104592432,397.3796594063033,344.5488450780167,52.83081432828658,0.858504662946352,0.4049544062745625,0.4535502566717895,NB
frame_Re_331.97_332.09,45.96492613300862,0.0,0.1196469811867238,396.7617001889499,345.37057366081444,51.39112652813543,4.599081245891668,1.962985283751962,2.6360959621397058,NB
frame_kla_332.09_332.24,39.63991257566855,0.0,-0.4211120603269112,398.9517644357906,345.03139042048565,53.92037401530496,62.18515384882369,20.100127073960778,42.08502677486291,NB
frame_ma_332.24_332.38,0.6103082086046925,0.0,-0.1147718832648278,394.31263606098497,343.95316647002915,50.35946959095583,9.060632026699466,2.8832593592352964,6.177372667464169,NB
frame_sa~w~_332.38_332.67,14.46385222581472,0.0,-0.1182964283090353,400.9408734722614,329.9504770473918,70.99039642486957,104.65549401029668,36.96202772886548,67.6934662814312,NB
frame_e~_332.67_332.72,31.621667873783625,0.0,-0.8305237744638687,392.7746135062997,349.28573026586326,43.48888324043645,0.5392695166362671,0.3191121321221999,0.2201573845140672,NB
frame_ta~w~_332.72_333.1,7.155229259369889,0.8100000000000023,0.1009318149785458,400.3682898216218,322.9826403253912,77.3856494962306,151.32793020485917,74.5310843399511,76.79684586490808,NB
frame_ajs_333.91_334.04,0.6870255348017054,0.0600000000000022,-0.4976971045928673,388.97668435947656,338.61678614502296,50.35989821445361,10.775033201213972,6.265677750235682,4.5093554509782905,NB
frame_paX_334.1_334.27,20.58702127392246,0.0,-0.1913569275303487,399.93600049991255,343.3204370948888,56.61556340502375,12.800149394082196,6.816626818052455,5.983522576029742,NB
frame_tSis_334.27_334.36,71.20897236629283,1.5699999999999932,-0.524025070617728,377.4061848674027,329.94072830494,47.46545656246269,1.486426150526519,0.5091226329941776,0.9773035175323416,NB
frame_e~j~_335.93_336.06,40.53759244009315,0.0,-0.1776120120091585,399.7312153019397,348.0718467792023,51.6593685227374,29.519684212266483,12.11558848451442,17.404095727752065,NB
frame_ko~_336.06_336.21,38.43664695568404,0.0,-0.4610968978897494,401.8018423034045,346.69656576718864,55.105276536215854,9.799719397410756,4.338745743856308,5.460973653554447,NB
frame_fli_336.21_336.43,30.57897084243309,0.0,-0.2340211340210622,397.5656063092432,335.6456044527117,61.920001856531485,134.16933790116587,75.90248804129,58.26684985987587,NB
frame_tu_336.43_336.49,45.546118298737866,0.8100000000000023,-0.5908857106992385,377.2988904179412,333.2618565664918,44.03703385144934,11.029692240295615,6.621622043511849,4.408070196783768,NB
frame_kEX_337.3_337.44,103.88832178687694,0.0699999999999931,-0.4531766388274772,389.385522221626,338.02497687878366,51.36054534284233,21.549767680677327,7.736053103907238,13.813714576770089,NB
frame_dZi_337.51_337.59,377.40671497945857,0.0,-0.524025070617728,388.676728133274,343.6070021328641,45.06972600040984,1.3743043878526322,0.927903444720755,0.4464009431318771,NB
frame_zeX_337.59_337.68,390.6071069815954,0.5999999999999659,-0.9461738282389792,386.7669042534899,338.9450256703823,47.821878583107605,17.457211131834264,8.911012494325547,8.546198637508716,NB
frame_u_338.28_338.39,34.17304378711991,0.0,0.4177700309095429,408.3569339247834,354.63964452712963,53.71728939765376,20.39943654889383,10.537803090441711,9.861633458452118,NB
frame_o_338.39_338.57,14.8384720762985,0.0,1.2383464744757458,411.0466101300938,352.9669844531195,58.07962567697433,33.60784899518322,9.541610199850822,24.0662387953324,NB
frame_pe_338.57_338.76,15.792581774431426,0.0,-0.0935171806981744,409.3167052901858,348.3228706396459,60.99383465053995,23.87976092469026,10.849054301703433,13.030706622986829,NB
frame_ra_338.76_338.97,8.704484434479923,0.0,0.5744935151257304,403.31306582960735,342.26486257006377,61.04820325954364,26.84680551129111,13.910467952543229,12.93633755874788,NB
frame_riu_338.97_339.07,2.7603561270097714,0.0,-0.4273570917518064,393.4525086087231,346.09207003853635,47.36043857018677,5.083736766337552,2.3632851542884907,2.720451612049061,NB
frame_des_339.07_339.19,34.052777378623105,0.0,-0.9461738282389792,385.8393148336421,335.9275557554432,49.91175907819888,76.47579959151886,32.05552472951065,44.42027486200822,NB
frame_pe_339.19_339.34,101.76094613794984,0.0,0.1196469811867238,403.06551228098834,348.66435377589755,54.40115850509079,234.868135993083,54.69519250849544,180.1729434845876,NB
frame_dZi_339.34_339.46,47.201749191405824,0.0,0.0559828025750539,395.54178654356974,343.5980546292536,51.94373191431612,9.371915880229892,4.162223890410715,5.209691989819177,NB
frame_du_339.46_339.52,42.01392542540052,0.7300000000000182,-0.5908857106999551,381.3247838021142,337.3119256028488,44.01285819926545,17.520614396085648,5.482642038726709,12.03797235735894,NB
frame_i_340.25_340.33,29.862356265411563,0.0,-0.0406851762903181,404.7160149931968,355.67714013752123,49.03887485567554,24.665112196741333,10.48328990881285,14.181822287928483,NB
frame_u_340.33_340.45,30.590037259105657,0.0,0.543851998610551,397.139403934189,347.82958058000395,49.309823354185085,84.82364072551474,37.80735442302867,47.01628630248607,NB
frame_pa_340.45_340.59,80.58965181141197,0.0,-0.1147718832648278,395.74698817882006,343.1789706893741,52.568017489445936,1.025446793663363,0.4254907782384265,0.5999560154249366,NB
frame_tra~w~_340.59_340.84,57.801078628834745,0.0,-0.5567529148841978,395.1691093734526,330.28440050363525,64.88470886981736,44.79647345868756,15.250529496452684,29.545943962234876,NB
frame_ki_340.84_341.02,71.2262265013648,0.0,-0.0406851762903181,394.24351033326366,336.9074913892481,57.33601894401557,40.22475679854719,23.395503547151336,16.829253251395855,NB
frame_u_341.02_341.05,54.58652246389207,0.0,-0.5908857106992385,364.6184023515905,325.7945003713295,38.823901980260985,15.262089852379376,6.518626863600758,8.743462988778617,NB
frame_des_341.05_341.18,67.04416222668327,0.0,-0.7330096663528692,387.5230838684309,336.66486752472844,50.85821634370245,37.09719017184434,15.39008816478004,21.7071020070643,NB
frame_pe_341.18_341.31,51.21419279313038,0.0,-0.519845504467971,397.7644888506464,344.9565253209993,52.80796352964717,65.77086472668232,28.29500030078228,37.47586442590004,NB
frame_dZiw_341.31_341.53,24.318754101753413,0.4700000000000273,-0.2340211340210622,396.352307515959,334.62448340074576,61.72782411521325,101.3818243285406,35.70268959787971,65.67913473066088,NB
frame_de_342.0_342.26,23.709957829500155,0.0,2.4644527619230283,404.0779079958451,336.30723736125515,67.77067063458998,25.297719839555214,6.102784178868646,19.194935660686568,NB
frame_ve~j~_342.26_342.53,21.552531293990285,0.5200000000000387,-0.6128865203122986,398.2417640990788,330.9985469494594,67.24321714961934,87.32628303616441,39.40848192837453,47.91780110778989,NB
frame_pro_343.05_343.26,14.82032557387221,0.0,0.4985163834696646,402.5053218153144,342.7209440021413,59.78437781317302,17.73794052399934,4.566230018713753,13.171710505285589,NB
frame_vaX_343.26_343.57,4.563327537619571,0.160000000000025,0.6510785593912513,397.4515608859708,327.4561638871822,69.99539699878864,19.829808334558862,11.550833650220357,8.278974684338507,NB
frame_a_343.73_343.81,17.194495646679968,0.0,-0.1913569275303487,392.8605168983587,345.9935138131152,46.86700308524348,4.08988205370531,1.3324354229426376,2.757446630762672,NB
frame_le_343.81_343.96,17.415473863661944,0.0,0.3328111430716221,394.7519171868052,340.18751259719266,54.564404589612536,6.368777018890228,2.8808915459916022,3.487885472898625,NB
frame_ga_343.96_344.1,15.006541831503723,0.0,-0.3445270160613903,394.1207064985445,341.648157595679,52.472548902865526,14.547350900010969,5.438771062117169,9.1085798378938,NB
frame_li_344.1_344.23,14.756277027034074,0.0,0.1526507814409755,390.1747832725412,340.2469521092284,49.92783116331282,10.320399757107936,2.6272799886257303,7.693119768482205,NB
frame_da_344.23_344.39,21.966608474282253,0.0,0.0383982052666491,392.0356483455588,336.8886103563501,55.14703798920869,6.393701454696981,2.510775685047633,3.882925769649347,NB
frame_dZi_344.39_344.48,73.87745588642412,0.0,-0.2340211340210622,382.0663900974836,334.5879747329183,47.47841536456531,0.97480483538466,0.4293453059338716,0.5454595294507882,NB
frame_dajs_344.48_344.68,26.55394150950815,0.0,-0.2679419717958695,393.2654344181832,335.5288843968921,57.736550021291066,68.80257050275242,24.516240927428317,44.286329575324096,NB
frame_Res_344.68_344.81,9.849423562254074,0.0,-0.7330096663540809,392.2757248002189,340.2574075294392,52.01831727077968,15.080364457313877,6.183413500535295,8.896950956778582,NB
frame_pek_344.81_345.13,62.77763139667195,0.0,-0.519845504467971,390.48193318767846,322.7902868690411,67.69164631863737,55.40624051025186,47.95692765814027,7.449312852111589,NB
frame_tSi_345.13_345.25,43.86204885369955,0.0,-0.2340211340210622,391.567121394539,339.4478081225356,52.11931327200341,46.07719919265503,18.79074834774157,27.28645084491346,NB
frame_vas_345.25_345.45,37.47706679494142,0.1500000000000341,-0.2679419717958695,391.5773519439548,333.3778566439128,58.19949530004203,58.94479438286051,25.820641276950184,33.124153105910324,NB
frame_a_345.6_345.7,88.5236836203146,0.0,-0.038186838999307,386.548600838276,338.7815208091694,47.76708002910658,41.89204579306565,22.371124109555552,19.520921683510096,NB
frame_tSi_345.7_345.82,79.62057063344976,0.0,-0.1373531551556902,386.73399439406256,336.52997910541524,50.20401528864733,43.21296721347272,14.397868933666729,28.815098279805987,NB
frame_tu_345.82_345.93,107.01729487136814,0.0,-0.5908857106992385,381.14623531382585,331.7122830641425,49.43395224968333,0.2643350126381136,0.1643233829723556,0.100011629665758,NB
frame_dZis_345.93_346.02,83.75915482347901,0.7900000000000205,-0.5240250706171785,381.4932726695898,336.87708980628355,44.61618286330628,4.410319361520919,2.161067078157302,2.2492522833636173,TB
frame_un_346.81_346.87,26.51168392482268,0.0,-0.5908857106999551,378.0279846188661,334.6872176993631,43.34076691950304,18.2691764690118,5.906322863260726,12.36285360575107,NB
frame_un_346.87_346.93,19.425219038422966,1.3899999999999864,-0.5908857106999551,377.0402083153487,333.7751928103031,43.2650155050456,8.26896117666854,3.42264988636407,4.84631129030447,TB
frame_ko~_348.32_348.5,6.165690922095905,0.0,0.2378763947548967,405.3899542685761,346.2381381749002,59.15181609367591,81.65629603896184,36.76266863042096,44.89362740854088,NB
frame_foR_348.5_348.77,1.0012508693845916,0.0,0.3505503652686166,397.8128333863275,329.2978140241465,68.51501936218102,144.30542425460916,34.714821694397926,109.59060256021124,NB
frame_mi_348.77_348.86,28.25662642955504,0.0,-0.5240250706171785,394.6019116510215,346.96800498311643,47.63390666790514,3.122114993438146,1.6573536807158291,1.464761312722317,NB
frame_u_348.86_348.9,12.376469094019484,0.0,-0.464803742998947,389.9130495863016,345.80551336089314,44.10753622540847,7.523973911401413,4.013094506798296,3.5108794046031164,NB
frame_ki_348.9_349.02,23.116632059024766,0.0,-0.4273570917523559,396.508162520614,346.0097438693543,50.498418651259726,35.95905569033417,23.16453140545954,12.794524284874626,NB
frame_fi_349.02_349.14,14.077749929006783,0.0,-0.4273570917523559,393.6904719792341,342.0545623231752,51.63590965605886,32.67698518680382,14.848873192294777,17.828111994509044,NB
frame_kaX_349.14_349.35,25.57321449051116,0.0,-0.1147718832648278,393.5123461617743,333.9903541891376,59.52199197263667,125.45302056547864,41.34049656768661,84.11252399779204,NB
frame_de_349.35_349.45,15.200486751862286,0.0,-0.0935171806981744,397.6898924789075,347.94604255716143,49.74384992174606,5.941937075313177,3.0566951202395387,2.8852419550736386,NB
frame_mo~s_349.45_349.69,33.866746038242496,0.0,0.2378763947548967,393.825297217408,331.9361247716659,61.88917244574213,46.12154217607835,15.890997095379332,30.230545080699017,NB
frame_tra_349.69_350.07,51.64223871853082,0.0,0.804248647922293,393.4293141261951,316.38705302883574,77.04226109735936,110.09945556240112,52.1476810203406,57.95177454206051,NB
frame_du_350.07_350.23,83.14614814897428,0.7799999999999727,0.2916880632085348,385.0986675592503,331.0962893289424,54.0023782303079,6.538464436166095,4.589492694938912,1.948971741227183,NB
frame_pe_351.01_351.17,14.221113527596088,0.0,0.9723036287275286,406.2755836542341,349.5461375213583,56.72944613287581,23.90632182130304,15.739986799310458,8.16633502199258,NB
frame_ra~_351.17_351.33,14.697234937050638,0.0,1.197073031417698,399.6488684083472,343.20099605182844,56.4478723565187,4.381566266208665,0.8480940152473124,3.5334722509613528,NB
frame_tSi_351.33_351.77,72.48273341658779,0.0,3.149358126269708,388.5670280066208,306.48466678673583,82.08236121988497,60.431889451688086,49.52564525742126,10.906244194266826,NB
frame_a_351.77_351.9,24.62528665936462,0.0,0.1915682937976908,394.4643670381941,343.1126738694237,51.35169316877034,28.72736337261621,11.911180889612254,16.816182483003956,NB
frame_Zus_351.9_352.15,36.10556550238179,0.0,1.3003438048173162,391.6396750177744,327.89971265177826,63.73996236599618,26.34142285805899,13.864211396978462,12.477211461080527,NB
frame_tSi_352.15_352.29,24.134131172118984,0.0,0.2493187603063476,388.1522008024339,339.78047103934915,48.37172976308477,5.247988846570152,1.3495768507107186,3.8984119958594334,NB
frame_sa_352.29_352.41,77.74854974608655,0.0,-0.3445270160613903,390.5079800194698,339.88455914991124,50.62342086955863,0.9510590296745108,0.5007448729539377,0.450314156720573,NB
frame_tra_352.41_352.57,39.07379998122967,0.0,-0.3445270160613903,392.9277731730084,337.6062613549068,55.32151181810161,18.87852476557136,9.580119313122124,9.29840545244923,NB
frame_ba_352.57_352.69,22.548805880632173,0.0,-0.2679419717958695,397.837342081112,345.66584033678936,52.171501744322654,13.624265976726178,2.967246925174265,10.657019051551911,NB
frame_Lis_352.69_352.99,29.33484703660676,0.0,1.31266652782599,403.8623484211231,335.56907816840896,68.29327025271408,92.24585136308782,40.54345837169663,51.70239299139119,NB
frame_ta_352.99_353.16,96.75459075490475,0.3999999999999772,0.11498324953217,398.3228783257344,342.9773856624961,55.34549266323825,39.72367884661199,23.73810884621375,15.98557000039824,NB
frame_a_353.56_353.64,54.10820198905276,0.0,-0.1913569275303487,392.1745391411485,345.6492474183235,46.52529172282493,0.9423738725841702,0.6476543024532475,0.2947195701309226,NB
frame_tE_353.64_353.85,40.35736963492138,0.0,-0.1423558988908125,404.3076660638501,343.3606689548889,60.94699710896117,11.481325962871324,5.292141001377331,6.189184961493993,NB
frame_Zuw_353.85_354.03,35.665323643549854,0.0,-0.2126398075962141,398.6905362097781,340.76414987367843,57.92638633609971,25.14348336068933,7.215963218033224,17.927520142656107,NB
frame_ga_354.03_354.15,17.220641889594575,0.0,-0.2679419717958695,399.6961718482164,346.10642087579464,53.58975097242177,19.65861884005136,4.509534665230348,15.149084174821011,NB
frame_me~_354.15_354.31,30.951001853276367,0.0,0.0400252421424114,398.6209300767226,342.8814379614939,55.73949211522876,19.50761599390023,8.946060614002675,10.561555379897555,NB
frame_tu_354.31_354.4,78.1556296838755,0.0,-0.5908857106999551,381.2687393586155,333.90782722342124,47.36091213519427,6.356079486516585,3.024872823706211,3.3312066628103736,NB
frame_fi~_354.4_354.54,4.235255641225308,0.0,-0.1425841614170474,397.4983959546286,343.9810054213471,53.51739053328152,105.38457861183925,31.836468309682232,73.54811030215701,NB
frame_naw_354.54_354.75,25.286609435976857,0.7599999999999909,-0.497697104592432,396.6057995522152,336.6436937497394,59.962105802475776,76.73036688225272,39.64153030303612,37.08883657921661,NB
frame_u_355.51_355.84,11.17357014009329,0.3500000000000227,3.1915733203338705,407.9710438418458,335.3659683598533,72.60507548199246,209.6177025306844,134.70439643863276,74.91330609205164,NB
frame_tra_356.19_356.31,12.253020065036424,0.0,-0.3445270160613903,395.5358667804848,343.44430851163435,52.091558268850406,29.99334189219303,20.831506895908973,9.161834996284057,NB
frame_ba_356.31_356.42,3.215041181585093,0.0,-0.3445270160613903,397.4661812503446,346.51874566417285,50.94743558617176,14.6115594075917,8.394875665750902,6.2166837418407965,NB
frame_La_356.42_356.54,2.2435525865964223,0.0,-0.1147718832643925,394.4269759291359,345.5131723916393,48.91380353749662,40.8907012550572,21.40063225108895,19.490069003968244,NB
frame_doX_356.54_356.76,12.148296561233934,0.0,0.6464824016715538,399.0739627771528,337.7050395886814,61.36892318847134,32.09404275557759,13.988763241648428,18.10527951392916,NB
frame_Re_356.76_356.87,22.12063400243881,0.0,-0.0935171806981744,398.5786151483853,346.0572055846876,52.52140956369777,15.70042203039108,4.824841587534223,10.875580442856858,NB
frame_se_356.87_357.21,58.48332678318288,0.0,2.0381244381520203,396.4349964020672,325.03495170708777,71.40004469497939,104.1384462280079,50.15256856577953,53.98587766222837,NB
frame_bi_357.21_357.36,81.4861205816712,0.3999999999999772,0.2493187603063476,389.6522241421567,336.5025597828956,53.14966435926107,13.570958009233536,6.108899824230335,7.462058185003201,NB
frame_a_357.76_357.83,10.172760130047775,0.0,-0.2679419717958695,383.3148773440694,338.2071368489086,45.10774049516078,105.34256588061982,60.64900666016777,44.693559220452045,NB
frame_ki_357.83_358.09,58.495535948324815,0.0,0.2493187603057981,396.79230005400296,329.8840017859982,66.90829826800478,122.90427736099365,87.29722428843316,35.607053072560475,NB
frame_lu_358.09_358.21,48.80988627429,0.0,0.0395241278058019,391.5690343574735,341.9369571155711,49.63207724190244,21.202919093753323,14.478076249858304,6.7248428438950185,NB
frame_a_358.21_358.36,65.64744038228166,0.0,0.3447383823291678,388.817019151793,337.0751432301078,51.74187592168522,9.604097681309623,5.703096203411462,3.9010014778981623,NB
frame_ki_358.36_358.46,54.75084167399601,0.0,-0.524025070617728,401.4919197759022,350.8024537754908,50.68946600041141,59.84957473597893,21.48808216217421,38.361492573804725,NB
frame_e_358.46_358.5,190.4783929885541,0.0,-0.7330096663528692,398.0463607510533,353.4178095926205,44.628551158432856,14.77563460662617,8.447066688052644,6.328567918573526,NB
frame_li_358.5_358.62,57.4652479490246,0.0,-0.1373531551556902,394.6341254464956,343.74544821110305,50.88867723539244,17.674041774754713,8.960718158404745,8.713323616349967,NB
frame_te~j~_358.62_358.87,65.7077703798448,0.0,-1.0481610286166758,399.03380167169337,334.5068888587972,64.52691281289617,58.35387479472711,27.532600495616947,30.821274299110165,NB
frame_dZi_358.87_358.95,56.96631084322436,0.0,-0.3306891128864344,395.02381282889087,347.31557377914,47.70823904975089,5.122422147904501,2.34982442443885,2.772597723465651,NB
frame_rej_358.95_359.08,66.03223976107074,0.0,-0.5198455044691827,392.2437000288302,343.6353119356505,48.6083880931796,5.285115168731991,3.103701334598952,2.181413834133039,NB
frame_tu_359.08_359.14,91.49123414072182,2.259999999999991,-0.5908857106999551,385.9799739921239,341.29116914741866,44.68880484470526,1.43620802479127,0.4024696196488904,1.0337384051423797,TB
frame_a_361.4_361.46,13.255036461062232,0.0,-0.3445270160613903,391.4279637065088,346.26305058003646,45.1649131264723,12.861444606656448,5.752722728366933,7.108721878289515,NB
frame_gO_361.46_361.65,13.080945881111958,0.0,0.3716052579691015,401.5639136969522,342.4584502624225,59.105463434529725,22.9168422737346,9.84943494820186,13.06740732553274,NB
frame_ra_361.65_361.77,50.50390844405584,1.920000000000016,-0.1147718832648278,387.0626388319273,338.0765359748015,48.98610285712573,1.4045034075936371,0.3177128012738137,1.0867906063198234,NB
frame_ew_363.69_363.91,29.270906216807248,0.0699999999999931,0.545975304957732,406.0768700866393,345.09034064401544,60.986529442623805,125.25164992106596,55.83018758262023,69.42146233844572,NB
frame_te~_363.98_364.26,2.090339054450993,0.0,2.869309546115296,404.6687927486752,339.736508393552,64.93228435512316,86.68739781410693,33.10210013804792,53.58529767605901,NB
frame_Ju_364.26_364.48,82.82108770090886,1.75,1.4264257725183245,392.21649880923735,330.9470057898548,61.269493019382594,20.36981585472087,9.603539872135954,10.766275982584917,NB
frame_a_366.23_366.31,9.79513905091646,0.0,-0.1913569275303487,398.3283932056912,349.2878490384348,49.04054416725643,17.256803713851923,6.455740073262732,10.801063640589192,NB
frame_i~_366.31_366.38,10.447969062283562,0.0,0.0891151008856202,393.8963956298766,347.6538575174783,46.242538112398336,13.54261218080957,5.700442607851144,7.842169572958426,NB
frame_pre_366.38_366.57,12.773451206973547,0.0,-0.519845504467971,401.9388054094268,341.670511226242,60.26829418318488,16.713706275774484,6.947040165235663,9.76666611053882,NB
frame_sa~w~_366.57_366.9,12.723460438457536,1.2000000000000457,-0.3375246715966165,402.8082669607384,328.2572886074122,74.55097835332617,109.3336377712399,50.50807175070024,58.82556602053967,NB
frame_dZi_368.1_368.32,11.385165632731272,0.0,0.635990675767836,405.09217662395247,344.1058330587909,60.98634356516152,33.84143240595924,7.843965138418923,25.99746726754032,NB
frame_ki_368.32_368.71,1.6777455005506567,0.5699999999999932,2.27934631648081,403.6927622845854,324.9262495346007,78.76651274998471,80.33722882068844,11.009166537654366,69.32806228303406,NB
frame_a_369.28_369.38,39.5985641682789,0.0,-0.0381868389988716,392.78120238969376,344.1800387088654,48.601163680828336,7.600620925134095,2.8257609497682523,4.7748599753658425,NB
frame_Zus_369.38_369.65,49.38234466687676,0.0,1.174261837116308,394.5328017350218,329.91905418271887,64.61374755230293,69.38199892046937,34.53267070445257,34.8493282160168,NB
frame_tSi_369.65_369.83,14.1799980021961,0.0,0.4426547180370918,396.07628468903727,338.749679330884,57.326605358153245,80.67428736433104,12.657692029760623,68.01659533457041,NB
frame_sa_369.83_370.07,45.85498351342176,0.1100000000000136,0.2681533380632117,395.5430440894553,333.8724909696869,61.67055311976839,77.84649637190354,39.66497950781718,38.18151686408636,NB
frame_tra_370.18_370.35,39.605741866048064,0.0,-0.1147718832643925,395.7350148662687,340.51286966099195,55.222145205276775,11.583917065580394,4.701380226868068,6.882536838712326,NB
frame_ba_370.35_370.53,52.45447419569689,0.0,0.1915682937976908,398.2053703999317,339.91164164518534,58.29372875474638,22.790391155405715,13.65504946757052,9.135341687835194,NB
frame_Lis_370.53_370.73,52.59678666809786,0.0,0.1526507814409755,392.86188163421457,335.0663479240273,57.79553371018727,54.19519629161999,17.95487534013047,36.24032095148952,NB
frame_ta_370.73_371.05,49.31607112114831,0.7899999999999636,0.5744935151257304,397.249959348924,326.6224983143581,70.62746103456578,103.62781585352008,60.73962218712096,42.888193666399125,NB
frame_ew_371.84_371.91,75.7829337679462,0.0,-0.7330096663528692,398.04360365680594,350.9898603847804,47.05374327202554,6.433829498952662,4.421502756378146,2.0123267425745155,NB
frame_na~w~_371.91_372.01,81.41278682507458,0.0,-0.9952094014593602,397.294786767516,346.68938621891743,50.60540054859854,7.923502473189359,4.032646719633064,3.890855753556295,NB
frame_vow_372.01_372.16,85.82145995695711,0.0,-0.5372457439385123,396.8644140472845,341.718145431138,55.14626861614653,13.70596581197897,3.890398971619604,9.815566840359368,NB
frame_dZi_372.16_372.22,12.502268216444604,0.0,-0.5240250706171785,381.9297528209626,337.84631659244934,44.08343622851328,21.537063223106628,8.684274530279652,12.852788692826977,NB
frame_zeX_372.22_372.4,95.68265837273964,0.0,-0.0935171806981744,395.1578555601562,339.67483260550955,55.483022954646685,34.809180370835335,10.577123333952628,24.232057036882708,NB
frame_ki_372.4_372.51,118.86422063543652,0.0,-0.524025070617728,394.7339625613967,343.80370918021447,50.93025338118224,1.6739498849261238,1.2922004258493018,0.381749459076822,NB
frame_E_372.51_372.56,93.35665039704278,0.0,-0.5153407868147395,392.4918756611782,348.8458985208467,43.64597714033152,0.8768517311193449,0.5428971207338265,0.3339546103855184,NB
frame_la_372.56_372.81,98.22534159877262,0.2199999999999704,0.4213234265946887,393.7528597269999,328.8628358693738,64.89002385762609,9.76321250457478,5.616241178851723,4.146971325723058,NB
frame_fa_373.03_373.23,99.1592681006576,0.0,0.0383982052666491,392.4268537007347,333.63023593149643,58.79661776923825,23.49482942527829,7.374237119309527,16.120592305968763,NB
frame_La_373.23_373.38,84.34584925450255,0.1100000000000136,-0.497697104592432,390.1165693157226,337.1610112890904,52.95555802663216,11.150269494359378,5.0277108164914495,6.122558677867929,NB
frame_se~_373.49_373.62,3.995599947154631,0.0,0.0400252421436485,401.9574001389552,347.81962938752474,54.13777075143048,35.56079006579486,15.54076054370043,20.020029522094436,NB
frame_pri_373.62_373.84,85.86952881793187,0.8100000000000023,-0.4273570917523559,385.1929866337392,324.212677913533,60.98030872020615,27.25800059386944,17.37268097622926,9.885319617640178,NB
frame_majs_374.65_374.81,21.17339440168968,0.0,-0.4211120603269112,392.7593704566697,339.691414658502,53.06795579816776,96.38400810152436,62.8790026379034,33.505005463620975,NB
frame_E_374.81_374.89,13.77535233480313,0.0,-0.3288483428529526,396.96803286664175,351.81244698335064,45.15558588329111,2.7647647477774058,1.4447797549731265,1.3199849928042795,NB
frame_la_374.89_374.99,46.7079335032148,0.0,-0.3445270160613903,396.71009513907575,346.4898029834244,50.22029215565135,64.33527222372005,40.59184577132751,23.74342645239254,NB
frame_fu~_374.99_375.21,37.35480094640985,0.0,-0.4307723176931781,394.6415850499481,334.2765550664013,60.36502998354683,146.15781396750506,91.23802028339898,54.91979368410608,NB
frame_si_375.21_375.38,48.699217099835565,0.0,-0.524025070617728,392.2674484389298,334.8808117156883,57.38663672324151,115.69550372137554,71.38618792254805,44.3093157988275,NB
frame_o~_375.38_375.47,4.174877007959708,0.0,-0.1815075808314142,394.3211522905793,344.8796258010084,49.44152648957089,8.089027862540178,2.3413473385880934,5.747680523952084,NB
frame_na_375.47_375.59,56.282077168705214,0.0,-0.4211120603273465,397.0490591538497,344.47437322804427,52.574685925805454,65.27008630704998,36.29815132959318,28.9719349774568,NB
frame_muj~_375.59_375.75,24.42206379040653,0.0,0.0395241278065186,398.13498597336144,344.1860338445713,53.94895212879016,56.68586150501173,17.950593295552267,38.73526820945946,NB
frame_tu_375.75_375.86,43.984455469389474,0.0,-0.4648037429982303,392.6498104234509,340.98390901978047,51.66590140367043,43.06754434193391,25.06373474474208,18.003809597191832,NB
frame_majs_375.86_376.32,38.75088334602764,1.7099999999999795,0.6510785593912513,392.9326941412598,308.02295274951075,84.90974139174904,72.93020878328669,56.50544277325763,16.42476601002906,NB
frame_nu_378.03_378.23,13.66477554914698,0.0999999999999659,0.4177700309095429,397.5290009564873,339.74664023858185,57.78236071790548,27.005233023306573,10.646829801338626,16.358403221967947,NB
frame_se~_378.33_378.49,42.66322503822632,0.0,0.6929370045983587,395.9617110360547,342.4128895932075,53.54882144284716,39.55300142612431,17.899450678763614,21.653550747360697,NB
frame_tSi_378.49_378.76,52.98092524070688,0.0,0.732658654633208,400.26926784504303,332.8788707124416,67.39039713260144,50.06387941503806,14.95910644128888,35.10477297374918,NB
frame_du_378.76_378.95,39.82283458303927,0.0,1.0481798694145832,393.5462706098785,337.16628609397344,56.37998451590505,150.29889901461144,100.5876457291502,49.71125328546123,NB
frame_dujs_378.95_379.12,51.29859051851801,0.0,0.0395241278058019,395.9726919124851,340.75591259841786,55.21677931406725,14.350328192582069,7.449639268222285,6.900688924359784,NB
frame_i~_379.12_379.24,36.258638269489225,0.0,1.2476114124002755,395.7773361463052,343.4085802923852,52.36875585392005,11.488967776878908,3.3333673117088978,8.15560046517001,NB
frame_te_379.24_379.4,64.6709382054213,0.0,-0.3066813425830727,397.0838124269237,341.3806761192517,55.703136307672025,52.643371531011134,27.605710466635628,25.037661064375506,NB
frame_re_379.4_379.55,48.11560363215355,0.0,0.7591394668426303,396.8208663510189,342.45965858885927,54.36120776215961,4.347447775621617,1.1040471796900988,3.243400595931518,NB
frame_sis_379.55_379.71,86.96801612010688,0.3600000000000136,0.0,375.804108695078,323.12441024739394,52.67969844768402,4.717401793817508,3.207301541990184,1.5101002518273248,NB
frame_pa_380.07_380.17,26.8302054251065,0.0,-0.497697104592432,396.0339618080423,346.4040884723784,49.629873335663945,94.08456145353136,57.09734294045748,36.98721851307389,NB
frame_tro_380.17_380.39,75.18763684464807,0.0,0.0546183288656796,394.3238939726404,332.90968669980026,61.414207272840144,41.71616141145769,16.833239230658663,24.882922180799028,NB
frame_najs_380.39_380.65,76.20895169858437,0.9600000000000364,0.1915682937976908,393.0363243560036,326.853122239407,66.18320211659653,35.246350438541384,14.834801197374532,20.411549241166853,NB
frame_ki_381.61_381.75,26.1140987539616,0.0,0.0559828025750539,397.4806751637829,348.58347428437565,48.89720087940725,12.857673929678938,5.781830834926495,7.075843094752443,NB
frame_dujs_381.75_381.92,27.094917041140192,0.0,-0.0865578398952061,396.7959955975378,341.83606514140894,54.95993045612886,11.30275379213832,3.9118406134696215,7.390913178668697,NB
frame_tra_381.92_382.08,43.85111970186007,0.0,-0.3445270160613903,397.1659492714235,341.97614744514755,55.189801826275925,57.94561495584772,23.014193384647285,34.93142157120043,NB
frame_ba_382.08_382.2,24.01287423103948,0.0,-0.1913569275303487,396.2011412680606,343.57219686693145,52.62894440112916,11.884896384083603,4.396171292536451,7.488725091547153,NB
frame_Lis_382.2_382.34,61.50660656642496,0.0,-0.0406851762903181,389.10555913821736,338.4879792630176,50.6175798751998,24.222230145976383,8.01474696152357,16.207483184452812,NB
frame_tas_382.34_382.54,77.77908904130246,1.669999999999959,-0.5742821488583882,377.80456408920486,320.2884357664817,57.51612832272315,2.179448800054125,1.2482814045425243,0.9311673955116008,TB
frame_majs_384.21_384.39,43.516012087315545,0.1200000000000045,-0.2679419717958695,391.50433043229486,335.0474490846018,56.45688134769307,45.49056299725305,12.427942957578368,33.062620039674684,NB
frame_E_384.51_384.62,25.853178022291942,0.0,-0.1423558988908125,399.6559190269248,348.1519096792544,51.504009347670376,13.967634397087522,5.665031236148806,8.302603160938716,NB
frame_u~_384.62_384.69,47.12995271977664,0.0,-0.3740763681460929,394.9221904349075,349.4351217054259,45.48706872948162,35.4556471379733,14.245498924656433,21.21014821331687,NB
frame_ma_384.69_384.83,2.834973898338916,0.0,-0.4976971045928673,392.23805290706497,339.606699762229,52.63135314483594,92.17675347664876,61.017358838419824,31.159394638228942,NB
frame_i~_384.83_384.89,31.447006207079284,0.0,-0.1425841614170474,395.2846488813175,349.5889328750385,45.695716006278985,2.061462131053986,1.1365106814915151,0.9249514495624708,NB
frame_pre_384.89_385.13,36.48912262667304,0.0,-0.3066813425830727,399.62521415634666,335.538782208422,64.08643194792467,93.3691892820076,37.53730206674521,55.831887215262384,NB
frame_sa~w~_385.13_385.46,33.84651911920692,0.6800000000000068,-0.1182964283090353,395.81275353454726,323.56422658827387,72.24852694627339,128.2373807294619,67.57615281925742,60.66122791020449,NB
frame_ew_386.14_386.37,5.1910216862322045,0.0,1.185467790612427,400.3746722677756,337.56080589466904,62.81386637310652,27.861586953097216,17.84925833874469,10.012328614352526,NB
frame_dZi_386.37_386.49,12.985528290930615,0.0,0.0559828025756034,398.1918768346632,346.3208251256704,51.87105170899281,8.939848302199323,3.333993186992714,5.605855115206609,NB
frame_ri_386.49_386.63,0.8105837068911939,0.0,0.2493187603063476,400.1429402456884,346.4804205386231,53.662519707065314,15.39814743311753,6.884377626514691,8.513769806602838,NB
frame_a_386.63_386.72,26.35338201325662,0.0,-0.1147718832643925,392.6520830805418,345.1455005843703,47.50658249617152,29.84066219312741,15.927896065719535,13.912766127407878,NB
frame_kwa_386.72_386.95,15.03539489726225,0.0,0.0383982052666491,397.4266187211427,336.2976378744272,61.12898084671548,65.15231639157811,13.919513500255974,51.23280289132214,NB
frame_zi_386.95_387.06,27.60283515861296,0.0,-0.1373531551556902,393.1226928140965,341.86170199415375,51.260990819942776,9.159505498117111,3.299146194741837,5.860359303375276,NB
frame_ki_387.06_387.19,38.20867218067606,0.0,-0.4273570917518064,396.0678534557152,343.3918546802598,52.67599877545536,55.06956943643927,25.28351931401905,29.78605012242022,NB
frame_dZi_387.19_387.28,16.39766588611451,0.0,-0.3306891128869838,397.83678268601057,351.0532078304615,46.78357485554909,9.367763786065597,3.041897291132372,6.325866494933223,NB
frame_lej_387.28_387.63,15.157407572090293,0.0,0.545975304957732,410.54036053775775,334.0847897773397,76.45557076041803,81.5065890986055,46.316746737582406,35.189842361023096,NB
frame_gu_387.63_387.83,12.567340876009451,0.0600000000000022,0.2916880632078181,398.174777758796,339.90246657052256,58.27231118827342,100.0886198947473,70.58409853636692,29.504521358380373,NB
frame_poX_387.89_388.14,9.994983172447888,0.0,-0.0933476893353683,398.66210762371855,335.0593675106188,63.6027401130998,94.92005783844512,35.22985219311184,59.69020564533329,NB
frame_ki_388.14_388.39,25.23066581447924,0.0,1.1193305700952458,399.777418918875,334.3617121939091,65.4157067249659,58.22804749087528,45.660896804767845,12.56715068610744,NB
frame_ew_388.39_388.56,26.818798780393223,0.0,0.1196469811879355,398.9968529421281,342.52158585429163,56.47526708783647,330.75866112707286,271.5816444153181,59.17701671175479,NB
frame_na~w~_388.56_388.77,27.59378734376069,0.0900000000000318,-0.9952094014593602,394.90198964846905,334.94448443464006,59.957505213829,108.9657161030108,69.11374886111678,39.85196724189403,NB
frame_te~_388.86_389.01,10.195840099388278,0.0,0.2576624962939814,405.5206258232879,349.7063671568874,55.81425866640052,84.09352148051923,61.03266450063231,23.06085697988692,NB
frame_Ju_389.01_389.3,68.01427373501606,1.1499999999999773,1.174261837116308,390.61825167126005,325.5338959845059,65.08435568675418,57.68438074448585,27.220963529525875,30.46341721495997,NB
frame_ko~_390.45_390.65,30.28977693867401,0.0,0.2378763947548967,403.6772087559646,344.18571247686793,59.49149627909668,13.51063183055345,4.406091995986657,9.104539834566792,NB
frame_mu_390.65_390.88,54.13727006630191,0.0,0.9220979017135752,396.9779380342112,334.8303937278721,62.14754430633906,29.631478207384205,13.594648477106674,16.036829730277532,NB
frame_ba_390.88_391.04,33.20946864013527,0.0,0.0383982052666491,399.286880074636,345.77576061292655,53.51111946170943,19.710661449709065,5.257654873317932,14.453006576391132,NB
frame_Sa_391.04_391.21,73.330034092211,0.0,-0.1913569275303487,398.872213828547,341.053830173712,57.818383654834975,38.9197043700175,16.886060938468262,22.03364343154924,NB
frame_rEw_391.21_391.37,52.07118954119146,0.0,-0.2666841948656904,401.0767977211151,344.66012214101363,56.41667558010147,5.829158878394438,2.413875564591777,3.415283313802661,NB
frame_e~j~_391.37_391.5,58.72077240799763,0.0,-1.265798282768246,395.26104186183215,343.1514704041136,52.10957145771857,10.741102112876549,6.29471005582684,4.446392057049707,NB
frame_dZi_391.5_391.59,56.9656302626571,0.0,-0.524025070617728,396.4484088311248,349.2122955272704,47.23611330385444,1.8824487868792943,0.3757066685861048,1.5067421182931895,NB
frame_rej_391.59_391.72,23.50671576061549,0.0,-0.3066813425830727,403.1492123961677,349.664198344466,53.48501405170168,39.57291707117233,15.53927631638686,24.033640754785463,NB
frame_tu_391.72_391.8,50.964668071028825,0.0,-0.3387217752972222,379.0212315754918,332.87857549637835,46.142656079113465,8.532451396447698,5.012349653496699,3.520101742950999,NB
frame_ew_391.8_391.92,25.17404752556212,0.0,-0.519845504467971,402.7307295671857,349.2824032717904,53.4483262953953,36.6908428676671,17.388397795945536,19.302445071721564,NB
frame_na~w~_391.92_392.17,45.695712419963854,0.079999999999984,-0.5567529148841978,399.3847964037509,336.1975491967719,63.18724720697895,60.04187440548927,13.91112533359967,46.1307490718896,NB
frame_te~_392.25_392.54,6.384567242661575,0.0,2.869309546116533,404.83446962366287,335.632618154736,69.20185146892686,95.44688980892236,57.691478335134434,37.75541147378792,NB
frame_Ju_392.54_392.66,49.4051127743371,0.6399999999999864,0.0395241278065186,389.5482851767424,338.6245556795945,50.92372949714792,8.2096388513325,2.9135641900718525,5.296074661260647,NB
frame_es_393.3_393.42,109.0543248965134,0.0,-0.9461738282389792,378.88851687840827,328.80290579300555,50.08561108540272,3.688326952231321,1.2923510689042246,2.3959758833270968,NB
frame_pe_393.42_393.59,82.61864392124482,0.0,0.1196469811867238,403.23920501129214,345.2985313034473,57.94067370784484,50.054464756855424,22.647175410860072,27.407289345995352,NB
frame_ri_393.59_393.77,55.45862738709207,0.0,0.635990675767836,403.3152246784333,344.10963374305953,59.20559093537378,60.52165110484114,40.96857802805624,19.553073076784894,NB
frame_e~_393.77_393.85,16.693858439619646,0.0,-0.1776120120079214,400.1251615751208,352.09372032774104,48.03144124737986,26.216189220828824,13.080012406740622,13.136176814088202,NB
frame_sia_393.85_394.16,102.50336583243488,0.6699999999999591,-0.2340211340210622,393.44651088260025,323.9360040881569,69.5105067944433,27.766106120826755,18.995106995854144,8.770999124972612,NB
frame_dZi_394.83_394.91,37.16357487595516,0.0,-0.5240250706171785,400.39766446187247,351.1109197001701,49.28674476170238,25.353218845684808,9.01596718158001,16.337251664104798,NB
frame_adZ_394.91_395.0,31.570847975354567,0.0,-0.3445270160613903,400.939337602172,352.1926419804063,48.74669562176575,14.67143599853692,6.910902261078661,7.76053373745826,NB
frame_vo_395.0_395.15,44.04341256211964,0.0,-0.5372457439385123,400.0580949609413,345.53688966717635,54.52120529376498,15.864877927435572,7.970037207270835,7.894840720164737,NB
frame_ka_395.15_395.21,79.63040165356551,0.0,-0.5742821488583882,376.8629992553339,333.72506550889017,43.13793374644371,0.5986727259004283,0.3823483363437745,0.2163243895566537,NB
frame_si_395.21_395.27,39.254637650328846,0.0,-0.524025070617728,387.5945507364671,343.035503989344,44.55904674712315,77.89671550784658,48.83954845118535,29.05716705666123,NB
frame_a_395.27_395.34,56.50250744195844,0.1700000000000159,-0.2679419717958695,392.1706524467743,345.7966939427229,46.37395850405136,4.067868132162559,2.9119675051582306,1.1559006270043284,NB
frame_e~j~_395.51_395.71,56.247891452619655,0.0,-1.0481610286154388,396.7496412819741,337.1059617608408,59.64367952113327,48.291583964364605,25.64182280778698,22.649761156577625,NB
frame_Zus_395.71_395.92,88.01090746396237,0.0,-0.0865578398952061,386.7640054900442,327.3567683509856,59.40723713905868,36.504838492578855,20.405954244528672,16.098884248050183,NB
frame_tSi_395.92_396.04,67.7301746009837,0.0,-0.1373531551556902,389.1115179108836,338.44708535481215,50.66443255607146,9.68353686078808,4.6932384604372,4.990298400350881,NB
frame_sa_396.04_396.19,98.2228892998804,0.0,-0.4211120603269112,388.4879419490839,335.2314062530035,53.256535696080334,2.21574053081968,1.3813833577368868,0.8343571730827932,NB
frame_tra_396.19_396.36,71.54415597585096,0.0,-0.3445270160613903,391.5429281291746,336.6264935539208,54.916434575253845,45.84692269138174,14.646924526408696,31.19999816497305,NB
frame_ba_396.36_396.48,27.843489035826963,0.0,-0.1913569275299133,396.5083186565862,344.26705265285614,52.24126600373006,6.839744163411112,1.7216490396237702,5.1180951237873415,NB
frame_Lis_396.48_396.57,101.78461251300148,0.0,-0.5240250706171785,380.9671542483711,335.8539679125762,45.11318633579492,4.372057473534724,1.8957835738941784,2.476273899640546,NB
frame_ta_396.57_396.63,97.246683400314,3.019999999999982,-0.5742821488583882,375.0582711756063,330.86314108977723,44.19513008582902,6.006844288168018,3.50944157813894,2.4974027100290783,TB
frame_ew_399.65_399.74,84.36754320100616,0.0,-0.9461738282377676,397.6825824697527,348.0521650565215,49.63041741323116,0.8834226518931558,0.220529109846197,0.6628935420469588,NB
frame_o_399.74_399.88,62.14676199388029,0.0,0.6464824016707127,401.11051204197366,347.25191361619113,53.85859842578253,12.064770917896368,4.385714449441693,7.679056468454675,NB
frame_Zi_399.88_399.96,82.29444093742676,0.0,-0.524025070617728,389.4534380264857,341.8608558279693,47.59258219851637,6.499732153615341,4.853087642283782,1.6466445113315586,NB
frame_es_399.96_400.02,79.46777375894045,0.0,-0.9461738282377676,380.9624753820823,336.6463620945036,44.31611328757873,1.2480758989244831,0.4661480082312295,0.7819278906932539,NB
frame_tow_400.02_400.22,81.44125108809895,0.0,-0.6852117621395604,396.3717731152212,339.8751030603897,56.4966700548315,56.99785886591451,27.96429847280686,29.03356039310765,NB
frame_ko~_400.22_400.36,84.5426361798185,0.0,-0.74068621494729,393.1307848069192,340.3928442821913,52.73794052472795,38.94874569739349,14.428082732966004,24.52066296442748,NB
frame_fi~_400.36_400.55,98.17221316378888,0.0,-0.3742834237197152,387.8150086036008,330.1848222973974,57.63018630620337,49.47023031894206,32.35555514268849,17.11467517625357,NB
frame_na_400.55_400.76,80.74354955780649,0.0,0.3447383823287325,391.0830969796869,331.5774648271416,59.50563215254533,4.3981185785948895,1.6743416520327088,2.7237769265621807,NB
frame_du_400.76_400.83,78.88658805048262,0.0,-0.464803742998947,388.52405886370286,343.6307911747403,44.89326768896257,5.707822699428945,3.7675065643142736,1.9403161351146707,NB
frame_ajs_400.83_400.94,88.27339663017756,0.0,-0.5742821488579529,388.3890020917554,338.3564879296223,50.03251416213311,2.994302020414196,1.382355889040895,1.6119461313733012,NB
frame_mi~_400.94_401.0,75.15736919054939,0.0,-0.8376819483263676,383.67503299427983,339.2060016548039,44.46903133947592,2.0318058832657755,0.790305056299843,1.2415008269659324,NB
frame_Jas_401.0_401.15,43.41459525401666,0.0,-0.4976971045928673,386.8375268601611,333.1810789617985,53.656447898362615,103.97810153502058,58.60424930505064,45.37385222996994,NB
frame_a_401.15_401.26,89.52975296381395,0.0,0.0383982052666491,386.77694499171696,337.9183111975271,48.85863379418987,11.008518646584363,6.012417801351489,4.996100845232874,NB
frame_tSi_401.26_401.39,109.70381321912014,0.0,-0.524025070617728,381.55630989944206,332.50643369696587,49.049876202476185,1.5351870860780394,0.901038943947917,0.6341481421301225,NB
frame_vi_401.39_401.53,100.33155190925709,0.0,0.0559828025750539,380.7161760599681,329.9275913773994,50.78858468256874,27.54423126052626,15.888605932516285,11.655625328009975,NB
frame_da_401.53_401.69,82.57940263531752,0.0,0.11498324953217,392.4407087142344,336.4852313783581,55.95547733587625,10.533322208586426,6.877340739441436,3.65598146914499,NB
frame_dZis_401.69_401.78,99.28962959264202,0.0,-0.524025070617728,377.4973033699701,330.9868448394278,46.51045853054222,26.573852156007558,12.440279098689588,14.133573057317967,NB
frame_dZi_401.78_401.84,108.68003213203195,0.0800000000000409,-0.524025070617728,388.0545177661405,343.10502212007054,44.949495646070034,1.3263477753311506,0.5482816703620443,0.7780661049691062,NB
frame_pro_401.92_402.01,76.69002166555747,0.0,-0.9811437985424974,389.34366397545415,343.8974204542007,45.44624352125345,5.232315300628954,1.856162220209612,3.3761530804193427,NB
frame_fe_402.01_402.15,83.28436256930227,0.0,0.1196469811867238,388.19416706079255,337.18530100514243,51.00886605565012,4.27385765089781,1.59622192335668,2.67763572754113,NB
frame_soX_402.15_402.34,98.37013399192706,0.0,-0.9811437985416565,391.5016469545572,333.5815237505385,57.92012320401869,32.853420553582765,22.390125181375595,10.46329537220717,NB
frame_u~_402.34_402.37,82.62707460020172,0.0,-0.6008601663344335,379.1254675092581,338.14667106925543,40.97879644000267,1.4189735684406344,0.8552354709999008,0.5637380974407336,NB
frame_ni_402.37_402.51,87.46785437598463,0.0,0.2493187603063476,379.7802238650417,329.3600810592487,50.420142805792864,2.988398403531136,1.4312733144562344,1.557125089074901,NB
frame_veX_402.51_402.7,63.41379522816855,0.0,0.3328111430728338,390.9434394736472,334.447683625206,56.495755848441206,120.32271217942576,91.02486111397144,29.297851065454324,NB
frame_si_402.7_402.81,106.408563066896,0.0,-0.4273570917518064,382.92888557396304,333.2453232045134,49.683562369449646,0.9766693082191368,0.7513357249829227,0.225333583236214,NB
frame_ta_402.81_403.07,82.69645501325114,0.0,0.4213234265942534,395.11298989584833,328.80804836985203,66.3049415259963,56.29000797625566,31.410480506877064,24.879527469378598,NB
frame_riu_403.07_403.16,92.2838177130507,0.8899999999999864,-0.524025070617728,383.2718250721623,336.0563442532662,47.21548081889608,1.1117084682376657,0.6003376383641239,0.5113708298735418,NB
frame_fe_404.05_404.2,64.45671554996663,0.0,0.3328111430716221,406.0876450831449,350.0037147485407,56.08393033460425,17.774997873206473,7.197221187741221,10.577776685465253,NB
frame_liz_404.2_404.49,57.72904300577002,0.0,0.8293266334991296,391.2720738872181,322.97453465591786,68.29753923130022,110.05732442669994,88.32926724797647,21.72805717872346,NB
frame_me~_404.49_404.61,9.128448889404323,0.0,0.0400252421436485,395.6374115733614,343.256352344667,52.38105922869437,36.7349246404352,9.997746739817105,26.737177900618093,NB
frame_tSi_404.61_404.67,0.590350509829193,0.7799999999999727,-0.5240250706171785,373.8478828145498,330.1646946588216,43.68318815572826,3.814380761734356,2.4988183579700944,1.315562403764261,NB
frame_es_405.45_405.51,91.81538900986324,0.0,-0.9461738282377676,371.08082601335553,327.2935805081204,43.787245505235205,0.3506239474497121,0.2248171782308574,0.1258067692188547,NB
frame_tow_405.51_405.63,60.31692687255624,0.0,-0.6852117621404015,397.061243982018,345.31575754091074,51.74548644110729,8.409994457109107,5.103676331969879,3.306318125139228,NB
frame_muj~_405.63_405.77,45.864005785594586,0.0,-0.4648037429982303,393.6802547758301,342.3715163459051,51.30873842992503,12.04951980211544,4.157573474909924,7.891946327205517,NB
frame_tu_405.77_405.86,91.50628092092732,0.0699999999999931,-0.5908857106992385,377.5805769417139,330.91973578142154,46.66084116029237,1.6466537637032488,0.759352463109721,0.8873013005935277,NB
frame_ko~_405.93_406.07,79.23608602369167,0.0,-0.1815075808322088,390.552869392387,338.67959283923693,51.87327655315005,12.178241463495668,6.990677621744979,5.187563841750688,NB
frame_te~_406.07_406.32,77.55500736633849,0.0,0.4752997504467886,402.0586982077493,339.5862440434257,62.47245416432361,47.784634940293465,19.91899386578058,27.865641074512887,NB
frame_tSi_406.32_406.42,24.938968576781065,0.0,-0.1373531551556902,377.2147732848001,329.2342439541606,47.98052933063951,23.98740383062025,13.411598665151756,10.575805165468497,NB
frame_ko~_406.42_406.55,84.22454086832009,0.0,-0.74068621494729,391.96216467802833,341.51995149608933,50.442213181939,33.507699907699504,11.211474552340109,22.2962253553594,NB
frame_i_406.55_406.61,17.907916255846146,0.0,-0.2340211340210622,390.0722793854019,345.3321389020357,44.74014048336619,1.950010591243938,1.1075464277282094,0.8424641635157286,NB
frame_su_406.61_406.67,103.01632853593726,1.6200000000000043,-0.5908857106992385,376.6003600680375,331.7912642602177,44.8090958078198,3.0311919154214597,0.9695242124564416,2.0616677029650177,NB
frame_vi_408.29_408.47,60.84422453072148,0.0,-0.2340211340210622,401.8538352576918,342.87153936646484,58.98229589122696,23.19614033076354,11.527777913147858,11.668362417615684,NB
frame_vu_408.47_408.61,60.08898418169756,0.0,0.2916880632085348,395.1185292047869,341.73871942218886,53.379809782598045,10.795145780906124,2.814965515559763,7.980180265346362,NB
frame_nu~_408.61_408.76,63.952885695940864,0.0,-0.1472925699574301,395.2431198558263,340.2522717651997,54.99084809062663,6.254673985851085,2.771413577628252,3.483260408222833,NB
frame_a~_408.76_408.8,64.92391215462933,0.0,-0.7759811581717789,389.8633861690978,345.6705142713341,44.19287189776367,0.9996051447571404,0.5112997821840111,0.4883053625731293,NB
frame_bi_408.8_408.87,71.27567100859093,0.0,-0.4273570917518064,383.6843255934175,340.4997089320101,43.18461666140735,3.302459985711394,1.3364590744043454,1.966000911307049,NB
frame_e~_408.87_408.9,76.70972323500787,0.0,-1.265798282768246,370.1370670802939,328.530490347468,41.606576732825886,2.6165485988773725,2.0230080181173804,0.593540580759992,NB
frame_tSi_408.9_409.08,67.93605083807718,0.1200000000000045,0.635990675767836,397.9544279607175,340.38434839013206,57.57007957058545,17.564689882554802,5.871850475669902,11.6928394068849,NB
frame_sa_409.2_409.39,83.16953022762553,0.0,0.3447383823287325,392.3480511371133,336.2721024587876,56.075948678325744,38.2999264668392,15.115652901274656,23.18427356556454,NB
frame_dZi_409.39_409.71,33.624002035009624,0.0,1.7960064221534,392.5175833287397,321.7001746600734,70.81740866866625,127.4473366817012,74.45511137908915,52.99222530261204,NB
frame_u_409.71_409.74,12.132555729905247,0.0,-0.5908857106992385,367.99835901782114,327.3987719671163,40.59958705070477,7.018597332208032,3.38415140166569,3.634445930542341,NB
frame_gos_409.74_410.01,57.5989822360332,0.0,1.0903804562746977,397.6640443636513,331.84688498985673,65.8171593737946,26.58687736997697,7.793499235450227,18.793378134526748,NB
frame_tu_410.01_410.19,86.17993792256195,0.0,0.0395241278058019,386.003594146998,330.674349192817,55.32924495418098,33.59058592215809,17.811185953716716,15.779399968441377,NB
frame_dZi_410.19_410.26,75.91382982451536,0.0600000000000022,-0.4273570917523559,382.39235450903055,337.7096948238116,44.68265968521894,1.565852068065951,0.5311476491870053,1.0347044188789454,NB
frame_ko~_410.32_410.45,72.26411927080161,0.0,-0.3213022393609791,394.1831237523045,341.64667586024854,52.536447892056,11.638996145630443,4.773020513489286,6.865975632141158,NB
frame_vi_410.45_410.58,83.64647364831772,0.0,-0.2340211340210622,394.8770142967924,345.3673221707415,49.509692126050936,4.5898283561302975,1.8952234587400625,2.694604897390235,NB
frame_veX_410.58_410.77,76.93611897891422,0.0,0.1196469811867238,401.083413916739,343.69096643264334,57.39244748409567,18.70706113723864,4.593217115463034,14.113844021775606,NB
frame_ko~_410.77_410.9,109.61465036265564,0.0,-1.0202755320056254,388.9708828969585,337.8073633466201,51.16351955033844,3.0213935101890077,1.639734562385094,1.3816589478039134,NB
frame_ujs_410.9_411.0,105.508314844626,0.0,-0.4648037429982303,387.1961781498591,338.0900620607617,49.10611608909744,33.428246593121905,22.333713627683608,11.094532965438296,NB
frame_mews_411.0_411.18,84.16951174641441,0.0,-0.3066813425830727,396.017705400502,337.5981445334408,58.41956086706119,11.2716401566243,4.874795307069945,6.396844849554356,NB
frame_dZis_411.18_411.41,98.5495552448531,0.0,0.1526507814409755,392.69214222248274,330.9450880079271,61.74705421455565,25.131221681707785,12.36450615863366,12.766715523074126,NB
frame_si_411.41_411.53,10.79095062423204,0.0,-0.0406851762903181,396.4951670718384,345.62852138822666,50.866645683611694,38.399405402520046,17.941580407682153,20.457824994837893,NB
frame_pu_411.53_411.61,112.35862536634885,0.0,-0.5908857106992385,388.6753835247333,341.5591763688568,47.11620715587651,1.9850631586671523,0.5201838534066567,1.4648793052604958,NB
frame_lus_411.61_411.72,0.9941616650203288,1.099999999999966,-0.3387217752972222,385.8259121280668,338.489035013095,47.3368771149718,8.968326474527345,5.518198467650933,3.450128006876412,NB
frame_ko~_412.82_412.98,64.30324851312423,0.0,-0.1815075808314142,399.7578829497836,343.34561601994056,56.41226692984304,87.13849985419756,74.31088615919407,12.827613695003492,NB
frame_ujs_412.98_413.13,98.52991509642318,0.0,-0.5908857106999551,389.5512449815445,336.4394979313405,53.11174705020409,33.94181735142962,20.672226054889837,13.269591296539788,NB
frame_mews_413.13_413.33,90.49227663931832,0.0,-0.7330096663540809,400.4373428990196,341.13902069127,59.29832220774961,42.22900409837199,19.260096393922595,22.968907704449396,NB
frame_ko_413.33_413.49,76.48414044352569,0.0,-0.3892797257374643,400.3026910817009,344.26150056739766,56.04119051430325,4.601419146901549,1.7851721788433963,2.8162469680581523,NB
frame_le_413.49_413.66,68.67249573816642,0.0,0.7591394668426303,397.6439983452256,340.5389293438012,57.1050690014244,11.571654962436256,7.023062585731424,4.548592376704832,NB
frame_gas_413.66_413.81,3.633108633758241,1.490000000000009,-0.5742821488583882,386.6282106484754,334.5036670946749,52.12454355380049,17.603102894077352,9.876742325146466,7.726360568930886,NB
frame_i_415.3_415.99,129.2311580508071,0.0,5.8560615345028735,398.08355862550536,287.6512211074657,110.43233751803967,220.85617725461103,171.58173490860673,49.27444234600429,NB
frame_es_415.99_416.06,55.493137451997626,0.0,-0.9461738282389792,392.66416168838055,347.0711398079479,45.59302188043267,71.48661181490618,38.70940671631243,32.777205098593754,NB
frame_tow_416.06_416.27,67.10797956447638,0.1000000000000227,0.3505503652686166,401.3691456900215,339.7879617048892,61.58118398513227,30.33436801764981,13.762532983372068,16.57183503427774,NB
frame_a_416.37_416.45,19.115330170374875,0.0,-0.1913569275303487,388.1684526852196,342.9995549996761,45.16889768554353,124.29797047016773,83.9938364625136,40.30413400765413,NB
frame_fas_416.45_416.93,68.70354784005536,0.0,0.6510785593912513,392.5333952769752,306.1261072811974,86.4072879957778,58.19463138480793,34.37959686261647,23.81503452219146,NB
frame_ta_416.93_417.13,61.261499875103866,0.0,-0.2679419717958695,392.1172917077473,332.9418723262884,59.17541938145894,12.72666545559244,6.82672539798908,5.899940057603359,NB
frame_du_417.13_417.19,91.42741600687184,0.0,-0.5908857106999551,376.6895552240335,333.1748248821806,43.51473034185284,1.759971669405502,1.0345900581925065,0.7253816112129954,NB
frame_de_417.19_417.25,88.39310064860217,0.0,-0.9461738282389792,383.7045356045035,339.04129664628795,44.66323895821557,4.473263478049709,1.810265628852541,2.6629978491971684,NB
frame_sa_417.25_417.52,77.37184186137539,0.5099999999999909,0.4213234265942534,387.68928947443976,321.8520317559788,65.83725771846099,29.216781480489324,14.142707834160262,15.074073646329062,NB
frame_de_418.03_418.13,45.080608943796136,0.0,-0.0935171806981744,395.3830312749429,346.53077490176497,48.852256373177966,4.89439443409006,2.105133281152362,2.789261152937698,NB
frame_si_418.13_418.37,90.5927488596482,0.0,0.3459867391717197,387.53191339382505,327.0366859929911,60.495227400833926,4.166986041927814,1.550237191872064,2.6167488500557496,NB
frame_buR_418.37_418.62,52.15096685980855,0.0,1.3003438048165994,398.6380580851737,334.48899282864926,64.14906525652447,37.88434979375211,19.450323392642176,18.43402640110993,NB
frame_bu_418.62_418.78,58.0463763697022,0.0,0.5438519986098342,400.6644084089225,343.42568177310363,57.238726635818864,11.08727487690588,7.192040014336058,3.895234862569822,NB
frame_ri~_418.78_418.96,36.518670457110346,0.0,1.9427091993082788,399.80386350553687,341.6934064391443,58.11045706639254,18.07857386855588,4.845750008800209,13.232823859755667,NB
frame_Ju_418.96_419.34,62.06615440977989,0.6100000000000136,3.4437372557358863,389.6985677520616,314.60346308545905,75.09510466660248,28.1790179554076,19.10640805594987,9.072609899457731,NB
frame_de_419.95_420.06,49.793370499042666,0.0,-0.0935171806981744,402.5245562815665,350.65246879355925,51.87208748800725,5.256381880908748,1.663385549866149,3.592996331042599,NB
frame_si_420.06_420.24,94.57667603781664,0.0600000000000022,-0.5240250706171785,381.80229778065296,325.46018140149937,56.3421163791536,2.880070575144273,1.1170101659083755,1.763060409235898,NB
frame_koX_420.3_420.55,0.643774111774519,0.0,0.4985163834696646,404.05526678473854,339.4040912241114,64.65117556062711,9.00074633019743,2.9546591377494167,6.046087192448013,NB
frame_pu_420.55_420.71,56.87147831352775,0.0,-0.5908857106999551,394.5996268580469,340.10622136922524,54.49340548882168,2.307358805438483,0.9678046663069466,1.3395541391315362,NB
frame_a_420.71_420.76,30.844983442147296,0.1000000000000227,-0.4211120603269112,381.5442907136224,339.6498987136354,41.894391999986965,13.541150001247104,9.311332951021155,4.229817050225947,NB
frame_koX_420.86_421.09,30.031722874599595,0.0,0.2025843470675687,400.2844552931053,339.66451242276014,60.61994287034514,7.567972215580781,3.2284044970132584,4.3395677185675225,NB
frame_pu_421.09_421.23,70.26971094240905,0.0,-0.2126398075962141,386.9241288787569,335.52494320820915,51.39918567054775,30.3328816323318,16.872600095807783,13.460281536524016,NB
frame_da_421.23_421.51,64.10840600411396,0.0699999999999931,0.7276636036567721,393.8535239063752,327.6074762002756,66.24604770609966,11.475012108756886,8.196425197038877,3.2785869117180084,NB
frame_da_421.58_421.78,102.30258397309714,0.3400000000000318,0.4979084708597742,384.8456824210632,329.3619681752499,55.483714245813246,23.525234192691716,17.77919024200608,5.746043950685632,NB
frame_da_422.12_422.2,38.46982307143144,0.0,-0.4976971045928673,390.8716313242819,345.5689585003121,45.30267282396983,5.186469243123312,1.978363227641992,3.20810601548132,NB
frame_adZ_422.2_422.31,50.105623319998585,0.0,-0.3445270160613903,392.8245858742261,342.5390568966604,50.28552897756566,10.940395444617067,4.789691215916477,6.15070422870059,NB
frame_vo_422.31_422.48,53.93956200593955,0.0,-0.6852117621395604,396.016479572285,339.4753816207756,56.54109795150941,38.41683213149338,10.784018786022656,27.632813345470723,NB
frame_ka_422.48_422.54,72.87166000883042,0.0,-0.5742821488579529,374.07423689101273,331.7947722295856,42.27946466142714,1.7352610733315146,0.9249167815278838,0.8103442918036308,NB
frame_si_422.54_422.6,77.32862382280749,0.0,-0.5240250706171785,386.33225850482086,341.25803588009865,45.07422262472221,7.870204013792694,4.160209043078559,3.709994970714135,NB
frame_a_422.6_422.65,59.97281716798037,0.2000000000000454,-0.4211120603273465,383.9930466028022,340.2440959940715,43.74895060873075,16.092593812285955,11.006922149816615,5.085671662469338,NB
frame_i_422.85_423.02,54.387506582175945,0.0,0.82932663349858,394.9184553775861,338.97467510936315,55.943780268222895,99.866514889548,73.83850932720895,26.028005562339047,NB
frame_da_423.02_423.13,79.48541240953824,0.0,-0.2679419717958695,397.5150930634927,345.8995563898477,51.61553667364501,10.76373555375008,5.926916259806404,4.836819293943677,NB
frame_Zus_423.13_423.38,102.71005303855796,0.0,-0.2126398075962141,382.1150722937261,319.6005582078175,62.514514085908615,25.83818455268089,15.097827820759946,10.74035673192094,NB
frame_tSi_423.38_423.46,32.605436310143546,0.0,-0.3306891128869838,381.87170937870894,335.2079739708292,46.66373540787976,95.30752048326312,40.06149931257573,55.2460211706874,NB
frame_sa_423.46_423.52,111.88049664338403,0.8300000000000409,-0.5742821488583882,374.7717631453623,330.41383250969164,44.35793063567064,0.6353246053014558,0.2777227703984479,0.3576018349030079,TB
frame_sEX_424.35_424.44,40.60097566698664,0.0,-0.6396690827892639,389.63182603869984,342.322542435599,47.30928360310082,127.2082602073099,47.07294266973176,80.13531753757815,TB
frame_tu_424.44_424.51,2.1053158782515595,0.1200000000000045,-0.5908857106999551,381.5173862342141,334.7927473753907,46.72463885882343,15.31377938219191,10.36278004061677,4.950999341575141,NB
frame_kwa~_424.63_424.76,184.89561941830092,0.0,-0.3375246715966165,394.2737395134929,343.19695145245606,51.07678806103684,39.33798454019865,14.206635002005726,25.13134953819292,NB
frame_du_424.76_424.82,121.35517655824792,0.0,-0.5908857106999551,380.7981383883275,337.12392864367325,43.67420974465426,12.497939510310346,5.020228974076758,7.477710536233587,NB
frame_u~_424.82_424.93,60.716675453368,0.0,-0.1472925699574301,403.7446854681804,352.58374558626554,51.16093988191483,34.380543321069354,20.117367249242363,14.26317607182699,NB
frame_e~_424.93_424.98,2.991237743496185,0.0,-0.8305237744638687,397.3831529670385,353.3370574621048,44.0460955049337,18.52963591423452,9.995880927827043,8.533754986407473,NB
frame_pre_424.98_425.18,29.61119250216333,0.0,0.1196469811867238,400.1533243762673,341.64162949491384,58.51169488135344,39.73546036800195,20.89939112724943,18.83606924075252,NB
frame_ga_425.18_425.45,33.22443409777904,0.0,0.4213234265942534,405.55218682117743,336.11754670870823,69.43464011246914,49.74475013144931,19.877625154793805,29.867124976655504,NB
frame_du_425.45_425.53,53.78083600225003,0.0,-0.3387217752979389,390.0889915450758,345.1440171733037,44.944974371772105,9.195191253681172,2.571807820145864,6.6233834335353095,NB
frame_pro_425.53_425.64,70.29751495669203,0.0,-0.9811437985424974,394.2486720484084,343.91391687862404,50.33475516978433,149.40777842346523,36.38483424825597,113.02294417520928,NB
frame_fe_425.64_425.8,98.4740433707585,0.0,-0.519845504467971,401.8629411730815,345.54694744357727,56.31599372950421,153.1226781348186,65.49102640496307,87.63165172985552,NB
frame_soX_425.8_426.07,81.81398117620182,0.0900000000000318,-0.0933476893353683,403.9848405405919,337.70684452265584,66.277996017936,165.12224827526404,64.73274664980843,100.38950162545562,NB
frame_e_426.16_426.26,4.115370944856068,0.0,0.5459753049565204,406.2912466020645,354.7917830200602,51.499463582004296,17.020611151718242,4.443501849983647,12.577109301734597,NB
frame_li_426.26_426.47,1.597928949288871,0.0,0.8293266334991296,400.4712721999207,341.8910694432051,58.58020275671561,24.60021624076927,9.9684951351054,14.631721105663871,NB
frame_saj_426.47_426.68,1.9510108643768265,0.0,0.11498324953217,404.3063339540304,342.4403536049566,61.86598034907371,53.92515888128577,30.24817366601505,23.67698521527072,NB
frame_poX_426.68_426.87,58.69595879502552,0.0400000000000204,-0.6852117621395604,403.015004964013,345.51532824570563,57.49967671830734,163.3761039670858,63.25504815822978,100.12105580885604,NB
frame_ko~_426.91_427.09,17.507779213778576,0.0,0.377671053283667,405.7398906179322,348.0114670312948,57.728423586637405,42.636805914353005,11.251933806336694,31.38487210801631,NB
frame_tra_427.09_427.28,94.75521533321076,0.2700000000000386,-0.3445270160618257,400.3135160115192,341.3907972997813,58.92271871173784,147.64078089140486,63.33255448647637,84.3082264049285,NB
frame_poX_427.55_427.68,11.368920405502507,0.0,-0.3892797257374643,404.4622111827479,351.1393618733887,53.32284930935924,12.409678650130928,3.3690273452127717,9.040651304918155,NB
frame_ko~_427.68_427.9,2.7032524582799056,0.0,0.0980817362253318,405.3358859344507,341.84790414602963,63.48798178842105,201.568682589348,47.77271730392516,153.7959652854228,NB
frame_ta_427.9_428.05,63.13248733767696,0.0899999999999749,-0.3445270160613903,394.36520611439937,341.6139115366332,52.7512945777662,155.1708907248817,62.8509589715396,92.3199317533421,NB
frame_prO_428.14_428.46,7.646778089499122,0.0,1.4306802431823862,407.3449087920745,335.41204399144544,71.93286480062909,55.23496653672981,18.69546164383749,36.539504892892325,NB
frame_pria_428.46_428.65,111.98284900652123,0.2700000000000386,-0.524025070617728,389.2750282383834,332.66734309885186,56.607685139531554,134.87877355292215,76.64692521485031,58.231848338071856,NB
frame_kwajs_428.92_429.16,50.35706047570108,0.0,-0.3445270160613903,403.24841374885216,341.7675242042818,61.480889544570346,353.2128669680538,98.17343548331591,255.03943148473783,NB
frame_ujs_429.16_429.31,30.36053771358013,0.0,-0.2126398075962141,397.6301183265749,344.85843145831734,52.771686868257575,121.59671994593808,60.81204122965818,60.7846787162799,NB
frame_dZi_429.31_429.41,9.10093908955244,0.0,-0.2340211340210622,404.9293867018857,353.86819071707055,51.06119598481513,16.055328735258172,6.094253903436396,9.961074831821776,NB
frame_rej_429.41_429.56,58.43868099099106,0.0,-0.3066813425830727,404.623038610429,349.10535490617224,55.5176837042568,19.322490934086343,10.742086213809388,8.58040472027696,NB
frame_tus_429.56_429.65,81.83408624217688,0.1500000000000341,-0.5908857106992385,375.9131688266701,329.34153595388347,46.571632872786665,23.695337257022487,11.195887497275637,12.499449759746852,NB
frame_ki_429.8_429.86,123.81528662544464,0.0,-0.5240250706171785,376.8898780348376,332.08831342233265,44.80156461250493,0.98767170297144,0.4042738741644669,0.583397828806973,NB
frame_ko~_429.86_430.0,7.166672135622065,0.0,-0.1815075808322088,397.2541971811149,344.3052981194318,52.94889906168305,31.94088092819064,15.989077122798648,15.95180380539199,NB
frame_pe_430.0_430.2,30.82862989209121,0.0,0.7591394668426303,401.1442293971303,341.8114074818687,59.3328219152616,140.79530895604995,45.571974898848254,95.2233340572017,NB
frame_te~j~_430.2_430.57,50.04990146102995,0.0,-0.6128865203122986,392.6741224408957,316.8072158942503,75.8669065466454,156.83193796075506,80.50377884444993,76.32815911630512,NB
frame_a_430.57_430.66,58.21610888345332,0.6999999999999886,-0.1147718832643925,388.8675823535153,340.95779571803604,47.90978663547929,180.82481345219423,103.9982910630883,76.82652238910595,TB
frame_e_431.36_431.48,6.338911854860299,0.0,0.9723036287275286,405.35998127638976,353.9417802695904,51.41820100679939,20.369034567591257,15.135959325223183,5.2330752423680735,NB
frame_li_431.48_431.63,38.60851451179329,0.0,0.3459867391717197,394.3098946519233,341.51521368841054,52.79468096351275,93.22491108406494,41.78750305422133,51.43740802984361,NB
frame_be~j~_431.63_431.72,83.51685204755785,0.0,-1.265798282768246,400.4746387715383,353.1188158701485,47.35582290138973,76.28164935088171,57.02969096764954,19.251958383232164,NB
frame_ew_431.72_431.93,12.471580679982594,0.0,0.7591394668414186,408.57408436629487,348.08821862395746,60.48586574233741,326.3582360070948,200.24181909308948,126.11641691400528,NB
frame_ew_431.93_432.1,21.413719478255643,0.0,1.185467790612427,415.5764256384251,357.16809116409024,58.40833447433488,19.43978616998268,7.129331707278112,12.31045446270457,NB
frame_de_432.1_432.25,43.19836617142386,0.0,0.1196469811867238,414.75512993038177,357.3833906856797,57.3717392447021,42.973518401978566,14.163641858477206,28.80987654350136,NB
frame_vu_432.25_432.38,35.64587904438491,0.0,-0.2126398075962141,404.8884415414259,353.0527837114412,51.83565782998471,38.14254364482716,18.44413254639593,19.698411098431222,NB
frame_dZi_432.38_432.5,12.648480292600198,0.0,0.0559828025750539,410.7750027597903,356.1302068363856,54.64479592340473,39.40599082272297,16.895892990761013,22.51009783196196,NB
frame_zeX_432.5_432.82,53.653725569663706,0.0,2.4644527619230283,413.4271525047178,341.75258933760995,71.67456316710786,29.725152895461434,11.094137757451463,18.63101513800997,NB
frame_ki_432.82_433.25,82.9577214518575,0.3899999999999863,2.376014295346182,403.5992902393826,320.124611825948,83.47467841343467,46.59227598792039,15.8399563588423,30.752319629078087,NB
frame_an_433.64_434.5,12.591838024736576,2.3899999999999864,5.552521392389374,401.7583027985442,275.93045952545987,125.82784327308434,65.69962133219643,44.54123683473178,21.15838449746465,NB
frame_u_436.89_436.97,4.558892164561513,0.0,0.0395241278065186,408.56584640378617,359.9379515893544,48.62789481443184,13.29146410723726,6.715792762835235,6.575671344402025,NB
frame_ki_436.97_437.11,62.90742571474229,0.0,-0.3306891128864344,409.99685393840025,353.7622946775039,56.23455926089633,71.35076554914585,41.06823831795302,30.28252723119283,NB
frame_vow_437.11_437.33,24.995408938308017,0.0,-0.0933476893345272,407.7881039467703,344.78327763726,63.00482630951024,52.16173993911013,34.1922297006425,17.969510238467635,NB
frame_de_437.33_437.46,42.44688400222228,0.0,-0.0935171806981744,405.99749324736536,352.5051506065483,53.49234264081707,14.29567126783462,5.317655151058773,8.978016116775848,NB
frame_kla_437.46_437.72,68.32974776714697,0.0,0.0383982052666491,400.8743474386658,334.2333653565828,66.64098208208304,36.39947672581748,16.344766398921934,20.054710326895545,NB
frame_raX_437.72_438.05,33.23716555472352,1.4399999999999975,0.804248647922293,403.27347272968206,330.326444272871,72.94702845681104,78.08711537841266,37.08078597775206,41.00632940066061,NB
frame_E_439.49_439.56,4.078429824653199,0.0,-0.3910124908402149,395.5390960416884,348.4985272147764,47.040568826911965,1.8347222336838345,1.1719191762976775,0.6628030573861565,NB
frame_muj~_439.56_439.74,54.11791888501364,0.0,-0.3387217752972222,398.6045794420613,341.10296343825087,57.50161600381045,72.6585675444997,24.2087160406808,48.449851503818905,NB
frame_tu_439.74_439.86,7.417295409145765,0.0,-0.4648037429982303,400.5451297321304,349.0277971755698,51.51733255656063,158.93271738936085,65.85385529389617,93.07886209546469,NB
frame_a_439.86_439.92,24.23802795354834,0.0,-0.3445270160613903,405.4710120665799,358.07695241974625,47.394059646833625,9.117382127970105,5.382019547029017,3.7353625809410858,NB
frame_le_439.92_440.03,1.385417422249958,0.0,-0.9461738282389792,406.3509370653611,353.22653457349725,53.12440249186386,23.93958303760141,12.8311344489843,11.108448588617108,NB
frame_a_440.03_440.21,67.84215189477302,0.0,0.5744935151257304,402.0585067147112,346.1037363060681,55.95477040864301,33.35323334223908,12.309791157541596,21.043442184697483,NB
frame_tO_440.21_440.44,9.060860074296071,0.0,0.7246302530408653,409.4299197526878,343.95564079761897,65.47427895506883,37.01516701556656,15.191064721129436,21.824102294437125,NB
frame_riu_440.44_440.56,39.248672595689214,0.0,-0.524025070617728,403.7420716716139,351.64601101855976,52.09606065305417,30.19472642559893,17.04781420528505,13.14691222031388,NB
frame_poX_440.56_440.73,41.82628184972556,0.0,0.0546183288656796,403.6139261788783,347.0506327397568,56.56329343912148,16.88199338274515,6.230380847187632,10.651612535557518,NB
frame_ki_440.73_440.95,40.63052137583885,0.0,0.3459867391717197,402.0179679418945,339.91085691147515,62.10711103041933,68.22142718994678,24.602845831805027,43.61858135814175,NB
frame_ko~_440.95_441.1,82.32203442801054,0.0,-0.8804808734760604,394.33790441951527,340.4390657229086,53.898838696606674,5.5389302719564455,3.6919914715743047,1.8469388003821408,NB
frame_mu_441.1_441.23,3.780148363657588,0.0,-0.3387217752972222,392.39914060415794,339.31030234023,53.088838263927926,5.798238611408863,3.471635369808439,2.326603241600424,NB
frame_nOjs_441.23_441.43,11.59274479042341,0.0,-0.5109572297077994,400.52377421945295,340.13075768037885,60.3930165390741,9.896473228053054,3.2235438801820067,6.672929347871047,NB
frame_a_441.43_441.51,23.85323718234868,0.0,-0.1913569275303487,402.7798783165885,354.08333393961453,48.696544376973975,15.449960283148783,7.381067777428655,8.068892505720129,NB
frame_ka_441.51_441.69,57.29667417009367,0.0,-0.1147718832648278,400.17945962452507,342.35535766662827,57.8241019578968,52.69975974383922,25.59721346325412,27.102546280585106,NB
frame_ba~_441.69_441.86,47.10682015067424,0.0,-0.3375246715966165,401.116614705023,343.7566931028733,57.359921602149655,14.396548149177178,6.538039984026341,7.858508165150837,NB
frame_mus_441.86_442.04,61.013118986860746,0.0,-0.0865578398952061,393.08111040232166,335.87883713707805,57.202273265243605,10.495497987572818,6.284353693762114,4.211144293810705,NB
frame_dZi_442.04_442.16,58.50376115195495,0.0,0.0559828025756034,397.8269967108861,345.2652664963609,52.561730214525255,6.907793249098248,4.114895693532191,2.792897555566057,NB
frame_veX_442.16_442.41,34.69794419964781,0.0,1.185467790612427,401.4920888221481,336.0056970064513,65.48639181569672,49.26258911210101,17.641573322798408,31.621015789302604,NB
frame_ew_442.41_442.57,3.0692205091826,0.0,0.1196469811867238,399.1709979935971,342.5751015566207,56.595896436976375,47.46504978524689,24.161131603960055,23.303918181286832,NB
frame_na~w~_442.57_442.78,6.58116261258715,0.1100000000000136,-0.9952094014593602,394.1237145393076,333.8597656922634,60.26394884704416,68.85224415642851,27.31080271094112,41.54144144548739,NB
frame_sow_442.89_443.28,42.70119944607427,0.1100000000000136,0.4985163834696646,409.3971027066976,329.22246724069936,80.17463546599828,76.13987398871541,40.6402063906975,35.49966759801791,NB
frame_u~_443.39_443.52,49.95558361702018,0.0,-0.0339006708632599,396.708209799676,342.72613230924605,53.9820774904299,7.71114264295727,4.136248370600924,3.574894272356346,NB
frame_adZ_443.52_443.59,56.90094183533678,0.0,-0.497697104592432,394.9508308953553,348.59127359311856,46.35955730223674,1.1140938625433137,0.2366524947178874,0.8774413678254263,NB
frame_vo_443.59_443.85,58.34156047792531,0.0,1.8302105472807788,399.2072985696085,332.54370789495283,66.66359067465561,16.65293208582507,7.797770719893066,8.855161365932005,NB
frame_ga_443.85_444.03,48.88626532462872,0.0,0.1149832495317347,399.7993147109127,342.5401793615011,57.25913534941162,30.111212327231925,8.942657111713473,21.16855521551845,NB
frame_du_444.03_444.13,66.01693000111874,0.0,-0.0865578398952061,388.6511678694035,339.80783568828826,48.843332181115215,1.8823042462477133,1.2231083831741074,0.6591958630736059,NB
frame_mi_444.13_444.25,61.91455180533933,0.0,-0.2340211340210622,399.2222153720684,345.72893941424775,53.49327595782063,12.611513892480572,3.4536416120213715,9.157872280459202,NB
frame_li_444.25_444.4,14.154107805225236,0.0,0.3459867391717197,403.7779279834621,348.7245539193055,55.05337406415663,49.63822018312857,17.29451755948014,32.343702623648426,NB
frame_ta~_444.4_444.6,69.42579312659686,0.0,0.100931814979792,403.3583827447208,343.6862406205404,59.67214212418037,65.71044258266937,43.182364104664,22.52807847800536,NB
frame_tSi_444.6_444.66,92.964205274272,1.579999999999984,-0.5240250706171785,381.03114537560623,338.0384994817574,42.99264589384882,3.162362017153057,1.5927673141480412,1.5695947030050164,TB
frame_i_446.24_446.34,31.93259283406404,0.0,0.152650781440426,406.2661979610695,354.8858851353912,51.380312825678345,4.387423286666049,0.945089299026236,3.442333987639813,NB
frame_na~w~_446.34_446.5,35.61349869598068,0.0,-0.9952094014606064,400.00720388457466,343.09350203375806,56.91370185081661,32.55357394781561,12.42859804112048,20.124975906695127,NB
frame_sow_446.5_446.76,19.51855892787816,0.0,-0.6852117621395604,405.28058927946654,340.005250964167,65.27533831529956,11.021180609866477,3.831564863310362,7.189615746556115,NB
frame_ko~_446.76_446.94,45.32739440442023,0.0,-0.3213022393609791,396.2718105361096,339.50512004849526,56.76669048761437,27.04516439201336,13.849981845328074,13.195182546685288,NB
frame_suw_446.94_447.16,31.18194419265869,0.0,-0.3387217752972222,395.4465296891631,335.5965090269144,59.85002066224877,131.24065603270793,82.531112527715,48.70954350499292,NB
frame_toX_447.16_447.38,41.47731199300115,0.0,0.0546183288656796,402.3491892546052,342.3630972925214,59.986091962083776,50.64109031285416,11.804660621059952,38.83642969179421,NB
frame_dZi_447.38_447.46,52.01207708163446,0.0,-0.4273570917523559,397.6175309079076,350.2430494063876,47.37448150152,6.971857635731283,3.942939938544228,3.0289176971870546,NB
frame_fiR_447.46_447.74,25.74416290786546,0.0,-0.0406851762903181,407.1472569664456,338.30403910571187,68.84321786073372,18.928012672993148,5.2018619585359005,13.726150714457248,NB
frame_mas_447.74_447.89,69.60118040086101,1.830000000000041,-0.5742821488579529,389.6198946820736,335.8510822148346,53.76881246723895,13.420919017079548,8.875125305591112,4.545793711488436,TB
frame_majs_449.72_450.0,18.452542396775783,0.8899999999999864,0.2681533380632117,407.7603523193688,338.4099666184842,69.35038570088454,74.65991259170104,21.489420270577824,53.17049232112322,NB
frame_o_450.89_451.08,23.81997964909081,0.0,1.3863124926767938,413.4752055298926,351.7063219344574,61.76888359543523,72.12307826291465,28.103257811323857,44.01982045159079,NB
frame_Zi_451.08_451.48,111.9850757184124,1.240000000000009,1.602670464422656,402.0107345625906,323.6062209594613,78.40451360312926,26.60408360500193,10.30731238477263,16.296771220229303,NB
frame_a_452.72_453.25,2.087100233481536,1.5500000000000114,3.254970064421137,391.219140808204,299.2159855742749,92.00315523392914,45.432620781694894,25.111502209622003,20.32111857207289,NB
frame_e_454.8_454.92,9.48426654527043,0.0,0.9723036287275286,407.7189634422816,354.0592764272933,53.65968701498832,28.28473891637576,9.910131232992851,18.374607683382905,NB
frame_zis_454.92_455.32,21.23040621536936,0.0,0.3459867391717197,399.56209609699977,323.068555608253,76.49354048874676,138.1262521938473,63.60452092619113,74.52173126765618,NB
frame_tSi_455.32_455.62,2.4873550477421986,0.0,1.4093345066919116,398.4712571829522,333.2316243757272,65.23963280722501,174.2020149158446,102.6762170905414,71.5257978253032,NB
frame_u_455.62_455.75,20.744241499794413,0.0,0.6699339663115591,404.0118277259927,350.618058745602,53.39376898039069,192.00008956706256,142.62703790354632,49.37305166351622,NB
frame_ki_455.75_455.93,35.35037657034188,0.0,0.1526507814409755,401.0064051047559,344.91665361409554,56.08975149066032,85.56008814273535,25.74642415708918,59.81366398564617,NB
frame_si_455.93_456.06,26.148413318746293,0.0,-0.1373531551556902,401.4555440027248,348.15833242746555,53.29721157525921,24.741065574515066,9.408596515971851,15.33246905854321,NB
frame_Sa~_456.06_456.27,50.06888777272475,0.0,-0.1182964283090353,404.5541936124175,342.2202937607337,62.33389985168378,82.75439511784495,36.9445379965962,45.809857121248754,NB
frame_ma_456.27_456.41,35.59384850696051,0.0,-0.5742821488579529,398.01337778762985,343.7710223599299,54.24235542769998,32.351812598807584,15.563946525939857,16.78786607286773,NB
frame_u_456.41_456.49,70.33129551383728,0.1899999999999977,0.0395241278058019,394.95051217535377,347.7820702420704,47.16844193328336,10.784917074572292,6.336797837937681,4.448119236634611,NB
frame_fu~_456.68_456.89,10.699632944116502,0.0,0.1361871777779954,404.4958022621688,343.9026019303722,60.5932003317966,43.16749034048127,19.07691136089423,24.09057897958704,NB
frame_du_456.89_457.0,48.82828148445084,0.0,-0.2126398075962141,401.9388207018976,349.48792059741425,52.45090010448342,18.97122788546983,9.684981855376805,9.286246030093023,NB
frame_dZi_457.0_457.13,57.58402843457107,0.0,-0.2340211340210622,400.12145068999314,346.7210197313851,53.40043095860801,18.73490843603305,5.787036279212401,12.947872156820653,NB
frame_ga_457.13_457.28,59.5013654969212,0.0,-0.4211120603273465,403.3885432036229,348.4695080331844,54.91903517043852,16.592359753809447,7.741678437708956,8.850681316100491,NB
frame_ra~_457.28_457.43,51.88529084182058,0.0,0.7586165448425357,396.051100745792,341.6539681402228,54.3971326055692,84.52202740248599,60.16905765614975,24.35296974633624,NB
frame_tSi_457.43_457.76,50.60275046788952,0.0,0.8293266334991296,402.0969667117833,327.2562501200321,74.84071659175117,108.3494527671923,58.787300656438575,49.56215211075373,NB
frame_a_457.76_457.83,76.06998818847732,0.8900000000000432,-0.2679419717958695,387.54825213033234,341.7206523014456,45.827599828886775,3.4936122001375054,2.193519063133792,1.3000931370037137,NB
frame_kEX_458.72_458.86,2.521319105227633,0.0,-0.5153407868147395,406.9392852535983,354.254053216627,52.685232036971286,10.850437769041406,5.281115275543726,5.56932249349768,NB
frame_dZi_458.86_458.92,29.18401615685275,0.0,-0.5240250706171785,387.1020234932229,343.7183756327564,43.38364786046645,27.284781215508133,16.442752087346477,10.842029128161656,NB
frame_zeX_458.92_459.16,20.79274676908049,0.1199999999999477,1.6117961143822237,405.5309672219931,342.3637731082365,63.16719411375658,18.552456386188496,3.4118949502689304,15.140561435919563,NB
frame_u~_459.28_459.41,31.444354880728127,0.0,-0.0339006708629376,404.7138966512352,350.26465762247227,54.44923902876292,19.930820448840507,9.234313100452027,10.69650734838848,NB
frame_de_459.41_459.53,16.76229464795378,0.0,-0.3066813425842844,409.08814942545246,354.90478257357927,54.183366851873245,37.912230336728726,14.575359176923,23.336871159805725,NB
frame_pO_459.53_459.83,24.77914060093292,0.0,0.5481177555044817,410.0335695539872,339.0314583341126,71.00211121987451,13.515661190541708,5.829366632447517,7.68629455809419,NB
frame_zi_459.83_459.97,20.61323377306462,0.0,-0.1373531551551407,394.438750763827,343.8914360322889,50.54731473153811,26.655653811842384,10.148747039066649,16.506906772775736,NB
frame_tu_459.97_460.18,53.01664235033678,0.7799999999999727,0.543851998610551,396.4419056936162,336.7779539981443,59.66395169547189,119.79490045724162,77.50241448193174,42.29248597530989,NB
frame_ki_460.96_461.05,14.29860527303829,0.0,-0.4273570917518064,407.82009965946617,357.16383145472946,50.65626820473671,6.32939412638305,4.10723247164303,2.2221616547400203,NB
frame_si_461.05_461.25,36.44505602328569,0.0,0.0559828025750539,401.8015107358461,343.5954674112076,58.20604332463853,85.84705084284438,48.68811887183772,37.158931971006666,NB
frame_pro_461.25_461.43,2.7973303978873503,0.0,0.0546183288665207,405.9724603138796,347.3433043828129,58.62915593106669,22.86983162107684,10.457597200368156,12.412234420708684,NB
frame_se_461.43_461.69,29.519900802456448,0.0,1.3986319524973252,403.4744236267841,337.88730460574664,65.58711902103744,65.79776332963785,21.53149556442503,44.26626776521282,NB
frame_sa_461.69_461.9,71.62386534452563,0.0800000000000409,-0.1147718832648278,398.2168569714433,337.44228081801657,60.77457615342672,3.1586051627210026,1.9664860455550013,1.1921191171660013,NB
frame_poX_461.98_462.18,4.01124867949747,0.0600000000000022,0.3505503652686166,405.0701183042394,345.6242892716044,59.44582903263501,9.270761694148176,5.361302155485305,3.909459538662873,NB
frame_pa_462.24_462.37,12.860042098698017,0.0,-0.3445270160613903,400.04863753847104,349.80947749320404,50.239160045267,57.84294454111341,41.00063629817996,16.842308242933456,NB
frame_ga_462.37_462.5,4.614718674234638,0.0,-0.3445270160613903,399.05443139429576,345.8991579487969,53.15527344549884,9.604906300308611,4.467627198040134,5.137279102268479,NB
frame_me~_462.5_462.68,13.854717520888896,0.0,-0.1776120120091585,397.738365147232,340.09731428402984,57.64105086320217,8.263193040958669,5.873359868509255,2.389833172449414,NB
frame_tus_462.68_462.94,26.6592436792278,0.6700000000000159,0.0395241278065186,394.1562114821043,328.11154315062294,66.04466833148138,31.28364092790703,18.48650567394445,12.79713525396258,NB
frame_me~_463.61_463.79,55.73403626512112,0.0,0.9105742587499288,399.0193729266503,342.0811087104965,56.93826421615376,30.29058091495402,14.788595360645402,15.501985554308618,NB
frame_sajs_463.79_463.93,98.85506809205796,0.75,0.0,378.8175064099039,326.561194208766,52.25631220113792,6.498318011291644,2.0808071918817106,4.417510819409934,NB
frame_ew_464.68_464.84,43.58371369954294,0.0,-0.519845504467971,406.0684987573214,351.2291810118869,54.83931774543447,52.6754081730762,12.151064628612772,40.52434354446343,NB
frame_krej_464.84_465.12,20.618366705345025,0.0,0.3328111430716221,404.6154011476947,335.79195921537405,68.82344193232063,16.46909927104535,9.212018358267455,7.257080912777894,NB
frame_u_465.12_465.22,29.501973707443028,0.0899999999999749,0.2916880632085348,399.6506645216728,351.0402315123039,48.61043300936893,9.239982517179442,4.389422292253741,4.850560224925701,NB
frame_ki_465.31_465.59,3.590455709852634,0.6300000000000523,1.5060024855567342,397.0290749302233,331.17801006615645,65.85106486406687,18.9256011008885,15.2565650778852,3.669036023003301,NB
frame_u_466.22_466.3,6.679516463856331,0.0,0.0395241278058019,398.87112322375793,351.38836687608733,47.4827563476706,7.496867868193206,4.891141175912992,2.6057266922802143,NB
frame_pa_466.3_466.51,13.84745488310881,0.0,-0.038186838999307,402.47295763769336,342.05686782458446,60.4160898131089,20.21561682740956,8.618036484758719,11.597580342650843,NB
frame_tra~w~_466.51_466.81,5.266514457865611,0.0,-0.5567529148841978,399.8081434720142,329.93188334902527,69.87626012298892,68.55546086056717,13.353032289465377,55.20242857110179,NB
frame_Res_466.81_466.99,19.088204909013257,0.0,0.1196469811867238,401.4043028540856,344.0077687837264,57.39653407035922,61.4290509013174,19.62427771026529,41.80477319105211,NB
frame_po~_466.99_467.22,31.757953270929832,0.0,-0.0417129223026438,403.1024472001676,340.201385930043,62.90106127012456,57.48399063914712,26.174628215105287,31.30936242404183,NB
frame_dZi_467.22_467.34,12.817638337752754,0.0,0.0559828025750539,397.7023944032376,347.4925971136812,50.209797289556434,0.6305071059089187,0.2969170900986455,0.3335900158102731,NB
frame_poX_467.34_467.5,24.785542579070157,0.0,-0.5372457439385123,398.38234382356654,342.4978726329381,55.88447119062846,55.51959697169488,16.72402006764885,38.79557690404603,NB
frame_u~_467.5_467.54,90.46851572618186,0.0,-0.5441642167873484,390.25933715175216,346.8995781670752,43.359758984676944,3.3100728980422787,2.2012889222954755,1.1087839757468032,NB
frame_ma_467.54_467.69,18.35205662030782,0.0,-0.2679419717958695,396.8623273650671,342.430677951172,54.43164941389512,12.967190848094988,5.334036101673405,7.633154746421582,NB
frame_paX_467.69_468.06,40.509728465604525,0.0,0.4213234265946887,398.0183820649912,321.6132063147601,76.40517575023114,38.9478066126692,17.068883586639316,21.878923026029888,NB
frame_tSi_468.06_468.2,24.314071257410887,0.7200000000000273,0.152650781440426,386.9620539135648,336.67344856340594,50.28860535015889,12.648995278666206,7.210148654044218,5.438846624621988,NB
frame_i_468.92_469.07,6.288982632134051,0.0,0.635990675767836,407.0901267406402,350.96572703983327,56.124399700806975,13.17943806782749,6.333685079758993,6.845752988068497,NB
frame_u_469.07_469.15,2.6572663256255566,0.0,0.0395241278058019,404.1338669631904,354.22772648223497,49.9061404809554,1.8146232531411783,0.7892254965988741,1.0253977565423045,NB
frame_e~_469.15_469.24,4.651475940388252,0.0,0.0400252421436485,402.0000749232104,353.5756405973036,48.42443432590687,10.195000291594129,3.891424995743108,6.303575295851019,NB
frame_pre_469.24_469.46,0.5736643776045014,0.0,0.1196469811867238,402.74219211713216,341.3658508398639,61.37634127726824,16.639664464055926,6.173191379729644,10.466473084326282,NB
frame_ga_469.46_469.69,8.226025439269478,0.0,0.4979084708602095,402.32416995754784,337.74233423209984,64.581835725448,22.91726558446142,3.709985973953593,19.207279610507825,NB
frame_du_469.69_469.81,27.31361445800164,0.0600000000000022,0.0395241278058019,388.6192607599941,340.51225412628446,48.10700663370966,9.203194360995,4.844958442486686,4.3582359185083135,NB
frame_des_469.87_470.04,17.055788218479222,0.0,-0.3066813425830727,396.5884830708667,341.5354732994266,55.05300977144009,5.541501571987482,1.9376431848476017,3.60385838713988,NB
frame_ko~_470.04_470.22,32.18692690422206,0.0,0.0980817362261264,397.42963048753154,339.9990004469859,57.43063004054562,49.140931047945,15.659307762302449,33.48162328564255,NB
frame_ta_470.22_470.44,20.750160419233097,0.0,0.11498324953217,403.09272598455857,340.0152516495993,63.07747433495922,4.93760449586128,2.141462053953191,2.7961424419080885,NB
frame_du_470.44_470.5,26.60285824997172,0.0,-0.5908857106999551,392.1406415259291,346.4744507267894,45.666190799139656,0.4551091626472896,0.2834440187332205,0.171665143914069,NB
frame_e~j~_470.5_470.57,38.811022426005366,0.0,-1.265798282768246,394.7201411347112,350.2361806930569,44.48396044165429,8.585374196654158,3.842516022480339,4.7428581741738185,NB
frame_sew_470.57_470.78,42.43072510119859,0.0,-0.9461738282377676,400.8166250929627,341.7958639880072,59.0207611049554,51.71601765034431,27.561893482594243,24.15412416775007,NB
frame_sa_470.78_470.93,57.259475730052216,0.0,-0.3445270160613903,398.2372230933743,342.8007808464873,55.43644224688694,26.27450899124245,16.967074408600197,9.307434582642252,NB
frame_la_470.93_471.08,24.99124802253172,0.0,0.0383982052662138,399.5042366078972,344.8155190048553,54.68871760304188,11.167151574656884,3.100335457041524,8.06681611761536,NB
frame_riu_471.08_471.2,33.43898532901149,0.0,-0.524025070617728,393.4806770679435,342.484476589062,50.99620047888152,18.498150858749952,11.192724601451076,7.305426257298876,NB
frame_Res_471.2_471.37,22.727339362693343,0.0,0.3328111430716221,399.6616885820676,344.7399576739525,54.92173090811508,11.60218387552206,3.9173807983430606,7.684803077178998,NB
frame_po~_471.37_471.59,49.617572599345365,0.0,-0.1815075808322088,398.4944174210149,335.76416042306283,62.7302569979521,37.94923869769991,22.77052479618544,15.17871390151447,NB
frame_dZi_471.59_471.66,36.34634501671884,0.0,-0.4273570917518064,391.22530791926647,347.2234080812366,44.00189983802994,2.636475802436266,0.8005772528655228,1.835898549570743,NB
frame_poX_471.66_471.83,34.8999012124214,0.0,-0.6852117621395604,402.79065573537537,345.170944816993,57.61971091838234,46.812266286064514,17.196195299825987,29.61607098623853,NB
frame_ow_471.83_471.94,5.511920178741633,0.0,-0.2413137075355752,401.4582853399487,350.9853031381725,50.47298220177623,15.975906805911592,6.632249364411393,9.3436574415002,NB
frame_tra_471.94_472.09,47.37416073090483,0.6400000000000432,-0.4976971045928673,381.0104731439765,328.00540722252055,53.00506592145598,28.888339050600138,10.193696401842146,18.69464264875799,NB
frame_majs_472.73_472.9,4.058857265169877,0.1100000000000136,-0.2679419717958695,405.0941866672076,348.9473355709447,56.146851096262935,18.53495058824149,8.84523803006482,9.689712558176666,NB
frame_e_473.01_473.13,37.6346727603694,0.0,0.9723036287275286,414.7042878881541,360.26462674469224,54.43966114346193,44.44236053565373,14.7252988923251,29.717061643328638,NB
frame_sis_473.13_473.23,39.56462526235694,0.0,0.0,387.0511836441468,337.8809150299187,49.17026861422812,13.46609994266808,6.683290291784061,6.782809650884019,NB
frame_de_473.23_473.45,6.19635531114622,0.0,0.152650781440426,405.3110355499121,343.25111728261305,62.059918267299054,31.632272212363347,19.805442085695603,11.826830126667744,NB
frame_pO_473.45_473.72,38.14535753607328,0.0,0.0185802628993445,406.5835254070857,337.46666788071144,69.11685752637425,88.61152037419659,43.027210293656566,45.58431008054002,NB
frame_zi_473.72_473.8,107.78930896380528,0.0,-0.3306891128864344,377.9335698083052,332.2543404732252,45.67922933508004,4.163204628719072,1.900463176823152,2.26274145189592,NB
frame_tus_473.8_474.07,56.45835838025782,0.0,0.0395241278058019,396.06684809021885,329.75271063941466,66.3141374508042,126.0154016729664,70.72861718718461,55.28678448578179,NB
frame_va~w~_474.07_474.34,4.12415659830549,0.0,-0.9952094014593602,406.3549880704461,338.0960661821112,68.2589218883349,115.0502921541944,35.40384590513909,79.64644624905532,NB
frame_ko~s_474.34_474.65,14.303885061076102,0.0,0.0980817362261264,402.9338627046729,333.13088259732683,69.80298010734606,56.34657860007383,35.050091085897776,21.29648751417605,NB
frame_tSi_474.65_474.79,7.364318351254496,0.0,0.0559828025756034,399.1633105513709,347.1873459709256,51.97596458044524,32.89615270169372,23.31029126540156,9.585861436292165,NB
frame_tu_474.79_474.95,67.18335108509687,0.0,0.0395241278058019,396.8219532177776,339.8937738794065,56.92817933837108,88.59529299085156,43.716646450063294,44.878646540788274,NB
frame_i_474.95_475.09,44.45953497009894,0.0,0.5393226969024638,395.9411117667293,344.56048395419657,51.38062781253274,16.76167906450081,7.513527618337193,9.248151446163618,NB
frame_du_475.09_475.24,69.41214293812207,0.1700000000000159,0.543851998610551,392.8357366220717,339.57577049409593,53.25996612797576,37.5002944187918,13.18767060556867,24.312623813223126,NB
frame_va~w~_475.41_475.62,6.405364293584114,0.0,-0.9952094014606064,402.02385549457256,341.1000269978848,60.92382849668775,56.25899732589775,20.70303292816078,35.55596439773697,NB
frame_ko~s_475.62_475.92,36.73573354061358,0.0,-0.3213022393609791,393.1980988882329,326.17471156102084,67.02338732721205,116.8891741796488,58.95755969054071,57.9316144891081,NB
frame_tSi_475.92_476.04,31.40560638461767,0.0,-0.2340211340210622,397.8946265959093,346.25166371800566,51.64296287790364,89.87087405711392,27.80210525527241,62.06876880184152,NB
frame_tui~_476.04_476.49,58.37596301220532,0.0,-0.5908857106992385,398.2917628200211,312.54235841014906,85.74940440987206,64.45444961615279,27.04764697006064,37.40680264609215,NB
frame_du_476.49_476.66,38.91544589681267,0.1099999999999568,0.7960159340132839,394.722561872628,339.30586301877173,55.416698853856246,79.6702233318653,53.78735021889982,25.882873112965484,NB
frame_u~_476.77_476.92,51.044233441180936,0.0,0.0794912282312326,401.6264046527955,346.8954458982096,54.73095875458591,35.00308537023632,19.1510517564477,15.85203361378862,NB
frame_fu~_476.92_477.28,49.623697161371766,0.0,0.2495790768721657,397.5152338278635,322.5731112006218,74.9421226272417,115.9823398555376,63.4530774191848,52.5292624363528,NB
frame_du_477.28_477.49,78.75401005447762,0.8000000000000114,0.922097901714292,395.6940012586829,335.8807011996162,59.81330005906671,4.938057943771099,2.1126591065851272,2.825398837185972,NB
frame_ki_478.29_478.52,43.00654630321719,0.0,0.9259946123645016,406.79151034609913,344.49866777066563,62.29284257543355,64.24974651796995,30.969665545592903,33.28008097237705,NB
frame_me_478.52_478.77,6.7954613525696175,0.0,1.8249602762671215,408.4748945605618,342.56364615099073,65.9112484095711,34.60664196734804,12.74977590380584,21.8568660635422,NB
frame_dZi_478.77_478.86,17.63253065749369,0.0,-0.3306891128864344,402.964493765895,354.69914807382094,48.26534569207405,23.45678637962233,9.947918174633044,13.508868204989284,NB
frame_a~_478.86_478.94,6.15170760250146,0.0,0.1009318149785458,401.44079547023625,353.4412111733935,47.99958429684273,17.59566494588651,6.102546777286676,11.493118168599835,NB
frame_tSi_478.94_479.1,82.20084235021349,0.0,-0.0406851762897686,397.8065678854755,342.56310230579004,55.24346557968545,6.060571145196818,2.426200341856571,3.6343708033402464,NB
frame_ko~_479.1_479.28,30.108997535627974,0.0,0.0980817362253318,402.6394765368775,344.12409286497973,58.51538367189772,69.40466794052901,13.68089263881194,55.72377530171708,NB
frame_dZi_479.28_479.4,31.481341063567143,0.0,-0.1373531551556902,400.9251651478872,348.92789440596084,51.9972707419264,7.019405872039258,2.6761223454656715,4.343283526573586,NB
frame_so~j~s_479.4_479.52,86.45305695599316,0.9800000000000182,0.0,378.2065036215731,329.0618345252821,49.14466909629101,5.743399085967198,3.944990936050857,1.798408149916341,NB
frame_na~w~_480.5_480.68,13.512659185860072,0.079999999999984,-0.7759811581730252,401.01640457093424,343.3336981527092,57.68270641822505,12.929223965192008,2.960439164230692,9.968784800961316,NB
frame_po_480.76_480.92,2.152690326514687,0.0,0.3505503652686166,403.445332466304,347.50479748181374,55.94053498449029,40.19631972440872,30.29189977672881,9.904419947679912,NB
frame_su_480.92_480.98,59.78279603362618,0.1299999999999954,-0.5908857106992385,375.1992589781103,331.5438665486222,43.65539242948808,0.2404672225147592,0.064621925121159,0.1758452973936002,NB
frame_pre_481.11_481.23,36.152206995869335,0.0,-0.3066813425830727,401.1609172035729,350.8778073341541,50.28310986941875,9.81416556976464,4.479722591196037,5.334442978568603,NB
frame_si_481.23_481.35,85.91354340127802,0.0,-0.5240250706171785,381.00174182707497,329.4165407525399,51.58520107453506,2.46037135191272,2.030761494422322,0.4296098574903979,NB
frame_zaX_481.35_481.59,45.25099859574283,0.0,0.0383982052666491,399.6416386540265,334.47785341538014,65.16378523864637,26.448140285619274,10.098380750292264,16.34975953532701,NB
frame_e_481.59_481.62,45.23044635734405,0.0,-0.9461738282377676,387.7018097462303,344.2546854900163,43.447124256213954,0.401596350390534,0.241647789346203,0.1599485610443309,NB
frame_za_481.62_481.83,44.97687634675718,0.0,0.11498324953217,399.37087855116704,340.45793381974187,58.91294473142517,21.79955596625216,9.512089633228186,12.287466333023971,NB
frame_ta_481.83_481.95,20.06101095140976,0.0,-0.4211120603269112,396.8591866546602,343.38646586132273,53.47272079333749,96.77541001495904,64.37337571749877,32.40203429746028,NB
frame_me~_481.95_482.13,52.18649048976354,0.0,0.2576624962952186,397.6171937908827,338.82227109091247,58.79492269997024,14.233240587575295,5.35125182298701,8.881988764588286,NB
frame_tSi_482.13_482.23,37.49613830623045,0.0699999999999931,-0.5240250706171785,378.2920938250835,331.2973790286825,46.99471479640101,10.106342753043691,6.973662543480515,3.1326802095631763,NB
frame_kwajs_482.3_482.55,60.75538988799849,0.4900000000000091,-0.1913569275299133,395.1463944867681,333.9346394232163,61.21175506355178,84.65584923020373,45.113150590453046,39.54269863975068,NB
frame_poX_483.04_483.17,7.329341560268205,0.0,-0.8331777803406083,395.97028818649113,345.1007314765902,50.869556709900905,140.63593097194135,52.01969614757888,88.61623482436246,NB
frame_ki_483.17_483.27,52.110715117695136,0.0,-0.524025070617728,396.5947800482788,347.22387275978144,49.370907288497335,72.71722563916111,29.30241920279225,43.41480643636886,NB
frame_i_483.27_483.3,35.19282949117677,0.0,-0.5240250706171785,383.8473750021264,340.75908112606714,43.0882938760592,3.1196223735011444,1.557280177748197,1.5623421957529473,NB
frame_su_483.3_483.36,62.03079322331725,0.1499999999999772,-0.5908857106992385,374.1545142651702,331.484167915987,42.670346349183205,70.1303531307241,38.84652085390191,31.2838322768222,NB
frame_se_483.51_483.63,20.159465646985662,0.0,0.1196469811867238,400.0509075101784,347.54917827414806,52.50172923603032,17.044692006657044,7.575952594786045,9.468739411871,NB
frame_ri_483.63_483.82,10.458659119727542,0.0,0.732658654633208,399.50821867930256,340.5958997341292,58.91231894517336,37.14022489777436,16.495801752173236,20.644423145601124,NB
frame_a_483.82_483.9,26.36758910281354,0.4900000000000091,-0.1913569275303487,392.3906902721393,344.6360142993456,47.75467597279373,78.8769544170453,48.696883959027176,30.18007045801812,NB
frame_a_484.39_484.84,49.30857088482678,0.0,2.642289710296535,395.46046595346365,310.3310537816588,85.12941217180486,13.355974015601149,10.186378706601827,3.16959530899932,NB
frame_u~_484.84_484.94,45.7808334007881,0.0,-0.2039885195045153,392.4021141457326,342.47818269297625,49.923931452756335,6.169325987523237,2.570976145009709,3.598349842513528,NB
frame_ma_484.94_485.08,39.50862299557201,0.0,-0.2679419717958695,393.0945032342662,341.9917901516825,51.102713082583705,14.899863865396496,6.137395642003767,8.76246822339273,NB
frame_kes_485.08_485.3,63.63196649441616,0.0,-0.0935171806981744,397.14818940719306,337.9592685694629,59.18892083773011,48.82395066353168,16.956317190910767,31.86763347262092,NB
frame_ta~w~_485.3_485.65,47.030323553942296,0.0,-0.5567529148854439,397.9825062310388,322.7790331961835,75.20347303485534,67.87971206350822,18.4898522322532,49.38985983125502,NB
frame_dZi_485.65_487.41,41.40646075117724,0.079999999999984,15.81286335764554,400.1298866974637,180.850733359089,219.27915333837467,122.793600768717,68.45444253718543,54.339158231531584,NB
frame_ko_487.49_487.58,34.71073310430438,0.0,-0.9811437985424974,398.0271925131078,348.6432087504655,49.383983762642345,65.07011604769355,12.49148078170525,52.578635265988304,NB
frame_Je_487.58_487.75,42.08673280628177,0.0,-0.3066813425830727,397.3287566107759,339.95652213681296,57.37223447396292,25.829842174078507,9.427538216950891,16.402303957127614,NB
frame_seX_487.75_488.08,66.71637457594154,0.0,0.545975304957732,400.0133028998546,328.9752493249965,71.03805357485811,62.42415355944989,40.03107625447039,22.3930773049795,NB
frame_muj~_488.08_488.19,28.319041496346387,0.0,-0.464803742998947,394.28848190038747,343.32222426871203,50.96625763167543,6.313024600016732,1.3562150473347856,4.956809552681946,NB
frame_tu_488.19_488.35,66.13441285934279,0.0699999999999931,-0.0865578398944894,392.20150939647584,336.52454420689725,55.6769651895786,48.49439398465756,26.35349630064053,22.140897684017027,NB
frame_be~j~_488.42_488.8,51.802748477747656,0.6999999999999886,1.781123275357446,396.3266750805865,319.79521860564165,76.53145647494483,25.41297043241326,15.60275957654629,9.81021085586697,NB
frame_a_489.5_489.64,59.78558893984732,0.0,0.2681533380632117,395.8736409910168,341.9616398948916,53.91200109612521,10.317261019116811,6.774075139051462,3.5431858800653515,NB
frame_le_489.64_489.8,59.42652905865326,0.0,-0.0935171806981744,402.2544677166263,345.0798212444459,57.17464647218037,7.478881981040502,3.618244342080757,3.860637638959744,NB
frame_Zis_489.8_489.9,98.23523658112566,0.0,-0.5240250706171785,393.4918382820042,343.6497749003561,49.84206338164813,1.4268958089281512,0.5491375932432874,0.8777582156848638,NB
frame_la_489.9_490.01,64.30917741206238,0.0,-0.2679419717958695,394.6591401043929,344.49518929264923,50.16395081174369,3.1236807598111938,2.4021390875625883,0.7215416722486054,NB
frame_sa~w~_490.01_490.19,76.14947070488144,0.0,-0.9952094014593602,393.72508620772703,337.6437845750502,56.081301632676855,42.526332820238736,19.515345668968465,23.01098715127027,NB
frame_tra_490.19_490.34,68.39808635806718,0.0,-0.3445270160613903,398.2169661860037,343.7076967275128,54.50926945849085,37.71518710150726,7.948960882330695,29.766226219176566,NB
frame_ba_490.34_490.48,70.61939241228903,0.0,-0.1147718832643925,393.4156929855789,342.3815031985832,51.03418978699574,18.387035668052945,9.601477982562969,8.785557685489977,NB
frame_Lis_490.48_490.64,30.06353530150648,0.0,0.0559828025756034,397.9054545709868,342.7823127384613,55.12314183252551,67.86771526633264,31.544371688607555,36.32334357772508,NB
frame_ta_490.64_490.83,20.707293761291997,0.0,-0.2679419717958695,396.2710241173545,337.2789010841872,58.99212303316733,209.24198730978705,130.18549418661428,79.05649312317277,NB
frame_i_490.83_490.92,60.65038785387138,0.0,0.0559828025756034,396.0671374337496,347.6212023178812,48.44593511586834,14.119713334097,8.883703612745933,5.236009721351067,NB
frame_ew_490.92_491.03,65.30314684122318,0.0,-0.3066813425830727,396.3012773377269,345.13839629720854,51.16288104051836,3.18136409816411,1.5765384465859995,1.6048256515781103,NB
frame_es_491.03_491.1,98.90684671426344,0.0,-0.9461738282377676,374.560341036319,328.90387583198066,45.65646520433836,1.2262142968529233,0.6729931282389643,0.553221168613959,NB
frame_tow_491.1_491.26,48.72612738308376,0.0,-0.0933476893345272,398.8275694198922,343.96786003985886,54.85970938003334,8.997752882015533,2.484709201572315,6.513043680443218,NB
frame_a_491.26_491.29,71.49613542375282,0.0,-0.5742821488579529,367.5434890519902,326.3078330887777,41.23565596321248,3.623614514039432,2.3804000772300498,1.2432144368093816,NB
frame_fas_491.29_491.47,72.23114271219897,0.0,-0.3445270160613903,394.79956884468703,337.7068010043306,57.09276784035643,47.069367246847285,19.349546032445303,27.719821214401986,NB
frame_ta_491.47_491.66,79.38951502906825,0.0,0.0383982052666491,392.4670110986881,334.94302597859706,57.52398512009103,37.471957601174765,17.85624509646479,19.615712504709972,NB
frame_du_491.66_491.79,3.1441250544255297,0.0,0.2916880632085348,390.8236169827979,339.89384906261444,50.92976792018345,25.830792483480423,8.401162405165536,17.429630078314887,NB
frame_dZi_491.79_491.92,72.87783535191244,0.0,0.1526507814409755,392.9686586473744,340.702623592719,52.26603505465539,13.367102519157314,8.817188159684122,4.549914359473192,NB
frame_su_491.92_491.98,97.36563187514632,0.1299999999999954,-0.5908857106992385,372.5838831630373,329.1721738679104,43.41170929512697,2.3808339368632048,1.2746659609361115,1.106167975927093,TB
frame_un_492.11_492.19,20.05621508829026,0.7800000000000296,-0.3387217752972222,377.0982987155438,333.66161230760633,43.436686407937486,55.50376726142972,28.69191526841709,26.811851993012624,TB
frame_un_492.97_493.03,50.92356671827008,0.0,-0.5908857106999551,397.6261024960489,350.81263767262266,46.81346482342627,3.4442541739018537,2.453800510382507,0.9904536635193466,NB
frame_majs_493.03_493.38,11.1293001670889,0.5699999999999932,1.1871738692503326,405.0720553882343,329.7637926008358,75.30826278739846,93.8125109449788,47.72998905266073,46.08252189231808,NB
frame_a_493.95_494.49,12.375357259863762,0.0,3.331555108687093,406.4954250971476,310.19967265607045,96.29575244107713,47.4282496507918,22.90136925910599,24.526880391685808,NB
frame_pre_494.49_494.71,24.86437971993809,0.0,-0.3066813425830727,405.73054502094016,342.6334888544488,63.09705616649143,133.35166359279805,32.26386640149272,101.08779719130531,NB
frame_e~_494.71_494.79,12.113913447502997,0.0,-0.1776120120079214,400.5557776176632,354.8870587315856,45.66871888607761,36.17150518398921,17.01686568909318,19.15463949489603,NB
frame_Si_494.79_495.0,2.2060445523171097,0.0,0.0559828025750539,401.4058291612429,341.0645890737561,60.34124008748677,99.55927330964728,23.65089209605634,75.90838121359093,NB
frame_das_495.0_495.17,17.661637360861747,0.0,-0.4211120603269112,402.4703940167027,346.11783841437915,56.35255560232355,35.84737467344242,20.341142605961025,15.506232067481392,NB
frame_ajs_495.17_495.33,48.97451019858195,0.0,-0.2679419717958695,397.06813685941546,344.45799838302867,52.6101384763868,54.11552003157343,26.39623997435476,27.71928005721867,NB
frame_ko~_495.33_495.45,36.13664502687929,0.0,-0.74068621494729,397.8478208978535,344.58537676261034,53.26244413524319,54.8535639750296,13.619936293465583,41.23362768156401,NB
frame_dZi_495.45_495.51,52.19306021349532,0.0,-0.524025070617728,383.47088284609896,341.4356145346616,42.03526831143739,45.04350835181579,15.655598824329276,29.387909527486517,NB
frame_so~j~s_495.51_495.62,75.95472631458637,0.0,0.0,376.279885862205,327.55519438690806,48.724691475296936,1.1095188856049916,0.4386185132253146,0.6709003723796769,NB
frame_le_495.62_495.87,45.57782690826821,0.0,-0.4610968978897494,397.2859266408632,333.33757380478363,63.94835283607961,53.04151057579499,17.095446870962235,35.94606370483275,NB
frame_gajs_495.87_496.23,18.387352461661266,0.9099999999999682,0.8808336921882491,401.28482935689993,324.9775658989599,76.30726345794005,97.9972495380432,55.83614951470574,42.16110002333747,NB
frame_u_497.14_497.23,82.59861857063336,0.0,0.1656060955075267,404.55105253347335,356.0948257684521,48.4562267650212,62.74442552584381,47.14505605436486,15.599369471478951,NB
frame_fu~_497.23_497.54,38.007846492631856,0.0,0.0227952786841474,408.6058063474716,335.97467838761327,72.6311279598583,126.1385829988849,56.05573013496887,70.08285286391603,NB
frame_du_497.54_497.63,36.92828162181229,0.0,-0.2126398075962141,399.9263902485404,350.8706482187431,49.05574202979727,9.481905586575095,3.3782130613655283,6.103692525209567,NB
frame_dZi_497.63_497.73,51.70360539453577,0.0,-0.2340211340210622,401.7417064818488,352.83440304636804,48.9073034354808,6.331286539578684,1.707188049864584,4.6240984897141,NB
frame_ga_497.73_497.87,61.366538047965264,0.0,-0.4211120603269112,400.7885911992765,348.05526338627664,52.733327812999846,20.05070681112701,4.648502854258325,15.40220395686869,NB
frame_ra~_497.87_497.97,72.18716053424048,0.0,-0.1182964283077891,398.5865364358045,348.6570695157986,49.92946692000589,14.276493102036426,6.603291389558464,7.673201712477962,NB
frame_tSi_497.97_498.3,4.211093896438456,0.0,0.8293266334991296,402.3025628127714,327.9386073271955,74.36395548557596,148.52114565892168,38.93893272873905,109.58221293018264,NB
frame_a_498.3_498.38,85.70344521628996,0.1700000000000159,-0.1913569275303487,385.3847159704356,339.5878624077997,45.796853562635874,2.4949076218391184,1.1193891583995708,1.3755184634395476,NB
frame_Zus_498.55_498.85,19.134907489375426,0.0,0.922097901714292,399.5461675968952,331.76889085539614,67.77727674149907,149.29520554457,52.18829307982375,97.10691246474624,NB
frame_ta_498.85_498.97,26.53753393752956,0.0,-0.2679419717954341,400.78998200974144,347.63099792145914,53.158984088282295,3.148644886915662,2.2211603065771044,0.9274845803385574,NB
frame_me~_498.97_499.17,15.462427453288996,0.0,0.6929370045983587,399.007738761733,339.2843832888226,59.723355472910384,55.29026897578703,24.454020374788456,30.836248600998573,NB
frame_tSi_499.17_499.26,15.474388496068713,0.0,-0.524025070617728,394.0943263452986,345.9262299478793,48.16809639741939,138.20815609671905,41.276694441910536,96.93146165480852,NB
frame_a_499.26_499.33,12.377562395811935,0.0,-0.2679419717958695,396.3792258727038,349.9307661740441,46.44845969865969,21.63671507806933,12.622134711423882,9.014580366645449,NB
frame_se_499.33_499.58,67.97531768267079,0.0,0.1196469811867238,398.8754176634791,334.5928462900211,64.28257137345798,149.84268030218828,102.77205739769924,47.070622904489056,NB
frame_gu_499.58_499.82,12.817399111111769,0.0,1.0481798694145832,398.46978096470696,336.6556334364418,61.81414752826515,78.55290105495055,29.646521041379657,48.906380013570896,NB
frame_ra_499.82_499.92,89.10295030644501,0.8100000000000023,-0.2679419717958695,394.8182254227548,345.9417148438404,48.876510578914406,5.144917953281961,3.850301717098233,1.294616236183728,NB
frame_a_500.73_500.8,31.116045613928264,0.0,-0.2679419717958695,404.4864461609345,356.6775218831642,47.8089242777703,11.624109667944566,5.118791722971338,6.505317944973228,NB
frame_w_500.8_500.94,29.234744566747224,0.0,0.7960159340125671,404.6432904219622,350.5719189439134,54.07137147804883,31.97028570094031,7.419011585010537,24.55127411592977,NB
frame_e~_500.94_501.02,21.588008938757014,0.0,-0.1776120120091585,401.74850801817655,354.8324532343337,46.91605478384287,11.705417679827804,6.426783734931803,5.278633944896001,NB
frame_pre_501.02_501.24,13.875236301604446,0.0,-0.0935171806981744,399.75932265207695,339.0224759484019,60.73684670367504,142.8671170075944,43.491769760498045,99.37534724709636,NB
frame_ga_501.24_501.49,52.0510441016708,0.0,0.4213234265946887,399.6031929188411,333.3679491380735,66.23524378076758,89.83681626936287,66.11996235650439,23.716853912858483,NB
frame_du_501.49_501.57,92.04010029762414,0.0600000000000022,-0.3387217752972222,382.5879765654662,335.2104388725222,47.37753769294397,38.8730620802712,15.785724182067511,23.087337898203693,NB
frame_ki_501.63_501.75,1.0663196450609291,0.0,-0.1373531551556902,406.7555989467472,353.3624962405925,53.39310270615471,48.88728661760297,27.615181391187065,21.272105226415903,NB
frame_si_501.75_501.97,72.07600595914525,0.0,0.0559828025756034,398.4583606002026,337.5816867884126,60.87667381179,65.76246032521301,37.9166222528624,27.845838072350617,NB
frame_Re_501.97_502.1,56.6153944849851,0.0,-0.0935171806969627,400.2223441526045,346.6692260232356,53.55311812936896,16.142721288800644,6.356132992398898,9.786588296401746,NB
frame_tSi_502.1_502.35,31.43919303334367,0.0,0.1526507814409755,404.8470929536812,337.8003473970708,67.0467455566104,142.4419423295276,73.3291766781925,69.11276565133511,NB
frame_ra_502.35_502.47,81.34866704039787,1.669999999999959,-0.1913569275299133,397.1773785680607,347.50791005300493,49.66946851505577,9.094926234870629,5.183898499698344,3.911027735172283,NB
frame_u~_504.14_504.98,0.4932728321488469,0.1099999999999568,3.9915117469836514,409.491349632188,281.7701204409826,127.72122919120542,32.94570273793876,12.088128739600592,20.857573998338168,NB
frame_sEX_505.09_505.33,8.63589418523037,0.0,0.1684648410458521,407.6469136063027,343.343093356503,64.30382024979968,19.166708033507238,10.419390635795764,8.74731739771147,NB
frame_tu_505.33_505.96,14.480616881575829,0.0,5.0828028358504245,405.51325094003903,300.3559669900164,105.15728395002265,91.64952869953908,27.685800583151973,63.9637281163871,NB
frame_Re_505.96_506.16,17.27054131180826,0.0,0.3328111430728338,403.8013985936698,343.89485303698046,59.906545556689366,89.64382644201118,26.90276013643292,62.74106630557826,NB
frame_saX_506.16_506.43,48.81572166619104,0.0,-0.0381868389988716,401.4297998576145,334.24289908784044,67.18690076977407,63.62227854360405,32.95161658311906,30.670661960484992,NB
frame_si~_506.43_506.58,22.69294394171365,0.0,0.0891151008856202,399.62894380888696,344.2860647832752,55.34287902561175,44.28360151807857,20.41836431022085,23.86523720785772,NB
frame_me~_506.58_506.76,2.9671489177749777,0.0,0.0400252421424114,401.1915864457068,342.3022545381584,58.88933190754841,52.82137617004196,30.057710981006664,22.763665189035294,NB
frame_tu_506.76_506.82,32.92962396632481,1.509999999999991,-0.5908857106999551,384.32586725796847,340.49034006468224,43.83552719328623,12.78083216022128,5.721630991892255,7.059201168329025,NB
frame_na~w~_508.33_508.62,24.468617386292607,0.0,1.6355295179928606,400.4257746292582,331.1148396305594,69.31093499869883,111.07282756806282,69.16889947580182,41.903928092261,NB
frame_E_508.62_508.65,23.013232703648697,0.7300000000000182,-0.6396690827896173,369.16020058954456,329.38882664912575,39.77137394041881,27.048481532484857,13.364322126983552,13.684159405501305,NB
frame_ki_509.38_509.46,88.58377470953188,0.0800000000000409,-0.3306891128869838,389.2071853060364,341.76697028265835,47.440215023378016,26.5090730243501,12.58550776641394,13.92356525793616,NB
frame_pe_509.54_509.64,15.41167994761912,0.0,-0.519845504467971,410.4834037815372,358.1141626509499,52.36924113058728,2.5000041380690163,0.9463539879217536,1.5536501501472628,NB
frame_lu_509.64_509.71,22.538336696580306,0.0,-0.5908857106999551,404.1889296758024,356.15310811959023,48.03582155621211,4.680520060689858,1.7870380474699346,2.8934820132199235,NB
frame_me~_509.71_509.84,21.515625061630946,0.0,-0.6128865203122986,397.8638463015394,348.002229483041,49.86161681849842,25.189218761164724,11.764617810304316,13.424600950860407,NB
frame_nus_509.84_509.95,14.003849904257097,0.0,-0.4648037429982303,397.4770291890918,347.39042140046155,50.08660778863026,30.11233370510402,14.54776668093902,15.564567024165,NB
frame_du_509.95_510.02,14.5855265874186,0.0,-0.464803742998947,397.7592387214432,351.3553473692373,46.40389135220596,0.8481343447908785,0.2744672331870106,0.5736671116038679,NB
frame_ra~_510.02_510.14,10.489699682626592,0.0,0.1009318149785458,398.7572733166908,348.0490764424986,50.7081968741922,10.478328585789969,3.219099602555758,7.259228983234209,NB
frame_tSi_510.14_510.22,90.93478749525802,0.0,-0.4273570917518064,398.79337694668095,349.70519798353746,49.08817896314349,0.8377851189470533,0.2617100145100721,0.5760751044369812,NB
frame_aw_510.22_510.33,18.470511568489343,0.0,-0.5742821488583882,398.1376266105048,347.24073149100263,50.89689511950212,7.1578195067739045,2.758134506516342,4.399685000257563,NB
frame_gu~_510.33_510.47,14.777681658122615,0.0,-0.2606844690516004,393.46139881864826,340.90702084195857,52.55437797668969,18.02804039684501,6.853961722905524,11.17407867393949,NB
frame_te~_510.47_510.68,45.35970890230395,0.0,-0.1776120120091585,402.178387635785,342.14133496858244,60.0370526672026,88.48539595804874,41.30905736315994,47.17633859488881,NB
frame_pu_510.68_510.85,26.041504255995548,0.0,-0.3387217752972222,399.6755315211621,342.8898469795864,56.78568454157573,123.468026284099,57.61458732895095,65.85343895514805,NB
frame_Li_510.85_511.03,22.65089087487533,0.0,0.0559828025750539,402.9843897599646,345.30201330190334,57.68237645806124,22.252173110625563,10.61534163134445,11.636831479281112,NB
frame_peR_511.03_511.27,21.763078344394277,0.0,-0.3066813425830727,395.743362365746,333.2076610555192,62.53570131022684,40.71784425041324,26.313885401642608,14.403958848770628,NB
frame_mi_511.27_511.43,29.729278838212764,0.0,0.4426547180370918,398.8811380023674,344.99094613900047,53.89019186336691,15.898758250790138,4.7070189881932265,11.191739262596911,NB
frame_tSi_511.43_511.56,38.10070955978918,0.0,-0.1373531551556902,401.07658264203,347.3549578098577,53.72162483217221,25.803276108476865,14.48347028025418,11.319805828222684,NB
frame_ra_511.56_511.87,8.112018222065075,0.5199999999999818,1.3403439577818097,394.26497502888856,324.34380253026904,69.92117249861951,52.11136222339815,31.59671968107679,20.514642542321354,NB
frame_a_512.39_513.36,0.2674979512925546,0.0,6.624712012107536,398.74986298780846,258.9352480568563,139.81461493095213,32.75697556854381,23.00578173432045,9.751193834223358,NB
frame_a_513.36_513.58,15.871575534982242,0.0699999999999363,0.8808336921882491,396.3636081740121,334.9245598781508,61.43904829586131,45.28243401147968,21.097405047387312,24.185028964092368,NB
frame_sub_513.65_513.76,27.85225525212856,0.0,-0.3387217752965055,396.2683385711297,345.7939911052566,50.47434746587305,22.14857242376145,9.02103579595932,13.12753662780213,NB
frame_sis_513.76_513.86,45.71407105972551,0.0,0.0,384.8687361828386,335.91096465426017,48.957771528578405,12.08318855097916,8.948270815958807,3.134917735020352,NB
frame_te~_513.86_514.26,41.13153173238716,0.0,0.0559828025756034,401.87553122754696,320.22303359335274,81.65249763419422,67.76123169890252,24.62569530182728,43.13553639707524,NB
frame_sia_514.26_514.51,9.319647352299596,0.9400000000000546,-0.4273570917512569,395.8610075018603,331.01333007561226,64.84767742624803,149.07369207993233,74.96475470981022,74.1089373701221,NB
frame_a_515.45_515.56,26.80290696880644,0.0,0.0383982052657785,388.3234860980498,339.9525574067589,48.370928691290885,90.1297640196285,51.96855773823512,38.161206281393376,NB
frame_tE_515.56_515.82,59.53016987143242,0.0799999999999272,0.1684648410462055,402.4194370278578,336.105670695046,66.31376633281178,20.292567380445533,11.48950729169576,8.803060088749774,NB
frame_ki_515.9_516.04,25.835386086957,0.0,0.0559828025745044,405.3952429289324,350.61631099922647,54.77893192970589,15.034430344428046,11.967075780560307,3.067354563867738,NB
frame_e_516.04_516.12,28.7622489795,0.0,0.1196469811879355,406.9181596279922,357.9734424857588,48.94471714223346,5.155272490517135,1.772564436794113,3.3827080537230216,NB
frame_li_516.12_516.91,25.70763921213764,0.0,5.759393555636952,399.152951034198,279.89122435135005,119.26172668284796,107.65629243984156,44.18589263743878,63.47039980240277,NB
frame_na_516.91_516.99,62.35918038188571,0.0,-0.4211120603273465,384.538328907909,338.9046307744045,45.63369813350454,16.68104318049467,9.89190631656264,6.789136863932029,NB
frame_tu_516.99_517.11,86.39583833802638,0.0,-0.5908857106999551,389.7904298661389,338.47678231229827,51.31364755384067,2.1258502762664264,0.7821051795748701,1.3437450966915565,NB
frame_raw_517.11_517.21,56.03599453052685,0.0,-0.5742821488583882,392.9750182667092,342.68038484685223,50.29463341985695,6.729080048843514,3.4696875657961783,3.2593924830473355,NB
frame_me~_517.21_517.45,52.90244976216789,0.0,1.345848767055543,397.0403282691627,332.2355758788905,64.80475239027226,26.398626076113487,16.851643284232736,9.546982791880753,NB
frame_tSi_517.45_517.76,36.63464801257159,0.0,0.9259946123639522,397.0862642568808,324.94226265322465,72.14400160365619,78.32671269565253,28.56715785596863,49.75955483968391,NB
frame_ob_517.76_517.84,13.677463897882262,0.0,-0.6852117621404015,397.0168064599336,349.95574912311594,47.06105733681767,102.78433183686622,48.63526836311797,54.14906347374824,NB
frame_te~_517.84_518.12,76.39858176516422,0.0,-0.1776120120079214,397.28087054092725,329.130122169841,68.15074837108625,36.09959285283108,24.57613236501858,11.5234604878125,NB
frame_Ja_518.12_518.34,34.12686803551702,0.0,-0.4976971045919967,391.91408976079856,331.01159550066905,60.90249426012952,17.945937924189096,6.59368775943075,11.352250164758344,NB
frame_u~_518.34_518.37,22.74052773370485,0.0,-0.6008601663347557,374.4712734783657,334.17325973477244,40.29801374359323,3.347608067528199,1.2161695500576002,2.131438517470599,NB
frame_u~_518.37_518.4,26.76824887797609,0.7000000000000455,-0.6008601663347557,372.7362774710166,332.06435348158,40.67192398943666,2.2804933923951864,1.155676759557991,1.1248166328371951,NB
frame_no_519.1_519.32,51.026659385363374,0.0,-0.9811437985408152,390.8612258307713,329.1837145090568,61.67751132171452,11.308839205657222,9.24611753994006,2.062721665717163,NB
frame_vu_519.32_519.74,51.4159224704959,0.0,1.0481798694145832,399.4855507137286,315.9201961296902,83.5653545840384,68.07561444000052,24.13556996871999,43.94004447128052,NB
frame_e~_519.74_519.81,36.20314572443935,0.0,-0.3952492661619657,394.1317570861149,348.15197960225964,45.97977748385529,10.797263706367389,5.774277827814231,5.022985878553158,NB
frame_pre_519.81_520.04,24.783942039686565,0.0,0.3328111430704104,401.9496715549569,338.1700371225901,63.779634432366834,102.0930379524088,73.67604331381901,28.416994638589784,NB
frame_gu_520.04_520.12,47.686202003235,1.2799999999999727,-0.464803742998947,379.63924161905055,333.7574685557511,45.88177306329948,5.701261743795072,2.724955864942757,2.976305878852316,TB
frame_ew_521.4_521.53,73.83770559970135,0.0,-0.9461738282389792,395.52792967610105,345.84396925082274,49.68396042527826,48.091399857667895,21.314701926655676,26.776697931012222,NB
frame_te~_521.53_521.63,25.48999475903463,0.0,-1.0481610286166758,401.1914133679617,352.43243682993915,48.75897653802258,22.187011438318308,16.727352858035488,5.45965858028282,NB
frame_Ju_521.63_521.73,13.998478857841915,0.0,-0.5908857106999551,402.188174882352,350.80789479432764,51.380280088024335,10.73399835048761,7.328129183215282,3.4058691672723285,NB
frame_i~_521.73_521.77,7.434195565246796,0.0,-0.6059826860236999,386.45797014581655,342.7675686987759,43.69040144704064,10.859712197488989,7.67056885383289,3.1891433436560988,NB
frame_pre_521.77_521.93,11.557680539572544,0.0,-0.3066813425842844,399.8234259346089,345.15392638597444,54.66949954863446,63.29844205791463,31.980325660844954,31.318116397069677,NB
frame_sa~w~_521.93_522.18,41.7064417129336,0.07000000000005,-0.995209401458114,396.4422109035656,332.5329962046391,63.90921469892652,103.26596507300653,41.940978635170026,61.32498643783651,NB
frame_ki_522.25_522.36,7.320893003149791,0.0,-0.2340211340205127,400.347205032985,348.0691079511397,52.27809708184532,15.241766533538822,11.85373872827114,3.388027805267683,NB
frame_o_522.36_522.48,35.85302852754299,0.0,0.3505503652686166,400.2223599372528,348.5984327931317,51.623927144121126,26.180115572724876,7.999193274380133,18.18092229834474,NB
frame_Zi_522.48_522.63,7.930115824752193,0.0,-0.524025070617728,394.8960864411249,339.7213270271902,55.17475941393474,44.35997011182401,24.99746485988581,19.3625052519382,NB
frame_e_522.63_522.67,0.0323792781553322,0.0,-0.7330096663540809,388.63471294267714,346.6896320285179,41.945080914159234,0.6795412413367217,0.3507671175789539,0.3287741237577677,NB
frame_li_522.67_522.73,14.21516249983432,0.0,-0.524025070617728,387.9656621456999,342.9290767360104,45.036585409689394,25.404272052950333,10.4690007280318,14.935271324918531,NB
frame_si_522.73_522.85,84.78086463750464,0.0,-0.4273570917512569,394.12621465634703,344.7341685572299,49.39204609911712,334.2345377949171,165.79745219543543,168.4370855994817,NB
frame_pro_522.85_523.04,26.860588849181667,0.0,-0.5372457439393534,395.9882696798688,337.8677874188942,58.120482260974654,121.9405385834432,66.19729846501302,55.74324011843017,NB
frame_se_523.04_523.22,41.85381976820807,0.0,-0.0935171806969627,395.16870629688646,338.9624760215546,56.20623027533185,84.06117151343534,42.16531874070921,41.89585277272612,NB
frame_sa_523.22_523.36,41.99609104690073,0.0,-0.4211120603264758,390.8329145767335,339.8480127955296,50.98490178120392,84.6505540253738,44.35648916839217,40.29406485698161,NB
frame_de_523.36_523.5,21.70534788143145,0.0,-0.3066813425842844,394.4128781072071,342.00094153349403,52.41193657371309,72.38831200758267,13.249531512182486,59.13878049540018,NB
frame_sa_523.5_523.65,5.862965013130122,0.0,-0.4211120603273465,391.6426459070816,337.9650420676833,53.677603839398216,8.897105923284158,3.9655374823938416,4.931568440890317,NB
frame_ma_523.65_523.79,28.25012305569905,0.0,-0.2679419717963048,383.93628882275607,335.6711055657927,48.265183256963326,30.47827413595104,14.124120155983462,16.354153979967577,NB
frame_nej_523.79_523.91,52.581666428298576,0.0,-0.3066813425842844,385.713513086466,336.09289646191394,49.62061662455204,7.935571482029204,5.875113710907584,2.0604577711216194,TB
frame_ra_523.91_523.97,78.2459194870186,0.1299999999999954,-0.5742821488583882,377.2860973657642,334.0350779702512,43.25101939551297,39.33398711186045,28.785175200761344,10.548811911099108,NB
frame_a~_524.1_524.26,64.86591188587465,0.0,1.8547577612804416,404.1317280590587,348.1629901676423,55.96873789141637,61.47053205132676,26.5141250753822,34.95640697594456,NB
frame_tSis_524.26_524.47,29.325397412344174,0.0,-0.0406851762897686,390.3020961669707,332.00580819952324,58.29628796744743,142.65755507468003,75.70633206382239,66.95122301085763,NB
frame_du_524.47_524.55,41.84981245456659,0.0,-0.3387217752979389,393.92982569637326,346.6308409428223,47.29898475355094,9.487507003734803,4.452073802393784,5.0354332013410215,NB
frame_fu~_524.55_524.77,64.22187120299827,0.0,-0.2606844690516004,397.69975715152407,335.08369318177625,62.61606396974781,62.08748875785473,33.22136636183987,28.86612239601486,NB
frame_du_524.77_524.86,47.47267789752711,0.0,-0.2126398075954974,397.7700384385336,348.29489610678723,49.475142331746326,1.0621270752356509,0.5253447071927866,0.5367823680428643,NB
frame_dZi_524.86_524.95,49.80738102218263,0.0,-0.2340211340205127,393.59074248125233,344.04495612983607,49.54578635141627,2.2017025801243904,0.4315626401553913,1.770139939968999,NB
frame_ga_524.95_525.06,51.364847556838654,0.0,-0.4976971045928673,394.77625626648137,345.5934891839196,49.18276708256178,12.816523699773128,4.255975961157958,8.56054773861517,NB
frame_ra~_525.06_525.17,58.7019085681287,0.0,0.1009318149772997,392.8701572074292,342.4287027022451,50.44145450518414,12.309400445511969,5.420513420256825,6.888887025255144,NB
frame_tSi_525.17_525.41,28.414761822244174,0.0,0.5393226969024638,400.1995404087797,334.5096049730534,65.68993543572628,55.51349050404548,16.470820313081703,39.042670190963776,NB
frame_a_525.41_525.46,65.70932552181436,0.9900000000000092,-0.4211120603264758,388.2943913850254,344.4056389213601,43.88875246366524,2.11980902977804,1.3838617380611709,0.7359472917168688,NB
frame_a_526.45_526.51,35.01919036110212,0.0,-0.3445270160618257,393.8989708930792,347.7414216002811,46.15754929279808,3.306416488731444,2.6198753707687104,0.686541117962733,NB
frame_kes_526.51_526.75,18.5643293515991,0.0,0.3328111430728338,401.21001753232446,339.9256821721767,61.284335360147736,123.907433443941,41.88997338460888,82.01746005933212,NB
frame_ta~w~_526.75_527.02,27.90980360448006,0.07000000000005,-0.5567529148854439,398.7762614726358,331.8967930522481,66.8794684203877,46.966022602922266,24.27587295781996,22.69014964510231,NB
frame_E_527.09_527.23,0.8148782077572605,0.1799999999999499,0.0441365450709742,397.3247111410553,346.47730389224944,50.84740724880589,28.171676876189736,13.841873578756264,14.329803297433472,NB
frame_ki_527.41_527.5,5.713823332215924,0.0,-0.3306891128869838,397.53571125968426,347.93496941915544,49.600741840528826,21.00572668763741,7.723603829831859,13.282122857805549,NB
frame_si_527.5_527.56,90.3774064324802,0.0,-0.524025070617728,376.1405405739598,333.03817245400126,43.10236811995856,9.831140720350682,4.6338581258671,5.197282594483582,NB
frame_Re_527.56_527.65,2.234848415569729,0.0,-0.3066813425842844,400.1626753362473,350.64494669509656,49.51772864115077,7.769823982507148,3.2986581646062234,4.471165817900925,NB
frame_zow_527.65_527.9,20.217986261239474,0.0,-0.5372457439393534,396.2962065331035,332.3927907632001,63.90341576990346,36.969762501480574,11.633615178007972,25.3361473234726,NB
frame_vi_527.9_528.16,39.121673702796514,0.0,1.1193305700946965,396.56752277420907,330.36344516194475,66.20407761226431,63.14341678432885,37.14306050372291,26.000356280605946,NB
frame_a_528.16_528.28,88.0620971990885,0.5800000000000409,0.11498324953217,386.7029268286453,335.7703014663119,50.9326253623334,31.644787578981344,24.485543671549586,7.159243907431758,NB
frame_nujs_528.86_529.19,0.143142243344073,0.0599999999999454,0.0395241278065186,394.4281640241489,323.09914219732,71.32902182682892,31.79131290162984,17.93281511508053,13.858497786549307,NB
frame_teR_529.25_529.47,2.614858913336974,0.0,1.3986319524997486,401.6693450955379,340.9813354051498,60.688009690388014,17.576381117962796,10.140161133923783,7.436219984039013,NB
frame_mus_529.47_529.65,2.415007160376433,0.0,0.543851998610551,392.70786878872593,336.59021972109065,56.11764906763528,30.726455055692867,17.854355913041303,12.872099142651564,NB
frame_da_529.65_529.86,26.80540332350637,0.0,0.5744935151261658,396.0552567945472,338.19660100807425,57.85865578647298,55.39186543864585,21.03960240197381,34.35226303667204,NB
frame_kE_529.86_530.03,27.19711540069038,0.0,-0.1423558988908125,400.0453125487753,343.4709202866951,56.57439226208021,7.512820011647534,3.916340956210163,3.5964790554373707,NB
frame_la_530.03_530.36,0.7503624602596517,0.75,0.7276636036572074,394.2070167200494,323.3765756439013,70.83044107614813,70.94881242730006,55.80322142809371,15.145590999206348,NB
frame_an_531.11_531.69,4.323305456015774,0.0,3.4081401529521784,398.1332409512381,299.0617727289723,99.07146822226584,112.06379948627504,87.01450417688524,25.049295309389805,NB
frame_dZis_531.69_531.85,22.47641673450548,0.0,-0.2340211340216117,392.2673190818758,338.44290815257284,53.824410929302985,153.72598446882347,103.27871765065262,50.44726681817084,NB
frame_pe~_531.85_532.07,12.072264203339614,0.0,0.4752997504467886,403.5361302365468,340.3683944628816,63.16773577366519,47.81466398233913,26.31691498217262,21.497749000166507,NB
frame_sa_532.07_532.22,5.749336166737322,0.0,-0.2679419717954341,398.730510417161,343.88180908702043,54.84870133014056,25.39048792119728,15.415941043861553,9.974546877335726,NB
frame_ki_532.22_532.32,72.42259659878229,0.0,-0.4273570917512569,373.098068220172,329.5834156836207,43.514652536551296,1.721744274945593,0.8017597832152887,0.919984491730304,NB
frame_ew_532.32_532.43,3.6841095829315407,0.0,-0.5198455044691827,403.5451209668641,351.34982271169184,52.19529825517225,10.871133716019584,7.016994561987502,3.854139154032083,NB
frame_mi_532.43_532.53,10.514806975457333,0.0,-0.4273570917523559,405.8958865835225,354.3272042068731,51.568682376649406,18.95935910898029,8.553221451298782,10.406137657681512,NB
frame_Re_532.53_532.64,7.657352395065985,0.0,-0.3066813425842844,399.9676484469557,350.0609979599125,49.90665048704312,12.249157701449604,4.867906139746268,7.381251561703337,NB
frame_fe_532.64_532.84,40.02181891588273,0.0,-0.0935171806969627,398.2666541434153,338.4814169801556,59.785237163259694,50.11358849727693,17.886305772270745,32.227282725006184,NB
frame_ri_532.84_533.03,14.546688793071212,1.25,0.635990675767836,395.9657047540288,338.271923099928,57.6937816541008,22.90963650176566,7.557450905030919,15.352185596734742,NB
frame_kwa~_534.28_534.43,17.512401300353716,0.0,-0.5567529148854439,401.0522576868284,345.6708915456592,55.38136614116922,59.869600771027606,9.836865178925663,50.03273559210194,NB
frame_du_534.43_534.52,20.713810499479663,0.0,-0.3387217752979389,396.1148546702716,347.58746964753925,48.527385022732346,6.732390416938657,3.3711334010619254,3.361257015876731,NB
frame_Res_534.52_534.7,9.87866712405966,0.0,0.1196469811855121,402.57928531833386,345.939432953056,56.63985236527788,14.675721899138438,5.20819897203161,9.467522927106828,NB
frame_po~_534.7_534.89,32.532895281625215,0.0,-0.0417129223026438,394.3108550138185,336.8763497786679,57.43450523515065,56.07123702093892,23.12393280183602,32.947304219102904,NB
frame_dZi_534.89_535.09,20.445682768303183,0.0,0.8293266334996791,399.0257293057769,338.1811050139808,60.84462429179604,14.339851033280198,3.760518375491373,10.579332657788823,NB
frame_a_535.09_535.56,30.189092234893597,0.1100000000000136,2.795459798827141,394.2623195028896,308.3332123837389,85.92910711915067,17.579410252638425,7.718065527494275,9.86134472514415,NB
frame_a_535.67_535.7,34.00926051202306,0.0,-0.5742821488575176,377.9141341814645,335.48774071593493,42.42639346552966,1.9622357053521424,1.3542374242350093,0.6079982811171334,NB
frame_peR_535.7_535.88,45.6404128505102,0.0,-0.5198455044667593,400.864669796514,342.6415226173854,58.2231471791286,55.66017931117929,26.971720626356927,28.688458684822365,NB
frame_gu~_535.88_536.03,24.863255361316888,0.0,-0.3740763681464152,396.5524658103417,342.3859698259706,54.16649598437107,24.666694072238613,7.239150409443326,17.427543662795287,NB
frame_ta_536.03_536.14,14.555497484208132,0.0,-0.5742821488583882,400.3573713764887,348.6535066201569,51.70386475633171,3.011126434972695,1.3464659371682757,1.6646604978044195,NB
frame_a~_536.14_536.18,32.401261718508806,0.0,-0.7759811581730252,390.85197980499487,347.79018632659523,43.06179347839964,3.142419954261697,1.8644455202973087,1.2779744339643884,NB
frame_te_536.18_536.35,15.19017202909383,0.0,-0.0935171806969627,401.2391701141602,344.9313927377015,56.30777737645866,20.840451118348938,10.908262742041003,9.932188376307934,NB
frame_ri_536.35_536.45,23.544761443827824,0.0,-0.1373531551551407,401.1124284105736,350.8238498954013,50.28857851517228,13.461926680841003,7.776852502950817,5.685074177890186,NB
frame_oX_536.45_536.63,9.129069174316951,0.0600000000000591,0.4985163834696646,400.228367153914,345.477795734597,54.750571419317,13.988196419470723,5.029658410183089,8.958538009287636,NB
frame_si_536.69_536.75,69.09592996573794,0.0,-0.524025070617728,386.96133446172655,342.0232050392221,44.93812942250446,15.394915515461214,6.561343301778749,8.833572213682466,NB
frame_na~w~_536.75_536.85,46.59591776771552,0.0,-0.995209401458114,395.6837785102176,344.93093498030385,50.75284352991372,10.616652812980265,4.76648271982458,5.850170093155683,NB
frame_es_536.85_536.91,53.73669160832057,0.0,-0.9461738282389792,376.50958719277423,332.8098856200894,43.69970157268483,11.169734865827763,2.8669073249550365,8.302827540872727,NB
frame_tow_536.91_537.07,32.33609188870406,0.0,-0.2413137075372574,400.8558423638699,344.203539997732,56.65230236613792,2.473744894693141,1.6829319026426075,0.7908129920505331,NB
frame_e~_537.07_537.1,32.710586790261985,0.0,-1.265798282768246,387.2199792442527,344.2989695972705,42.92100964698216,0.7134434070354416,0.3955159292829791,0.3179274777524625,NB
frame_ga_537.1_537.26,25.23110924178458,0.0,0.0383982052666491,403.3023462704826,346.7211843064346,56.58116196404802,15.693457924179311,2.803110884130973,12.89034704004834,NB
frame_na_537.26_537.43,42.34823841276959,0.0,0.1915682937976908,397.93323739919794,341.39082401258474,56.54241338661319,12.498164146958745,6.557354975159996,5.940809171798748,NB
frame_du_537.43_537.5,37.40007267883952,1.7799999999999727,-0.464803742998947,383.3471202082116,337.4715600487225,45.87556015948911,40.85652798336906,13.977118257712291,26.87940972565677,TB
frame_foj_539.28_539.44,30.001668075624,0.0,-0.8331777803414494,404.0556268075786,348.0646855316815,55.99094127589712,55.44779208106161,19.321604827772845,36.12618725328876,NB
frame_a_539.44_539.51,23.313971222888355,0.0,-0.2679419717963048,399.9206045956299,353.67631544112714,46.24428915450278,7.529601014399262,3.460143842804726,4.069457171594536,NB
frame_tE_539.51_539.64,21.263069541216357,0.0,-0.4531766388278305,405.8048790805791,351.43301175221853,54.371867328360565,4.785368838937444,3.0391592958413582,1.7462095430960858,NB
frame_muj~_539.64_539.78,26.57436775571809,0.0,-0.5908857106999551,399.5376942944764,346.1044344323503,53.433259862126135,7.133878193097814,2.862151081006175,4.271727112091639,NB
frame_tu_539.78_539.92,18.53862898519715,0.0,0.0395241278050852,397.99765463347126,346.7290548255462,51.26859980792506,84.9166137741627,37.72018277693843,47.19643099722428,NB
frame_bo~_539.92_540.21,13.894867210642277,0.0,1.635822980044189,401.5944756987299,332.4110727795017,69.18340291922817,18.700777326567632,6.0366330515585815,12.66414427500905,NB
frame_E_540.21_540.31,25.74710646692722,0.0800000000000409,-0.2045200468787815,393.59436780080375,348.54948574039923,45.04488206040452,4.265556454837821,1.7755918800457238,2.489964574792097,NB
frame_E_540.39_540.91,56.88972104192655,0.0,2.40637416858906,399.1787722820879,306.9167159022139,92.26205637987395,30.35466619394896,19.815634078188467,10.539032115760492,NB
frame_muj~_540.91_541.06,37.44849842479242,0.0,-0.5908857106999551,400.486972478076,345.35801521113336,55.12895726694262,22.277506015235858,8.399851731287129,13.87765428394873,NB
frame_tu_541.06_541.2,0.9452222690225368,0.0,-0.2126398075954974,397.87676361677336,344.6484023693198,53.22836124745356,106.67186145792206,61.83684484409639,44.83501661382567,NB
frame_bo_541.2_541.37,39.199901456667504,0.0,0.0546183288665207,403.2095016357008,346.0816347884048,57.12786684729605,26.318848966256965,8.76304950686827,17.555799459388695,NB
frame_a_541.37_541.44,45.66908069633696,0.0,-0.2679419717954341,399.5764752574571,354.4090446920699,45.16743056538718,4.331794955028556,2.887161170885207,1.444633784143349,NB
frame_E_541.44_541.47,88.25590809487389,0.0,-0.6396690827896173,367.3896888616291,326.07216586085536,41.31752300077375,1.121213199672944,0.6068477648246642,0.5143654348482798,NB
frame_sa_541.47_541.57,43.76649645559793,0.0,-0.4211120603264758,401.75682251964906,351.323884134702,50.43293838494708,1.845451961995124,0.5484753732325203,1.296976588762604,NB
frame_peR_541.57_541.78,61.13336385434373,0.0,0.545975304957732,397.250376549078,338.4174710299133,58.83290551916468,44.373244382916575,17.11125849241853,27.26198589049805,NB
frame_gu~_541.78_541.89,54.67032783868832,0.0,-0.3173804185986855,389.5944113429726,341.5984513142428,47.99596002872983,5.020318293793935,1.756216023158629,3.2641022706353056,NB
frame_ta_541.89_542.04,7.0392560228702905,0.0,-0.4211120603273465,399.2785081928964,344.2461447231002,55.03236346979622,84.71030382740297,42.0723743183826,42.63792950902037,NB
frame_a_542.04_542.09,52.02195911625057,0.0,-0.4211120603264758,389.7409861271061,345.4661142292175,44.27487189788855,5.975966528981957,2.2218941148211115,3.754072414160845,NB
frame_gO_542.09_542.31,35.96211172035005,0.0,0.5481177555044817,401.425563844929,338.40022436185063,63.025339483078426,87.65624031237311,72.11996146543656,15.536278846936554,NB
frame_ra_542.31_542.41,10.507793262878067,0.0,-0.2679419717963048,395.5596136211104,346.2535428642039,49.306070756906536,4.4896554998732086,1.6180438348793018,2.8716116649939067,NB
frame_poX_542.41_542.65,58.75120497894525,0.0,-0.6852117621387193,397.12496435156754,335.0027601526984,62.12220419886916,91.59368719402642,62.38849481517207,29.20519237885436,NB
frame_ki_542.65_542.88,36.77230990800675,1.92999999999995,0.82932663349858,400.69451523637537,338.6810082703974,62.01350696597797,357.7033244541816,232.7676394213656,124.935685032816,NB
frame_fi_544.81_544.99,52.16410509143802,0.0,-0.1373531551551407,397.4327840536662,340.4500242016712,56.98275985199496,64.53156980340248,38.6050384179476,25.92653138545488,NB
frame_kow_544.99_545.22,32.81393413186542,0.0,-0.9811437985424974,403.2853531696971,339.4836221119934,63.801731057703705,61.735159160728216,16.645107627980764,45.09005153274745,NB
frame_majs_545.22_545.5,36.79643263100312,0.0,-0.2679419717963048,394.1434512474004,328.1280982959076,66.01535295149279,64.66417813879976,23.156735584784315,41.50744255401544,NB
frame_kla_545.5_545.81,30.90885811320496,0.0,0.2681533380632117,402.0880112506368,330.5314387895763,71.55657246106045,66.20726140281167,18.720425184690896,47.48683621812077,NB
frame_ru_545.81_545.91,47.14355616139895,0.0,-0.0865578398959227,396.0055036168285,345.86707070360467,50.138432913223824,13.617670528758184,7.852088963774833,5.76558156498335,NB
frame_fa_545.91_546.13,59.54778764961748,0.0,0.11498324953217,397.5825917684461,336.32796430910645,61.254627459339645,36.81534247052651,17.03365241274348,19.78169005778303,NB
frame_zeX_546.13_546.41,37.96552418998005,0.0,1.8249602762671215,402.00862510429687,334.27616388579304,67.73246121850383,26.97939857784172,9.349341589898714,17.630056987943007,NB
frame_a_546.41_546.5,50.79945311512195,0.0,-0.1147718832643925,391.1133190323064,342.7342078979689,48.37911113433756,8.574528912933047,5.647536855995554,2.926992056937493,NB
frame_gO_546.5_546.76,53.78138963699307,0.0,0.9011427505752422,393.65448373915615,327.0052712637772,66.64921247537899,35.58214651115227,10.998320202395064,24.583826308757203,NB
frame_ra_546.76_546.93,43.463340180722966,1.3600000000000136,0.2681533380632117,390.0267690919681,334.7407141367947,55.28605495517337,55.32057090374896,16.881637469306924,38.43893343444204,NB
frame_fi_548.29_548.37,53.58124719672438,0.0,-0.4273570917523559,385.2342928943891,338.1555516694376,47.0787412249515,4.308736964222845,2.447304120157497,1.861432844065348,NB
frame_kow_548.37_548.51,16.56800367461703,0.0,-0.9811437985424974,397.0898550399724,344.11027566191274,52.97957937805961,86.74166610119829,68.7902463977337,17.951419703464595,NB
frame_majs_548.51_548.77,12.265443108224645,0.0,-0.2679419717963048,393.56872798573966,327.987799958352,65.58092802738764,102.6336091580651,50.55358399917503,52.08002515889007,NB
frame_kla_548.77_548.99,28.890528455342235,0.0,0.11498324953217,398.7912069803688,335.447349473283,63.34385750708583,5.540826125723115,2.2841646684194785,3.256661457303636,NB
frame_ra_548.99_549.05,33.63981321739496,0.0,-0.5742821488583882,396.9656245579275,351.86856938230983,45.0970551756177,5.2988518465864445,3.708926845676544,1.5899250009099006,NB
frame_a_549.05_549.08,86.46928713619678,0.0,-0.5742821488575176,383.2742045383691,339.85128126824225,43.42292327012689,23.52661394194385,16.085139707392216,7.441474234551634,NB
frame_es_549.08_549.17,73.55210043087182,0.0,-0.9461738282389792,373.235634030324,329.30747089244755,43.92816313787648,32.597566585014704,18.09274025910028,14.504826325914422,NB
frame_pli_549.17_549.37,40.96566344449714,0.0,0.0559828025756034,396.58737368457287,337.93135111922084,58.65602256535203,66.87594488567854,24.24594661901825,42.62999826666029,NB
frame_ka_549.37_549.53,70.54120719115416,0.0,-0.0381868389988716,395.362835222643,341.971452650067,53.39138257257599,50.49181808115995,29.890724348558702,20.60109373260124,NB
frame_sa~w~_549.53_549.78,59.02517433117934,1.0400000000000773,-0.5567529148829516,391.1239507943695,327.9987151527319,63.12523564163757,43.94802151210146,17.835688762511737,26.11233274958973,NB
frame_ko~_550.82_550.93,30.314066932820023,0.0,-0.7406862149480847,396.155530438814,345.0374476992599,51.1180827395541,3.9010942635794654,1.897163735956724,2.0039305276227424,NB
frame_fi_550.93_551.11,55.51694505943628,0.0,-0.3306891128858849,395.7282987555459,339.04023871416325,56.688060041382585,60.55734542095578,41.770779607390494,18.78656581356529,NB
frame_gu_551.11_551.22,30.631667780428444,0.0,-0.4648037429975136,395.66758121138895,345.50630767395165,50.161273537437296,1.48070871235808,0.7276674173891706,0.7530412949689094,NB
frame_ra_551.22_551.42,31.598244094794453,0.0,0.4213234265942534,397.3825256267153,337.0675857591936,60.31493986752167,6.032763700784798,2.575551106360294,3.4572125944245045,NB
frame_da_551.42_551.57,25.183619324685125,0.0399999999999636,-0.0381868389988716,395.5920421470368,342.65638567056783,52.93565647646898,10.629817475697235,3.463176480073386,7.166640995623851,NB
frame_E_551.61_551.64,33.5476345639382,0.0,-0.6396690827896173,363.1617044132401,322.2209600919441,40.94074432129594,9.713339532205367,4.765503415866903,4.947836116338465,NB
frame_sa_551.64_551.8,66.14507056539854,0.0,0.11498324953217,393.6076411605736,339.4026994796754,54.20494168089823,9.554614276181752,4.168715175123779,5.385899101057973,NB
frame_E_551.8_551.97,76.52275442234739,0.0,0.2306289890334677,389.2122623289042,334.53836184539574,54.67390048350848,2.919604374748616,0.6954263299215171,2.2241780448270987,NB
frame_sa_551.97_552.26,91.23365279937768,0.1299999999999954,0.4213234265942534,386.7255480260642,321.49068760388855,65.2348604221757,33.263260793645266,18.81782115662007,14.445439637025196,NB
frame_sa_552.39_552.56,89.87930675294331,0.0,0.1915682937976908,394.8725590350451,337.762789096682,57.10976993836306,3.3382307352941467,2.212647113729276,1.1255836215648714,NB
frame_i_552.56_552.73,74.19723797951568,0.0,0.8293266334996791,391.5692472360395,338.1588132526079,53.41043398343157,7.521142974421352,3.759589952664811,3.7615530217565407,NB
frame_da_552.73_552.87,88.42600411079023,0.0,-0.1913569275299133,390.394630128052,338.3429718335018,52.05165829455018,6.505531697970582,4.275164747246279,2.230366950724303,NB
frame_du_552.87_553.05,89.83072011834265,0.1200000000000045,0.7960159340125671,385.09888014735793,330.17285554571293,54.926024601645,5.815232113892719,3.1366734885813514,2.678558625311368,NB
frame_du_553.17_553.27,58.68910269522212,0.0,-0.0865578398959227,384.61429513306,336.39110399988454,48.22319113317542,8.223800734779104,4.016241821707638,4.207558913071466,NB
frame_tra_553.27_553.43,50.0046181250987,0.0,-0.4211120603273465,393.6841106446861,338.9201514955822,54.76395914910387,45.68659199271684,13.902402480902168,31.784189511814667,NB
frame_ba_553.43_553.54,34.50085972653763,0.0,-0.4976971045928673,396.6978186255682,344.79873443998054,51.89908418558764,14.28283049494148,4.127300131145006,10.155530363796473,NB
frame_La_553.54_553.68,46.94623048392586,0.0,-0.1147718832652631,391.71733599683176,340.9181535844594,50.799182412372375,21.64678623732972,11.474553091601024,10.172233145728695,NB
frame_doX_553.68_553.94,55.38568158358525,0.0,0.7944484198717606,399.2858627401719,333.1206758309006,66.16518690927126,33.87962782562499,10.334624398680546,23.545003426944447,NB
frame_na~w~_553.94_554.07,55.83205083394907,0.0,-0.9952094014606064,391.6329900313874,338.74626158260094,52.88672844878647,27.877816827571703,14.447841786632608,13.429975040939098,NB
frame_E_554.07_554.13,7.367078824427665,0.7400000000000091,-0.4531766388278305,387.63752775608674,344.66333663419545,42.974191121891295,14.423414006211305,8.47339206371754,5.950021942493763,TB
frame_un_554.87_554.93,63.24820923752149,0.0,-0.5908857106999551,396.2751871397826,350.0404996246872,46.2346875150954,0.9677488273745638,0.2951141106393606,0.6726347167352031,TB
frame_u~_554.93_555.48,74.9422468406519,0.0,2.347329210116893,397.14931367565646,301.79119024513903,95.3581234305174,14.966119423568472,7.855245410745752,7.11087401282272,NB
frame_poX_555.48_555.65,79.29183106817781,0.0,-0.9811437985424974,387.0447292510111,331.2150038883756,55.829725362635486,2.718363220150408,1.4078818537927449,1.3104813663576635,NB
frame_dZi_555.65_555.97,77.85659400051999,0.0,1.9893423798852432,399.1809459697213,326.1403966355722,73.04054933414915,43.6400403739499,19.30645834490564,24.333582029044265,NB
frame_mO_555.97_556.14,61.78450808337102,0.0,-0.5109572297077994,400.8040033800124,345.12672353537766,55.67727984463471,17.761712659267033,5.391450527283027,12.370262131984006,NB
frame_du_556.14_556.24,99.5819009628745,0.0,-0.3387217752979389,401.4732757260576,351.2114699756094,50.26180575044822,0.4460338109169157,0.2004242817709567,0.245609529145959,NB
frame_prO_556.24_556.48,140.5883093685296,0.0,-0.3344447321724192,400.2471137688724,336.3215659270983,63.92554784177412,528.0441949141672,326.81210880686496,201.23208610730225,NB
frame_priu_556.48_556.69,99.19186736740215,1.5599999999999454,-0.524025070617728,382.33048873709504,325.4911527634671,56.83933597362795,3.0843661779483043,1.4172089264566594,1.6671572514916448,TB
frame_ko~_558.25_558.39,5.439816028414242,0.0,-0.880480873476855,390.043112115474,338.6805680066232,51.36254410885084,260.7567879240832,109.24386446525337,151.51292345882982,NB
frame_mu_558.39_558.47,116.13734710062872,0.0,-0.5908857106999551,400.7629706655175,351.5558229203699,49.20714774514755,19.24035962863905,7.346934496134622,11.893425132504431,NB
frame_E_558.47_558.54,43.64118287727376,0.0,-0.3910124908405683,402.04660859309695,353.7266229508457,48.31998564225125,5.258968921968176,1.402787896398678,3.856181025569498,NB
frame_ki_558.54_558.63,47.57722509588595,0.0,-0.4273570917523559,403.3418790662861,353.27767447261755,50.064204593668535,286.6751983512181,82.40281530885238,204.27238304236573,NB
frame_e_558.63_558.67,66.0105092109072,0.0,-0.7330096663540809,396.825428395413,352.9608466628484,43.8645817325646,5.871891887547633,3.5242312408950625,2.347660646652571,NB
frame_ra_558.67_558.82,35.609746919375254,0.0,0.0383982052666491,400.8547472422521,345.6677994358497,55.18694780640237,23.732978700640786,11.67531117803091,12.057667522609876,NB
frame_fej_558.82_559.04,36.30322641009863,0.0,-0.0935171806993861,403.6838058073684,341.64735114835963,62.03645465900877,210.8762030525811,88.17081676898471,122.7053862835964,NB
frame_tu_559.04_559.15,22.782398553826116,0.0,-0.5908857106999551,397.42093823540097,346.047411822838,51.37352641256297,3.1140456346823555,2.1787110985334266,0.9353345361489288,NB
frame_u_559.15_559.18,17.821963271607018,0.0,-0.5908857106999551,390.8745427128589,347.5383517121439,43.33619100071502,0.8245915746032608,0.3985934447975978,0.425998129805663,NB
frame_a_559.18_559.28,6.115338923279523,0.0,-0.0381868389988716,397.3786577496909,348.55943289467785,48.81922485501309,5.049470406058958,3.643630485267664,1.4058399207912942,NB
frame_koR_559.28_559.6,30.578151199298617,0.0,0.3505503652686166,406.39473124226873,334.16324176943203,72.2314894728367,178.6904563774581,52.255789310569725,126.43466706688838,NB
frame_du_559.6_559.75,7.370134996475429,0.0,0.0395241278065186,408.6356206926454,352.1250839069039,56.510536785741465,47.17327241209173,7.234708393170052,39.93856401892168,NB
frame_a~_559.75_559.92,15.670083772121444,0.0,2.073986004568023,406.44744557360457,348.47115940900073,57.97628616460389,23.185639926298933,9.18790059387345,13.997739332425482,NB
frame_tSis_559.92_560.03,30.56208588572505,0.0400000000000773,-0.524025070617728,386.3518061763255,336.5955517481766,49.75625442814891,13.765513385218044,7.769230435100439,5.996282950117603,NB
frame_du_560.07_560.19,10.53368489744696,0.0,0.0395241278065186,400.5409898334422,347.3080054827956,53.23298435064663,33.61124787623319,14.877712285305194,18.733535590928,NB
frame_fu~_560.19_560.27,4.066725373065708,0.0,-0.6008601663347557,403.0891292965276,352.93107029742123,50.1580589991064,52.1325897108251,9.13600072550068,42.99658898532442,NB
frame_du_560.27_560.43,10.443318447565275,0.0,0.6699339663115591,401.7889828730329,345.45732672113,56.331656151902905,13.050588045364776,7.148809659672196,5.90177838569258,NB
frame_dZi_560.43_560.51,5.885124919598212,0.0,-0.3306891128869838,397.80245294221135,349.96835111822213,47.834101823989215,15.135392707868874,2.820476452670192,12.314916255198682,NB
frame_ga_560.51_560.65,2.4652733661671107,0.0,-0.2679419717963048,397.6045605633652,343.3230296192892,54.28153094407605,14.16944936267771,3.745915557710617,10.423533804967091,NB
frame_ra~_560.65_560.82,0.1653251512858276,0.0,1.4163012747077717,398.5409501696493,341.3541113780086,57.186838791640696,4.728614296978833,3.107698391734857,1.620915905243976,NB
frame_tSi_560.82_561.04,81.8374597909979,0.0,-0.3306891128869838,393.12506962093073,332.3688841886271,60.75618543230365,136.2542084944737,80.2048887220944,56.0493197723793,NB
frame_a_561.04_561.08,21.32190079329652,0.0,-0.4976971045919967,384.1850687822124,342.73767714650324,41.44739163570915,2.867109247973275,1.4141253297095773,1.4529839182636977,NB
frame_kwa~_561.08_561.26,33.066986878316186,0.0,-0.9952094014606064,401.8119273999812,343.94318285543903,57.86874454454215,171.96919447508353,68.49678180379837,103.47241267128516,TB
frame_du_561.26_561.32,38.04209065194067,0.0,-0.5908857106985217,404.44272623460535,356.9252268643983,47.51749937020702,3.2137741059015923,1.4130105779047426,1.8007635279968497,NB
frame_na~w~_561.32_561.44,31.617527249978707,0.0,-0.9952094014606064,401.0230391943577,349.5337877981999,51.48925139615778,4.417001452467048,1.7513321873421432,2.6656692651249045,NB
frame_a_561.44_561.54,12.766318056477983,0.0,-0.0381868389997423,401.4609671261698,350.1697398280545,51.2912272981153,10.222535536002,4.711043608574641,5.5114919274273575,NB
frame_vi_561.54_561.72,0.8917473842443258,0.0,-0.3306891128858849,405.0130741992394,347.02978879640034,57.98328540283904,34.857861531414954,17.382989819374416,17.47487171204054,NB
frame_a_561.72_561.76,6.280047000378744,0.0,-0.4976971045928673,394.0431717223933,349.7857882171288,44.2573835052645,0.2645734524008389,0.0986860541765963,0.1658873982242426,NB
frame_fu~_561.76_561.95,30.222922041484537,0.0,-0.4874682672399409,397.7922992102653,338.1507523556386,59.641546854626654,165.2680569589448,57.93400264559227,107.33405431335254,NB
frame_du_561.95_562.03,5.44522237144389,0.0,-0.3387217752979389,396.26806774215015,348.55923848786324,47.70882925428691,2.7948097649535555,1.8309630178836471,0.9638467470699084,NB
frame_dZi_562.03_562.09,5.653276387654756,0.0,-0.5240250706166291,394.6657696164499,350.49212696015474,44.17364265629516,5.5872289248843,1.33261958702505,4.25460933785925,NB
frame_ga_562.09_562.22,11.50485091041682,0.0,-0.344527016060955,396.2215635185984,343.8589276699271,52.36263584867135,9.197361187470475,5.318753891958352,3.8786072955121256,NB
frame_ra~_562.22_562.38,13.635587361724248,0.0,1.197073031417698,393.6690757150472,337.86287482960705,55.80620088544015,12.839572639436511,9.739934515332408,3.099638124104104,NB
frame_tSi_562.38_562.62,14.876381821252435,0.0,-0.2340211340205127,390.6622135397431,327.4106306377483,63.25158290199482,17.966292042029266,9.828813143065103,8.137478898964162,NB
frame_a_562.62_562.66,18.1219466231216,0.4100000000000818,-0.4976971045928673,375.7466023270281,333.0955685252867,42.65103380174139,43.12968912770066,16.806583948219753,26.323105179480905,TB
frame_u_563.07_563.18,23.39491069818905,0.0,0.4177700309081095,398.3144369619038,348.09998269058207,50.21445427132176,26.511763922254477,11.803519277307856,14.708244644946618,NB
frame_a_563.18_563.29,102.1851372674201,0.0,0.0383982052666491,382.9020086100713,333.92155991555524,48.98044869451604,1.1187956811860431,0.5348883120714376,0.5839073691146055,NB
frame_koR_563.29_563.56,31.767028505209023,0.0,0.6464824016707127,404.2565314699653,338.5662150652561,65.69031640470922,71.82722095760866,31.149812340065356,40.67740861754331,NB
frame_du_563.56_563.64,6.034195556345026,0.0,-0.3387217752979389,395.21030407926816,348.4849347637027,46.725369315565445,14.907749587010557,8.89635309139939,6.011396495611166,NB
frame_si_563.64_563.78,63.71897798208862,0.0,-0.4273570917523559,395.1624997475313,342.7514833719391,52.41101637559217,103.2924700448274,61.99007541149787,41.30239463332954,NB
frame_pro_563.78_564.04,60.67094979377149,0.0,0.2025843470675687,400.8346646325687,334.19100400590605,66.64366062666255,101.72524130355704,57.40207086965921,44.323170433897815,NB
frame_se_564.04_564.16,72.20539431104055,0.0,-0.3066813425842844,396.8901214075258,346.2128007426452,50.677320664880654,61.22217246055775,28.92381746932432,32.29835499123343,NB
frame_sa_564.16_564.5,4.700332266536776,0.0,0.4979084708597742,402.0060660819713,327.98753521342144,74.01853086854987,40.369357984114345,25.820779332338503,14.54857865177584,NB
frame_va_564.5_564.68,45.232334657458765,0.1100000000000136,-0.2679419717963048,395.1378807894792,338.85348460943175,56.28439618004745,118.59054450282682,78.00835566270139,40.58218884012543,NB
frame_ow_564.79_564.88,1.0232343449926589,0.0,-0.6852117621387193,406.1163660794304,355.84319193242084,50.27317414700957,4.309355518327777,2.0393761582933507,2.2699793600344265,NB
frame_me_564.88_564.97,13.492164733859966,0.0,-0.9461738282389792,399.7166154717428,349.80969992060045,49.90691555114233,8.647855409432594,3.65938864787114,4.988466761561455,NB
frame_LOX_564.97_565.24,46.311861325799725,0.7000000000000455,0.1950927604337213,404.5329555872627,337.4054376293227,67.12751795793997,38.18677578747084,24.42605211448972,13.760723672981117,NB
frame_a_565.94_566.08,79.08669293016754,0.0,0.2681533380632117,392.79669886155193,345.2885533444765,47.50814551707538,55.93373741275975,22.68479243970131,33.248944973058435,NB
frame_koR_566.08_566.42,42.55830919760757,0.0,1.9781765654818264,415.18683297824094,339.6479888063497,75.53884417189124,77.69249052116811,31.405870959302376,46.28661956186573,NB
frame_du_566.42_566.64,85.88811107391251,0.5600000000000591,1.3003438048165994,402.66536552909366,344.10193191775085,58.563433611342816,30.75657018990989,14.739647085595536,16.01692310431436,NB
frame_a_567.2_567.28,57.49432333829717,0.0,-0.191356927530784,400.724481653606,353.85164272180174,46.87283893180427,11.042495738472198,4.836660498176414,6.205835240295784,NB
frame_ve_567.28_567.48,56.928472964043024,0.0,1.185467790612427,409.1066613232117,346.6226191058058,62.484042217405886,32.220120975485884,13.09726015734624,19.12286081813964,NB
frame_ri_567.48_567.73,31.250341700790244,0.0,1.3126665278265397,409.23204104483455,342.86575491177257,66.36628613306198,126.71458386846588,51.5770226548415,75.13756121362437,NB
frame_a_567.73_567.91,74.70826337502028,0.7599999999999909,0.5744935151252951,401.8122682833537,345.47846275432784,56.33380552902588,10.638317342974489,5.668858549134725,4.969458793839763,NB
frame_si_568.67_568.82,14.808229889283098,0.0,-0.1373531551551407,405.1607156316104,348.38180999438123,56.77890563722912,30.15657319968949,15.682584723432058,14.473988476257432,NB
frame_ajs_568.82_568.98,19.216895607542146,0.0799999999999272,-0.1147718832652631,399.41459697554205,346.3840420255131,53.03055495002894,134.33418993908802,43.46864620466087,90.86554373442716,NB
frame_paX_569.06_569.4,0.7948501824867549,0.0,0.8042486479227283,402.1073273066196,328.753562919309,73.3537643873106,50.9461381155719,28.978341654684016,21.96779646088788,NB
frame_tSis_569.4_569.54,41.70836794615313,0.1600000000000818,-0.2340211340216117,388.9573013384913,338.8181061772319,50.13919516125941,11.695641582227267,7.196011285291561,4.499630296935706,NB
frame_ko~_569.7_569.87,16.756491346115382,0.0,0.377671053283667,407.39624967877023,349.1901031965091,58.20614648226115,35.260961891641244,12.531395045749036,22.729566845892208,NB
frame_koR_569.87_570.14,10.784205150795913,0.0,0.6464824016707127,404.3394235434812,336.9740501798409,67.36537336364034,79.34947390348084,33.26077739796531,46.08869650551553,NB
frame_da_570.14_570.36,27.20317820062465,0.0,0.5744935151261658,399.6653598161544,338.62154261341675,61.043817202737614,42.60945795411867,20.530116192105535,22.07934176201313,NB
frame_se~j~_570.36_570.66,23.79085662353401,0.6700000000000728,-1.265798282768246,397.3152241111992,328.1846188108991,69.13060530030003,43.518420858502935,21.63684830570213,21.881572552800804,NB
frame_e~j~_571.33_571.67,20.62881008918424,0.0,1.9987605295077788,406.68390621670113,332.04115279578946,74.64275342091167,15.265652157221098,7.238823639548258,8.02682851767284,NB
frame_ki_571.67_572.22,9.96152738697873,0.7400000000000091,3.536030041732296,404.14025790013454,308.7393862699176,95.40087163021708,289.8335134535072,237.06491650473035,52.76859694877686,NB
frame_u~_572.96_573.07,16.630152841875514,0.0,-0.1472925699574301,406.6002374570742,353.7640255667156,52.8362118903587,23.975217485429116,13.846981129453129,10.128236355975986,NB
frame_ma_573.07_573.29,9.838788077071683,0.0,0.11498324953217,402.7304957243488,341.0492806051326,61.68121511921623,70.17421088303243,30.108293545686053,40.06591733734638,NB
frame_dE_573.29_573.47,10.439579732454234,0.0,-0.018027602916288,406.6388365149371,347.25774315401145,59.38109336092566,11.946504360955558,4.279478765688879,7.667025595266679,NB
frame_las_573.47_573.64,11.125767121272531,0.0600000000000591,-0.2679419717954341,400.5982025342482,344.6406773631995,55.9575251710487,81.22563556473027,61.02652699064768,20.199108574082587,NB
frame_pa_573.7_573.82,53.440351195479096,0.0,-0.344527016060955,403.0393761444897,350.115649134277,52.9237270102127,14.158861866886554,4.509485953923473,9.64937591296308,NB
frame_ga_573.82_573.97,57.9145664502976,0.0,-0.0381868389988716,401.66247508982656,346.36184597976006,55.300629110066495,12.729237578754294,4.991628137447819,7.737609441306475,NB
frame_ri_573.97_574.24,11.000661682101054,0.0,1.4093345066919116,407.3932241456576,337.72486143790684,69.66836270775076,91.34849241138544,30.027811496688685,61.32068091469675,NB
frame_a_574.24_574.4,8.223296521942643,0.4300000000000636,0.4213234265942534,394.0276920885922,339.1381550450695,54.88953704352269,118.69089826880492,62.97054718944455,55.720351079360384,NB
frame_u_574.83_574.9,83.39351603343468,0.0,-0.0865578398959227,387.9026277007171,342.6551534550372,45.24747424567994,3.128517128418153,1.7839056882151567,1.3446114402029965,NB
frame_pa_574.9_575.07,71.90706746798934,0.0,-0.344527016060955,399.4227366690299,342.7812063147145,56.64153035431536,38.23514903465144,14.413300482188845,23.8218485524626,NB
frame_tra~w~_575.07_575.36,2.893628381353409,0.6899999999999409,0.1009318149772997,404.8290368407244,334.9422006958241,69.88683614490026,79.50775576369423,45.31656242323186,34.19119334046238,NB
frame_i_576.05_576.17,11.00290446223866,0.0,0.3459867391717197,409.7825788235437,356.6559243151119,53.12665450843173,23.63987601567716,11.129779201108876,12.510096814568286,NB
frame_a_576.17_576.22,7.635021244287813,0.0,-0.4211120603264758,406.7848682525965,360.9043506947477,45.88051755784886,0.9856599479746252,0.7084679609044571,0.277191987070168,NB
frame_ow_576.22_576.46,14.319398458035266,0.0,1.2383464744749046,408.3882304507396,343.0825864835137,65.30564396722588,42.26997097975034,19.095915454466763,23.174055525283578,NB
frame_tra_576.46_576.6,67.1063706287593,0.0,-0.344527016060955,402.7264192824304,348.78979281758205,53.9366264648483,346.4625109846409,250.4812263414753,95.98128464316564,NB
frame_Re_576.6_576.8,27.482404675281344,0.0,1.6117961143822237,400.62373138594165,342.30003538859097,58.32369599735068,8.81149946961743,3.187333745382304,5.624165724235127,NB
frame_se_576.8_576.94,31.818460989679195,0.0,0.1196469811879355,399.651070100157,346.4022174814927,53.24885261866433,53.473519730799296,9.198861254107925,44.27465847669137,NB
frame_be_576.94_577.09,25.690675845686457,0.0,0.545975304957732,402.0655461315781,346.8421948835633,55.22335124801481,14.452721007665588,4.436542389352198,10.01617861831339,NB
frame_ri_577.09_577.27,40.66242242894734,0.0,0.635990675767836,410.1656287132563,350.18963575534326,59.97599295791304,93.96627804874528,32.130070660299,61.83620738844627,NB
frame_a_577.27_577.3,35.186747632549555,0.0,-0.5742821488583882,396.090557896772,352.09549088652824,43.99506701024376,20.68226414613801,10.783023272944632,9.899240873193378,NB
frame_u_577.3_577.41,20.31453245522269,0.0,0.4177700309095429,406.765203592055,354.7035735149694,52.06163007708562,23.972441143087792,17.545547838414592,6.4268933046732,NB
frame_e~_577.41_577.52,28.700858036652164,0.0,0.4752997504467886,403.6648528793565,353.47561951686043,50.18923336249611,10.676619187796888,4.281328640769317,6.395290547027571,NB
frame_pre_577.52_577.7,2.174935568825191,0.0,0.1196469811879355,404.7828453749545,346.88197445019546,57.90087092475903,20.61717694757557,5.934669292680098,14.682507654895474,NB
frame_ga_577.7_577.92,4.211788379469311,0.0,0.4213234265942534,400.26158838780543,339.3195946717516,60.94199371605384,57.01936669283796,27.24046056263961,29.77890613019835,NB
frame_du_577.92_578.03,37.82274162765543,0.0600000000000591,-0.2126398075969308,396.1571077202308,345.9098425257238,50.24726519450701,34.269149354691194,16.014781007653255,18.25436834703794,NB
frame_u~_578.09_578.14,28.76935986082637,0.0,-0.4874682672405855,398.5055285893073,355.12671828459565,43.37881030471164,1.5843372081016869,0.741436913721941,0.8429002943797457,NB
frame_ma_578.14_578.26,34.68143266344558,0.0,-0.4976971045928673,402.5703815961372,349.30438353006264,53.26599806607453,19.54982848904075,8.312127573722336,11.237700915318412,NB
frame_de_578.26_578.37,9.129789423396318,0.0,-0.5198455044691827,404.7779023993273,352.7532224707469,52.0246799285805,25.63782308001069,15.253534984363228,10.384288095647465,NB
frame_teR_578.37_578.59,36.9152085573226,0.0,0.1196469811855121,402.17145393982366,340.5697148069621,61.60173913286155,28.912417867205207,17.07415317917578,11.838264688029426,NB
frame_mi~_578.59_578.66,48.96470220932835,0.0,-0.8376819483263676,394.9898527849681,349.18964948995523,45.800203295012864,0.4475536601624696,0.2213002898232758,0.2262533703391938,NB
frame_na_578.66_578.83,36.31847914328898,0.0,0.1915682937976908,399.04734730425326,343.05875310703186,55.9885941972214,11.840264498383164,3.2613812493493413,8.578883249033822,NB
frame_da_578.83_578.89,55.06142787172243,0.0,-0.5742821488583882,394.3617236314295,348.6497813373803,45.71194229404921,3.909766372194724,1.0022785747662937,2.9074877974284306,NB
frame_i~_578.89_578.96,61.723906154919206,0.0,0.0891151008869372,396.0970631383734,349.09753214730097,46.99953099107245,6.057143494185254,3.4714824444170063,2.585661049768248,NB
frame_poX_578.96_579.17,79.1091212165617,0.0,-0.8331777803414494,391.0381799167094,332.6218647824044,58.41631513430502,25.676606330173165,14.462064256546668,11.214542073626497,NB
frame_ta~_579.17_579.32,56.17645579480386,0.0,-0.5567529148829516,399.9044576541344,344.6291340945738,55.27532355956055,66.55854729972904,33.3372338114723,33.22131348825674,NB
frame_sia_579.32_579.41,35.52529518126704,2.180000000000064,-0.524025070617728,383.6568607606948,335.99851115909905,47.65834960159572,29.05033188566753,14.471640450743196,14.578691434924336,TB
frame_ow_581.59_581.79,4.698538489970872,0.0,0.0546183288665207,411.4577175305005,349.70932064007167,61.74839689042881,112.94832761865118,67.73209196041094,45.21623565824024,NB
frame_e~_581.79_581.9,31.10937601501513,0.0,0.4752997504467886,399.8209597330658,351.6954949234762,48.12546480958969,67.29340771823578,30.708661514336825,36.58474620389896,NB
frame_ta~w~_581.9_582.25,43.62909931446748,0.6200000000000045,0.5393883015549544,409.5343864786468,333.92702667130374,75.60735980734302,135.12221134806404,75.98477027493297,59.13744107313107,NB
frame_si_582.87_582.98,44.650573318187085,0.0,-0.1373531551551407,400.9565381509366,349.1410074189131,51.81553073202349,10.276783230025586,5.746255052226388,4.530528177799198,NB
frame_na~w~_582.98_583.18,58.56818918711457,0.0,-0.5567529148829516,405.3320346291502,342.9227281692678,62.40930645988237,117.15772663757404,38.97609640440453,78.1816302331695,NB
frame_ow_583.18_583.35,38.544278241611806,0.0,0.3505503652686166,401.1367132572194,344.7688031032402,56.36791015397921,50.71082669191833,30.749244676025512,19.961582015892816,NB
frame_ve_583.35_583.54,62.87689768673975,0.0,0.9723036287275286,399.76804518267096,342.1938352034241,57.57420997924686,13.694821778742238,7.536827120099943,6.157994658642295,NB
frame_si_583.54_583.69,101.43334899310308,0.0,-0.5240250706166291,387.67083077846576,333.4185253235449,54.25230545492087,2.1012402063569127,1.0510360363338125,1.0502041700231004,NB
frame_a_583.69_583.74,87.31970959694789,0.0,-0.4211120603273465,382.31150023996497,340.3500984646197,41.96140177534528,0.1858927036427502,0.0564057481927449,0.1294869554500053,NB
frame_koR_583.74_584.1,0.2436906119532409,0.0,1.2383464744749046,405.6273629384434,331.41733377846793,74.21002915997553,145.09420432776827,46.06699685213084,99.02720747563744,NB
frame_du_584.1_584.19,90.30953048901888,1.3599999999999,-0.4648037429975136,385.3143152058558,337.3374275279508,47.97688767790498,4.337606187082713,1.3207039086926784,3.0169022783900346,NB
frame_a_585.55_585.89,7.572814832129694,0.0500000000000682,1.79985422337537,400.6099701027074,325.6926277299524,74.917342372755,132.39415730801005,69.92479297996667,62.46936432804337,NB
frame_de_585.94_586.06,13.389992564099288,0.0,0.1196469811855121,405.98919130296144,354.54250274467586,51.44668855828559,18.949700286536853,6.521125120507179,12.428575166029674,NB
frame_ma~_586.06_586.41,21.86378390061512,0.0,2.7316707344307667,404.4684978027959,328.347775271815,76.12072253098091,48.756486429836016,33.76502351975776,14.991462910078257,NB
frame_da_586.41_586.66,32.41043848202148,0.6600000000000819,0.6510785593908159,403.7446917199454,338.520873640182,65.22381807976342,89.37938171750761,40.76923983020501,48.6101418873026,NB
frame_se_587.32_587.44,0.5407872670356824,0.0,0.1196469811879355,408.2218989629963,354.3875426339172,53.83435632907913,13.536165255529838,3.7959393720823584,9.74022588344748,NB
frame_gi_587.44_587.63,13.138913253380096,0.0,0.5393226969024638,400.6884547423589,341.71369190116866,58.97476284119023,8.197656658821074,4.064545087208401,4.133111571612673,NB
frame_ri_587.63_587.71,5.410436294618165,0.0,-0.3306891128858849,400.15435412435113,353.46766338020655,46.686690744144585,15.03389361492546,4.73860289789269,10.29529071703277,NB
frame_a_587.71_587.74,255.08641565990604,0.0,-0.5742821488583882,391.6469327180852,348.9205843824656,42.72634833561955,9.129504811722825,4.420024887306226,4.709479924416598,NB
frame_u_587.74_587.83,17.549038465460143,0.0,0.1656060955075267,388.791111110373,341.5573162571808,47.23379485319231,99.54562170962676,50.46641713808461,49.07920457154216,NB
frame_sew_587.83_588.06,35.16381745529061,0.0,-0.9461738282389792,401.0131812372926,339.2999596584517,61.71322157884089,58.072291439360285,15.894834313462724,42.17745712589756,NB
frame_tra~_588.06_588.26,19.696673411247676,0.0,0.7586165448425357,402.7547540036822,342.1067682563262,60.64798574735602,61.42397476389965,28.67752157976705,32.746453184132605,NB
frame_mi_588.26_588.37,7.077460227578655,0.0,-0.3306891128869838,392.9230953409778,343.74215588240736,49.18093945857044,49.11686911272194,23.21246020985069,25.904408902871253,NB
frame_tSi_588.37_588.43,42.29943842608986,0.2400000000000091,-0.524025070617728,374.7077593713758,329.87978151054926,44.827977860826536,72.48786277017365,38.60049993544666,33.887362834726986,NB
frame_a_588.67_588.75,42.20230151608652,0.0,-0.1913569275299133,389.3215274873558,344.00644169012054,45.31508579723527,5.866558818065741,2.931012154342639,2.935546663723102,NB
frame_tE_588.75_588.92,50.67923193540946,0.0,-0.2045200468787815,402.6467241934791,345.56000888795603,57.08671530552306,57.6628640708622,27.59234615245903,30.07051791840317,NB
frame_fi~_588.92_589.09,21.998227068003715,0.0,0.0891151008869372,400.5170349384083,343.1054011809282,57.4116337574801,114.64782881808937,53.59118741376007,61.05664140432929,NB
frame_naw_589.09_589.34,3.528186024520892,0.0,-0.5742821488583882,396.97161814177366,333.2971394582761,63.67447868349757,94.8479275730796,50.6917696715156,44.156157901564,NB
frame_e~j~_589.34_589.41,33.67432092947243,0.0,-1.0481610286166758,397.8991207783151,351.3386413165246,46.560479461790464,6.205491280462724,3.4723529161453257,2.733138364317398,NB
frame_Ze_589.41_589.54,46.04330010431629,0.0,0.5459753049553087,397.7555099947552,344.9633043795632,52.79220561519202,9.272282938812054,5.075186763747951,4.197096175064104,NB
frame_raw_589.54_589.82,20.041850108031998,0.0,-0.3445270160618257,401.4304101748775,332.3872810489229,69.04312912595464,46.25796064547758,23.37069702549344,22.88726361998414,NB
frame_ajs_589.82_589.95,41.09194870450981,0.0499999999999545,-0.2679419717963048,393.63083795478127,344.59447111065924,49.03636684412203,11.74529461373551,5.972146912718984,5.773147701016526,NB
frame_kaw_590.0_590.34,42.55454792166721,0.0,-0.5742821488575176,398.9413325650133,324.0322491970955,74.90908336791784,23.331741197026645,12.437980946866034,10.89376025016061,NB
frame_zas_590.34_590.44,70.0471463246668,0.0,-0.5742821488583882,390.6891534732251,341.11954418150594,49.56960929171913,14.798074761924454,8.445893994949685,6.352180766974769,NB
frame_i_590.44_590.53,33.323510544045874,0.0,0.0559828025745044,405.2372501807877,354.8875744280431,50.349675752744645,4.454703819357249,1.7063082943067656,2.7483955250504835,NB
frame_a~w~_590.53_590.61,50.89338740031536,0.0,-0.9952094014606064,391.6879044917149,344.8990349608339,46.78886953088096,9.17345961787464,3.6951774704608766,5.478282147413765,NB
frame_teR_590.61_590.8,50.16164461828777,0.0,-0.0935171806993861,398.42365970686126,339.4334765344225,58.990183172438776,53.02919110196381,14.132080082324222,38.89711101963958,NB
frame_mi~_590.8_590.86,54.21141603308922,0.0,-0.8376819483263676,391.3975779999576,345.7769448854414,45.62063311451613,3.5103725390089267,2.0569475822794487,1.453424956729478,NB
frame_naX_590.86_591.12,45.45436269372277,0.0,0.11498324953217,394.0503535147559,328.0514192539349,65.99893426082099,15.229521545920347,5.4034738330471015,9.826047712873248,NB
frame_nu_591.12_591.31,43.01540336776763,0.5200000000000955,0.5438519986091176,394.0449390958669,335.4514847281439,58.59345436772298,91.60903209502293,70.14176002656801,21.46727206845492,NB
frame_su_591.83_592.0,65.42787017814291,0.0,0.1656060955075267,402.45644270265416,345.69409525250296,56.76234745015114,45.96196783242949,27.72350075792302,18.238467074506477,NB
frame_pre~_592.0_592.28,24.788997874624823,0.0,0.9105742587499288,407.2858658585694,337.42014535586713,69.86572050270229,17.18476434900647,5.114345384973788,12.070418964032685,NB
frame_mu_592.28_592.39,53.29515769305043,0.0,-0.3387217752979389,390.7587177564584,344.50374288364503,46.25497487281336,15.048901249804048,7.034237948584831,8.014663301219215,NB
frame_tri_592.39_592.6,56.73419282683474,0.0,-0.1373531551551407,399.7933620854765,338.7499100708731,61.04345201460342,59.512064132562166,29.14714063029605,30.36492350226612,NB
frame_bu~_592.6_592.75,44.42178781604253,0.0,-0.090596620410345,395.5784979240846,341.300624543382,54.2778733807026,14.866936369143176,4.512540434949216,10.35439593419396,NB
frame_naw_592.75_593.0,51.45525355411398,0.0,-0.5742821488575176,395.5218451277697,330.1100527722214,65.4117923555483,8.426650393587423,2.927721492841826,5.498928900745597,NB
frame_du_593.0_593.12,50.536790088015564,0.0,0.1656060955075267,388.93168717784135,339.55442722488874,49.37725995295261,5.970853332118594,2.9201751349705773,3.0506781971480166,NB
frame_tra_593.12_593.3,21.279086024841845,0.0,-0.191356927530784,399.20876657356206,341.7327877409032,57.47597883265888,83.00529861646358,19.479971188220205,63.52532742824337,NB
frame_ba_593.3_593.49,15.494542981671884,0.0,0.0383982052666491,400.8532812978619,341.3594033253188,59.49387797254309,67.01870692474876,27.42282855847941,39.59587836626935,NB
frame_Lu_593.49_593.55,19.705750769662814,2.1000000000000227,-0.5908857106999551,387.1922399628359,342.4725877120063,44.7196522508296,8.51476346722265,4.536328008870072,3.9784354583525774,NB
frame_i_595.65_596.1,5.533622500380204,0.2899999999999636,3.536030041732296,409.0196934047365,322.96140963893504,86.05828376580149,107.29751851449318,40.852905312009966,66.44461320248321,NB
frame_e~_596.39_596.51,26.82253874339432,0.0,0.6929370045983587,402.062656100884,351.16139511806193,50.90126098282201,28.15393606099238,12.415122515348742,15.738813545643636,NB
frame_ta~w~_596.51_596.73,41.23703375227021,0.0,-0.7759811581730252,403.4051296751784,342.29015348506186,61.11497619011652,49.94886215133013,18.831073484612915,31.117788666717217,NB
frame_poX_596.73_596.98,15.67296701992572,0.0,0.0546183288665207,400.28549165514136,334.73999577083845,65.54549588430291,196.65843421395056,81.59510182468736,115.0633323892632,NB
frame_de_596.98_597.13,9.120978129929568,0.0,0.545975304957732,408.3781566289894,351.5659566888748,56.812199940114624,20.50744885720789,4.315997419269735,16.191451437938156,NB
frame_si_597.13_597.28,8.005330331009986,0.0,-0.3306891128869838,402.7873993155511,347.43710625928,55.35029305627109,37.23175478748439,20.89744566544209,16.3343091220423,NB
frame_za~w~_597.28_597.56,38.28955377605013,0.0,-0.3375246715953703,400.3590916891133,331.3841432938624,68.97494839525092,31.67659990062745,11.37674910691632,20.29985079371113,NB
frame_Zu_597.56_597.73,37.28657280186431,0.1799999999999499,0.1656060955075267,398.1290149674232,342.00925459066025,56.11976037676294,15.022235087357783,6.492646140785553,8.529588946572233,NB
frame_Zu_597.91_598.05,5.650832946488833,0.0,0.4177700309081095,397.47786733532536,347.9122648519271,49.565602483398266,8.93462425312417,2.0373125241544585,6.897311728969712,NB
frame_dZi_598.05_598.18,9.6964138454086,0.0,-0.0406851762908676,404.758704949606,350.7974087417632,53.96129620784279,11.86553984384959,3.9050927464745655,7.960447097375024,NB
frame_si_598.18_598.4,15.587048988942712,0.0,-0.1373531551562397,406.90324969259626,342.4832655659003,64.41998412669597,89.45124233228074,35.429328784412874,54.02191354786788,NB
frame_aw_598.4_598.6,83.10701336654664,0.7400000000000091,-0.4976971045919967,401.0853580034404,342.7483734696025,58.33698453383789,101.27836988472224,28.41696005948512,72.86140982523713,NB
frame_u_599.34_599.58,10.583414704864651,0.1399999999999863,2.056835611024081,409.67149179251874,347.07193780566325,62.59955398685548,89.95267387215623,59.22271054317312,30.729963328983104,NB
frame_fu~_599.72_599.88,2.4315621446251328,0.0,-0.2606844690516004,404.975703487302,348.3202980442793,56.65540544302269,121.9542092220752,19.886530099477795,102.0676791225974,NB
frame_si_599.88_600.0,105.7447054277116,0.0,-0.524025070617728,396.3631045015966,344.0481816981536,52.31492280344298,2.955161603347697,1.5466656082864887,1.4084959950612088,NB
frame_o_600.0_600.07,28.17744382973322,0.0,-0.3892797257366233,395.17127457569023,349.46165454745034,45.7096200282399,11.58894624932941,5.708748466928995,5.880197782400416,NB
frame_na_600.07_600.24,24.57037508663416,0.0,0.1915682937976908,396.3284270376875,338.7694684485711,57.5589585891164,30.46218501053789,19.343127518708823,11.119057491829068,NB
frame_riu_600.24_600.37,6.561637409404,0.0,-0.524025070617728,399.3930695282996,346.023093643871,53.3699758844287,21.01625517360281,8.661165920071369,12.355089253531446,NB
frame_Re_600.37_600.51,7.662761087158231,0.0,-0.3066813425842844,398.11798830748273,343.5174297991276,54.60055850835511,20.17163772667419,8.56834894027645,11.60328878639774,NB
frame_se_600.51_600.72,55.75374822994456,0.0,-0.306681342581861,401.29709639379655,341.0252892011232,60.27180719267341,120.93152098074398,71.15785195743936,49.77366902330462,NB
frame_be_600.72_600.9,13.177365752652063,0.0,0.7591394668426303,401.4055210160967,342.6684537344426,58.73706728165405,33.22808523967356,15.947706123400875,17.280379116272684,NB
frame_ri_600.9_601.13,0.6677265620523656,0.0,1.1193305700957954,395.425669385751,332.23117513657144,63.19449424917951,47.69406287105002,20.65297257351301,27.04109029753701,NB
frame_a_601.13_601.17,85.73427209212637,1.150000000000091,-0.4976971045928673,373.4930434381199,332.8475645862333,40.645478851886594,37.43116974941616,20.220361436972524,17.21080831244364,TB
frame_i_602.32_602.51,62.492432253429456,0.0,1.0226625912293243,407.8973102290684,350.8188718107264,57.07843841834199,52.85927371487102,15.030987584671124,37.8282861301999,NB
frame_ew_602.51_602.97,41.87225420100947,0.0,0.545975304957732,410.494555771036,320.96889130499,89.52566446604598,35.3413773249745,16.84458456194082,18.49679276303368,NB
frame_an_602.97_603.98,28.2171887124468,0.0,6.394956879310103,406.4685944705458,260.6154375395012,145.8531569310446,63.84905976442565,43.470508474753885,20.37855128967176,NB
frame_po_603.98_604.25,36.64339049868835,0.0,0.0546183288665207,403.4599196407994,335.2790521620879,68.18086747871149,89.97124780950335,30.638736045910832,59.33251176359253,NB
frame_su_604.25_604.32,92.99257071976804,0.099999999999909,-0.5908857106985217,377.6718293570072,332.52929758253254,45.14253177447466,2.6884775251884534,1.5952431925884838,1.0932343325999696,NB
frame_si_604.42_604.53,27.32094867228335,0.0,-0.1373531551562397,399.2319420182935,347.7915371878594,51.44040483043409,11.322974974975324,3.769187008539575,7.553787966435749,NB
frame_taX_604.53_604.84,42.13327579145964,0.1599999999999681,0.5744935151252951,398.744656056472,329.27928511496214,69.46537094150989,80.86556421094605,45.61251189920405,35.253052311742,NB
frame_u~_605.0_605.09,23.841410092243294,0.0,-0.2606844690516004,394.4568097631901,346.40331474532286,48.05349501786719,21.484244895216705,11.154466546216485,10.329778349000222,NB
frame_ka_605.09_605.33,31.64651433746981,0.0,0.1915682937976908,397.2257295962304,334.6070102539986,62.61871934223177,89.35763785425073,37.783974797561726,51.57366305668899,NB
frame_zu_605.33_605.45,2.500382361817998,0.0,-0.2126398075954974,395.86213859064986,345.2668342887179,50.59530430193195,16.880007156120058,5.368246459565313,11.511760696554743,NB
frame_ko~_605.45_605.63,18.419810098821515,0.0,0.0980817362261264,395.6822946734034,338.4375800763482,57.24471459705524,88.93911088800074,24.191082637456432,64.74802825054431,NB
frame_kre_605.63_605.85,2.3984918502342225,0.0,0.1196469811879355,399.93576651958807,337.10115432305383,62.83461219653424,41.36681473805389,23.97769256243848,17.389122175615412,NB
frame_tu_605.85_606.01,43.27394383221136,0.0,-0.5908857106999551,393.82297196022375,338.1984935016144,55.62447845860936,125.68869379250712,82.44707014658718,43.24162364591994,NB
frame_mew_606.01_606.32,1.4247229096199874,1.4099999999999682,0.5459753049553087,404.79773334544274,334.369769756885,70.42796358855776,19.121484475945493,10.533011277438275,8.588473198507216,TB
frame_nu_607.73_607.9,11.561298615315138,0.0,0.0395241278050852,401.2152262169087,344.0315381448024,57.18368807210629,12.05768374733087,2.5223230624577297,9.53536068487314,NB
frame_te~_607.9_608.09,11.78646094718104,0.0,0.0400252421436485,410.8975742503523,350.71237958851106,60.18519466184125,7.641238597343744,4.180450939852079,3.4607876574916645,NB
frame_pu_608.09_608.23,40.47838052454013,0.0,-0.464803742998947,399.8199013585764,345.75879382108525,54.06110753749118,91.17177233281558,59.8336021508846,31.338170181930977,NB
frame_e~j~_608.23_608.31,7.519512261203147,0.0500000000000682,-1.265798282768246,404.5893576905874,355.4825221258613,49.10683556472611,17.152398260836407,9.75238267419121,7.400015586645196,NB
frame_ki_608.36_608.42,53.37036758843209,0.0,-0.524025070617728,399.7846090275916,354.295166571409,45.48944245618253,44.22350843337236,27.309518325947067,16.913990107425292,NB
frame_ew_608.42_608.51,8.693416100679684,0.0,-0.9461738282365558,401.5708332028698,352.8586966715761,48.71213653129365,17.956482432670697,9.571056564729844,8.385425867940853,NB
frame_tra_608.51_608.68,17.912316632742403,0.0,-0.1147718832652631,400.07952388418846,342.9330371801794,57.14648670400908,4.886932922566828,2.933813551248136,1.9531193713186925,NB
frame_ba_608.68_608.84,35.56753663440222,0.0,-0.1147718832643925,400.2842676879154,343.89584348341305,56.38842420450243,57.19944797453549,15.086421549219123,42.11302642531636,NB
frame_La_608.84_609.1,40.3677143088912,0.0,0.5744935151261658,397.6118081788484,330.27860207193964,67.33320610690879,18.188447462589764,12.34683598498836,5.841611477601404,NB
frame_va_609.1_609.32,2.3223344977074305,0.67999999999995,0.0383982052666491,399.03426308438526,337.7016846113691,61.33257847301616,94.16770765495234,61.48394201906396,32.68376563588838,NB
frame_nu_610.0_610.76,16.392082940352395,0.0,5.334966771253158,405.2974073517787,285.0129544573858,120.28445289439296,61.13275111209717,6.861437226628681,54.27131388546849,NB
frame_nu_610.76_610.95,12.918759421930233,0.0,0.6699339663115591,400.4810466055413,341.91369661488824,58.5673499906531,18.577834085728117,9.394485701208026,9.183348384520087,NB
frame_kuX_610.95_611.15,18.24676424944353,0.0,0.2916880632085348,398.5653966597588,339.8420389590057,58.72335770075307,58.532843714004834,12.655218656514164,45.87762505749067,NB
frame_su_611.15_611.25,61.35259351487424,0.0,-0.0865578398944894,388.65945681046753,339.9074381118241,48.75201869864344,3.5286906681125743,1.5955936955903385,1.933096972522236,NB
frame_se_611.25_611.4,36.05867488922675,0.0,-0.3066813425842844,399.2672515946864,345.64132604437685,53.625925550309546,47.62314450586157,20.891320063475163,26.731824442386404,NB
frame_ku~_611.4_611.6,7.825758707805903,0.0,-0.1472925699574301,397.2547967927645,337.08361915685435,60.17117763591017,78.98870700381332,22.512712361751184,56.47599464206214,NB
frame_da_611.6_611.82,7.973498334115661,0.0,0.5744935151261658,401.6160260896278,338.71163191787304,62.904394171754745,41.99162900392797,27.829683539710658,14.161945464217313,NB
frame_riu_611.82_611.93,15.480781489219808,0.8000000000000682,-0.524025070617728,391.987204443816,341.0332574260637,50.95394701775234,5.535908861357939,3.221614619302102,2.314294242055837,NB
frame_u_612.73_613.87,29.188622648781973,1.5399999999999636,13.404212704124843,408.8399687237346,249.35493145806203,159.48503726567262,43.93556823647404,20.603928359257367,23.331639877216677,NB
frame_li_615.41_615.61,11.829122677340637,0.0,0.3459867391717197,405.707525680136,345.760928322906,59.94659735722996,118.05549154810356,89.0133649255829,29.04212662252065,NB
frame_sew_615.61_615.9,28.13589089324212,0.0,-0.5198455044691827,404.8100466613896,337.2504842270686,67.55956243432098,75.33475818308982,23.48575410778558,51.84900407530424,NB
frame_pa_615.9_616.01,23.6226998155543,0.0,-0.4976971045928673,405.69825902370974,353.0405053752101,52.65775364849964,4.925319222318152,2.023535557156535,2.9017836651616165,NB
frame_na_616.01_616.1,34.89529292352901,0.0,-0.344527016060955,402.5872668425045,352.11625712984244,50.47100971266207,5.473631152936008,3.195786181678244,2.277844971257764,NB
frame_me_616.1_616.24,38.57670772096465,0.0,-0.0935171806969627,401.4222727125528,347.14276415977974,54.279508552773,2.09836518065579,1.1734997377132714,0.9248654429425188,NB
frame_ri_616.24_616.35,37.62668461330581,0.0,-0.0406851762897686,398.8103252583212,348.2818231833231,50.528502074998016,6.787221345984548,2.9304056207661238,3.856815725218425,NB
frame_ka~_616.35_616.52,25.3319322350262,0.0,-0.1182964283102815,402.27898085272153,345.7198013577202,56.55917949500133,86.38313992608555,30.72138534268997,55.66175458339558,NB
frame_nu_616.52_616.59,29.445023388489943,0.0,-0.4648037429975136,392.10826511405554,348.43333212250747,43.67493299154808,38.4017555405225,20.225496212143128,18.176259328379373,NB
frame_ki_616.59_616.66,44.15253329681899,0.0,-0.524025070617728,376.0942274908257,333.9985084759101,42.09571901491557,113.08855863706404,78.15512527150445,34.93343336555958,NB
frame_e_616.66_616.72,25.479085874377542,0.0,-0.306681342581861,399.7833891322886,354.9158339000841,44.867555232204495,5.994993324977358,3.2777621708427205,2.717231154134637,NB
frame_ra_616.72_616.8,32.14139515583818,0.0,-0.4211120603273465,396.1617154762752,348.79196022714046,47.3697552491347,5.196000246332304,2.4211254452479665,2.774874801084337,NB
frame_ma~_616.8_616.93,44.61376801688717,0.0,-0.3375246715978627,393.9172459651861,340.5797440131898,53.33750195199633,15.633994039364794,7.452462497851755,8.181531541513039,NB
frame_tSi_616.93_617.1,15.444489582287927,0.0,-0.3306891128858849,394.19721019663376,338.05959818124853,56.13761201538523,82.4610714847532,34.779882752561946,47.68118873219126,NB
frame_du_617.1_617.16,42.97583195972304,0.0,-0.5908857106999551,391.9589144046686,346.6019471777882,45.35696722688039,3.371898716283795,2.224466942501508,1.1474317737822872,NB
frame_pe_617.16_617.27,50.53646796972997,0.0,-0.7330096663540809,396.2389349881913,346.2881517968025,49.95078319138884,53.340546815385416,23.243622676074335,30.09692413931108,NB
frame_la_617.27_617.35,42.88849294525832,0.0,-0.4976971045919967,394.87136383792665,348.4799838629615,46.39137997496516,9.514135836515765,5.199240908122178,4.314894928393585,NB
frame_es_617.35_617.46,80.70933923669537,0.0,-0.9461738282389792,380.9678334096549,332.61660320839894,48.35123020125593,2.449461795972482,0.7677033291747932,1.6817584667976888,NB
frame_kO_617.46_617.58,43.523237994112165,0.0,-1.2170072198493205,397.0139563635874,345.430875601438,51.58308076214939,49.14205508665261,12.730555693743142,36.41149939290947,NB
frame_la_617.58_617.64,40.1412227908325,0.0,-0.5742821488583882,394.3412638295847,349.32592505496126,45.01533877462344,3.615891919403566,2.1312893461073656,1.4846025732962005,NB
frame_paw_617.64_617.88,60.3891721665872,0.0,-0.5742821488583882,394.1738505110141,330.3544064437949,63.8194440672192,42.38164409479108,20.709996620695065,21.67164747409601,NB
frame_lis_617.88_618.04,23.156712260976988,0.0,-0.0406851762897686,391.4063005803117,336.7990335956597,54.60726698465203,96.68980849961814,63.76545078968981,32.92435770992833,NB
frame_ta_618.04_618.12,79.5742381496132,0.0,-0.5742821488583882,387.65689129385686,340.73614100807424,46.92075028578262,0.7064822014319105,0.4738523597593627,0.2326298416725478,NB
frame_dZi_618.12_618.23,55.8607700353589,0.0,-0.0406851762897686,387.85404663179565,338.301522471601,49.55252416019465,5.467433633069305,3.159770635866465,2.30766299720284,NB
frame_me_618.23_618.29,47.52825299953713,0.0,-0.9461738282389792,389.8825542530751,346.6141942454025,43.26836000767264,2.2021367896033297,1.1255224300029312,1.0766143596003983,NB
frame_dZi_618.29_618.36,53.83248895189894,0.0,-0.4273570917523559,383.187225698541,338.71129521537733,44.47593048316367,3.509003921471802,2.4264477447759987,1.0825561766958032,NB
frame_si~_618.36_618.62,44.87644089005799,0.0,0.7842128877949404,398.52365660053687,331.86428708307994,66.65936951745692,98.72455814743095,62.87035444495059,35.85420370248036,NB
frame_na_618.62_618.68,29.457761939874302,1.5100000000001046,-0.5742821488583882,385.2470487495084,342.3239347762319,42.92311397327654,9.83488986839464,6.468090307415849,3.366799560978791,NB
frame_te_620.19_620.33,6.057839657146218,0.0,0.3328111430728338,410.9883851294537,355.98407133937667,55.00431379007705,8.448760246738658,4.0730272079789245,4.3757330387597335,NB
frame_vi_620.33_620.44,13.033063478500964,0.0,-0.4273570917512569,402.7225927449149,352.5170587449103,50.20553400000461,19.7731916281154,7.135634311189051,12.637557316926348,NB
frame_ajs_620.44_620.53,40.49112361449073,0.0,-0.5742821488583882,398.6563397413536,351.55794907415384,47.09839066719974,80.04478206376754,46.05023940962772,33.99454265413982,NB
frame_su_620.53_620.66,9.991639942976434,0.0,0.0395241278050852,403.49758625402205,349.22585745624065,54.27172879778141,17.795045430779226,10.982906217745096,6.812139213034129,NB
frame_as_620.66_620.72,8.67132608983934,0.0,-0.5742821488575176,398.1402129349052,350.69266111474604,47.44755182015911,3.256738492635733,1.065380647354445,2.1913578452812885,NB
frame_a_620.72_620.78,4.563400021893926,0.0,-0.3445270160618257,399.919079402893,354.51497005161167,45.40410935128136,8.864784438808229,3.772019704573296,5.092764734234933,NB
frame_tSi_620.78_620.87,1.8874565746737064,0.0,-0.4273570917523559,400.35041133933817,350.5394635909339,49.81094774840426,5.166914750541167,1.2400834886580867,3.926831261883081,NB
frame_vi_620.87_620.94,11.9415178700157,0.0,-0.4273570917512569,392.2236577858756,345.80335945219844,46.42029833367712,8.468417930661047,3.042124536912155,5.426293393748892,NB
frame_da_620.94_621.15,6.872957280487327,0.0,0.4979084708597742,405.84562126601145,343.92317567318133,61.92244559283012,21.691625148299835,8.582885876962365,13.10873927133747,NB
frame_dZis_621.15_621.24,5.034327600750487,0.0,-0.5240250706166291,399.4300325196251,349.3293854234166,50.10064709620849,18.067283353914576,6.2105205965427785,11.856762757371795,NB
frame_i~_621.24_621.28,0.6656668867930762,0.0,-0.6059826860236999,386.1570754535159,344.23341693666754,41.92365851684838,4.103697669270417,2.757987088253799,1.3457105810166183,NB
frame_te_621.28_621.43,25.174507510348747,0.0,-0.5198455044691827,405.871995865491,349.9276209180836,55.94437494740743,93.01832407366896,42.27293139815396,50.745392675515,NB
frame_Ro~_621.43_621.57,3.374958861008764,0.0,0.0980817362261264,399.53415193224777,346.87953790960626,52.65461402264151,33.38895308611156,9.567291517784897,23.82166156832666,NB
frame_pi_621.57_621.83,48.1210283504406,0.0,0.4426547180370918,400.2269022030424,334.3249592638405,65.90194293920183,56.14678779297773,25.080271712622405,31.066516080355328,NB
frame_das_621.83_622.02,4.336981317640692,0.5299999999999727,-0.344527016060955,391.4491837645336,334.7493186008836,56.69986516364997,124.63040140008874,57.89415891029336,66.73624248979539,NB
frame_poX_622.55_622.74,22.408779437822787,0.0,0.2025843470675687,399.811486484555,340.9257154694389,58.88577101511612,19.724757395581307,5.8951891017567135,13.829568293824591,NB
frame_de_622.74_622.87,1.918113818575506,0.0,-0.0935171806969627,406.9592175441532,355.11488502059484,51.84433252355831,31.358483333430627,7.304551243657414,24.053932089773213,NB
frame_si_622.87_623.02,29.94958698692298,0.0,-0.4273570917523559,401.31530550497,344.83598381861094,56.47932168635907,82.48083920645412,35.102107031014526,47.3787321754396,NB
frame_za~w~_623.02_623.33,6.29701148463954,0.4900000000000091,-0.1182964283077891,400.9500745862128,330.60522544823505,70.34484913797775,40.32390560003566,16.47107947823335,23.85282612180231,NB
frame_da_623.82_623.97,22.57148488817701,0.0,-0.2679419717954341,405.6390000906964,349.39021950638977,56.24878058430664,35.57438248120587,9.61196373393443,25.96241874727144,NB
frame_i~s_623.97_624.03,21.237128180013343,0.0,-0.8376819483263676,399.46941775100913,353.23844022574747,46.23097752526167,8.440299416490689,4.798146786078604,3.6421526304120846,NB
frame_tSi_624.03_624.09,72.87745806632994,0.0,-0.5240250706166291,378.80490180051737,334.46712136036325,44.33778044015412,0.4908503000503188,0.1296630727509082,0.3611872272994105,NB
frame_tuj_624.09_624.19,8.353194687025962,0.0,-0.5908857106999551,398.7033492898602,348.57115185598246,50.13219743387776,17.616351016843595,7.510201242310046,10.106149774533549,NB
frame_sa~w~_624.19_624.4,32.515672471136895,0.0,-0.7759811581730252,404.2957125294108,342.0175165125824,62.27819601682836,80.85415002184527,41.44223459682945,39.41191542501581,NB
frame_ma~_624.4_624.57,10.712134747533298,0.0,0.100931814979792,401.1851500475422,344.4462828398153,56.738867207726855,42.01864348432571,15.804654553716489,26.21398893060922,NB
frame_te_624.57_624.74,34.777928866589136,0.0,-0.0935171806969627,405.16107431911456,348.596074577747,56.56499974136756,74.0746876387278,34.869161923889166,39.20552571483863,NB
frame_ne_624.74_624.87,28.980869601400144,0.0,0.3328111430728338,401.4537571668538,348.715705860098,52.73805130675584,14.511032602522633,7.4658063927400065,7.045226209782626,NB
frame_do_624.87_625.03,43.97944335264246,0.0,0.0546183288665207,401.71510588448393,344.4639588976737,57.25114698681029,20.070598209799314,10.868444413343653,9.20215379645566,NB
frame_ra_625.03_625.12,63.81599016559181,0.0,-0.344527016060955,393.9341186991008,345.9302186716741,48.00390002742665,1.220067265438729,0.5162658506154827,0.7038014148232463,NB
frame_kEX_625.12_625.26,54.04879012019482,0.0,-0.6396690827896173,398.06649516108575,345.35539292559747,52.71110223548828,39.65116618092919,21.948115967071782,17.703050213857402,TB
frame_dZi_625.26_625.32,57.82037072130368,0.0,-0.5240250706166291,388.2229075869386,343.23079203532075,44.99211555161787,17.925083775442772,9.681810326537402,8.24327344890537,NB
frame_zeX_625.32_625.41,28.83164683553804,0.0,-0.9461738282389792,401.8826529270818,351.4676637630829,50.41498916399888,19.94312251630092,8.87813782082766,11.064984695473257,NB
frame_a_625.41_625.47,10.898778684404078,0.0,-0.344527016060955,402.663583753685,355.6645009848509,46.999082768834114,1.2145480242113535,0.6170049830924,0.5975430411189535,NB
frame_es_625.47_625.59,70.6979243160108,0.0,-0.7330096663540809,388.4622259696555,338.12628611479806,50.33593985485743,4.172233841252897,2.710374951150442,1.4618588901024552,NB
frame_kO_625.59_625.75,9.635201534330506,0.0,-0.8639822247785599,405.8910376505771,348.6988251205288,57.19221253004832,78.71218900536044,17.17311181259872,61.53907719276173,NB
frame_la_625.75_625.87,6.226853417354988,0.0,-0.344527016060955,397.5515720074906,347.86025876668384,49.69131324080678,17.076693240951784,7.68268889831117,9.394004342640612,NB
frame_Re_625.87_625.97,9.040612839787912,0.0,-0.306681342581861,402.63896226738,351.3242582493333,51.3147040180466,8.638306860353481,1.8214912438483568,6.816815616505124,NB
frame_zow_625.97_626.13,9.319388698484175,0.0,-0.2413137075355752,401.1579174622325,345.4096589706035,55.748258491628974,30.449242878120387,10.83005605923634,19.61918681888405,NB
frame_vew_626.13_626.25,9.474275342287228,0.0,-0.5198455044667593,397.3989113515561,345.6943626601212,51.70454869143487,33.478276276381365,12.894436122588758,20.583840153792607,NB
frame_e~_626.25_626.34,4.0372871245257045,0.0,0.0400252421436485,392.12124889769865,345.65997103312,46.46127786457868,21.907296316166025,10.514719397487312,11.392576918678714,NB
frame_se_626.34_626.4,68.8675782834221,0.0,-0.9461738282389792,376.318186958208,331.6686478975271,44.64953906068087,9.949613093529386,4.318184236564676,5.63142885696471,NB
frame_RaX_626.4_626.56,21.037113179552463,0.0,-0.191356927530784,399.9982948189824,344.1884102735704,55.80988454541199,26.22074304374348,14.145407958086338,12.075335085657144,NB
frame_ajs_626.56_626.72,22.19604142260528,0.0,-0.0381868389988716,396.3236085068454,341.3167775412715,55.0068309655739,12.466128679953188,5.354522725413375,7.111605954539812,NB
frame_a_626.72_626.79,22.70740750470061,0.0,-0.2679419717963048,395.1467836880578,349.18143011313254,45.965353574925246,8.093602635218332,4.801997261248516,3.291605373969816,NB
frame_tSi_626.79_626.91,71.26379979629147,0.0,-0.4273570917523559,391.10150738013306,339.453802565729,51.64770481440405,3.313466543010456,2.2516666573442023,1.0617998856662538,NB
frame_vi_626.91_627.04,23.722503309114856,0.0,0.0559828025745044,392.593146896512,342.2948944468286,50.29825244968339,11.937268408108936,3.668364398547752,8.268904009561183,NB
frame_da_627.04_627.21,28.866384118314897,0.0,0.2681533380632117,397.8650933826824,340.8879336636436,56.97715971903887,6.144718301034018,2.310620077276539,3.834098223757479,NB
frame_dZis_627.21_627.34,59.12926431698975,0.0,-0.1373531551562397,379.98008009460193,329.7337563561498,50.24632373845213,36.4475255722861,20.677004834520886,15.77052073776521,NB
frame_du_627.34_627.45,15.787749655895157,0.0,0.0395241278065186,400.186267326337,348.2120238208319,51.97424350550506,3.1334421379051776,1.1570884531448655,1.976353684760312,NB
frame_li_627.45_627.56,28.64838472514002,0.0,-0.0406851762908676,392.09970445327406,342.65986035944144,49.43984409383262,16.480338762964465,4.75249064995846,11.727848113006004,NB
frame_sew_627.56_627.76,63.8749213691781,1.2300000000000182,-0.5198455044667593,390.606328631496,334.6890339165943,55.91729471490163,23.608387756456658,16.092970389448226,7.515417367008432,TB
frame_ew_628.99_629.26,58.02264090588622,0.0,0.9723036287275286,412.2848828338613,343.1845902788981,69.10029255496318,211.0108047331952,142.44132625295308,68.56947848024208,NB
frame_i_629.26_629.37,13.820493410114636,0.0,0.2493187603063476,406.78305945921926,354.0941515284855,52.68890793073376,23.50636244508624,18.020547510039705,5.485814935046534,NB
frame_ow_629.37_629.51,4.874861812499631,0.0,0.2025843470675687,408.7543079056381,356.45756201621674,52.29674588942135,24.209295535505788,8.7392876538795,15.470007881626287,NB
frame_trus_629.51_629.72,56.290352403291735,0.0,-0.3387217752979389,397.799031663695,338.4135880025789,59.38544366111614,58.91766494033622,23.377418814739517,35.54024612559671,NB
frame_ko_629.72_629.86,36.15846063891472,0.0,-0.3892797257366233,403.2167921371796,349.0285316473319,54.18826048984772,78.418114073662,23.956722905421216,54.46139116824078,NB
frame_le_629.86_630.02,44.23615821348432,0.0,0.545975304957732,399.2218158405499,344.03999953446885,55.18181630608103,23.499255643250294,11.973043798279916,11.526211844970376,NB
frame_gas_630.02_630.19,22.17041060816733,0.0,-0.191356927530784,398.5691313468682,342.59108585916005,55.97804548770813,26.802968002765056,10.772389850310375,16.03057815245468,NB
frame_E_630.19_630.27,11.94875467990326,0.0,-0.328848342853306,401.8797146663701,353.3581717766558,48.52154288971428,2.178867595104009,0.7974024327735378,1.3814651623304712,NB
frame_ra_630.27_630.33,5.162217667419213,0.0,-0.5742821488575176,396.1859840985552,352.3557700550589,43.830214043496255,29.352641605296355,21.037375307962265,8.315266297334091,NB
frame_mus_630.33_630.44,11.98214204436198,0.0699999999999363,-0.464803742998947,393.3775003362767,343.4318135179173,49.94568681835938,16.954164230598423,7.141851125366429,9.812313105231992,NB
frame_pro_630.51_630.61,12.86442237949899,0.0,-0.8331777803414494,398.7152345419751,350.1947674389114,48.52046710306371,33.42760853032587,20.54686322415742,12.88074530616845,NB
frame_fe_630.61_630.75,81.68237016847306,0.0,-0.3066813425842844,396.89301797903033,343.6193968624126,53.27362111661773,2.858588637289536,1.9829006410896213,0.8756879961999147,NB
frame_so_630.75_630.98,53.61837859949674,0.0,0.0546183288665207,401.6081707948125,337.52887459103647,64.07929620377604,65.38820833338333,36.442294836972,28.945913496411336,NB
frame_ris_630.98_631.11,29.55435526224835,0.0,-0.1373531551551407,397.4593556415628,344.68871047151663,52.77064517004612,8.399127516476568,6.078943764526969,2.3201837519496,NB
frame_du_631.11_631.19,8.613368250497587,0.0,-0.3387217752965055,397.88646501735735,351.90542668719394,45.981038330163415,5.5317846618141004,1.819981804581744,3.7118028572323567,NB
frame_li_631.19_631.29,21.31621813431191,0.0,-0.2340211340216117,398.671950747633,348.91981685739586,49.75213389023708,18.81061590365141,9.401301912653407,9.409313990998,NB
frame_sew_631.29_631.5,58.70610056519023,2.17999999999995,-0.5198455044691827,396.7498190183813,339.0469736047643,57.70284541361701,34.61970551111071,10.861182241464448,23.75852326964626,TB
frame_e~_633.68_633.81,31.194204381530994,0.0,0.9105742587499288,409.4600415883437,356.96537720259136,52.49466438575234,14.568893089547515,4.317628403669346,10.25126468587817,NB
frame_se_633.81_633.94,59.34133383871287,0.0,-0.306681342581861,403.3294390459955,350.57946036059195,52.74997868540356,53.04820312343583,31.12882102969948,21.919382093736345,NB
frame_Ra_633.94_634.13,0.6817276505096288,0.0,0.2681533380632117,403.7822947315976,345.42009168386016,58.36220304773747,27.404951382124597,10.982565069511196,16.422386312613398,NB
frame_das_634.13_634.25,17.718262575705253,0.0,-0.4976971045919967,404.9576736079137,350.4620404580354,54.495633149878245,6.948148603025615,3.416834424376759,3.531314178648856,NB
frame_ajs_634.25_634.34,40.45455566465131,0.0,-0.5742821488583882,401.8305154945486,352.55908308882545,49.27143240572315,11.968544952482745,6.709341034080566,5.259203918402179,NB
frame_a_634.34_634.37,52.545349659143696,0.0,-0.5742821488583882,369.1356188174765,327.8523065689725,41.28331224850399,3.948631357786908,2.7253791005903025,1.2232522571966058,NB
frame_tSi_634.37_634.43,18.29768649218985,0.0,-0.524025070617728,396.9323569361511,350.5213163015125,46.4110406346386,2.2232562465725465,1.3355987791034067,0.8876574674691398,NB
frame_vi_634.43_634.53,30.075188589969585,0.0,-0.2340211340216117,399.1909616359746,348.4547669551126,50.73619468086201,5.997642347722106,2.579245873801,3.4183964739211063,NB
frame_da_634.53_634.73,4.465172370201117,0.0,0.3447383823287325,401.5319810051257,340.7312296377246,60.80075136740112,18.42813003636053,8.353282493522073,10.074847542838455,NB
frame_dZis_634.73_634.83,60.43794702450363,0.2599999999999909,-0.4273570917523559,385.7318489681524,337.8669419666161,47.86490700153632,8.320024124681936,5.894231575004056,2.42579254967788,NB
frame_sob_635.09_635.26,9.001259669510858,0.0,-0.2413137075355752,402.00754222444107,345.44479153869526,56.56275068574581,16.294867127774154,7.615596642862499,8.679270484911655,NB
frame_a_635.26_635.3,0.1899732475922348,0.0,-0.4976971045928673,398.1793898252363,353.6791673977173,44.50022242751896,0.5956305916855342,0.2853685716877123,0.3102620199978219,NB
frame_a_635.3_635.33,7.585402491161659,0.0,-0.5742821488575176,385.74508662798536,344.3232095379504,41.42187709003497,6.846207900916539,3.414472694370687,3.431735206545852,NB
frame_le_635.33_635.44,4.663693330288936,0.0,-0.5198455044667593,402.45878122590585,350.7704587637902,51.68832246211565,8.722678971737224,5.975303178916533,2.7473757928206908,NB
frame_ga_635.44_635.63,10.20551138738908,0.0,0.11498324953217,397.7147378792565,342.0640572119737,55.65068066728287,131.0407985667636,62.14360508131675,68.89719348544688,NB
frame_sa~w~_635.63_635.92,33.69185538244443,0.25,-0.7759811581730252,397.40222036303146,329.3272479997832,68.07497236324826,58.840508554479726,18.034175279649844,40.80633327482988,NB
frame_dZi_636.17_636.27,2.6160194070804863,0.3600000000000136,-0.1373531551562397,391.3901319933036,341.1665722274858,50.22355976581781,10.89992570651863,3.3612280318088352,7.538697674709795,NB
frame_foX_636.63_636.87,70.70363984183662,0.0,-0.2413137075372574,396.4498912468249,335.05516638864043,61.39472485818448,68.65099035948722,38.11782233760434,30.53316802188288,NB
frame_sa_636.87_636.99,71.06572557998828,0.0,-0.2679419717954341,397.7144360954162,345.0330949886064,52.68134110680984,40.17437489197312,12.010148255461148,28.164226636511977,NB
frame_maj_636.99_637.16,60.306007869417655,0.0,-0.344527016060955,396.4763002647616,339.22654620036724,57.24975406439438,11.38040635989772,8.113755002523547,3.2666513573741724,NB
frame_OX_637.16_637.32,14.14538270601733,0.1200000000000045,-0.3344447321724192,395.7166503145396,341.7349378818583,53.98171243268126,24.69770837771168,8.137925311504176,16.5597830662075,NB
frame_mo_637.44_637.52,46.18745142678149,0.0,-0.9811437985424974,389.2796183960031,344.3021932106809,44.97742518532215,11.981768166467688,6.937264535287866,5.044503631179822,NB
frame_tSi_637.52_637.69,58.85072956423669,0.0,-0.4273570917512569,396.3668758799102,340.54399410576053,55.822881774149664,59.27198501255211,36.0063064825878,23.265678529964305,NB
frame_vu_637.69_637.77,40.5444728220416,0.0,-0.464803742998947,385.8882754423124,339.51624924817173,46.37202619414063,5.26168092392318,3.3956187013067307,1.8660622226164487,NB
frame_dZi_637.77_637.86,43.96202187274612,0.0,-0.3306891128858849,393.4057754623721,345.2958621719192,48.10991329045288,6.491767430661028,2.4765034245073,4.015264006153728,NB
frame_foX_637.86_638.09,65.26912419740846,0.0,-0.3892797257383054,395.48537437694006,334.5142487319291,60.97112564501094,49.57177169430851,30.340040042464167,19.231731651844346,NB
frame_sa_638.09_638.17,82.80285076203413,0.0,-0.5742821488583882,394.0126066432106,346.28275654495906,47.72985009825152,0.2266400761830098,0.0736209525510673,0.1530191236319424,NB
frame_maj_638.17_638.33,26.24142352891748,0.0,-0.4976971045928673,396.64607874523074,341.218524801428,55.42755394380277,8.255775982148648,2.109332342990484,6.146443639158164,NB
frame_OX_638.33_638.51,16.06761917913289,1.2899999999999636,0.0185802628983411,398.682736553967,342.0119067706143,56.6708297833527,90.99994149581312,24.06876928140696,66.93117221440616,NB
frame_i~_639.8_639.88,31.6391374211926,0.0,0.320814363189605,395.73291036530907,349.37356952004933,46.35934084525974,14.071563065349451,8.55799959943245,5.513563465917002,NB
frame_po_639.88_640.05,52.423501831979976,0.0,-0.5372457439393534,402.7762557850393,345.9900518322456,56.7862039527937,49.25902621914792,24.693167399243592,24.565858819904328,NB
frame_si_640.05_640.19,75.13845679485252,0.0,-0.4273570917512569,396.8439115621432,344.1760418216454,52.667869740497736,2.7529281848833165,0.7938454289355121,1.9590827559478043,NB
frame_bi_640.19_640.27,23.85553371729779,0.0,-0.3306891128869838,398.3921284710712,349.6132738592364,48.77885461183479,6.725669023061926,1.1404848560751475,5.585184166986778,NB
frame_li_640.27_640.38,17.032756216800593,0.0,-0.0406851762897686,402.20386352974,350.0294027163579,52.1744608133821,8.72485610422548,2.7479445806270064,5.976911523598474,NB
frame_da_640.38_640.52,17.830642863080058,0.0,-0.0381868389988716,398.0578329733249,346.351150514895,51.70668245842995,14.641998909348942,6.480454223317366,8.161544686031576,NB
frame_dZi_640.52_640.58,41.976786135485725,0.0599999999999454,-0.5240250706166291,389.8378185308004,344.6650845144976,45.1727340163028,7.221841824243583,3.5765362432470624,3.6453055809965207,NB
frame_fi~_640.64_640.73,44.670681492260655,0.0,-0.6059826860236999,397.4036576852383,349.4894901866396,47.91416749859866,6.9286555804858665,2.949479520402761,3.9791760600831054,NB
frame_na~_640.73_640.86,36.39828495331882,0.0,-0.1182964283077891,400.2249087103597,346.7281256385233,53.49678307183643,13.736268967075093,3.973454174962328,9.762814792112763,NB
frame_sej_640.86_641.1,50.5333589491225,0.0,0.1196469811879355,405.603369030612,341.240513266549,64.362855764063,79.5571951531171,34.30270157151399,45.25449358160311,NB
frame_ra_641.1_641.19,63.66197809196888,0.0,-0.344527016060955,396.91318518616936,348.31608871169885,48.5970964744705,10.971172592649026,5.134521177544357,5.836651415104669,NB
frame_dZi_641.19_641.3,66.3927477126897,0.0,-0.2340211340216117,391.5323290559553,341.26043959048377,50.27188946547153,4.76740350999826,2.138727157400396,2.6286763525978643,NB
frame_ko~_641.3_641.47,49.00792936841556,0.0,-0.3213022393601845,394.1507046973291,339.4262845955764,54.72442010175274,118.98526679948928,72.78730608530397,46.197960714185314,NB
frame_tSi~_641.47_641.61,79.34245200559144,0.0,-0.6059826860236999,391.0545851265202,340.4421199183688,50.61246520815138,48.05372194823777,31.87601266856919,16.177709279668584,NB
frame_nu_641.61_641.69,56.63789623665775,0.0,-0.5908857106985217,394.13223836436686,346.4302396325893,47.70199873177757,2.7741678623185635,1.2950345517400166,1.479133310578547,NB
frame_aX_641.69_641.8,57.33146633284173,0.0,-0.191356927530784,395.9189539793936,343.5735492648513,52.34540471454227,2.646774044909435,0.6665529819132843,1.9802210629961507,NB
frame_ma~_641.8_642.01,58.83791672812295,0.0,0.7586165448425357,398.173701080249,338.22262383721744,59.951077243031534,16.79588671089907,5.831520663017713,10.964366047881356,NB
frame_te~_642.01_642.29,58.52947279570543,0.0,1.3458487670530688,404.194477735863,334.9013902986312,69.2930874372318,120.13634856043912,81.44774244104059,38.68860611939855,NB
frame_du_642.29_642.53,82.71939388783109,0.7400000000000091,1.0481798694145832,390.6752644100908,329.0578320468953,61.61743236319546,27.257357766019386,10.606260890070232,16.65109687594915,NB
frame_u_643.27_643.36,87.2177516302095,0.0,0.1656060955075267,395.7066841300583,346.18180496264495,49.5248791674133,4.850934007564277,2.9883148951429206,1.862619112421356,NB
frame_li_643.36_643.46,80.73284582370447,0.0,-0.1373531551551407,397.61701110453447,348.63586367678704,48.98114742774743,1.703471518051245,0.5758633664639916,1.1276081515872534,NB
frame_sew_643.46_643.74,76.0895727535281,0.8799999999999955,-0.5198455044691827,403.4341532936685,335.53403891993435,67.90011437373408,109.40923079795768,64.04582849434053,45.36340230361717,NB
frame_E_644.62_645.38,2.026022726831485,2.310000000000059,3.898313720284768,406.1356497830555,287.74503282838816,118.39061695466734,47.38438401429346,27.661757213418355,19.722626800875105,NB
frame_u_647.69_648.07,6.709274095361167,0.0,3.821983158839628,407.63622677515946,327.0717536918654,80.56447308329405,33.68805826149021,26.615393575234634,7.072664686255578,NB
frame_adZ_648.07_648.21,2.209155892254799,0.0,-0.1147718832652631,404.51432206640055,351.9638557313389,52.55046633506163,10.567580237061977,6.118140332643506,4.449439904418469,NB
frame_vo_648.21_648.44,10.138404634590714,0.0,0.6464824016723948,404.225730358832,341.49349975019254,62.7322306086395,32.97842430356336,13.273681732271214,19.704742571292144,NB
frame_ga_648.44_648.74,29.48799845552865,0.0,0.8808336921882491,395.3578587394732,328.5995370539844,66.7583216854888,14.87648690057685,8.253637897472984,6.622849003103866,NB
frame_du_648.74_648.86,1.1964622747852616,0.0,0.0395241278065186,394.7778364433751,343.0680451819365,51.70979126143863,17.993219495293914,6.966116446765284,11.02710304852863,NB
frame_da_648.86_648.98,4.964684056397516,0.0,-0.344527016060955,403.6233238771128,350.15285673153176,53.47046714558098,13.285582061262446,4.6273502617507205,8.658231799511725,NB
frame_es_648.98_649.08,65.38007294134437,0.0,-0.9461738282389792,387.31025422184814,339.6468008284463,47.66345339340177,1.4369407313635492,0.2949047245766749,1.1420360067868742,NB
frame_kO_649.08_649.22,28.83505736178863,0.0,-1.04049472231394,401.8102064025138,346.68996035288086,55.12024604963296,7.324232709546905,3.6303118888885706,3.6939208206583354,NB
frame_la_649.22_649.31,29.74482163123062,0.0,-0.4211120603273465,397.3678794596078,350.52521850515984,46.84266095444798,2.066377859086856,0.8265477000164196,1.2398301590704364,NB
frame_paw_649.31_649.53,42.20655151713325,0.0,-0.5742821488583882,399.5500902521253,337.19310891002544,62.35698134209986,45.33141448560591,21.029229511619164,24.302184973986748,NB
frame_lis_649.53_649.73,26.831646755909887,0.0,0.1526507814409755,393.9703051782072,336.22346761984966,57.74683755835758,64.44613076411053,23.69903067333715,40.74710009077338,NB
frame_ta_649.73_649.93,59.65842024988828,0.0,-0.1147718832652631,396.0802938154518,336.1538209537897,59.92647286166209,32.231062481422406,17.35763412776805,14.873428353654354,NB
frame_fejs_649.93_650.28,37.08053858326348,0.0,0.3328111430728338,402.5454715708561,328.76177215094367,73.78369941991241,59.68279069872633,29.447704925120263,30.235085773606063,NB
frame_a_650.28_650.36,19.419794392407965,0.0,-0.1913569275299133,398.6734473723492,351.1196287608406,47.553818611508575,15.60902099534222,9.58964692261712,6.0193740727251,NB
frame_to_650.36_650.58,40.15928384639439,0.0,0.0546183288665207,398.05268366567856,338.0995790552572,59.95310461042135,64.04993157437292,35.92412716069012,28.125804413682797,NB
frame_dus_650.58_650.75,14.636550159453732,0.0,-0.0865578398944894,396.42056092831183,341.3692236531401,55.0513372751717,69.64787163887168,17.377675861642828,52.27019577722885,NB
frame_u~_650.75_650.79,5.018695918733329,0.0,-0.5441642167876706,386.6079289569608,345.23030840565787,41.377620551302925,0.1842274207792513,0.0557034410112464,0.1285239797680049,NB
frame_ma_650.79_650.92,6.312831874082235,0.0,-0.4976971045928673,394.2661749095775,343.52624085032545,50.73993405925205,3.604405496242919,1.8774355706936772,1.7269699255492412,NB
frame_pro_650.92_651.15,28.26353364763148,0.0,-0.0933476893345272,398.0146963683475,339.2948104870578,58.719885881289656,73.27364939438425,34.90099018694309,38.37265920744116,NB
frame_pos_651.15_651.39,37.46306543873402,0.0,0.2025843470675687,397.7534914112191,337.3042395528066,60.44925185841248,42.02780354695622,13.299014047740528,28.728789499215694,NB
frame_ta_651.39_651.45,66.25909243129465,1.089999999999918,-0.5742821488575176,373.2949430613806,330.20200681305937,43.09293624832122,0.3359974051713905,0.2297136024360426,0.1062838027353478,TB
frame_ki_652.54_652.64,30.3187367529858,0.0,-0.4273570917523559,400.2630543968797,351.5692730158301,48.693781381049575,69.771075933903,20.208821274484837,49.56225465941817,NB
frame_Re_652.64_652.79,3.8802216190763934,0.0,0.5459753049553087,404.19817928111655,348.5526690844404,55.64551019667613,14.250852510161051,5.399097904876442,8.851754605284611,NB
frame_se_652.79_653.01,210.08734823476823,0.0,0.9723036287275286,404.4486777458037,343.5480321108745,60.90064563492922,300.5948945502953,94.85305356915552,205.74184098113983,NB
frame_be_653.01_653.14,4.050587661152122,0.0,0.545975304957732,406.4589331620755,353.7824639363914,52.67646922568406,14.295608540267594,4.959630832063141,9.335977708204451,NB
frame_se_653.14_653.3,39.73819842038503,0.0,-0.9461738282389792,387.9280011805792,333.4386528173312,54.48934836324793,84.65247164950446,45.290198569951855,39.36227307955261,NB
frame_mus_653.3_653.42,41.71531045433196,0.0,-0.464803742998947,392.0759597673885,341.3789588804812,50.69700088690729,67.1466159358259,29.776516231968102,37.37009970385781,NB
frame_si~_653.42_653.61,46.95958696114178,0.0,0.5525136254922727,397.2469370211181,338.19012692514576,59.05681009597231,64.54977233198832,32.20101675587637,32.34875557611195,NB
frame_kwe~_653.61_653.79,37.85445399567018,0.0,-0.8305237744651058,404.1055819753559,345.7991180469508,58.30646392840509,67.65673611042865,24.860383069888087,42.79635304054057,NB
frame_ta_653.79_653.92,78.49193730292819,0.0,-0.4976971045928673,399.6698357944969,347.1400513691178,52.52978442537909,3.459491608276537,2.6439131076946936,0.815578500581843,NB
frame_poX_653.92_654.06,48.38704591192872,0.0,-0.9811437985424974,384.7911571889218,334.1873284341806,50.60382875474125,123.34357910393852,90.7245044899596,32.61907461397894,NB
frame_se~_654.06_654.12,79.28305656212403,0.0,-1.265798282768246,375.7390929363859,332.42199756724784,43.31709536913803,0.7415111313890677,0.4122441982987652,0.3292669330903024,NB
frame_tu_654.12_654.26,61.15217692841742,1.240000000000009,0.1656060955075267,390.6422386919263,341.2501758037222,49.39206288820407,14.031656912847737,7.877762530668079,6.153894382179658,TB
frame_se~j~_655.5_655.74,4.661763018157672,0.0699999999999363,0.2576624962952186,410.4810270326404,346.1286145268217,64.35241250581868,171.7481923100881,52.419765039255935,119.32842727083214,NB
frame_ko~_655.81_656.02,5.875964783449973,0.0,0.5174657118124374,407.535178312689,345.1833238147649,62.35185449792408,53.80536500621241,20.546957307062343,33.25840769915007,NB
frame_de_656.02_656.16,33.06744164462377,0.0,0.3328111430704104,399.31901805408575,347.2954459980218,52.02357205606393,16.71909892684036,7.820614715471393,8.898484211368967,NB
frame_naX_656.16_656.53,43.51480018902584,0.9300000000000636,0.8042486479227283,396.2331944774903,319.83975668195086,76.39343779553946,53.45970796691087,25.413076783775523,28.046631183135347,NB
frame_ab_657.46_657.53,27.376825746532973,0.0,-0.4976971045928673,379.85686665162586,334.6674468444036,45.18941980722229,25.454694825006957,16.527005701915016,8.927689123091938,NB
frame_so_657.53_657.75,97.249885477023,0.0,-0.5372457439393534,398.6863910210548,337.4475260913753,61.23886492967944,39.64981745955181,29.84370379172448,9.806113667827333,NB
frame_lu_657.75_657.91,65.34281891800953,0.0,0.543851998610551,399.5158244422952,344.11444071965974,55.4013837226355,29.110882297179785,12.898354482057757,16.21252781512203,NB
frame_ta_657.91_658.05,106.08121751775874,0.0,-0.3445270160618257,399.2931828759236,346.4611469898422,52.83203588608137,1.424961979988531,0.9754994998080804,0.4494624801804505,NB
frame_me~_658.05_658.27,60.186546728639456,0.0,0.6929370045983587,398.4523671013535,335.9598102010502,62.49255690030333,62.98307213410274,47.89543339986327,15.087638734239476,NB
frame_tSi_658.27_658.33,15.03672569430941,0.67999999999995,-0.5240250706166291,378.8564719525978,334.28346345004985,44.57300850254797,13.470896678430847,8.390819809230322,5.080076869200525,NB
frame_a_659.01_659.04,1.469940194589071,0.0,-0.5742821488583882,386.17759961721663,343.65342856687363,42.524171050343,1.4859175360889196,0.9309058637993955,0.555011672289524,NB
frame_a_659.04_659.2,6.292502116427727,0.0,0.421323426595124,400.0564077675058,345.7988531394272,54.257554628078594,8.77512688263107,2.3376332058228115,6.437493676808259,NB
frame_tSi_659.2_659.3,3.8863144851999607,0.0,-0.2340211340216117,395.54041870434895,348.59536219597,46.94505650837897,14.883059750723916,8.746410375892651,6.136649374831265,NB
frame_tu_659.3_659.45,15.74522854386936,0.0,-0.0865578398944894,399.25766354022863,345.2054329864681,54.05223055376052,84.44848973224049,38.13499642907704,46.31349330316345,NB
frame_dZi_659.45_659.56,6.103003312914538,0.0,-0.1373531551562397,398.5457060414368,347.45325925657903,51.092446784857714,4.788760329423269,2.224480223678768,2.5642801057445013,NB
frame_dujs_659.56_659.75,24.220252304691485,0.0,-0.2126398075969308,397.0439515821348,339.78967066986377,57.25428091227104,63.56574922163964,24.469627809997174,39.09612141164246,NB
frame_ko_659.75_659.93,23.37560213369173,0.0,0.0546183288648385,401.80508598415616,342.93739025412407,58.867695730032096,57.20927129112727,19.979902809911,37.22936848121628,NB
frame_le_659.93_660.12,20.125460125500894,0.0,1.185467790612427,397.7186605925702,338.49908691571494,59.21957367685525,15.092944993050397,9.844973842198655,5.24797115085174,NB
frame_gas_660.12_660.31,60.46117487072221,0.4600000000000364,-0.0381868389988716,387.8653765692085,332.1856736818592,55.67970288734932,3.004053778486337,1.4046885205519786,1.599365257934359,NB
frame_ki_660.77_660.86,37.796421646816384,0.0,-0.3306891128858849,400.3841663374095,350.86193491546106,49.52223142194845,4.636949835998252,2.43481172934726,2.202138106650992,NB
frame_a_660.86_660.95,46.48955572879562,0.0,-0.1147718832643925,397.2977110154762,348.5119941998244,48.785716815651824,4.398039443705784,2.3632991021950147,2.034740341510769,NB
frame_sej_660.95_661.17,65.55410087752766,0.0,0.1196469811879355,399.9499945596757,338.5106001863944,61.43939437328129,58.69476581247781,31.80730901784784,26.88745679462997,NB
frame_ta_661.17_661.45,68.63332548722872,0.0,0.3447383823296032,401.07883481219176,331.9243321800475,69.15450263214422,50.57951337711825,25.62804364947748,24.951469727640777,NB
frame_ra~w~_661.45_661.6,67.93913605400725,0.0,-0.9952094014606064,394.9438251387318,340.4684978506946,54.47532728803725,8.697349527505196,5.4418133868735055,3.2555361406316905,NB
frame_e_661.6_661.63,63.12016451382077,0.0,-0.9461738282389792,380.7713626263227,338.3432767106434,42.42808591567928,1.261065700045421,0.70690995236032,0.5541557476851011,NB
frame_si_661.63_661.77,67.79882547895473,0.0,-0.524025070617728,396.5819350470257,343.8022902742634,52.77964477276231,83.37158785742986,57.4507806764703,25.92080718095955,NB
frame_a_661.77_661.86,6.284386437892039,0.0,-0.1147718832643925,393.4081497089919,346.2872207243663,47.12092898462555,5.5264476533998845,1.9709423711524323,3.555505282247452,NB
frame_koR_661.86_662.05,27.27033808701128,0.0,-0.2413137075372574,400.81378276548594,343.0115778194245,57.802204946061465,26.887217892333013,11.873487226487526,15.013730665845486,NB
frame_du_662.05_662.11,25.687968014932608,0.7300000000000182,-0.5908857106999551,378.1977094373482,333.94227650521884,44.2554329321294,10.842267720015172,2.7201634062763844,8.122104313738788,NB
frame_a_662.84_662.87,30.61375893704556,0.0,-0.5742821488583882,363.2554133092993,322.3945511988137,40.860862110485584,3.4915500129568784,1.1460072675988895,2.3455427453579887,NB
frame_fi~_662.87_662.94,88.36286618988811,0.0,-0.8376819483237334,390.06880957019575,344.59834097856447,45.47046859163129,1.3235142261651092,0.8348824814929259,0.4886317446721833,NB
frame_naw_662.94_663.06,53.29073954633336,0.0,-0.5742821488583882,397.60175534544896,344.7245472997139,52.87720804573502,8.392918134523043,3.960650795537916,4.432267338985128,NB
frame_dZi_663.06_663.14,58.66208982814385,0.0,-0.3306891128869838,393.52674547967615,345.668911111158,47.85783436851818,6.922595957830808,2.6591587390474416,4.263437218783366,NB
frame_ko~_663.14_663.33,4.303220813486064,0.0,-0.3213022393601845,401.4849373710961,342.7589394688381,58.72599790225803,66.995863064408,41.87708215757056,25.118780906837443,NB
frame_tas_663.33_663.49,45.980483096814126,0.0,-0.4211120603264758,397.45735235626057,343.35236522932394,54.10498712693658,23.160318597955,14.297199526695678,8.86311907125932,NB
frame_E_663.49_663.52,41.22501196079666,0.0,-0.6396690827896173,382.8899619384728,339.7885114270913,43.101450511381415,2.153927517644135,0.9481121799170892,1.2058153377270455,NB
frame_u~_663.52_663.58,37.240253512834855,0.0,-0.4307723176928558,397.5122796610752,351.57009780199525,45.94218185908,0.9502844936735072,0.3484128775753561,0.6018716160981512,NB
frame_pro_663.58_663.77,60.42813538023709,0.0,-0.5372457439393534,398.2871011013619,339.8300141468412,58.45708695452072,43.59814121619881,14.30016362958284,29.29797758661597,NB
frame_ble~_663.77_663.9,45.53654642423565,0.0,-0.3952492661619657,396.87255016509744,343.56552451195654,53.3070256531409,24.805740218468276,5.119211176305782,19.68652904216249,NB
frame_ma_663.9_664.0,47.29251337358134,0.0,-0.3445270160618257,394.4165743530849,343.87823838615384,50.53833596693107,3.335590398753979,1.8642945687668373,1.4712958299871417,NB
frame_i~_664.0_664.09,57.64603601916191,0.0,0.5525136254922727,392.5564107064124,343.74993097834283,48.80647972806952,12.07785092958953,7.15214749104068,4.925703438548851,NB
frame_dZi_664.09_664.16,56.180288800241456,0.0,-0.4273570917523559,390.5441568765231,345.1894577288243,45.3546991476988,2.833497255271908,0.981556526085754,1.851940729186154,NB
frame_vi_664.16_664.31,51.75832439511153,0.0,-0.0406851762908676,394.5507700428949,340.2733002912631,54.27746975163177,9.76218655627092,2.834902979675846,6.927283576595073,NB
frame_du_664.31_664.4,49.57267911125648,0.0,-0.2126398075969308,396.238836468992,346.6983983008451,49.54043816814692,3.142475154533642,1.8765959655345057,1.2658791889991363,NB
frame_aw_664.4_664.57,49.108283075007805,0.0,-0.5742821488583882,398.2473489901446,341.61999681851864,56.62735217162594,11.162927407811624,3.4874464215602785,7.675480986251344,NB
frame_dZi_664.57_664.63,61.248980605388766,0.0,-0.524025070617728,388.89370643702966,344.9929331454935,43.90077329153616,0.9437007221798837,0.5595054986710153,0.3841952235088683,NB
frame_ka_664.63_664.79,72.94371797003392,0.0,-0.2679419717963048,395.222601956973,339.9782858116025,55.24431614537048,38.79459871596116,22.91511715447764,15.879481561483516,NB
frame_da_664.79_664.87,53.44662168290196,0.0,-0.4976971045928673,393.2971535902208,346.5767543733238,46.720399216896965,4.142998987407168,2.4032587207358347,1.7397402666713333,NB
frame_u~_664.87_665.02,14.368866786411814,1.0,0.0794912282309103,394.10942547240415,339.781173099752,54.32825237265217,47.60574456215423,17.00817388672823,30.597570675426,NB
frame_ew_666.02_666.27,16.710252488227866,0.0,0.7591394668426303,410.4735816086648,346.41591531391174,64.05766629475306,64.77673103855989,29.83069830194285,34.94603273661704,NB
frame_i_666.27_666.35,14.557113082024046,0.0,-0.0406851762897686,404.8096046347225,355.6946587869571,49.1149458477654,15.676103574074716,10.507162459146883,5.168941114927833,NB
frame_ow_666.35_666.53,69.24802982622066,0.0,0.2025843470675687,406.7964161716848,349.8924283300625,56.90398784162227,285.0187293168101,171.47340609266564,113.54532322414444,NB
frame_trus_666.53_666.67,24.68679358638101,1.410000000000082,-0.464803742998947,387.5544291656753,336.15293051186364,51.40149865381164,3.954401729282864,2.429609095149715,1.5247926341331492,NB
frame_ki_668.08_668.19,17.803802920819606,0.0,-0.2340211340205127,404.7909477740478,352.1532999861909,52.637647787856906,5.626631271768304,3.849115712227615,1.7775155595406886,NB
frame_vi_668.19_668.36,13.7759534138616,0.0,0.0559828025756034,406.6987667670935,348.51881381128936,58.17995295580414,68.68549151704475,28.68400977503876,40.00148174200599,NB
frame_a_668.36_668.4,25.400397694179446,0.0,-0.4976971045928673,394.23194229517145,351.6558449857377,42.57609730943375,0.2952861119388785,0.2134656718450571,0.0818204400938213,NB
frame_mus_668.4_668.59,10.956404938679045,0.0,0.1656060955060933,400.3315003072856,343.1102669810314,57.22123332625426,29.4573389331334,13.733827047380572,15.723511885752828,NB
frame_na_668.59_668.73,4.179301884830863,0.0,0.0383982052666491,396.179714444837,342.57254668525314,53.60716775958383,32.61990409762117,15.094751312549562,17.52515278507161,NB
frame_ki_668.73_668.91,68.56463229151011,0.0,-0.3306891128869838,397.34767761985097,339.2866895537121,58.06098806613892,55.79528434810862,31.954885142654437,23.84039920545419,NB
frame_lu_668.91_669.01,55.75765968824912,0.0,-0.0865578398959227,394.6828306855221,344.390236844627,50.29259384089505,3.865755654256361,1.7004752125052534,2.165280441751108,NB
frame_majs_669.01_669.3,4.744146454263017,0.0,-0.0381868389988716,400.1996055596646,333.9030777488841,66.2965278107805,63.45731630951806,21.178551047502992,42.27876526201507,NB
frame_u~_669.3_669.35,10.186874534878283,0.0,-0.4874682672399409,396.7115471597292,352.36153762890905,44.35000953082016,0.9078294221708348,0.6274637340673053,0.2803656881035294,NB
frame_ma_669.35_669.45,4.760454063757777,0.0,-0.4211120603264758,396.5305707757314,346.3704661372996,50.16010463843185,8.076203269849174,2.7909804950613197,5.285222774787854,NB
frame_kes_669.45_669.66,46.16524388584803,0.0,0.1196469811879355,400.7523746354076,341.65970008643296,59.09267454897463,87.02137238978833,41.93836185541976,45.083010534368576,NB
frame_ta~w~_669.66_669.82,19.862825105936,0.0,-0.9952094014606064,401.8558447634644,345.947718051691,55.90812671177332,87.17441891668324,16.874352054514674,70.30006686216856,NB
frame_dZi_669.82_669.9,2.0744636940649173,0.0,-0.3306891128869838,402.35842824591305,353.7464793171675,48.61194892874556,5.007044264097118,1.6380960045940185,3.3689482595030995,NB
frame_pri~_669.9_670.14,19.740709096097103,0.0,0.7842128877949404,402.9399584724415,337.48692633606504,65.45303213637646,142.6738716188223,70.72083518812602,71.95303643069627,NB
frame_si_670.14_670.46,78.17791564129209,0.0,0.732658654634307,396.111144234924,326.3462461045036,69.76489813042042,62.68030233204816,46.955265492029895,15.725036840018262,NB
frame_piu_670.46_670.6,18.18730889674532,0.9800000000000182,-0.4273570917523559,393.8860442991041,344.0115272741206,49.874517024983504,8.137354041368155,2.3011573793955336,5.836196661972622,NB
frame_du_671.58_671.77,17.506148613185545,0.0,0.9220979017135752,403.62891835954383,346.271237750024,57.35768060951983,61.88168374282879,18.50128263651229,43.380401106316505,NB
frame_ki_671.77_672.06,21.774998298484437,0.1400000000001,1.1193305700946965,397.566115770723,330.2547636512436,67.31135211947941,61.18860100985884,23.75153091772493,37.43707009213391,NB
frame_u~_672.2_672.25,19.781960207284957,0.0,-0.4874682672405855,394.348719830552,349.04047723293013,45.30824259762187,2.598641983167539,1.5249255417383836,1.0737164414291556,NB
frame_ma_672.25_672.37,24.10573340633873,0.0,-0.344527016060955,393.380116522548,343.3373731429613,50.04274337958668,10.007477690556,3.925498912099684,6.0819787784563175,NB
frame_kes_672.37_672.58,59.48502545984755,0.0,-0.0935171806993861,397.54632392545136,337.17769559829856,60.368628327152805,58.12906738289524,35.75214011131075,22.376927271584485,NB
frame_ta~w~_672.58_672.76,33.12354566704977,0.0,-0.9952094014606064,394.969270747286,337.16298504387703,57.80628570340895,62.62761989984915,15.09054886313264,47.53707103671651,NB
frame_dZi_672.76_672.82,40.35033898215329,0.0,-0.5240250706166291,395.6188289018007,349.23593607862193,46.382892823178736,13.05078160377296,4.89181253679925,8.158969066973711,NB
frame_OR_672.82_672.93,35.936538749122164,0.0,-0.8639822247805665,396.1764515478383,346.9945698053988,49.18188174243954,3.5545330831502184,1.1772148565294458,2.3773182266207726,NB
frame_de~j~_672.93_673.02,55.294440280516014,0.0,-1.265798282768246,385.14184530777,336.5803763372983,48.56146897047171,3.118694980548966,2.07943208006769,1.039262900481276,NB
frame_fi~_673.02_673.16,53.19111652480116,0.0,-0.1425841614183645,390.6565095848519,337.79864507422707,52.85786451062478,47.64568985695228,20.123032437375016,27.522657419577264,NB
frame_na~_673.16_673.27,45.042071489443856,0.0,0.1009318149772997,394.1338748450258,342.2637728010879,51.87010204393795,15.264065701599236,7.161018305643964,8.103047395955272,NB
frame_sej_673.27_673.46,42.71368922135271,0.0,-0.7330096663540809,398.9709641009129,340.94628858873995,58.02467551217296,80.29322222906555,42.55254959965789,37.74067262940766,NB
frame_ra_673.46_673.55,0.7708838634746087,0.0,-0.3445270160618257,390.7034300616523,343.227380941064,47.4760491205883,9.01578749502903,5.571436633313027,3.4443508617160035,NB
frame_na~w~_673.55_673.78,2.390536143416199,0.0,-0.9952094014606064,398.8276759549445,334.28500143090264,64.5426745240419,32.41649175141713,17.263833401687606,15.15265834972952,NB
frame_a_673.78_673.85,2.0862631668853453,0.0,-0.2679419717954341,392.63833380495913,346.4814009664367,46.15693283852244,6.190794773331049,3.7026667753375193,2.48812799799353,NB
frame_sej_673.85_674.03,28.52122543368546,0.0,-0.9461738282389792,401.1004780359947,343.1830113109063,57.91746672508839,82.6006144097475,29.520054325911133,53.08056008383637,NB
frame_ta_674.03_674.18,79.70774780705443,0.0,-0.4976971045928673,390.0668973420868,336.0609618257955,54.00593551629129,6.939656471045481,4.396046888415647,2.543609582629834,NB
frame_mus_674.18_674.3,57.145373808751245,0.9600000000000364,-0.2126398075969308,385.2708545252687,336.6216497470648,48.64920477820385,2.0429867945777573,0.8557340045547619,1.1872527900229954,TB
frame_na~w~_675.26_675.41,80.9875005888756,0.0,-0.7759811581705328,403.4106852494175,348.0409224687555,55.36976278066192,47.232448859400336,17.86879210455794,29.363656754842395,NB
frame_a_675.41_675.47,7.386432331720044,0.0,-0.344527016060955,397.44467601354006,352.16201562770385,45.28266038583621,48.90758128575854,24.363273131185565,24.54430815457297,NB
frame_sej_675.47_675.65,43.78784764478203,0.0,-0.306681342581861,403.3671509243914,346.04629800226513,57.32085292212628,26.34980863300076,14.934665279017224,11.415143353983538,NB
frame_ta_675.65_675.85,44.4331588765383,0.0,-0.0381868389988716,401.3263478158134,341.37653459330414,59.94981322250925,175.53202366791507,103.0828606084919,72.44916305942317,NB
frame_mus_675.85_676.02,75.34680366185778,0.1399999999999863,-0.0865578398944894,393.1454149138672,337.6621157361839,55.48329917768331,25.26808180717441,13.6722073142936,11.59587449288081,NB
frame_poX_676.16_676.29,53.04643800422697,0.0,-0.6852117621404015,398.6094868750321,346.8546287480384,51.754858126993724,93.86857937405222,41.50843016160967,52.36014921244256,NB
frame_ki_676.29_676.44,8.03500074189077,0.0,-0.1373531551551407,401.141610816445,346.70822665023627,54.433384166208725,151.7945716922319,52.937352960058575,98.85721873217332,NB
frame_nujs_676.44_676.63,12.433373526155606,0.0,-0.464803742998947,399.2935212199888,342.001043377943,57.29247784204574,29.42917487667006,15.42651046361587,14.002664413054193,NB
frame_pa_676.63_676.74,14.101505476509884,0.0,-0.4976971045928673,401.8528995133179,349.61299121390783,52.23990829941005,37.01924112541343,22.2210201002074,14.798221025206033,NB
frame_re_676.74_676.84,49.6164853968815,0.0,-0.0935171806969627,401.5296547306873,352.05149246263005,49.47816226805725,32.40080149506815,18.45551917645324,13.945282318614916,NB
frame_sew_676.84_677.11,44.03137932674443,0.0,-0.9461738282389792,400.73745053177066,334.74320294916555,65.99424758260511,108.13481657771004,46.54770566341833,61.58711091429173,NB
frame_ki_677.11_677.22,61.83166093300572,0.0,-0.4273570917512569,396.4768180584283,346.667810379603,49.80900767882531,85.79283469411604,41.618738964582704,44.17409572953334,NB
frame_na~w~_677.22_677.49,8.9232366907234,0.0,-0.3375246715953703,403.16485950909424,334.41610434867624,68.748755160418,76.50642038334504,37.33383212518274,39.17258825816231,NB
frame_a_677.49_677.56,62.50204762492824,0.0,-0.2679419717963048,394.2457989798407,347.6959646543891,46.54983432545157,13.935999859272384,8.918997204956014,5.017002654316372,NB
frame_vi_677.56_677.9,10.3128642293851,0.0,0.82932663349858,394.3724328067136,320.9760965950252,73.39633621168838,99.51626244078174,42.23434026167092,57.28192217911082,NB
frame_a_677.9_677.97,84.9736706344338,0.0,-0.2679419717954341,383.1810046726366,337.9239138866296,45.25709078600704,3.734995707630248,0.6651036696806187,3.0698920379496286,NB
frame_mo_677.97_678.11,67.49632590383582,0.0,-0.9811437985424974,390.6610763173038,339.0707215693145,51.590354747989295,17.360466821954702,6.604172788759072,10.75629403319563,NB
frame_tSi_678.11_678.3,87.10569721606531,0.0,-0.3306891128869838,396.762128118022,337.79377975265965,58.96834836536237,48.67343989186429,29.303515388599337,19.369924503264954,NB
frame_vu_678.3_678.4,74.22273783700062,0.0,-0.3387217752979389,381.2470165599572,332.93357864791136,48.313437912045856,16.337078159019597,9.059295353187906,7.277782805831691,NB
frame_dZi_678.4_678.48,72.87845356735632,0.0,-0.4273570917523559,391.4375648091767,344.111616303624,47.325948505552674,4.747887927540972,2.545694068165289,2.202193859375683,NB
frame_foX_678.48_678.75,94.49465965927098,0.0,-0.3892797257383054,392.9030379435664,327.853684346946,65.04935359662039,35.20296955729631,22.89737155708288,12.305598000213436,NB
frame_sa_678.75_678.84,75.55556741628878,0.0,-0.4976971045919967,395.0706230794716,345.8837212858188,49.18690179365274,43.90771360827292,13.588308965464236,30.319404642808685,NB
frame_maj_678.84_678.99,12.278905994296537,0.0,-0.4976971045919967,403.5475968150728,347.77103548742474,55.776561327648096,65.55209258343397,25.707503292712204,39.84458929072177,NB
frame_OX_678.99_679.16,35.641871828914475,2.519999999999982,0.0185802628983411,404.3030442955263,347.97324233820063,56.329801957325685,12.909796573757973,4.187808282802223,8.72198829095575,NB
frame_u~_681.68_681.77,10.429824807932777,0.0,-0.2606844690516004,400.20569503289664,351.6965249171939,48.50917011570272,2.46461521911354,0.8100549520448084,1.6545602670687316,NB
frame_ma_681.77_681.97,16.811571755002973,0.0,-0.0381868389988716,397.4477739713919,338.7165126532414,58.73126131815047,22.06659299460217,9.186024488014326,12.88056850658785,NB
frame_vejs_681.97_682.35,26.58665030626373,0.0900000000000318,2.038124438154444,402.11317845767104,324.2027628359885,77.91041562168255,58.9263283074338,17.692710584662294,41.23361772277151,NB
frame_ki_682.44_682.86,33.60051098042783,0.0,2.859354189673592,399.4980831197464,315.3123967879226,84.1856863318238,14.444046135869812,8.796801314809287,5.647244821060525,NB
frame_i~_682.86_682.97,29.96851726470183,0.0,1.015912150097608,397.1192812341202,345.6793511006017,51.43993013351849,7.628667409756176,2.5342076040844006,5.094459805671775,NB
frame_klu_682.97_683.21,38.2700511298831,0.0,0.543851998610551,398.2169297794673,333.0781898788689,65.1387399005983,61.390564735913046,24.669604453163387,36.72096028274966,NB
frame_zi_683.21_683.45,50.46990960632412,0.0,0.5393226969035628,394.1751551445559,330.6876131434485,63.487542001107386,37.41736694660806,8.935251419120803,28.48211552748726,NB
frame_vi_683.45_683.73,12.233291875918551,0.1100000000000136,1.1193305700957954,394.4526430045256,328.1879821329706,66.26466087155501,55.174588269651096,27.6223187725721,27.552269497079,NB
frame_a_683.84_683.93,57.72427149053688,0.0,-0.1147718832652631,396.270896976987,346.9269868363887,49.34391014059827,15.170661285188956,9.8030233018292,5.3676379833597565,NB
frame_es_683.93_684.1,94.0945996903751,0.0,-0.9461738282365558,381.0745671137233,326.8458625805408,54.22870453318251,4.079334456082478,1.142320343631262,2.937014112451216,NB
frame_kO_684.1_684.34,65.32934836226663,0.0,0.9011427505772488,399.2969543736428,334.6586554376858,64.63829893595698,50.02385152194018,19.98526717207685,30.03858434986333,NB
frame_la_684.34_684.48,0.9848266460213608,0.8299999999999272,-0.2679419717954341,393.7918739541326,342.530194346495,51.261679607637575,63.47342009389308,27.375070029280494,36.09835006461259,NB
frame_e_685.31_685.43,10.76269965033839,0.0,0.9723036287275286,404.8153640934376,351.28513509246744,53.53022900097017,17.73866213632465,7.2112358814119375,10.527426254912712,NB
frame_ra_685.43_685.55,22.750684628233444,0.1200000000000045,-0.191356927530784,392.87040159442495,342.7048969441012,50.165504650323726,18.10566698151825,7.912580588661626,10.193086392856628,NB
frame_pro_685.67_685.86,31.921673557181663,0.0,0.2025843470675687,405.36989857302257,347.1410742223564,58.22882435066617,31.92444922947783,12.377147294629223,19.547301934848605,NB
frame_pri_685.86_686.06,56.46137420387137,0.0,0.1526507814398765,401.7485593744863,341.4474903012013,60.30106907328496,98.08062236993813,39.42439941049855,58.65622295943957,NB
frame_e_686.06_686.1,74.48802635734813,0.0,-0.7330096663516575,396.2746730514316,351.8318872413558,44.44278581007581,9.423834648515708,6.134809300068397,3.28902534844731,NB
frame_ta_686.1_686.49,68.65015888004847,0.0,0.5744935151261658,398.1199187666699,319.1491067539374,78.9708120127325,114.92732062299342,70.96178055265129,43.965540070342136,NB
frame_ria_686.49_686.64,99.76281831000334,1.009999999999991,0.0559828025756034,387.0793521366529,333.9885544800056,53.09079765664734,8.254119850143539,3.902015607358166,4.352104242785373,NB
frame_du_687.65_687.79,5.278025604849006,0.0,0.4177700309095429,400.1400474169751,350.1562527854953,49.983794631479725,58.3215555297256,32.659388062313354,25.66216746741225,NB
frame_i~_687.79_687.86,16.339137347080168,0.0,0.0891151008869372,400.7274329488261,352.86288403907275,47.864548909753296,35.930774840127754,19.96625448612562,15.964520354002133,NB
frame_mO_687.86_688.2,28.57235205045295,0.0,1.2541677456480094,404.99855418379445,330.7283739277742,74.27018025602024,95.56220761422485,50.408001238754295,45.15420637547054,NB
frame_vew_688.2_688.52,36.05892339559927,0.7400000000000091,-0.5198455044667593,397.22944200454833,325.6516174864579,71.5778245180905,119.28580376216472,71.35710848915124,47.928695273013474,NB
frame_o~_689.26_689.5,23.77695762028111,0.0,1.9154122971017296,410.432717161574,345.1927950294876,65.2399221320864,119.55575828295424,45.02723680083935,74.5285214821149,NB
frame_dZi_689.5_689.58,54.49159564668221,0.0,-0.3306891128858849,395.7377616186111,347.05995889254126,48.67780272606984,3.133569723411455,1.4981675807702146,1.6354021426412402,NB
frame_es_689.58_689.71,91.44774651954828,0.0,-0.9461738282389792,385.8259020132563,334.15297456344854,51.67292744980779,3.143529090610848,1.7326273991867964,1.4109016914240513,NB
frame_ta_689.71_689.9,37.352552752336834,0.0,0.11498324953217,399.4741485146346,340.2129346229105,59.261213891724026,66.342489574106,11.771381442057162,54.57110813204884,NB
frame_va_689.9_690.01,45.33958127868456,0.0,-0.4976971045928673,397.5304650038821,345.2460411387878,52.28442386509431,6.4003552163102455,3.056575555144491,3.343779661165754,NB
frame_i~s_690.01_690.15,79.92249083330051,0.0,-0.1425841614157304,386.2678748253224,338.1268219907454,48.14105283457695,38.86625416294882,24.437104021083456,14.429150141865364,NB
frame_ta_690.15_690.28,59.035211967185305,0.0,-0.2679419717963048,396.591813118191,343.9928258038933,52.59898731429769,40.92504852835746,8.772811703221805,32.15223682513565,NB
frame_la_690.28_690.47,48.08884563414512,0.0,0.11498324953217,397.7481275178442,338.73667717931977,59.01145033852441,5.594424935129624,1.8233378989448847,3.7710870361847375,NB
frame_du_690.47_690.58,60.80021142012501,0.0,-0.2126398075954974,397.0098626912133,345.8562021885434,51.15366050266982,3.9137870688845737,1.7816628815974411,2.1321241872871326,NB
frame_u_690.58_690.61,59.12077965464947,0.0,-0.5908857106999551,385.047862025969,342.9073529295184,42.14050909645067,2.2957650575478965,1.3273064230897518,0.9684586344581448,NB
frame_li_690.61_690.79,55.99057023684102,0.0,0.635990675767836,397.62370982610497,341.35822272472655,56.265487101378426,15.131949680078606,7.068404191734373,8.063545488344232,NB
frame_sew_690.79_690.98,2.6710455822239965,0.0,-0.5198455044691827,400.86206098871446,343.0594185263484,57.80264246236607,26.044841979392658,6.7336384761376,19.311203503255054,NB
frame_na_690.98_691.09,67.07438403928754,0.0499999999999545,-0.2679419717954341,392.91972628498826,341.83083200470065,51.0888942802876,12.742361651586748,6.482211436213234,6.260150215373514,NB
frame_su_691.14_691.23,96.52688504905684,0.0,-0.464803742998947,393.9798478429972,345.3256310887318,48.65421675426535,0.7641908409422484,0.4289336045310534,0.335257236411195,NB
frame_a_691.23_691.26,64.90183057272972,0.0,-0.5742821488583882,384.4495322740412,342.735548353976,41.71398392006512,3.090767497178064,1.5066365071555765,1.5841309900224871,NB
frame_uw_691.26_691.4,65.96302791302752,0.0,-0.5908857106999551,388.9681146584742,338.77652156832926,50.19159309014492,7.305171790992389,2.033928645989363,5.271243145003027,NB
frame_tSi~_691.4_691.51,97.02613606714228,0.0,-0.8376819483263676,376.11968756766913,327.313324510281,48.806363057388126,1.6312176190002816,0.9526367619936168,0.6785808570066649,NB
frame_ma_691.51_691.62,33.635228494320145,0.0,-0.4211120603273465,395.9016961186973,344.8569196012411,51.04477651745623,4.907250769563504,1.921344140866424,2.98590662869708,NB
frame_fa_691.62_691.85,16.114154989282923,0.0,0.11498324953217,391.2006259538026,330.3635049654061,60.83712098839652,106.86615081283252,50.31850675770088,56.547644055131656,NB
frame_zi_691.85_691.91,96.32174535744878,2.950000000000045,-0.524025070617728,386.9968624565541,342.3058192053415,44.69104325121265,5.434617690629601,2.698012365765088,2.736605324864513,TB
frame_poX_694.86_695.09,66.18286614799958,0.0,-0.0933476893362094,411.6766304997275,349.18052657207784,62.49610392764964,55.12129503369109,23.159721074318558,31.961573959372537,NB
frame_ta~_695.09_695.31,15.733965204448566,0.0,1.6355295179928606,415.43170087059445,352.2078153048399,63.22388556575453,40.21467622168306,23.28207785013848,16.932598371544586,NB
frame_tu_695.31_695.53,29.991406685195244,0.1000000000000227,0.6699339663115591,405.4774725744784,343.03364160057254,62.443830973905904,60.29228159727529,28.200996769832983,32.09128482744231,NB
frame_e_695.63_695.7,23.64274561953603,0.0,-0.0935171806969627,412.1169975681493,362.5912641978224,49.52573337032692,7.891893075370447,4.425623648894444,3.4662694264760034,NB
frame_ra_695.7_695.84,38.07698979432129,0.0,-0.0381868389988716,408.1920201136716,355.41158375204134,52.78043636163022,19.948975422868727,11.007228130741296,8.941747292127431,NB
frame_se_695.84_695.97,86.86642419848553,0.0,-0.9461738282389792,402.90660222871605,347.77567139714955,55.1309308315665,1.3721763030035277,0.3360351397259649,1.0361411632775628,NB
frame_Jo_695.97_696.09,25.785382989573662,0.0,-0.0933476893345272,413.12131753514177,358.9093366817507,54.21198085339108,15.701309706860611,7.608193302143889,8.093116404716724,NB
frame_ra_696.09_696.2,30.756194979316103,0.0,-0.1913569275299133,412.7596196320279,360.7932316196912,51.96638801233672,21.214074293905423,10.877142316171245,10.33693197773418,NB
frame_dZi_696.2_696.27,37.49303102443717,0.0,-0.4273570917523559,409.7367374871018,360.36995958466855,49.36677790243317,4.2132469487888216,1.2079115938896052,3.0053353548992163,NB
frame_u~_696.27_696.37,47.79518006389931,0.0,-0.2039885195045153,405.4316943267504,354.4719419035064,50.95975242324397,17.111299211869593,8.971447409767094,8.139851802102498,NB
frame_pa_696.37_696.52,34.07171675330744,0.0,-0.2679419717963048,410.7878071274912,355.0507242332999,55.7370828941913,15.173444000601563,8.771291101270748,6.402152899330815,NB
frame_tri~_696.52_696.66,35.994978389170726,0.0,-0.3742834237210322,409.0344458099256,354.3176885749893,54.71675723493632,9.08079735752733,3.90126310136786,5.179534256159471,NB
frame_mo~_696.66_696.82,19.104977089500665,0.0,-0.1815075808314142,409.4888419449353,352.48803733961495,57.000804605320354,43.95391420326034,19.86716878237812,24.086745420882224,NB
frame_niu_696.82_696.94,0.8553808113732657,0.0,-0.3306891128869838,404.3458114610913,352.3853625945274,51.96044886656392,14.448367521308654,8.778853301094188,5.669514220214467,NB
frame_ki_696.94_697.01,24.43594348486405,0.0,-0.4273570917523559,408.7899757750161,360.91022689328514,47.87974888173096,94.80042764699056,64.58333488276128,30.21709276422928,NB
frame_a_697.01_697.09,54.98503148455956,0.0,-0.1913569275299133,402.40452843062224,356.3512652511558,46.053263179466455,69.0641948311007,35.453362306104225,33.61083252499649,NB
frame_se_697.09_697.21,57.58238611333542,0.0,-0.7330096663516575,405.2065889619894,353.0492890015581,52.15729996043126,78.20085727453846,47.55006046991363,30.650796804624825,NB
frame_gu_697.21_697.3,34.34036120034688,0.0,-0.5908857106999551,403.58512466735925,355.169529453436,48.41559521392327,10.71948332888158,7.745125394170159,2.9743579347114206,NB
frame_ra_697.3_697.45,30.3690488613168,0.0,0.11498324953217,411.8055800078125,354.39005768531786,57.41552232249467,15.077738218974702,7.497939788812758,7.579798430161944,NB
frame_va_697.45_697.56,11.553960115585852,0.0,-0.4211120603273465,413.64006053376255,361.0427911246958,52.59726940906677,36.514507407505576,21.545369486990666,14.96913792051491,NB
frame_a~_697.56_697.7,47.10432584471724,0.0,1.4163012747077717,414.0938918634869,359.2731445332464,54.82074733024047,37.75984918666924,16.833453401196635,20.926395785472607,NB
frame_pla_697.7_697.87,25.37692846502217,0.0,-0.344527016060955,413.9763783505155,355.2276594375373,58.74871891297824,39.78556012282799,19.659184415997814,20.12637570683017,NB
frame_me~_697.87_698.1,42.47505632522928,0.0,1.781123275358683,412.2425830188756,347.49585852398064,64.74672449489498,56.16958544303301,22.03779996351679,34.131785479516225,NB
frame_tSi_698.1_698.21,22.747568934087735,0.0,-0.3306891128858849,408.9040895334374,355.4714656242997,53.4326239091377,77.87981247658756,51.80829324542363,26.071519231163933,NB
frame_nujs_698.21_698.39,59.95511017622077,0.0,-0.2126398075969308,403.8987221546277,346.232535606283,57.66618654834457,3.509555312473651,2.1368405125157466,1.3727147999579046,NB
frame_pa_698.39_698.53,69.76319130253474,0.0,-0.4211120603273465,406.2808361280594,354.6788559013597,51.60198022669971,36.762358437649546,18.019502990419824,18.74285544722972,NB
frame_re_698.53_698.64,47.76578901221247,0.0,0.1196469811879355,405.7091593217425,355.6999031769974,50.00925614474511,13.067175995500165,5.409162470087807,7.658013525412358,NB
frame_si_698.64_698.93,7.100462262143935,0.0,0.82932663349858,408.0379258988688,338.8016678604285,69.23625803844027,155.4853693263756,75.13827433017761,80.347094996198,NB
frame_a_698.93_699.01,46.8337935892269,0.8600000000000136,-0.1913569275299133,390.9308436195637,344.74523363119414,46.18560998836955,142.77173020311955,100.67236805921588,42.09936214390369,NB
frame_u_699.87_700.01,18.746127366929212,0.0,0.7960159340125671,404.2894470823592,351.5310227459677,52.75842433639156,11.80498181090232,7.307515491983821,4.497466318918498,NB
frame_u_700.01_700.22,11.464593435567792,0.0,1.678589707921057,403.4005689853655,343.0126439989478,60.38792498641772,94.97383095963194,49.22687970998652,45.74695124964542,NB
frame_pa_700.22_700.35,13.73724761391641,0.0,-0.344527016060955,406.6009495815259,352.83885263884935,53.76209694267658,14.290297300353686,6.043824755540044,8.246472544813642,NB
frame_ga_700.35_700.47,22.74130302710914,0.0,-0.344527016060955,404.6407839108937,350.31478186733545,54.32600204355822,10.668533352407124,4.094735511614985,6.573797840792139,NB
frame_me~_700.47_700.64,18.343691409247185,0.0,0.0400252421436485,406.4834769678666,348.29295752896087,58.19051943890577,21.45814092323107,9.200634205983093,12.257506717247978,NB
frame_tu_700.64_700.8,45.03618039428004,0.0,0.0395241278050852,398.9557281027711,343.4618577602864,55.49387034248474,49.93684963536808,25.320606228867238,24.616243406500843,NB
frame_dajs_700.8_700.99,34.11357475009467,0.0,-0.191356927530784,402.447287283043,343.7483514548918,58.69893582815121,23.38194411760618,12.095272929763569,11.286671187842614,NB
frame_i~_700.99_701.09,26.700081974149484,0.0,0.7842128877949404,401.7925461034703,350.36745792574425,51.425088177726025,11.668511216388922,5.5095852651517845,6.158925951237137,NB
frame_de_701.09_701.21,22.42378418914456,0.0,0.1196469811879355,405.8887231654752,352.21310933647254,53.67561382900266,10.652944362137047,2.036052305207548,8.616892056929501,NB
frame_ni_701.21_701.33,25.51876308842155,0.0,0.0559828025756034,401.1673423934847,347.2253033376246,53.94203905586005,7.867723957003236,2.8181157339641203,5.049608223039115,NB
frame_za_701.33_701.54,9.621595882516004,0.0,0.2681533380632117,399.8713416206252,339.6807973951926,60.19054422543263,82.1658628254177,21.328780433738245,60.83708239167946,NB
frame_so~j~s_701.54_701.6,68.49827204684493,0.3899999999999863,0.0,377.3504720041782,333.17640056107075,44.17407144310744,2.062177389187454,1.0259379433069284,1.0362394458805255,NB
frame_e~_701.99_702.03,56.8778945241697,0.0,-1.0481610286166758,389.1971020180485,346.88157613445617,42.31552588359233,1.5546553328885864,0.6461156640003196,0.9085396688882668,NB
frame_ta~w~_702.03_702.2,63.16605783433828,0.0,-0.7759811581730252,398.0954399526432,341.59338178137943,56.5020581712638,135.73929544617093,68.91916361021823,66.82013183595268,NB
frame_na~w~_702.2_702.31,139.7942075619075,0.0,-0.9952094014606064,396.7021420498845,346.7904117036502,49.911730346234265,45.76504079702181,5.746764209854064,40.01827658716775,NB
frame_vi_702.31_702.42,165.45624997278293,0.0,-0.0406851762908676,403.6849079783096,351.88308924166114,51.80181873664844,55.95367111634516,25.914993206270022,30.038677910075137,NB
frame_a_702.42_702.47,169.55130688386805,0.0,-0.4211120603264758,396.7831831608082,351.6546003908882,45.12858276992,9.214497289779786,5.866641865949305,3.347855423830481,NB
frame_mus_702.47_702.6,8.756611934706456,0.0,-0.2126398075954974,402.513961834932,349.2171974297307,53.29676440520132,180.31971918367933,114.9475027275387,65.37221645614065,NB
frame_mo_702.6_702.71,77.24059914240428,0.0,-0.5372457439376712,399.970809223627,350.32737050640725,49.64343871721974,32.0567192167926,17.500728168223958,14.555991048568645,NB
frame_tSi_702.71_702.84,0.3414954798652161,0.0,-0.4273570917512569,399.02069751263423,346.4491633851136,52.57153412752064,13.303537293531804,7.441131271224862,5.862406022306942,NB
frame_vu_702.84_702.92,36.03518773776008,0.0,-0.5908857106999551,392.03770682095546,343.58979546323746,48.447911357718,30.91285881591091,18.74345362750205,12.16940518840886,TB
frame_na~w~_702.92_703.12,18.340429185725952,0.0,-0.5567529148854439,404.7002527995676,343.4336535832994,61.26659921626816,56.74682191973022,15.10859760872458,41.63822431100565,NB
frame_a_703.12_703.22,9.00103897421144,0.0,-0.0381868389988716,390.2184549523146,341.8202580077753,48.39819694453928,138.70421963531115,78.35205374311641,60.35216589219473,NB
frame_foX_703.22_703.46,113.11391148944496,0.0,-0.5372457439393534,394.97895454017527,333.36302806194874,61.61592647822653,41.545129144078864,22.19552437115931,19.349604772919555,NB
frame_sa_703.46_703.55,100.40622582328884,0.0,-0.4976971045928673,395.0341021986008,345.29502224315115,49.7390799554496,0.943323163735144,0.4257858539800736,0.5175373097550704,NB
frame_maj_703.55_703.75,115.08409508751804,0.0,-0.344527016060955,391.18153059882354,330.9296978941913,60.25183270463225,13.432866726898055,4.508352910480525,8.92451381641753,NB
frame_OX_703.75_703.81,16.40258067931282,1.410000000000082,-1.7465447124574676,384.2485996220461,339.31877128107527,44.9298283409708,14.8223752945635,6.961063073312118,7.861312221251381,TB
frame_a_705.22_705.28,104.1612768165226,0.0,-0.3445270160618257,396.3516736891926,350.07436559216785,46.27730809702473,14.183808248776984,3.036867775694134,11.14694047308285,NB
frame_ow_705.28_705.52,84.43745646398256,0.0,0.2025843470675687,409.0101625373805,344.1045034815152,64.90565905586527,246.49562493086756,101.33302076918989,145.16260416167765,NB
frame_tras_705.52_705.8,115.68739640568224,0.0,-0.2679419717954341,401.3484337896133,335.27610697896057,66.07232681065273,131.651454657094,91.92122679490087,39.730227862193125,NB
frame_ko~_705.8_705.96,114.54761977866409,0.0,-0.3213022393601845,403.2876855738604,346.36992794569653,56.91775762816383,15.35316892541907,6.4621907561879794,8.89097816923109,NB
frame_ve_705.96_706.08,120.3322905294572,0.0,-0.306681342581861,402.8982295938008,349.25844088695,53.63978870685082,13.222691945319385,2.6823505894044786,10.540341355914904,NB
frame_ni_706.08_706.22,61.16040104338103,0.0,-0.2340211340205127,401.1342274046365,348.48033689508463,52.6538905095519,195.01316356946748,87.6344407983687,107.37872277109878,NB
frame_e~_706.22_706.3,121.70725333060724,0.0,-0.1776120120103957,400.24294014083233,352.0285590888914,48.2143810519409,61.89754131600972,25.79684676861916,36.10069454739056,NB
frame_sias_706.3_706.44,37.00109123117872,0.2299999999999045,0.0,378.3826470538212,327.59748275207494,50.78516430174625,6.324690875665255,3.142930300627256,3.1817605750379983,NB
frame_da_706.67_706.78,96.95968496738612,0.0,-0.4211120603273465,393.1688481299065,342.17746627272675,50.9913818571797,9.105727238133724,3.4166590338458747,5.6890682042878495,NB
frame_es_706.78_706.89,8.074527091225633,0.0,-0.7330096663516575,385.35838756063583,335.7087686030164,49.64961895761945,36.16728001756499,16.771052270793575,19.396227746771416,NB
frame_kO_706.89_707.11,29.517924253930573,0.0,-0.157932234637039,399.5952300209052,338.1942222371211,61.40100778378411,75.07713852835246,35.43637241015088,39.64076611820158,NB
frame_la_707.11_707.2,49.40848000631832,0.5899999999999181,-0.4211120603264758,392.20641028138687,343.69252670232135,48.51388357906552,134.99065985515733,63.97218313855211,71.01847671660522,NB
frame_ki_707.79_707.89,71.12762142532566,0.0,-0.3306891128869838,394.1903353489964,347.64297954937314,46.54735579962329,4.8910471258379005,1.863264631079474,3.0277824947584264,NB
frame_na~w~_707.89_708.05,25.8029507634206,0.0,-0.5567529148829516,401.76278273005966,344.818398106393,56.94438462366668,70.17042299736464,25.26785004813564,44.902572949229,NB
frame_nujs_708.05_708.21,72.37283838479159,0.0,-0.0865578398959227,397.42310229119335,342.4476008163834,54.97550147480996,29.75559081679171,19.239957704521583,10.515633112270123,NB
frame_dZi_708.21_708.38,6.490379598144131,0.0,0.3459867391717197,403.888547571155,347.16581023544063,56.72273733571439,49.97485589746535,17.881382849345073,32.09347304812027,NB
frame_ze~j~_708.38_708.51,3.8928158914498567,0.0,-0.6128865203110615,401.6423461171576,347.2507407435001,54.391605373657455,27.8226295516302,6.170329748744393,21.652299802885807,NB
frame_a_708.51_708.54,74.39325665566756,0.0,-0.5742821488583882,382.2864138320385,338.7436923311614,43.54272150087712,1.6790840070802346,0.8867774865409928,0.7923065205392419,NB
frame_Res_708.54_708.68,77.73677229614376,0.0,0.1196469811855121,389.98894450963,340.59041133743835,49.39853317219166,11.357900791523022,4.719128312335116,6.638772479187907,NB
frame_pej_708.68_708.87,57.52589804172392,0.0,-0.5198455044667593,393.2256077095099,336.1968636104386,57.02874409907133,65.41458911333837,44.37466198970428,21.039927123634087,NB
frame_tu_708.87_708.93,95.46041149952278,1.2800000000000864,-0.5908857106999551,382.05495807175015,337.56006160182324,44.494896469926914,28.02697956222591,16.267619028047164,11.759360534178748,TB
frame_e~_710.21_710.26,107.51569439561044,0.0,-0.8305237744651058,392.8677727020887,348.47123721715576,44.39653548493294,0.8458371024979385,0.1902091853511649,0.6556279171467736,NB
frame_ta~w~_710.26_710.42,23.18012011017447,0.0,-0.7759811581730252,406.64428014957474,349.9334158723117,56.710864277263056,48.729772948608286,32.5365691753955,16.193203773212787,NB
frame_nOjs_710.42_710.59,54.506996987770805,0.0,-0.8639822247805665,403.3268304884068,344.82257515351165,58.50425533489511,44.6365451826986,28.79311587140421,15.843429311294386,NB
frame_a_710.59_710.68,24.168008074888377,0.0,-0.1147718832652631,406.2275216086221,358.4228025595156,47.804719049106495,18.793290952299003,6.1401565365906094,12.653134415708394,NB
frame_Sa~_710.68_710.79,21.63359930272219,0.0,-0.5567529148854439,406.2747915990183,354.33975005474497,51.9350415442733,62.274804622851406,9.972453532063213,52.30235109078819,NB
frame_mus_710.79_710.91,8.88910735603099,0.0,-0.5908857106999551,395.206670171328,345.77288806080617,49.43378211052186,33.018564045864395,13.521264348944529,19.497299696919868,NB
frame_ki_710.91_710.98,153.34992768968442,0.0,-0.524025070617728,377.66915699882907,332.5017859825989,45.16737101623016,1.6121092868889375,0.9264692548866478,0.68564003200229,NB
frame_te~_710.98_711.12,0.7569480541243365,0.0,-0.6128865203110615,402.7421534624664,349.03787966590573,53.7042737965607,186.42750584162468,33.27546015911872,153.15204568250596,NB
frame_mus_711.12_711.21,17.964426812332164,0.0,-0.5908857106999551,397.6693409506992,348.47189469217324,49.19744625852593,10.267663898112488,4.696193614389955,5.571470283722533,NB
frame_dZi_711.21_711.31,3.4937308274976715,0.0,-0.1373531551562397,409.5236232356096,358.8697830840281,50.65384015158151,21.23588252089408,13.797491391545492,7.438391129348588,NB
frame_rej_711.31_711.47,17.02509904157867,0.0,0.545975304957732,409.76541806735565,354.0460526826412,55.71936538471448,34.13974743870489,10.06950260419174,24.070244834513147,NB
frame_tu_711.47_711.56,23.81962588871633,0.0,-0.5908857106999551,406.6192382725577,356.1137432790005,50.50549499355719,15.180704394868968,9.312720002270822,5.867984392598146,NB
frame_a_711.56_711.61,5.285696362336267,0.0,-0.4211120603264758,398.2652082359999,354.55177034131475,43.71343789468512,19.62381808231561,10.888705239429385,8.735112842886224,NB
frame_Re_711.61_711.73,0.6493463413868596,0.0,0.3328111430728338,408.4625045271943,354.73384327584097,53.728661251353344,16.924759543924836,6.050844390999345,10.873915152925491,NB
frame_se_711.73_711.88,9.73647218642904,0.0,-0.3066813425842844,406.2758610833256,351.6732548701365,54.60260621318912,21.935300822457123,10.869607196005404,11.06569362645172,NB
frame_bi~_711.88_712.01,37.82532661258125,0.0,0.0891151008843031,407.4094611330335,352.8273226191756,54.58213851385784,9.956292091858131,5.664163213314936,4.292128878543196,NB
frame_me~_712.01_712.15,14.208801642528384,0.0,0.0400252421436485,400.7230252957253,350.10937813542546,50.61364716029982,40.20756564401964,14.69838843089309,25.50917721312655,NB
frame_tu_712.15_712.36,8.457861326531628,0.0,0.4177700309095429,405.3486446428357,343.6104971292947,61.73814751354104,70.4487546405883,43.62100516323295,26.827749477355358,NB
frame_i~_712.36_712.39,13.63967784709712,0.0,-0.8376819483263676,381.84594575476535,339.543056074006,42.30288968075939,0.7801509327493932,0.5008222483088787,0.2793286844405145,NB
frame_te_712.39_712.51,51.04284613334957,0.0,-0.5198455044691827,407.3499841727345,353.7351129678633,53.61487120487118,15.269005444297475,11.120468241466996,4.148537202830482,NB
frame_graw_712.51_712.84,45.37646165407199,1.9599999999999227,-0.1147718832652631,403.8282048316919,331.3033578962961,72.52484693539577,121.94574567505606,92.3358292731285,29.609916401927563,TB
frame_u_714.8_714.84,72.77959564861848,0.0,-0.4648037429975136,394.6678506521284,350.9819521675301,43.68589848459823,15.991886442087946,11.8869511282099,4.104935313878045,NB
frame_adZ_714.84_714.97,18.01688461212541,0.0,-0.4211120603273465,405.5583096608676,351.0877600172123,54.47054964365526,35.016434435636455,15.948614927822687,19.06781950781377,NB
frame_vo_714.97_715.14,29.610827093623044,0.0,0.0546183288665207,404.8685556873783,347.3472875148759,57.521268172502346,18.707534826554053,7.084141373833063,11.62339345272099,NB
frame_ga_715.14_715.33,33.0497825955502,0.0,0.421323426595124,401.4209789890374,343.26664373758445,58.154335251453006,31.475278533295267,14.45349539549511,17.021783137800156,NB
frame_du_715.33_715.39,56.4688658631803,0.0,-0.5908857106999551,399.9356542259288,354.00527774361115,45.93037648231763,21.300083455176438,5.753872865689488,15.546210589486948,NB
frame_a_715.39_715.42,59.48021297933187,0.0,-0.5742821488583882,388.9548688809498,346.38380935449413,42.571059526455656,0.1186339638803417,0.0346978915387694,0.0839360723415723,NB
frame_le_715.42_715.55,69.81060653484943,0.0,-0.0935171806993861,405.0625001846189,350.07249392460665,54.990006260012194,27.59018000483718,9.317957692147104,18.27222231269008,NB
frame_ga_715.55_715.77,14.88674051438872,0.0,0.4979084708597742,402.8736802434629,339.6178657237665,63.2558145196964,41.02127877801732,23.321372301459263,17.699906476558056,NB
frame_va_715.77_715.86,49.41940029947649,0.0,-0.4211120603264758,401.2114030026627,352.17495857368544,49.03644442897729,10.280836329571729,4.247815193447721,6.033021136124006,NB
frame_ko~_715.86_715.96,36.08828463832771,0.0,-0.8804808734752657,396.4196595222523,348.059962913174,48.3596966090783,3.316534687531714,2.486832485369206,0.8297022021625082,NB
frame_muj~_715.96_716.07,34.386908732309905,0.0,-0.464803742998947,398.0661030021177,347.2027536010372,50.86334940108054,12.012417436895872,3.4330346240171536,8.57938281287872,NB
frame_ta_716.07_716.15,40.740548790709454,0.0,-0.5742821488583882,402.5715932228768,352.8514396298722,49.72015359300457,3.3215402606804503,2.1445620802116423,1.176978180468808,NB
frame_a_716.15_716.18,53.79139281683236,0.0,-0.5742821488583882,380.7194735877679,339.0699254740266,41.64954811374128,19.77951046503918,7.021221204540495,12.758289260498684,NB
frame_bi_716.18_716.25,51.14233723735876,0.0,-0.4273570917523559,400.03321969115655,352.9027102582561,47.13050943290045,4.26237530061249,2.3148640737946096,1.9475112268178805,NB
frame_li_716.25_716.31,62.92207405737261,0.0,-0.524025070617728,386.0127579509584,341.84139838520207,44.17135956575629,1.6514911993533443,0.9821881088898152,0.6693030904635293,NB
frame_da_716.31_716.42,44.12268683133459,0.0,-0.3445270160618257,398.1207170990015,346.4400615033835,51.68065559561797,25.289939455363463,12.97019014614122,12.319749309222246,NB
frame_dZi_716.42_716.48,113.1143135220948,0.0,-0.524025070617728,376.4146731722266,332.22214566034336,44.19252751188327,9.064216947743809,6.796831938131177,2.267385009612632,NB
frame_E_716.48_716.55,191.855324392697,0.0,-0.3910124908405683,389.7638094870856,344.6216823105981,45.14212717648746,9.908354369505616,4.9891905040731785,4.919163865432438,NB
frame_u_716.55_716.62,22.36551748753297,0.0,-0.0865578398944894,388.0265912061243,342.30718824517123,45.71940296095306,6.045243400004097,3.308871910443571,2.7363714895605256,NB
frame_se_716.62_716.68,212.70699896616577,0.0,-0.9461738282389792,387.2606483086073,342.44984517453,44.81080313407728,7.406334411895443,5.455012314209114,1.9513220976863292,NB
frame_JoX_716.68_716.8,2.415946366255497,0.2700000000000955,-0.9811437985424974,383.5784040824212,334.8194852518696,48.75891883055164,8.37452655079403,4.484309490159433,3.8902170606345976,NB
frame_vaj_717.07_717.29,12.533174838883468,0.0,-0.4211120603273465,394.9595416616653,333.46857057721206,61.49097108445318,171.19364099922598,135.3236551769606,35.86998582226539,NB
frame_de_717.29_717.37,142.08642558796734,0.0,-0.5198455044691827,394.7181141396166,349.87382828410983,44.84428585550677,29.58789424701092,14.969940477049306,14.617953769961616,NB
frame_mo_717.37_717.51,131.16403645354583,0.0,-0.9811437985424974,393.4676556540393,341.1650380658851,52.30261758815425,50.48660356120507,25.86539848845746,24.62120507274761,NB
frame_raX_717.51_717.65,119.28216095737648,0.0,-0.1913569275299133,392.62947488886266,339.9910435317634,52.63843135709925,19.88721182493441,9.765008395588325,10.122203429346088,NB
frame_muj~_717.65_717.77,23.98233334688604,0.0,-0.464803742998947,397.38332847807663,344.756704055634,52.62662442244266,6.533438924113511,3.612859798119132,2.9205791259943794,NB
frame_tu_717.77_717.83,23.660790067992195,0.0,-0.5908857106985217,395.0564583603153,349.3940917920223,45.66236656829295,1.0069584828402185,0.3618571039284006,0.6451013789118178,NB
frame_ujs_717.83_717.92,104.34194765710018,0.0,-0.5908857106999551,391.15394788356014,344.78708816603745,46.366859717522686,38.30809804708639,22.30919692955331,15.99890111753308,NB
frame_se_717.92_717.98,90.60487428143593,0.0,-0.9461738282389792,375.6952786789519,331.4626929586252,44.23258572032671,0.9286907466089644,0.7836455793338359,0.1450451672751285,NB
frame_Jo_717.98_718.04,52.647976072831085,0.0,-0.9811437985424974,397.8694036722813,351.6757729210499,46.19363075123141,11.88507844507734,8.735175530504222,3.1499029145731186,NB
frame_ris_718.04_718.19,42.38006926544989,0.0,-0.524025070617728,404.47516781087234,348.6257646797806,55.84940313109172,51.74204976303122,21.045103115540485,30.696946647490734,NB
frame_va~w~_718.19_718.4,34.133817541250465,0.0,-0.995209401458114,400.0753224066984,338.9824735040946,61.092848902603805,31.030038329003705,13.925265340500772,17.10477298850293,NB
frame_Re_718.4_718.52,23.573420005827305,0.0,0.1196469811855121,407.1291565166161,353.68252872893095,53.446627787685145,24.64545510013957,8.637012194794465,16.008442905345106,NB
frame_se_718.52_718.64,17.458626108091863,0.0,-0.3066813425842844,398.7426198924538,352.1919105834746,46.55070930897921,26.89641421392668,11.280290569195756,15.61612364473092,NB
frame_beX_718.64_718.81,7.726519484481258,0.0,0.3328111430704104,405.9026794311992,348.07270762161943,57.82997180957972,25.388497608002268,10.724976981924442,14.663520626077826,NB
frame_dZi~_718.81_718.88,7.149791398844002,0.0,-0.6059826860236999,397.4857418279159,350.3793577787553,47.10638404916057,9.396293891640823,4.406457528601209,4.989836363039615,NB
frame_Jej_718.88_719.0,6.332291923600508,0.0,-0.7330096663516575,402.6125091494092,349.26710131390445,53.34540783550472,6.304425107770442,2.3259360702514016,3.97848903751904,NB
frame_ru_719.0_719.1,3.936695929042713,0.0,-0.0865578398944894,400.69212480117255,351.3919050071962,49.3002197939764,16.265896128586775,3.373479506279409,12.892416622307366,NB
frame_dez_719.1_719.2,46.137082798057605,0.0,-0.9461738282389792,390.6704169031528,340.19088842787136,50.47952847528143,85.79956295246774,29.697261442630836,56.102301509836906,NB
frame_va_719.2_719.35,11.133645050488012,0.0,-0.5742821488583882,401.154531985742,345.1378057893701,56.01672619637191,17.924581314686776,7.2834989681581135,10.641082346528664,NB
frame_lo_719.35_719.46,11.159872074587412,0.0,-0.5372457439376712,399.21632498229576,348.3970912663252,50.81923371597054,5.9514451480752655,1.8900625350557616,4.061382613019504,NB
frame_ri_719.46_719.54,30.30353253642116,0.0,-0.3306891128869838,394.95715725780383,348.9989009883749,45.958256269428944,11.690820954425106,2.979861813781099,8.710959140644007,NB
frame_za_719.54_719.68,24.921332018885494,0.0,-0.191356927530784,396.3784859616632,344.6903264166955,51.68815954496773,120.32227569453002,24.042496519117776,96.27977917541224,NB
frame_du_719.68_719.74,1.7837395564349094,0.0,-0.5908857106999551,387.41373308185695,342.91193254650284,44.50180053535411,4.564220694722849,3.4969462281030133,1.0672744666198355,NB
frame_na~w~_719.74_719.85,16.462387807067188,0.0,-0.9952094014606064,399.5043153526309,347.95540517430754,51.54891017832336,27.665422892536583,11.497056091167964,16.16836680136862,NB
frame_te~j~_719.85_720.0,40.25630338276071,0.0,-1.2657982827657717,401.15584260772766,345.9697773405314,55.18606526719629,24.4387009523916,12.146098864493666,12.292602087897931,NB
frame_i~_720.0_720.03,19.506649775384066,0.0,-0.8376819483263676,376.7431658418285,334.15920358852287,42.58396225330563,6.385608647774205,3.3820413755090897,3.003567272265116,NB
frame_poX_720.03_720.18,44.411047271065286,0.0,-0.8331777803414494,399.50836923138695,346.2071907465253,53.30117848486162,49.91955268899344,22.75459710385488,27.16495558513856,NB
frame_ta~_720.18_720.31,60.52890450119483,0.0,-0.9952094014606064,397.69390600902136,344.37694487208387,53.31696113693749,125.38153001389512,60.657466968825645,64.72406304506947,NB
frame_sia_720.31_720.4,20.33210679493033,1.5,-0.524025070617728,394.723927935206,345.9867566251694,48.737171310036615,26.051532753110397,9.488604018681173,16.56292873442922,TB
frame_tra_721.9_722.08,8.064625164227209,0.0,-0.0381868389988716,398.79146532627976,342.9970105626684,55.79445476361138,28.689105038004044,11.280885785513334,17.40821925249071,NB
frame_ta_722.08_722.19,28.289590211616968,0.0,-0.4211120603264758,401.2373926555896,350.5141961599336,50.723196495656,37.66168388173102,21.743204516946463,15.91847936478456,NB
frame_zi_722.19_722.29,109.3940842407162,0.0,-0.524025070617728,382.0169043791801,333.0114127708947,49.00549160828541,2.291054428503685,0.8862120087910341,1.4048424197126508,NB
frame_da_722.29_722.37,18.316156167355217,0.0,-0.4211120603273465,401.54955494869387,356.1499161639733,45.399638784720594,22.213537807606315,9.490866134005644,12.722671673600672,NB
frame_de_722.37_722.5,1.7348557493943702,0.0,0.1196469811879355,405.17395853599805,351.44226579655367,53.731692739444384,24.824870793710232,7.600957162422503,17.22391363128773,NB
frame_fe_722.5_722.66,55.27423022038518,0.0,-0.3066813425842844,407.87267916120936,350.8395868996451,57.03309226156426,80.20148159546783,31.14103422966845,49.06044736579938,NB
frame_za_722.66_722.8,46.26632875145472,0.0,-0.2679419717963048,403.3614885005045,350.64525714815045,52.71623135235404,21.93696004367807,7.92022129410023,14.01673874957784,NB
frame_dZi_722.8_722.89,41.400470775283765,0.0,-0.4273570917523559,398.15395190816304,350.4465021715623,47.70744973660072,18.45089313805113,8.17171344056058,10.279179697490548,NB
frame_u~_722.89_723.0,16.193104582531078,0.0,-0.1472925699574301,404.89179838006913,352.2762705664662,52.61552781360291,9.166556705140096,2.4234369318098743,6.743119773330221,NB
frame_dZi_723.0_723.11,9.445215663755732,0.0,-0.1373531551551407,408.8508867008145,356.15745990954554,52.69342679126896,35.13954012425506,12.318637417372855,22.820902706882208,NB
frame_rej_723.11_723.26,14.559676243016211,0.0,-0.7330096663516575,405.7491646218976,350.6479099518314,55.10125467006617,114.86386777512593,37.88326289799432,76.9806048771316,NB
frame_tu_723.26_723.32,110.65682140204952,1.0399999999999636,-0.5908857106985217,377.6475112956821,333.5679990378843,44.07951225779783,4.222275578016344,1.952719375097565,2.2695562029187784,NB
frame_i_724.36_724.43,14.041616012083892,0.0,-0.1373531551562397,398.95961296191297,352.8919691876712,46.06764377424179,19.658114149252924,12.425162777996718,7.232951371256206,NB
frame_nOjs_724.43_724.63,11.223290487199932,0.0,-0.6874697272431797,402.8350409944477,341.7191524170917,61.115888577355975,34.64588928921961,14.428896853475948,20.216992435743663,NB
frame_na~w~_724.63_724.73,22.55367550936444,0.0,-0.995209401458114,401.6411090206704,352.1812155529874,49.45989346768295,12.425603567932512,5.566539399568597,6.859064168363915,NB
frame_ke_724.73_724.83,20.931935627855893,0.0,-0.7330096663516575,401.3310735616435,352.58113104944255,48.7499425122009,23.510086578370817,13.793649978854376,9.716436599516442,NB
frame_re~_724.83_724.91,8.064744861319326,0.0,-0.8305237744651058,400.7838133973315,352.47023915568457,48.31357424164696,5.182056663351659,3.699288075882066,1.482768587469593,NB
frame_mus_724.91_725.04,7.246070748578262,0.0,-0.464803742998947,393.6090449838177,341.80775645822155,51.801288525596135,11.171960001833613,5.681966964769174,5.489993037064437,NB
frame_tra~_725.04_725.21,9.593405260843184,0.0,-0.1182964283077891,398.05707268038987,340.99390257395834,57.06317010643153,23.30965824686476,16.223070410314563,7.086587836550194,NB
frame_zi_725.21_725.36,9.784816134574925,0.0,0.0559828025756034,404.1371052519938,347.9877292630269,56.14937598896688,18.426921046050296,7.779739942363449,10.647181103686847,NB
frame_ZiX_725.36_725.51,18.47074850744872,0.0,-0.2340211340205127,398.39766358889176,343.61220960274534,54.78545398614642,30.8404565341786,12.38075442806172,18.45970210611688,NB
frame_ne_725.51_725.6,3.9948307149446975,0.0,-0.306681342581861,399.6567234522311,350.30835415219,49.3483693000411,5.572757939973997,2.48421925308665,3.088538686887347,NB
frame_si_725.6_725.78,7.034088876166265,0.0,0.0559828025745044,400.1378174883986,343.79266848913284,56.3451489992658,25.72525667330467,19.85325487022874,5.872001803075932,NB
frame_po~_725.78_725.95,57.08579169161503,0.0,-0.0417129223026438,400.6459692681802,344.1312329869923,56.514736281187936,69.54518616172416,20.274504877385425,49.27068128433874,NB
frame_tu_725.95_726.01,106.45234498291644,0.4600000000000364,-0.5908857106999551,377.80500650454354,333.56703669520505,44.237969809338495,2.380453721092053,1.435557527242267,0.944896193849786,TB
frame_e~_726.47_726.59,115.91252099257908,0.0,0.6929370045983587,410.8632077986361,360.39491784616473,50.468289952471366,61.39292280363884,25.327501519007058,36.06542128463178,NB
frame_ta~w~_726.59_726.88,71.42852675060121,0.0,-0.1182964283077891,411.7919408071153,341.89594626598205,69.89599454113323,115.19140947532958,66.73320120487273,48.45820827045685,NB
frame_Re_726.88_726.99,14.55783106746253,0.0,-0.9461738282389792,410.0849221033624,358.0583140507536,52.02660805260882,74.38614353399063,30.57437797804744,43.8117655559432,NB
frame_aw_726.99_727.09,70.25196169998318,0.0,-0.5742821488583882,399.4696832182238,349.51751478612863,49.95216843209517,50.95182054997858,20.61763134217932,30.334189207799252,NB
frame_me~_727.09_727.31,3.951000118093788,0.0,1.3458487670530688,406.5976095781261,347.6412247820827,58.95638479604338,46.80079850932847,21.906877611015744,24.89392089831273,NB
frame_tSi_727.31_727.37,126.16107380418366,0.0,-0.524025070617728,381.5811885804206,336.3144404637535,45.26674811666709,2.842252960670365,1.6755823003469883,1.1666706603233763,NB
frame_a_727.37_727.49,27.741055680645676,0.0,0.11498324953217,403.0922350246802,352.51928355952464,50.57295146515565,29.925356663354364,16.312980061649057,13.612376601705307,NB
frame_kaw_727.49_727.77,24.330118796632007,0.0,-0.5742821488575176,407.7872451801029,337.41198488150553,70.37526029859737,25.12466084040005,8.232399942673538,16.892260897726516,NB
frame_za_727.77_727.83,138.71971183076036,0.0,-0.5742821488575176,391.4386017099435,346.03294671886835,45.40565499107515,1.761536155148974,0.5213088059553073,1.2402273491936668,NB
frame_si_727.83_727.89,7.560604708354788,0.0,-0.524025070617728,406.1272243132179,359.2647468257478,46.86247748747002,1.4706780714570868,0.4555549955105391,1.0151230759465475,NB
frame_a_727.89_727.95,11.810971434982749,0.0,-0.344527016060955,396.8804320372065,352.5496060234287,44.33082601377777,15.735488209802156,8.711408619186614,7.024079590615543,NB
frame_Ras_727.95_728.15,24.262929353093654,0.0,0.0383982052666491,402.3676165890444,342.7044690309788,59.66314755806559,69.24742503568834,32.538524597304416,36.70890043838392,NB
frame_tow_728.15_728.46,17.902694552518312,0.0,0.6464824016707127,410.40280202298953,337.8193839893923,72.58341803359724,54.16597294125302,12.88493709905967,41.28103584219335,NB
frame_du_728.46_728.57,48.60639162220963,0.0,0.0395241278065186,402.4008267051453,351.14866508019355,51.252161624951725,3.496546899733346,1.734656779879316,1.76189011985403,NB
frame_ra~_728.57_728.69,43.035459171855,0.0,0.3201600582673732,404.05768535872505,350.5891734676364,53.46851189108872,23.11129883803784,6.726370447316441,16.3849283907214,NB
frame_tSi_728.69_728.77,133.47860673263403,0.0800000000000409,-0.524025070617728,385.6626353716984,338.3368309752991,47.32580439639929,1.0612063834163197,0.618922735631557,0.4422836477847625,NB
frame_kwa_728.85_729.04,12.006828721692417,0.0,0.0383982052666491,401.8293099961709,344.52078418745884,57.30852580871198,10.159521716913844,3.2456705348081414,6.913851182105702,NB
frame_tru_729.04_729.25,8.44276360767995,0.0,0.6699339663115591,411.6369831217123,348.6471830524473,62.98980006926496,10.924922862239782,5.779565075540404,5.145357786699378,NB
frame_a~_729.25_729.54,7.962890887973344,0.0,4.70472492402149,408.4317707639908,338.25308486998006,70.17868589401075,18.39324244573035,4.569285107956688,13.823957337773663,NB
frame_nus_729.54_729.67,32.277701507748546,0.0,-0.2126398075969308,398.9939854357653,345.73000466010103,53.263980775664265,19.020315856427544,13.1540805139456,5.866235342481943,NB
frame_etS_729.67_729.85,18.681191648392428,0.0,1.6117961143846469,407.744862669962,352.4568681133686,55.287994556593446,11.961578007109352,7.120611188384999,4.840966818724354,NB
frame_se_729.85_729.99,2.66896106642713,0.0,0.3328111430728338,404.9636681856746,350.6825422399558,54.28112594571883,19.588964497033857,8.606414781663517,10.98254971537034,NB
frame_te_729.99_730.08,10.075659671087893,0.0,-0.9461738282365558,403.2375658567547,352.1473489757494,51.09021688100529,29.011557390439062,15.14634379086064,13.865213599578423,NB
frame_ra_730.08_730.17,24.71930764205493,0.57000000000005,-0.3445270160618257,400.9373811835709,351.67384784063927,49.26353334293168,7.755122265026273,2.597791164338304,5.157331100687969,NB
frame_i_730.74_730.83,34.72373272625853,0.0,0.0559828025756034,410.9697969703639,361.20977072545566,49.76002624490821,6.373058369445943,3.5329053689600016,2.840153000485941,NB
frame_foj_730.83_731.09,3.0493309760486795,0.0,0.3505503652669345,412.456400495987,347.0366604098409,65.41974008614608,15.306971539723548,7.812086987003681,7.494884552719867,NB
frame_teR_731.09_731.23,23.877388589289325,0.0,-0.306681342581861,412.9647934524404,357.6718984704329,55.292894982007454,23.414375520162167,12.491307266650892,10.923068253511277,NB
frame_mi~_731.23_731.34,35.71055298078602,0.0,-0.3742834237183981,414.0906935861848,360.367763421003,53.722930165181765,17.757268902534207,4.450662163347204,13.306606739187004,NB
frame_naX_731.34_731.65,13.062356982761884,0.1200000000000045,0.2681533380632117,405.96675653024863,336.30251491902754,69.66424161122109,52.54928510960221,26.20673488766684,26.34255022193537,NB
frame_nu_731.77_731.88,12.905093334419718,0.0,-0.2126398075969308,404.7520641413689,352.2337859697692,52.51827817159972,35.55838262528724,17.97111889386028,17.587263731426958,NB
frame_Zuw_731.88_732.02,42.03931795303194,0.0,-0.3387217752965055,410.3560329420646,355.81616521162016,54.53986773044443,35.352622223907275,12.513447223994149,22.839174999913126,NB
frame_ga_732.02_732.14,31.314188323617486,0.0,-0.1913569275299133,410.8593076247351,356.1769889335399,54.68231869119518,14.28910838334457,4.91146800976054,9.377640373584027,NB
frame_me~_732.14_732.27,9.94153954365882,0.0,-0.8305237744651058,403.3803027784128,349.8177147239833,53.56258805442951,7.053212070428685,2.901245323198878,4.151966747229807,NB
frame_tu_732.27_732.35,2.4380791927524115,0.0,-0.3387217752965055,384.5285238525915,337.02745742199204,47.50106643059945,10.97110937026855,5.234080758150071,5.737028612118479,NB
frame_fi~_732.35_732.49,4.081869190457098,0.0,-0.3742834237210322,403.71862280545946,349.53147313093336,54.1871496745261,10.408022282215995,3.6266150272207938,6.781407254995202,NB
frame_naw_732.49_732.66,10.453564253955337,0.0,-0.5742821488575176,402.8243496001454,345.66744400264423,57.15690559750118,20.91187145243299,10.019540339641765,10.892331112791226,NB
frame_nu_732.66_732.78,0.2145841331491738,0.0,0.1656060955060933,404.2450994415682,352.0775322824688,52.167567159099406,6.5928177785954745,3.881822746810912,2.710995031784563,NB
frame_su_732.78_732.87,10.761029660951635,0.0,-0.3387217752979389,405.90299425618366,355.4759748978524,50.42701935833128,12.923911940904674,6.147336441989211,6.776575498915463,NB
frame_pre~_732.87_733.04,0.9685792338377156,0.0,-0.3952492661619657,409.0750310848824,350.4680288112241,58.60700227365834,30.91855552428117,20.69485065797383,10.223704866307344,NB
frame_mu_733.04_733.11,11.744021327398173,0.0,-0.464803742998947,401.2909759954718,354.49952858536176,46.79144741011004,8.243283265919501,4.124804973806619,4.118478292112883,NB
frame_tri_733.11_733.23,1.141096987120534,0.0,-0.524025070617728,407.5796221425255,353.6486505071514,53.930971635374135,13.986561338315257,9.983400976256776,4.00316036205848,NB
frame_bu~_733.23_733.35,4.877134452051195,0.0,-0.4874682672399409,404.9893513398283,352.0360085579055,52.9533427819228,13.279843166340612,6.466504677909938,6.813338488430674,NB
frame_naw_733.35_733.52,57.30160310576149,1.1100000000000136,-0.5742821488583882,399.2778326072726,342.20514191193394,57.07269069533868,11.695351951508512,5.321738723652928,6.373613227855586,TB
frame_Re_734.63_734.8,3.710670580518041,0.0,0.1196469811855121,415.0773105761948,354.77702597129866,60.30028460489609,70.66916419821233,23.124843997059287,47.54432020115304,NB
frame_se_734.8_734.96,6.5277265526272,0.0,-0.7330096663516575,414.602799942077,357.23847640984883,57.36432353222824,152.88452534936084,65.4692975321446,87.41522781721625,NB
frame_be~_734.96_735.15,37.33490549372581,0.0,-0.3952492661619657,416.4906997670529,354.5224781009416,61.96822166611133,161.0390738343108,49.89914653440471,111.1399272999061,NB
frame_mus_735.15_735.31,13.898844803567698,0.0,-0.2126398075969308,409.64255396743897,352.3263115468342,57.31624242060474,68.90575199483442,46.46906414184952,22.436687852984903,NB
frame_i~_735.31_735.41,41.241334946217535,0.0,0.7842128877949404,408.77640075989655,357.68384842048187,51.09255233941468,21.832453180979726,10.70858161506456,11.123871565915168,NB
frame_te_735.41_735.52,28.100081452492944,0.0,-0.5198455044691827,412.5374032060976,358.9577032133533,53.57969999274428,7.240426116300341,5.22254628613517,2.017879830165171,NB
frame_graw_735.52_735.71,3.985832562774334,0.0,-0.4211120603273465,409.4573993068648,349.4231989730598,60.03420033380496,32.12768579523957,12.30338764097698,19.824298154262596,NB
frame_me~_735.71_735.91,46.1614349525002,0.0,1.128211512901499,404.638929436716,346.28857396267256,58.3503554740434,34.92838675385808,13.06309905609055,21.865287697767528,TB
frame_tSi_735.91_735.99,92.03085318250214,0.4600000000000364,-0.4273570917523559,382.2191385342531,335.31655293237463,46.90258560187846,1.6644372194412114,0.6227640352621648,1.0416731841790463,NB
frame_ko~_736.45_736.61,63.864272196417815,0.0,-0.0417129223026438,405.5357351366612,348.5468835968401,56.98885153982116,1.481387266381617,0.7978759429128246,0.6835113234687924,NB
frame_u_736.61_736.65,64.45132081095852,0.0,-0.464803742998947,393.7001639963297,349.33633741347865,44.36382658285101,6.80092276900956,2.6175359024290543,4.183386866580506,NB
frame_dZi~_736.65_736.73,34.099235781120555,0.0,-0.8376819483263676,407.73276741976304,359.3392488061145,48.39351861364855,13.36220611218276,5.306763894096932,8.05544221808583,NB
frame_Jej_736.73_736.97,19.787578899361023,0.0,0.545975304957732,416.73689619036537,349.49279370227464,67.24410248809073,59.12556586824573,23.57463121015189,35.55093465809384,NB
frame_ru_736.97_737.03,73.66533231179297,0.0,-0.5908857106999551,385.5365423843617,341.9364738421548,43.60006854220694,36.11995313451175,17.31563297534433,18.804320159167418,NB
frame_dez_737.03_737.12,46.818116031310055,0.0,-0.9461738282365558,406.1075441832336,355.38255180908385,50.724992374149735,0.3904260349159756,0.186382497702283,0.2040435372136926,NB
frame_va_737.12_737.19,42.68482849290663,0.0,-0.5742821488575176,406.78025429949344,360.30730692223017,46.47294737726321,2.038802519738198,0.4046080773202476,1.6341944424179502,NB
frame_lo_737.19_737.31,1.5559925525031986,0.0,-0.2413137075372574,409.7821471692944,356.5223688469697,53.25977832232468,39.303319660717065,16.160406006918606,23.14291365379846,NB
frame_ri_737.31_737.42,58.03466794258537,0.0,-0.1373531551562397,410.8244667841424,357.7487196412824,53.07574714286005,23.046103202329533,8.41770540735817,14.628397794971365,NB
frame_za_737.42_737.67,15.320890936092326,0.0,0.7276636036563368,408.8600794099205,342.8666943193946,65.99338509052592,30.359683638110997,12.710207159803616,17.649476478307378,NB
frame_du_737.67_737.76,60.87577738349674,0.5499999999999545,-0.2126398075969308,391.4773287738253,344.95453511398466,46.52279365984072,1.4877733095117094,0.6573510363187722,0.8304222731929372,TB
frame_na_738.31_738.46,35.97975646521937,0.0,0.11498324953217,403.5490807665874,351.3041772381357,52.244903528451744,7.878380427939646,4.028727907922985,3.8496525200166616,NB
frame_ke_738.46_738.57,2.90137380371263,0.0,-0.5198455044667593,416.89464261601023,363.1943556577674,53.70028695824283,13.560952714498429,11.73327352493962,1.827679189558808,NB
frame_li_738.57_738.68,15.388635776227488,0.0,-0.4273570917523559,416.9585617137759,362.4363236660341,54.52223804774178,23.637210854812608,12.727437842543653,10.909773012268955,NB
frame_te~_738.68_738.9,2.028409396164477,0.0,0.0400252421436485,416.2796970825252,351.2675530591258,65.0121440233994,35.204859643649115,12.776975374908886,22.42788426874023,NB
frame_pu_738.9_739.01,6.683388141854934,0.0,-0.2126398075969308,413.3406142025739,358.92716161889444,54.41345258367943,7.292347684224666,2.3006035212874565,4.991744162937209,NB
frame_na~w~_739.01_739.18,8.23551245783922,0.0,0.1009318149772997,413.47052064928914,354.0257676194527,59.44475302983642,13.094203981861511,6.541712482633173,6.5524914992283385,NB
frame_a_739.18_739.31,26.759641685243597,0.0,0.1915682937976908,408.8434807810668,356.4021315921127,52.441349188954064,15.86816423279062,6.730477848739042,9.137686384051577,NB
frame_vi_739.31_739.47,13.57983876206275,0.0,0.2493187603063476,415.9265226085108,356.9427102663487,58.98381234216214,22.28427995834288,6.037275616379219,16.24700434196366,NB
frame_a_739.47_739.56,37.11684091705197,0.0,-0.1147718832652631,406.8733098880596,358.5924235029033,48.28088638515629,1.4799751687397702,0.9655522199155372,0.5144229488242331,NB
frame_ko_739.56_739.72,22.47687240062353,0.0,-0.0933476893345272,411.66197770257656,355.9002586578397,55.76171904473688,33.06259285905401,15.39455381987952,17.668039039174488,NB
frame_Re_739.72_739.88,28.65325586389888,0.0,0.9723036287275286,412.87150020039167,356.02182101467685,56.84967918571482,15.21390237992854,4.827481145209347,10.386421234719194,NB
frame_sa~w~_739.88_740.1,25.263181803500288,0.0,-0.5567529148854439,411.12557039494806,346.26715178235213,64.85841861259593,19.12771342129993,11.77991713160948,7.34779628969045,NB
frame_mo_740.1_740.27,39.06284022694973,0.0,-0.0933476893345272,405.9039957646213,347.2764384155301,58.62755734909115,14.129813735560944,5.74554283404737,8.384270901513574,NB
frame_ne_740.27_740.38,48.14987666535045,0.0,-0.7330096663540809,400.397507138055,351.9045624264717,48.49294471158328,10.063572359820355,4.6007131693543215,5.462859190466034,NB
frame_ta_740.38_740.68,23.62074731795778,0.0,0.6510785593908159,406.4618805021893,335.83147878999443,70.63040171219484,115.850097430541,65.16610432560492,50.683993104936086,NB
frame_ria_740.68_740.79,51.41681723257001,0.4100000000000818,-0.524025070617728,397.5784097989418,347.0471926259949,50.53121717294687,4.256135763144584,2.9722370723290794,1.283898690815505,TB
frame_si_741.2_741.29,0.7431680717047016,0.0,-0.4273570917523559,415.9564703921505,363.70545756931926,52.25101282283123,25.90420441921665,19.783980447724417,6.120223971492237,NB
frame_ow_741.29_741.48,8.308902932953657,0.0,0.9424144380744908,416.3774115231252,354.54581058819525,61.831600934929895,41.27317352249662,13.400273436531336,27.872900085965284,NB
frame_ve_741.48_741.86,13.90324132997918,0.0,5.235586866430341,412.8683463953584,333.4782854292501,79.39006096610831,70.67711823500542,30.9372340328714,39.73988420213402,NB
frame_si_741.86_742.03,41.44110092285442,0.0,-0.1373531551562397,409.1482400669293,351.90624127588745,57.24199879104185,52.90322587948984,38.383641317026616,14.519584562463224,NB
frame_a_742.03_742.14,16.771083474880413,0.0,0.0383982052666491,410.4473918175992,357.5293215375778,52.91807028002137,23.269198497132663,11.515124235137762,11.7540742619949,NB
frame_es_742.14_742.24,75.91221234011248,0.0,-0.0935171806969627,387.25825769742113,338.7135680502015,48.54468964721963,19.167445951834324,9.959776236037923,9.2076697157964,NB
frame_kO_742.24_742.37,17.563201798133264,0.0,-0.8639822247785599,409.8098525306952,355.5653955417938,54.24445698890128,13.71779603231721,6.101087894971442,7.616708137345768,NB
frame_la_742.37_742.5,34.75760976842828,0.0,-0.1913569275299133,407.7940089940684,354.72318086706406,53.07082812700429,19.370423872223,10.101988611433384,9.268435260789616,NB
frame_paw_742.5_742.7,57.45290655451804,0.0,-0.4976971045928673,409.6162919046463,346.9355597653088,62.680732139337465,12.50403495169624,7.022058884294168,5.481976067402073,NB
frame_lis_742.7_742.87,23.042111370000413,0.0,-0.0406851762897686,407.1431239528562,350.3586768616065,56.78444709124966,12.716235766789822,6.901281381183907,5.814954385605915,NB
frame_ta_742.87_743.08,27.62791981881898,0.0,0.1915682937976908,408.7373489588485,346.9791085710475,61.75824038780104,13.42138046839385,6.935741171342073,6.485639297051776,NB
frame_tSi~_743.08_743.17,22.86824454659873,0.0,-0.1425841614183645,403.8893627652561,353.3131627285074,50.57620003674873,5.461527430673371,3.240738412820633,2.220789017852738,NB
frame_Ja_743.17_743.27,29.789570842842664,0.0,-0.5742821488583882,407.87893360056887,358.37575969369533,49.50317390687354,9.793966593796554,3.3954946556861074,6.398471938110447,NB
frame_le_743.27_743.4,44.6331905909336,0.0,0.1196469811855121,410.8094735601397,356.24284656694726,54.566626993192415,19.73221203019148,9.98558861553606,9.746623414655415,NB
frame_va_743.4_743.57,32.84629679506348,0.0,0.11498324953217,409.9800709549533,352.25996425285297,57.72010670210028,10.292381143254232,4.014766394802308,6.277614748451924,NB
frame_du_743.57_743.64,39.20125144248918,0.0,-0.464803742998947,405.2839436290809,357.8567934608924,47.42715016818852,9.90311553188107,4.119552115316793,5.783563416564277,NB
frame_u~_743.64_743.67,38.99001271791627,0.0,-0.6008601663347557,387.3239062449717,345.1188877947827,42.20501845018896,4.192103129190613,3.02361262106173,1.1684905081288832,NB
frame_ma_743.67_743.85,56.31706288288355,0.0,0.1915682937976908,407.75030136327314,348.6229930282906,59.12730833498256,26.463496590696536,13.99906981875806,12.464426771938475,NB
frame_boR_743.85_744.13,48.8046779302701,0.0,1.6822445290797308,410.1455350426988,340.85154744999994,69.29398759269884,37.968362613576986,11.347655299172914,26.620707314404072,NB
frame_do_744.13_744.23,50.84517528894074,0.0,-0.3892797257366233,410.6567434587406,358.1244731523765,52.532270306364126,13.983685389654283,9.11678499841446,4.866900391239824,NB
frame_a_744.23_744.38,23.80999992152806,0.0,0.3447383823287325,410.4133658719557,354.28506829886805,56.12829757308765,16.253103203524674,6.084182516549447,10.168920686975229,NB
frame_da_744.38_744.5,26.231134667821777,0.0,-0.1913569275299133,409.3033645390765,356.52677898700097,52.77658555207552,16.635260570797726,7.682871058958341,8.952389511839385,NB
frame_da_744.5_744.68,53.36877164347543,0.0,0.2681533380632117,403.62113555618856,346.49288563824217,57.12824991794639,11.349156202168317,5.1768964395001404,6.172259762668176,NB
frame_ke_744.68_744.79,8.424533605665403,0.0,-0.5198455044691827,412.05812563963616,359.49761965079347,52.56050598884269,6.982625426705653,1.991191520067673,4.99143390663798,NB
frame_li_744.79_744.93,24.01572412780132,0.0,-0.0406851762908676,403.57042877545535,351.3863401039192,52.18408867153619,16.234476447010806,6.675325468598345,9.55915097841246,NB
frame_ta_744.93_745.06,15.874011839978806,0.0,-0.3445270160618257,411.7119639551328,356.9588996956517,54.75306425948105,20.33874387508328,10.390528234326156,9.948215640757128,NB
frame_ma~_745.06_745.3,60.73943247483304,0.0,1.6355295179928606,405.2890489333297,339.5207317526996,65.7683171806301,19.537015004050232,5.275485446921891,14.26152955712834,TB
frame_Ju_745.3_745.69,132.61279692117873,0.0,-0.2126398075954974,408.4409435157952,326.383731051568,82.05721246422718,209.7448872339295,147.12613563386577,62.61875160006372,NB
frame_majs_745.69_746.07,19.71829529839141,0.0,0.0383982052666491,410.09909341317774,330.4277451042483,79.67134830892945,165.4129455858896,104.41308791239176,60.9998576734978,NB
frame_ko~_746.07_746.22,18.59190044503987,0.0,0.2378763947548967,417.371880594496,360.0631396815712,57.3087409129248,37.58072056282765,15.900978152676744,21.679742410150908,NB
frame_mu_746.22_746.35,13.314460244310624,0.0,0.0395241278065186,407.7058058460739,354.9275883941002,52.77821745197366,15.373611790971296,5.947812291161341,9.425799499809957,NB
frame_na~w~_746.35_746.62,37.06348357588301,0.0,-0.5567529148829516,407.90840044026334,338.6293365768797,69.27906386338361,50.03205466458026,31.34472170146712,18.687332963113136,NB
frame_a_746.62_746.7,5.156577923773881,0.0,-0.1913569275299133,410.13856606025365,360.3354838228109,49.803082237442766,24.351920935697397,9.931543306408429,14.420377629288964,NB
frame_vi_746.7_746.95,60.58378566151296,0.0,0.4426547180370918,412.9831271571257,344.1292102899204,68.85391686720533,354.6501019631845,199.51203571345343,155.13806624973108,NB
frame_a_746.95_747.1,76.27901706072419,1.2999999999999543,0.3447383823287325,396.162994808898,342.7371794490106,53.42581535988734,22.62664545043547,8.140749237247476,14.485896213187992,NB
frame_viw_748.4_748.67,9.194758983134932,0.9900000000000092,-0.4273570917523559,411.073314888222,344.7809520154145,66.29236287280747,109.76855712101325,49.63370684090529,60.13485028010794,NB
frame_e~_749.66_749.76,60.158742415671824,0.0,0.2576624962952186,409.27195135038806,358.7105912469248,50.56136010346325,9.19388713439112,5.812985793142687,3.380901341248432,NB
frame_ta~w~_749.76_749.95,27.809465023644577,0.0,-0.3375246715978627,410.4120232423699,350.33004202790283,60.08198121446708,33.83385712876411,14.358286794379126,19.475570334384983,NB
frame_nOjs_749.95_750.15,14.747230521011772,0.0,-0.3344447321724192,407.74071853920407,347.9324550263741,59.80826351282997,53.78256396869181,24.42542251200757,29.357141456684232,NB
frame_Re_750.15_750.26,4.873904797845711,0.0,-0.3066813425842844,414.6803680532,361.4685047704339,53.211863282766046,35.56886108245604,9.970477153225886,25.598383929230152,NB
frame_se_750.26_750.43,24.88043394529123,0.0,0.9723036287275286,413.0012947943999,355.5240631691116,57.4772316252882,87.94271286411612,39.36314908407499,48.57956378004113,NB
frame_be~_750.43_750.55,30.324544358252467,0.0,-0.1776120120103957,410.6832347472016,356.18992324525027,54.493311501951325,53.0883860398896,18.792914869625235,34.29547117026436,NB
frame_mus_750.55_750.71,18.334079914501388,0.0,-0.0865578398959227,406.388399782956,350.1023254825375,56.28607430041848,40.28192227943256,23.321686563932133,16.96023571550043,NB
frame_Re_750.71_750.85,22.71056063867485,0.0,-0.5198455044667593,408.4043154812331,352.7397051430502,55.66461033818291,14.174446754113973,5.75481479063788,8.419631963476093,NB
frame_aw_750.85_750.95,11.032050931507255,0.0,-0.5742821488583882,402.1634364200354,350.55337091457136,51.61006550546404,35.13265107293074,12.68335687613174,22.449294196799,NB
frame_me~_750.95_751.09,18.361601899465853,0.0,0.0400252421436485,403.2905602059252,349.5865405090779,53.70401969684724,63.80335531023201,29.331503207263463,34.47185210296854,NB
frame_tSi_751.09_751.16,0.6866544997402855,0.0,-0.4273570917523559,385.0379996054718,338.6988507115748,46.33914889389695,11.87964179604782,7.52316307362122,4.356478722426601,NB
frame_dZi~_751.16_751.23,22.67971302751579,0.0,-0.6059826860236999,403.6022541713736,355.7998965588778,47.80235761249583,12.093200840419144,9.059894479953726,3.033306360465417,NB
frame_Jej_751.23_751.32,35.56498586932847,0.0,-0.9461738282389792,404.2633471193543,355.37254422596146,48.890802893392845,13.566053987282316,8.097568970704401,5.468485016577915,NB
frame_ru_751.32_751.39,0.3982866117194419,0.0,-0.5908857106999551,408.3418781159874,359.8894216480267,48.4524564679607,13.054543617211522,3.234764427317373,9.819779189894149,NB
frame_dez_751.39_751.48,13.11632044745113,0.0,-0.9461738282365558,394.229746131328,346.19508598272523,48.03466014860271,11.57921334430955,7.575167739030149,4.004045605279401,NB
frame_va_751.48_751.58,8.162547531283309,0.0,-0.4976971045919967,409.2074518030237,357.2245332188331,51.98291858419066,10.56193312218798,3.568114331382901,6.993818790805079,NB
frame_lo_751.58_751.79,30.346796406355764,0.0,0.9424144380728088,410.1864504961288,346.7377539787269,63.44869651740191,19.73773631464061,7.47561832594738,12.262117988693234,NB
frame_ri_751.79_751.88,12.11083803683448,0.0,-0.2340211340216117,401.6209545220779,351.1507351744867,50.47021934759118,14.66228955236346,8.470773997540817,6.191515554822644,NB
frame_za_751.88_752.08,75.30487119775586,0.0,0.421323426595124,402.0961200583082,342.22913960256,59.866980455748205,2.8838367120426227,1.7738997999953057,1.109936912047317,NB
frame_du_752.08_752.18,72.39203015731965,0.0,-0.0865578398959227,389.599324461412,341.2419815174027,48.35734294400936,4.332001591925177,2.5966570832865585,1.7353445086386188,TB
frame_ko~_752.18_752.36,33.61005001268211,0.0,-0.0417129223026438,414.1501168466541,353.5418846926667,60.60823215398733,44.37815079400213,22.956472939313898,21.421677854688227,NB
frame_Zu_752.36_752.59,45.52973536028378,0.0,0.9220979017135752,413.48279878071605,349.80707474240614,63.675724038309966,222.5744119645345,73.19866964906103,149.37574231547347,NB
frame_rus_752.59_752.83,14.545621000709218,0.0,0.2916880632085348,409.87957374548967,347.0796167167374,62.79995702875232,9.496095731292485,6.486106498172745,3.0099892331197395,NB
frame_si~_752.83_753.07,16.61730290601838,0.5,3.3329047731269195,410.46174967411616,345.261814869144,65.19993480497214,35.35820384233983,17.474027869993307,17.884175972346526,NB
frame_du_753.57_753.74,59.52924811917083,0.0,0.4177700309095429,406.63563609974096,350.05367749309147,56.58195860664949,39.90311045443796,16.83254794827762,23.070562506160336,NB
frame_te~_753.74_753.91,26.00261192701645,0.0,0.0400252421411743,411.7202018152211,353.93082682999307,57.78937498522805,18.717827338356614,6.028217358577976,12.689609979778638,NB
frame_pu_753.91_754.12,1.0368092853091468,0.0599999999999454,0.9220979017135752,406.23572274953045,346.1025091760862,60.133213573444266,95.96154630805697,65.24899167451812,30.712554633538844,NB
frame_du_754.18_754.38,33.19059310454571,0.0,0.9220979017135752,405.0317639865283,344.5609895096445,60.470774476883776,33.09002259207939,16.013187517404702,17.07683507467469,NB
frame_ko_754.38_754.57,18.33937015406808,0.0,-0.0933476893345272,411.4264831667007,350.8839838584948,60.54249930820589,8.885379883056416,4.663116815120333,4.222263067936083,NB
frame_Res_754.57_754.67,16.038046924909608,0.0,-0.7330096663540809,387.49600883379577,338.8838739034104,48.612134930385366,5.460461855634094,2.821654209696206,2.638807645937888,NB
frame_po~_754.67_754.82,52.23204977105922,0.0,0.0980817362261264,406.9373028161723,351.6207747650204,55.31652805115186,3.070385926024656,1.496412635861077,1.573973290163579,NB
frame_de~_754.82_754.97,4.689081797442441,0.0,0.4752997504467886,410.1345443622804,354.97742870520455,55.15711565707585,18.36641727458249,7.667276460480906,10.699140814101582,NB
frame_tSi_754.97_755.05,33.59840095803284,0.0,-0.524025070617728,390.8434719437116,342.9499769822319,47.89349496147975,86.89558110093746,47.067750096183744,39.82783100475372,NB
frame_a_755.05_755.08,21.75681837355333,0.0,-0.5742821488575176,397.638276670256,353.8002260031128,43.838050667143136,8.667567696915597,5.323390416521832,3.3441772803937653,NB
frame_w_755.08_755.2,35.8265557248876,0.0,0.543851998610551,396.9946626406199,346.51438709450093,50.48027554611895,152.20192441682826,109.16440861287964,43.037515803948594,NB
frame_te~_755.2_755.33,1.685680072609614,0.0,-0.3952492661594914,412.5322884659447,358.1323428857104,54.39994558023437,41.73937583475133,20.69865292017826,21.040722914573067,NB
frame_pu_755.33_755.43,5.933100878495651,0.0,-0.5908857106999551,388.4471197353437,339.3945299280603,49.05258980728343,5.353427198038276,3.7542748749210375,1.599152323117238,NB
frame_de_755.43_755.53,10.207632809387404,0.0,-0.3066813425842844,413.21249361264177,361.4182419037824,51.79425170885935,17.83706836045316,6.369100525140681,11.46796783531248,NB
frame_ko_755.53_755.7,61.7759328142636,0.0,-0.0933476893345272,409.9218794231713,353.5204879569127,56.40139146625864,19.102200758880144,10.218032170400022,8.884168588480122,NB
frame_Ri_755.7_755.9,9.644283750198866,0.0,0.5393226969024638,409.8601780555233,349.5803537903281,60.2798242651952,126.95047767688298,88.74364661085596,38.20683106602702,NB
frame_du_755.9_756.01,50.36441043711939,0.9099999999999682,0.0395241278065186,396.16000128484905,345.98225606067496,50.17774522417409,8.281017755152945,5.392034485955747,2.888983269197197,NB
frame_majs_756.92_757.41,10.336350914941164,0.1299999999999954,0.7276636036572074,408.21789484410766,318.01778334944964,90.20011149465802,117.36807215507774,35.72176068445984,81.6463114706179,NB
frame_na~w~_757.54_757.78,94.28054039990194,0.0,-0.5567529148854439,407.44851529109087,340.27015634688087,67.17835894421,40.62440481300408,13.547210209219728,27.07719460378435,NB
frame_e_757.78_757.86,26.53270871089495,0.0,0.1196469811879355,406.7570906843037,357.88390568505616,48.87318499924754,13.903309149585,3.789200393806226,10.114108755778773,NB
frame_ra_757.86_758.01,104.0636266668261,0.0,0.11498324953217,397.666317603289,343.60273766642496,54.06357993686407,54.20239003001612,33.20992378006696,20.99246624994916,NB
frame_ko_758.01_758.14,104.46336287228094,0.1499999999999772,-0.6852117621404015,398.9850364966551,348.02646565451835,50.95857084213674,43.37952279219276,24.67759208634412,18.70193070584864,NB
frame_ko~_758.29_758.35,37.69420782926127,0.0,-1.0202755320056254,389.0877139740799,342.91428811572865,46.17342585835121,161.82121966237568,98.1987278662744,63.622491796101286,NB
frame_mu_758.35_758.47,21.002693019271305,0.0,0.0395241278065186,398.6292527363476,347.83640363704046,50.79284909930709,98.3349048755771,50.67156809967943,47.66333677589766,NB
frame_a_758.47_758.5,66.7638186012608,0.0,-0.5742821488583882,367.09903125928986,327.18369199169234,39.91533926759752,2.423287453153278,1.0867933389787794,1.3364941141744993,NB
frame_ko_758.5_758.58,46.30885400776784,0.0,-0.8331777803397672,398.0472749406349,350.6935330632542,47.35374187738063,90.93485824581732,38.97504508505379,51.95981316076351,NB
frame_Re_758.58_758.69,73.43152503930854,0.0,-0.306681342581861,405.316852345894,352.68490798007474,52.63194436581921,7.423069364712816,3.098978973583712,4.324090391129104,NB
frame_sa~w~_758.69_758.85,52.56859850899137,0.0,-0.7759811581705328,403.17031201983554,347.17029812932293,56.000013890512605,8.628609163216936,5.051701627543295,3.576907535673641,NB
frame_mo_758.85_758.96,62.98523055339939,0.0,-0.6852117621387193,403.5209061345558,350.5997642688687,52.92114186568711,4.117514206607893,2.428242736069848,1.6892714705380456,NB
frame_ne_758.96_759.05,77.72407613442509,0.0,-0.3066813425842844,401.0167736570215,352.7069799987203,48.309793658301146,11.357229733128063,5.89494385406617,5.462285879061895,NB
frame_ta_759.05_759.26,76.27976774149991,0.0,-0.0381868389988716,407.491382667671,345.02191593231635,62.46946673535467,45.77236387345729,19.04446607024865,26.72789780320864,NB
frame_ria_759.26_759.37,75.97772140898381,0.0,-0.5240250706166291,403.4299758286229,352.19167282442567,51.23830300419718,2.4837803293647767,1.728944876963567,0.7548354524012097,NB
frame_dZi_759.37_759.44,73.5651470474628,0.0,-0.4273570917512569,405.3041687928767,356.80225222951697,48.501916563359714,1.986416232343629,1.2256528252075611,0.7607634071360678,NB
frame_o_759.44_759.56,67.53358372226889,0.0,0.3505503652669345,406.4968290747196,353.1728085768909,53.32402049782871,10.135820247477866,3.3498311266477714,6.785989120830095,NB
frame_Zi_759.56_759.73,97.27844095746865,1.5799999999999272,0.5393226969024638,391.0385576554987,334.6578880353821,56.38066962011664,14.551900918370755,9.256089901524298,5.295811016846457,TB
frame_si_761.31_761.47,5.074434024201025,0.0,-0.0406851762897686,407.310132600921,351.919206580788,55.39092602013301,62.74467232250959,23.319477004177315,39.42519531833227,NB
frame_fo_761.47_761.68,18.440111194341316,0.0,0.2025843470658865,410.5668008112684,349.6697092930821,60.89709151818624,179.50718340935765,94.25122311750314,85.25596029185452,NB
frame_si_761.68_761.77,25.35774501102705,0.0,-0.524025070617728,385.2166210154557,337.4252553629232,47.79136565253248,27.806806313332544,13.417718612355516,14.38908770097703,NB
frame_u_761.77_761.83,111.3799074313842,0.0,-0.2126398075954974,403.27960153056296,356.91426484319044,46.36533668737252,22.275459297195084,10.275429512554467,12.000029784640615,NB
frame_ne_761.83_761.95,43.44044544433996,0.0,-0.0935171806969627,407.8953306692461,353.68307072350325,54.21225994574286,24.365148913535503,9.323121226668604,15.042027686866902,NB
frame_gO_761.95_762.13,16.884831160498152,0.0,0.0185802628983411,410.6724933868815,351.1201189748299,59.55237441205156,26.65500399784139,7.874465897705591,18.7805381001358,NB
frame_siu_762.13_762.23,106.5613402190136,0.0,-0.5240250706166291,399.79367951031,351.1770157301697,48.6166637801403,2.778890212668109,0.8742364497968609,1.9046537628712483,NB
frame_i_762.23_762.3,33.282049067918564,0.0,-0.1373531551562397,413.5922530655379,366.0434347681969,47.54881829734103,6.6762647277060125,2.0569199573834,4.619344770322613,NB
frame_a_762.3_762.35,10.036048208763532,0.0,-0.4211120603264758,407.9243990438189,363.3577896725132,44.56660937130573,9.97027220485495,5.638400605290343,4.331871599564607,NB
frame_lo~_762.35_762.55,57.58718341823521,0.0,0.797055028869978,409.7043271449059,349.00542332808067,60.69890381682524,54.263231940585726,27.145435107674302,27.117796832911424,NB
frame_Zi_762.55_762.61,88.39889488066612,0.0,-0.524025070617728,389.3541355470603,344.17001240758816,45.18412313947215,28.59568098904326,10.781561797024963,17.814119192018296,NB
frame_majs_762.61_762.92,31.85699904464613,0.0,0.5744935151261658,413.2350179523664,339.43372752684337,73.80129042552306,91.00991054886826,45.54260233031175,45.46730821855651,NB
frame_nOjs_762.92_763.04,9.24094428091746,0.0,-1.7465447124574676,410.7413554922744,358.1369695059425,52.60438598633186,29.302445891170777,13.880280660728545,15.422165230442232,NB
frame_Re_763.04_763.11,12.457038411418893,0.0,-0.7330096663540809,408.684865256246,360.9015995240486,47.78326573219738,18.234878100116305,11.000107382412722,7.234770717703583,NB
frame_se_763.11_763.17,101.4933784354848,0.0,-0.9461738282389792,389.28055929802656,344.510985129107,44.769574168919576,1.182319360393734,0.8079883517234521,0.374331008670282,NB
frame_be~_763.17_763.26,25.11459250108697,0.0,-0.6128865203135357,407.7297991069077,356.7853593048135,50.94443980209411,4.975351022015843,2.275732857949152,2.699618164066692,NB
frame_mus_763.26_763.39,42.19210653615799,0.0,-0.3387217752965055,399.1557744419945,345.5089668595731,53.64680758242139,25.281491511678738,14.395251510762094,10.886240000916644,NB
frame_i~_763.39_763.49,40.86699643580258,0.0,0.7842128877949404,404.4345842807471,353.0098269483516,51.42475733239553,9.887742909454872,6.241394114914755,3.646348794540117,NB
frame_te_763.49_763.6,50.29266124051267,0.0,-0.306681342581861,403.0418613285167,351.23978982017667,51.80207150834002,28.77773282111093,12.067185267440408,16.710547553670523,NB
frame_graw_763.6_763.83,91.61481407114142,1.2199999999999136,-0.4976971045919967,390.05660224049393,328.41766430933546,61.63893793115852,5.120248547688618,2.899813266444042,2.220435281244576,TB
frame_e_765.05_765.13,29.75538054474498,0.0,0.1196469811879355,408.0384768801141,361.0172831380646,47.02119374204944,11.640941121128575,3.893904034296753,7.747037086831824,NB
frame_ra_765.13_765.28,19.57988140041394,0.0,0.0383982052666491,404.0532342236909,349.93304083095063,54.12019339274025,125.02483620100416,73.00015838210948,52.02467781889467,NB
frame_a_765.28_765.31,3.9675221504754745,0.0,-0.5742821488583882,371.9661570572979,330.1288481665662,41.83730889073172,32.45403166578973,16.065548736213742,16.388482929575986,NB
frame_si~_765.31_765.45,86.03307674302422,0.0,0.320814363189605,404.7954536721736,353.3248830432355,51.470570628938106,93.42047244630528,36.53018888710472,56.89028355920056,NB
frame_ki_765.45_765.56,58.41698444857397,0.0,-0.3306891128869838,397.53403744166246,346.8315355800776,50.70250186158489,45.62359467510291,24.336235163301723,21.287359511801185,NB
frame_si_765.56_765.66,70.99394826524968,0.0,-0.2340211340216117,400.3725233199008,351.6877991696116,48.68472415028919,5.533087582584955,2.098256347659344,3.4348312349256105,NB
frame_pro_765.66_765.86,99.0654652065517,0.0,0.2025843470675687,404.2846456360363,347.16778490789824,57.11686072813808,6.118696887454362,2.155906581112518,3.962790306341845,NB
frame_se_765.86_765.99,235.58739870425475,0.0,0.1196469811879355,406.2079510934645,352.8283047323347,53.3796463611298,29.64898255504886,13.270137264475125,16.378845290573736,NB
frame_sa_765.99_766.05,135.72313369764322,0.0,-0.5742821488583882,381.0553402260372,336.35670882716795,44.69863139886928,4.717952384271584,1.9320779820232372,2.7858744022483464,NB
frame_va_766.05_766.28,129.47534484252424,0.7799999999999727,0.5744935151252951,397.46930717665776,335.6540412770793,61.81526589957849,24.773425650069527,14.292984767317506,10.48044088275202,TB
frame_na~w~_767.06_767.23,4.461215595941667,0.0,-0.7759811581730252,410.246707171649,351.3932713692451,58.85343580240391,42.40529167409923,20.93862696927934,21.46666470481989,NB
frame_a_767.23_767.32,18.356660007879043,0.0,-0.1147718832643925,401.576467635686,352.9079233301823,48.66854430550365,82.3525872889557,59.40433700939792,22.948250279557783,NB
frame_vi_767.32_767.47,32.83144902152574,0.0,-0.4273570917512569,412.45348373499866,355.4789051414833,56.97457859351533,54.81153317397073,18.194194932286592,36.61733824168414,NB
frame_a_767.47_767.51,39.99217732594727,0.0,-0.4976971045928673,393.26711464881646,350.5101010997613,42.7570135490551,19.679537233085256,11.83491272015374,7.844624512931517,NB
frame_fu~_767.51_767.71,35.19684421223906,0.0,-0.3173804185986855,408.3770209385506,346.0332700823752,62.34375085617535,23.898370383687364,12.900360202294324,10.998010181393042,NB
frame_du_767.71_767.8,44.30661685582403,0.0,-0.3387217752979389,406.1963244528793,355.48269412435394,50.71363032852537,6.4997469604798965,1.973962006137782,4.5257849543421145,NB
frame_dZi_767.8_767.88,53.13412317468675,0.0,-0.4273570917523559,403.843411529753,355.0841254166214,48.759286113131566,6.707521296399875,2.057865157850159,4.649656138549716,NB
frame_ga_767.88_768.0,55.81967766007021,0.0,-0.4976971045928673,405.49006264946695,351.7826535461998,53.70740910326714,7.094078805360354,3.2128725237505904,3.881206281609764,NB
frame_ra~_768.0_768.1,64.24676402962629,0.0,-0.1182964283077891,401.01687295517047,349.9039069283472,51.1129660268233,11.151533568627856,7.121784057049894,4.029749511577961,NB
frame_tSi_768.1_768.36,82.96662632709332,0.0,1.4093345066919116,390.2699611410028,327.36621353465176,62.90374760635103,23.08471975158386,14.15371885478254,8.931000896801322,NB
frame_a_768.36_768.39,75.58363682003315,1.6900000000000546,-0.5742821488583882,367.1163182557414,327.20028836287173,39.91602989286969,2.536025695882969,1.364047897247005,1.1719777986359643,TB
frame_si_770.08_770.16,23.76099137140312,0.0,-0.4273570917523559,414.1168061873061,363.9009034344836,50.21590275282256,2.499142668509677,1.1159300613478962,1.3832126071617807,NB
frame_ow_770.16_770.28,1.4837104905512035,0.0,-0.0933476893345272,413.3565653098351,360.590295699673,52.766269610162055,14.874996656772254,6.397124200994824,8.47787245577743,NB
frame_ve_770.28_770.45,17.263354601077197,0.0,0.7591394668426303,411.8211538677155,353.24411862985943,58.57703523785608,79.59009361674228,49.08159323105341,30.50850038568888,NB
frame_si_770.45_770.51,50.844723216566734,0.7999999999999545,-0.524025070617728,383.3385507449645,338.9476951311051,44.3908556138594,10.918370268689074,5.940480672533852,4.977889596155222,NB
frame_nOjs_771.31_771.66,31.969278643175954,0.0,0.3716052579711082,409.1849419040752,333.2852270469651,75.8997148571101,83.25998508792136,50.8232865374261,32.436698550495265,NB
frame_ki_771.66_771.77,62.6723877191174,0.0,-0.3306891128869838,405.1801924043904,355.5325335605256,49.64765884386475,2.2671758216899605,0.8398503005551703,1.4273255211347902,NB
frame_tra_771.77_771.95,62.77757425123302,0.0,-0.344527016060955,406.50956620464,347.93241455138934,58.57715165325061,2.6838586353677982,1.5026389479713345,1.1812196873964638,NB
frame_ba_771.95_772.11,79.47354264668255,0.0,-0.1147718832643925,404.8216535356224,348.1676694084168,56.6539841272056,12.388141895509705,5.981340085828734,6.406801809680971,NB
frame_La_772.11_772.35,27.40431013781816,0.0,0.5744935151261658,406.0001822065743,341.6560373384658,64.34414486810846,185.94763458461648,89.82515003620495,96.12248454841152,NB
frame_va_772.35_772.45,37.73241870198426,0.0,-0.4976971045919967,412.8824562661341,360.4688188300224,52.413637436111685,49.64051013403426,35.71518958440355,13.925320549630712,NB
frame_mus_772.45_772.66,78.20451547999123,0.0,0.0395241278065186,403.21541742464194,340.7792377496928,62.43617967494913,33.17051649613737,17.22207131193578,15.948445184201589,NB
frame_e~j~_772.66_772.82,70.04830478988553,0.7599999999999909,-1.0481610286142016,400.95521672350986,345.7541412625445,55.20107546096534,19.87135097009802,9.260034744142985,10.611316225955036,NB
frame_ko~_773.58_773.72,45.546386402916326,0.0,-0.8804808734752657,404.39860979456046,349.6817783361119,54.71683145844855,51.28678218648358,23.487082035958267,27.79970015052531,NB
frame_es_773.72_773.78,22.87444778409443,0.0,-0.9461738282389792,390.848595148992,345.51512388595955,45.33347126303244,43.46614326062334,18.50319453034905,24.96294873027429,NB
frame_ta_773.78_773.84,43.4620410765652,0.0,-0.5742821488575176,381.2003514361655,337.27042839435006,43.92992304181541,36.011820040767134,18.821432389414795,17.19038765135234,NB
frame_be_773.84_773.91,29.10403117069984,0.0,-0.7330096663540809,408.55364125941634,361.5025560712989,47.05108518811744,78.47049400851697,40.28094894733039,38.18954506118658,NB
frame_le_773.91_773.98,66.59778408455014,0.0,-0.9461738282389792,401.7547738557715,353.79395561104184,47.96081824472964,3.5778580712898105,2.465648937320012,1.1122091339697988,NB
frame_si~_773.98_774.04,60.82059877481991,0.0,-0.8376819483263676,401.76537630849975,355.8181451366152,45.9472311718846,6.756848868343695,1.6881748609663705,5.068674007377325,NB
frame_me~_774.04_774.15,16.977043587578606,0.0,-0.1776120120103957,410.923547649817,357.5472589377088,53.37628871210825,28.37863087462526,7.3958398753106,20.98279099931466,NB
frame_tus_774.15_774.24,14.401278544448616,0.0,-0.5908857106985217,392.8876534811569,344.0084791041912,48.87917437696575,3.391979350178985,1.79212779925291,1.5998515509260756,NB
frame_paX_774.24_774.4,17.339199399892976,0.0,-0.4211120603264758,407.6782656739816,352.034398086858,55.643867587123566,16.086820228518107,4.777934533296275,11.308885695221832,NB
frame_tSi_774.4_774.47,28.22734140049772,0.0,-0.4273570917512569,400.4578485837989,355.52468349002754,44.93316509377138,30.17267567715589,17.298187968240512,12.874487708915382,NB
frame_ku_774.47_774.57,7.551709776327158,0.0,-0.5908857106985217,409.52549374571817,357.35962208184714,52.16587166387103,112.25560260444252,23.17479072484275,89.08081187959978,NB
frame_la_774.57_774.75,66.38627589716043,0.0,0.11498324953217,407.5664005644881,348.8335426414974,58.73285792299072,22.706858580676496,11.9726270364727,10.734231544203794,NB
frame_ris_774.75_774.84,22.61968707204264,0.2099999999999227,-0.524025070617728,391.0797581915183,343.18592723523363,47.89383095628466,17.29951757675815,9.950181611198644,7.349335965559504,NB
frame_e~j~_775.05_775.24,43.34765778858287,0.0,0.6929370045983587,413.0674264905792,350.9863753175536,62.08105117302557,303.9739823374463,252.568006383849,51.40597595359728,NB
frame_Re_775.24_775.49,15.22565326365006,0.0,1.8249602762671215,411.5250332296217,343.29254413385075,68.23248909577097,22.191369421831283,7.2815036311044,14.909865790726885,NB
frame_Zi~_775.49_775.79,35.120961786254554,0.0,2.4061077239136144,406.71598544948193,337.32291574912045,69.39306970036148,42.28037535648804,18.53771921878719,23.74265613770085,NB
frame_mi_775.79_775.91,58.94413174597666,0.6600000000000819,-0.1373531551562397,395.3076998543961,342.8230566798099,52.48464317458621,1.2798355877667262,0.8340958061187393,0.4457397816479869,NB
frame_dZi_776.57_776.7,38.87894174965236,0.0,0.1526507814409755,388.5018114847276,337.32315476177376,51.17865672295381,89.32858373958574,72.82076934566201,16.507814393923724,NB
frame_E_776.7_776.79,94.11693877065424,0.0,-0.2666841948660438,416.6951016978901,364.62094591962136,52.07415577826873,260.5500507003983,159.62023436108836,100.92981633930992,NB
frame_dZi_776.79_776.96,61.05807801508573,0.6399999999999864,0.5393226969024638,402.2670654963283,346.75486890982233,55.51219658650598,106.83994810409176,76.39808372378573,30.44186438030605,NB
frame_da_777.6_778.33,33.546833848718805,0.0,4.556915816936732,408.025480300757,290.6386566879379,117.38682361281911,41.09147170959827,20.9629417712341,20.128529938364167,NB
frame_da_778.33_778.77,57.50421368060376,1.1499999999999773,-0.5742821488583882,396.78344684864817,313.0011283432084,83.7823185054398,14.611519754094983,8.015877921039902,6.595641833055083,NB
frame_se_779.92_780.47,78.33444743938479,0.4099999999999681,8.646213456591138,406.05363452195377,310.4622797522728,95.591354769681,19.127089044766763,10.07247495144594,9.054614093320822,NB
frame_e_780.88_781.04,70.29686520003038,0.0,1.8249602762671215,410.5268786787132,353.4485417575752,57.07833692113803,20.155157568880767,14.940478580594387,5.21467898828638,NB
frame_li_781.04_781.12,72.42414649695205,0.0,-0.524025070617728,402.80074472024666,354.88057505258774,47.92016966765891,3.356637541032569,1.9865577945888475,1.3700797464437215,NB
frame_te_781.12_781.38,52.52542478636639,0.1100000000000136,1.6117961143822237,408.20576917361313,346.33286595234176,61.87290322127137,70.86182067012103,52.38381243170679,18.478008238414247,NB
frame_ko~_781.49_781.6,70.11446190473637,0.0,-0.4610968978889548,404.48396866027576,352.59539711030993,51.88857154996583,12.9014132292386,6.6036842080228695,6.29772902121573,NB
frame_so_781.6_781.72,77.51373965105013,0.0,-0.8331777803397672,406.5649634287867,352.0578858374032,54.50707759138351,102.63822771759168,63.599033227246665,39.03919449034502,NB
frame_li_781.72_781.8,82.20772990789014,0.0,-0.524025070617728,394.3576620405784,346.0075901791877,48.350071861390745,3.2699804764595086,1.375562385610806,1.8944180908487027,NB
frame_da_781.8_781.93,85.22724297621494,0.0,-0.1147718832652631,402.4356015090911,350.0616957279913,52.37390578109978,45.945404289693,18.208377928913063,27.737026360779936,NB
frame_sa~w~_781.93_782.09,82.0538559405653,0.0,-0.7759811581730252,403.38913237442233,346.4371041245848,56.952028249837554,16.91726353890327,10.865485501492657,6.051778037410614,NB
frame_du_782.09_782.15,9.09614156612244,0.0,-0.5908857106999551,383.6230732605124,339.1251046852552,44.49796857525723,3.678427751588572,1.849551780787067,1.828875970801505,NB
frame_tra_782.15_782.29,52.58092446211938,0.0,-0.2679419717963048,402.5956087723025,348.3696254913932,54.2259832809093,2.731346380873049,0.7286806413383715,2.0026657395346774,NB
frame_ba_782.29_782.46,65.67867723324613,0.0,0.1915682937976908,403.3365329198979,347.1978617479133,56.13867117198453,71.20222848920918,31.692713200907008,39.50951528830217,NB
frame_Lu_782.46_782.52,106.1180331114608,0.3700000000000045,-0.5908857106999551,382.0493983954287,337.3608911177235,44.68850727770519,3.733995970503308,1.9212253589592336,1.8127706115440745,NB
frame_dajs_782.89_783.02,109.8798563754628,0.0,-0.4976971045919967,397.3476232153276,344.38854513415487,52.95907808117272,20.399418153993167,14.63723085172444,5.762187302268728,NB
frame_lejs_783.02_783.14,95.46219357360825,0.0,-0.9461738282365558,403.74863534949327,350.9002250492564,52.84841030023688,11.824565438274846,5.616185705147203,6.208379733127643,NB
frame_du_783.14_783.21,82.69900374916581,0.0,-0.4648037429975136,381.4774414966492,336.85638756844975,44.62105392819944,131.1138635092084,87.47729485238885,43.63656865681956,NB
frame_tra_783.21_783.36,47.0810213936978,0.0,-0.344527016060955,401.8123325319119,346.9714353488754,54.84089718303653,8.361106923239987,2.1793804406364075,6.18172648260358,NB
frame_ba_783.36_783.46,51.75113851748017,0.0,-0.2679419717954341,403.92218627844767,355.09381264827,48.82837363017768,83.45722851458919,41.15020736001537,42.30702115457382,NB
frame_Lu_783.46_783.55,3.3016988409422368,3.400000000000091,-0.2126398075969308,394.8742570796573,348.65996964325444,46.214287436402856,47.91999519715091,33.730830529810845,14.189164667340066,NB
frame_E_786.95_787.3,28.667540427182672,0.0,1.3495836528041885,397.0688707855858,322.7350373399095,74.3338334456763,105.6338632914276,52.27135984309683,53.36250344833076,NB
frame_si_787.3_787.44,80.40802510598337,0.0,-0.4273570917512569,411.1050276027803,354.8623272218257,56.2427003809546,1.3568446945231685,0.6721160715725247,0.6847286229506437,NB
frame_ow_787.44_787.56,27.93837287080484,0.0,-0.8331777803414494,413.6018615189786,359.29435462386147,54.30750689511712,23.7608010460084,8.021786311335177,15.73901473467322,NB
frame_ve_787.56_787.75,9.424409079085478,0.0,0.545975304957732,411.36026806137096,351.7567651310113,59.60350293035964,16.551791399098292,5.635846463816023,10.915944935282267,NB
frame_si_787.75_787.89,80.97698485598667,0.0,-0.4273570917523559,382.6855042533056,330.8953251159676,51.79017913733804,1.4916501347553108,0.7330648163177997,0.7585853184375111,NB
frame_fu~_787.89_788.05,34.60427721207567,0.0,-0.3173804185993301,407.6274522950639,350.9600302208494,56.66742207421447,61.72349236577746,16.11488467345987,45.60860769231759,NB
frame_du_788.05_788.15,38.59746614021918,0.0,-0.0865578398959227,407.3474334297224,354.90380430105813,52.44362912866427,0.9383424548462784,0.5616646605524096,0.3766777942938688,NB
frame_dZi_788.15_788.23,38.74099972600219,0.0,-0.3306891128858849,405.1857251650925,357.62876931574976,47.55695584934273,10.058078358096566,3.186999743355969,6.871078614740597,NB
frame_ga_788.23_788.34,29.353171894212597,0.0,-0.4976971045919967,409.6419106373353,357.20615525970334,52.43575537763195,6.705682700967046,2.800094344563206,3.90558835640384,NB
frame_ra~_788.34_788.46,36.10536489303489,0.0,0.3201600582673732,405.4254637223399,354.0821978043568,51.3432659179831,10.790193410496514,5.038183200281537,5.752010210214976,NB
frame_tSi_788.46_788.61,126.8165304131478,0.0,-0.1373531551551407,412.49386834164585,355.01850728072986,57.47536106091599,259.41886652276503,168.8379580474113,90.58090847535374,NB
frame_a_788.61_788.66,14.134656688377405,0.0,-0.4211120603273465,395.967444734037,350.5271017005215,45.440343033515546,25.85824074660603,16.586014370318523,9.272226376287506,NB
frame_ko~_788.66_788.75,55.29194720763945,0.0,-1.0202755320056254,399.8523618848691,349.34159668240574,50.51076520246335,91.65893816422027,60.81562811494999,30.843310049270286,NB
frame_mu_788.75_788.83,23.22735403048721,0.0,-0.5908857106985217,403.53282273113433,354.3656773543145,49.1671453768198,8.687538474644299,6.294165661606655,2.393372813037644,NB
frame_a_788.83_788.87,31.947810424740297,0.0,-0.4976971045928673,400.6951543600146,355.8750814481932,44.82007291182151,0.4287427989573302,0.2668248943230367,0.1619179046342935,NB
frame_o_788.87_789.05,14.264779385956473,0.0,1.2383464744749046,407.8984215979039,349.11220829542333,58.786213302480576,71.71794072781601,26.458847974150075,45.25909275366594,NB
frame_Zi_789.05_789.13,13.128218960880671,0.0,-0.524025070617728,393.3999096318062,345.8731076319164,47.52680199988981,8.009523571097674,6.2887406976618365,1.7207828734358372,NB
frame_nOjs_789.13_789.35,27.4246181913058,0.0,0.0185802628983411,406.1167905715935,344.06932508165306,62.047465489940464,16.010484853074473,6.81581833534085,9.194666517733625,NB
frame_te_789.35_789.42,58.83446879717407,0.0,-0.7330096663540809,403.3976976155515,355.53499439536563,47.86270322018589,2.9882459011606386,1.710318849490875,1.2779270516697636,NB
frame_ri_789.42_789.53,19.7221099560862,0.0,-0.0406851762908676,412.5416596999962,358.3944113289225,54.14724837107372,28.040561063706438,13.751212306062882,14.289348757643552,NB
frame_a_789.53_789.56,32.43415663767348,0.0,-0.5742821488583882,395.3797585796787,351.43715450558955,43.94260407408916,2.379159469194491,1.0688135067243252,1.3103459624701657,NB
frame_mus_789.56_789.71,24.323439081130918,0.0,-0.2126398075969308,404.7052129442292,350.2159619426817,54.48925100154747,18.911935587850337,10.49355586303875,8.418379724811587,NB
frame_Re_789.71_789.82,33.16962746278837,0.0,-0.0935171806969627,407.50394540235766,354.6893444396615,52.81460096269615,80.73031624232749,54.1911807908274,26.539135451500087,NB
frame_se_789.82_789.98,21.967392440330173,0.0,-0.5198455044667593,407.9080667945316,351.8574850202823,56.05058177424922,28.845667498392288,15.363057510815196,13.482609987577092,NB
frame_bi_789.98_790.22,16.704527134154972,0.0,0.5393226969024638,399.520557501855,337.9496520511576,61.57090545069747,27.02875840010296,14.608981881961483,12.419776518141475,NB
frame_du_790.22_790.35,17.60990562425144,0.2899999999999636,0.2916880632085348,396.1931291492607,343.3235494105937,52.86957973866697,28.34187879496477,11.654631593862264,16.687247201102508,NB
frame_dZi_790.64_790.73,0.0079822404437948,0.0,-0.4273570917523559,409.1171572094639,358.89826809904446,50.21888911041947,80.01430440191089,14.228042525581856,65.78626187632904,NB
frame_a_790.73_790.85,9.923018872212566,0.0,0.11498324953217,401.8907883238013,351.90173241970825,49.98905590409299,22.278812346009573,14.396867714772355,7.881944631237218,NB
frame_koR_790.85_791.04,0.9070250269215024,0.0,-0.0933476893345272,407.5135571263433,348.7456942431743,58.767862883169016,5.808973197846086,2.276495314133172,3.5324778837129145,NB
frame_du_791.04_791.11,1.5816840835164785,0.0,-0.464803742998947,389.0647677762868,344.7606317183988,44.30413605788806,19.960344553863838,7.345540676254217,12.614803877609615,NB
frame_ko~_791.11_791.28,20.672417994152998,0.0,-0.1815075808330034,404.757958115032,345.8090317279431,58.94892638708893,5.857210242188728,3.090655815639792,2.766554426548936,NB
frame_ujs_791.28_791.37,1.1329750803293166,0.0,-0.5908857106999551,408.2624673068162,357.56493976215825,50.69752754465805,10.029062833301056,5.818999740817617,4.210063092483438,NB
frame_de_791.37_791.46,9.098679403790271,0.0,-0.5198455044667593,407.5863866099734,358.4980835301063,49.0883030798671,17.45403154520625,10.21461258735468,7.239418957851569,NB
frame_pO_791.46_791.74,9.824944105155808,0.0,0.1950927604337213,407.74322860630417,338.0376697692671,69.70555883703707,28.144802743796305,18.583703269908213,9.561099473888092,NB
frame_zi_791.74_791.8,72.61720787076158,0.0,-0.524025070617728,384.9437601078332,341.6931306470669,43.25062946076633,0.7947018786469897,0.4895429942019262,0.3051588844450634,NB
frame_tus_791.8_792.01,34.155190010120975,0.0,0.0395241278065186,395.6941558283219,334.59348353319194,61.10067229512998,66.19084031535058,27.83537935570108,38.35546095964951,NB
frame_ba~_792.01_792.16,5.372254488844703,0.0,0.3201600582648809,401.6329766240164,346.99229209095995,54.6406845330564,24.683603486023685,10.86279633721523,13.820807148808456,NB
frame_ka_792.16_792.32,51.45921921013809,0.0,-0.2679419717954341,401.4400478591375,345.92655901108554,55.51348884805191,44.90386509719747,24.429318292456717,20.474546804740758,NB
frame_rius_792.32_792.44,43.30839450562263,0.0,-0.524025070617728,393.2161912897684,340.44078720947664,52.77540408029176,6.012693277615114,3.6831475872500334,2.32954569036508,NB
frame_du_792.44_792.5,30.5357690964117,0.0,-0.5908857106999551,397.47341747869126,352.4119203193085,45.06149715938278,4.192187904800775,1.6820828638961558,2.5101050409046195,NB
frame_ra~_792.5_792.6,31.93479341167001,0.0,-0.1182964283077891,403.1709226054252,352.38093712747093,50.7899854779543,17.622183884833674,8.742757738556406,8.879426146277268,NB
frame_tSi_792.6_792.66,71.40703190835146,0.0,-0.524025070617728,386.7099039454688,341.6069623012893,45.102941644179566,19.61211075354108,17.041471537133567,2.570639216407514,NB
frame_a_792.66_792.69,65.51393260405132,0.0,-0.5742821488575176,372.9057551552174,332.29872670645415,40.60702844876323,3.3683374874961345,1.951427318398956,1.4169101690971786,NB
frame_ke_792.69_792.79,24.538127699511637,0.0,-0.7330096663540809,401.51671925115386,352.3253760642424,49.19134318691147,5.611683325894049,3.752637669021965,1.859045656872084,NB
frame_li_792.79_792.86,33.9204099033866,0.0,-0.524025070617728,391.87625199961786,346.8705089726963,45.00574302692155,1.0891866744813257,0.5150348631691202,0.5741518113122055,NB
frame_te~_792.86_793.13,9.291290098965971,0.0,1.3458487670530688,402.26751118700906,335.79385589440136,66.4736552926077,50.864085337036286,26.04984504781329,24.814240289222997,NB
frame_pu_793.13_793.37,12.23968966310332,1.2899999999999636,0.7960159340125671,398.19904437545154,336.35579568694203,61.84324868850951,115.0528064293888,75.32821512384103,39.724591305547776,TB
frame_to_794.66_794.73,0.4505693432353155,0.0,-0.9811437985424974,395.9005507141277,349.10017124076325,46.80037947336445,105.74054006557816,69.288642518458,36.45189754712016,NB
frame_du_794.73_795.26,2.4072346233878648,0.5199999999999818,5.082802835851141,392.7771962724994,299.78487427477444,92.992321997725,158.05027145190516,56.19132297400071,101.85894847790443,TB
frame_uu~_795.78_795.85,171.91373378165972,0.0,-0.4648037429975136,395.9782906358338,350.1403533914805,45.83793724435333,19.77143637839984,9.53375303624884,10.237683342151,NB
frame_pro_795.85_795.98,141.9264223865407,0.0,-0.8331777803414494,393.7545828751458,341.9402644711282,51.81431840401763,135.8028751771276,79.00933534205173,56.79353983507586,NB
frame_fe_795.98_796.37,76.83269145586846,0.0,-0.306681342581861,410.0166180423336,330.4872370198592,79.52938102247435,260.0522953346274,144.8225165851702,115.2297787494572,NB
frame_soX_796.37_796.55,26.317557371703717,0.0,-0.5372457439393534,412.7325929727882,354.52187090981283,58.21072206297538,268.3096953485333,50.05778256506562,218.2519127834677,NB
frame_kwa~_796.55_796.72,66.57474162548553,0.0,0.3201600582673732,415.37067843503513,355.1354915340484,60.23518690098672,57.51277002531401,19.44014630260574,38.07262372270827,NB
frame_du_796.72_796.78,18.48286761419976,0.0,-0.5908857106999551,411.2931871220114,362.9884664148965,48.30472070711494,15.425288800905491,7.65873571971963,7.766553081185862,NB
frame_noR_796.78_797.0,73.93269420241344,0.0,0.6464824016723948,416.2730640143725,350.78245143703793,65.49061257733462,65.71008794405788,31.29465423055717,34.415433713500704,NB
frame_maw_797.0_797.51,41.05717844148438,0.0,0.0383982052657785,412.630437381277,321.06152326210986,91.56891411916718,95.30883676433244,53.64030598957359,41.668530774758864,NB
frame_me~_797.51_797.59,147.45842868829072,0.0,-0.8305237744626316,390.8411722241683,343.035156669862,47.80601555430633,114.84823581051435,63.53956968340303,51.30866612711133,NB
frame_tSi_797.59_797.74,82.49645955751134,0.1899999999999408,0.3459867391717197,405.888681021329,349.47309432913414,56.41558669219484,31.85756048647582,24.613838830176974,7.243721656298845,NB
frame_si_797.93_798.0,131.22413136749995,0.0,-0.4273570917523559,412.3007039189987,363.3185699431147,48.98213397588398,6.205212369869031,2.5615353292692475,3.643677040599784,NB
frame_e~_798.0_798.15,18.288327784544435,0.0,1.3458487670530688,415.4953908322841,358.8197435350663,56.67564729721772,46.07424369251149,24.94447790402762,21.129765788483866,NB
frame_pres_798.15_798.45,4.868369126858198,0.0,0.9723036287275286,410.0938210280075,339.89439348106066,70.19942754694682,25.44672733689453,14.897090899434488,10.549636437460038,NB
frame_ta_798.45_798.59,9.785977381392629,0.0,-0.4976971045919967,412.2835127119389,357.0370145765019,55.24649813543698,151.810890407839,29.59105501415931,122.2198353936797,NB
frame_dZi~_798.59_798.73,6.3694491604061625,0.0,-0.3742834237183981,413.4568349030908,356.99762321719004,56.45921168590076,37.52458675028208,17.030144560737085,20.494442189545,NB
frame_Jej_798.73_798.93,4.8165450983172775,0.0,-0.7330096663540809,412.8373538424354,350.4521313734647,62.38522246897071,20.017657144660603,7.760979986239164,12.25667715842144,NB
frame_ru_798.93_799.01,13.824289143758932,0.0,-0.464803742998947,405.4370432921752,357.07279449233755,48.36424879983764,4.176226015601458,3.006335230327551,1.1698907852739069,NB
frame_dZi_799.01_799.17,9.35771444003737,0.0,-0.2340211340216117,410.1543619877144,352.3451854949128,57.80917649280156,33.74742662895568,9.403479400694636,24.343947228261044,NB
frame_aw_799.17_799.27,22.663283021147866,0.0,-0.5742821488575176,405.9833893882395,354.5799724096564,51.403416978583095,8.321979762258565,5.964960177319881,2.3570195849386835,NB
frame_ge~j~_799.27_799.56,15.88318329590561,0.5,1.128211512901499,410.22804479859707,342.20245218558256,68.02559261301451,58.239583934911735,24.691442188485667,33.54814174642607,NB
frame_kwajs_800.06_800.29,196.4722046793422,0.0,-0.344527016060955,414.4812438647501,349.11405477538403,65.3671890893661,63.48957694283615,32.11948338233424,31.370093560501918,NB
frame_ajs_800.29_800.4,100.5694470289908,0.0,-0.5742821488575176,401.8043549356328,352.77038515043927,49.03396978519351,41.21528577318276,19.460907818418438,21.754377954764323,NB
frame_ko~_800.4_800.57,24.09974666234933,0.0,0.2378763947548967,413.78316694134026,356.44591578009965,57.33725116124066,95.28547830937892,40.78414803672735,54.50133027265159,NB
frame_dZi_800.57_800.63,168.72106716790287,0.0,-0.524025070617728,383.2648645650979,339.1937129851812,44.07115157991672,2.8946017491396105,1.685047375830706,1.2095543733089045,NB
frame_so~j~s_800.63_800.7,9.958761301681989,0.0,0.0,410.6327997862418,362.59892996164575,48.03386982459608,13.553520424069632,2.7910056481300387,10.762514775939591,NB
frame_dZi_800.7_800.89,18.533782969935856,0.0,-0.880480873476855,414.66418856519886,354.14752587493206,60.5166626902668,45.99195170405173,25.69947739934065,20.29247430471108,NB
frame_pa_800.89_801.07,23.72703182042017,0.0,-0.1147718832643925,412.4731280820011,353.175263136086,59.29786494591508,35.689927460571965,25.745510698591715,9.94441676198025,NB
frame_ga_801.07_801.22,40.13427883236525,0.0,0.11498324953217,410.1036207437783,353.4675592339827,56.63606150979558,11.00374545076997,4.445720254769498,6.558025196000472,NB
frame_me~_801.22_801.41,29.203690097840195,0.0,1.128211512901499,411.2008736004167,350.75239965603305,60.44847394438364,16.942714220662538,2.8431151522046605,14.099599068457875,NB
frame_tu_801.41_801.47,38.667115749022685,0.0,-0.5908857106999551,388.07580402450463,342.95581019955955,45.11999382494509,8.567133606090266,6.404981861667068,2.1621517444231984,NB
frame_ki_801.47_801.56,10.233281022067644,0.0,-0.524025070617728,408.40837685080055,359.9343239974364,48.47405285336413,7.041588153509167,5.9061015823751575,1.1354865711340096,NB
frame_ajs_801.56_801.65,27.411728088643912,0.0,-0.5742821488575176,387.9245735751381,341.31958288356435,46.60499069157373,16.771422706447623,5.820071114779353,10.95135159166827,NB
frame_pe_801.65_801.79,34.68155168897596,0.0,-0.0935171806993861,407.13261658100527,355.31261968148414,51.81999689952113,35.606070103323674,18.2239385674159,17.382131535907774,NB
frame_so_801.79_801.96,132.63702815421144,0.0,-0.8331777803397672,408.83241287334783,350.80435806407723,58.0280548092706,5.72688602734317,3.722820716237578,2.004065311105592,NB
frame_as_801.96_802.06,61.38801002806417,0.0,-0.2679419717963048,392.5719079452665,342.8148475709762,49.75706037429029,25.06867325866213,17.231058149812213,7.837615108849917,NB
frame_pro_802.06_802.24,70.158882164923,0.0,-0.6852117621404015,409.0048457899734,348.0522482234926,60.95259756648079,115.22969845827012,47.29310550225546,67.93659295601466,NB
frame_po~j~_802.24_802.51,41.97113150481644,0.0,-0.4610968978905441,403.9515506021325,335.3984452849564,68.55310531717606,153.21107397813066,52.39051711244383,100.82055686568684,NB
frame_m_802.51_802.54,54.03887193196266,2.3799999999999955,0.0,379.5075279611384,337.7428614753235,41.764666485814985,3.122206756648524,1.634962962692185,1.4872437939563383,TB
frame_be~j~_804.92_805.3,23.134911830425168,0.2900000000000773,-0.1776120120079214,412.99406878459126,334.0610439588558,78.93302482573546,51.91457363328533,26.271094720651877,25.64347891263345,NB
frame_a_805.59_805.86,32.55235466272575,0.0,1.2637589135158536,413.3866748943073,342.5481971925988,70.83847770170843,103.64161599333907,76.78448588466611,26.857130108672976,NB
frame_i_805.86_806.03,68.20607459920527,0.0,0.82932663349858,408.27140804470616,352.0554555852468,56.21595245945935,142.5132435741734,69.93172609780555,72.58151747636785,NB
frame_kwa~_806.03_806.24,19.790896240116183,0.0,0.100931814979792,413.4855328752319,351.53935439741207,61.946178477819785,9.831684100406193,2.988738887762281,6.842945212643912,NB
frame_du_806.24_806.3,49.49558627805541,0.0,-0.5908857106999551,393.9005858027851,347.73228878580755,46.16829701697753,17.81911093747763,7.753439211867729,10.065671725609905,NB
frame_si_806.3_806.44,21.393845872682448,0.0,-0.5240250706166291,409.336006647718,354.73686662397023,54.59914002374774,3.0242568781890498,1.6684270626148816,1.3558298155741682,NB
frame_e~_806.44_806.53,44.91561707927831,0.0,0.0400252421411743,401.9109568700324,352.5432201534754,49.36773671655703,35.22795683681761,17.706536728288214,17.521420108529398,NB
frame_pres_806.53_806.8,54.516962352173394,0.0,0.3328111430728338,407.9893878690881,341.89071063995806,66.09867722913003,6.682751338102207,3.83535558307014,2.847395755032068,NB
frame_ta_806.8_806.94,63.06597851206253,0.0,-0.1147718832643925,408.5775989323133,355.9537629288297,52.62383600348363,58.721225946651415,41.66743111248827,17.053794834163142,NB
frame_dZi_806.94_807.05,21.67201304088013,0.0,-0.3306891128869838,411.47998835980405,360.17504386766933,51.30494449213472,34.22342202046556,14.203268470146613,20.020153550318952,NB
frame_aw_807.05_807.28,150.9160269845548,0.0,-0.0381868389988716,410.99702583421566,346.843463929772,64.15356190444368,585.2761792403891,369.2080623640355,216.0681168763536,NB
frame_ge~j~_807.28_807.69,50.225677242030216,1.2199999999999136,-1.265798282768246,412.9928305784601,331.666897400619,81.32593317784108,100.51996031125351,66.06755629059673,34.452404020656786,NB
frame_an_808.91_809.54,98.86821948504654,1.2100000000000364,3.791065374280653,408.2450440895347,303.4550673514067,104.78997673812802,58.709484655798505,38.26667851985282,20.442806135945688,NB
frame_si_810.75_810.99,25.82362666393593,0.0,0.1526507814409755,417.3797710978289,349.7095709025368,67.67020019529213,17.251950674913274,6.821308107070962,10.430642567842312,NB
frame_foX_810.99_811.55,18.05375847209733,1.2800000000000864,3.605802765695037,413.9132358421591,315.7425981333208,98.17063770883829,90.47087325081104,45.4128978364338,45.05797541437724,NB
frame_u~_812.83_812.92,0.7192349174525816,0.0,-0.2606844690522449,410.6801270598331,360.9292463688034,49.75088069102964,13.703420237251564,7.517877051131691,6.185543186119872,NB
frame_ma_812.92_813.1,15.833496645468344,0.0,0.11498324953217,410.7288393481708,352.13125072378364,58.59758862438719,42.05937848142027,22.10998690002566,19.949391581394607,NB
frame_di_813.1_813.21,14.019422989993856,0.0,-0.1373531551551407,419.1885011571539,364.77828326100246,54.41021789615144,9.29934720281446,3.918261697945411,5.3810855048690485,NB
frame_vi_813.21_813.35,29.081008411108684,0.0,-0.1373531551551407,408.0754516309509,353.92716422319063,54.14828740776028,21.30547023921811,5.911083461764804,15.394386777453306,NB
frame_da_813.35_813.53,22.53099929708561,0.0,0.11498324953217,409.1734085638427,351.0210226754946,58.152385888348135,98.51673310219472,42.6936651384186,55.82306796377614,NB
frame_paX_813.53_813.79,365.9993056091998,0.0,0.3447383823287325,409.3400159172718,343.12936450368056,66.21065141359122,595.8419249432044,187.0695343493808,408.7723905938236,NB
frame_tSi_813.79_813.88,29.35362080710121,0.0,-0.3306891128869838,403.9515006559672,354.73319247243177,49.21830818353544,11.233893150939238,5.054257947441101,6.179635203498137,NB
frame_ku_813.88_814.01,13.866200310361222,0.0,-0.5908857106999551,407.11196957919617,352.464240646131,54.6477289330652,5.238129800710041,3.9898461572182953,1.248283643491746,NB
frame_laX_814.01_814.41,6.763842689792838,1.580000000000041,-0.0381868389997423,404.7063006468546,325.305087155698,79.40121349115657,90.73815778863226,30.864431817933397,59.873725970698864,NB
frame_de_815.99_816.18,23.442937869521785,0.0,1.185467790612427,411.81627027974525,353.959516686414,57.85675359333129,16.906619083624363,7.605798171893355,9.300820911731009,NB
frame_pe~_816.18_816.33,18.22491836871445,0.0,0.2576624962952186,414.066608477764,356.87599389820457,57.19061457955945,44.9379722983176,30.30030953528926,14.637662763028343,NB
frame_dZi_816.33_816.4,14.550781986444548,0.0,-0.4273570917523559,409.8048209728196,361.5761097905562,48.2287111822634,5.979535822149501,3.311608510701774,2.667927311447727,NB
frame_dajs_816.4_816.62,23.850234592223075,0.0,-0.191356927530784,409.3245457098355,347.7954254356833,61.529120274152206,19.92605358752735,6.647799913819171,13.278253673708178,NB
frame_ko~_816.62_816.77,0.2419409330888129,0.0,-0.0417129223026438,411.9413947390625,354.2994044613983,57.64199027766415,22.018594305015554,8.604682865019527,13.413911439996028,NB
frame_dZi_816.77_816.86,33.73980867720432,0.0,-0.2340211340205127,401.7522159141247,352.5023942546853,49.24982165943936,84.9232573494297,55.64653767121696,29.276719678212743,NB
frame_so~j~s_816.86_816.94,79.50324224615485,0.0,0.0,384.4673446980129,336.92985062481745,47.53749407319543,8.799435762473024,2.8763933430696724,5.923042419403352,NB
frame_ki_816.94_817.22,3.862414377104159,0.0,-0.1815075808330034,409.7858356545906,338.5417771474758,71.24405850711486,87.17068080752692,53.82123216179065,33.349448645736274,NB
frame_ajs_817.22_817.36,2.403928550048022,0.0,-0.191356927530784,405.18787386162217,352.3421367089624,52.84573715265981,33.9449466463996,23.202312266861185,10.742634379538416,NB
frame_du_817.36_817.46,20.29782715828898,0.0,-0.0865578398944894,407.0405666883023,355.61246108772895,51.4281056005733,13.21752344842318,4.397775969119493,8.819747479303686,NB
frame_as_817.46_817.61,69.30926561542749,0.0,-0.191356927530784,403.06782111675966,348.7658504057737,54.30197071098604,65.79148263811601,47.07243434142637,18.719048296689635,NB
frame_paX_817.61_817.85,45.55223419411398,0.0,-0.1147718832652631,403.2113654892267,340.14430008213424,63.06706540709246,55.3002533347175,18.63186575185661,36.668387582860895,NB
frame_tSis_817.85_817.96,6.823578807602956,0.0,-0.524025070617728,398.4286638703232,348.63479195812505,49.79387191219814,115.4254400925324,26.18744374432984,89.23799634820257,NB
frame_a_817.96_818.08,0.4879631523723162,0.0,0.11498324953217,403.2641166294415,351.84528494788754,51.41883168155397,4.382403974447328,0.9640465143486096,3.4183574600987185,NB
frame_seX_818.08_818.28,21.428997611747462,0.0,-0.0935171806969627,405.18718790170783,345.9962267995137,59.190961102194194,92.31054825328866,55.47945333301723,36.83109492027143,NB
frame_ta_818.28_818.48,60.54667657531084,0.0,0.1915682937976908,401.8400521230676,341.6038473613117,60.2362047617558,16.007570942035727,6.030771001161526,9.9767999408742,NB
frame_re~j~_818.48_818.59,55.36639467619754,1.740000000000009,-1.265798282768246,386.5562637643824,336.85911735484166,49.69714640954072,1.1895942398266754,0.2742046854192921,0.9153895544073832,TB
frame_ew_820.33_820.44,52.9887358670469,0.0,-0.5198455044691827,408.1561180957662,358.2259076682092,49.93021042755703,6.923414987196452,3.936654820595393,2.9867601666010586,NB
frame_po_820.44_820.6,35.062908684695984,0.0,-0.2413137075355752,410.6083830107288,354.2542286531895,56.35415435753925,8.354909912583139,2.7656509414998,5.589258971083339,NB
frame_su_820.6_820.68,9.6216720130395,0.0,-0.464803742998947,387.7167502272977,340.19908644438493,47.51766378291279,135.3023831226647,49.72657238605439,85.57581073661032,NB
frame_pe_820.68_820.85,47.16743234824662,0.0,-0.0935171806969627,408.6805710528946,351.74021485533564,56.94035619755897,24.248900957209244,15.654947362906997,8.59395359430225,NB
frame_dZiX_820.85_821.02,45.81930901075738,0.0,0.0559828025756034,409.9892536718891,351.8718785858593,58.11737508602977,17.995222325594142,6.961205830375022,11.03401649521912,NB
frame_dZi~_821.02_821.09,47.2354276511103,0.0,-0.8376819483237334,405.2741949209947,356.8044807111908,48.46971420980395,6.409720198561118,2.371494411313805,4.038225787247313,NB
frame_Jej_821.09_821.23,44.28357088476159,0.0,-0.9461738282365558,408.91771404011126,354.72608674943274,54.191627290678525,6.111987712338333,2.412390131658228,3.6995975806801056,NB
frame_ru_821.23_821.29,49.77235524404965,0.0,-0.5908857106999551,408.4386093574287,361.3377995672205,47.10080979020819,4.565096338056193,2.766179097184008,1.7989172408721856,NB
frame_e~_821.29_821.32,65.70373387612504,0.0,-1.2657982827657717,381.6201369457175,339.494924704945,42.1252122407725,3.671309765520192,1.9666843944607135,1.7046253710594783,NB
frame_pres_821.32_821.59,67.80450200803567,0.0,-0.9461738282389792,408.6578567672324,341.21517631768336,67.44268044954902,49.323423607639945,23.837675086384976,25.48574852125497,NB
frame_ta_821.59_821.79,58.80547131373558,0.0,0.1915682937976908,405.1925447139309,345.58835196035875,59.60419275357219,4.436611499897666,2.462431390803488,1.9741801090941775,NB
frame_du_821.79_821.86,55.52850563474316,0.0,-0.5908857106999551,403.474929114166,357.24677669492,46.22815241924599,0.7849885517481141,0.5003850892406376,0.2846034625074765,NB
frame_a_821.86_821.89,55.90419037104648,0.0,-0.5742821488583882,394.5332656073132,350.41732139582376,44.11594421148942,1.90632448411354,0.7096982737688933,1.1966262103446468,NB
frame_u~_821.89_821.92,60.72475317115372,0.0,-0.6008601663347557,387.9970838161416,344.7566110315444,43.24047278459727,1.4367281890450698,0.5662970360456683,0.8704311529994015,NB
frame_ma_821.92_822.07,31.007118735207012,0.0,-0.1913569275299133,402.13374650192,348.42948238039475,53.70426412152523,103.18372589947072,74.77794836952508,28.40577752994565,NB
frame_pe_822.07_822.19,38.03084073529895,0.0,-0.306681342581861,408.26822723391376,356.5857462705947,51.68248096331905,17.61273049278651,8.792800083350187,8.819930409436324,NB
frame_so_822.19_822.53,26.51367730729808,0.0,1.3863124926759527,410.12144273383217,335.9900604606538,74.13138227317836,109.16936049565854,38.4271979224504,70.74216257320813,NB
frame_a_822.53_822.61,95.23136018255244,0.2100000000000363,-0.1913569275299133,380.6433087962382,334.98420301744306,45.65910577879509,8.80758400980001,4.828720747460665,3.9788632623393454,NB
frame_paX_822.82_823.02,43.6134067671926,0.0,-0.4211120603264758,403.1885798780906,344.89160353282506,58.296976345265534,136.2844829838012,101.98976559836584,34.294717385435376,NB
frame_tSi_823.02_823.1,52.31805946355793,0.0,-0.3306891128858849,400.991982370398,352.7663374878722,48.225644882525785,36.73896125424244,21.50004673682352,15.23891451741892,NB
frame_ku_823.1_823.2,15.586047376605762,0.0,-0.5908857106985217,407.358174806513,355.15159841330114,52.20657639321195,80.51506927221081,48.60863876680315,31.906430505407656,NB
frame_laR_823.2_823.34,23.493609196581616,0.0,-0.191356927530784,407.9923477806232,352.1899576287585,55.8023901518647,16.45713178221412,4.955669815870209,11.50146196634391,NB
frame_me~_823.34_823.51,24.57847337090564,0.0,0.4752997504467886,411.32327983828793,352.5583144113512,58.764965426936726,80.82432129322166,27.72970136500533,53.09461992821633,NB
frame_tSi_823.51_823.57,36.66526129810845,0.9099999999999682,-0.5240250706166291,385.1859460659143,341.0227386783149,44.16320738759941,19.07184400103398,11.02396805629644,8.047875944737541,NB
frame_i_824.48_824.56,45.85897261581292,0.0,-0.0406851762908676,409.2710353687042,359.84253821145955,49.42849715724464,23.97421450199738,11.336971411933009,12.637243090064374,NB
frame_e~_824.56_824.79,12.341956582578632,0.0,3.086946800268103,413.3955852201293,349.1608283291399,64.23475689098939,38.720465982359045,12.664333395175705,26.056132587183345,NB
frame_tri_824.79_825.1,54.89781074735765,0.5799999999999272,0.9259946123650512,407.9875629226341,338.3700516194855,69.61751130314866,16.02951583701612,7.1989344994558735,8.830581337560247,NB
frame_u_825.68_825.78,33.96109560561226,0.0,0.2916880632085348,413.5967490351103,360.653602774566,52.94314626054432,15.18835161412224,8.743151355723839,6.445200258398401,NB
frame_mew_825.78_825.96,14.252332521080092,0.0,-0.5198455044691827,413.5427012580942,355.42418752206896,58.11851373602525,52.53342544537267,12.831694658769862,39.70173078660281,NB
frame_pres_825.96_826.19,6.822047829744662,0.0,-0.0935171806993861,412.2429994806478,349.46004246199374,62.78295701865409,44.19058386929628,17.431006966285878,26.7595769030104,NB
frame_ta_826.19_826.31,11.400168797224095,0.0,-0.4211120603273465,410.8741985123015,356.1056565756953,54.7685419366062,20.310133906902223,9.463686374425665,10.84644753247656,NB
frame_mis_826.31_826.55,51.11393919664776,0.0,0.1526507814409755,406.4396517518094,341.6403171600565,64.79933459175288,29.03166623725751,16.191009093801114,12.840657143456395,NB
frame_ta_826.55_826.69,13.994762716115218,0.0,-0.2679419717954341,412.5058551729102,357.67799674212563,54.82785843078455,8.311098131767181,3.4636607078645625,4.847437423902619,NB
frame_i_826.69_826.8,18.38263774616263,0.0,0.2493187603052486,412.9606356377396,359.71830834781343,53.24232728992615,15.393160662449262,9.324574690935547,6.068585971513713,NB
frame_ew_826.8_827.04,37.84786029604686,0.650000000000091,-0.5198455044667593,409.4682452677721,345.6268461775735,63.84139909019859,62.945157180721935,26.04467546130587,36.900481719416064,NB
frame_nOjs_827.69_827.87,33.61505505893149,0.0,-0.6874697272451864,408.0829450546696,350.2949312105692,57.78801384410036,10.608164829806556,5.366559731663159,5.241605098143396,NB
frame_es_827.87_827.93,94.70307293607055,0.0,-0.9461738282389792,383.62823355336906,338.53059836000057,45.09763519336849,1.2894330442540465,0.2512462571287557,1.0381867871252908,NB
frame_ta_827.93_828.02,24.25038095227441,0.0,-0.4211120603273465,412.21933291110827,361.4948708344798,50.72446207662841,15.05939560916471,9.51600585832091,5.543389750843801,NB
frame_be_828.02_828.12,4.69484793040948,0.0,-0.7330096663540809,408.90214138146064,360.0134331080014,48.88870827345926,28.527052221342785,9.482307789045135,19.044744432297648,NB
frame_le_828.12_828.26,19.59257912700926,0.0,0.1196469811879355,410.9018581500528,358.9508519003908,51.95100624966199,24.044252797528657,9.23808946965704,14.806163327871616,NB
frame_se~_828.26_828.45,5.303836525348743,0.0,-0.3952492661594914,410.9418150728872,350.04192003564947,60.89989503723774,37.77511357517992,20.52768466699871,17.247428908181206,NB
frame_mus_828.45_828.68,23.226796067718823,0.7600000000001046,-0.4648037429975136,403.93530087850695,341.2185981126691,62.71670276583785,13.685354018247692,4.507213787981328,9.178140230266363,NB
frame_i_829.44_829.75,147.28172420200153,0.0599999999999454,2.182678337614888,394.7456536839156,325.9782770488114,68.76737663510426,212.90371925402852,65.93532065541791,146.96839859861063,NB
frame_po_829.81_829.94,237.59955554332225,0.0,-0.2413137075355752,411.9243323886531,356.4361332116368,55.48819917701633,227.27390250300093,70.74239109002554,156.53151141297542,NB
frame_de~_829.94_830.08,19.49572135494583,0.0,-0.3952492661594914,413.62090821863546,358.0493763180103,55.57153190062519,27.704251243354605,12.196091617692248,15.508159625662358,NB
frame_mus_830.08_830.25,14.890510290835124,0.0,-0.4648037429975136,411.92321695784153,353.45186246872515,58.47135448911632,64.92139000941947,38.68477212172044,26.236617887699023,NB
frame_a_830.25_830.4,49.20649395949836,0.0,0.3447383823287325,407.478833869536,355.0137482095444,52.46508565999159,11.51994159851266,7.286570719513307,4.233370878999352,NB
frame_tE_830.4_830.78,15.118418984335335,0.0,1.2252553568296638,411.1771663340334,331.4585782415963,79.71858809243713,123.619911209094,75.55033990647723,48.06957130261678,NB
frame_fa_830.78_830.97,55.08497787289591,0.0,-0.0381868389988716,407.8820981783927,349.4185289280871,58.46356925030557,59.17805942049542,21.14317677266104,38.03488264783439,NB
frame_zeX_830.97_831.1,1.758362524468879,0.0,-0.5198455044667593,416.7902683462575,360.4192529954788,56.37101535077864,42.33548476689481,17.710053500602356,24.62543126629245,NB
frame_u~_831.1_831.17,2.3468612667857656,0.0,-0.3740763681464152,407.4931718109501,359.20792140081346,48.285250410136655,14.92898676878488,9.445368852392392,5.48361791639249,NB
frame_ma_831.17_831.32,49.22488532113458,0.0,-0.0381868389988716,406.3856999008302,351.6237298048171,54.7619700960131,34.868893263443425,20.49655995195876,14.372333311484669,NB
frame_si~_831.32_831.47,13.630308473610938,0.0,0.0891151008869372,411.1899224277698,355.2340043934424,55.9559180343274,11.49158713970067,7.67630610882,3.815281030880669,NB
frame_plis_831.47_831.6,1.473469721161564,0.0,-0.5240250706166291,397.4817247014221,344.54522148536785,52.93650321605429,35.35412044636658,18.444867110076643,16.909253336289936,NB
frame_de_831.6_831.69,25.196685920256783,0.0,-0.306681342581861,409.865607351488,360.06991890328004,49.7956884482079,17.81929491154952,8.422885117364643,9.396409794184876,NB
frame_kla_831.69_831.85,27.003324717068693,0.0,-0.2679419717954341,408.129337524672,351.0117709774584,57.11756654721353,13.306315555631985,3.6194504749450687,9.686865080686914,NB
frame_ra_831.85_832.01,40.67644520703506,0.0,0.1915682937976908,404.8210901117275,350.2487191195555,54.57237099217196,9.916110676152528,4.872237359442039,5.0438733167104886,NB
frame_sa~w~_832.01_832.18,28.30040625731526,0.0,-0.5567529148829516,406.8241743069511,347.7862343362433,59.037939970707725,11.416866432340813,7.575767600184676,3.841098832156135,NB
frame_dZi_832.18_832.25,1.4684479352900723,0.0,-0.4273570917523559,407.46954269610336,360.6248027547615,46.84473994134186,20.29627956519903,8.718015227138181,11.578264338060848,NB
frame_di_832.25_832.31,1.8974412853109757,0.0,-0.524025070617728,395.9932660832536,349.51640138032616,46.4768647029274,18.769228063286533,13.217963350997394,5.551264712289139,NB
frame_vi_832.31_832.51,2.4134575387113277,0.0,0.732658654633208,406.6028486923582,347.20827316940426,59.39457552295392,60.832188023669445,33.578509794727495,27.25367822894195,NB
frame_da_832.51_832.64,47.794913633397385,0.0,-0.1913569275299133,410.8772324506026,357.0183619093882,53.8588705412144,7.615559842198735,3.203138585694319,4.412421256504416,NB
frame_dZi_832.64_832.83,9.803137604831193,0.0,0.732658654634307,403.6268045550656,344.8005313393818,58.82627321568384,87.48653678847839,52.92012245377515,34.56641433470324,NB
frame_ze~_832.83_833.03,25.323460604944387,0.0,1.5634860212046389,410.6047928610843,348.19605942511794,62.40873343596638,26.078338644702328,6.365455719870795,19.712882924831533,NB
frame_du_833.03_833.15,64.74004160675335,0.0800000000000409,0.1656060955075267,400.2151457887473,348.2086792202167,52.00646656853058,11.347871713670015,6.433205303956157,4.91466640971386,NB
frame_ki_833.23_833.45,43.53523174557749,1.099999999999909,1.0226625912304232,393.883231085558,333.6012794993519,60.28195158620605,14.570769416897676,10.784873785239668,3.785895631658008,NB
frame_ew_834.55_834.88,13.277228205969408,0.0,4.596094380775647,403.5162516001407,330.12896924891777,73.38728235122284,41.65150798192472,9.583585379146172,32.06792260277855,NB
frame_fu_834.88_835.01,5.101101210946624,0.0,-0.5908857106999551,407.5372076118669,354.0668873296675,53.4703202821994,2.641122243195156,2.1626976537492624,0.4784245894458934,NB
frame_la~_835.01_835.15,3.6268782825863752,0.0,0.7586165448425357,408.3166477368139,353.2601704751348,55.05647726167911,4.66218592800071,2.6663944761515097,1.9957914518492004,NB
frame_nu_835.15_835.26,19.237775563255568,0.0,-0.3387217752979389,408.92984565936126,357.8856277009479,51.04421795841336,7.942654257282328,2.368996328639668,5.57365792864266,NB
frame_dZi_835.26_835.32,15.492092215650942,0.0,-0.5240250706166291,382.8136522775517,337.5676889442557,45.24596333329606,12.447831265945013,7.739242350355909,4.708588915589104,NB
frame_taw_835.32_835.65,14.07104244607136,0.0,0.3447383823287325,408.9717987211257,333.4272594619828,75.54453925914282,24.92323107846053,15.550210700358434,9.373020378102098,NB
frame_de_835.65_835.77,16.614726559121763,0.0,-0.3066813425842844,405.8964037867871,353.7845090934481,52.11189469333897,16.780953163930576,7.0902055503205474,9.690747613610029,NB
frame_kla_835.77_835.96,5.757385482826777,0.0,-0.1913569275299133,405.85940537609713,346.07320227158687,59.78620310451032,11.377003667223091,6.536217191690923,4.84078647553217,NB
frame_ru_835.96_836.08,5.297560301337484,0.0,0.0395241278065186,401.7203764016861,352.4703302533865,49.25004614829959,8.18637758748649,3.800990187490001,4.385387399996489,NB
frame_teX_836.08_836.24,6.967780464228838,0.0,-0.0935171806969627,407.2063231146282,351.6462843651114,55.56003874951682,26.652101585723216,14.23669663824016,12.415404947483054,NB
frame_Re_836.24_836.34,7.696497097342345,0.0,-0.5198455044667593,405.93927164263687,354.9617858929334,50.97748574970348,22.405324239309195,10.76016281557861,11.645161423730585,NB
frame_se_836.34_836.49,6.173014820269373,0.0,-0.7330096663540809,407.002192522075,351.2799022296133,55.72229029246171,3.6635500005005497,0.9242881544199548,2.739261846080595,NB
frame_bi_836.49_836.64,13.571619036807974,0.0,-0.0406851762897686,404.5448452481953,348.7369009754989,55.80794427269649,102.32029313761392,73.98945323304252,28.33083990457139,NB
frame_du_836.64_836.7,69.52854468335323,0.0,-0.5908857106985217,394.1514184851572,347.4996835742752,46.651734910882,1.1420294766550327,0.7719020115185842,0.3701274651364485,NB
frame_du_836.7_836.78,14.037269634071135,0.0,-0.3387217752979389,403.8259600980963,354.986879181526,48.83908091657031,9.253911699757651,3.42514878247556,5.828762917282091,NB
frame_se_836.78_836.84,69.54879523915109,0.0,-0.9461738282365558,381.9576199760983,337.1689480000432,44.78867197605507,1.8706719911314948,1.046067375403176,0.8246046157283189,NB
frame_JoX_836.84_837.01,12.051886625077811,0.0,0.2025843470675687,407.6284090573808,351.1537042252675,56.47470483211328,13.9746982684929,4.7148488594057625,9.259849409087138,NB
frame_fu_837.01_837.09,14.86554255120005,0.0,-0.5908857106985217,402.67045345731833,355.8687562497343,46.80169720758403,3.427911314893109,1.6470169463622142,1.780894368530895,NB
frame_la~_837.09_837.19,10.223340621978366,0.0,-0.3375246715953703,406.669622760004,355.24663938781515,51.42298337218887,5.354895386784435,2.279766572704077,3.075128814080358,NB
frame_nu_837.19_837.33,3.203365195521428,0.0,-0.3387217752965055,406.92509044852807,352.8069968499625,54.11809359856551,17.501399512874016,8.913123470039423,8.588276042834593,NB
frame_dZi_837.33_837.39,0.6334114696214215,0.0,-0.524025070617728,382.05372317656014,337.6801276499499,44.373595526610245,0.7536878399503166,0.3188505284267364,0.4348373115235802,NB
frame_taw_837.39_837.59,11.716916711299334,0.0,-0.4976971045919967,405.7039050303872,343.62783213887826,62.07607289150894,20.60053742112788,10.293004212476175,10.307533208651703,NB
frame_a_837.59_837.67,10.839260713619623,0.0,-0.191356927530784,398.5723370413657,352.57840407726854,45.99393296409716,56.74400949969986,34.199818481644,22.54419101805585,NB
frame_tSi_837.67_837.73,67.56262016834718,0.0,-0.524025070617728,378.7715580154134,334.26467308625973,44.50688492915367,2.301700391939228,1.0252798403786445,1.2764205515605838,NB
frame_tu_837.73_837.81,11.325036356287567,0.0,-0.5908857106999551,405.5369681919672,355.96418696965543,49.57278122231179,4.218780732162131,1.656469072418517,2.5623116597436137,NB
frame_lu_837.81_837.87,68.63475830181405,0.0499999999999545,-0.5908857106999551,384.8037931621549,340.6731426334992,44.130650528655735,26.21047314080576,14.682035960291104,11.528437180514658,NB
frame_dZi_837.92_837.98,16.166295226345397,0.0,-0.524025070617728,406.38555835097645,359.1826464791708,47.20291187180567,3.8371448679627775,2.9516318251548483,0.8855130428079292,NB
frame_e~_837.98_838.04,22.47130142443893,0.0,-0.6128865203135357,395.3714498763537,350.5378455531053,44.83360432324838,3.9593986234251446,1.8225987685680565,2.136799854857088,NB
frame_prEs_838.04_838.32,11.53099786528621,0.0,-0.1423558988908125,404.6626662557827,338.157358113016,66.5053081427667,87.20260802389537,23.93902613442445,63.26358188947091,NB
frame_tSi~_838.32_838.38,11.869382718592448,0.0,-0.8376819483263676,383.45879018936034,339.28204297646414,44.1767472128962,10.251153715929604,2.999874804663534,7.25127891126607,NB
frame_mu_838.38_838.44,3.5157448524443566,0.0,-0.5908857106985217,401.8281347022634,355.21961320357366,46.60852149868987,76.12950893802395,51.605965154521584,24.52354378350236,NB
frame_a_838.44_838.47,22.1289645438784,0.0,-0.5742821488583882,389.919014047758,346.30730090061223,43.611713147145736,1.9628014998799015,1.32576598417657,0.6370355157033316,NB
frame_i~_838.47_838.51,17.610599284082227,0.0,-0.6059826860236999,383.09807065095634,340.7005571568987,42.39751349405765,21.670870662911568,9.267382817384558,12.40348784552701,NB
frame_poX_838.51_838.73,19.65765225598092,0.0,0.0546183288665207,402.8319600816381,341.5093453642097,61.3226147174284,10.084361744915228,3.5478917900291407,6.536469954886087,NB
frame_ta~_838.73_838.88,28.496152702498108,0.0,0.3201600582673732,406.43628318501504,351.06850634863963,55.36777683637541,7.555921380933327,3.413676030085071,4.142245350848256,NB
frame_sia_838.88_839.01,5.482849956303156,0.0,-0.524025070617728,402.7311819365112,352.9552376223712,49.77594431414002,9.188870693105812,3.1998533811171086,5.989017311988704,NB
frame_dZi_839.01_839.17,15.02636259618427,0.0,0.4426547180370918,405.9964588950613,351.07695011684405,54.91950877821722,12.366305383401624,4.554525054050288,7.811780329351336,NB
frame_ta~_839.17_839.39,53.77205605532504,0.0,2.073986004568023,408.2554085692943,345.10338201892085,63.15202655037342,45.78164561528527,17.691110856518065,28.090534758767205,NB
frame_tu_839.39_839.47,32.650223913185414,1.909999999999968,-0.4648037429975136,381.9674094121908,335.7987660180865,46.16864339410432,158.51522690394182,57.63310260680768,100.88212429713414,NB
frame_ku_841.38_841.59,4.775633517900133,0.0,0.0395241278065186,412.50344407755705,351.19078533214935,61.3126587454077,45.98844532526162,19.632272430355243,26.35617289490638,NB
frame_Zu_841.59_841.7,0.6090046701192193,0.0,-0.2126398075954974,414.0230797628112,361.36557066036266,52.65750910244856,17.197708283274665,5.356933454242608,11.840774829032055,NB
frame_pa_841.7_841.85,1.1663392431858313,0.0,-0.2679419717954341,410.501464590548,355.4612439328726,55.04022065767538,16.408715810845308,8.965938488249662,7.442777322595646,NB
frame_ga_841.85_841.98,8.91829640467364,0.0,-0.1913569275299133,410.9121222681681,356.4779820273662,54.43414024080192,7.506234637586061,2.7315040764889886,4.774730561097073,NB
frame_me~_841.98_842.18,3.9500675998704367,0.0,1.128211512901499,407.3734759908636,347.70185763694496,59.67161835391863,8.964579266754981,5.404887426107706,3.5596918406472757,NB
frame_tu_842.18_842.4,32.636525377452585,0.0,0.6699339663115591,406.5791877153393,344.64085248027965,61.93833523505964,7.4563505907487695,6.029648917995928,1.4267016727528414,NB
frame_o_842.4_842.47,1.0687822010744412,0.0,-0.3892797257366233,406.3668366364072,358.27592814086336,48.090908495543886,2.592491805791468,0.9506800920313764,1.6418117137600916,NB
frame_be_842.47_842.59,2.455397658121228,0.0,-0.306681342581861,409.7946700456983,357.11957410501617,52.67509594068213,10.36051305264604,2.872726952420237,7.487786100225804,NB
frame_de_842.59_842.74,0.6177909664776564,0.0,0.1196469811879355,411.9118412006916,355.65048084345904,56.26136035723255,15.666975391430071,3.5936164332018734,12.073358958228198,NB
frame_se_842.74_842.89,7.245754225691854,0.0,-0.5198455044691827,410.1583406499186,352.65712737064564,57.50121327927303,13.658477319047606,6.995217709688291,6.663259609359315,NB
frame_ra_842.89_842.96,11.741880157146513,0.0,-0.5742821488575176,405.4024226384116,356.78003025613367,48.62239238227789,3.579332515742365,1.2879260427655763,2.2914064729767887,NB
frame_ajs_842.96_843.12,6.4543986222416265,0.0,-0.0381868389997423,403.3337231505344,347.8780326353416,55.45569051519277,19.49259073228434,6.897591989349564,12.594998742934775,NB
frame_se_843.12_843.2,19.26077388057084,0.0,-0.7330096663516575,397.3663251813258,351.02000048550315,46.34632469582266,11.565539685574464,7.293880911339613,4.271658774234851,NB
frame_gi~_843.2_843.36,2.1563869786324403,0.0,0.5525136254922727,406.1850135876423,348.961807618536,57.22320596910623,24.986976348939574,9.230952000567896,15.756024348371682,NB
frame_tSis_843.36_843.48,54.83743006804988,0.0,-0.524025070617728,383.39327041866704,333.5672900048115,49.82598041385552,88.80879448238507,59.79359648400498,29.01519799838009,NB
frame_ko~_843.48_843.65,4.724667160595857,0.0,0.2378763947548967,406.2563124736251,349.2425516848323,57.01376078879281,33.330367671732134,14.435209823501452,18.89515784823068,NB
frame_dZi_843.65_843.75,62.16064522502143,0.0,-0.1373531551551407,389.1248126684104,339.70859348860193,49.41621917980842,89.29231649703172,63.98737129526336,25.30494520176837,NB
frame_so~j~s_843.75_843.79,80.99527264853386,0.5300000000000864,0.0,377.683650714907,335.6854870409833,41.99816367392373,1.6147660118597216,1.1658571319353044,0.4489088799244172,TB
frame_dojs_844.32_844.59,3.651262240575818,0.4800000000000182,-0.3892797257383054,409.239321834271,339.3322660114437,69.90705582282732,41.30446926013623,18.69733136889863,22.6071378912376,TB
frame_po~_845.07_845.65,80.71716175581447,0.0,5.829662735910477,406.3154502519831,306.93098507138967,99.38446518059342,160.44343215815084,141.2120410272026,19.231391130948232,NB
frame_tus_845.65_846.02,28.156104419964294,0.0,-0.2126398075954974,394.658085307749,318.6702996518184,75.98778565593062,196.37355250778975,75.8892821519602,120.4842703558296,NB
frame_i_846.02_846.17,33.65183502978856,0.0,0.635990675767836,412.8655357324294,355.74116381078335,57.12437192164606,21.004599050100552,11.329679244369643,9.674919805730909,NB
frame_a_846.17_846.3,28.02595874235135,0.0,0.1915682937976908,410.3326226031728,356.36163504971194,53.97098755346087,13.384838059814214,7.141014404131312,6.243823655682903,NB
frame_i_846.3_846.53,20.671473143157243,0.5600000000000591,1.4093345066919116,406.7818883704631,344.69659399703505,62.08529437342804,100.43156624003628,47.65034095482369,52.781225285212585,NB
frame_sa~w~_847.09_847.34,0.678879136404376,0.0,-0.5567529148854439,407.831477930623,340.76464624685457,67.06683168376838,10.318747436479228,5.072190780808384,5.246556655670844,NB
frame_es_847.34_847.41,8.078473237366197,0.0,-0.7330096663540809,387.4076443769852,341.5293956771432,45.87824869984195,16.27018181054278,9.816622159861751,6.453559650681029,NB
frame_pe_847.41_847.51,5.732814639352597,0.0,-0.3066813425842844,408.3096832951295,358.90338173297056,49.406301562158944,18.624990162097347,11.34525593721608,7.279734224881267,NB
frame_si_847.51_847.57,5.030975563506217,0.0,-0.5240250706166291,389.81010031972585,344.53321233991545,45.2768879798104,3.534574003063682,1.7123234953370172,1.8222505077266649,NB
frame_fi_847.57_847.67,0.2646790514066595,0.0,-0.2340211340216117,406.7448121801076,355.32937566431406,51.41543651579354,15.027619603905748,9.733584626077771,5.294034977827977,NB
frame_ka_847.67_847.77,9.426846178224563,0.0,-0.3445270160618257,395.0268763144294,344.59988632555815,50.42698998887124,4.865213175382095,2.820841359158308,2.044371816223787,NB
frame_das_847.77_847.99,14.938438585834689,0.0,0.0383982052666491,405.91639525435255,342.3902913173441,63.52610393700843,3.4289828286200787,1.4707411131699644,1.9582417154501144,NB
frame_ajs_847.99_848.13,1.2156244545561066,0.0,-0.1913569275299133,403.0271344228671,351.9432551476218,51.08387927524524,6.647362314956766,3.3756618680316564,3.2717004469251094,NB
frame_ko~_848.13_848.29,3.3833536871458136,0.0,0.0980817362261264,405.773631391453,348.461334899145,57.31229649230801,6.265036036530489,2.5515886987453484,3.7134473377851407,NB
frame_dZi_848.29_848.36,19.77591682370432,0.0,-0.4273570917523559,385.55556691222665,338.8607922109839,46.69477470124275,94.65600917252476,52.81048500943631,41.84552416308845,NB
frame_so~j~s_848.36_848.42,62.24984139965449,1.490000000000009,0.0,380.6598711877219,336.91150212269133,43.74836906503055,0.5216982835465132,0.18470080497314,0.3369974785733731,TB
frame_u_849.91_850.03,11.35266418149638,0.0,0.543851998610551,408.8486467702601,357.6787958342147,51.16985093604541,11.656510947586838,4.403488015186412,7.253022932400427,NB
frame_pra_850.03_850.37,21.98061279489997,0.0,1.034003780719291,414.5867901274057,335.68066387350564,78.90612625390008,33.775531371935415,18.45988785219336,15.315643519742054,NB
frame_zu_850.37_850.52,9.791692731916214,0.0,0.2916880632085348,408.9789905774814,355.18975701266896,53.789233564812434,10.20366291047904,5.6748478285418855,4.528815081937154,NB
frame_pa_850.52_850.62,10.935459918015797,0.0,-0.5742821488583882,411.242680979646,359.0090666479829,52.23361433166315,4.773913502843186,3.608063632273939,1.1658498705692466,NB
frame_ra_850.62_850.71,2.347463516759433,0.0,-0.344527016060955,408.6576796930456,360.0054300116506,48.652249681395006,8.367791680036305,5.045852506382772,3.321939173653533,NB
frame_u_850.71_850.74,,0.0,-0.5908857106999551,375.323148791614,332.59034474740906,42.73280404420496,,,,NB
frame_pa_850.74_850.84,7.546188692449562,0.0,-0.4211120603264758,409.138680137766,359.0558722750247,50.08280786274133,12.406041154735108,7.819286650724592,4.586754504010514,NB
frame_ga_850.84_850.96,15.9634572184884,0.0,-0.344527016060955,414.7570575682085,359.73092605043274,55.02613151777575,22.918895980048603,4.2163600590940575,18.702535920954546,NB
frame_me~_850.96_851.26,5.498087885415572,0.0,2.869309546116533,411.20111959648057,339.1583839820913,72.04273561438924,13.579433540871634,5.712001957287015,7.867431583584619,NB
frame_tu_851.26_851.41,37.8883000783547,0.0,-0.5908857106999551,408.86365759818784,352.0437881394387,56.81986945874911,51.82079550340815,37.78233101543943,14.038464487968724,NB
frame_E_851.41_851.55,35.93605445228188,0.0,0.0441365450709742,407.1761305202264,352.7339867895196,54.44214373070673,15.480669296092543,4.890080903075017,10.590588393017526,NB
frame_dZi_851.55_851.72,42.52805366900039,0.0,0.4426547180370918,402.2870096226146,345.49302645428213,56.79398316833249,7.636504197003447,3.411256142367222,4.225248054636225,NB
frame_ta~_851.72_851.86,48.31289357145072,0.0,-0.3375246715953703,406.211504794629,353.00816852099433,53.203336273634704,12.456262792498563,4.9438645650381545,7.512398227460409,NB
frame_tu_851.86_851.98,32.63756236640066,0.0,-0.3387217752965055,390.4763511544885,339.94330823486723,50.53304291962127,38.57390793790847,23.31779244591169,15.25611549199678,NB
frame_te~_851.98_852.26,61.34008743441274,0.0,1.9987605295077788,407.4510442686641,338.63889238749425,68.81215188116983,24.93525842993617,8.413609101494174,16.521649328441995,NB
frame_pu_852.26_852.89,57.40015725727642,0.4500000000000455,2.8133274172301297,402.8182435933774,300.155561208392,102.66268238498544,16.971977009622236,7.355706590652005,9.616270418970233,NB
frame_u_853.34_853.56,12.151619414240542,0.0,1.804671675620632,415.26570319453015,351.99793579584247,63.26776739868768,42.71564208266474,13.44935471762787,29.266287365036877,NB
frame_Zu_853.56_853.89,7.475238479189585,0.0,2.056835611024081,415.11990103756136,339.50789916668094,75.61200187088042,58.19913117996798,15.86069950476255,42.33843167520543,NB
frame_ru_853.89_854.0,20.905371298576824,0.0,0.0395241278065186,411.3047835231262,360.4198420790437,50.88494144408253,19.23616638308411,7.065514871839753,12.170651511244358,NB
frame_se_854.0_854.2,5.610815462199895,0.0,0.3328111430728338,406.5294306888102,345.7594771092892,60.76995357952097,34.01412205788256,17.512602572400766,16.501519485481793,NB
frame_ra_854.2_854.42,8.633123429112914,0.0,0.6510785593908159,401.9121071637709,340.6315059461871,61.28060121758381,8.944623477992963,3.529798882739385,5.414824595253577,NB
frame_taw_854.42_854.88,14.61022150618166,0.6000000000000227,0.3447383823287325,405.7439011035094,318.83552349293313,86.90837761057622,24.543529878735995,8.524247660871168,16.019282217864827,NB
frame_ve~_855.48_855.82,24.31247183210523,0.0,1.563486021207113,407.738868559177,333.9296299883439,73.80923857083309,65.65509732597161,22.92193758222679,42.73315974374483,NB
frame_si_855.82_855.96,2.9677961826494084,0.0,-0.1373531551551407,403.4133851088694,349.9242085963366,53.48917651253282,21.4990778387359,10.457715862015904,11.041361976719998,NB
frame_du_855.96_856.07,6.840781958557514,0.0,-0.2126398075954974,401.3928576604921,350.99805566238985,50.39480199810225,8.655957297138784,4.282383208387145,4.373574088751639,NB
frame_dZi_856.07_856.14,2.4189894023638203,0.0,-0.4273570917523559,416.6701979511941,367.199868381628,49.47032956956605,6.36514201283984,2.7409562764381405,3.6241857364016994,NB
frame_ma_856.14_856.27,1.8168996272448796,0.0,-0.4976971045928673,405.4729749038237,350.89379655741715,54.579178346406536,8.929900114323829,3.291627905269735,5.638272209054094,NB
frame_nej_856.27_856.39,6.853362239572419,0.0,-0.306681342581861,408.4285812288899,354.68940105177745,53.73918017711247,9.358559987346382,3.5075434128500262,5.851016574496356,NB
frame_ra_856.39_856.55,6.932131569986467,0.0,0.1915682937976908,405.83634496385616,350.8546274877481,54.98171747610803,7.782637808686985,4.842579686334517,2.940058122352468,NB
frame_taw_856.55_856.91,13.7581283761168,3.340000000000032,-0.3445270160618257,405.0816925493065,328.3754523760036,76.70624017330294,24.262390375145078,8.304208219782879,15.958182155362197,NB
frame_po_860.25_860.4,1.027929443151976,0.0,-0.0933476893345272,413.23055344630455,357.35297812055586,55.87757532574869,10.8417845437028,6.193281312442224,4.648503231260577,NB
frame_de_860.4_860.54,19.929628148673658,0.0,0.3328111430704104,413.1920817515691,358.213733225681,54.97834852588812,16.163547507629772,4.05540302267633,12.108144484953442,NB
frame_ra_860.54_860.79,22.94754644602679,0.0,0.8808336921873785,406.8749138353655,342.5568330274591,64.31808080790637,20.535736274568563,7.661838881895932,12.873897392672632,NB
frame_a_860.79_860.82,80.72793607985159,0.0,-0.5742821488575176,405.50019690745705,361.8002329373605,43.69996397009652,0.934360684001014,0.5983044763175016,0.3360562076835123,NB
frame_veX_860.82_861.28,21.291276867858983,0.0,2.6776169238091385,407.48694181249925,323.9517562564739,83.53518555602534,43.67966272287092,13.64977033689192,30.029892385979,NB
frame_u~_861.28_861.37,39.452320873162,0.0,-0.2606844690516004,398.8142991902257,349.4615196238407,49.35277956638504,0.6856398764811615,0.4136169927238171,0.2720228837573444,NB
frame_ma_861.37_861.51,50.71192477828127,0.0,-0.2679419717963048,391.0158002982055,345.2959985361641,45.71980176204136,14.00646670060712,7.834769001596456,6.1716976990106645,NB
frame_teX_861.51_861.7,290.28311112717097,0.0,0.3328111430704104,405.46862986526975,347.67638959489574,57.79224027037401,37.227109952470926,17.338687732822393,19.888422219648533,NB
frame_sej_861.7_861.8,32.277519738067426,0.0,-0.9461738282389792,409.5154791993295,357.8564229947616,51.65905620456789,6.288901239168879,3.630906676117661,2.6579945630512185,NB
frame_ra_861.8_861.87,33.98521456106802,0.0,-0.4976971045928673,404.3047492210828,357.27062790806747,47.03412131301536,3.981863616750189,2.523217516687552,1.4586461000626372,NB
frame_ko~_861.87_862.07,22.769027443645825,0.0,0.0980817362261264,402.9342348979464,343.06619623343784,59.8680386645085,22.23989973466369,12.163250490998196,10.0766492436655,NB
frame_dZi_862.07_862.14,87.17792770530077,0.0,-0.524025070617728,382.8478833558807,336.4789318721372,46.3689514837435,2.68584727014359,1.2891998505458917,1.3966474195976986,NB
frame_sa~w~_862.14_862.35,5.299369514689488,0.0,-0.5567529148854439,404.16469404718896,341.9180043131605,62.24668973402845,21.73793250353495,5.775301707770836,15.962630795764111,NB
frame_po_862.35_862.49,35.561910504746976,0.0,0.2025843470675687,405.9449390958236,352.38777275416044,53.55716634166316,9.473528637339484,3.2941503606613765,6.179378276678108,NB
frame_dZi_862.49_862.6,68.38846636834874,0.0,-0.1373531551551407,403.8161843608822,352.17387842643643,51.642305934445744,35.83665971383617,22.66487178281092,13.17178793102525,NB
frame_E_862.6_862.74,61.39086118799804,0.0,0.0441365450709742,398.000273432444,346.45891981588005,51.54135361656398,9.379828734048344,4.608695914942288,4.771132819106057,NB
frame_E_862.74_862.91,52.49604473728908,0.1299999999999954,0.230628989032761,391.7092678277992,336.2914497012012,55.41781812659798,18.075989396641333,10.24143497397978,7.834554422661554,NB
frame_pa_863.04_863.24,85.65736937544814,0.0,-0.4976971045928673,398.8432985362658,338.8288988748342,60.01439966143164,32.85815182893178,22.281084386305796,10.577067442625989,NB
frame_re_863.24_863.33,73.86604165134392,0.0,-0.306681342581861,397.7116273833906,348.8131980516399,48.89842933175066,5.082486965025439,2.185102813921773,2.8973841511036653,NB
frame_seX_863.33_863.75,75.81180923718772,0.0,3.956601895118528,406.1053094127515,323.14504493549265,82.96026447725887,61.43890928132232,40.30330737183384,21.13560190948849,NB
frame_E_863.75_864.09,21.935247909291547,0.0,1.287419504817633,397.5042269265292,324.45895264887463,73.04527427765453,572.9532433731641,450.1394004582924,122.81384291487174,NB
frame_po_864.09_864.26,73.63825854444333,0.0,-0.3892797257383054,400.6501988184028,344.3168126759593,56.33338614244354,44.98290169504883,22.99142489206288,21.99147680298595,NB
frame_dZi_864.26_864.32,67.67857404441479,0.0,-0.5240250706166291,398.6304105135589,352.74655027113687,45.88386024242197,1.0120726833113594,0.2431628794501534,0.7689098038612059,NB
frame_a_864.32_864.35,81.32083239488766,0.0,-0.5742821488583882,370.6289017147234,328.89183068066825,41.737071034055134,3.8898156904707264,1.3363234226862062,2.55349226778452,NB
frame_pa_864.35_864.45,44.09246606255718,0.0,-0.5742821488575176,400.2301086966958,349.9566867562273,50.273421940468495,98.71428966962326,70.1240064021442,28.59028326747905,NB
frame_re_864.45_864.56,57.9588827179754,0.0,0.1196469811855121,400.5160319070383,349.49172162417744,51.02431028286082,9.436520089043428,2.5171577919001606,6.919362297143266,NB
frame_seX_864.56_864.78,55.845450763135005,0.0,0.545975304957732,404.7510777620138,343.5535481349449,61.19752962706895,80.51147801970257,38.39586053686807,42.115617482834494,NB
frame_Es_864.78_864.94,59.27920617001894,0.0,-0.0801917509035502,401.8494308723324,346.2179837988408,55.63144707349153,6.071796616602342,1.7590204038029356,4.312776212799406,NB
frame_ta_864.94_865.08,46.73012319764332,0.0,-0.2679419717954341,399.4393326879619,348.5519290031332,50.88740368482871,14.767989903847392,6.345579943899054,8.42240995994834,NB
frame_a_865.08_865.13,99.01933111147912,0.0,-0.4211120603273465,398.7232694106931,353.60568775136534,45.11758165932776,4.578143210406985,3.276487011444054,1.301656198962931,NB
frame_ki_865.13_865.3,27.289792183161254,0.6600000000000819,0.2493187603052486,400.8443907111413,346.04439921147605,54.79999149966528,76.0628719003151,47.79907610937097,28.26379579094413,NB
frame_po_865.96_866.1,14.905138847046176,0.0,0.0546183288665207,408.6322109833816,354.5321482023255,54.10006278105607,8.680605436158174,3.1222049325521226,5.558400503606052,NB
frame_de_866.1_866.21,3.1352591257931977,0.0,-0.306681342581861,410.337050405533,357.7725255346022,52.56452487093071,5.867174152328119,2.827884852890321,3.0392892994377974,NB
frame_ra_866.21_866.28,7.678048082184944,0.0,-0.4976971045928673,407.085585559236,359.2335190304718,47.85206652876411,3.1044751860344206,2.0971998116306168,1.007275374403804,NB
frame_a_866.28_866.42,4.983345467731397,0.0,0.2681533380632117,406.1352860472789,352.256770362401,53.87851568487781,37.25175686712764,11.429786818062666,25.821970049064973,NB
frame_veX_866.42_866.74,11.09965045207639,0.0,2.2512886000369186,413.1740420236835,338.0557539941244,75.11828802955915,42.99566457077513,10.646948504020628,32.348716066754506,NB
frame_a_866.74_867.54,23.41190113508958,0.0,5.3227662595919405,407.9332294822979,284.8662810298365,123.06694845246142,529.4664171712632,470.0801506932951,59.38626647796811,NB
frame_ko~_867.54_867.65,33.544080412879765,0.0,-0.3213022393617737,403.1425654477048,350.2210196578609,52.92154578984389,14.581426980372669,7.93574069743471,6.645686282937959,NB
frame_mu_867.65_867.71,23.400672726437463,0.0,-0.5908857106985217,380.7329818977451,337.2460868399227,43.48689505782238,19.113881091147988,10.38456297060155,8.729318120546438,NB
frame_E_867.71_867.74,,0.0,-0.6396690827896173,367.482354429084,327.1437520016144,40.33860242746954,,,,NB
frame_ki_867.74_867.86,3.851831580686138,0.0,-0.0406851762897686,395.7189827872971,343.5954992724383,52.123483514858776,112.7721857296438,67.99877178978778,44.77341393985603,NB
frame_si_867.86_868.17,36.14150311246871,0.0,1.892674401018772,401.47866272441695,331.3876590273673,70.09100369704964,22.16380376885519,6.041965529290863,16.121838239564326,NB
frame_dZijs_868.17_868.35,39.26653571920474,0.0,-0.1373531551562397,406.7806786701976,347.0040469660154,59.77663170418225,40.21638520812307,13.15961161677032,27.05677359135275,NB
frame_an_868.35_868.89,47.51721488526572,1.580000000000041,1.2637589135158536,402.0740456446995,308.47539585823563,93.59864978646384,23.333562750075032,11.306810939190086,12.026751810884946,NB
frame_pa_870.47_870.73,14.008505350624858,0.0,-0.344527016060955,411.30098774803054,343.686210054624,67.61477769340655,72.58029186560039,17.821072060756748,54.75921980484364,NB
frame_ga_870.73_870.86,5.657657155697365,0.0,-0.1913569275299133,407.89343467213314,354.1181791084257,53.77525556370745,5.149041963518172,1.892813738937761,3.2562282245804117,NB
frame_me~_870.86_871.03,2.641452178775367,0.0,0.4752997504467886,409.9865452671022,351.4316843831209,58.55486088398129,21.32997829116329,7.460777059099257,13.869201232064029,NB
frame_tus_871.03_871.2,2.048918954629727,0.0,-0.5908857106999551,393.0071966071144,338.03520359623576,54.97199301087864,14.617911039347916,7.764294101216606,6.85361693813131,NB
frame_paX_871.2_871.5,7.700368405931329,0.0,-0.4976971045919967,404.6361782126965,336.7569962372929,67.87918197540353,24.483203296404557,8.191396125928463,16.29180717047609,NB
frame_si_871.5_871.58,6.569401504395884,0.0,-0.4273570917512569,405.9542021608559,357.1490987459049,48.805103414950906,6.086576149649275,3.397650355034159,2.688925794615116,NB
frame_ajs_871.58_871.81,14.615399135203162,2.160000000000082,0.4979084708597742,400.8982783227401,339.4093361864919,61.48894213624823,72.11910554207486,31.16430108109185,40.95480446098301,NB
frame_da_873.97_874.93,40.94301452135973,0.0,6.012031657982499,403.6968486224074,265.28592537142254,138.4109232509849,36.26820942023993,15.249005173228,21.019204247011928,NB
frame_du_874.93_875.09,26.46758545802801,0.0,0.1656060955075267,408.7347504919933,352.5573003394289,56.1774501525644,18.27705961051771,8.808169090477321,9.46889052004039,NB
frame_pri~_875.09_875.27,0.6921654406482389,0.0,0.7842128877949404,407.5831615802212,349.2545709699829,58.32859061023828,20.954320859174345,10.00240564810082,10.951915211073526,NB
frame_si_875.27_875.4,13.152799518364134,0.0,-0.1373531551562397,401.1828188692689,348.1842521399228,52.99856672934607,27.867863604335028,14.903570006297684,12.964293598037344,NB
frame_paw_875.4_875.68,22.0968539624552,0.0,-0.5742821488583882,405.64796151637904,337.0752505130239,68.57271100335515,17.989849482960935,6.685790766500318,11.304058716460617,NB
frame_kEX_875.68_875.79,5.796523085177924,0.0,-0.6396690827896173,401.2899357670891,350.04013771902584,51.24979804806327,128.42544977719524,82.59650377890493,45.82894599829029,NB
frame_dZi_875.79_875.85,56.7878811676016,0.0,-0.524025070617728,384.0846028790164,340.7591014331892,43.32550144582717,6.3807432565094615,2.906087801146924,3.4746554553625373,NB
frame_zeX_875.85_875.96,37.98093522813774,0.0,-0.5198455044691827,403.1414874557995,351.1694368394252,51.972050616374304,3.563815944805782,0.9280428462381564,2.635773098567625,NB
frame_da_875.96_876.09,27.96875219865529,0.0,-0.1147718832643925,400.07244880194384,349.1076911135572,50.96475768838667,9.694427360220942,4.37956319524362,5.3148641649773225,NB
frame_kwa~_876.09_876.27,34.3443966412089,0.0,-0.1182964283102815,400.4544785483631,343.2336575751127,57.2208209732504,29.73905424148812,15.797310234686492,13.941744006801628,NB
frame_tSi_876.27_876.47,28.006945820496497,0.0,0.2493187603063476,402.8044183784101,342.0355718056525,60.768846572757525,54.11561834523332,11.259190422516298,42.85642792271703,NB
frame_a_876.47_876.5,21.301380222104346,0.0,-0.5742821488583882,382.7031634447315,339.0960384084407,43.60712503629082,2.882481800343882,0.6576789276270176,2.2248028727168645,NB
frame_e~_876.5_876.53,19.532856737893752,0.0,-1.265798282768246,368.9481596658319,329.4689971723616,39.47916249347031,4.147956180209036,2.052558775847814,2.095397404361222,NB
frame_pres_876.53_876.72,7.304375160904229,0.0,-0.5198455044691827,401.77629982651166,343.92390677474214,57.852393051769525,5.230160473596044,2.1196507513850094,3.1105097222110345,NB
frame_ta_876.72_876.94,55.63287898408578,0.0,0.2681533380640823,399.8804299586605,337.50043680435,62.379993154310455,19.073063793458797,6.97961347823005,12.093450315228743,NB
frame_da_876.94_877.0,64.63986293412344,0.1799999999999499,-0.5742821488583882,383.7758691795345,338.3356037918846,45.4402653876499,18.57514839277181,8.72893806725827,9.84621032551354,TB
frame_un_877.18_877.31,1.2616039958115266,0.0,-0.5908857106985217,399.7843106300627,346.16274351505047,53.62156711501217,10.75288392962517,3.985592796686177,6.767291132938993,NB
frame_u~_877.31_877.34,10.271316961623938,0.1100000000000136,-0.6008601663341112,379.1640845271789,337.06179162363696,42.10229290354204,0.7057282071212398,0.4644338953932276,0.2412943117280122,NB
frame_i_877.45_877.61,47.047604591811336,0.3099999999999454,0.732658654633208,396.7482499993999,342.2364498410861,54.51180015831381,200.1903482127597,108.78329660789764,91.40705160486206,TB
frame_a_877.92_878.03,20.08363793637318,0.0,0.0383982052666491,401.79438480139856,352.50749783369304,49.286886967705584,46.90757747262896,29.987518740422587,16.92005873220637,NB
frame_si~_878.03_878.19,5.240354148043707,0.0,0.5525136254922727,404.3121824120711,349.3395038911377,54.97267852093336,34.73119686044501,16.94745127561643,17.78374558482858,NB
frame_poX_878.19_878.37,23.95357965468068,0.0,-0.5372457439376712,406.4964536653941,348.814855374593,57.68159829080116,83.11971703882239,34.55187833885506,48.567838699967325,NB
frame_dZi_878.37_878.46,58.77365203702955,0.0,-0.2340211340205127,402.2056981259739,351.96345662955724,50.24224149641668,12.944780969695955,7.108529275229728,5.836251694466228,NB
frame_a~_878.46_878.57,80.31008542268717,0.0,0.7586165448425357,393.5596911739008,343.6472085051929,49.91248266870792,14.157402188943578,8.336602867580623,5.820799321362955,TB
frame_tSi_878.57_878.64,92.55614565476046,0.3100000000000591,-0.524025070617728,380.9653522186571,335.22428119057275,45.74107102808432,3.57879643178552,0.7727466322227912,2.8060497995627287,NB
frame_a_878.95_879.01,78.6893557803646,0.0,-0.3445270160618257,398.885200767621,353.09031961309324,45.794881154527786,74.05101475390859,47.68835720008667,26.36265755382192,NB
frame_gO_879.01_879.21,11.98069083228745,0.0,0.5481177555064884,411.9672113832284,350.7912208589096,61.17599052431882,37.15250207816082,18.54216596243785,18.610336115722973,NB
frame_ra_879.21_879.32,82.46025606235742,1.099999999999909,-0.1913569275299133,388.9713936341852,340.10942077836967,48.861972855815566,17.17175307748527,10.092692064406677,7.079061013078594,NB
frame_si_880.42_880.6,2.400748676257308,0.0,-0.1373531551551407,408.50158353822405,351.4053815004204,57.096202037803664,232.57915935373373,64.90623721332904,167.6729221404047,NB
frame_foX_880.6_881.04,66.13665073415106,0.7699999999999818,1.6822445290797308,413.50504607997686,328.0857688649965,85.41927721498035,395.33839923917407,175.1694562366685,220.1689430025056,NB
frame_u~_881.81_881.9,2.730144304237058,0.0,-0.2606844690516004,414.0071445810381,363.31074146763626,50.69640311340186,27.996800868272945,11.30849559285582,16.68830527541712,NB
frame_e~_881.9_881.97,7.984888025458616,0.0,-0.3952492661594914,406.5317695915074,360.9568610613789,45.57490853012848,16.5203031819716,9.998325771628004,6.521977410343595,NB
frame_prEs_881.97_882.37,12.978951521547955,0.0,0.0441365450709742,410.42865006936114,329.6798037810714,80.74884628828971,55.71072067675124,30.197253145869222,25.51346753088201,NB
frame_tSi~_882.37_882.47,55.16581348884074,0.0,-0.1425841614157304,408.797153836863,356.978449349997,51.81870448686601,3.682562267443828,2.5419798804733773,1.1405823869704506,NB
frame_mu_882.47_882.69,65.15552671952913,0.4599999999999227,0.4177700309095429,394.8120216358983,334.19539710339666,60.61662453250159,12.942225534866552,6.077967586438902,6.86425794842765,NB
frame_ko~_883.15_883.64,3.5070187380560043,0.169999999999959,4.291921492092414,411.19887135046366,321.37975213151645,89.81911921894721,85.82610534263641,27.42825628442074,58.39784905821567,NB
frame_es_883.81_883.89,11.420192090732884,0.0,-0.9461738282365558,380.59708736780937,333.42461275585686,47.17247461195251,147.9046500255503,61.69611726123341,86.20853276431689,NB
frame_ta_883.89_883.96,354.5917700470685,0.0,-0.5742821488575176,410.6079623538634,361.6542263524753,48.95373600138811,24.55424228069012,8.659819597494106,15.894422683196012,NB
frame_be_883.96_884.02,33.218065360418976,0.0,-0.9461738282389792,395.2484990422399,350.5511199355153,44.69737910672461,3.0208709454533107,2.1835065408981222,0.8373644045551885,NB
frame_le_884.02_884.08,79.384757718728,0.0,-0.9461738282365558,394.2350258856216,348.51004970705577,45.72497617856578,10.521237113720376,4.197320123170918,6.323916990549456,NB
frame_si~_884.08_884.14,6.067885465670656,0.0,-0.8376819483263676,398.6088104723437,352.6370751582997,45.971735314044,4.789503563543519,3.0752404288855075,1.7142631346580115,NB
frame_me~_884.14_884.25,35.26292126198399,0.0,-0.1776120120079214,409.2698149114851,358.2548146673491,51.01500024413605,11.837236677828315,5.724887062884449,6.1123496149438665,NB
frame_tu_884.25_884.33,25.313181782794004,0.0,-0.5908857106985217,409.50672790923625,360.4492403975956,49.05748751164066,11.299445806952916,5.355498389682253,5.943947417270664,NB
frame_dZi_884.33_884.4,25.609125514527605,0.0,-0.524025070617728,386.3321830001869,340.1799126665058,46.152270333681145,3.060554519405855,1.588646670189647,1.4719078492162083,NB
frame_krE_884.4_884.64,11.50297277302657,0.0,0.1063006930582364,408.66950597631137,343.15301932584896,65.51648665046241,23.57446826028618,8.266070405440118,15.308397854846064,NB
frame_dZi_884.64_884.72,55.81489082575648,0.0,-0.3306891128858849,394.56734616218,347.3626924941801,47.20465366799982,3.143875410093486,1.3577888135249054,1.7860865965685804,NB
frame_tu_884.72_884.88,81.80451646977559,1.7799999999999727,-0.464803742998947,388.23055227857645,332.5057594850994,55.72479279347704,1.3176191465417588,0.7474827731392537,0.5701363734025051,NB
frame_te_886.66_886.77,40.95310377749462,0.0,-0.3066813425842844,412.2084764297248,358.9069636930425,53.3015127366823,2.8401582690502494,2.2962661540823603,0.543892114967889,NB
frame_ra_886.77_886.93,1.260372569817065,0.0,0.1915682937976908,411.1271486118175,352.8225632001644,58.304585411653136,31.218877788823814,12.529799974496598,18.68907781432722,NB
frame_dZi_886.93_886.99,6.023556684514773,0.0,-0.524025070617728,411.3787907409621,364.35649976404585,47.022290976916224,9.757772544392282,3.423813948540271,6.33395859585201,NB
frame_o_886.99_887.04,9.430206153407909,0.0,-0.6852117621404015,403.4673151561608,358.47396042643754,44.9933547297232,17.995516527943778,8.350838216854072,9.644678311089706,NB
frame_be_887.04_887.18,21.37604179555464,0.0,-0.5198455044691827,409.7448934991765,355.56208299039207,54.18281050878443,18.229456211516663,8.55377266606709,9.675683545449573,NB
frame_de_887.18_887.32,18.60715221009221,0.0,0.3328111430728338,411.316519029147,357.59875055838336,53.7177684707637,41.85791146575789,11.571969245782723,30.28594221997517,NB
frame_seX_887.32_887.55,13.573935270016364,0.0,0.545975304957732,408.2063413371527,344.2724241242692,63.93391721288344,120.40781937751478,79.77208513384784,40.63573424366695,NB
frame_ajs_887.55_887.73,10.209358169229487,0.0,-0.0381868389988716,406.97704092162144,349.170860385622,57.80618053599943,41.82451410999755,22.296166910519304,19.528347199478247,NB
frame_ko~_887.73_887.9,5.318765076442759,0.0,0.0980817362261264,409.6817790470802,351.0392491214835,58.64252992559671,44.78300087734823,29.3659929878186,15.417007889529629,NB
frame_dZi_887.9_888.0,39.51937714105276,0.0,-0.1373531551551407,410.91066581682014,358.19035840033735,52.72030741648285,23.93869769925729,10.721913786570951,13.216783912686338,NB
frame_so~j~s_888.0_888.13,29.459577978982423,1.1599999999999682,0.0,389.5143746485189,336.6869098025343,52.82746484598465,15.530404728008309,5.377006560896632,10.153398167111677,NB
frame_ki_889.29_889.64,18.10957174477042,1.25,2.086010358749516,411.4349168315432,335.966584590418,75.46833224112521,199.4308137919857,127.89550087775788,71.53531291422783,NB
frame_a_890.89_892.49,41.31819677645417,0.5599999999999454,11.449569800839702,403.2342592508717,199.09013656030265,204.14412269056905,114.22478840867738,88.65475447882558,25.570033929851803,NB
frame_e_893.05_893.12,0.9971001410675626,0.0,-0.0935171806969627,415.097826931301,365.3868100670404,49.71101686426061,1.1679051864973644,0.6941445460963678,0.4737606404009966,NB
frame_si_893.12_893.18,2.004929428413448,0.0,-0.524025070617728,400.7695900053478,356.03258597663216,44.73700402871566,4.003463152451971,1.3330861609189242,2.670376991533047,NB
frame_es_893.18_893.24,0.5048389389295949,0.0,-0.9461738282365558,387.7670353125032,344.07439872999254,43.69263658251066,2.8215794415396545,1.203222282034119,1.6183571595055355,NB
frame_ta_893.24_893.3,41.53888079052548,0.0,-0.5742821488583882,392.4822527028063,346.6896973806448,45.79255532216155,63.1063421403458,30.869416538703064,32.23692560164274,NB
frame_be_893.3_893.38,3.365716849671969,0.0,-0.7330096663540809,409.37560868233766,359.6365783019629,49.7390303803748,3.3868074944962245,1.1315471936600403,2.255260300836184,NB
frame_le_893.38_893.45,26.52915826400006,0.0,-0.9461738282365558,395.7846053947566,350.92690350319805,44.85770189155858,2.24271098416655,0.6300022100136857,1.612708774152864,NB
frame_si~_893.45_893.51,25.870592488909068,0.0,-0.8376819483263676,395.0781775542151,349.5352651513274,45.54291240288768,1.8385269006485745,1.100670072806892,0.7378568278416822,NB
frame_me~_893.51_893.63,20.03251347855173,0.0,0.0400252421436485,405.8996638471777,353.2004248359941,52.69923901118358,6.917944321384283,2.247028179198935,4.670916142185348,NB
frame_tu_893.63_893.69,73.7510759210551,0.0,-0.5908857106985217,382.1877534225828,340.0318191151391,42.15593430744366,0.8727473832175363,0.449694110351885,0.4230532728656513,NB
frame_dZi_893.69_893.77,4.212060966596141,0.0,-0.3306891128869838,383.1936008068739,338.3534157423873,44.840185064486604,127.92584290431824,66.3863669813324,61.53947592298583,NB
frame_krE_893.77_894.01,8.371954726352527,0.0,-0.1423558988908125,408.12776138865866,342.1717715293576,65.9559898593011,12.679901297607728,7.444728955638396,5.235172341969332,NB
frame_dZi_894.01_894.14,34.76561933267935,0.0,0.1526507814409755,396.9552728852237,345.1890768739826,51.76619601124111,62.23431821615883,29.327486857846598,32.90683135831224,NB
frame_tu_894.14_894.35,60.75756213460173,1.1399999999999864,1.1742618371170248,402.9947188672225,342.1085549603783,60.88616390684422,46.444710281840656,25.96850257384162,20.47620770799904,NB
frame_es_895.49_895.57,29.795079147342832,0.0,-0.9461738282389792,384.6447371596536,337.5065982834933,47.13813887616027,32.79749863790801,17.05485594903847,15.742642688869536,NB
frame_ta_895.57_895.68,6.365665566115439,0.0,-0.3445270160618257,407.6200788120683,357.9396006490581,49.68047816301021,6.118170846958407,3.199555381363126,2.9186154655952805,NB
frame_be_895.68_895.8,11.572500084051256,0.0,-0.3066813425842844,412.94039076499257,358.04074695246345,54.89964381252906,16.22049893267564,6.35497241178399,9.865526520891647,NB
frame_le_895.8_895.95,5.705525124190203,0.0,0.1196469811879355,410.60370665220097,354.1392095765759,56.46449707562505,25.05448658595688,9.856570955468229,15.197915630488652,NB
frame_si_895.95_896.01,53.75571939399299,0.2999999999999545,-0.524025070617728,387.85988285256127,342.3065701815266,45.55331267103469,73.8284307744995,52.53039469805108,21.29803607644841,NB
frame_ow_896.31_896.38,12.3410206310446,0.0,-0.8331777803397672,405.7020088876058,357.4568524927806,48.24515639482519,6.28750401734689,3.683807021469974,2.6036969958769163,NB
frame_me_896.38_896.46,15.362187834268523,0.0,-0.7330096663516575,403.7925352785013,356.71789006552126,47.074645212980045,6.6085691646599685,4.374100561779642,2.2344686028803267,NB
frame_LOX_896.46_896.65,16.403741253137667,0.0,-0.5109572297077994,410.4470166219878,349.5616586337612,60.88535798822659,6.400963851674291,3.5657166162183955,2.8352472354558955,NB
frame_dZi_896.65_896.75,11.287719699666525,0.0,-0.1373531551551407,406.747620621383,354.80900643419955,51.93861418718353,16.12392118488482,4.988730723826777,11.135190461058045,NB
frame_ze~_896.75_896.96,6.72668321563917,0.0,0.9105742587499288,407.6417495296283,345.5948207761828,62.04692875344557,22.562153770443345,10.189725191228888,12.372428579214455,NB
frame_du_896.96_897.09,51.35907957371309,0.0,0.2916880632085348,408.1927446321672,353.3288846953357,54.86385993683143,36.48466535096517,13.597151030338694,22.88751432062648,NB
frame_i~_897.09_897.12,4.744252984237207,0.0,-0.8376819483263676,386.1107646133557,342.5632025595851,43.547562053770605,11.05513144573436,4.8724851040874455,6.182646341646915,NB
frame_po~j~_897.12_897.53,10.325620522919564,0.5600000000000591,0.0980817362261264,406.0553202868521,325.0114230510066,81.04389723584552,19.101630453660466,5.849581042759695,13.252049410900767,TB
frame_a_898.09_898.15,97.40026603503163,0.0,-0.3445270160618257,389.183798311599,344.8433489083131,44.3404494032859,7.408630176869565,3.892179354322714,3.516450822546851,NB
frame_kaj_898.15_898.31,22.18680491014308,0.0,-0.2679419717963048,409.5526469519147,352.9088890294795,56.64375792243521,29.411998843866257,14.178692906783652,15.233305937082603,NB
frame_Sa_898.31_898.42,46.72321970864013,0.0,-0.5742821488583882,412.6193818458037,358.88736160454056,53.73202024126317,24.885851847616664,12.011012519344147,12.874839328272516,NB
frame_e_898.42_898.45,70.90440770126678,0.0,-0.9461738282365558,380.0317893258998,337.1638143073526,42.86797501854727,3.727498001412101,2.0578924955025144,1.669605505909587,NB
frame_ko_898.45_898.6,21.707791947469445,0.0,-0.0933476893345272,409.8400921016691,353.1422523466407,56.69783975502838,49.64631157434283,26.71128731439717,22.935024259945664,NB
frame_no~_898.6_898.8,44.58509358988981,0.0,0.9368496873987484,406.7496127412302,347.4202008317263,59.329411909503904,55.1269594981497,26.31704110145252,28.809918396697185,NB
frame_mi_898.8_898.86,37.419901102995226,0.0,-0.524025070617728,385.9810636913054,341.2826966279416,44.69836706336383,45.421793873890266,14.911519847819363,30.510274026070903,NB
frame_ka_898.86_898.93,67.20349710012299,0.0,-0.5742821488583882,396.4343152675235,350.59324350136933,45.84107176615419,0.406491296782562,0.1940349831457126,0.2124563136368493,NB
frame_vo_898.93_899.01,95.70777746253953,0.0,-0.9811437985424974,381.0463477738654,334.9880086702635,46.058339103601895,0.8208475830012532,0.3991387562699913,0.4217088267312618,NB
frame_se_899.01_899.07,28.48454526132781,0.0,-0.9461738282365558,408.6704895517961,361.46944984241145,47.201039709384645,5.079269600833626,2.5320881078312425,2.547181493002384,NB
frame_vaj_899.07_899.24,0.9816324054376082,0.0,-0.4211120603264758,403.18033965614967,346.6314507492553,56.54888890689432,38.70361787421065,8.765285272341146,29.938332601869504,NB
frame_to_899.24_899.37,5.162255116451206,0.0,-0.5372457439376712,404.8198479570069,351.27862231430004,53.54122564270682,11.583824712804557,7.223600031715733,4.360224681088823,NB
frame_maX_899.37_899.55,8.868944328892553,0.0,-0.3445270160618257,405.1666391244643,345.91557162736166,59.25106749710267,8.243802894523554,2.6409929606005846,5.60280993392297,NB
frame_dZi~_899.55_899.61,5.189569534589566,0.0,-0.8376819483263676,400.6778785025107,354.80108267674154,45.876795825769136,2.645630569514651,1.6335968786616777,1.0120336908529737,NB
frame_Jej_899.61_899.75,6.543991518106196,0.0,-0.9461738282389792,403.71994671415456,349.2657931438057,54.45415357034887,14.063956752016594,4.665649924233378,9.398306827783216,NB
frame_ru_899.75_899.83,8.39724715947483,0.0,-0.3387217752965055,402.5056794203512,354.1179609099639,48.38771851038723,8.637424710907055,4.48577512790709,4.151649582999966,NB
frame_e~_899.83_899.86,12.225318333104582,0.0,-1.265798282768246,370.3057854793386,330.549174894368,39.75661058497059,12.025407088725103,5.438089147802572,6.587317940922532,NB
frame_pres_899.86_900.08,12.276780586765597,0.0,-0.3066813425842844,403.6249678499189,341.8783449675116,61.74662288240728,38.800640613855904,17.891439526037118,20.909201087818783,NB
frame_ta_900.08_900.21,18.803242804090274,0.0,-0.1147718832643925,404.5963471934023,349.48375538052954,55.11259181287278,9.634255004508615,4.689314054776332,4.944940949732285,NB
frame_du_900.21_900.27,27.57074843115258,0.0,-0.5908857106999551,401.3926575010369,353.68766125064985,47.70499625038707,1.6388043322278918,0.7392673956472322,0.8995369365806596,NB
frame_na_900.27_900.41,41.763146331727086,0.0,0.0383982052666491,396.4445843785605,345.2985825163077,51.14600186225283,20.740419745465037,10.319165788434448,10.421253957030586,NB
frame_kaj_900.41_900.59,24.50141165151942,0.0,-0.0381868389997423,401.0125363622458,343.5658688570728,57.44666750517303,82.47039397661987,51.65478230722843,30.815611669391444,NB
frame_Sa_900.59_900.65,3.05739566543852,0.0,-0.5742821488583882,395.6080249333902,351.3482613414632,44.25976359192703,43.20657671695858,23.19444593350036,20.01213078345822,NB
frame_e_900.65_900.68,45.6379250383233,0.0,-0.9461738282389792,382.8936416984982,341.03948738390136,41.854154314596826,10.27478237256672,4.499867459717606,5.774914912849113,NB
frame_ko_900.68_900.83,60.31318184282131,0.0,0.0546183288665207,398.24882635497227,343.37684594585284,54.87198040911943,42.99907122941076,8.50555730823163,34.49351392117913,NB
frame_no~_900.83_900.92,78.04691173870005,0.0,-0.7406862149480847,393.3896369022732,345.04726257109456,48.34237433117863,15.366778978369652,9.009677605741912,6.3571013726277386,NB
frame_mi_900.92_900.98,92.99489142838868,0.0,-0.524025070617728,382.5149610030285,340.13025238144905,42.38470862157948,5.2860498961006,3.491110966045646,1.794938930054954,NB
frame_ka_900.98_901.04,94.77845239244334,1.4200000000000728,-0.5742821488583882,383.0630207930858,338.89383837685773,44.16918241622801,3.689581923647737,1.8980158425350524,1.791566081112684,NB
frame_noR_902.46_902.65,9.289529461021232,0.0,-0.2413137075355752,412.6958992348451,351.2529824406481,61.44291679419706,63.58920224417437,23.569323594862368,40.019878649312005,NB
frame_maw_902.65_902.81,26.32835566702431,0.0,-0.3445270160618257,410.4859229772543,352.2161861635124,58.26973681374187,28.391516179530583,10.958346035251395,17.433170144279188,NB
frame_me~_902.81_903.02,7.042130241637892,0.0,1.128211512901499,410.8328942528346,350.1618326007353,60.6710616520993,34.119403842211256,14.32966159128523,19.789742250926025,NB
frame_tSi_903.02_903.08,43.24760268922006,0.0,-0.5240250706166291,413.91536242168513,365.43893984544593,48.4764225762392,1.4182161770511073,0.9939766479135416,0.4242395291375658,NB
frame_e_903.08_903.12,42.29303291571944,0.0,-0.7330096663540809,397.04248758759496,352.3887181802477,44.65376940734728,4.277331418034038,1.5718793207709894,2.7054520972630485,NB
frame_lis_903.12_903.29,30.37696393688424,0.0,-0.0406851762897686,408.12392937458935,349.4082194636168,58.71570991097258,35.452959123695166,15.659966009106968,19.7929931145882,NB
frame_e_903.29_903.39,28.32484845660113,0.0,0.545975304957732,410.0804053192301,358.08768256424844,51.992722754981685,50.5360472484644,22.866210373760797,27.66983687470361,NB
frame_zi_903.39_903.59,5.33490949604996,0.0,0.2493187603063476,407.9979770324517,348.0653634725068,59.93261355994491,32.32539348000336,11.578788211223412,20.746605268779945,NB
frame_Ze~j~_903.59_903.78,12.796415653666742,0.0,-0.8305237744651058,409.83605197897936,348.5225277444987,61.31352423448067,145.17953403300032,41.271894668796335,103.90763936420396,NB
frame_u~_903.78_904.25,57.581548670865146,0.0,1.893761613739568,398.2142611748471,310.433116110743,87.78114506410407,176.36645023255508,136.7779959889129,39.58845424364219,NB
frame_ma_904.25_904.44,32.76392139368549,0.0,-0.4211120603264758,408.7787340483834,348.92294334637165,59.85579070201169,62.18589873906717,25.468833728633754,36.717065010433416,NB
frame_ga_904.44_904.54,11.729430531510303,0.0,-0.4211120603273465,410.5646878409792,360.14357846500536,50.4211093759738,8.818994243093897,3.142704613465696,5.676289629628201,NB
frame_ra~_904.54_904.69,35.18432064043796,0.0,0.9778447881301168,408.36130884285456,353.8136585065044,54.54765033635016,35.715311887020945,18.820757104652984,16.894554782367962,NB
frame_tSi_904.69_904.76,11.045745882559174,0.0,-0.524025070617728,407.3025727169087,359.7266045287337,47.57596818817501,8.409868038733464,5.255767798462955,3.154100240270509,NB
frame_a_904.76_904.79,203.41945826098825,0.0,-0.5742821488583882,401.7343708958771,357.64429525028146,44.09007564559562,2.243930814332032,1.1586778487235847,1.085252965608447,NB
frame_i_904.79_904.85,6.605718125293777,0.0,-0.2340211340205127,404.1960517695301,358.2358285318718,45.96022323765828,0.6622167628093791,0.461641186607352,0.2005755762020271,NB
frame_po_904.85_905.02,14.133837251634048,0.0,0.0546183288665207,410.0677186826063,353.2294125596688,56.83830612293747,18.929966577693023,12.709786879521204,6.220179698171819,NB
frame_te_905.02_905.14,340.587130870935,0.0,-0.0935171806993861,408.7941956432455,357.3736209589241,51.420574684321366,48.53757958422574,15.44264879521046,33.09493078901528,NB
frame_ka_905.14_905.36,52.78893248565312,0.0,0.4213234265942534,406.2617522012909,342.9822244969696,63.27952770432125,22.57252667055394,10.482038564954848,12.090488105599093,NB
frame_ria_905.36_905.51,39.04114445010013,0.0,-0.524025070617728,396.76661588895024,342.09184742062587,54.67476846832437,99.41377139231436,59.30755131518042,40.10622007713394,NB
frame_kEX_905.51_905.63,1.0166265880268952,0.0,-0.5775049348023551,406.69381878924816,353.323244111308,53.37057467794017,101.0319951562009,49.63152574896338,51.40046940723752,NB
frame_dZi_905.63_905.69,69.50782313644186,0.0,-0.5240250706166291,392.55139969014255,347.51720343122616,45.03419625891638,1.944590347490916,0.7482454888377106,1.1963448586532053,NB
frame_zeX_905.69_905.83,44.603038501667456,0.0,0.1196469811855121,405.2805294861231,352.0595086909454,53.22102079517771,19.94825735528721,9.533575137274426,10.414682218012786,NB
frame_u~_905.83_905.93,5.782562801348462,0.0,-0.2039885195051598,404.4188401082853,353.99423743831466,50.42460266997063,18.418503622021404,6.502298515687357,11.916205106334049,NB
frame_i~_905.93_905.98,11.544986110343586,0.0,-0.3742834237183981,405.1786574045343,358.44573316851665,46.73292423601765,11.88731209545756,5.85436127178204,6.03295082367552,NB
frame_mO_905.98_906.23,16.49318846265774,0.0,0.1950927604337213,411.86401176592113,343.4763393445318,68.38767242138931,25.968736954258677,11.22679337350928,14.741943580749393,NB
frame_vew_906.23_906.34,61.31014090669582,0.0,-0.5198455044691827,403.8479853475596,350.7514238976857,53.09656144987383,6.8380979559703405,3.612782656573529,3.2253152993968115,NB
frame_e~j~_906.34_906.42,54.19099404585164,0.0,-0.8305237744651058,404.0746437575772,355.544777528312,48.52986622926522,1.3128580045268592,0.5717757904495357,0.7410822140773234,NB
frame_ga_906.42_906.53,41.99824159910251,0.0,-0.3445270160618257,408.30236239110656,355.06429846627304,53.23806392483351,16.381126151960615,7.50236070897364,8.878765442986975,NB
frame_ra~_906.53_906.72,21.81452509565861,0.0,1.8547577612804416,404.8255110469324,345.8406946117836,58.98481643514884,38.65990415259468,17.974475742626794,20.685428409967884,NB
frame_tSi_906.72_906.91,69.37465739575819,0.0,0.4426547180370918,400.1640891034922,341.48400641161373,58.68008269187845,16.10218707948995,8.728600485766293,7.373586593723658,NB
frame_a_906.91_906.96,92.85400746010691,0.3600000000000136,-0.4211120603264758,383.434888356697,341.5320183193985,41.9028700372985,8.09286425226803,4.415158058587672,3.6777061936803577,TB
frame_e~_907.32_907.44,35.94859637646317,0.0,0.6929370045983587,411.4555517087171,359.50024268128544,51.95530902743167,172.49942138415076,79.95675043389065,92.54267095026012,NB
frame_ta~w~_907.44_907.83,4.036700259776012,0.6699999999999591,-0.1182964283077891,409.5037784076938,330.82233512403747,78.68144328365634,259.8129078528668,93.78545501648654,166.02745283638023,NB
frame_ke~j~_908.5_908.69,122.06667347386448,0.0,-0.1776120120103957,413.532365803181,354.6337810029641,58.898584800216895,86.0325442215167,41.13820242054646,44.89434180097024,NB
frame_pe_908.69_908.89,3.477514103931526,0.0,0.9723036287275286,410.608897691569,349.61216182570223,60.996735865866754,20.857440953011405,12.506213396788128,8.351227556223279,NB
frame_dZi_908.89_908.95,20.17635023109291,0.0,-0.5240250706166291,404.9621528939379,358.69308477921254,46.26906811472537,0.6278166466376973,0.4879187688013928,0.1398978778363044,NB
frame_e~_908.95_909.0,34.69876191950685,0.0,-0.8305237744651058,394.4600700348973,350.71001991069124,43.7500501242061,2.369563320430842,1.5652833462241065,0.8042799742067359,NB
frame_pres_909.0_909.23,28.6291615637828,0.0,0.3328111430704104,406.6889466619409,344.1664842888279,62.522462373113,13.07382164259498,7.51082946954935,5.562992173045629,NB
frame_ta_909.23_909.37,19.95454973461493,0.0,0.0383982052666491,402.6870526231143,349.0982763333448,53.58877628976944,11.324331760468766,7.876299573398896,3.4480321870698702,NB
frame_du_909.37_909.43,24.68903427794088,0.0,-0.5908857106999551,403.39884838575074,356.3988198631974,47.00002852255335,1.1813008726532814,0.8133468988435766,0.3679539738097048,NB
frame_a_909.43_909.53,30.683914780276027,0.0,-0.0381868389988716,396.1983847111997,348.57244538357656,47.62593932762303,4.7026977009808775,3.3780442700541755,1.324653430926702,NB
frame_kaj_909.53_909.77,29.75818470131153,0.0,0.2681533380632117,400.3514685603877,339.4315773406722,60.91989121971545,44.55202835056346,16.88612592504333,27.66590242552013,NB
frame_Sa_909.77_909.86,43.53832072689673,0.1100000000000136,-0.4976971045928673,398.05552472876974,349.87873105557134,48.1767936731984,33.61880867066421,23.491536552146897,10.127272118517311,NB
frame_te~j~_909.97_910.1,100.2930833909777,0.0,-1.265798282768246,405.2281188643031,354.5688559066421,50.659262957660985,69.37184481217938,33.82980382379009,35.54204098838929,NB
frame_ki_910.1_910.17,105.76693791057286,0.0,-0.524025070617728,384.04618944841513,338.2578895867146,45.78829986170052,8.998906538611052,5.650725365830006,3.3481811727810467,NB
frame_si_910.17_910.3,7.867031301015714,0.0,-0.524025070617728,392.1900238489716,339.7862945665017,52.4037292824699,39.961755116794365,14.79990673630678,25.161848380487584,NB
frame_su_910.3_910.49,22.58623830367935,0.0,0.1656060955075267,406.4722681513024,347.47343073687045,58.99883741443188,91.0611093774105,56.28342613998527,34.77768323742524,NB
frame_Zej_910.49_910.71,59.23900826261576,0.0,1.3986319524973252,408.94650113779545,346.5708369098392,62.37566422795629,25.5423304821564,11.362733858342011,14.17959662381439,NB
frame_taX_910.71_910.97,28.750031091740794,0.4599999999999227,-0.0381868389988716,398.1608042033374,335.8578506134942,62.30295358984324,47.98338343407195,22.225428116415685,25.75795531765627,NB
frame_a_911.43_911.54,28.84705869754768,0.07000000000005,0.0383982052666491,396.6360977830973,346.1811276555917,50.45497012750553,8.403393683731863,4.888767517777993,3.514626165953871,NB
frame_to_911.61_911.76,5.932852975947668,0.0,0.3505503652686166,408.1077771804392,352.9060649614348,55.20171221900444,18.79844766099185,9.744987402316951,9.053460258674903,NB
frame_das_911.76_911.95,4.838306487881084,0.1099999999998999,-0.2679419717963048,402.88215146210393,344.7752206949372,58.10693076716677,16.270966936363152,10.264897135826004,6.006069800537148,NB
frame_ajs_912.06_912.2,25.820366788261268,0.0,-0.191356927530784,401.9742990508103,347.1226816637938,54.85161738701646,32.14601327287501,21.976410529921324,10.169602742953684,NB
frame_e_912.2_912.31,0.2232164130127927,0.0,0.759139466840207,405.4943662629177,352.71547744968365,52.778888813234005,6.922110945025594,3.285281979006428,3.6368289660191664,NB
frame_zi_912.31_912.49,11.284138758674402,0.0,0.4426547180370918,405.1748818996879,346.17379519563974,59.00108670404813,37.91475136254044,13.776140109669823,24.138611252870614,NB
frame_ge~_912.49_912.7,5.715549145403941,0.0,1.345848767055543,404.58642264577895,345.2321999341385,59.35422271164043,14.71889632071749,7.105223742256655,7.613672578460836,NB
frame_sias_912.7_912.78,53.0304990272283,0.2400000000000091,0.0,378.6411774902324,332.9101774764594,45.73100001377298,48.46752123616495,30.475917904211517,17.991603331953435,NB
frame_i_913.02_913.09,15.707394042942768,0.0,-0.1373531551551407,403.8013033658961,356.44268187788634,47.35862148800976,14.135385855902143,7.046960813110047,7.088425042792096,NB
frame_ga_913.09_913.23,4.236537962899291,0.0,-0.344527016060955,406.6519824753536,353.0199952480133,53.631987227340346,25.26504003404419,7.56379793355137,17.70124210049282,NB
frame_ra~_913.23_913.46,28.413930699906004,0.0,2.731670734433259,400.44407134826656,340.8756289410867,59.56844240717987,82.95283808973176,41.9957691581581,40.95706893157367,NB
frame_tSi_913.46_913.65,2.534364338342442,0.0,0.4426547180370918,402.7954521749327,343.5795897447376,59.2158624301951,17.7407640620918,7.2868063449935505,10.453957717098248,NB
frame_as_913.65_913.74,34.24752381770939,0.5099999999999909,-0.344527016060955,393.7717271777681,345.9833514533543,47.78837572441381,40.92028540595156,18.84469294998829,22.075592455963275,NB
frame_de_914.25_914.41,11.287131164715149,0.0,0.5459753049553087,406.1529954893532,349.85511119301106,56.29788429634209,7.065058286618765,2.5033265368180366,4.561731749800728,NB
frame_sa_914.41_914.51,1.5920195985155914,0.0,-0.4976971045928673,402.7533698290965,351.7654812347889,50.98788859430755,1.0454963803607882,0.2306722453271987,0.8148241350335894,NB
frame_i~s_914.51_914.63,8.794644232577852,0.0,0.0891151008869372,397.7059871605768,345.98324435020504,51.72274281037176,8.761388934297258,2.535790685503017,6.225598248794242,NB
frame_tSi_914.63_914.72,1.639427876986602,0.0,-0.3306891128858849,402.99004652015736,353.4982713704716,49.49177514968579,21.467047855570257,10.850769044956138,10.61627881061412,NB
frame_tuj_914.72_914.84,63.02392926258797,0.0,-0.2126398075969308,380.1412793810908,331.6355106089524,48.50576877213842,3.370846764799566,1.8001311423818294,1.5707156224177368,NB
frame_sa~w~_914.84_915.0,31.3998645723711,0.1499999999999772,-0.5567529148829516,398.9003787107968,344.3940424278159,54.50633628298084,12.111585208691878,7.853357623864085,4.258227584827793,NB
frame_a_915.15_915.21,23.855784180824017,0.0,-0.344527016060955,389.4169978610445,345.2466463075525,44.17035155349197,18.872295876209407,10.86685728471862,8.005438591490787,NB
frame_ko_915.21_915.3,30.681944845889817,0.0,-0.8331777803414494,403.2816043662263,353.2273370533468,50.05426731287946,27.19833157490754,17.69690690804164,9.5014246668659,NB
frame_me_915.3_915.41,21.520779804732555,0.0,-0.5198455044691827,400.5325753974544,351.71055965219773,48.82201574525669,21.757667212440538,10.231775181430663,11.525892031009874,NB
frame_saX_915.41_915.66,1.4099352365801965,0.0,-0.1147718832643925,404.0191316116351,338.8963511510618,65.12278046057327,10.7324187390293,4.852712918440091,5.8797058205892085,NB
frame_poX_915.66_915.79,41.58459264639367,0.0,-0.6852117621404015,409.71501533035394,354.1888743569801,55.526140973373856,25.17012833902757,15.021061266094534,10.149067072933036,NB
frame_Es_915.79_915.9,24.74562846449095,0.0,-0.3288483428525993,403.10536840914506,352.61248677626577,50.49288163287929,7.969519408450154,4.776029881098552,3.193489527351602,NB
frame_ta_915.9_915.98,75.14909940002542,1.0799999999999272,-0.4211120603264758,389.7361533970038,342.40971649934954,47.32643689765433,11.413585102906415,5.071501465165952,6.3420836377404655,TB
frame_bo~_917.06_917.3,17.502198075096715,0.0500000000000682,0.5174657118124374,406.4031434521634,345.3582542686022,61.04488918356122,25.93797230879744,11.126606827948592,14.811365480848847,NB
frame_ew_917.35_917.48,18.664955316836483,0.0,-0.3066813425842844,413.1359458382945,358.366879477368,54.769066360926445,21.068399959754046,5.536224932828674,15.532175026925373,NB
frame_es_917.48_917.55,91.13387197683632,0.0,-0.7330096663540809,395.8303955947976,348.4876746681438,47.34272092665378,1.9743073915375149,1.1707908786756676,0.8035165128618473,NB
frame_tow_917.55_917.67,6.955111115866856,0.0,-0.6852117621404015,409.7444136891164,355.4453975566943,54.2990161324222,17.95964995056528,10.04551205853761,7.914137892027668,NB
frame_dZi_917.67_917.8,9.751338705885416,0.0,0.0559828025745044,405.4764701931776,352.4654321638748,53.01103802930282,17.916893768601,4.5401361566565015,13.376757611944498,NB
frame_ze~_917.8_918.01,12.687882824917978,0.0,0.6929370045983587,410.0371603107412,347.22832825262014,62.80883205812109,16.117838002906495,4.330961168146729,11.786876834759768,NB
frame_du_918.01_918.28,19.07655836398172,0.0,2.056835611024081,418.2797794159831,347.1138394976123,71.16593991837084,89.91734304886609,31.58264980325947,58.334693245606616,NB
frame_u_918.28_918.31,11.867616097691212,0.0,-0.5908857106999551,397.0320122320171,352.602929487314,44.42908274470312,0.2571235481854899,0.1566240430985317,0.1004995050869581,NB
frame_e~_918.31_918.39,23.470531306335506,0.0,-0.1776120120079214,405.2483551923005,356.17093870923856,49.07741648306188,15.68887314381108,7.537819428415773,8.151053715395307,NB
frame_prEs_918.39_918.6,16.822344611515263,0.0,-0.3910124908398615,407.5478200236528,347.98600629778565,59.56181372586718,25.655267168347194,15.248050955730434,10.40721621261676,NB
frame_tSi~_918.6_918.66,13.00218085295296,0.0,-0.8376819483263676,401.3123788943511,355.00989260559265,46.302486288758416,16.10355621143202,12.485455621208132,3.6181005902238894,NB
frame_mu_918.66_918.72,6.509042836964113,0.0,-0.5908857106999551,397.7823479622144,351.8877227183299,45.89462524388455,3.3381510855713827,1.8177486253702853,1.5204024602010977,NB
frame_i_918.72_918.76,49.60622187491197,0.0,-0.4273570917523559,383.22407530412096,339.6888846573275,43.53519064679347,9.689263015092834,6.416147637937641,3.273115377155193,NB
frame_po_918.76_918.88,11.793228107662344,0.0,-0.3892797257366233,405.8069925483695,354.77123590551747,51.03575664285199,4.312330228295906,2.14852229253529,2.163807935760616,NB
frame_te_918.88_919.0,2.458155760362644,0.0,-0.5198455044691827,405.9159751740261,355.14660555324144,50.76936962078463,32.22617927302075,11.382177381006985,20.844001892013765,NB
frame_ka_919.0_919.26,27.469300623123612,0.0,0.4213234265942534,407.6545325300046,338.7942510752676,68.86028145473699,45.96354838268019,21.55191831715072,24.411630065529465,NB
frame_riu_919.26_919.43,43.75667530621021,0.25,-0.5240250706166291,405.1107880353377,348.7155545244481,56.39523351088957,25.406404298751085,7.777224095881905,17.62918020286918,NB
frame_ki_919.68_919.75,14.228516508263285,0.0,-0.524025070617728,409.4056930988801,359.8563284071263,49.549364691753794,3.000426778121465,1.234561224308521,1.7658655538129435,NB
frame_e~j~_919.75_919.82,9.181969539768431,0.0,-1.265798282768246,407.1653826332932,359.05686768842577,48.108514944867466,19.753028270973488,10.91445155045298,8.838576720520507,NB
frame_Ze_919.82_920.0,17.990290532539447,0.0,0.3328111430728338,410.775098956265,351.3793813628883,59.39571759337673,17.90974496026979,9.229731632633744,8.680013327636047,NB
frame_raw_920.0_920.21,0.7216232711076884,0.0,0.0383982052666491,410.3168656922721,347.081052172663,63.23581351960911,79.91953396357034,28.11434747503182,51.80518648853853,NB
frame_E_920.21_920.3,4.0067772282995975,0.0,-0.2666841948660438,407.59911347460366,356.8760859238419,50.72302755076174,19.712101247858985,10.121375140033877,9.590726107825104,NB
frame_a_920.3_920.37,18.866956951278908,0.0,-0.2679419717954341,399.9598333229143,354.5338011475178,45.42603217539647,6.270231831790426,3.928274915769336,2.34195691602109,NB
frame_ga_920.37_920.46,14.186010591793078,0.0,-0.4976971045919967,410.6573459763188,359.58932914014866,51.0680168361701,9.714062213403082,3.6336227082957606,6.0804395051073215,NB
frame_ra~_920.46_920.62,44.99863936719544,0.0,1.197073031417698,402.4823663812836,348.6802373439791,53.802129037304496,37.66734827510517,22.80591408867045,14.86143418643472,NB
frame_tSi_920.62_920.83,15.379197603401806,0.0,0.0559828025756034,406.4406541590682,344.64499320854827,61.7956609505199,19.300956618679947,6.019981905526365,13.280974713153585,NB
frame_a_920.83_920.88,46.175170883140936,0.0,-0.4211120603273465,397.8227720481469,352.23237028247746,45.59040176566941,4.811392493717648,2.991752885589449,1.819639608128199,NB
frame_majs_920.88_921.2,31.84646772857336,0.0,0.0383982052666491,403.7481352352056,331.0722096929194,72.67592554228622,31.747441077964467,16.394282601608396,15.353158476356072,NB
frame_sO_921.2_921.49,12.45363767304545,0.0,0.1950927604337213,408.5369926148249,339.9284143802174,68.60857823460748,14.94010405703969,5.182517177513972,9.757586879525718,NB
frame_li_921.49_921.57,62.26973715377181,0.0,-0.3306891128858849,398.62500974534703,350.8707032710646,47.75430647428237,6.429521133190832,4.364377900045952,2.06514323314488,NB
frame_da_921.57_921.71,58.26226765080963,0.0,-0.1147718832643925,393.3206375331693,343.17770017300444,50.14293736016487,6.717900307675521,4.3925757844597655,2.325324523215756,NB
frame_ki_921.71_921.81,80.20026864019434,0.0,-0.524025070617728,402.2884133013109,351.0635726387516,51.22484066255936,0.1509013960386127,0.0628854478100535,0.0880159482285591,NB
frame_a_921.81_921.92,71.8498542679122,0.0,0.0383982052666491,383.1169824499244,332.95950043814287,50.15748201178155,42.78976751932412,27.36076689830233,15.429000621021792,NB
frame_kaj_921.92_922.12,35.95545228120686,0.0,0.1915682937976908,401.7518307348138,343.92369122893973,57.82813950587405,17.73801899800847,7.078943131690465,10.659075866318004,NB
frame_Sa_922.12_922.21,76.36205921783522,0.0,-0.4211120603264758,396.2078152175451,349.8934738152116,46.31434140233347,22.400873968432684,17.236668807098013,5.164205161334671,NB
frame_kos_922.21_922.34,80.79126792800332,0.0,-0.9811437985424974,382.5417115282598,331.2171523379724,51.3245591902874,6.05574903174432,3.5925803826968874,2.4631686490474323,NB
frame_tu~_922.34_922.45,16.933496506149183,0.0,-0.4874682672399409,403.4205447717929,351.40352766301186,52.01701710878103,3.125448654151484,1.6039154991733255,1.521533154978158,NB
frame_ma_922.45_922.53,42.26253259509595,0.0,-0.5742821488583882,402.7799191689016,355.3030591954019,47.4768599734997,15.535872005023704,9.781019351293423,5.754852653730282,NB
frame_e_922.53_922.57,57.50412804387962,0.0,-0.7330096663516575,391.713676523585,347.731397914258,43.98227860932707,3.435191449469386,1.0929069564099336,2.342284493059452,NB
frame_zi_922.57_922.73,55.57857722487618,0.0,0.1526507814409755,398.24052228438615,343.77685678544464,54.46366549894151,14.732551902824513,5.020562816519544,9.711989086304968,NB
frame_ZiX_922.73_922.96,44.29746084536501,0.0,0.2493187603052486,402.9257895665395,340.14679195975543,62.77899760678406,23.64542093259439,10.803127980269096,12.842292952325296,TB
frame_un_922.96_923.05,63.74376994186164,0.0900000000000318,-0.5908857106999551,393.4599672379253,347.3637765569819,46.09619068094338,16.713463687312185,8.528652035908095,8.18481165140409,NB
frame_u~_923.14_923.28,6.714354271501321,0.07000000000005,0.0227952786838252,392.8774298350422,341.69893373960366,51.17849609543856,52.10754647804259,21.07324124490552,31.03430523313708,TB
frame_E_923.35_923.46,33.34153873918024,0.0,-0.1423558988908125,404.4162520901325,353.67295419001965,50.74329790011285,7.978003674716064,2.385866194893879,5.592137479822185,NB
frame_po_923.46_923.56,4.55310741461372,0.0,-0.6852117621404015,409.8252083582164,358.5020451693196,51.32316318889684,31.107136664673504,17.58799005890043,13.519146605773074,NB
frame_si_923.56_923.74,48.39617029996603,0.0,-0.2340211340205127,408.4017510190652,349.81562095439085,58.58613006467431,15.51284079729274,6.56846250287208,8.944378294420659,NB
frame_vew_923.74_923.87,48.13599198924595,0.0,-0.9461738282365558,411.3431527545731,358.92306186046136,52.42009089411175,16.771340523409606,8.38756439907067,8.383776124338937,NB
frame_ki_923.87_923.94,49.74579128888092,0.0,-0.5240250706166291,409.4452108805825,362.3388348218155,47.10637605876701,8.15918570695058,4.438864342807989,3.720321364142592,NB
frame_E_923.94_923.98,30.81111055862189,0.0,-0.5775049348023551,405.1822663781597,359.97683782257235,45.20542855558733,0.7757772491806634,0.4077099057504938,0.3680673434301695,NB
frame_la_923.98_924.04,23.9697978171684,0.0,-0.5742821488583882,410.0016176605721,363.92666883188974,46.07494882868235,8.71939874562625,5.047284243846661,3.672114501779589,NB
frame_e~_924.04_924.15,28.75215237294441,0.0,0.4752997504467886,403.1675738632419,352.6745403558236,50.49303350741832,39.78917739756194,29.07136792647344,10.7178094710885,NB
frame_pres_924.15_924.44,10.549051478431096,0.0,0.7591394668426303,407.6121155562256,340.91853822488724,66.69357733133842,17.843158871077463,8.668714881895454,9.17444398918201,NB
frame_tSi_924.44_924.52,7.100879241636335,0.0,-0.524025070617728,406.0602570393988,356.3272562559608,49.733000783438,7.141397721552067,4.8091784554315495,2.332219266120518,NB
frame_e~j~_924.52_924.58,25.06779785369605,0.0,-1.265798282768246,405.2232439655621,359.1228839728327,46.10035999272935,1.802694532755908,1.152708581177393,0.6499859515785147,NB
frame_ow_924.58_924.74,11.340736942853852,0.0,0.3505503652686166,410.0681592794781,354.4517311534603,55.61642812601781,10.267717948073797,3.934607946927372,6.333110001146423,NB
frame_tras_924.74_924.93,25.209482864237373,0.0,-0.344527016060955,406.85754020835054,349.2824534629235,57.57508674542697,22.384235658914847,11.450241328375483,10.933994330539363,NB
frame_ko~_924.93_925.08,28.30577291542977,0.0,-0.1815075808314142,409.5954695111277,352.7142506568889,56.88121885423874,36.61628082803964,19.08548554492873,17.530795283110905,NB
frame_dZi_925.08_925.14,61.06728752764696,0.0,-0.524025070617728,384.6068348395042,339.67568798349004,44.93114685601415,19.971800494085144,10.79847403044559,9.173326463639556,NB
frame_so~j~s_925.14_925.26,94.7430806653061,1.009999999999991,0.0,395.9330227360508,344.4035636422048,51.529459093846015,4.923671662490243,2.618622938179413,2.3050487243108293,TB
frame_kEX_926.27_926.45,282.6526453642599,0.0,-0.3910124908398615,411.80326766164006,354.1025245347636,57.70074312687649,65.03794530780846,21.952831516400693,43.08511379140776,NB
frame_dZi_926.45_926.62,116.1761681184432,0.0,0.3459867391717197,411.8105881348674,353.36703388849224,58.44355424637519,368.2347659334383,209.7691620657115,158.46560386772677,NB
frame_zeX_926.62_926.88,23.896852412419747,0.2400000000000091,-0.7330096663540809,393.003986768201,325.7495520275605,67.25443474064048,100.15269700545244,91.86040350611584,8.292293499336608,NB
frame_se~j~_927.12_927.64,27.892741693057644,0.6200000000000045,1.3458487670530688,411.2441390899068,318.4239389432526,92.8202001466542,334.9269995076014,276.13459441426465,58.79240509333677,NB
frame_si_928.26_928.43,13.08602653692374,0.0,0.2493187603052486,402.7512091111128,345.5213771652597,57.22983194585311,15.278509140499068,8.71340878222702,6.565100358272048,NB
frame_Se_928.43_928.56,8.847750342880659,0.0,0.1196469811855121,407.1905806337508,354.1263919386897,53.06418869506109,20.85293509063918,11.565575666246644,9.287359424392534,NB
frame_gaX_928.56_928.77,2.059027054659907,0.0,0.11498324953217,406.2545807097153,344.61541805971314,61.63916265000216,13.87917403774324,8.922108373260528,4.9570656644827125,NB
frame_a_928.77_928.8,1.0720319469653248,0.0,-0.5742821488583882,394.58940440217583,350.9058186436717,43.68358575850408,1.739751788419298,1.075444819022394,0.6643069693969039,NB
frame_u~_928.8_928.89,1.2095604227467902,0.0,-0.2606844690516004,404.745134057812,354.15994258801777,50.58519146979427,1.7885543298519195,0.7856472122694385,1.002907117582481,NB
frame_ma_928.89_929.04,12.812152380384362,0.0,-0.2679419717963048,404.29975855781805,348.69215561685155,55.6076029409665,19.58904686489288,11.333182634761684,8.255864230131195,NB
frame_ga_929.04_929.15,8.88808942348841,0.0,-0.4211120603273465,407.19163806838367,354.77207923461026,52.41955883377335,4.8975844005943685,2.0366716170225203,2.860912783571848,NB
frame_ra~_929.15_929.37,26.46871289206348,0.0,2.2932142478556043,401.6372185762978,341.97305711965055,59.664161456647264,26.351141635742053,13.212435268806033,13.13870636693602,NB
frame_tSi_929.37_929.59,14.449566603581715,0.0,0.4426547180370918,410.349521901858,346.28950584384074,64.06001605801725,7.881827191724994,1.7019450200612454,6.179882171663749,NB
frame_a_929.59_930.85,32.69141048209805,0.5299999999999727,8.845678295809382,400.3945535137733,233.36842654655845,167.02612696721482,38.09142758760596,20.68947316451448,17.40195442309148,NB
frame_Re_931.38_931.45,30.64304652670478,0.0,-0.9461738282365558,392.49366966608295,348.0406164367336,44.45305322934934,52.95129627714045,33.275808575604046,19.675487701536404,NB
frame_aw_931.45_931.97,90.59044710530198,0.0799999999999272,1.7998542233744994,406.76996763405936,314.9524763936998,91.81749124035956,699.8430547883898,574.3611565825942,125.48189820579567,NB
frame_i_932.05_932.09,120.13597697934728,0.0,-0.4273570917512569,375.7545210948738,333.32499471694854,42.42952637792524,3.826364914753441,2.0480999737116434,1.7782649410417974,NB
frame_po_932.09_932.26,63.653290456627815,0.0,-0.0933476893345272,405.4551642216475,350.1693203298997,55.285843891747845,5.1309938730876326,1.2076569460864306,3.923336927001202,NB
frame_te_932.26_932.38,84.93865977869012,0.0,-0.0935171806969627,404.0820405140096,354.5741878483841,49.507852665625535,75.60703361123603,35.20001126518122,40.40702234605482,NB
frame_ka_932.38_932.62,87.94512560720581,0.0,0.3447383823287325,403.5711572284664,338.1233574960196,65.44779973244681,14.840388504599233,6.473593871973819,8.366794632625414,NB
frame_ria_932.62_932.71,91.37874307556068,0.0,-0.524025070617728,402.1798472634131,352.03399463532634,50.14585262808674,2.626256912315455,1.5248800381386332,1.1013768741768215,TB
frame_i_932.71_932.84,11.876355781642417,0.0,0.4426547180370918,404.8173983040854,352.1689772920875,52.64842101199787,7.188285821423904,2.862554294653961,4.325731526769943,NB
frame_su_932.84_932.91,38.80301035264097,0.0,-0.5908857106999551,401.6740734529208,355.66722917686906,46.00684427605171,101.90211771257474,69.32995243033372,32.572165282241016,NB
frame_ew_932.91_932.99,7.290266366517926,0.0,-0.9461738282365558,407.3036963668984,357.96214753493786,49.34154883196055,15.439038798048784,9.911522363586698,5.527516434462086,NB
frame_na~w~_932.99_933.1,61.76813657944534,0.0,-0.9952094014606064,402.8922376189892,351.8205862128872,51.07165140610198,24.42234457538765,13.011551403338771,11.410793172048884,NB
frame_sej_933.1_933.19,117.85290918602666,0.0,-0.9461738282389792,381.9176555142285,334.88212739235576,47.03552812187269,2.275031661503128,0.5510807137935316,1.7239509477095964,NB
frame_majs_933.19_933.38,106.1268755799968,0.8300000000000409,-0.4211120603273465,402.5242842859747,344.2689845786744,58.25529970730031,390.21024520299545,163.9346218210523,226.27562338194315,TB
frame_dZi_934.21_934.29,25.58471904961061,0.0,-0.524025070617728,387.6293537630396,341.203859466907,46.42549429613257,7.629447434907973,5.916942733197487,1.7125047017104862,NB
frame_kwaw_934.29_934.36,41.401172519992656,0.0,-0.5908857106999551,413.7609911092924,364.7984251210126,48.96256598827984,20.66068372454137,13.294085311961451,7.366598412579918,NB
frame_kEX_934.36_934.57,16.278572656811633,0.0,-0.4211120603273465,411.7504380849695,349.43356781872666,62.3168702662428,123.3251882216682,33.439321809762305,89.88586641190591,NB
frame_ma_934.57_934.69,28.32264510995188,0.0,-0.5742821488575176,410.51712743293655,355.69129403121525,54.8258334017213,20.32283543337577,11.73141582982592,8.591419603549852,NB
frame_nej_934.69_934.88,10.063221049480433,0.0,0.545975304957732,413.80616406564366,352.91027841751225,60.89588564813141,47.41047657390578,16.38473349188007,31.025743082025716,NB
frame_ra_934.88_935.05,64.43417787831244,0.07000000000005,0.2681533380632117,404.1211446706874,349.4434863735098,54.67765829717757,1.9752815102994528,1.1152479949980858,0.8600335153013674,NB
frame_a_935.12_935.29,8.540756516909,0.0,0.4979084708597742,408.39505387131896,349.0954571846802,59.29959668663878,38.04692259947608,28.25544896558796,9.791473633888115,NB
frame_i_935.29_935.52,7.453299335287511,0.2599999999999909,1.4093345066919116,407.14536996846914,344.27614138640314,62.869228582066,134.53049973137996,67.48571262779103,67.04478710358894,NB
frame_a_935.78_935.81,21.47563410518913,0.0,-0.5742821488583882,391.9243264330346,348.4318583684827,43.49246806455187,1.2682699908178563,0.5575296741728408,0.7107403166450155,NB
frame_i~s_935.81_935.87,30.92159338247525,0.0,-0.8376819483237334,399.5767439161484,353.62733228934053,45.94941162680789,2.854614108549228,1.392190127410828,1.4624239811384,NB
frame_tSi_935.87_935.94,80.19206449756176,0.0,-0.4273570917512569,382.18759276851614,338.37340908971936,43.81418367879678,3.0830884719645084,2.152775163931772,0.930313308032737,NB
frame_tuj_935.94_936.12,14.999394912073058,0.0,0.1656060955075267,395.9326131691576,340.3609644261508,55.57164874300679,7.672553390047355,3.4083379001472736,4.2642154899000815,NB
frame_sa~w~_936.12_936.39,25.833036683698992,0.0,-0.5567529148854439,404.53532068578687,338.641174578051,65.89414610773588,44.509315701027816,24.429874758864003,20.079440942163814,NB
frame_E_936.39_936.5,38.43890978292475,0.0,-0.1423558988908125,406.1032145242469,353.6786409665515,52.42457355769545,15.231985716553922,7.846110958188845,7.385874758365077,NB
frame_ke~j~_936.5_936.76,18.69308685602239,0.0,-0.1776120120079214,405.3442675999723,337.19425605852507,68.15001154144721,22.11613968561593,10.178342497650265,11.937797187965671,NB
frame_i~_936.76_936.84,57.59187965864818,0.0,0.320814363189605,394.8944892242665,347.72573605818263,47.16875316608389,13.36780226185283,8.806286043914355,4.561516217938475,NB
frame_po~j~_936.84_937.18,30.109890475713257,0.0,-0.0417129223042331,409.7113143243299,334.2014928254818,75.50982149884811,49.625775761036,20.464770963508386,29.16100479752761,NB
frame_ajs_937.18_937.32,78.28397297824941,0.0,-0.4211120603264758,381.2516056613749,331.01667972736,50.23492593401505,2.7882461351727983,1.2438501573464436,1.5443959778263547,NB
frame_ko~_937.32_937.42,62.59033316034048,0.0,-0.880480873476855,399.74883928394985,349.74419237028513,50.00464691366472,43.3715206713809,26.43807930504232,16.933441366338577,NB
frame_dZi_937.42_937.51,74.39641964478893,0.0,-0.2340211340216117,389.19297526383485,341.73902834512734,47.45394691870752,3.34922396777187,2.756235110205921,0.592988857565949,NB
frame_so~j~s_937.51_937.63,78.86518987933468,1.3700000000000043,0.0,386.6275335569177,334.53203727182154,52.09549628509615,9.890072800732682,6.651670819983828,3.238401980748854,TB
frame_un_939.0_939.15,88.55177121658916,0.0,-0.5908857106999551,410.650410707953,354.08528132733244,56.56512938062059,8.52470354197591,4.235584427056807,4.289119114919103,TB
frame_u~_939.15_939.46,85.1430618766385,0.0,0.9866264209855616,410.6322645817418,336.7754414421425,73.85682313959927,8.743779641113306,4.817135843105021,3.9266437980082856,NB
frame_i_939.46_939.49,256.45500156882423,0.0,-0.524025070617728,394.1324315771398,349.793634882094,44.3387966950458,9.2575069690227,4.771573224432359,4.485933744590341,NB
frame_u_939.49_939.53,84.80515240874651,0.0,-0.464803742998947,399.5290231044425,356.43600625078443,43.09301685365807,2.4283219321249163,1.4332648283208158,0.9950571038041004,NB
frame_a_939.53_939.62,115.69851811104196,0.0,-0.1147718832643925,395.9761985951886,348.80843718946494,47.16776140572364,36.65838934793675,24.40398280657702,12.254406541359728,NB
frame_pe_939.62_939.75,85.62809284532801,0.0,0.1196469811879355,405.6446609841862,353.7123576533794,51.9323033308068,16.490799194485874,8.656463952613933,7.83433524187194,NB
frame_so_939.75_939.95,90.46471567150677,0.0,-0.2413137075355752,404.7400090439664,346.43429110114084,58.30571794282565,9.581292311999874,3.60056783263974,5.980724479360134,NB
frame_a_939.95_939.98,127.8158171512883,0.0,-0.5742821488583882,369.53646432374734,329.62244738514386,39.91401693860348,0.3417368353232533,0.1021832363083277,0.2395535990149255,NB
frame_ki_939.98_940.04,128.21985221705398,0.0,-0.524025070617728,385.8308504698624,340.63387833590315,45.196972133959264,9.681224064674431,4.938858494068427,4.742365570606005,NB
frame_pe_940.04_940.17,96.68885971158127,0.0,-0.3066813425842844,406.1544185809574,351.4900993175131,54.66431926344427,5.306564827541052,2.1387725729533718,3.167792254587681,NB
frame_dZi_940.17_940.24,98.44300116376849,0.0,-0.524025070617728,397.5813282049724,350.143396852761,47.437931352211365,0.3840958717615592,0.1352523794075182,0.248843492354041,NB
frame_e~_940.24_940.28,113.87238930750232,0.0,-1.0481610286166758,380.0566480549723,338.41582512810595,41.64082292686635,18.1875960497764,7.155089704361089,11.032506345415309,NB
frame_pres_940.28_940.51,89.12131880477233,0.0,-0.0935171806969627,402.9391162647321,342.8254854516628,60.113630813069335,393.4069750039304,174.56619416836958,218.84078083556085,NB
frame_ta_940.51_940.67,102.06600274863968,0.0,-0.1147718832652631,402.5021622198696,347.7924323683762,54.70972985149336,2.350332913309145,1.651379593588132,0.6989533197210136,NB
frame_du_940.67_940.82,56.82863605192102,0.3199999999999363,0.4177700309095429,400.4400308518017,345.9022041148904,54.537826736911256,122.97397229502327,72.64322269275678,50.33074960226649,NB
frame_e~j~_941.14_941.24,20.025276357364334,0.0,-0.8305237744626316,408.9536168285268,357.3704647201233,51.58315210840345,11.749103716250232,5.161384750896218,6.587718965354014,NB
frame_ba~_941.24_941.47,13.287926576870944,0.0,1.197073031417698,408.3366845140089,345.85456436215463,62.48212015185419,51.09925521723187,26.95053276627144,24.148722450960435,NB
frame_kus_941.47_941.58,4.941674505670846,0.0,-0.5908857106999551,396.53957384631553,344.3477388691718,52.19183497714374,14.107326533376323,7.654441095142829,6.452885438233494,NB
frame_E_941.58_941.61,16.135140809227323,0.0,-0.6396690827896173,401.3174818358656,356.29049255538524,45.02698928048039,0.1986626318609694,0.1262104470404779,0.0724521848204915,NB
frame_a_941.61_941.66,13.459530615390603,0.0,-0.4211120603273465,404.17312900680906,357.9692164811433,46.20391252566577,2.6742892059843086,1.70484840856264,0.9694407974216688,NB
frame_mez_941.66_941.79,50.73425944904287,0.0,-0.9461738282389792,402.7394663641506,348.54397176227855,54.1954946018721,43.61577989282927,10.305250178354925,33.31052971447434,NB
frame_ma_941.79_941.91,63.02651109103604,0.0,-0.4211120603273465,399.2657614618863,349.16007436001416,50.10568710187215,68.95928887736704,24.86101792356993,44.09827095379711,NB
frame_koj_941.91_942.33,8.383527614896138,0.0,1.9781765654818264,410.6296809388717,326.9888766674067,83.64080427146496,358.4162085266158,241.74334279964253,116.67286572697324,NB
frame_za_942.33_942.43,130.73561662434702,1.830000000000041,-0.4976971045928673,385.26589999481394,338.2212369671426,47.04466302767133,44.80626877012941,34.150743718766364,10.655525051363044,TB
frame_u_944.26_944.44,33.136035846534895,0.0,1.300343804818033,402.8529114693395,343.9913043127952,58.86160715654432,270.5553429042803,186.30943201145357,84.24591089282674,NB
frame_ba~_944.44_944.62,47.01890973851465,0.0,0.7586165448425357,414.39079379921753,355.2486240291909,59.14216977002661,52.291932628454845,24.24661385797853,28.045318770476317,NB
frame_ku_944.62_944.75,62.76618100378789,0.0,-0.5908857106999551,407.2172132276139,351.7749275057713,55.44228572184261,59.35019214880143,35.185913195786384,24.16427895301504,NB
frame_na~w~_944.75_944.92,39.88304361159845,0.0,-0.7759811581705328,412.70499888794194,353.52796448486737,59.17703440307457,26.35476415781855,10.33548622059567,16.01927793722288,NB
frame_o_944.92_945.07,68.68865679258472,0.0,0.7944484198734428,408.515489050033,354.32901521050377,54.18647383952924,130.3303854273256,83.39671171590341,46.933673711422216,NB
frame_pe_945.07_945.3,17.92459420884785,0.0,2.2512886000369186,413.433422468909,347.86883923506,65.56458323384908,48.84092225283021,25.562384348028218,23.278537904801997,NB
frame_ra_945.3_946.26,82.37976343743787,0.4199999999999591,6.241786790779061,407.3588655236461,268.9688241212849,138.3900414023612,52.61100484627504,38.98557618359612,13.625428662678914,NB
frame_kwa_946.68_946.96,7.177722892149674,0.0,0.5744935151261658,406.3801620396001,338.1363059359392,68.2438561036609,30.884659583438605,6.289168408660032,24.595491174778573,NB
frame_zi_946.96_947.04,5.881730932675978,0.0,-0.3306891128869838,399.77663521829857,352.4765010224452,47.30013419585339,6.465300253975386,4.38082282445103,2.0844774295243558,NB
frame_ki_947.04_947.2,9.09854476827502,0.0,-0.2340211340205127,398.7767548402113,344.92648674239115,53.85026809782022,7.86957027706525,2.956004941746926,4.913565335318324,NB
frame_ko~_947.2_947.7,15.144342147074155,1.1099999999999,4.152126833565234,407.34804867591527,313.7017557255764,93.64629295033892,33.09306279943651,19.354383267874923,13.738679531561589,NB
frame_ko~_948.81_948.96,19.204138721977472,0.0,-0.3213022393601845,409.86201919962417,352.5855542777102,57.276464921914,17.571191963554128,8.725589342882103,8.845602620672025,NB
frame_ga_948.96_949.08,14.315339535268862,0.0,-0.2679419717954341,411.3913555599232,359.879232530781,51.51212302914223,9.641482106735523,3.6305695162705542,6.010912590464969,NB
frame_ra~_949.08_949.23,39.76105978073189,0.0,0.7586165448425357,410.5360855680497,355.88699011384614,54.649095454203575,18.855462176236745,10.816541170110725,8.038921006126017,NB
frame_tSi_949.23_949.33,18.133835670130157,0.0,-0.5240250706166291,410.4384021978772,358.2517761813891,52.186626016488106,15.39454465536663,7.008533908857672,8.386010746508958,NB
frame_a_949.33_949.36,26.08394183952248,0.0,-0.5742821488583882,378.7548218140214,337.9201258494458,40.83469596457559,10.460131174253831,6.808006940420171,3.6521242338336606,NB
frame_i_949.36_949.39,33.73075447725142,0.0,-0.524025070617728,374.3416513229576,333.1784238865454,41.16322743641223,5.337792947890819,3.5679592125694626,1.769833735321356,NB
frame_po_949.39_949.52,27.219412559192648,0.0,-0.3892797257383054,409.0255619909088,355.960996709259,53.06456528164984,11.508515270721176,3.837500803631144,7.671014467090032,NB
frame_te_949.52_949.66,204.3607892219421,0.0,0.1196469811855121,404.7537123783692,353.14790388735514,51.605808491014045,251.1697532408558,103.85331385191762,147.3164393889382,NB
frame_ka_949.66_949.88,44.41047007033396,0.0,0.3447383823287325,403.25471320297385,340.82908243042414,62.42563077254971,15.390153188485115,5.991997563164745,9.39815562532037,NB
frame_ria_949.88_949.98,58.73054716400168,0.0,-0.5240250706166291,397.8156101668383,349.5910043740544,48.22460579278385,2.7359352081638093,1.6985798013960505,1.0373554067677588,NB
frame_ki_949.98_950.07,23.512953748864334,0.0,-0.5240250706166291,400.2882655180538,350.02036204475843,50.267903473295405,58.79463639655182,31.400008869129834,27.39462752742199,NB
frame_ew_950.07_950.17,255.745216100702,0.0,-0.9461738282389792,400.720210008109,351.7480391713973,48.972170836711655,48.47899470465637,26.149966466943056,22.32902823771332,NB
frame_saj_950.17_950.48,71.46507074907989,0.0,0.1915682937976908,397.2551543877364,327.05311931766323,70.20203507007318,6.283905707789387,2.707168490319006,3.576737217470381,NB
frame_ba_950.48_950.59,79.7029828953751,1.1399999999999864,-0.4211120603264758,395.70856548299423,344.5270723169616,51.181493166032624,13.584234062537313,7.209272516499681,6.374961546037632,TB
frame_majs_951.73_951.93,67.47518060226375,0.0,-0.344527016060955,405.4634253837565,344.7751246206336,60.68830076312298,20.57976992890008,7.564234350571496,13.01553557832858,NB
frame_a_951.93_952.08,28.84163867410544,0.0,0.3447383823296032,410.6509643534736,354.1661806023663,56.48478375110733,7.787391426833096,4.244631408053095,3.542760018780001,NB
frame_i_952.08_952.24,12.727594935160198,0.0,0.732658654633208,406.90207757301806,349.6044433948729,57.29763417814519,51.9711402983269,25.30599799716626,26.665142301160643,NB
frame_e_952.24_952.52,47.59370370808733,0.0,4.382930218888325,403.7906811615192,333.4739105434744,70.31677061804476,79.75914135034037,22.468288235747423,57.29085311459295,NB
frame_zi_952.52_952.77,24.145975359717283,0.0,0.9259946123639522,406.6287501831676,339.79659048778706,66.83215969538054,31.723262295886883,10.099779215487018,21.623483080399865,NB
frame_Zi_952.77_953.02,14.562146321264803,0.4200000000000727,0.9259946123639522,399.9437808780991,338.5764182742206,61.36736260387846,53.69973827539451,23.868416768342883,29.831321507051623,NB
frame_u~_953.44_953.56,21.80544096749368,0.0,-0.0905966204109896,408.7213241052562,354.0617430045861,54.659581100670096,6.401545505974866,1.89503610672962,4.506509399245246,NB
frame_a_953.56_953.64,30.854517897753183,0.0,-0.1913569275299133,402.9616856392251,356.2739176153487,46.6877680238764,8.008762760883172,3.460162866560111,4.548599894323061,NB
frame_va_953.64_953.78,22.86232463072298,0.0,-0.191356927530784,407.3019160149962,352.7891527012586,54.5127633137376,18.902384797885247,11.272111780720463,7.630273017164782,NB
frame_lis_953.78_954.01,11.5534455674224,0.0,0.0559828025756034,407.5943611501749,343.67381929563084,63.92054185454407,27.46351037312689,8.307757682010916,19.15575269111598,NB
frame_ta_954.01_954.15,36.20256571342577,0.0,-0.3445270160618257,405.7170098993009,352.27516418715123,53.4418457121497,13.873585187246718,9.104751021765397,4.768834165481323,NB
frame_dZi_954.15_954.25,52.66959536287678,0.0,-0.1373531551551407,389.42181878196527,339.9448623580574,49.47695642390789,34.61817317865241,12.828059716805072,21.79011346184734,NB
frame_ko~_954.25_954.41,23.87607063302434,0.0,-0.1815075808330034,406.4152082897921,349.46674854576145,56.94845974403063,293.8070822235643,249.05338357093544,44.75369865262887,NB
frame_fi_954.41_954.58,2.522653337866217,0.0,-0.4273570917512569,409.02794954136186,351.1244965793316,57.90345296203026,97.27592153782936,26.09047550145661,71.18544603637275,NB
frame_a~_954.58_954.7,71.3849410032492,0.0,0.9778447881301168,402.706765013845,352.88371514335114,49.82304987049389,16.50644471632677,4.496712988982267,12.0097317273445,NB
frame_sa_954.7_954.8,60.283127820102266,1.3600000000000136,-0.5742821488583882,385.3611864692791,336.4307899302393,48.93039653903975,27.694053449528525,14.824302895650362,12.869750553878164,NB
frame_i_956.16_956.35,41.73537657570577,0.0,1.0226625912304232,409.12769685169775,352.4847967520403,56.64290009965743,26.077184300313263,10.744668712084888,15.332515588228375,NB
frame_pri~_956.35_956.54,51.5307103890392,0.0,0.5525136254896386,408.4165278402381,350.06881482643826,58.34771301379993,33.24804727579367,17.429911002847916,15.81813627294575,NB
frame_si_956.54_956.67,27.16722423777685,0.0,-0.3306891128869838,407.8504064661253,355.07261857187285,52.77778789425247,2.998408944848734,1.282554345061527,1.7158545997872068,NB
frame_paw_956.67_956.87,3.809978420799865,0.0,-0.4976971045928673,407.9002654510508,347.4737435322387,60.426521918812114,43.58770084076821,20.394453135625355,23.19324770514285,NB
frame_me~_956.87_957.16,0.6183708996238408,0.0,2.434035037810919,410.01007800775176,340.71051601836984,69.29956198938191,45.27802841972152,21.06270588918676,24.215322530534763,NB
frame_tSi_957.16_957.29,109.71628060863242,0.0,-0.2340211340216117,405.72827795863554,351.1505640703533,54.57771388828229,88.28243853147754,52.2100538935689,36.07238463790864,NB
frame_u_957.29_957.46,34.23141998765044,0.0,1.1742618371170248,410.12978204914367,354.89707915139087,55.2327028977528,192.88323636486095,155.22702976711474,37.65620659774624,NB
frame_ki_957.46_957.57,9.44882343613017,0.0,-0.5240250706166291,411.45730274555865,361.0727479070068,50.38455483855188,34.17569811550388,24.648817103740868,9.52688101176301,NB
frame_u_957.57_957.62,39.610370599688906,0.0,-0.3387217752979389,393.8211418988205,348.27666480117966,45.54447709764082,40.0658562189886,27.425478544213743,12.640377674774854,NB
frame_ba~_957.62_957.85,60.1903913195174,0.0,0.9778447881301168,405.6069845420725,344.06269603525703,61.544288506815406,12.755120161224369,4.312456919389476,8.442663241834893,NB
frame_ku_957.85_958.02,62.65797740790889,0.0,0.1656060955075267,403.9222650563228,347.00160194986586,56.920663106456914,16.65835085116808,7.040700738999036,9.617650112169043,NB
frame_kEX_958.02_958.38,74.60612309761807,0.67999999999995,0.6036138769570413,407.6835047344149,332.34601690631064,75.3374878281042,82.4923079967672,58.92008150047273,23.572226496294466,NB
frame_E_959.06_959.17,31.034690925370256,0.0,-0.1423558988908125,413.7640151356449,362.1006055602919,51.66340957535306,17.319979991918544,4.203340121513918,13.116639870404626,NB
frame_ki_959.17_959.38,21.359086965533464,0.0,0.0559828025756034,410.0184995862399,349.79684613073147,60.22165345550843,102.75425146988852,30.16566679112279,72.58858467876573,NB
frame_ke~j~_959.38_959.61,62.79456667952209,0.0,-0.1776120120103957,410.8593927046118,349.5058514758598,61.35354122875202,38.00929128160056,19.039347883277884,18.96994339832267,NB
frame_pe_959.61_959.78,12.69191561894388,0.0,0.3328111430704104,411.7683875480142,354.0841335499484,57.6842539980658,374.1202867236755,313.5730163826537,60.54727034102187,NB
frame_dZi_959.78_959.84,52.90357716503158,0.0,-0.5240250706166291,404.44534371441057,357.6506549474133,46.7946887669973,0.4869547115574875,0.1383129147998545,0.3486417967576329,NB
frame_e~_959.84_959.91,72.40990464288666,0.0,-0.3952492661619657,396.3956582162297,350.592886838568,45.80277137766171,11.798595253515783,6.041698592964764,5.756896660551021,NB
frame_pres_959.91_960.15,18.11678475454852,0.0,0.1196469811879355,408.7642377712871,345.31307493799943,63.4511628332877,128.43333758115253,78.66068110137599,49.77265647977654,NB
frame_ta_960.15_960.39,10.598495492484515,0.0,0.5744935151252951,403.7762208336137,339.04546888482207,64.73075194879164,44.954272470397,19.18629800461804,25.767974465778963,NB
frame_du_960.39_960.51,25.696220668428765,0.6699999999999591,0.0395241278065186,398.98661391873054,349.2754985770498,49.71111534168074,26.75514526539999,11.937143704944503,14.818001560455484,NB
frame_te~_961.18_961.37,5.3799871906588805,0.0,0.4752997504467886,415.7462567933365,354.2642682455185,61.48198854781799,43.12508702464021,18.097278516213635,25.02780850842657,NB
frame_Ja_961.37_961.76,3.2884302087053072,0.1499999999999772,0.8042486479227283,404.4438585273512,329.0588311224393,75.38502740491185,16.104228447645482,8.273305369141127,7.830923078504355,NB
frame_u~_961.91_962.88,2.996837879259374,0.0,4.728559091096403,405.37915060395056,263.84013721661665,141.5390133873339,37.668366140237296,12.32008766890266,25.34827847133464,NB
frame_sEX_962.88_963.34,1.0932603996354544,0.0,0.230628989032761,406.59338825136666,323.7052822965906,82.88810595477605,23.17029036071399,11.01999249280894,12.150297867905053,NB
frame_tu_963.34_963.6,8.2349502095461,0.0,1.1742618371170248,399.6852816016628,335.3669156503363,64.31836595132648,103.27471418036497,32.01572249308117,71.25899168728378,NB
frame_saw_963.6_964.11,1.0207436854527714,0.0,0.2681533380640823,408.5030439766283,315.8755775052337,92.62746647139464,17.27911928969891,6.62739222482648,10.651727064872432,NB
frame_du_964.11_964.25,0.9018947609811788,0.0,0.1656060955075267,408.3964615004396,353.13793858342467,55.25852291701494,18.3289624247528,6.399565154195614,11.929397270557187,NB
frame_mE_964.25_964.61,18.06154553517797,0.0,0.4792855809825168,409.3149981647192,331.8850952935768,77.42990287114236,31.255232980014696,14.759039912214035,16.49619306780066,NB
frame_dZiu_964.61_965.09,28.671659903137492,0.0,1.1193305700957954,403.7762167264536,314.76676247294705,89.00945425350656,84.64815052373947,32.56309997669409,52.08505054704539,NB
frame_dZi_965.09_965.7,28.79536344350018,0.0,4.599377809252487,409.9544087263279,304.91886612146186,105.03554260486604,8.000353898715645,3.201432867770322,4.798921030945323,NB
frame_de_965.7_965.83,1.491691738123194,0.0,-0.306681342581861,409.1360612107744,355.8858407055215,53.25022050525291,84.88302192943696,62.53723246720927,22.3457894622277,NB
frame_pO_965.83_966.16,52.2068578051602,0.0,0.9011427505752422,405.7262622471592,332.47821226102474,73.2480499861345,20.95726490371662,8.864174327753176,12.093090575963444,NB
frame_zi_966.16_966.26,67.42625201395823,0.0,-0.3306891128869838,390.0867272365468,341.66781644397105,48.41891079257573,15.668846284996016,7.364311727551765,8.30453455744425,NB
frame_tus_966.26_966.48,77.04340958832536,1.0299999999999727,-0.0865578398944894,387.57973997525903,327.20247533626093,60.3772646389981,10.270882860989794,5.893266808609411,4.377616052380382,TB
frame_u_967.51_967.58,68.41372945904901,0.0,-0.0865578398944894,394.2543477016047,347.6157461074762,46.63860159412849,2.0773237683195878,1.6193201713410872,0.4580035969785001,NB
frame_ba~_967.58_967.75,28.34200856119088,0.0,0.3201600582673732,412.25307879391033,353.9319470768434,58.32113171706692,42.091297320742,14.06406277465092,28.02723454609108,NB
frame_ku_967.75_967.84,29.96125829951538,0.0,-0.5908857106985217,402.6931208907796,352.86339586743605,49.82972502334354,1.9524036901125608,1.2214238716512966,0.7309798184612646,NB
frame_na~w~_967.84_967.94,59.80604162083949,0.0,-0.9952094014606064,406.1955976090003,356.68691487247486,49.50868273652543,24.528978417982103,13.84307436678165,10.685904051200453,NB
frame_e~_967.94_968.01,84.20479708830928,0.0,-0.3952492661619657,394.7372131556213,349.42451924210843,45.31269391351288,2.2848278339819927,0.8609353552673156,1.4238924787146772,NB
frame_pres_968.01_968.3,64.46379382124383,0.0,0.3328111430728338,404.4324400233292,338.5008064748632,65.93163354846592,9.5381798721328,3.4835267880751672,6.054653084057634,NB
frame_ta_968.3_968.41,90.60372506248208,0.0,-0.4976971045928673,400.4647200543115,348.79827956673006,51.66644048758144,41.5003871489015,22.61421586178196,18.886171287119545,NB
frame_a_968.41_968.44,107.183650853941,0.0,-0.5742821488575176,371.8774099808286,331.36431702092534,40.5130929599033,1.300431862529997,0.7470984416312092,0.5533334208987881,NB
frame_kwaw_968.44_968.57,86.54267212919933,0.0,-0.2126398075954974,400.5040394980834,348.3406387553793,52.16340074270408,48.01952784867243,18.869212347327064,29.150315501345368,NB
frame_kEX_968.57_968.75,107.7927849002323,0.0,-0.5742821488583882,401.0708465244209,345.9047873336082,55.16605919081269,2.491665285103231,1.4801312512062808,1.0115340338969503,NB
frame_pe_968.75_968.88,244.32706733330323,0.0,0.1196469811879355,400.3300518331786,348.11807015315685,52.21198168002178,13.62177751080668,6.513010059360852,7.1087674514458286,NB
frame_so_968.88_969.13,90.14345626297698,0.0,0.0546183288665207,395.6460338926021,332.03417862323016,63.61185526937197,10.23885727053431,4.88249451705947,5.356362753474841,NB
frame_a_969.13_969.18,28.914183978857807,1.07000000000005,-0.4211120603273465,380.46652988914775,337.5739442819502,42.89258560719753,47.76155732538376,29.93142885497778,17.83012847040598,TB
frame_e_970.25_970.31,54.265017318113735,0.0,-0.3066813425842844,398.3512784940831,354.2650167498376,44.08626174424552,0.6093567498814281,0.3051582685049681,0.30419848137646,NB
frame_li_970.31_970.37,50.345731956518975,0.0,-0.524025070617728,400.7665031202368,355.0460982044592,45.72040491577758,1.9333430480558464,1.0994618316569955,0.8338812163988507,NB
frame_e~_970.37_970.42,71.93469802215141,0.0,-0.8305237744651058,388.8327623406636,345.4341575958769,43.39860474478667,24.553571088425272,10.78033058771014,13.773240500715133,NB
frame_pres_970.42_970.68,21.151546656311808,0.0,0.3328111430728338,407.0094601155248,341.120439258013,65.88902085751181,5.022060274247025,1.8097042737034317,3.2123560005435934,NB
frame_ta_970.68_970.77,16.68721606100017,0.0,-0.4211120603273465,405.65063876377246,355.69358360563973,49.95705515813273,3.739838782148283,1.7685843795615313,1.971254402586752,NB
frame_a_970.77_970.8,23.34752084974332,0.0,-0.5742821488583882,379.31983877107257,336.52100940427704,42.79882936679553,6.70860504080585,2.300673955307431,4.407931085498419,NB
frame_de_970.8_970.87,22.549947636332988,0.0,-0.7330096663540809,404.683686659804,357.29725483964285,47.38643182016119,1.8526904260322536,1.1825389555496884,0.6701514704825655,NB
frame_po_970.87_971.06,32.97109694997174,0.0,-0.3892797257383054,405.1114890296533,346.0324248344999,59.07906419515336,64.50369430024301,18.780749018840808,45.7229452814022,NB
frame_zi_971.06_971.23,29.208954504499214,0.0,0.4426547180370918,403.8557406757868,347.35712820393337,56.49861247185345,12.429880751727763,5.136184057627389,7.293696694100376,NB
frame_ta~_971.23_971.4,36.18260817500686,0.0,0.7586165448425357,403.6761420716416,347.4000732105053,56.2760688611362,10.4667325310771,4.997087948763976,5.469644582313123,NB
frame_tSis_971.4_971.56,44.55195542341261,0.0,0.1526507814409755,389.9202090930893,334.25231319005786,55.66789590303142,182.639616241062,142.58189393716336,40.05772230389867,NB
frame_sews_971.56_971.59,17.03352754438565,0.75,0.0,391.7839630734794,348.0849519459512,43.69901112752825,3.3385441545085257,0.953371924700818,2.385172229807708,TB
frame_a_972.34_972.42,107.78225266583472,0.0,-0.191356927530784,411.4008050861988,361.1699803115317,50.2308247746671,33.50352341926941,18.99165580841145,14.511867610857962,NB
frame_i_972.42_972.49,198.4965061361193,0.0,-0.1373531551551407,411.0003037870048,363.1178960829324,47.88240770407248,11.426003264156408,2.520214933100533,8.905788331055874,NB
frame_a_972.49_972.56,56.31721222215242,0.0,-0.2679419717963048,403.6181916144293,355.5359225740991,48.08226904033012,103.73411136670634,75.96074298064951,27.77336838605683,NB
frame_ga_972.56_972.66,61.81844256431785,0.0,-0.4211120603273465,410.4989819891829,358.4084796098712,52.09050237931172,21.02353083090665,9.90464264587908,11.118888185027572,NB
frame_ra~_972.66_972.82,114.03559815443133,0.0,1.197073031417698,404.1706321412597,348.8551457765062,55.3154863647535,26.20001422587758,16.166410788438526,10.033603437439057,NB
frame_tSi_972.82_972.89,15.114463260546016,0.0,-0.524025070617728,398.8496799603349,353.04726738427416,45.80241257606076,18.01145177654007,6.8838098237161205,11.12764195282395,NB
frame_a_972.89_972.92,16.841566823674043,0.0,-0.5742821488583882,391.8176511977355,348.6324920087469,43.18515918898856,32.06574201512629,22.049767084937685,10.015974930188603,NB
frame_E_972.92_972.95,85.07105877988874,0.0,-0.6396690827889107,390.6300677625521,347.65377691932514,42.97629084322693,2.799938627941572,1.5357068254899104,1.2642318024516612,NB
frame_u~_972.95_972.99,102.41725588815774,0.0,-0.5441642167876706,392.4888443068413,349.1079563090381,43.3808879978032,27.045089425746998,15.475626281474774,11.56946314427222,NB
frame_ma_972.99_973.11,68.26191764450078,0.0,-0.4976971045928673,401.8536209303179,347.99684426759256,53.85677666272528,126.22171837821114,53.53553952789639,72.68617885031475,NB
frame_le_973.11_973.25,83.18400036082582,0.0,-0.0935171806969627,407.02193079880095,353.23659805805846,53.78533274074249,18.46193356656633,10.553729506904943,7.908204059661386,NB
frame_tra_973.25_973.38,86.95144622152488,0.0,-0.3445270160618257,406.6000574933635,352.52765443076896,54.07240306259456,6.132797424138701,2.9435328346230136,3.1892645895156875,NB
frame_pro_973.38_973.55,66.34070946765283,0.0,-0.5372457439393534,405.3861923771253,348.1751771114065,57.2110152657188,21.773482624354017,11.819844027859602,9.953638596494416,NB
frame_mi_973.55_973.69,6.473220017741738,0.0,-0.5240250706166291,400.4066390632999,349.40193471176343,51.00470435153642,31.89509190613026,12.93848892372128,18.95660298240898,NB
frame_sO_973.69_973.97,55.62188801925416,0.0,0.5481177555064884,402.2494310082427,336.0154338887754,66.23399711946729,155.33187125969795,102.66865687624168,52.66321438345626,NB
frame_ria_973.97_974.11,39.92849781979538,0.67999999999995,-0.524025070617728,391.243539434162,342.9538172046073,48.28972222955469,90.1367794442304,26.738296646908623,63.398482797321776,NB
frame_u_974.79_974.83,71.17233415538752,0.0,-0.4648037429975136,385.4581557856094,343.0873202673845,42.37083551822491,5.614956140146937,2.013002654478996,3.6019534856679414,NB
frame_ve~_974.83_974.99,22.636576167814358,0.0,0.2576624962952186,411.194572282276,354.73849565254346,56.456076629732536,13.822745467308737,5.968538736487716,7.854206730821019,NB
frame_si~_974.99_975.13,20.53997591815828,0.0,-0.1425841614183645,408.48202392176137,353.96107472456185,54.52094919719951,22.99623377671142,13.839100466022998,9.157133310688424,NB
frame_me~_975.13_975.27,27.915258424410595,0.0,0.0400252421436485,404.98499460355447,351.386133101203,53.5988615023515,11.186136138128743,3.82034346010893,7.365792678019815,NB
frame_tu_975.27_975.33,46.97009183248269,0.0,-0.5908857106985217,380.0259570850118,338.1276418388911,41.89831524612066,17.18011490614981,11.11542290508099,6.064692001068821,NB
frame_pe_975.33_975.4,26.074705808405568,0.0,-0.9461738282389792,404.5057848100213,356.9600999543891,47.54568485563226,4.854230307250845,3.665813459126696,1.1884168481241488,NB
frame_lu_975.4_975.5,39.22508997891224,0.0,-0.0865578398944894,398.7375479538281,348.8055002417797,49.93204771204836,20.364193814429143,9.69624709099557,10.667946723433571,NB
frame_pra_975.5_975.71,19.775319187127096,0.0,-0.0381868389988716,406.0086807367808,345.16330864051497,60.84537209626586,16.83977679255719,5.375352362820436,11.464424429736752,NB
frame_zu_975.71_975.77,30.142567850850767,0.0,-0.5908857106999551,391.8616680991104,346.9495210721834,44.91214702692696,1.5012788249892992,1.2609126656640086,0.2403661593252906,NB
frame_dZi_975.77_975.86,34.68717285430765,0.0,-0.2340211340205127,404.6668272378073,356.5819717209065,48.0848555169008,15.49630136607496,6.506229783660771,8.990071582414188,NB
frame_ve~_975.86_975.92,62.179640861973695,0.0,-1.265798282768246,382.3115009278329,339.3625905832357,42.94891034459721,4.909322198008539,1.5494582605215612,3.3598639374869776,NB
frame_si~_975.92_975.98,50.99880373586888,0.0,-0.8376819483263676,393.4473189322136,346.2592947850048,47.18802414720881,16.232422695211795,6.675282116985699,9.557140578226097,NB
frame_me~_975.98_976.06,37.37034975836277,0.0,-0.8305237744651058,403.210535957864,355.8908389100444,47.319697047819545,4.093727821479263,2.121253567151598,1.9724742543276648,NB
frame_tu_976.06_976.14,18.14117595016441,0.0,-0.5908857106999551,399.2893857454624,351.29418929664257,47.995196448819854,141.3094317956467,71.8105740603325,69.4988577353142,NB
frame_E_976.14_976.19,40.75507648228484,0.0,-0.5153407868143861,399.1256330637567,353.70765931010544,45.41797375365121,3.2792660781546346,1.881433365438042,1.3978327127165926,NB
frame_muj~_976.19_976.31,36.50575105668699,0.0,-0.5908857106999551,401.5508481848034,349.4656508723292,52.08519731247424,8.06185117705229,5.395030434112584,2.6668207429397057,NB
frame_tu_976.31_976.4,76.18580037922905,0.0,-0.2126398075969308,384.67497824284567,335.92124572620787,48.7537325166378,8.390328939282227,5.4126028785440425,2.977726060738185,NB
frame_kuX_976.4_976.58,95.4106399142207,0.0,-0.2126398075969308,400.4831323192078,344.38791755960824,56.09521475959952,20.259399410513964,8.085136792595904,12.17426261791806,NB
frame_tu_976.58_976.64,76.86415925898459,0.5299999999999727,-0.5908857106999551,377.9068008328901,333.400535657949,44.50626517494106,6.098826770738874,2.805495133474878,3.2933316372639965,NB
frame_se_977.17_977.35,52.16581026210848,0.0,1.3986319524973252,409.0395625072724,353.19406361216386,55.845498895108506,11.520336507346856,7.893695765557837,3.626640741789018,NB
frame_se~_977.35_977.55,2.3496778536146223,0.0,0.9105742587499288,409.1210084093301,348.6692917429572,60.45171666637293,29.798327425108734,13.622614957311754,16.175712467796984,NB
frame_ta_977.55_977.79,17.034870066793985,0.07000000000005,0.11498324953217,398.7392443591924,335.15033726979226,63.58890708940015,33.16752435896498,15.834174479558412,17.33334987940657,NB
frame_nu_977.86_977.99,46.360491528854496,0.0,-0.464803742998947,399.8712113700409,346.9097740440095,52.96143732603139,12.08657031007796,6.596494352710536,5.490075957367424,NB
frame_ma_977.99_978.19,23.651230647419112,0.0,-0.0381868389988716,398.0588692272954,341.93296009770904,56.12590912958632,110.63232456705256,87.70383617918432,22.92848838786824,NB
frame_Si~_978.19_978.27,81.26942255230644,0.0,-0.3742834237210322,377.72227762301634,333.21271013315925,44.50956748985715,7.504122807531829,5.481278593671931,2.022844213859898,NB
frame_mu_978.27_978.34,37.56499175893487,0.0,-0.4648037429975136,397.53091786459686,349.80325402987336,47.7276638347235,1.4066031079302377,0.5112369842414779,0.8953661236887598,NB
frame_no_978.34_978.49,40.71919402245055,0.0,-0.3892797257366233,404.4239160987756,349.2895792767676,55.13433682200804,19.32187655545188,5.744230470574678,13.577646084877202,NB
frame_ve~_978.49_978.65,29.30287787278689,0.0,0.4752997504467886,405.8910315457992,350.23326966753484,55.657761878264296,8.794403910021103,4.038664919066392,4.755738990954711,NB
frame_ta_978.65_978.86,0.4898965581841707,0.0,0.3447383823287325,405.810794376265,344.36568224898326,61.44511212728173,10.231969792594327,5.453457317649139,4.778512474945188,NB
frame_dZi_978.86_979.0,83.9133709174983,0.0,0.2493187603063476,400.7125349818113,347.21217374887976,53.50036123293148,71.9256359488572,29.7630129196219,42.162623029235306,NB
frame_as_979.0_979.1,65.18131047827652,0.6899999999999409,-0.4211120603273465,390.0645481461547,341.4685777129224,48.59597043323231,19.749431895008257,9.751894699464684,9.997537195543572,NB
frame_ko~_979.79_979.94,5.236898178003116,0.0,-0.6008915564177251,412.0489958782187,354.6710384946491,57.3779573835696,6.573060623927034,3.331991535310109,3.241069088616925,NB
frame_u~_979.94_980.19,4.266556137292611,0.0,0.6464507237024062,408.0998454483501,339.9027316570099,68.19711379134014,9.450250049549268,5.391391034555582,4.058859014993686,NB
frame_a_980.19_980.29,23.77629451650303,0.0,-0.0381868389997423,405.0782782647437,353.78051778626866,51.29776047847503,17.82566368993068,8.388398426437703,9.437265263492977,NB
frame_vaw_980.29_980.62,7.177000455643281,0.0,0.0383982052666491,408.9587923710202,335.269477498124,73.6893148728962,31.03930050429571,12.112017591615228,18.92728291268048,NB
frame_dZi_980.62_980.71,15.514899823313584,0.0,-0.2340211340205127,407.0143923676235,356.5955565337868,50.41883583383668,7.997712467561925,2.3296994344591013,5.668013033102824,NB
frame_ga_980.71_980.83,15.920512082803157,0.0,-0.4976971045919967,408.9100264067639,355.2629930517961,53.64703335496779,4.975503153851946,1.4221424921839088,3.5533606616680373,NB
frame_ra~_980.83_981.01,3.006368770621407,0.0,1.4163012747052792,407.11163779318025,348.7704739311504,58.34116386202987,12.947058488374552,5.3746891751762575,7.572369313198294,NB
frame_tSi_981.01_981.19,16.094297458583043,0.0,0.0559828025756034,406.5854368886983,347.6023077371623,58.98312915153605,94.97278161395816,55.44981062303239,39.52297099092576,NB
frame_a_981.19_981.28,71.67452886143369,2.490000000000009,-0.1147718832652631,383.9128363823543,337.807773226898,46.10506315545626,1.8316153832036264,0.9322256884952652,0.8993896947083613,NB
frame_i_983.77_984.12,0.24273842031522,0.7100000000000364,2.5693502530774754,409.480627384836,336.1612561428657,73.31937124197037,111.094541508911,57.0885544511201,54.00598705779089,NB
frame_ko~_984.83_985.13,11.151673284365645,0.0,1.635822980044189,410.9518580612179,339.9398722127206,71.01198584849726,27.981651591662786,7.251364927529693,20.73028666413309,NB
frame_po_985.13_985.32,2.818653526806685,0.0,-0.2413137075355752,411.1417174097501,351.0335854728654,60.10813193688466,34.42888919443443,22.43785265363772,11.991036540796712,NB
frame_si_985.32_985.43,64.3453710531641,0.0,-0.3306891128869838,404.57624637188655,352.27482379599195,52.301422575894605,0.439947990436039,0.150731333466112,0.289216656969927,NB
frame_bi_985.43_985.52,6.040754774565656,0.0,-0.4273570917523559,405.53211652871926,355.7646116441623,49.76750488455696,7.394988219954257,3.574583718664883,3.8204045012893744,NB
frame_li_985.52_985.62,18.63691956895916,0.0,-0.1373531551551407,403.7509390019026,353.34303491938937,50.407904082513255,16.38075369424034,9.186010487591744,7.194743206648596,NB
frame_da_985.62_985.81,5.405249315903362,0.0,0.1915682937976908,406.9308606452099,347.14018540629706,59.79067523891291,10.540121522246013,6.313833115759408,4.226288406486603,NB
frame_dZis_985.81_985.93,23.06567019086033,0.0,-0.2340211340216117,395.4414389137554,343.3900320206783,52.05140689307712,11.206828079813675,7.3538556571502625,3.852972422663413,NB
frame_dZi_985.93_986.02,5.460524491491697,0.0,-0.3306891128869838,412.7037027265353,362.3750027849061,50.328699941629225,6.235742180663209,1.8621421633807245,4.3736000172824845,NB
frame_Re_986.02_986.19,11.427430661663664,0.0,0.3328111430728338,410.645544116646,352.423324035159,58.22222008148702,10.23732541672581,3.4770885306921286,6.760236886033681,NB
frame_no_986.19_986.34,12.668267218222384,0.0,0.0546183288665207,406.7726607096,350.78124208025366,55.9914186293463,20.31202704425013,11.215133481114549,9.09689356313558,NB
frame_va_986.34_986.62,21.924103630436804,0.0,0.8042486479227283,401.7842146147332,336.67952637987094,65.1046882348623,66.79861780065515,16.980260570739446,49.818357229915705,NB
frame_sa~w~_986.62_986.82,19.986455854675512,0.5499999999999545,-0.3375246715953703,402.84016857218273,343.9951467173046,58.84502185487816,43.39070994792685,20.306201865014543,23.084508082912308,NB
frame_dez_987.37_987.66,6.892053791359231,0.0,2.0381244381520203,411.9958527596012,342.41607160264243,69.57978115695886,36.840483444572,10.529468930461974,26.311014514110028,NB
frame_dZi_987.66_987.76,4.898068704077062,0.0,-0.2340211340216117,405.2476746904366,355.3721718352279,49.87550285520871,12.165857964504085,5.332520440064769,6.833337524439315,NB
frame_ki_987.76_987.9,19.865126352065303,0.0,-0.3306891128869838,401.65750302049366,350.623630658844,51.033872361649685,5.832558194691416,4.3278471349073016,1.504711059784114,NB
frame_nu_987.9_988.05,5.881179417741649,0.0,0.2916880632071014,405.5124822074212,350.6996554630517,54.81282674436943,22.09065897594417,11.401276729909654,10.689382246034512,NB
frame_fi~_988.05_988.18,5.877067292694633,0.0,0.5525136254896386,406.0294928892251,352.3103118624703,53.71918102675477,4.278509944934669,1.124657396421895,3.153852548512773,NB
frame_du_988.18_988.33,3.59771100613834,0.0,0.2916880632085348,404.9594035089796,351.5882277179732,53.37117579100641,10.934205510086102,5.075017344587351,5.85918816549875,NB
frame_pra_988.33_988.54,16.080574089879093,0.0,0.1915682937976908,405.6602527273037,343.69718897783605,61.96306374946761,15.462163669038176,8.339641253543732,7.122522415494444,NB
frame_zu_988.54_988.62,68.86517157912456,0.0,-0.3387217752979389,383.4989819183128,336.4942465193153,47.00473539899747,3.853071084970651,2.238906655481074,1.614164429489577,NB
frame_se_988.62_988.78,10.91963320031401,0.0,0.545975304957732,408.67173348669456,350.78854334307744,57.88319014361713,87.73686933570417,71.89897674421366,15.837892591490515,NB
frame_Za_988.78_988.96,5.611961169970144,0.0,0.1915682937976908,403.7822019540891,346.5527441094079,57.22945784468118,23.71895493205261,12.448376937329016,11.270577994723595,NB
frame_pa_988.96_989.13,17.58058163225641,0.0,-0.0381868389988716,402.15205648170456,346.07810819712336,56.073948284581206,6.9695544221603,3.166542844283072,3.803011577877229,NB
frame_ga_989.13_989.26,25.34280094102816,0.0,-0.1147718832643925,398.3347339919452,348.12700192035766,50.20773207158754,1.923135322862905,0.7655893499913304,1.1575459728715742,NB
frame_pe_989.26_989.34,14.162206543295298,0.0,-0.9461738282365558,405.6160089359254,356.8225804945678,48.793428441357605,4.5668850108004335,1.7735709388228995,2.793314071977534,NB
frame_lu_989.34_989.42,64.13207351886616,0.0,-0.464803742998947,402.1078834267341,353.4236717032966,48.6842117234375,29.785700469915696,19.77847932910873,10.007221140806962,NB
frame_me~_989.42_989.52,21.024311931354774,0.0,-1.0481610286166758,402.5970782457771,351.8694728788687,50.727605366908335,9.014798163826754,3.278027487593377,5.736770676233377,NB
frame_nus_989.52_989.65,17.97526003155022,0.0,-0.2126398075954974,399.7821437704414,346.00060066935055,53.78154310109085,4.92604293907452,3.2689744523656827,1.6570684867088374,NB
frame_u~_989.65_989.68,4.151953207632161,0.0,-0.6008601663347557,386.9263102602179,344.982598540119,41.94371172009892,2.3336879768903174,0.9788915861774116,1.354796390712906,NB
frame_ma_989.68_989.86,16.992638239849242,0.0,0.11498324953217,399.9403448370092,343.76685403700714,56.17349080000207,66.26607078127165,16.894396496398855,49.37167428487279,NB
frame_paX_989.86_990.08,41.24744364645818,0.0,-0.344527016060955,401.8471613837765,340.93458483833285,60.91257654544359,41.329479424961306,14.256881177473204,27.072598247488106,NB
frame_tSi_990.08_990.15,26.21735488655352,0.0,-0.4273570917523559,398.37160929151065,352.17329148780965,46.198317803701,1.858994108608826,1.056232751835836,0.8027613567729901,NB
frame_da_990.15_990.43,40.005713683875214,0.3799999999999954,0.8808336921873785,399.2764272295636,330.9673192297127,68.30910799985088,36.84150533864823,19.219772686683054,17.621732651965175,TB
frame_di_990.81_990.9,22.11100698597164,0.0,-0.2340211340216117,394.1937626910654,345.2130448372001,48.98071785386532,18.89631083422981,5.2951419108245545,13.601168923405254,NB
frame_vi_990.9_991.05,6.250481316194907,0.0,-0.3306891128869838,393.72029083771497,339.78030562031495,53.93998521740002,57.63891103622473,21.816865471596145,35.82204556462858,NB
frame_da_991.05_991.11,163.4037669314344,0.3700000000000045,-0.5742821488583882,377.21644813300645,333.9239253380125,43.29252279499394,29.3638013807715,16.215530566569072,13.148270814202426,TB
frame_uu~_991.48_991.56,118.25960831967566,0.2600000000001046,-0.3387217752979389,382.1212065870101,336.4407562446968,45.68045034231335,6.154378153325574,3.8822565029117513,2.272121650413822,NB
frame_ko~_991.82_991.91,258.564389708989,0.0,-0.7406862149480847,400.7439420592804,352.5877283583634,48.156213700916965,41.97683048311319,20.518638593197352,21.45819188991584,NB
frame_mu_991.91_991.98,2.9677179777550577,0.0,-0.5908857106999551,407.5589042226804,359.5580146315987,48.00088959108166,44.51870551823012,23.388373291975935,21.130332226254183,NB
frame_E_991.98_992.01,115.4378203020906,0.0,-0.6396690827896173,389.09568243462166,346.5356918465388,42.55999058808288,5.333706297967538,2.8996292216088904,2.434077076358648,NB
frame_u_992.01_992.05,58.14167240682809,0.0,-0.464803742998947,387.996986312442,346.3420178073262,41.65496850511573,20.646639208521776,11.397135305337828,9.24950390318395,NB
frame_se_992.05_992.11,157.0436697517293,0.0,-0.9461738282389792,394.6219177742482,348.2938853282895,46.32803244595874,6.76650778177239,4.069004862781519,2.697502918990871,NB
frame_JoX_992.11_992.23,33.508536958858,0.0,-0.6852117621387193,405.3985861207991,354.3904405997244,51.00814552107465,5.038879055648721,2.970928216301729,2.067950839346992,NB
frame_sa_992.23_992.33,172.75055602042806,0.0,-0.344527016060955,407.10271830143336,357.60417806162627,49.498540239807085,78.77946990033985,28.65088893313714,50.12858096720271,NB
frame_bi_992.33_992.41,32.46972414327237,0.0,-0.3306891128869838,403.5846105225484,356.19499531630595,47.38961520624241,93.93639449871732,48.809255049411576,45.12713944930576,NB
frame_ko~_992.41_992.5,28.377081247525155,0.0,-0.880480873476855,409.17614071836033,358.5358451619949,50.6402955563654,20.859840364013564,12.47600523735747,8.383835126656095,NB
frame_mu_992.5_992.57,7.383742848475578,0.0,-0.5908857106985217,409.8740092351511,361.316662597791,48.55734663736007,5.585694840742576,4.054899627329661,1.5307952134129152,NB
frame_E_992.57_992.67,3.207234313331753,0.0,-0.2045200468787815,409.6984191641216,359.3230055239933,50.37541364012827,16.88193047761996,7.041972249163592,9.839958228456368,NB
frame_de_992.67_992.82,1.406243940236834,0.0,-0.0935171806969627,413.66351774253445,357.02931073940994,56.63420700312452,47.25681872668014,25.3866387501036,21.870179976576537,NB
frame_no_992.82_993.04,10.441351639297409,0.0,1.2383464744749046,415.2469115412786,349.39802265849124,65.84888888278738,14.750869265362894,7.269844946394187,7.481024318968707,NB
frame_mi~_993.04_993.13,18.64197511184545,0.0,-0.8376819483263676,412.84024977082254,362.578529552188,50.26172021863454,10.299999888855012,7.494458516345162,2.8055413725098504,NB
frame_na_993.13_993.35,7.86874729676083,0.0,0.11498324953217,414.8674308653046,349.56005028509065,65.30738058021393,20.46632455711904,7.582891825341932,12.883432731777106,NB
frame_da_993.35_993.46,23.12089861849563,0.0,-0.344527016060955,410.18406541881984,359.4595667267436,50.724498692076224,15.339776216194906,4.818774271202216,10.52100194499269,NB
frame_a_993.46_993.49,25.91053903525821,0.0,-0.5742821488583882,375.0939558968436,334.435719030782,40.65823686606166,9.479497725809978,3.4068369124333344,6.072660813376643,NB
frame_pe_993.49_993.72,17.169028990577146,0.0,1.8249602762695447,410.04320108897576,350.1614707527969,59.88173033617886,26.687547694372995,16.975018560012245,9.71252913436075,NB
frame_so_993.72_994.04,5.594725434467279,0.0,1.6822445290780486,415.5802753099035,340.4074539031092,75.17282140679436,52.72861248758315,29.385021839746884,23.343590647836265,NB
frame_a_994.04_994.14,34.95949053439503,0.0,-0.0381868389988716,387.8747853479811,342.56593283074824,45.30885251723288,11.90573091575871,8.264360429514937,3.641370486243773,NB
frame_ki_994.14_994.27,1.0863747708817757,0.0,-0.524025070617728,415.4537318485371,358.98072889797805,56.47300295055902,15.571630816543234,8.276686287185129,7.294944529358105,NB
frame_e~_994.27_994.42,24.553239795384087,0.0,1.3458487670530688,410.2597332707746,355.3010801745643,54.95865309621036,18.14072137376138,5.620668804942085,12.520052568819295,NB
frame_pres_994.42_994.78,1.7841998410609108,0.0,1.8249602762671215,412.10063234398245,335.1597370462332,76.94089529774925,51.66584178259652,24.87671186211105,26.789129920485465,NB
frame_ta_994.78_994.87,40.09520945075116,0.0,-0.4211120603273465,412.0917738383936,361.4558733432297,50.63590049516387,25.29218540309475,16.49307437969597,8.79911102339878,NB
frame_dZi~_994.87_995.04,54.04234505330393,0.0,0.3208143631869709,413.2623900239017,353.7377979559127,59.524592067988976,153.31125601687833,42.150531543071,111.16072447380732,NB
frame_Jej_995.04_995.27,1.1963940720094683,0.0,-0.7330096663540809,413.8335833793304,348.7670276624706,65.06655571685985,59.88232390260293,25.00940300620164,34.8729208964013,NB
frame_ru_995.27_995.5,91.26295630141,0.5199999999999818,1.3003438048165994,400.1383515698876,337.4203613200713,62.71799024981624,124.181642152688,51.46776227402776,72.71387987866024,TB
frame_an_996.02_996.47,37.540211684227984,0.0,2.335949533234016,407.532910081492,321.2628326471622,86.27007743432972,49.07347655744965,13.04443334284946,36.02904321460019,TB
frame_u_996.47_996.53,66.92716712565155,0.2799999999999727,-0.2126398075969308,381.9290454880895,337.4829841428277,44.4460613452618,5.467491949169272,2.839443411190686,2.628048537978586,NB
frame_se_996.81_996.87,161.66223175274305,0.0,-0.9461738282389792,380.5768416607832,336.69738700607337,43.87945465470983,8.163887680931602,3.99658354613657,4.167304134795032,NB
frame_JoX_996.87_997.0,49.82722633577524,0.0,-0.6852117621387193,402.5645338243662,350.0632933368937,52.5012404874725,33.18437534414929,15.702692637401585,17.481682706747705,NB
frame_sa_997.0_997.11,76.89238462221098,0.0,-0.344527016060955,409.425734630752,356.55525412296186,52.87048050779015,48.69800963307074,18.214555365625472,30.483454267445268,NB
frame_bi_997.11_997.18,27.408496756853538,0.0,-0.524025070617728,405.2602782440953,358.2116652174198,47.048613026675525,49.88758167964232,16.392974408459196,33.49460727118313,NB
frame_ko~_997.18_997.28,10.180211693268262,0.0,-0.880480873476855,413.43775096273777,360.9460689889651,52.49168197377264,28.15777854385118,15.388421120921096,12.769357422930083,NB
frame_mu_997.28_997.35,3.0562249847306475,0.0,-0.5908857106999551,411.6274445694217,364.1548192627581,47.47262530666359,1.201103366037927,0.8034615033803618,0.397641862657565,NB
frame_E_997.35_997.43,6.184080197342581,0.0,-0.328848342853306,409.3598338222405,362.9706726755144,46.38916114672605,17.019136027341773,9.596470615299694,7.422665412042079,NB
frame_ki_997.43_997.52,4.164439708027686,0.0,-0.524025070617728,415.2487330986722,363.3426062708496,51.90612682782262,9.141575455641856,6.182872093507285,2.958703362134571,NB
frame_E_997.52_997.55,21.57877444649185,0.0,-0.6396690827896173,396.4217536502612,352.1776526839945,44.24410096626673,0.7507545162915505,0.3919637579825803,0.3587907583089702,NB
frame_de_997.55_997.67,22.04255807415853,0.0,-0.3066813425842844,415.3908709534928,359.9060454208312,55.48482553266166,19.552460792338536,6.991035988856282,12.561424803482254,NB
frame_no_997.67_997.77,25.238672725546135,0.0,-0.6852117621404015,410.75592380279375,359.5078820728702,51.24804172992356,7.102142737135495,4.193663005993244,2.9084797311422506,NB
frame_mi~_997.77_997.87,31.624364905158444,0.0,-0.8376819483263676,411.3959696184911,358.327553596719,53.06841602177218,10.142670576130826,5.590632967698525,4.5520376084323,NB
frame_na_997.87_998.15,20.740661721577226,0.0,0.7276636036563368,412.3256139955722,342.2434906199336,70.08212337563862,46.354499792063535,19.721863867164277,26.63263592489926,NB
frame_da_998.15_998.32,43.69941988279297,0.169999999999959,0.0383982052666491,403.5636063064002,348.9224674689329,54.64113883746722,3.779601720081956,1.316039383270379,2.4635623368115773,NB
frame_a_998.49_998.83,33.634667551060545,0.0,1.79985422337537,410.5732105799523,334.858958450304,75.71425212964829,49.847677734382586,11.65183453288762,38.19584320149497,NB
frame_pe_998.83_999.06,55.175572548948026,0.0,1.6117961143822237,413.7333329172584,350.37568414894673,63.357648768311606,35.44654643810867,20.09313988433678,15.35340655377189,NB
frame_so_999.06_999.26,89.04238555627123,0.0,0.3505503652686166,414.4652665209233,352.57280661936164,61.89245990156167,51.475670639598775,27.09899032033056,24.376680319268218,NB
frame_a_999.26_999.3,48.14761947743489,0.0,-0.4976971045928673,391.3195202708029,347.94544408164046,43.37407618916245,15.21563403516194,9.569380956366416,5.6462530787955245,NB
frame_ki_999.3_999.44,58.87107931625587,0.0,-0.5240250706166291,413.2150098395398,357.5955582147028,55.61945162483698,18.34345416732691,10.192269027577623,8.151185139749288,NB
frame_e~_999.44_999.52,34.90377949806515,0.0,-0.1776120120103957,410.0372810630588,361.3202347076056,48.71704635545319,19.757834918829616,7.958719770284034,11.799115148545582,NB
frame_pres_999.52_999.83,55.58107884258234,0.0,0.9723036287275286,409.8429653445007,339.01823336260253,70.82473198189814,172.8124251621927,25.120357594228125,147.69206756796456,NB
frame_ta_999.83_999.95,13.605475148907686,0.0,-0.4976971045919967,402.93366892542525,351.7979409451253,51.135727980299976,34.29210587428753,19.53957818662101,14.752527687666516,NB
frame_dZi~_999.95_1000.06,23.434814443825644,0.0,-0.3742834237210322,407.2909491452019,354.06856661544106,53.222382529760864,37.007145341619605,15.897559581511471,21.10958576010813,NB
frame_Jej_1000.06_1000.3,41.62245222563425,0.0,-0.5198455044691827,410.0633318979485,345.69306307016825,64.37026882778025,73.71045634040507,36.268417888221535,37.44203845218354,NB
frame_ru_1000.3_1000.46,51.93607985685688,0.0,0.4177700309095429,408.4970368911257,352.8003340087777,55.696702882348006,24.29779401401828,10.923057896410173,13.374736117608109,TB
frame_bo~_1000.46_1000.54,40.95181530620802,0.0,-0.880480873476855,422.46812772445617,371.2002005456467,51.26792717880949,5.2233127289330525,2.9696913223395,2.2536214065935525,NB
frame_noR_1000.54_1000.75,12.763837738338909,0.0,0.3505503652686166,412.8880032266459,350.6738273948551,62.21417583179078,28.31130324841243,10.694305078742076,17.616998169670353,NB
frame_maw_1000.75_1000.93,39.01241763674992,0.0,0.0383982052666491,415.7687777193567,354.16355798124744,61.60521973810921,47.80241629553797,19.163266866662383,28.639149428875584,NB
frame_me~_1000.93_1001.2,20.910623041190632,0.0,1.998760529510253,413.88383317110095,345.7646131593985,68.1192200117024,68.62344192843904,34.9449753880221,33.678466540416935,NB
frame_tSi_1001.2_1001.56,53.12376481454743,0.0,1.5060024855561849,417.2011185051774,336.7180142259163,80.48310427926111,241.4888567726973,130.13843359196534,111.35042318073197,NB
frame_a_1001.56_1002.32,52.59791224885103,0.0,5.016426082530728,416.5564994118282,292.0289804314883,124.52751898033996,26.067011676503757,13.830346190129177,12.236665486374577,NB
frame_u_1002.32_1002.56,8.082456530924105,0.0,2.056835611022648,403.1333867474259,337.8044626479583,65.3289240994676,135.311508290115,95.0089870802604,40.3025212098546,NB
frame_ujs_1002.56_1002.8,37.56327419304793,0.0,0.7960159340140005,404.5732606859265,340.8998209130984,63.67343977282815,23.615129414672182,9.909558100136708,13.705571314535476,NB
frame_teR_1002.8_1002.95,25.73429101391295,0.0,0.3328111430704104,413.44272652165233,356.536466653997,56.90625986765531,9.070364120798445,4.156545869755831,4.913818251042613,NB
frame_mus_1002.95_1003.06,54.62477453032085,0.0,-0.5908857106999551,405.19966154892177,353.2971315020004,51.90253004692136,5.113059001585896,2.735145843360712,2.377913158225184,NB
frame_u_1003.06_1003.25,53.20301421368802,0.0,1.426425772519041,408.79478295167183,349.2223257101361,59.572457241535744,17.718640800544165,6.679618468151148,11.039022332393015,NB
frame_zu_1003.25_1003.39,40.04867682528541,0.0,0.4177700309095429,406.1742762222653,351.9151868828363,54.25908933942901,10.939387576471432,4.9200913831355,6.019296193335933,NB
frame_ajs_1003.39_1003.69,30.4105725125732,0.0,0.3447383823287325,403.4430677692644,335.2872235962075,68.15584417305689,130.60070997913263,97.85700287543732,32.7437071036953,NB
frame_sa~w~_1003.69_1004.12,31.925339310352484,0.3899999999999863,-0.1182964283077891,408.7399098009283,323.77155448462975,84.96835531629856,109.60239947720574,61.135702246256926,48.46669723094881,NB
frame_de_1004.51_1004.67,9.000528191320939,0.0,0.5459753049553087,414.37022004114334,357.5919045055126,56.778315535630725,109.18350275251336,70.68048987109103,38.50301288142232,NB
frame_ve_1004.67_1004.87,38.56645842202977,0.0,1.8249602762671215,413.00522655052094,352.16290497794824,60.8423215725727,19.425851723945257,6.649246964121929,12.776604759823329,NB
frame_doX_1004.87_1005.32,123.1191220687126,0.2299999999999045,1.6822445290797308,413.1358109133218,326.52193374000063,86.61387717332113,350.9617417602924,216.93400858463,134.02773317566238,NB
frame_i_1005.55_1005.65,18.485462479500896,0.0,0.1526507814409755,396.4152467448551,347.0460472116217,49.36919953323337,70.62923157081998,37.77459249995788,32.854639070862106,NB
frame_kre_1005.65_1005.9,23.94260206185635,0.0,0.9723036287275286,410.33320436890233,345.63347455130145,64.69972981760094,10.062787286012892,4.475294963927524,5.587492322085367,NB
frame_doX_1005.9_1006.22,44.5922174309402,0.9499999999999318,0.4985163834696646,410.46037275816576,339.638813382103,70.82155937606274,34.58252629625858,20.836031243523536,13.746495052735042,TB
frame_ke~j~_1007.17_1007.33,87.52432107052763,0.0,-0.3952492661619657,408.0646024104124,350.5209967484368,57.54360566197556,47.863556822727006,30.91688104644413,16.946675776282873,NB
frame_e~_1007.33_1007.41,32.19237604621753,0.0,-0.1776120120103957,396.26988212148586,350.19245580938275,46.07742631210312,19.002217191491155,12.10857170128878,6.893645490202374,NB
frame_pres_1007.41_1007.7,5.294171514516677,0.0,0.3328111430704104,406.1808089347882,336.7997064230229,69.38110251176533,68.38954603522777,25.244179321422425,43.14536671380535,NB
frame_ta_1007.7_1007.8,4.508863878632752,0.0,-0.2679419717963048,394.7064763509569,344.8324942270117,49.873982123945154,19.087994036343844,7.828112752192908,11.259881284150936,NB
frame_E_1007.8_1007.84,152.49151976751347,0.0,-0.5775049348016483,400.87529835694073,356.101072870469,44.77422548647172,8.497928576012669,4.301240100537143,4.196688475475526,NB
frame_u_1007.84_1008.01,30.0254347621472,0.0,1.1742618371155913,403.8504866783684,346.6376345248248,57.21285215354362,245.4449479029108,120.7017582361854,124.74318966672536,NB
frame_de_1008.01_1008.1,95.17606341223512,0.0,-0.5198455044667593,406.4725094827266,357.87341665090946,48.59909283181713,11.054688861519509,4.670399846761811,6.384289014757698,NB
frame_ve_1008.1_1008.23,103.00506944433738,0.0,0.1196469811879355,402.8237365744668,350.2489032839664,52.57483329050035,11.281333566342113,4.28492479938393,6.996408766958183,NB
frame_doX_1008.23_1008.63,96.54043710894682,2.1000000000000227,0.4985163834696646,405.57362627790894,327.257153564053,78.31647271385594,98.31648593077465,63.13724210989737,35.179243820877254,TB
frame_a_1010.73_1010.86,20.057974881585466,0.0,0.1915682937976908,395.3678203203515,344.60778319848475,50.760037121866674,171.63651275469965,127.99175994008738,43.64475281461229,NB
frame_gO_1010.86_1010.99,37.04381189938962,0.0,-0.8639822247785599,407.7521966104433,353.6536411121371,54.09855549830621,2.5014709865028806,1.4899688641344966,1.011502122368384,NB
frame_ra_1010.99_1011.09,1.2763070170142896,0.0,-0.2679419717954341,404.4002352100313,357.2945456880839,47.105689521947454,12.442964203777336,4.40752681985154,8.035437383925796,NB
frame_E_1011.09_1011.12,5.599840256711786,0.0,-0.6396690827896173,373.4508762363974,332.33384762527663,41.11702861112076,7.200058162619115,4.630442753908966,2.569615408710149,NB
frame_po_1011.12_1011.24,27.760320147935147,0.0,-0.5372457439376712,408.1416469342803,354.6678622521989,53.47378468208132,60.56580179522936,37.65309526970032,22.91270652552905,NB
frame_si_1011.24_1011.4,48.26372772857542,0.0,-0.3306891128869838,408.8595502333973,352.219606034957,56.63994419844033,29.96950191152524,12.438034485581198,17.531467425944044,NB
frame_vew_1011.4_1011.56,105.215480306792,0.0,-0.9461738282389792,404.9399049870609,349.6617112094757,55.27819377758516,107.53507977416815,43.80261399986526,63.73246577430291,NB
frame_ki_1011.56_1011.67,10.669356133638727,0.0,-0.524025070617728,405.5652659713894,354.43741005257016,51.12785591881925,2.7086837908184407,1.5316076666005929,1.177076124217848,NB
frame_a_1011.67_1011.8,10.016948617017022,0.0,0.1915682937976908,404.6474025371826,350.4097976214145,54.23760491576803,43.46470726986036,21.351612841279177,22.113094428581174,NB
frame_Za_1011.8_1011.9,24.515213577804133,0.0,-0.4976971045928673,405.9699223712416,354.0207391261273,51.94918324511423,16.05882154385384,8.388943932936968,7.6698776109168705,NB
frame_ow_1011.9_1012.39,26.84754653828169,0.0,5.085462947707199,405.4830597573625,316.1500468997738,89.3330128575887,50.952405179179536,31.279648670533064,19.672756508646472,NB
frame_tru_1012.39_1012.57,55.948523599998566,0.0599999999999454,0.543851998610551,400.06546312260616,343.2119185955469,56.853544527059285,10.524704322982473,6.335363121323098,4.189341201659374,NB
frame_teR_1012.63_1012.85,46.17383908869638,0.0,0.7591394668426303,407.1810900952954,345.52731040260744,61.653779692687976,43.90772383889151,20.90850682682256,22.999217012068957,NB
frame_mu_1012.85_1012.96,82.84670348064053,0.0,-0.4648037429975136,391.9088671478812,344.3201160387292,47.58875110915204,3.4761872495417663,2.7701671341605447,0.7060201153812216,NB
frame_es_1012.96_1013.06,105.79392673286402,0.0,-0.9461738282389792,378.24309423310496,329.65380045477986,48.5892937783251,37.36802200922253,24.975078267365475,12.392943741857051,NB
frame_pe_1013.06_1013.18,216.961557816493,0.0,-0.5198455044691827,405.8831557940479,353.28330712738915,52.59984866665872,36.26707361383205,11.99464635606796,24.272427257764093,NB
frame_si_1013.18_1013.25,75.95663377010088,0.0,-0.4273570917523559,381.1659046980224,337.9460328644072,43.21987183361517,67.9183702511964,44.43917013215393,23.47920011904246,NB
frame_fi_1013.25_1013.57,67.23482349716014,0.0,1.2159985489611675,404.9550371005559,333.48096560181125,71.47407149874465,125.32088282848312,75.57590130487782,49.74498152360531,NB
frame_ku_1013.57_1013.72,17.619069131283396,0.6899999999999409,-0.3387217752965055,393.66666212762766,341.5310921374803,52.1355699901473,19.75963790435105,6.879844057498104,12.879793846852948,TB
frame_majs_1014.41_1014.66,9.666261210837092,0.0,-0.0381868389988716,404.3281692100786,337.8580155282233,66.47015368185532,54.324543191681,28.50654280498739,25.81800038669361,NB
frame_is_1014.66_1014.81,5.307505491825182,0.0,0.2493187603063476,400.19838897269983,347.3104025484304,52.88798642426946,8.12238663908316,2.5742337182684025,5.548152920814758,NB
frame_tu_1014.81_1014.91,0.963473275083814,0.0,-0.3387217752979389,407.9131731918961,356.136822012622,51.77635117927406,11.28732784356336,6.26223497515538,5.025092868407981,NB
frame_Za_1014.91_1015.08,2.946937936782277,0.0,-0.1913569275299133,405.6791723352118,346.8729146102477,58.8062577249641,42.92260356004975,22.415685205969325,20.506918354080423,NB
frame_es_1015.08_1015.21,69.47613680216934,0.0,-0.9461738282389792,381.9051999997496,331.5569391120173,50.348260887732295,4.401747272499939,2.488823806751981,1.9129234657479584,NB
frame_ta_1015.21_1015.57,26.294139525285612,0.9599999999999228,1.4169290020477658,400.34090080150577,325.76560113682945,74.57529966467632,15.206771895765629,5.414258656929292,9.792513238836335,NB
frame_ko~_1016.53_1016.75,165.31838313711694,0.0,0.6572603703412077,404.535628698215,342.5415210723169,61.994107625898096,30.47425897568036,13.693494544440624,16.78076443123973,NB
frame_fE_1016.75_1016.98,152.89479575996944,0.0,-0.018027602916288,404.5469568953415,341.323958848965,63.22299804637646,5.1086769465444775,2.626306149032459,2.4823707975120186,NB
frame_su_1016.98_1017.04,154.45995500814098,0.1000000000000227,-0.5908857106999551,379.14234862236606,334.8462041830743,44.296144439291766,3.477197098325618,1.3063750898725317,2.1708220084530865,NB
frame_fO_1017.14_1017.43,50.99851629998796,0.0,0.0185802628983411,407.6912685641935,338.1397372677701,69.55153129642338,5.045561609717325,1.6130079978838552,3.4325536118334696,NB
frame_ra_1017.43_1017.52,58.00807922734225,0.0,-0.3445270160618257,402.6809552086549,354.0973939856533,48.58356122300154,7.179855278305638,3.5656567442664766,3.614198534039162,NB
frame_dujs_1017.52_1017.74,69.00390946452396,0.0,0.6699339663115591,400.88622534655696,338.58372781314193,62.30249753341502,15.037046570897871,4.942226488866169,10.094820082031704,NB
frame_mews_1017.74_1018.09,62.59702059488065,0.6699999999999591,0.1196469811879355,406.2501738959512,330.56369999041186,75.68647390553934,21.354631050538146,10.27243123825157,11.082199812286577,NB
frame_li~_1018.76_1018.89,153.02935234236594,0.0,0.0891151008843031,411.7152810109803,356.00990334001665,55.70537767096363,15.810926092542571,3.5365496285691904,12.274376463973384,NB
frame_mi_1018.89_1019.04,140.64461918074866,0.0,0.0559828025745044,405.1285288909335,352.25973181305,52.86879707788347,105.7031219733575,73.8241113637252,31.879010609632303,NB
frame_ta_1019.04_1019.42,79.87687639165688,0.0,1.1105888249848117,406.1655994441965,327.20990219177645,78.95569725242007,737.3558630429111,617.4981391288077,119.85772391410342,NB
frame_dus_1019.42_1019.64,194.11196845059675,0.0,-0.0865578398959227,392.42739532610415,331.46945349401454,60.9579418320896,22.08172452588962,12.779315711698844,9.302408814190777,NB
frame_ko_1019.64_1019.75,170.36929606222571,0.0,-0.6852117621404015,405.7167920476183,353.5089604301744,52.2078316174439,6.668369872001804,4.328122918592399,2.3402469534094053,NB
frame_Je_1019.75_1019.88,176.77136521599962,0.0,-0.7330096663540809,401.3435682132442,349.2586064840915,52.08496172915272,7.525117423824085,3.6652521845106074,3.8598652393134794,NB
frame_si~_1019.88_1020.07,199.14503509720703,0.0,-0.8376819483237334,390.88185210228494,333.46461236808994,57.41723973419499,24.670745482165472,17.182304753241148,7.488440728924324,NB
frame_me~_1020.07_1020.24,126.46033704975184,0.0,0.9105742587499288,405.8610134579828,350.24724479896275,55.613768659020025,106.40438555696088,61.36638074787311,45.03800480908778,NB
frame_tus_1020.24_1020.38,200.8655066122434,0.0,-0.3387217752965055,383.3829604367961,330.8305416754951,52.552418761301,3.647966088709943,1.6582487876385557,1.9897173010713871,NB
frame_na_1020.38_1020.46,189.5968365037509,0.0,-0.4211120603264758,395.5006805266438,347.3035550314048,48.19712549523899,8.63251417183028,5.090515329210774,3.541998842619506,NB
frame_ma_1020.46_1020.61,198.03093623306196,0.0,-0.1913569275299133,392.9209551439215,339.92042106957297,53.000534074348536,10.115968754978582,7.134891499620593,2.981077255357988,NB
frame_tE_1020.61_1020.92,189.93250274952817,0.0,0.6657780249443036,403.18154749113216,332.92352094773673,70.25802654339543,22.64713466015455,10.710129542257777,11.937005117896774,TB
frame_ria_1020.92_1021.96,61.76421974790287,0.6200000000000045,0.2493187603063476,410.64272129589193,265.2537273081225,145.38899398776942,333.7794387571009,73.15646308922913,260.62297566787174,NB
frame_E_1022.58_1022.74,,0.0800000000000409,0.1684648410454987,408.2713290967839,353.26207852724065,55.00925056954327,640.6952700121607,444.66388191959015,196.03138809257055,NB
frame_kre_1022.82_1023.07,41.2209438611675,0.0,1.185467790612427,409.2774998074899,343.7884042452207,65.4890955622692,20.015357956990627,8.884002046887403,11.131355910103224,NB
frame_doX_1023.07_1023.3,129.4317060736588,0.0,0.7944484198717606,412.8624569410335,347.59924527757136,65.26321166346213,318.10980425224005,159.90521528423812,158.20458896800193,NB
frame_i_1023.3_1023.39,55.49640426285296,0.0,0.0559828025756034,403.8045091360115,355.0204465006651,48.7840626353464,7.775019852522746,3.274889172803612,4.500130679719135,NB
frame_de_1023.39_1023.5,6.744701673801387,0.0,-0.5198455044691827,410.563142299379,357.544024813074,53.01911748630505,96.81407606005976,58.9199695016307,37.89410655842904,NB
frame_ve_1023.5_1023.64,1.7475004542378088,0.0,0.545975304957732,404.7603735284562,355.54801023836603,49.2123632900902,31.67672451577248,10.695985348381328,20.98073916739115,NB
frame_doX_1023.64_1023.91,14.973241016091748,0.6899999999999409,1.0903804562755388,404.4086527626182,337.895043963651,66.5136087989672,14.646934875865696,6.53129129922965,8.115643576636046,TB
frame_ke~j~_1024.6_1024.78,33.426780842503646,0.0,0.0400252421411743,410.792730273143,351.66250871705495,59.13022155608803,15.631618739712836,7.137875419319016,8.493743320393818,NB
frame_de_1024.78_1024.95,24.56009572031093,0.0,1.1854677906148503,413.9684195632843,354.8920526764808,59.0763668868035,29.531441382909904,13.318704229073631,16.212737153836272,NB
frame_vi_1024.95_1025.01,31.62163343550569,0.0,-0.524025070617728,408.6464247194149,362.7834479848184,45.86297673459643,2.392005762864557,1.0143720540298773,1.3776337088346793,NB
frame_E_1025.01_1025.04,28.93122165254005,0.0,-0.6396690827896173,401.3665066265618,356.6636211003603,44.70288552620156,1.5007025229042767,0.8232082014921929,0.6774943214120839,NB
frame_u_1025.04_1025.07,31.278935124872547,0.0,-0.5908857106999551,387.803398037435,344.61809095637665,43.18530708105834,4.582539827445302,2.44779746958956,2.1347423578557425,NB
frame_de_1025.07_1025.17,16.78313153268404,0.0,-0.7330096663540809,412.5061086374955,360.64241730131016,51.86369133618536,5.123431122624382,3.051587981797198,2.071843140827184,NB
frame_ve_1025.17_1025.32,16.600163394428705,0.0,0.9723036287251052,412.1406317596445,357.7847676235075,54.35586413613703,13.163418491654994,7.0291414602168345,6.13427703143816,NB
frame_doX_1025.32_1025.62,18.40438976042293,1.410000000000082,1.0903804562755388,407.6026344201061,338.4359410769108,69.16669334319533,136.53165897458,73.90885817407968,62.62280080050034,NB
frame_ke~j~_1027.03_1027.2,84.12336214464672,0.0,-0.6128865203085873,406.3676793419086,350.7276789893903,55.64000035251832,23.88307792198096,11.474893517123988,12.408184404856968,NB
frame_te~j~_1027.2_1027.4,73.05461959628947,0.0,-0.6128865203135357,411.3140443981933,349.33229944883306,61.98174494936024,21.645442215982868,7.894326021685686,13.751116194297182,NB
frame_dZi_1027.4_1027.47,75.12869337091377,0.0,-0.4273570917523559,406.055847901397,359.6395391360611,46.41630876533583,4.198148614160928,1.000650050927817,3.197498563233111,NB
frame_rej_1027.47_1027.6,69.18027268147188,0.0,-0.3066813425842844,409.997922106544,356.95583143114027,53.04209067540376,8.530687401160264,2.5693964158813145,5.96129098527895,NB
frame_tu_1027.6_1027.7,74.47640928307584,0.0,-0.5908857106999551,409.4007993031048,356.728278363365,52.67252093973974,6.534438561700995,3.203251007467657,3.3311875542333382,NB
frame_a_1027.7_1027.75,94.30245200175423,0.0,-0.4211120603273465,396.86191219868607,352.63576423815664,44.22614796052943,3.953375154616808,2.2703609903976343,1.6830141642191734,NB
frame_Re_1027.75_1027.91,32.56766575051083,0.0,0.7591394668450537,405.8519957029217,351.28187371029105,54.57012199263068,112.34825563289112,61.74771216004601,50.600543472845104,NB
frame_se_1027.91_1028.09,80.18824654816682,0.0,0.9723036287251052,406.74038370163305,350.5313029484945,56.20908075313855,26.65100128966453,14.191849721883244,12.45915156778129,NB
frame_beX_1028.09_1028.29,8.646343860712392,0.0,0.9723036287251052,411.9357015215456,350.68057902554034,61.2551224960053,287.8401867993774,202.75080385313385,85.08938294624357,NB
frame_u_1028.29_1028.37,80.51667126024282,0.0,0.0395241278050852,401.01673430055376,351.92419953451144,49.09253476604232,2.441485125110873,1.5057039634310314,0.9357811616798416,NB
frame_mo~_1028.37_1028.54,42.02982222057975,0.0,0.3776710532820778,402.1182500304312,345.67437399027904,56.44387604015225,94.32295238731412,54.07329747385046,40.24965491346367,NB
frame_ta~_1028.54_1028.66,76.78545789409753,0.0,-0.337524671592878,407.1129941946602,353.0554745531058,54.05751964155439,8.655927596522375,4.488765869043732,4.167161727478643,NB
frame_tSi_1028.66_1028.72,80.71913846788372,0.0,-0.524025070617728,393.0116275760535,347.20179070061914,45.80983687543437,1.9566230939932296,1.0083165851016531,0.9483065088915764,NB
frame_da_1028.72_1028.88,83.64724794148499,0.0,0.0383982052675198,402.7317870765396,347.7437254140621,54.98806166247744,19.759054950757715,12.04610092410745,7.712954026650266,NB
frame_di_1028.88_1029.0,71.24696795272386,0.0,0.0559828025745044,406.0907944701944,352.54560078055897,53.54519368963537,7.915027997724465,3.2017014391955456,4.71332655852892,NB
frame_vi_1029.0_1029.09,74.02799598135061,0.0,-0.4273570917523559,398.9060715165431,348.6249406794244,50.28113083711867,9.522767848258056,5.27398332979574,4.248784518462315,NB
frame_da_1029.09_1029.16,243.13859004718293,0.0,-0.5742821488583882,405.10307647624205,356.98652673519,48.11654974105204,134.7566115119551,65.37692579679282,69.37968571516228,NB
frame_E_1029.16_1029.2,94.09827527311457,0.0,-0.5775049348023551,400.5293721988685,356.5065236354317,44.02284856343675,0.2184484251825864,0.1278702489999261,0.0905781761826602,NB
frame_u_1029.2_1029.38,91.57172568839916,0.0,1.300343804818033,400.3741718788056,342.6388241549576,57.73534772384801,2.212702609172098,1.1116710211719294,1.1010315880001684,NB
frame_E_1029.38_1029.5,78.2966472403172,0.0,-0.080191750904257,401.99660653314464,349.09747304642065,52.899133486724,4.9325662782442095,1.5731939128528722,3.359372365391337,NB
frame_u_1029.5_1029.6,88.66582279304447,0.0,0.2916880632071014,398.8295494699698,349.1817873838392,49.64776208613063,3.378366334921836,1.639173866887333,1.7391924680345028,NB
frame_E_1029.6_1029.7,93.83817562259468,0.0,-0.204520046877368,398.3068706119096,348.91564219767946,49.39122841423011,4.658105770979944,2.1737835803111523,2.484322190668792,NB
frame_u_1029.7_1029.79,109.07864109288091,0.0,0.1656060955060933,388.17321612108543,341.6277183368517,46.54549778423376,18.72546239757,11.289064507194809,7.43639789037519,NB
frame_kre_1029.79_1029.99,52.89080815470061,0.0,0.3328111430704104,409.5660703299413,349.52746635459255,60.03860397534879,27.79455961924748,12.823392059244298,14.97116756000318,NB
frame_doX_1029.99_1030.33,73.68128462954684,0.7599999999999909,0.4985163834713468,408.85555882963695,336.49562724476345,72.3599315848735,299.1223170880073,194.40158103845167,104.72073604955564,TB
frame_i_1031.09_1031.24,18.460467509831066,2.809999999999945,0.635990675768935,392.3421895645429,338.9616334932017,53.38055607134123,53.44388655927867,26.573719434304166,26.8701671249745,NB
frame_de_1034.05_1034.4,109.13607262190556,0.0,2.251288600039342,408.36673013610914,332.92477335932927,75.44195677677988,122.13733746664576,87.49400499287799,34.64333247376777,NB
frame_pojs_1034.4_1034.67,26.13925857421563,0.0,-0.2413137075372574,409.35692569442455,344.9723160457414,64.38460964868312,170.9553863036462,110.99441381271065,59.960972490935575,NB
frame_ki_1034.67_1034.74,86.16525026115704,0.0,-0.524025070617728,408.1851747551685,359.59039945641814,48.59477529875039,17.074492250356457,9.78717541992205,7.287316830434406,NB
frame_u~_1034.74_1034.77,62.25873528779721,0.0,-0.6008601663347557,401.4959229148856,357.3942331338686,44.101689781016944,0.1422393491363323,0.0908658304408618,0.0513735186954704,NB
frame_adZ_1034.77_1034.94,32.73913694126813,0.0,0.2681533380640823,413.12341890877815,354.9247412301412,58.19867767863696,50.17322239723194,22.445300448472693,27.72792194875925,NB
frame_vo_1034.94_1035.18,11.3457934104473,0.0,0.6464824016723948,411.10610803168,345.47408184405526,65.63202618762477,16.7790809845726,10.173036797083997,6.606044187488607,NB
frame_ga_1035.18_1035.45,15.114693995338172,0.0,0.6510785593916866,412.0978409159479,344.6697940749781,67.42804684096984,32.23112250078873,17.288714665680203,14.942407835108526,NB
frame_du_1035.45_1035.51,4.2303535304959325,0.0,-0.5908857106999551,393.10112898256807,347.5592402027709,45.54188877979715,2.331814722276505,1.2242570402591468,1.107557682017358,NB
frame_teR_1035.51_1035.68,9.788410299740775,0.0,-0.0935171806945393,415.4673603436901,356.1571092364446,59.31025110724551,18.88593393663612,12.822026753211505,6.063907183424618,NB
frame_mi~_1035.68_1035.75,21.06250206035395,0.0,-0.6059826860236999,414.98096589041074,365.53530635123946,49.44565953917135,5.10007906464557,3.3298069143809528,1.770272150264617,NB
frame_na_1035.75_1035.82,22.59730501040167,0.0,-0.5742821488583882,414.8347416947528,366.04229370262175,48.79244799213103,2.520148929385414,1.3353718537924235,1.18477707559299,NB
frame_ujs_1035.82_1035.99,10.232197895757906,0.0,0.4177700309109763,410.12406549679895,355.53926011261115,54.5848053841878,26.5669041583607,11.659394535295093,14.907509623065607,NB
frame_sews_1035.99_1036.06,5.931908642666286,0.0,0.0,409.2752123422141,361.98521345751794,47.2899988846961,6.773691130794873,5.397582238054298,1.3761088927405751,NB
frame_seR_1036.06_1036.44,33.25606520524508,0.0,-0.7330096663540809,411.51658678163005,330.16393131190625,81.3526554697238,135.2925384193893,65.77947153174657,69.51306688764274,NB
frame_vi_1036.44_1036.66,63.7517234237979,0.0,0.635990675768935,413.74850996603226,351.9704097135217,61.77810025251057,64.60855819860328,23.98406763668788,40.624490561915394,NB
frame_sus_1036.66_1036.78,34.59139317468106,0.0,0.0,409.284561886293,355.3401986378614,53.94436324843156,23.8040852692352,17.551185714585188,6.252899554650014,NB
frame_u_1036.78_1036.81,24.537948961165483,0.0,-0.5908857106999551,392.8889770576328,348.7364043881483,44.15257266948453,2.529025967701756,1.5344194943658351,0.9946064733359208,NB
frame_ki_1036.81_1037.06,60.61462789318307,0.0,0.039524127807952,410.3839405735407,342.7493999177359,67.63454065580481,94.58534208636064,56.18668563131649,38.39865645504415,NB
frame_E_1037.06_1037.12,50.22867336761573,0.0,-0.4531766388278305,396.8864607677587,353.3182799505425,43.568180817216216,42.28035363636084,22.57622759409196,19.70412604226888,NB
frame_ki_1037.12_1037.3,13.077680840679449,0.0,0.2493187603052486,412.454003863598,352.5913945407827,59.86260932281533,58.659040492594784,29.35667072946734,29.302369763127444,NB
frame_e_1037.3_1037.45,3.3651279664106823,0.0,1.6117961143846469,407.29466932234936,352.9449871144237,54.349682207925696,26.652367415435123,13.806193924707372,12.84617349072775,NB
frame_li_1037.45_1037.97,82.9782717583595,1.3199999999999363,3.3426940840015518,403.7897987051076,311.1790066558312,92.6107920492764,203.65086261766533,139.48453808542234,64.16632453224297,TB
frame_e_1039.29_1039.32,5.264810475676256,0.0,-0.9461738282389792,386.2772147205568,342.57995430459425,43.69726041596255,26.873895000582337,18.324345747877288,8.549549252705049,NB
frame_zi_1039.32_1039.51,24.50654066965293,0.0,0.1526507814398765,394.8161375006564,337.1537076451606,57.662429855495816,171.6804641794085,70.59043337019736,101.09003080921111,NB
frame_Zi_1039.51_1039.71,122.99617119059344,0.2899999999999636,0.8293266334996791,396.83066974719895,340.0528701955887,56.77779955161026,2.913708823035307,1.63217652162146,1.281532301413847,NB
frame_a_1040.0_1040.45,111.17229893286066,0.0,2.64228971029697,407.7975444523227,320.85530717151863,86.94223728080405,26.74194356588349,16.150765282083327,10.59117828380016,NB
frame_ki_1040.45_1040.58,96.76534276987698,0.0,-0.524025070617728,413.0835908552258,356.3005536168281,56.78303723839775,31.42101410046436,19.28584947644913,12.135164624015232,NB
frame_e_1040.58_1040.64,112.10369741592244,0.0,-0.3066813425794376,410.7325185444632,363.002404415949,47.730114128514174,1.445084377623644,1.0279015318222946,0.4171828458013493,NB
frame_li_1040.64_1040.8,104.9875106965875,0.0,-0.1373531551562397,413.1338366717975,354.19752738692625,58.93630928487124,24.771182722060843,10.307909847505556,14.463272874555289,NB
frame_e_1040.8_1040.86,125.6743219453239,0.0,-0.3066813425842844,398.1810202366034,352.3315528224813,45.849467414122216,2.983738596394005,2.215041614671179,0.768696981722826,NB
frame_zi_1040.86_1041.05,86.40520482709776,0.0,0.2493187603052486,413.72353606412565,351.74191416455585,61.9816218995698,48.35778944436194,17.97467571520157,30.38311372916037,NB
frame_Zi_1041.05_1041.18,99.90453547497818,0.0,-0.1373531551540417,402.30106194179945,348.32539791596696,53.97566402583249,9.268448105632515,5.9142996712817535,3.354148434350762,NB
frame_dZi_1041.18_1041.35,106.14956114304202,0.0,0.3459867391706207,406.9308214873996,350.4586042748341,56.47221721256557,10.756583770521672,5.131567411402941,5.625016359118732,NB
frame_ke~j~_1041.35_1041.65,125.41499827620588,0.0,0.2576624962927443,407.5175696832305,338.733580379681,68.7839893035495,34.81734533660939,21.13163517216438,13.685710164445013,NB
frame_du_1041.65_1042.05,134.72914027894876,0.0,3.569819223436178,407.95845294753167,327.95736962727733,80.0010833202544,12.48688960072664,7.791962858600229,4.6949267421264125,NB
frame_du_1042.05_1042.2,129.82923776962912,0.0,0.2916880632099682,405.6133913297343,351.38095967040795,54.23243165932632,7.774330728051098,2.5377977988457587,5.236532929205339,NB
frame_sew_1042.2_1042.92,132.54821849315724,0.0,-0.7330096663540809,412.3181729905419,297.457333258601,114.86083973194089,39.5151794564798,27.1879742061883,12.3272052502915,NB
frame_du_1042.92_1043.07,133.22320366679446,0.0,0.2916880632071014,403.55988798187377,350.1476602233216,53.412227758552206,2.9515507012903868,2.022865107102476,0.9286855941879112,NB
frame_sew_1043.07_1043.23,107.92141965474195,0.0,-0.9461738282389792,411.4914314688685,357.21031311046715,54.281118358401386,14.934752708183254,5.7825073460702185,9.152245362113035,NB
frame_ko~s_1043.23_1043.44,69.08440862569717,0.0,-0.3213022393585952,406.53158840897805,347.08464330569274,59.44694510328532,112.95057963560603,50.72314815685374,62.22743147875231,NB
frame_tSi_1043.44_1043.55,108.08314973152936,0.0,-0.2340211340216117,405.8727106206161,359.06343762535846,46.80927299525763,13.616601461929378,6.58075375664842,7.035847705280958,NB
frame_tui~_1043.55_1043.77,43.935437084094445,0.0,-0.0865578398959227,416.739900484036,352.53719081221595,64.20270967182006,45.380090721912666,16.87071931655987,28.509371405352795,NB
frame_tSi_1043.77_1043.87,129.35383547121805,0.0,-0.4273570917523559,402.0400475056552,351.4801215160352,50.55992598961996,46.172724109338986,25.4271373675642,20.745586741774787,NB
frame_du_1043.87_1043.97,135.05674946762355,0.0,-0.3387217752979389,399.60651746206815,349.8592801972905,49.74723726477765,0.8751697862202263,0.6417014200959414,0.2334683661242849,NB
frame_sew_1043.97_1044.15,193.68858059466316,0.0,-0.9461738282389792,412.9363809832581,354.8071770161823,58.1292039670758,22.824690628244923,7.1781004214712425,15.64659020677368,NB
frame_kli_1044.15_1044.36,55.60240222116974,0.0,-0.3306891128869838,417.0214166075388,351.96861911256553,65.05279749497328,81.63720829036785,41.371729649738256,40.2654786406296,NB
frame_e~_1044.36_1044.45,32.96825718876627,0.0,0.0400252421461228,398.9666485099437,350.94018195543487,48.02646655450883,32.37308456932294,11.52101128516955,20.85207328415339,NB
frame_tSi_1044.45_1044.58,23.06019324745347,0.0,0.1526507814398765,400.5838125310448,347.1821565034275,53.401656027617264,15.79052129907106,2.8590074341666707,12.931513864904389,TB
frame_i_1044.58_1044.63,13.1211739505886,0.0,-0.3306891128847858,397.0268098645018,351.7304733409185,45.29633652358336,3.3614075703904405,2.476063238746974,0.8853443316434664,NB
frame_su_1044.63_1044.73,2.7006430838476945,0.4200000000000727,-0.0865578398959227,397.3569896260351,347.965392099634,49.39159752640114,7.699751234784372,2.810929787702946,4.888821447081426,TB
frame_be~j~_1045.15_1045.32,19.576062005758217,0.0,-0.6128865203135357,414.91593580382033,357.5288048812538,57.38713092256654,13.493799454637951,4.884293258099461,8.60950619653849,NB
frame_u_1045.32_1045.41,64.0891291201273,1.0499999999999543,0.1656060955089601,382.5310690504257,335.0794987527596,47.45157029766602,115.42700373673668,81.30282910349118,34.12417463324549,NB
frame_to_1046.46_1046.92,146.6032093487787,0.0,4.789530911305103,411.2362601213466,324.1626447333889,87.07361538795772,345.9836783028552,283.9888684718458,61.99480983100935,NB
frame_du_1046.92_1046.98,74.0097888577389,0.0699999999999363,-0.5908857106999551,380.18337943894,336.70141446769634,43.4819649712436,18.15287631915794,5.9930779195523485,12.159798399605592,NB
frame_adZ_1047.05_1047.16,48.017038337315086,0.0,-0.1913569275290426,415.1883949526847,363.5555117875251,51.63288316515957,12.014733358257132,3.325401163090305,8.689332195166827,NB
frame_vo_1047.16_1047.39,51.627163576354064,0.0,1.5342785108786827,413.5218763499965,349.3139675107521,64.20790883924434,34.13350884922386,20.149866445779907,13.983642403443952,NB
frame_ga_1047.39_1047.75,21.538741586674576,0.0,1.6466841348434578,414.1796846446839,335.7053206861551,78.47436395852873,85.33577615826026,44.079121326384296,41.25665483187596,NB
frame_du_1047.75_1047.83,44.528519323115006,0.0,-0.3387217752979389,406.9417601028357,359.50509670914937,47.436663393686274,13.499801158431753,8.148407611995538,5.3513935464362135,NB
frame_ko_1047.83_1047.97,9.988664332691002,0.0,-0.6852117621404015,414.435679667766,357.9701647610813,56.46551490668469,284.76734916690333,206.0681767687456,78.69917239815771,NB
frame_me_1047.97_1048.18,28.096037286370983,0.0,1.1854677906148503,412.0592677020243,350.5219925810969,61.53727512092729,49.47267902452647,26.101934818902397,23.37074420562408,NB
frame_sa_1048.18_1048.35,6.035907920946585,0.0,-0.3445270160618257,408.3028088737087,351.0395203813214,57.26328849238735,0.6895655911753522,0.2505424125216393,0.4390231786537129,NB
frame_pru_1048.35_1048.57,39.86240556526097,0.0,0.0395241278050852,413.83498861437,350.4658212030988,63.36916741127118,51.172070956756286,21.14398094693179,30.028090009824496,NB
frame_de~_1048.57_1048.74,49.60760631595923,0.0,0.0400252421411743,412.5519405419186,355.4016261706432,57.15031437127544,21.801759564749037,5.639506996959923,16.16225256778911,NB
frame_te_1048.74_1048.88,9.902826688346464,0.0,-0.7330096663492341,412.6786972357276,357.27029486661473,55.40840236911288,89.7340966222821,64.89320684511665,24.840889777165444,NB
frame_me~_1048.88_1049.17,21.3045179720192,0.0,2.216397783661823,410.6737121681668,341.0945930322501,69.5791191359167,85.00085628561209,51.05983354013321,33.941022745478875,NB
frame_tSi_1049.17_1049.35,47.12569375832396,0.6100000000001273,0.5393226969013649,406.5735762721717,350.6968681143039,55.87670815786771,32.587252804818064,14.744940070376714,17.84231273444135,NB
frame_poX_1049.96_1050.6,40.70229150055872,0.5600000000001728,6.713089147918726,414.3410375126123,307.73996863285043,106.60106887976188,72.50947106489167,34.5273623025501,37.98210876234157,NB
frame_pe_1051.16_1051.33,37.42424540870496,0.0,0.5459753049553087,415.9625938838367,358.0105774768788,57.95201640695785,63.98375721465483,31.128428285873696,32.855328928781134,NB
frame_dZiX_1051.33_1051.76,69.23721018631196,0.6400000000001,1.5060024855550858,407.5379135619484,328.9686190484515,78.56929451349686,41.07140098126881,17.2882831947539,23.783117786514907,NB
frame_a_1052.4_1052.47,31.44873082130897,0.0,-0.2679419717963048,411.17778784910143,361.87757275125824,49.30021509784319,2.615059644105856,1.7385828678901305,0.8764767762157248,NB
frame_le~j~_1052.47_1052.66,29.38280283879888,0.0,-0.1776120120103957,415.2367588804543,355.48191718807726,59.754841692377,60.3648873795508,21.95174146229715,38.41314591725365,NB
frame_dZi_1052.66_1052.72,7.002517063971425,0.0,-0.524025070617728,414.81320183888346,366.253030569316,48.56017126956749,3.1712569018800423,1.514235418362233,1.6570214835178092,NB
frame_u~_1052.72_1052.75,115.76284516834828,0.0,-0.6008601663347557,398.9650366231476,355.7183710441525,43.24666557899508,4.231037174042712,1.8714533435806688,2.359583830462043,NB
frame_ma_1052.75_1052.9,20.315458312358928,0.0,-0.1913569275290426,411.8312779655716,356.6399772811676,55.191300684403984,24.930002140137688,13.514524355737793,11.415477784399895,NB
frame_pro_1052.9_1053.12,16.296359842107535,0.0,0.7944484198700784,414.40169821973313,351.3181616302398,63.08353658949335,113.7526188398041,71.40977989782581,42.342838941978286,NB
frame_ku_1053.12_1053.24,1.8964009090123284,0.0,-0.3387217752979389,414.981106975848,361.1836289547833,53.79747802106471,6.171540706968642,2.237137323252284,3.934403383716358,NB
frame_ra_1053.24_1053.41,38.31228961706735,0.0,0.1915682937985615,408.7942075088496,353.04742715615805,55.74678035269159,24.86356738684545,14.760314950815726,10.10325243602972,NB
frame_sa~w~_1053.41_1053.69,7.395590728434726,1.3599999999999,-0.1182964283102815,405.4596036976308,339.38398180036967,66.07562189726116,111.68572763932896,48.84100801525868,62.844719624070265,NB
frame_adZ_1055.05_1055.22,78.20995187959696,0.0,-0.0381868389980009,408.0493145958901,349.91785595343777,58.13145864245234,34.85843438424332,13.465571719823629,21.392862664419688,NB
frame_Zu_1055.22_1055.39,67.30588981647648,0.0,0.4177700309109763,412.6610351946432,354.58194104201465,58.07909415262856,18.599977608735088,9.01462249615821,9.585355112576876,NB
frame_dZi_1055.39_1055.51,16.2345309384001,0.0,-0.0406851762908676,424.37024143321526,368.18556490103344,56.18467653218181,34.37189444712364,12.774750028003751,21.59714441911989,NB
frame_si_1055.51_1055.57,62.1868817215331,0.0,-0.524025070617728,389.1255599417128,343.67884082255136,45.44671911916146,37.18633408748994,23.66325143662405,13.523082650865888,NB
frame_a_1055.57_1055.6,15.169828007094084,0.0,-0.5742821488583882,373.6723686086107,332.7099542243923,40.96241438421845,6.083610978876919,3.1883845213293114,2.895226457547608,NB
frame_kEX_1055.6_1055.74,271.9414778788105,0.0,-0.3910124908405683,405.8918272549812,353.9303964325591,51.96143082242208,6.805391336542357,1.2887722603430802,5.516619076199277,NB
frame_dZi_1055.74_1055.84,276.24605508930495,0.0,-0.2340211340216117,409.084266856259,357.9949250038859,51.08934185237308,59.14180263733533,18.88691461346201,40.25488802387332,NB
frame_zeX_1055.84_1055.97,77.49909085875991,0.0,-0.9461738282389792,406.3373169315808,351.3936852582329,54.9436316733478,32.1737072820906,13.107216502845064,19.06649077924553,NB
frame_u~_1055.97_1056.01,21.336101653880405,0.0,-0.5441642167876706,395.728883535201,351.5624592134765,44.16642432172455,2.99169554043732,2.1018485439633707,0.889846996473949,NB
frame_ma_1056.01_1056.11,66.08150143369143,0.0,-0.4976971045928673,406.900476693633,355.7234795589525,51.176997134680505,3.542112781991236,1.4331009409962403,2.109011840994995,NB
frame_pro_1056.11_1056.26,57.97255906286044,0.0,-0.2413137075372574,410.1091268794745,355.8257623179096,54.283364561564895,22.55289933769961,8.26331513648232,14.289584201217297,NB
frame_ku_1056.26_1056.37,96.25715442367871,0.0,-0.5908857106999551,411.726728542803,360.3657261294237,51.36100241337937,335.126609622738,192.98728788901423,142.1393217337237,NB
frame_ra_1056.37_1056.53,234.65719193926813,0.0,0.1149832495312993,409.6113575566257,354.5329751880769,55.07838236854883,542.2123706299342,231.7879557066555,310.4244149232786,NB
frame_sa~w~_1056.53_1056.71,38.84764984348155,0.0,-0.5567529148804593,408.7480679822553,350.4408403099894,58.30722767226581,12.593245233160204,3.6566339709694375,8.936611262190766,NB
frame_ki_1056.71_1056.82,69.95086911810871,0.0,-0.524025070617728,409.5273076000332,355.91796178972214,53.60934581031103,64.67248100274769,30.061244049463557,34.611236953284134,NB
frame_Li_1056.82_1056.93,57.47148874259034,0.0,-0.1373531551540417,408.38655176889057,358.51932078400586,49.86723098488471,8.480816050578113,4.34342343963651,4.137392610941603,NB
frame_peR_1056.93_1057.12,1.760606214984307,0.0,-0.5198455044691827,415.4085032860355,353.59264139350563,61.81586189252988,326.7330743559649,254.54958276186665,72.1834915940983,NB
frame_mi_1057.12_1057.32,59.85810276506342,0.0,0.3459867391706207,404.9007031883263,346.8951525248732,58.00555066345311,14.080122142574195,5.806776671111919,8.273345471462278,NB
frame_tSi_1057.32_1057.38,97.5348977433415,0.0,-0.52402507061553,394.0999184901466,349.99985957609096,44.10005891405564,0.8241135372530408,0.6070251873864407,0.2170883498666,NB
frame_de_1057.38_1057.55,115.77249511134896,0.0,1.1854677906100035,412.75566689876,356.50359923403283,56.25206766472712,325.41541180822014,157.13384951725914,168.281562290961,NB
frame_fe~_1057.55_1057.76,73.01099327217275,0.0,1.563486021207113,408.0600209769705,346.164486769899,61.895534207071535,29.60522851598897,20.11156388953489,9.493664626454075,NB
frame_deX_1057.76_1057.94,60.57045757386291,0.0,0.7591394668450537,412.9418317149978,353.5623692023544,59.37946251264344,14.41291610403566,6.170558041356358,8.242358062679301,NB
frame_ujs_1057.94_1058.1,70.76078094125091,0.0,0.2916880632071014,403.8985681681299,346.79807454770645,57.10049362042344,13.58302473108668,8.679452226007044,4.903572505079637,NB
frame_i~_1058.1_1058.21,73.6640437333713,0.0,1.0159121501002422,399.6208178174827,349.8383878269784,49.78242999050428,9.476103150978489,6.314002313136058,3.1621008378424307,NB
frame_te_1058.21_1058.32,61.49776843539652,0.0,-0.7330096663540809,408.86212583398594,356.9721030450047,51.89002278898124,5.812347746648754,4.318079199974775,1.494268546673979,NB
frame_re_1058.32_1058.45,51.676441371978726,0.0,0.5459753049601554,411.23705490097774,358.74561807959805,52.49143682137969,18.266484614875267,6.742344596242972,11.524140018632297,NB
frame_sis_1058.45_1058.48,57.053127795234815,0.0,0.0,378.0961812176873,337.1685134406623,40.927667777024965,10.330787129209966,3.572863688282098,6.757923440927868,NB
frame_du_1058.48_1058.65,50.68672261249115,0.0,-0.524025070617728,407.5053339020844,350.46153315779674,57.04380074428764,13.76437972428343,5.398320812455097,8.366058911828333,NB
frame_kli_1058.65_1058.87,69.13980057723118,0.0,-0.0406851762908676,405.8163997255828,343.12625895831167,62.690140767271146,16.421371236419432,10.32063941326345,6.100731823155982,NB
frame_e~_1058.87_1059.01,79.57519847016492,0.0,1.128211512903973,397.2143037914428,346.63186566821355,50.58243812322934,11.291317497910043,4.100339438466463,7.19097805944358,NB
frame_tSi_1059.01_1059.13,60.59867360540298,0.0,-0.4273570917501579,405.0810222554118,350.9214284865162,54.1595937688956,5.625726405507081,4.272756198029924,1.3529702074771564,NB
frame_e~j~_1059.13_1059.21,68.93902246360258,0.0,-0.8305237744651058,398.5017502747816,351.6795803612464,46.82216991353522,11.199812131440822,6.063022906147083,5.13678922529374,NB
frame_Zu_1059.21_1059.34,43.02244491184982,0.0,0.0395241278050852,413.8036168346984,358.1705679285759,55.6330489061225,260.493688654554,148.75853585910068,111.7351527954533,NB
frame_i_1059.34_1059.44,191.03058803528623,0.0,0.1526507814420745,416.19493206719744,363.893297202736,52.30163486446145,15.52919274333874,9.905895981221532,5.623296762117207,NB
frame_zu_1059.44_1059.59,98.31734646652072,1.009999999999991,-0.0865578398959227,389.8620981178282,337.77523066697665,52.08686745085157,1.218925625223413,0.2733375708944834,0.9455880543289296,NB
frame_fiR_1060.6_1061.02,36.30627641807197,0.0,0.1526507814420745,414.7061342996258,329.5747844647194,85.13134983490642,49.45560665136418,19.100887813309072,30.354718838055103,NB
frame_maX_1061.02_1061.32,54.52496582116217,0.0,-0.0381868389980009,403.34892045670017,335.8964096928154,67.45251076388479,27.49739045284177,18.06397819445533,9.43341225838644,NB
frame_ko~_1061.32_1061.51,16.118316062240154,0.0,0.5174657118140267,412.2605327809413,350.40013042694216,61.86040235399912,10.978071341955712,4.899459835665368,6.078611506290343,NB
frame_e_1061.51_1061.63,13.554920360438018,0.0,0.972303628729952,417.5768801610551,362.1232225562516,55.4536576048036,30.609538833488045,11.072468229380632,19.537070604107413,NB
frame_li_1061.63_1061.85,62.65510734154618,0.6100000000001273,0.635990675766737,401.8167394634455,342.34800138493006,59.46873807851546,20.133502835152257,13.452509180475886,6.680993654676371,NB
frame_ta~_1062.46_1062.68,28.770591569829747,0.0,1.854757761282934,415.2402174682625,351.7290966986117,63.511120769650745,305.13407297294896,233.32292394801635,71.81114902493262,NB
frame_be~j~_1062.68_1063.02,9.358486225530328,0.900000000000091,0.9105742587524028,412.5353127232161,338.6119529637093,73.92335975950681,65.92639801264994,23.618735813430103,42.30766219921984,NB
frame_u~_1063.92_1064.29,1.5082002388893443,0.2100000000000363,1.3268021182674277,410.7134247975568,333.94408153317045,76.7693432643863,137.375790701902,75.19404784087118,62.18174286103081,NB
frame_ko~_1064.5_1064.77,14.309953004888172,0.0,1.635822980044189,413.52364109723,344.537879646178,68.98576145105199,135.8306787303332,71.09494382323356,64.73573490709963,NB
frame_tra_1064.77_1065.15,0.019588345989689,0.0,0.8042486479227283,407.4677915944229,328.86687362503767,78.60091796938525,71.56654344353743,29.69179402866689,41.874749414870536,NB
frame_tu_1065.15_1065.3,65.93088063713724,0.0,0.4177700309081095,407.3406556290541,353.20894868803987,54.13170694101427,39.12585027924405,21.18061556842595,17.9452347108181,NB
frame_dZi_1065.3_1065.38,144.1301724236554,0.0,-0.52402507061553,416.9865449057969,365.4616044185222,51.52494048727471,66.20953757529588,33.4975060303716,32.71203154492429,NB
frame_o_1065.38_1065.49,9.366598559777458,0.0,0.2025843470658865,413.2218868918651,360.3176409975779,52.904245894287214,50.75236249333429,17.21249191068094,33.53987058265335,NB
frame_no_1065.49_1065.63,61.47294688829581,0.0,-0.0933476893328451,409.3353270751968,353.94673658666807,55.38859048852879,14.590956340942329,9.26238220826916,5.328574132673168,NB
frame_ra_1065.63_1065.9,64.58144799967398,0.0,1.034003780719291,407.2951965841621,339.2812806744489,68.0139159097132,70.56593071292522,28.438943879801958,42.12698683312326,NB
frame_rius_1065.9_1066.12,101.7754946007144,2.590000000000145,-0.524025070617728,391.44277676118185,331.2503720536856,60.19240470749628,0.8312720200272707,0.2252075180844883,0.6060645019427824,TB
frame_a_1068.71_1068.97,5.071766358059335,0.0,1.1871738692503326,410.9547440612754,344.8948465388844,66.059897522391,46.35476932499287,27.512930534169584,18.84183879082329,NB
frame_bi_1068.97_1069.1,106.86880476419805,0.0,0.0559828025745044,414.50393317778185,360.9101725360058,53.5937606417761,37.75215994696677,13.19629584873246,24.55586409823431,NB
frame_tu_1069.1_1069.28,28.64385322685547,0.0,-0.3387217752979389,415.5186793819169,355.0775355914953,60.44114379042162,22.110353248485225,15.5813175625033,6.529035685981924,NB
frame_aw_1069.28_1069.46,64.28755841555783,0.0,0.1149832495330406,413.215964085733,352.63519321276425,60.58077087296874,23.32615099833681,16.3584795406408,6.967671457696014,NB
frame_me~_1069.46_1069.77,35.23814530125958,0.0,2.869309546116533,413.2931452772361,342.04362642354903,71.24951885368705,50.66907455282467,23.719373749383067,26.9497008034416,NB
frame_tSi_1069.77_1069.97,90.6550382527476,0.2100000000000363,0.2493187603074466,396.3607215502491,339.1166375366259,57.2440840136232,19.61910215823265,10.299505489946,9.31959666828665,NB
frame_majs_1070.18_1070.39,56.707235047877575,0.0,-0.2679419717963048,405.7777091879945,342.1433928140578,63.63431637393671,7.80063664986794,4.111807313200529,3.6888293366674105,NB
frame_i_1070.39_1070.48,16.65655608892169,0.0,0.0559828025745044,411.5371730476217,360.8127091686597,50.72446387896196,6.705691542764555,2.030210709631348,4.675480833133207,NB
frame_su_1070.48_1070.58,19.848788951990315,0.0,-0.5908857106999551,387.288653239439,338.4506676985309,48.83798554090816,17.15025062738718,5.506029794042689,11.644220833344493,NB
frame_na~w~_1070.58_1070.78,37.68263186079358,0.0,-0.9952094014556216,410.5293670682146,348.4988149197518,62.03055214846279,23.316956461600427,16.649904001706545,6.667052459893881,NB
frame_E_1070.78_1070.86,39.26227768280906,0.0,-0.328848342853306,409.1368555310884,360.1419890071992,48.99486652388919,2.273958987129234,1.0662900455013895,1.207668941627844,NB
frame_u~_1070.86_1070.93,47.19355375341448,0.0,-0.3740763681451261,405.75397281392,357.79611774301213,47.9578550709079,5.725702233074486,3.003644752231409,2.722057480843077,NB
frame_ma_1070.93_1071.64,66.7465750132187,0.0,4.020820507078086,403.5236032376517,291.08323738531874,112.44036585233296,25.71572216627078,15.94103683497569,9.774685331295087,NB
frame_u~_1071.64_1071.79,51.403172851932055,0.0,0.0794912282302657,401.4208693143312,345.807127474554,55.61374183977716,15.192742430719347,8.02767746832356,7.165064962395789,NB
frame_ma_1071.79_1071.88,52.955305582388206,0.0,-0.5742821488566469,407.7183654103455,357.562503126422,50.15586228392351,2.8718213012528224,0.8164304789099361,2.0553908223428863,NB
frame_o_1071.88_1071.98,57.068060580527614,0.0,0.0546183288648385,407.6604346470548,357.0127663911933,50.647668255861504,5.9778347547397885,2.695427562273707,3.2824071924660814,NB
frame_bri_1071.98_1072.13,32.80495075801883,0.0,-0.4273570917501579,407.984142016466,352.5526678153226,55.431474201143374,28.212685263508405,15.741533526341584,12.47115173716682,NB
frame_ga_1072.13_1072.32,69.85294437563728,0.0,0.1915682937968202,405.05673066568994,347.0232503407,58.03348032498997,42.507326417116765,20.247069734178567,22.2602566829382,NB
frame_sa~w~_1072.32_1072.54,67.79777270758883,0.0,-0.7759811581730252,405.3035251541415,341.64451927921755,63.659005874923935,3.2396770355615274,2.0307657635336938,1.2089112720278337,NB
frame_le_1072.54_1072.67,63.25292824345341,0.0,-0.0935171806945393,405.0334794867923,351.8058468343455,53.2276326524468,2.232588774252221,1.1462278178319991,1.086360956420222,NB
frame_gaw_1072.67_1072.94,31.74288190105625,0.0,0.0383982052657785,412.3977238623527,343.16035394492496,69.23736991742771,91.37337021328712,44.07323598604583,47.30013422724129,NB
frame_ujs_1072.94_1073.03,84.9494702335501,1.4800000000000182,-0.5908857106999551,383.3350869215938,335.27044083885613,48.06464608273768,9.478211707622728,3.797768156331081,5.680443551291646,NB
frame_adZ_1074.51_1075.0,8.74383121169572,0.0,2.7188747545624907,415.1886696378268,322.4076417510088,92.78102788681808,44.37160299000736,8.788735759514879,35.58286723049248,NB
frame_vo_1075.0_1075.4,3.893489797825112,0.0,3.605802765696719,414.6367775780905,329.7602753133217,84.87650226476882,49.788003836842506,25.193431285923907,24.5945725509186,NB
frame_ga_1075.4_1075.62,13.760715003140165,0.0,0.4979084708589035,410.4632217453046,346.7598658115062,63.703355933798434,13.921326750617766,8.518689666002018,5.402637084615748,NB
frame_dus_1075.62_1075.77,11.101762367164866,0.0,-0.3387217752979389,407.89259852699456,353.3055044969449,54.58709403004968,5.358057642238407,2.0871638135837145,3.2708938286546925,NB
frame_ko_1075.77_1076.06,9.815182378317472,0.0,1.0903804562721744,411.8428891899698,340.7925508920631,71.0503382979067,17.050908611677343,9.486557162133153,7.564351449544191,NB
frame_bra~w~_1076.06_1076.35,21.011327686255385,0.5500000000001819,-0.9952094014606064,407.7574695275733,338.1311428724796,69.62632665509375,26.332773819707143,6.462586968596554,19.87018685111059,NB
frame_vi~_1076.9_1077.13,30.281783816074466,0.0,1.942709199310913,410.69852442124034,348.7050650631908,61.99345935804956,94.78961054645484,30.695774922786317,64.09383562366854,NB
frame_tSi_1077.13_1077.3,32.6728676335492,0.0,0.1526507814398765,405.3835103583549,350.6641918683921,54.71931848996269,58.873378940196886,34.48539456795501,24.387984372241878,NB
frame_poX_1077.3_1077.55,33.353463347854415,0.0,0.0546183288682028,410.3315513810358,346.68801987929726,63.64353150173855,122.79844631923648,58.988493527008416,63.80995279222806,NB
frame_se~_1077.55_1077.78,0.6464832722272433,0.0,0.6929370045958845,407.74989386681534,346.80242433797025,60.94746952884515,24.016316361027265,9.42999307882792,14.586323282199343,NB
frame_tu_1077.78_1077.96,1.6999072883081112,0.0,0.1656060955089601,408.9521575180708,350.53921062047215,58.4129468975986,14.089718859913232,5.875468878490608,8.214249981422626,NB
frame_du_1077.96_1078.09,11.076212421462856,0.0,0.0395241278050852,410.02849129935447,357.26553636116194,52.762954938192536,21.993381057577523,8.358480366587116,13.634900690990406,NB
frame_va_1078.09_1078.24,28.222322853054635,0.0,-0.191356927530784,410.916230275085,354.07715328389645,56.83907699118856,38.57497007885431,20.68806963106863,17.886900447785678,NB
frame_loX_1078.24_1078.48,29.771955465355543,0.0,0.6464824016723948,410.4248395296639,343.8428175959603,66.58202193370363,23.583465246364185,8.438331586432554,15.14513365993163,NB
frame_da_1078.48_1078.64,23.49540708993851,0.0,0.1915682937985615,405.6919546949404,351.69459123609755,53.99736345884281,20.33437518144619,9.989876493836192,10.34449868761,NB
frame_kaw_1078.64_1079.05,79.11936215349078,0.0,-0.4976971045928673,407.2690665861483,324.23635186395336,83.03271472219495,31.18782512862401,15.744388580729492,15.443436547894514,NB
frame_za_1079.05_1079.13,98.76326524530032,1.709999999999809,-0.4211120603256052,385.18553821811287,339.7828408635078,45.402697354605095,6.605894481983128,2.347598493122362,4.258295988860766,TB
frame_majs_1080.84_1081.17,10.16314552702788,0.0699999999999363,-0.3445270160618257,406.6232365237714,334.1058125226657,72.51742400110572,64.06671938103574,19.17549863282501,44.89122074821072,NB
frame_po_1081.24_1081.47,108.6223882854758,0.0,1.2383464744765869,409.1054233922553,346.50826564139226,62.59715775086306,557.1885164072708,309.2234639424763,247.9650524647944,NB
frame_de~j~_1081.47_1081.65,66.9697086873588,0.0,-0.8305237744651058,408.8309660322715,351.4013776392011,57.42958839307033,175.86962444346767,70.49666548373358,105.37295895973408,NB
frame_ko_1081.65_1081.8,115.2465110210426,0.0,-0.3892797257383054,412.48025202614826,356.4783923535948,56.00185967255345,366.4267825201871,95.78664123709513,270.6401412830919,NB
frame_braX_1081.8_1082.06,60.677932223372096,0.0,0.1149832495312993,407.0079259043773,340.23998333876887,66.76794256560851,721.9517413430042,502.3261586293236,219.62558271368056,NB
frame_me~_1082.06_1082.29,49.90120745782946,0.0,1.1282115128990244,413.7030892671779,348.61679442914465,65.08629483803321,44.53799130374867,14.876100246605972,29.661891057142697,NB
frame_nus_1082.29_1082.61,166.1829348757525,0.6200000000001182,0.6699339663129924,393.1899399711343,323.4021878349672,69.78775213616706,16.06653701390706,3.81663513367586,12.2499018802312,TB
frame_ew_1083.23_1083.3,61.65308216831365,0.9900000000000092,-0.9461738282389792,384.4237061693015,338.48817631245487,45.935529856846586,1.4061915920167465,0.8373749646093245,0.568816627407422,NB
frame_poX_1084.29_1084.66,1.0882489753291509,0.0,1.2383464744765869,417.2107300628157,335.4421817567996,81.7685483060161,65.05646720264305,28.35711520287612,36.69935199976693,NB
frame_e_1084.66_1084.77,26.229178269446948,0.0,0.759139466840207,413.5749356107502,363.04473353217,50.5302020785802,25.3611878340748,9.373111999494142,15.988075834580656,NB
frame_ze~_1084.77_1085.03,14.483320440533332,0.0,1.3458487670505943,412.77414314124354,345.5691016909556,67.20504145028792,32.67837645235278,11.22396427731394,21.45441217503884,NB
frame_plu_1085.03_1085.14,32.99098635177731,0.0,-0.5908857106970883,411.3611473756997,360.3993404718111,50.9618069038886,13.746299524465256,7.016578200666316,6.729721323798941,NB
frame_a_1085.14_1085.28,17.369900813728833,0.0,0.268153338062341,404.9760480566462,353.7772024650104,51.19884559163586,10.681777792752598,2.671744455403143,8.010033337349455,NB
frame_gO_1085.28_1085.55,28.094772905650103,0.0,1.7837052382541498,412.39087793566455,341.84616086283904,70.5447170728255,14.880097544565274,7.713282348703331,7.166815195861943,NB
frame_ra_1085.55_1085.94,5.046266905382623,0.7599999999999909,1.8764392676417616,408.67949119794673,329.1037285104592,79.57576268748755,150.29387993173745,51.326635258326434,98.96724467341102,NB
frame_a_1086.7_1086.78,13.286825209762782,0.0,-0.191356927530784,398.6461979333753,352.469461223617,46.17673670975836,18.59303303911568,9.424222206737936,9.168810832377744,NB
frame_si~_1086.78_1087.03,4.025665946123382,0.0,0.0891151008843031,409.9887464827934,342.51867341097807,67.4700730718153,4.088586368517383,2.097599999375646,1.990986369141737,NB
frame_nej_1087.03_1087.53,4.717457496612155,0.6700000000000728,5.875079352087459,410.9863772035632,319.0726793133211,91.91369789024208,41.36646843365844,30.256161978611644,11.110306455046796,NB
frame_pro_1088.2_1088.41,0.1442741693519735,0.0,0.4985163834713468,409.48842577820193,350.7318991573901,58.75652662081183,79.82247141481811,55.94576890866557,23.87670250615254,NB
frame_ku_1088.41_1088.51,7.414135019611194,0.0,-0.464803742998947,409.3793635280346,357.72891179897687,51.65045172905775,3.291885714029036,2.04490605926128,1.246979654767756,NB
frame_ra_1088.51_1088.69,80.62389316674435,0.0,0.3447383823296032,408.2699734725536,350.8703059118944,57.39966756065917,1.5480918954302538,0.8057252244562179,0.742366670974036,NB
frame_sa~w~_1088.69_1089.04,1.0994557708198442,0.650000000000091,0.3201600582698656,405.5369460072081,331.50331109289914,74.03363491430895,81.5108789893236,41.31916713973146,40.19171184959214,NB
frame_i_1089.69_1089.81,3.3549635560097077,0.0,0.3459867391706207,415.3626292744236,360.0974105546107,55.265218719812935,23.24123625768115,9.034989560333514,14.206246697347638,NB
frame_a_1089.81_1089.89,6.182747409501999,0.0,-0.1913569275290426,402.0472199630831,354.88200168083574,47.16521828224734,5.760634210110041,2.836579745645537,2.924054464464504,NB
frame_sej_1089.89_1090.09,5.621951105423776,0.0,-0.7330096663540809,411.9412844215476,352.0403286094308,59.90095581211688,25.918911815289206,9.212833026595064,16.706078788694143,NB
frame_tej_1090.09_1090.37,9.435794567858764,0.0,-0.0935171806993861,409.0596452713161,342.19477703311725,66.86486823819888,68.01631525977434,14.852809399715651,53.16350586005869,NB
frame_ajs_1090.37_1090.51,12.823432174522424,0.0,-0.2679419717945635,401.2515364655353,349.3161164168864,51.93542004864889,1.2115768633137094,0.6268254915918874,0.584751371721822,NB
frame_ko~_1090.51_1090.67,5.604286375378578,0.0,-0.3213022393585952,406.9506890354489,350.0940366604502,56.8566523749987,12.61355723337249,6.143204325254004,6.470352908118485,NB
frame_dZi_1090.67_1090.73,17.43360589305709,0.0,-0.524025070617728,391.4514768906909,347.43849297061,44.01298392008096,13.082871335284011,8.442207759674218,4.640663575609793,NB
frame_so~j~s_1090.73_1090.85,57.347770623535546,0.0,0.0,400.122830639146,347.1282135912352,52.994617047910765,0.7659589898784702,0.2708171489710054,0.4951418409074648,NB
frame_du_1090.85_1091.1,6.863727877896537,0.0,-0.3213022393585952,405.9022131132761,339.63651647595447,66.26569663732158,7.965829862287862,3.443070051028073,4.522759811259789,NB
frame_ko~_1091.1_1091.29,11.690177021577211,0.0,0.3776710532820778,405.4886152808171,346.9313540086753,58.55726127214177,22.203323013743884,9.6485082995692,12.554814714174682,NB
frame_tra_1091.29_1091.46,27.53669288112276,0.0,0.0383982052675198,405.1338206150017,348.65759401600724,56.47622659899446,7.315806760143644,2.4765750901610204,4.839231669982624,NB
frame_tu_1091.46_1091.52,57.383959847915335,0.0,-0.5908857106999551,383.9216837677338,339.89446557745305,44.02721819028079,0.2008993290046703,0.1084226343816752,0.0924766946229951,NB
frame_dZi_1091.52_1091.58,0.9678077642483912,0.0,-0.524025070617728,410.2194859880701,361.672918510448,48.54656747762215,3.656009971434443,1.3358853885666375,2.320124582867805,NB
frame_o_1091.58_1091.63,3.209409664183738,0.0,-0.685211762137037,404.5988720409351,357.46767715783915,47.13119488309593,4.547575140386996,2.753089472694072,1.7944856676929248,NB
frame_no_1091.63_1091.77,9.641252684918795,0.0,0.2025843470658865,405.6172165858322,353.408394893977,52.20882169185518,25.653892256180868,8.882153366458652,16.771738889722215,NB
frame_ra_1091.77_1091.93,3.838917463336173,0.0,0.1915682937985615,407.5600757266448,351.46714320957403,56.09293251707072,38.22430862298752,17.40239656150176,20.82191206148576,NB
frame_rius_1091.93_1092.09,12.486073378151346,0.5099999999999909,-0.3306891128869838,397.9023835998341,343.3224615945401,54.57992200529407,74.11404161374976,27.83940389467446,46.2746377190753,NB
frame_ko~_1092.6_1092.85,7.929355214544159,0.0,1.0766443459259294,411.1523623227221,343.7354929439494,67.41686937877273,26.8067612785882,10.592878285762056,16.213882992826143,NB
frame_adZ_1092.85_1092.96,9.226460181524075,0.0,-0.1913569275290426,413.64937098223993,360.6651683635581,52.98420261868182,5.162728146705959,2.9752896703033684,2.1874384764025905,NB
frame_vo_1092.96_1093.1,2.8353068192361377,0.0,-0.0933476893362094,412.9330368893041,357.24769131411125,55.6853455751928,27.312713862622644,11.089065521260466,16.22364834136218,NB
frame_ga_1093.1_1093.31,5.016869556581483,0.0,0.4979084708589035,409.7160728638136,347.15480090815,62.56127195566359,22.16866293121976,12.22715055855234,9.941512372667418,NB
frame_dus_1093.31_1093.48,3.631715751880563,0.0,-0.086557839893056,396.31396647206464,340.8090245681818,55.50494190388281,4.585554666480775,2.665165912012469,1.9203887544683056,NB
frame_ki_1093.48_1093.56,178.48088363059523,0.0,-0.524025070617728,410.6640060021212,360.4276116370581,50.23639436506312,13.62265543103274,6.9353267402457845,6.687328690786956,NB
frame_es_1093.56_1093.71,6.019413473299167,0.0,-0.5198455044691827,391.4094375521091,338.0769413313743,53.33249622073487,21.722173050339336,8.608220220444096,13.11395282989524,NB
frame_ta~w~_1093.71_1093.99,17.30787233472354,0.5599999999999454,0.1009318149772997,407.1330996653619,340.16624519569456,66.96685446966734,73.12068855320739,30.111109845854955,43.00957870735243,NB
frame_an_1094.55_1095.86,6.427565641762044,0.1000000000001364,8.998848384340423,408.3117625791284,229.74476971598057,178.5669928631478,82.14518552655906,21.044615449260878,61.10057007729818,NB
frame_pro_1095.96_1096.14,2.1864090009482595,0.0,-0.5372457439359891,410.3239677810702,352.8588068756676,57.46516090540263,30.500255640227422,15.572516176712696,14.927739463514726,NB
frame_ku_1096.14_1096.24,5.524332552351567,0.0,-0.5908857106999551,410.7264089735476,359.18062816847225,51.54578080507531,1.6979743851680098,0.4789143220928622,1.2190600630751476,NB
frame_ra~_1096.24_1096.36,7.655866644662694,0.0,0.1009318149772997,410.2499590317421,355.82357043698306,54.42638859475903,4.994311121045158,1.8344890163810987,3.159822104664059,NB
frame_du_1096.36_1096.43,8.338145381347232,0.0,-0.5908857106999551,411.6812233263565,364.3636432345604,47.31758009179612,1.224794521352749,0.8839956868458216,0.340798834506927,NB
frame_ob_1096.43_1096.57,15.03382086319455,0.0,0.2025843470658865,398.0144971862167,346.15887326665137,51.85562391956529,25.46156424048088,13.70103244125886,11.760531799222022,NB
frame_teX_1096.57_1096.89,15.201568806156075,0.0,1.8249602762646984,413.098526997068,338.98911810214463,74.10940889492338,18.55523959509958,10.22442711690087,8.330812478198709,NB
frame_na_1096.89_1097.09,21.285379588253647,0.0,0.1149832495312993,405.2313222791293,344.4303352305641,60.80098704856522,28.07184133621199,9.392854779486214,18.67898655672577,NB
frame_Zus_1097.09_1097.33,21.465727195425828,0.0,0.5438519986119844,400.99867943933407,337.4152205104821,63.583458928852,8.344058670607254,3.2012494751976988,5.142809195409555,NB
frame_tSi_1097.33_1097.5,14.470460996009592,0.0,0.1526507814398765,405.65058543564345,349.0334206753234,56.61716476032007,14.44190182272918,6.525775859754077,7.916125962975101,NB
frame_sa_1097.5_1097.78,11.724322752295365,0.3700000000001182,0.268153338062341,404.7168560306542,338.6509278318515,66.06592819880268,93.78996447036285,15.270100408491004,78.51986406187184,NB
frame_u~_1098.15_1098.44,1.202671223040113,0.0,0.8732345218907467,410.0503073968938,337.6697157116548,72.38059168523904,11.987604151166463,4.828655962707202,7.158948188459263,NB
frame_Re_1098.44_1098.55,15.289151843901225,0.0,-0.0935171806993861,412.50736004592704,359.3422963523961,53.16506369353095,11.696665015608405,3.988929295788637,7.707735719819766,NB
frame_a_1098.55_1098.7,13.912401639101006,0.0,0.3447383823296032,409.10051458265536,354.0107068522872,55.08980773036819,35.11908352877131,16.30060713528823,18.81847639348308,NB
frame_Zus_1098.7_1098.94,10.704612816380989,0.0,0.7960159340140005,407.23033779928033,343.5199876719944,63.710350127286006,18.060543000895848,7.575453845052294,10.485089155843552,NB
frame_ta_1098.94_1099.08,12.186859045968347,0.0,-0.3445270160618257,407.86611017998,352.5402878569231,55.325822323056855,15.036392569118547,9.662197180720495,5.37419538839805,NB
frame_me~_1099.08_1099.36,13.30673514028787,0.0,1.7811232753537345,407.096224364069,338.6492961810208,68.44692818304827,19.13768483374025,8.864422079987634,10.273262753752618,NB
frame_tu_1099.36_1099.6,19.94848640686847,0.6200000000001182,0.9220979017121418,404.1787112618164,341.4357322189668,62.74297904284958,18.81223549579656,8.83385641887503,9.978379076921527,NB
frame_an_1100.22_1101.42,13.22068406946083,0.849999999999909,7.696902631824828,410.2116430107592,243.083861712857,167.12778129790223,56.49437733124225,29.890144361077603,26.604232970164645,NB
frame_dZi_1102.27_1102.42,11.983152171520771,0.0,-0.2340211340194138,412.8796253134551,355.40828434970524,57.47134096374981,38.56362795978255,17.02799059396844,21.53563736581411,NB
frame_ve~_1102.42_1102.66,14.275370713389222,0.0,1.345848767055543,411.3783687016111,346.77520998715136,64.60315871445971,18.451890850087796,7.3236599600632815,11.128230890024511,NB
frame_si~_1102.66_1102.78,10.824748599918353,0.0,-0.6059826860236999,408.5692562225636,353.68746198123097,54.88179424133261,4.995263644070903,2.430238688646824,2.5650249554240787,NB
frame_me~_1102.78_1102.99,3.1595648096596847,0.0,0.692937004600833,411.634936421872,349.2125507501896,62.42238567168238,45.26314071960872,20.28650123275611,24.976639486852605,NB
frame_tus_1102.99_1103.22,14.671506744535591,1.490000000000009,-0.0865578398959227,385.0531288939164,323.40236968375785,61.650759210158526,168.33302403221,115.07242744504184,53.26059658716817,NB
frame_dujs_1104.71_1104.9,24.78040550025653,0.0,0.2916880632071014,407.5459274924858,350.8623065123757,56.683620980110106,8.120542168533177,2.398523786129928,5.722018382403249,NB
frame_pro_1104.9_1105.01,27.695741526246337,0.0,-0.8331777803414494,410.3437443184772,358.4849710706567,51.85877324782052,19.59076640164045,6.446577599760062,13.14418880188039,NB
frame_fe_1105.01_1105.13,31.80892574171112,0.0,-0.0935171806945393,410.7623433372718,358.4294657353174,52.33287760195435,11.760987538655826,4.790992531193098,6.969995007462728,NB
frame_so_1105.13_1105.3,48.7186588231759,0.0,-0.2413137075372574,410.016854442262,352.2647965372519,57.75205790501008,44.49355843060967,19.400577277474994,25.092981153134676,NB
frame_ris_1105.3_1105.39,49.75073906511842,0.0,-0.524025070617728,405.2731529199282,353.904660916689,51.36849200323917,4.31698516350221,3.1902673488478683,1.1267178146543415,NB
frame_u~_1105.39_1105.43,44.32408243638939,0.0,-0.5441642167876706,397.4615421735133,352.5118304714268,44.94971170208646,0.4094580913362335,0.1854317611969804,0.2240263301392531,NB
frame_ni_1105.43_1105.51,50.26995432559672,0.0,-0.524025070617728,401.494359452634,353.04739449669273,48.44696495594127,6.956696860716605,3.5998121604209103,3.3568847002956943,NB
frame_veX_1105.51_1105.68,22.724506126169885,0.0,-0.3066813425794376,411.4004791206411,355.0253906005608,56.37508852008028,41.931640905299005,34.048403172681745,7.8832377326172605,NB
frame_si_1105.68_1105.79,13.034504564560793,0.0,-0.2340211340216117,406.3217635781639,355.1711544262843,51.15060915187957,17.815465737486605,8.040209531085225,9.77525620640138,NB
frame_ta_1105.79_1106.04,3.978134962711039,0.0,0.4213234265933827,409.4409213216226,343.2748955790996,66.16602574252306,22.62545250520435,9.698061736052608,12.927390769151742,NB
frame_rius_1106.04_1106.26,49.97586745168297,0.8399999999999181,-0.2340211340194138,402.7476720486373,342.3417635053817,60.40590854325558,23.41208650733409,7.719200033379735,15.69288647395436,NB
frame_na~w~_1107.1_1107.37,51.03441152729658,0.0,-0.9952094014606064,406.042943381579,337.787334456709,68.25560892486999,19.974068660713044,12.247110003920724,7.72695865679232,NB
frame_na~w~_1107.37_1107.6,30.506615851345018,0.0,0.1009318149772997,409.44732777867,345.1481822628864,64.29914551578361,26.03879962346113,10.454170617491982,15.584629005969148,NB
frame_sO_1107.6_1107.78,2.5508760893430065,0.0,-0.3344447321744259,408.986692755526,350.89039368625544,58.09629906927052,12.338814295265225,6.396858210291043,5.94195608497418,NB
frame_da_1107.78_1107.86,64.13872264778998,0.0,-0.4211120603273465,404.1352492187107,355.830674802574,48.304574416136745,28.63863549862857,12.824322949090629,15.814312549537943,NB
frame_fa_1107.86_1108.01,46.6183273314131,0.0,-0.2679419717963048,407.7594651691302,353.4774819724038,54.2819831967264,5.603463525690472,2.203528901241384,3.399934624449088,NB
frame_kuw_1108.01_1108.18,44.79879883370947,0.0,-0.3387217752950722,411.9878158826391,354.6646042635449,57.3232116190942,65.99456143314458,26.128851408817468,39.86571002432712,NB
frame_da_1108.18_1108.38,48.74810121677545,0.0,0.421323426595124,408.62725243388064,346.93753586096744,61.6897165729132,10.868328312626474,3.808463205127509,7.059865107498965,NB
frame_dZi_1108.38_1108.46,20.232202931025142,0.0,-0.3306891128869838,395.7137725014145,347.8039646624642,47.90980783895032,134.33805211113594,38.453584353083016,95.88446775805292,NB
frame_ko~_1108.46_1108.55,58.04805001519991,0.0,-1.0202755320056254,400.4415994294944,349.9410869899264,50.50051243956807,1.6691594864070538,0.8572026795455514,0.8119568068615024,NB
frame_mu_1108.55_1108.71,72.33117650415318,0.0,-0.3387217752979389,398.9669370608207,343.4508757465273,55.51606131429344,21.94308172342592,8.932841074863546,13.010240648562371,NB
frame_ko~_1108.71_1108.84,55.10356282574301,0.0,-0.880480873476855,402.05549867611575,348.733993007456,53.32150566865977,7.977895176491117,4.97465078809114,3.003244388399977,NB
frame_mu_1108.84_1108.95,64.16993600802579,0.0,-0.3387217752979389,397.9488495313536,349.6527107834076,48.296138747945975,5.545386862675031,2.097930545618865,3.447456317056165,NB
frame_dZi_1108.95_1109.03,59.53922858116864,0.0,-0.3306891128869838,411.3721737826516,361.1041630759762,50.2680107066754,8.284662121207688,3.751565359351417,4.533096761856271,NB
frame_ow_1109.03_1109.19,10.172416161975292,0.0,-0.0933476893362094,411.9607738822036,356.09398886075485,55.86678502144872,117.22829838017016,80.81432814073042,36.413970239439735,NB
frame_tras_1109.19_1109.42,72.84469776479598,0.4600000000000364,-0.191356927530784,403.3248314741443,340.44832939730134,62.876502076843,6.742963981773812,1.9949178841485349,4.748046097625277,NB
frame_es_1109.88_1109.97,45.10230346438742,0.0,-0.9461738282389792,378.2709251746605,332.07958405574215,46.19134111891833,29.267907537756457,15.929791764097004,13.338115773659451,NB
frame_ko_1109.97_1110.13,45.36539187691797,0.0,-0.241313707533893,411.6667501915479,353.4230031000549,58.24374709149299,22.59960032978296,12.288968092758084,10.310632237024876,NB
frame_las_1110.13_1110.29,19.379943355157398,0.0,-0.4976971045928673,403.34541228552246,349.2840695753846,54.061342710137865,106.76198320220264,60.699714040373465,46.06226916182917,NB
frame_ta~_1110.29_1110.39,52.18302474952056,0.0,-0.5567529148804593,406.4194795546292,355.02101142283885,51.398468131790366,5.7062580220513865,2.547689943059268,3.1585680789921184,NB
frame_be~j~_1110.39_1110.53,67.01825789030325,0.2300000000000182,-0.6128865203135357,400.1949491399612,349.9136994679528,50.28124967200836,12.422724309718518,6.365864645451865,6.0568596642666535,NB
frame_u~_1110.76_1110.79,168.25973418594947,0.25,-0.6008601663347557,364.4829681094694,325.3563411855565,39.12662692391291,4.142857719425422,1.1231713490608115,3.01968637036461,NB
frame_Re_1111.04_1111.1,7.041078283198203,0.0,-0.9461738282389792,413.00481612556297,364.9280519994697,48.07676412609328,3.3009775364251084,0.8738236896926423,2.427153846732466,NB
frame_a_1111.1_1111.41,16.29410720524757,0.0,1.570099090579678,414.9376543066594,341.1576644469028,73.77998985975665,47.70795171673153,13.116887700354766,34.59106401637676,NB
frame_Zus_1111.41_1111.57,0.3802421525536203,0.0,0.0395241278050852,399.1526893567203,343.74898256231484,55.40370679440548,22.58717300098354,10.921389093037732,11.665783907945809,NB
frame_ta_1111.57_1111.65,6.048344641132957,0.0,-0.4211120603256052,408.45093126547965,360.9860395559597,47.464891709519975,15.796698751371082,10.58983289910526,5.206865852265821,NB
frame_me~_1111.65_1111.81,27.427879077639247,0.0,0.0400252421411743,409.0997843342872,353.27530610056755,55.82447823371968,13.120293832927176,7.1997967630745165,5.920497069852658,NB
frame_tu_1111.81_1111.9,21.53420196577224,0.0,-0.3387217752950722,406.8857201821629,359.6489072872939,47.23681289486893,14.073163777878603,5.889201781431694,8.18396199644691,NB
frame_dZi_1111.9_1112.02,39.4701291344348,0.0,-0.1373531551562397,408.0714701127811,356.2346075262428,51.83686258653836,12.128176972897704,6.328061021816112,5.800115951081594,NB
frame_ve~_1112.02_1112.09,51.325389098815066,0.0,-1.265798282768246,382.1989218929224,337.62976048173334,44.56916141118904,16.748506197649448,6.410949915521712,10.337556282127736,NB
frame_si~_1112.09_1112.19,27.34137383197437,0.0,-0.6059826860236999,409.2974828103045,356.25283043274123,53.044652377563295,12.404489519862992,5.556516237062851,6.84797328280014,NB
frame_me~_1112.19_1112.36,8.848959117973408,0.0,0.4752997504443144,409.1978501746947,353.5696639851892,55.62818618950547,29.929464502772102,11.192481993248492,18.736982509523614,NB
frame_tus_1112.36_1112.62,77.30956780055126,0.7400000000000091,-0.5908857106999551,383.4134890284554,318.98956848054075,64.42392054791469,1.949118324074135,0.466889955178928,1.482228368895207,NB
frame_an_1113.36_1113.95,0.4212496711358824,0.0,3.331555108688399,416.1225840376499,309.71982623951965,106.40275779813028,14.14066042959206,6.248376420731887,7.892284008860173,NB
frame_nu_1113.95_1114.1,1.9910510324111783,0.0,0.2916880632071014,411.5299030403829,356.2422838990503,55.28761914133264,12.534888678374005,4.72584793200636,7.809040746367643,NB
frame_ki_1114.1_1114.29,4.200865372487428,0.0,0.4426547180359927,409.2269848385022,351.0668245304012,58.16016030810096,15.143926530673198,5.926208334533342,9.217718196139856,NB
frame_ta~_1114.29_1114.56,0.4713189174858314,0.0,2.512442491145677,413.73294950763625,343.0852087968377,70.64774071079853,23.147141448095752,6.489488074095277,16.657653374000475,NB
frame_Zi_1114.56_1114.75,1.7696959687469302,0.0,-0.1373531551562397,414.5353430400039,352.8771975937347,61.6581454462692,7.204260918327236,3.264316415698744,3.939944502628492,NB
frame_ajs_1114.75_1115.02,15.351515107597052,0.0,0.6510785593916866,409.0899384779436,341.68435377965204,67.40558469829159,28.610911409575397,10.193345961079658,18.417565448495736,NB
frame_a~_1115.02_1115.15,23.360898870696477,0.0,1.1970730314201905,405.1846465241785,353.3263943496706,51.858252174507925,13.886963229848078,8.018057097859412,5.868906131988666,NB
frame_tSi_1115.15_1115.33,7.375845423339328,0.0,-0.1373531551562397,406.862286429371,349.1373493178009,57.72493711157006,16.006406725075067,6.345055740526249,9.661350984548818,NB
frame_gas_1115.33_1115.52,18.76420966315293,0.0,-0.191356927530784,412.4532215832861,352.3119519584812,60.14126962480486,23.90139021279916,12.458640572323304,11.442749640475853,NB
frame_gra_1115.52_1115.69,15.283232112838306,0.0,-0.2679419717945635,409.3070326801941,353.28471492433914,56.02231775585494,7.829624884026188,3.3802049689493288,4.449419915076859,NB
frame_tSi_1115.69_1115.75,61.24108810249843,0.0,-0.524025070617728,380.1908320167297,336.45433522985945,43.73649678687025,14.011685263795108,6.162635670276053,7.849049593519055,NB
frame_fi_1115.75_1115.82,63.99221929296908,0.0,-0.4273570917523559,377.21106544321833,333.7572894504001,43.45377599281824,8.302631228760049,2.654849261760916,5.647781966999133,NB
frame_ka_1115.82_1115.99,35.42002831698326,0.0,-0.0381868389997423,403.6455646055164,349.123819610408,54.52174499510835,65.93426174070039,37.73132518485888,28.20293655584152,NB
frame_so~j~s_1115.99_1116.08,62.77486303520594,0.0,0.0,406.4577384229637,356.4123291186961,50.04540930426754,1.1278435743064747,0.2854857175128913,0.8423578567935834,NB
frame_dZi_1116.08_1116.31,27.638835715564824,0.0,-0.1815075808298249,405.028067116879,344.294321744806,60.733745372072974,18.15872138685509,9.450492646530408,8.708228740324685,NB
frame_kuX_1116.31_1116.56,29.71149000791283,0.0,-0.0865578398959227,407.504949791758,342.6912382437392,64.81371154801877,62.7963128209668,25.298803716815826,37.49750910415098,NB
frame_su_1116.56_1116.62,17.78382720761607,0.0,-0.5908857106999551,406.7570791847506,359.5286154650059,47.228463719744695,1.062317471486935,0.7999345450876945,0.2623829263992405,NB
frame_no_1116.62_1116.8,37.40495316989151,0.0,0.3505503652669345,406.9410558519781,349.28114919804807,57.659906653929966,17.669919978709316,11.779262520481453,5.890657458227864,NB
frame_tuR_1116.8_1117.09,21.93915831932344,0.0,1.300343804815166,413.99116567791685,342.2780723688705,71.71309330904637,35.71490139413028,13.938208776205087,21.776692617925196,NB
frame_nu_1117.09_1117.21,36.58045644436251,0.0499999999999545,-0.3387217752979389,405.06040154681614,353.39504392299034,51.6653576238258,8.054889878847845,3.353605286377629,4.701284592470216,NB
frame_etS_1117.26_1117.32,144.4430192346811,0.0,-0.9461738282389792,380.0549812952724,335.75305249531664,44.30192879995576,6.919607352480021,3.6757063590326737,3.2439009934473475,NB
frame_se_1117.32_1117.46,185.8156692912956,0.0,0.5459753049601554,400.2663555699245,350.51384642667006,49.75250914325443,536.3367630071212,212.41496051991987,323.9218024872014,NB
frame_te_1117.46_1117.55,21.778117061491457,0.0,-0.9461738282389792,400.0483876863083,350.41540417484777,49.63298351146051,361.5386259732353,203.30333012791064,158.23529584532466,NB
frame_ra_1117.55_1117.61,26.70782055857856,0.0,-0.5742821488583882,412.4193817732374,365.4303508630266,46.98903091021077,13.829629074858218,9.851488229560571,3.978140845297645,NB
frame_i_1117.61_1117.64,136.1101667812488,0.0,-0.52402507061553,406.92319416191225,361.7053755228879,45.21781863902436,5.294525802066062,2.475206386590344,2.819319415475718,NB
frame_ow_1117.64_1117.76,29.462035182199685,0.0,-0.0933476893362094,410.1668171643464,361.8939114865375,48.27290567780898,11.101353215920142,4.49819558492689,6.603157630993252,NB
frame_tras_1117.76_1117.98,96.15283868228732,0.0,-0.1913569275290426,411.2747997033389,348.9456722332246,62.32912747011426,104.62867793285362,50.183682599930606,54.44499533292301,NB
frame_koj_1117.98_1118.26,118.56379137980208,0.0,0.9424144380744908,405.0549326611032,338.4447226584333,66.61021000266987,23.058849409147054,14.637105913932372,8.421743495214685,TB
frame_zas_1118.26_1118.35,144.5005332233068,0.4600000000000364,-0.5742821488583882,379.0372673232301,332.35110423908594,46.6861630841442,1.8690520783898847,0.9029235368190528,0.966128541570832,NB
frame_be~j~_1118.81_1119.06,75.60857031464283,0.0700000000001637,-0.8305237744651058,412.6382434276964,349.0220957560891,63.61614767160734,349.9835665176403,160.05846038874012,189.9251061289002,NB
frame_e_1119.13_1119.3,12.50476785989332,0.0,2.038124438149597,414.50820856411474,358.12853613692727,56.37967242718747,60.40192034181234,20.16494009390115,40.23698024791119,NB
frame_sis_1119.3_1119.42,35.954391729751364,0.0,0.0,400.79802167743367,348.0597246063038,52.73829707112986,112.24709019504267,68.3289695535403,43.918120641502384,NB
frame_nujs_1119.42_1119.55,29.72581088874381,0.0,-0.0406851762908676,403.37374613334737,348.685746200924,54.6879999324234,53.660030873704784,29.57731028874369,24.08272058496109,NB
frame_pe_1119.55_1119.89,21.61670251870476,0.0,0.2916880632099682,406.7140003490227,332.14279960202936,74.57120074699333,143.96639248560993,73.4727677332622,70.49362475234773,NB
frame_dZi_1119.89_1120.08,37.16861761878195,0.0,0.0559828025745044,410.79978815046167,350.697098364322,60.102689786139706,57.90912574144383,24.512310945091517,33.39681479635232,NB
frame_ra~w~_1120.08_1120.24,0.2562129647646429,0.6400000000001,-0.7759811581680405,407.64478911944616,353.2246521442487,54.420136975197465,34.35452784704822,20.489773888242865,13.864753958805352,NB
frame_ki~_1120.88_1121.08,53.11567894751954,0.0,1.4793106747003093,412.56497103457934,351.11310704564505,61.45186398893435,62.93755989575794,24.10912700282458,38.82843289293336,NB
frame_zi_1121.08_1121.24,26.05367190862248,0.0,-0.1373531551562397,410.162589384256,353.9274700591084,56.23511932514759,27.179602157768542,9.495320150064032,17.68428200770451,NB
frame_poX_1121.24_1121.51,29.62744065323201,0.0,-0.0933476893328451,406.8993051834069,340.1664171555616,66.73288802784532,24.9811723184698,9.951631699809155,15.029540618660649,NB
frame_se~_1121.51_1121.73,14.980770924490542,0.0,1.128211512903973,405.92111064519145,344.19670799360347,61.72440265158798,25.98992806824458,10.80196945949217,15.18795860875241,NB
frame_tu_1121.73_1121.83,103.97670169241292,1.509999999999991,-0.5908857106999551,380.5855254787791,333.05945417452824,47.52607130425088,1.4904076382292502,0.7392426028816104,0.7511650353476398,NB
frame_da_1123.34_1123.68,26.58979593874093,0.0,0.6510785593916866,408.9452698978697,335.321369770576,73.62390012729378,30.795372867362403,18.35565547561224,12.439717391750165,NB
frame_ki_1123.68_1123.8,29.733452918216244,0.0,-0.3306891128869838,417.64727834417806,362.2933552261536,55.35392311802445,23.217187867793285,9.091068007574506,14.12611986021878,NB
frame_lu_1123.8_1123.91,7.812463067060094,0.0,-0.086557839893056,409.66848099428967,359.0235490350715,50.64493195921813,30.715065811464854,12.613708460786086,18.101357350678768,NB
frame_ki_1123.91_1124.04,13.793646068506234,0.0,-0.3306891128869838,412.81449377197816,359.3901243362322,53.42436943574597,23.92668876614084,11.669242696026885,12.257446070113955,NB
frame_Re_1124.04_1124.2,24.1307825569247,0.0,0.1196469811903589,410.49953381904993,355.1984493291105,55.301084489939456,14.332173164827154,6.433085954466222,7.899087210360932,NB
frame_se_1124.2_1124.39,25.35627275831024,0.0,0.1196469811903589,413.0742376690951,353.2921839764978,59.78205369259729,136.5277988223961,59.76307282720191,76.7647259951942,NB
frame_beR_1124.39_1124.54,17.626137396546653,0.0,-0.9461738282389792,415.4520787452423,358.85557198471224,56.59650676053002,33.34822676202572,11.336609967650276,22.01161679437544,NB
frame_mus_1124.54_1124.79,28.87789830692907,0.1300000000001091,1.426425772519041,400.6932071843115,336.797819785609,63.895387398702496,127.71545871394758,100.43247123026046,27.282987483687123,NB
frame_i_1124.92_1125.01,86.77090481679949,0.0,0.0559828025745044,405.1892253151941,359.0164219965319,46.17280331866221,14.662092062894388,8.655023176657124,6.007068886237263,NB
frame_sO_1125.01_1125.56,16.58651801899572,1.1900000000000546,1.7837052382541498,412.2311570154799,317.2234312929408,95.0077257225391,54.433380634462935,27.72750518483585,26.705875449627086,NB
frame_si_1126.75_1126.89,25.891532618370803,0.0,0.1526507814420745,409.720453613148,356.7198969545417,53.00055665860634,73.965241464862,26.643742405477298,47.32149905938471,NB
frame_Re_1126.89_1127.11,68.56742942552376,0.0,1.1854677906100035,412.7264841853061,350.2300369624796,62.49644722282653,17.857298581891285,9.01313581427587,8.844162767615416,NB
frame_se_1127.11_1127.3,204.8268728545329,0.0,0.9723036287251052,411.056572172821,352.7104599265812,58.34611224623978,33.49730206188309,12.249281212591995,21.24802084929109,NB
frame_beR_1127.3_1127.46,79.42568444409389,0.0,0.3328111430752572,414.34031280929673,356.2910309598294,58.04928184946732,302.14478438082494,184.62312138318816,117.5216629976368,NB
frame_mus_1127.46_1127.62,28.07927559313012,0.5900000000001455,0.2916880632071014,399.7825704534736,346.52795850978185,53.25461194369177,7.677456837440445,3.140770356110949,4.536686481329497,NB
frame_i_1128.21_1128.27,32.52400746992548,0.0,-0.2340211340216117,405.3120641955679,359.0959437100104,46.21612048555755,6.558499308260736,3.656383745400973,2.9021155628597626,NB
frame_nu_1128.27_1128.48,21.52950138758169,0.0,0.2916880632071014,415.6827193198833,353.22901482007126,62.453704499812034,66.01270832415564,22.860329348049305,43.152378976106334,NB
frame_mo_1128.48_1128.62,15.289317821529124,0.0,-0.0933476893362094,411.4941367781973,355.5516700842145,55.9424666939828,44.110482755228986,22.29639250361555,21.81409025161344,NB
frame_me~_1128.62_1128.85,6.5379131412533695,0.0,0.2576624962927443,410.9712581142397,348.9399453506712,62.031312763568565,51.93069574826427,14.7784053175167,37.15229043074757,NB
frame_tu_1128.85_1128.96,6.0468020696010285,0.0,-0.5908857106999551,410.3354853163502,356.6075998366271,53.72788547972306,7.033816160693448,4.496215186731803,2.537600973961645,NB
frame_e~j~_1128.96_1129.05,26.020125717995768,0.0,-1.265798282768246,395.9360653174424,349.8070225399688,46.129042777473614,8.886885873388906,5.044260996013293,3.842624877375613,NB
frame_ki_1129.05_1129.16,1.8199994946252216,0.0,-0.524025070617728,409.365742631295,357.7649639854651,51.60077864582991,85.34285255050827,65.07916106683984,20.263691483668424,NB
frame_Re_1129.16_1129.31,10.214917628083183,0.0,-0.0935171806993861,408.7395135669343,352.8746858599868,55.86482770694744,21.83328965571256,7.559457232575852,14.27383242313671,NB
frame_se_1129.31_1129.46,20.620106871937395,0.0,-0.7330096663540809,409.3549015012811,353.35380192741195,56.00109957386917,16.77132094997806,9.196359154351512,7.57496179562655,NB
frame_beR_1129.46_1129.66,58.1276338178112,0.0,0.3328111430752572,405.7770936618679,345.45341858078393,60.32367508108399,12.217124580633708,6.31966207931066,5.897462501323048,NB
frame_mus_1129.66_1129.81,70.65352856207998,1.3500000000001364,0.1656060955060933,384.86893982481325,331.8575608841646,53.01137894064863,28.297310329261656,14.250110720815345,14.047199608446313,TB
frame_kEX_1131.16_1131.27,249.08096131840935,0.0,-0.5153407868150929,411.2407985888596,362.2554619694317,48.98533661942787,52.21254066073715,19.772058462055213,32.440482198681934,NB
frame_dZi_1131.27_1131.33,110.31204367003882,0.0,-0.524025070617728,391.0346333857771,344.8960439256747,46.13858946010242,8.25568805829242,5.123996241046697,3.1316918172457235,NB
frame_zeX_1131.33_1131.56,60.89922780189815,0.0,2.038124438154444,412.344912896819,349.225915087166,63.11899780965297,13.33446731518424,6.800548055568001,6.5339192596162405,NB
frame_ki_1131.56_1131.7,41.03331194551584,0.0,-0.0406851762886696,410.5301319947309,354.4765014837192,56.0536305110117,103.36956572609188,39.36207447330597,64.00749125278591,NB
frame_u_1131.7_1131.83,11.396577979122696,0.0,0.6699339663101257,409.8410427846672,357.4936263056835,52.34741647898363,31.91060251314954,16.039325748083968,15.871276765065572,NB
frame_ko~_1131.83_1132.04,21.80245533485902,0.0,0.3776710532820778,407.4367167395094,348.4424783802779,58.994238359231474,56.65509399822781,31.938650574590184,24.716443423637628,NB
frame_tra_1132.04_1132.2,53.69154083654375,0.0,-0.2679419717963048,409.5262088000396,352.0482512796757,57.47795752036393,6.974892630824684,2.970005936235623,4.004886694589061,NB
frame_tu_1132.2_1132.26,67.69029750826549,0.0,-0.5908857106999551,390.8426288688552,346.9082241309571,43.93440473789809,4.950016445955654,2.3566512510275714,2.593365194928083,NB
frame_dZi_1132.26_1132.32,43.53622396805169,0.0,-0.524025070617728,412.6412576218793,364.839784964728,47.80147265715135,3.2157697446681226,1.2456964110242268,1.970073333643896,NB
frame_o_1132.32_1132.38,27.850502536515705,0.0,-0.5372457439359891,408.775569284748,361.10636998537456,47.66919929937342,10.108153665302211,4.66786264862057,5.440291016681641,NB
frame_no_1132.38_1132.52,4.114257678271997,0.0,0.0546183288648385,410.4179083781243,355.65254716198444,54.765361216139866,23.20049732858897,8.521686250317373,14.678811078271591,NB
frame_ra_1132.52_1132.7,3.7285414383047737,0.0,0.3447383823296032,411.3542429346394,350.86428186193484,60.48996107270455,60.4426609497809,27.103827917379903,33.338833032401,NB
frame_rius_1132.7_1132.9,5.179544845479654,1.6899999999998272,-0.524025070617728,405.2597419607018,347.2157259438832,58.04401601681866,145.5208166892941,41.59947164947641,103.92134503981768,NB
frame_na~w~_1134.59_1134.96,6.465101098904242,0.0,0.1009318149772997,411.369357571937,331.10926464054666,80.26009293139037,29.07617031665427,12.094319264692814,16.981851051961456,NB
frame_o_1134.96_1135.02,3.2518103671050085,0.0,-0.5372457439393534,398.46466724006825,352.2502458490436,46.21442139102464,8.763035769988562,4.567614220354884,4.195421549633679,NB
frame_be_1135.02_1135.19,5.079177733380575,0.0,0.5459753049601554,413.8945044889294,356.1345708393243,57.7599336496051,43.507783180851504,15.902948270537962,27.604834910313546,NB
frame_de_1135.19_1135.39,10.659032637445732,0.0,1.3986319524997486,412.0322209685678,350.60048117435,61.43173979421783,14.367653850173497,7.717118909618264,6.650534940555232,NB
frame_si_1135.39_1135.51,11.609677560805494,0.0,-0.524025070617728,407.7418569317141,354.4439814902058,53.29787544150827,177.30569596927882,121.1258815730418,56.17981439623701,NB
frame_a_1135.51_1135.62,10.478403312642698,0.0,0.0383982052657785,409.1727584247399,355.5707434342056,53.60201499053432,72.98289033945922,29.998927641475376,42.98396269798384,NB
frame_noR_1135.62_1135.91,16.899609723726996,0.0,0.6464824016690305,409.6832542380894,339.36201733129406,70.32123690679532,41.634085125983546,24.6306512785887,17.003433847394845,NB
frame_mas_1135.91_1136.3,6.764202717656175,0.4800000000000182,0.1915682937985615,407.1944228478108,328.14848029185646,79.0459425559543,21.255503284841467,4.597021791475413,16.658481493366054,NB
frame_Ri_1136.78_1137.18,47.29318908787397,0.0,0.635990675768935,412.9841934841039,328.8065508407779,84.17764264332595,27.011552293927565,10.86729238232202,16.144259911605545,NB
frame_Zi_1137.18_1137.37,27.08102989064673,0.0,0.1526507814398765,407.4074808876941,349.3292552664548,58.07822562123931,32.99867654817487,7.714213224680265,25.28446332349461,NB
frame_das_1137.37_1137.56,14.875449346242531,0.0,-0.0381868389997423,411.0155959706519,350.21865428569987,60.796941684952,97.0391597944674,55.99198067014584,41.04717912432156,NB
frame_i_1137.56_1137.74,51.9796981326484,0.0,0.9259946123650512,398.09974972236944,342.1766935232531,55.92305619911633,21.01440965757413,8.973431310526536,12.0409783470476,NB
frame_se~_1137.74_1137.89,123.43261956093052,0.0,0.692937004600833,401.3677901146553,346.6651252423719,54.70266487228338,125.47425722262088,75.23912463890605,50.23513258371483,NB
frame_pri_1137.89_1138.05,51.588573912207465,0.2799999999999727,0.1526507814398765,407.3103087696211,351.4389838371575,55.87132493246361,22.27067793326775,10.276375667756668,11.99430226551108,NB
frame_ajs_1138.33_1138.55,12.595542149597833,0.0,0.1149832495330406,415.26525378350095,351.7381100429364,63.52714374056456,124.81750298787006,43.69882479301407,81.11867819485599,NB
frame_mez_1138.55_1138.74,42.49176404983106,0.0,0.1196469811903589,409.2618329861198,350.00886204400166,59.25297094211817,25.447856158171437,14.33799884530552,11.109857312865913,NB
frame_mas_1138.74_1138.98,66.39680090557007,1.0299999999999727,-0.0381868389980009,396.9797205837091,335.4382558930946,61.54146469061442,22.570781555657703,8.501938929632942,14.06884262602476,TB
