frame,f0_avgutt_diff_2,p_dur,n_dur,e_range,e_maxavg_diff,e_avgmin_diff,f0_range,f0_maxavg_diff,f0_avgmin_diff,label
frame_Re_0.26_0.51,20.050264438635335,0.0,0.0623619946599978,424.5791884325575,375.3400617015328,49.23912673102467,55.31996972470736,23.24397280948037,32.075996915226995,NB
frame_la_0.51_0.78,21.537609708735918,0.0,0.7405085573597282,419.5674910720173,371.7111925043824,47.856298567634894,16.404285975363905,9.949721059494664,6.454564915869241,NB
frame_si_0.78_0.94,6.806210080290981,0.0,-0.3913892288340952,411.6811932592455,365.5972932149354,46.0839000443101,50.48618691911096,16.79213514870966,33.6940517704013,NB
frame_o_0.94_1.04,31.379757213764208,0.0,0.3622413177086241,411.9407710831332,370.4999098769712,41.440861206162026,11.293055803635925,7.114969986532714,4.178085817103209,NB
frame_naw_1.04_1.22,74.78547991951545,1.15,-0.7979952923174565,405.8735396603519,360.9553660837445,44.91817357660739,24.60514191394361,11.09707274639034,13.508069167553272,NB
frame_na~w~_2.37_2.68,10.675777139605373,1.6599999999999997,1.9040406757651147,411.5307104275778,361.2145538046244,50.316156622953486,129.4196150483914,63.89300571614643,65.52660933224496,TB
frame_E_4.34_4.4,71.94025941482349,0.0,-0.6746573514575135,416.5465949347032,372.1439107253045,44.402684209398615,4.482733733377501,2.9699180624130577,1.512815670964443,NB
frame_ki_4.4_4.55,22.42414991639555,0.0,0.257740796665182,419.2497512306354,374.5468485957175,44.70290263491796,25.86360452843365,6.5614355106719415,19.302169017761717,NB
frame_es_4.55_4.8,23.06187071820713,0.0,-0.8022140844976269,410.589803160747,362.1728017350196,48.41700142572739,18.337185376236132,6.403434045190608,11.933751331045528,NB
frame_ta_4.8_5.06,35.6394816096722,0.0,1.1251345197790197,423.3303819105535,374.17308838813744,49.15729352241607,15.743329486440672,7.557949702141428,8.185379784299244,NB
frame_sub_5.06_5.5,84.20410186743223,0.0,1.2237611687063008,415.7835784213781,360.5531723516373,55.23040606974081,42.372797108426624,18.32563609617728,24.047161012249347,NB
frame_Za_5.5_5.84,17.05495516885202,0.0,0.4520390855452569,420.7973052834352,370.40301083246345,50.39429445097176,30.31311091708153,16.854541389529146,13.458569527552385,NB
frame_se~_5.84_6.36,3.787648767521148,0.0,1.6576140692459225,417.55463486985536,361.2449792653015,56.30965560455388,96.93416157767776,64.89091100723678,32.04325057044099,NB
frame_tSi_6.36_6.57,35.63420787171606,0.0,0.5173928068649004,418.5798393328034,371.5569025693368,47.02293676346659,68.67388435241088,51.31344085969607,17.360443492714808,NB
frame_nu_6.57_6.63,116.143527567292,0.0,-0.5778049101639612,403.26593708912,362.71650674782086,40.54943034129923,14.167817746544976,6.594418836564046,7.573398909980931,NB
frame_ko~_6.63_6.89,41.803930319352645,0.0,0.7410476987280014,420.2568147202597,371.29479728454726,48.962017435712426,19.68784861892027,7.460294305234811,12.22755431368546,NB
frame_poX_6.89_7.13,56.66029953961589,0.0,0.0047455194459226,417.4733221800673,370.2019401580876,47.271382021979775,3.8010746276338807,1.8384982775656908,1.9625763500681896,NB
frame_ta_7.13_7.3,43.59232805831462,0.0,0.0674131231259605,419.0001340410024,373.3433360689584,45.656797972044046,4.034047716919275,2.1193676329695563,1.914680083949719,NB
frame_me~_7.3_7.45,16.254724360863946,0.0,-0.1258126484482764,418.59139424294193,373.27209108114647,45.31930316179546,59.024846909230064,22.118143614356,36.90670329487406,NB
frame_tu_7.45_7.51,29.483889771465783,2.0700000000000003,-0.5778049101639726,404.86883311733305,362.96035528002176,41.908477837311295,22.01162475495144,9.19099906858716,12.82062568636428,NB
frame_i_9.58_9.74,16.020571550353566,0.0,1.0366968272643258,418.23850950508313,372.4121642290037,45.826345276079394,213.13421870116375,71.76032197891541,141.37389672224833,NB
frame_dZi_9.74_10.03,52.28603058086128,0.0,2.334956878262884,419.320230759447,369.7944526080784,49.52577815136857,159.1099490852362,103.2580878815817,55.851861203654494,NB
frame_sEX_10.03_10.46,7.702926733899204,0.0,0.7001161194371469,421.9836763851602,368.730548507637,53.253127877523184,19.94849525811276,9.121392341730768,10.827102916381987,NB
frame_ta_10.46_10.56,104.23262802215706,0.0,-0.4133693298981579,417.7437741504015,373.3072087707675,44.43656537963392,473.762624161444,317.3866773847837,156.37594677666027,NB
frame_foR_10.56_10.67,56.11685451617095,0.0,-0.888993976210843,412.3484084316734,367.9453860083688,44.40302242330466,12.483424333668552,6.4706022005056525,6.012822133162899,NB
frame_ma_10.67_11.01,4.144437326685335,1.5999999999999996,0.4520390855452569,422.2160112635124,370.0567230111945,52.15928825231788,123.79197262173132,60.30284470942746,63.48912791230387,NB
frame_i~_12.61_12.83,13.718323825159814,0.0,1.4177779127912344,420.1249437340351,372.71613420789936,47.40880952613577,69.44234137013646,19.74462167329537,49.69771969684109,NB
frame_flu_12.83_13.2,7.1002330495168735,0.0,-0.3204383274682257,423.4541013028311,369.4647106589695,53.98939064386156,47.937155411205794,28.159268501898,19.7778869093078,NB
frame_e~_13.2_13.35,30.0853345287382,0.0,0.5875580386294073,414.12131018429017,370.6405252426277,43.48078494166248,12.721965044711736,6.972077475291172,5.749887569420565,NB
frame_si_13.35_13.87,0.5238152852379301,0.0,1.036696827264303,420.5706326948259,361.8129810267961,58.75765166802984,182.14735649598455,22.693659790443945,159.45369670554064,NB
frame_a_13.87_13.92,9.60577843440251,0.0,-0.6056823111078019,419.5231190633194,376.77381031777554,42.74930874554394,7.460193031308052,3.55892259406761,3.9012704372404414,NB
frame_es_13.92_14.07,10.58908525540346,0.0,-0.6581180713046791,413.0818380147703,369.5548574448285,43.52698056994183,20.05128970707969,10.557222510139468,9.494067196940222,NB
frame_tSi_14.07_14.17,30.935625882374296,0.0,-0.1317372186343783,406.4741340599078,362.38495726922895,44.08917679067889,10.448425650767348,7.464516772686863,2.9839088780804843,NB
frame_ko~_14.17_14.35,54.82823946348145,0.0,0.0412900477297963,419.60705429235134,373.9732809199004,45.63377337245095,18.315075920316616,13.627156421153984,4.687919499162632,NB
frame_poX_14.35_14.61,62.23608563162,0.0,2.149720309022116,419.6607797077737,371.66150759669495,47.99927211107877,6.789606975473106,3.2240930392592304,3.5655139362138755,NB
frame_ta_14.61_14.7,330.9057969697634,0.0,-0.509525820502997,415.2192592507174,371.9790840423131,43.24017520840431,62.95925493154493,28.743034328345743,34.21622060319919,NB
frame_me~_14.7_14.78,112.07004844438056,0.0,-0.6013931065000726,404.082431569333,363.5470267602804,40.53540480905258,6.700917152778516,1.9764375578335065,4.724479594945009,NB
frame_tu_14.78_14.84,144.68761617875734,5.0,-0.5778049101639726,406.9263754937987,365.27814361086746,41.64823188293116,17.17169175326633,10.755876416082728,6.415815337183602,TB
frame_na_19.84_20.05,3.002968408120182,0.0,0.5481955761500961,423.8553899343918,375.6937567877266,48.16163314666511,53.85203166072296,21.869427582526583,31.98260407819637,NB
frame_uw_20.05_20.28,74.95297493826996,0.0,0.0656115465753944,416.8599356394691,368.8057303344106,48.05420530505842,17.34443453383423,10.63641230538252,6.708022228451711,NB
frame_tSi~_20.28_20.47,27.87079144573201,0.0,-0.2921994240412637,412.07870225095496,364.42401749284505,47.65468475810991,26.148220069332325,12.378930617238154,13.76928945209417,NB
frame_ma_20.47_20.78,162.86759548140333,0.509999999999998,1.413603991593511,418.0832432699826,371.5237027949923,46.559540474990285,555.9928236661196,350.6372709971609,205.3555526689587,NB
frame_paX_21.29_21.8,2.2268063099930657,0.0,2.663638369456214,422.7634050857543,365.8406634190698,56.92274166668443,225.5202232698753,158.16097739815206,67.35924587172322,NB
frame_tSi_21.8_22.37,77.67513184637082,1.2699999999999996,5.970085021058894,408.4822975975621,352.437053420086,56.04524417747621,197.5286024880894,40.90211111150114,156.62649137658826,NB
frame_da_23.64_24.14,2.9291477788732863,0.0,2.952107841270697,418.75211270359273,362.75979611332855,55.99231659026418,38.10415464992148,15.391130101338106,22.713024548583377,NB
frame_Esi_24.14_24.53,40.086887293704606,0.0,-0.9692516666492228,402.7302562214153,351.6574554108758,51.07280081053949,71.81370027224122,44.1459636860798,27.667736586161425,NB
frame_dajs_24.53_24.97,10.046566667557215,0.0,1.509760482198316,417.6557719205604,362.00653857556216,55.64923334499821,12.84824676167679,6.963785371837091,5.8844613898397,NB
frame_aw_24.97_25.15,33.43576156074943,0.0,0.1635696137308081,421.23680351687545,373.94359059173297,47.29321292514248,7.814419167603887,3.574087035381723,4.240332132222164,NB
frame_las_25.15_25.4,12.697938545795497,0.0,0.4520390855452569,414.3614134396972,366.668175908162,47.693237531535146,10.724634671961809,7.358026541293867,3.3666081306679416,NB
frame_dZi_25.4_25.6,12.74187700237634,0.4399999999999977,1.1665228323642025,414.0841085973875,366.6002377090167,47.48387088837086,10.760380461105214,2.951621981625109,7.808758479480105,NB
frame_teX_26.04_26.23,4.128946805651253,0.0,0.2064580078529048,422.666387129014,375.94115781486175,46.72522931415227,23.085870510627217,9.138103514305412,13.947766996321803,NB
frame_sa_26.23_26.48,4.798639853397759,0.0,0.355882594940452,419.65365696411504,371.68574277611424,47.967914188000805,38.72584174446547,18.64954184049697,20.076299903968504,NB
frame_fej_26.48_26.61,15.212425462386136,0.0,-0.3699260449188349,419.44120955363934,373.5536195349325,45.88759001870682,15.971538964582637,9.459623014385985,6.511915950196652,NB
frame_ra_26.61_26.75,346.10879704652257,0.0,-0.02874336747887,416.9435839715486,373.7527927013437,43.1907912702049,64.64763788030791,27.61328789199422,37.03434998831369,NB
frame_pa_26.75_26.89,41.60031620933019,0.0,-0.1248998580836749,414.0929128718161,370.1182534051444,43.97465946667171,8.744269004835147,4.409395082801652,4.334873922033495,NB
frame_sa_26.89_27.11,8.383721602958275,0.0,-0.4133693298981579,416.6807892002692,369.10350093324,47.57728826702919,8.477298473219918,4.92126293307291,3.556035540147008,NB
frame_da_27.11_27.2,1.356744328014372,0.0,-0.509525820502997,417.8604307810856,374.501758589981,43.358672191104574,4.3181424396945545,2.515554063817632,1.8025883758769223,NB
frame_tSi~_27.2_27.32,3.591232305391173,0.0,-0.902905615767111,404.7773952629531,361.3109390420521,43.46645622090102,3.766167399842829,1.4548586918612898,2.311308707981538,NB
frame_Ja_27.32_27.43,14.842067395632968,0.0,-0.7979952923174458,414.97250430493625,370.46119680453535,44.51130750040085,9.405536401238804,5.340736172660172,4.064800228578633,NB
frame_muj~_27.43_27.55,2.465338119742569,0.0,-0.4491216188160534,413.3167852234944,368.1474285074157,45.16935671607865,14.05394332448833,5.330440893228825,8.723502431259504,NB
frame_tu_27.55_27.67,4.51692741092134,0.0,0.1942948379233364,401.2796938556209,357.4695091487129,43.81018470690793,0.1679332343137503,0.1235081340448971,0.0444251002688531,NB
frame_pow_27.67_27.84,5.4131889204932975,0.0,-0.3527502788167391,421.56018404393416,375.5060903494921,46.05409369444203,18.29339133776932,9.754837994305944,8.538553343463377,NB
frame_ka_27.84_27.94,16.83252203418874,0.0,-0.4133693298981579,419.52392049401817,374.5004137688656,45.02350672515257,19.97577666184301,11.487066288388377,8.488710373454637,NB
frame_Ze~_27.94_28.36,106.08967965964078,0.0,1.5387189547329785,412.65994951298666,360.59896725780425,52.06098225518241,416.08732655109816,198.21406470038855,217.8732618507096,NB
frame_tSi_28.36_28.51,110.32277735392752,1.8599999999999997,-0.3913892288340851,404.6155698625785,361.0331192352946,43.58245062728389,3.43816720405988,2.0465950439792664,1.3915721600806137,NB
frame_majs_30.37_30.78,34.31305052400202,0.0,-0.02874336747887,421.977709643939,368.4891772359634,53.48853240797558,37.68979879805059,6.487219630091971,31.202579167958618,NB
frame_vo_30.78_30.93,27.69199038474403,0.0,0.540989216839963,419.263665863772,374.9805577988754,44.28310806489662,20.959041869628837,5.936320374575018,15.022721495053815,NB
frame_sejs_30.93_31.12,48.49240728245479,0.0,0.0,416.9431964376625,369.3958773695978,47.54731906806467,215.29604573884265,137.25575926577537,78.04028647306728,NB
frame_na~w~_31.12_31.58,19.29216057917162,0.0,0.0623619946599954,419.6402349696124,365.1748040182069,54.46543095140544,33.715241575107825,17.51278307744201,16.202458497665816,NB
frame_vi_31.58_31.73,20.9137613131,0.0,0.257740796665205,420.0090031862347,375.6753027174887,44.33370046874603,27.114284730738973,11.155221649714662,15.959063081024311,NB
frame_ra~w~_31.73_31.85,33.467277687093315,0.0,-0.6731964394527256,418.5917583717808,373.2249146617298,45.366843710051,16.244300837297317,6.482262455033805,9.762038382263512,NB
frame_e~_31.85_32.06,122.73101393438031,0.0,1.300928725707091,409.7637160064807,362.3960052374984,47.36771076898231,0.816169347900086,0.195904811816419,0.6202645360836669,NB
frame_ta~w~_32.06_32.22,25.32351323303368,0.0,0.0050238540256119,421.0860956737738,374.82493740836713,46.26115826540666,7.520406849429833,3.801552417401666,3.7188544320281673,NB
frame_u~_32.22_32.53,1.1181173779360734,0.0,0.7386262085243737,408.26343673384326,358.91286240115005,49.35057433269316,182.88213203206607,74.77875066825644,108.1033813638097,NB
frame_tes_32.53_33.07,37.30870208214483,0.0,0.4946500342388771,423.4276417537205,365.7510946840484,57.67654706967216,24.291678343301527,11.172584385659064,13.119093957642464,NB
frame_tu_33.07_33.17,84.86402084605717,0.0,-0.063071744772456,404.384001381836,362.1229985696091,42.26100281222688,16.187411633590443,8.34801936951311,7.839392264077333,NB
frame_ki_33.17_33.29,18.857560223178357,0.0,-0.5212152339339617,420.5749692168776,374.9333000112929,45.64166920558466,129.88554762916985,94.14912913815904,35.736418491010824,NB
frame_ew_33.29_33.41,60.53773083570164,0.0,0.0623619946600466,421.2303926662571,376.4652025233778,44.765190142879305,7.563757001360187,3.0956933911604665,4.468063610199721,NB
frame_a_33.41_33.46,67.16764835234929,0.0,-0.6056823111077677,406.5082175636424,364.3820436517784,42.12617391186399,2.7495114485116403,0.8910996077960931,1.8584118407155472,NB
frame_na_33.46_33.58,79.42668032389749,0.0,-0.605682311107836,411.5828872582948,368.686121059416,42.89676619887882,6.617084961131042,3.371032039882877,3.2460529212481646,NB
frame_li_33.58_33.76,44.42767148709055,0.0,-0.3913892288341313,415.467248853989,368.6070785531658,46.8601703008232,224.78375358526176,89.05353569059108,135.73021789467066,NB
frame_zej_33.76_34.11,17.111172096914373,0.0,0.3505540210458653,418.2028491997894,366.8708036966524,51.33204550313701,318.7880274178743,159.69493198053226,159.093095437342,NB
frame_dZi_34.11_34.17,90.06625394118846,0.0,-0.6510412390337921,407.34695185692834,364.63993112504784,42.707020731880505,51.35548142528245,33.482101874501794,17.873379550780655,NB
frame_be~_34.17_34.24,128.76582096767598,0.0,-0.7202882210130164,407.31569932996337,366.5659256138545,40.74977371610885,0.7833806396817522,0.4411074693360888,0.3422731703456634,NB
frame_Za_34.24_34.3,112.18551668992224,0.0,-0.7979952923175141,413.3828749490453,369.012835116396,44.37003983264936,5.792184333657744,3.110017330939087,2.682167002718657,NB
frame_mi~_34.3_35.21,47.40491937726998,0.0,-0.2921994240412637,419.8581302743447,349.5200079851025,70.33812228924216,248.58583333188693,153.3542151638531,95.23161816803383,NB
frame_woXf_35.21_35.6,53.03467412023341,0.0,-0.8889939762108112,412.8175412967996,360.3875046106094,52.43003668619019,157.94514220792945,39.840372301917455,118.104769906012,NB
frame_so_35.6_35.66,93.4368097149916,0.0,-0.8889939762109382,408.0495402119735,365.47148515102,42.57805506095349,5.626862720461133,4.1684584648004375,1.458404255660696,NB
frame_bri_35.66_35.82,98.02719726623306,0.0,0.1279147915653747,421.3447286890355,374.9642016728649,46.38052701617056,21.52735305662162,12.82543929784265,8.701913758778971,NB
frame_ujs_35.82_36.25,27.626156476301503,0.0,0.7090280033148301,423.62868454692136,368.5430423753944,55.08564217152696,243.0018523089057,163.38929703154403,79.61255527736168,NB
frame_o_36.25_36.3,6.743880162571969,0.0,-0.5314981779481812,418.7237482470305,375.7110033525387,43.012744894491846,2.590136773569128,1.9582956262172504,0.6318411473518779,NB
frame_pi_36.3_36.61,11.769131502799835,1.1499999999999986,2.5946088884626133,413.9800458130521,364.0425891619933,49.93745665105888,9.729025799812888,3.822439844348395,5.906585955464493,NB
frame_ke~j~_37.76_38.6,28.43162506447254,4.629999999999996,0.8253482676553159,411.2130602624509,346.8008789452936,64.41218131715732,233.5161208278141,73.58904080354088,159.9270800242732,NB
frame_es_43.23_43.32,4.793198758633935,0.0,-0.3699260449187837,404.2920886670072,363.2924288782223,40.99965978878481,8.214139451932994,4.850771590639795,3.3633678612931988,NB
frame_ta_43.32_43.38,4.660336306684087,0.0,-0.7979952923174458,401.7747152550653,359.0697063385357,42.70500891652955,5.239918480424279,2.729383802358683,2.5105346780655964,NB
frame_va_43.38_44.08,7.101253514817984,0.0,-0.4133693298981579,411.94304141871817,347.95619150921294,63.98684990950522,41.8102161112389,21.817771661970085,19.992444449268817,NB
frame_a_44.08_44.18,97.30531743335754,0.0,-0.1248998580836749,404.4661109114492,362.1354099744511,42.330700936998085,156.96271557656723,107.73926150867936,49.22345406788787,NB
frame_ki_44.18_44.25,143.53762295273026,0.0,-0.5212152339339617,406.1788683029329,363.3837301063821,42.7951381965508,2.3096629387902468,1.3630035333430754,0.9466594054471712,NB
frame_e~_44.25_44.36,94.31072776211042,0.0,0.111977580577611,404.0969530535963,361.5761802368149,42.52077281678135,150.52190470361924,105.4293325968782,45.092572106741045,NB
frame_ta~w~_44.36_44.48,13.995416058697684,0.0,-0.6731964394527256,408.0250698578949,362.5720592264619,45.453010631433074,2.641114566090266,1.618142035042979,1.0229725310472872,NB
frame_ke~j~_44.48_44.59,8.734393458402451,1.8299999999999983,-0.8391833355260235,409.3253007627529,365.5271414335357,43.79815932921719,13.002289603643646,5.028579961400311,7.973709642243335,NB
frame_mi_46.42_47.07,10.382857724844428,1.1199999999999974,2.9840869037621967,406.418338708929,346.68330573778,59.735032971149,219.1983954047047,49.37343028411957,169.82496512058515,NB
frame_dZijs_48.19_48.83,44.655929811148496,0.0,-0.2615632237342087,424.0970736610699,362.67479346606285,61.42228019500703,58.31309155720004,14.747164677189517,43.56592688001052,NB
frame_aw_48.83_49.05,16.590255917249237,0.0,0.0674131231260032,422.3496557112813,375.1616872312802,47.18796848000113,21.0598904515561,6.513742709239381,14.54614774231672,NB
frame_gu~_49.05_50.77,22.84477402195577,0.0,6.893416795802484,418.2418579089296,323.11527815690965,95.12657975201996,61.288322737966666,23.64715577063785,37.641166967328815,TB
frame_ma_50.77_50.84,44.19107523309864,0.0,-0.7018388017125726,409.1794686792442,365.2727159465102,43.90675273273405,192.7654170053952,107.19410399776169,85.57131300763353,NB
frame_koj_50.84_51.03,2.1024032034675884,0.0,-0.8889939762108112,423.7961696531635,376.7150269443921,47.08114270877138,52.50308534453575,28.845024299057343,23.658061045478405,NB
frame_za_51.03_51.47,22.378406597624007,1.0,1.894386444617638,423.69065811078974,368.8680178297231,54.82264028106664,78.27651612062488,39.57437139462357,38.70214472600131,TB
frame_va~_52.47_52.88,7.213194527398741,0.0,1.3614644409824797,418.50877588756055,365.81348182167903,52.69529406588157,250.48562417543928,81.89049718562725,168.595126989812,NB
frame_mus_52.88_53.81,17.78715855539579,1.769999999999996,-0.4491216188160992,419.5285750877202,350.0834873401514,69.44508774756883,242.23692562362532,103.98020854907828,138.25671707454708,NB
frame_a_55.58_55.61,30.717519322494127,0.0,-0.7979952923174458,401.85878566275017,358.5513166643095,43.30746899844064,43.33016603930028,29.0116743170222,14.318491722278084,NB
frame_Zu_55.61_55.77,29.81297422367049,0.0,0.0656115465754858,417.86096648478576,371.0735121257719,46.78745435901391,41.26767725577102,20.249379403848597,21.018297851922423,NB
frame_daX_55.77_56.05,23.26466309394084,0.0,0.4520390855452911,423.5371357387771,374.493354876066,49.04378086271112,13.451833055289256,6.714012125849109,6.737820929440147,NB
frame_ujs_56.05_56.48,7.955955786063612,0.3000000000000042,-0.5778049101639497,422.3015734222157,366.87209153918434,55.42948188303137,35.533665911999975,11.61934261757898,23.914323294421,NB
frame_ko_56.78_56.89,9.375503427131235,0.0,-0.1740023796854241,420.4162837960879,375.55078793874026,44.86549585734764,17.79525862233575,13.954419803908053,3.8408388184276983,NB
frame_le_56.89_57.29,5.825513170112657,0.0,2.079706179361085,417.79790220165575,364.1076383199988,53.69026388165696,28.09652361432026,8.309907129808835,19.786616484511427,TB
frame_gas_57.29_57.6,7.438878614589925,0.0,0.259726104335613,416.7463398060553,370.4913383686829,46.255001437372414,13.331705494448642,8.512481212708337,4.819224281740304,NB
frame_kwaw_57.6_57.66,6.706017970936415,0.0,-0.5778049101640411,414.4388504834774,371.6641209861136,42.77472949736381,3.222729779644851,1.2686302173812862,1.9540995622635648,NB
frame_E_57.66_58.02,35.13162871344852,0.0,-0.2210563486884798,419.854832019231,367.16396041361656,52.69087160561446,31.91401667306097,17.3866718054567,14.52734486760427,NB
frame_a_58.02_58.12,99.45096818145744,1.230000000000004,-0.1248998580837432,413.2074610515056,369.2960481020308,43.91141294947482,1.2040040153302982,0.6864413889508967,0.5175626263794015,TB
frame_dZi_59.35_59.48,72.1403116259328,0.0,0.2577407966651128,416.25428257017353,369.6994423396919,46.5548402304816,3.298421673387807,1.717990771949431,1.5804309014383762,NB
frame_fe_59.48_60.4,25.6735704501248,0.0,7.987642720271596,421.1508979807798,353.9883578269209,67.16254015385891,94.56155694259206,36.85238216779078,57.70917477480128,NB
frame_re~_60.4_60.78,5.759361396887641,0.0,2.4898798708365706,422.3626147645576,370.361604140864,52.00101062369362,30.59488522208551,16.86358454555372,13.731300676531788,NB
frame_sa_60.78_61.12,0.1478436346262412,0.0,-0.02874336747887,422.15269388189535,369.0629687632947,53.089725118600654,30.040185011102068,18.593237698555868,11.4469473125462,NB
frame_e~_61.12_61.26,7.684879245856592,0.0,0.4686629241164635,413.2427698331098,368.16799910189707,45.07477073121282,3.750774869292627,1.9803031674278488,1.7704717018647784,NB
frame_tri_61.26_61.41,24.582083592353,0.0,0.1279147915652824,418.4324765821066,373.7046276563784,44.72784892572815,21.900326280172408,15.828140358497109,6.072185921675299,NB
frame_a_61.41_61.65,34.867015435683186,0.0,1.221291010383867,418.0908245119016,370.7704150498813,47.32040946202028,8.254046197622927,3.829010577291797,4.42503562033113,NB
frame_foR_61.65_61.93,0.081339555019241,0.0,0.0047455194458909,424.53478802448353,374.4391898891736,50.0955981353099,23.90512262290585,9.353770512350849,14.551352110555,NB
frame_ma_61.93_62.04,9.053175109148697,0.0,-0.317212839293353,413.9719588221277,371.5742843605208,42.39767446160687,10.71521825798473,5.6349111528768105,5.08030710510792,NB
frame_dZi_62.04_62.19,24.860046322702345,0.0,0.5173928068648658,405.6791511286205,364.52156084637664,41.15759028224386,236.2359788470237,146.76623361889955,89.4697452281241,NB
frame_pe~_62.19_62.39,38.91319948254298,0.0,0.5875580386293862,419.87254167817,372.4803638313367,47.39217784683336,12.222132585327104,7.45423371444798,4.767898870879122,NB
frame_saX_62.39_62.85,66.61621174004006,0.0,0.644352066754901,422.5374592760001,366.916682647088,55.62077662891204,112.60998634408604,31.35270918624397,81.25727715784208,NB
frame_dujs_62.85_63.18,224.37883346808303,0.0,-0.3204383274682486,421.1406456499229,368.9419558356224,52.19868981430051,13.814766341373854,6.200826525747459,7.613939815626395,NB
frame_o_63.18_63.4,13.14902310520364,0.0,2.5072161072848096,420.827658428492,375.053434089018,45.77422433947402,20.66293317137189,5.121548832557721,15.541384338814169,NB
frame_pi_63.4_63.55,7.792618968757807,1.0,0.3875668017650354,410.2698435789742,365.55085038641135,44.718993192562834,15.891239266838625,5.7661357016088175,10.125103565229807,NB
frame_i_64.55_64.61,22.394763942192554,0.0,-0.2615632237342087,421.7772214772256,377.776937922354,44.00028355487154,13.945887811913876,6.612069800438121,7.333818011475756,NB
frame_a_64.61_64.82,15.405815087178922,0.0,0.9328215385693156,419.7078579919572,373.480070293203,46.22778769875418,7.153504743560546,4.297354508450724,2.8561502351098227,NB
frame_foR_64.82_65.17,11.916333964697486,0.0,2.1497203090221797,424.06691338095385,371.4591031537799,52.60781022717396,51.56315305969224,23.356201243807877,28.206951815884366,NB
frame_ma_65.17_65.34,12.844846461675758,0.0,0.1635696137308764,416.87053851336793,371.0607410755581,45.80979743780984,15.002436414566404,9.462664819459777,5.539771595106629,NB
frame_dZi_65.34_65.5,21.99445865973124,0.0,0.517392806864958,412.56615052240767,367.2221884357705,45.343962086637134,2.7960050859215078,1.028259241774549,1.7677458441469582,NB
frame_pe~_65.5_65.76,27.135962991253397,0.0,1.538718954733021,421.063640186469,371.845178420598,49.21846176587098,13.623187531270048,6.368314842044867,7.254872689225181,NB
frame_saX_65.76_66.28,17.46999470025682,0.0,1.0289780291741888,420.593574137198,364.21850121708,56.37507292011799,32.291420791776204,10.18487367352978,22.106547118246425,NB
frame_dujs_66.28_66.5,29.465811850528183,0.0,-0.1917550361203066,417.9941550051424,370.7913620958083,47.20279290933405,25.117247741774577,16.505675586148442,8.611572155626135,NB
frame_i~_66.5_66.57,20.367103379481197,0.0,-0.4143406623865027,405.2295914375276,362.4927885269328,42.7368029105948,16.75306901114169,11.198416630530543,5.554652380611145,NB
frame_dZi_66.57_66.77,22.54067273441038,0.0,1.1665228323642025,413.6606602133105,367.607013016605,46.05364719670547,31.40438679779203,14.186901507007178,17.21748529078485,NB
frame_vi_66.77_66.94,1.9261472999106672,0.0,0.3875668017650354,416.0354012013913,369.6237773139287,46.41162388746261,42.82685763048991,14.650977177164007,28.175880453325902,NB
frame_duus_66.94_67.13,60.01990511533987,0.0,-0.5778049101639497,409.2311767420277,362.250221256578,46.980955485449726,145.10418118511782,72.53982457390171,72.56435661121611,NB
frame_ki_67.13_67.29,16.449777485716226,0.0,0.3875668017650354,412.0814829534376,366.77164694611895,45.309836007318665,12.482292551914355,3.198953345170736,9.28333920674362,NB
frame_peX_67.29_67.68,122.24971408961088,0.0,3.232474284904667,421.8409063349428,369.8477287075206,51.99317762742214,306.6100813539864,156.35816350014005,150.25191785384635,NB
frame_te~_67.68_67.91,11.5206249866726,0.0,0.944243382168154,422.0935382393816,374.0231662564321,48.070371982949496,24.825124819704,12.669486588606333,12.155638231097669,NB
frame_se~j~_67.91_68.97,57.10934557204512,0.0,-0.6013931065000937,416.9366541185789,343.4528316349985,73.48382248358035,196.04124095989803,136.36267511833267,59.678565841565344,NB
frame_a_68.97_69.26,16.44578898361479,0.0,1.702073463408028,420.418548513394,372.1707687716272,48.247779741766806,11.571398778725012,3.163438084197537,8.407960694527475,NB
frame_gru_69.26_69.61,58.48021512062107,0.0,1.867177625445668,418.526254510172,367.30166772785753,51.22458678231442,71.22095855530995,19.562448829676782,51.65850972563317,NB
frame_pus_69.61_69.81,30.35251307541691,0.0,0.1942948379233364,414.4865316174764,368.0953277003401,46.39120391713635,30.438766563172493,12.059890943492576,18.37887561967992,NB
frame_i~_69.81_69.96,9.303207029682,0.0,0.5627892443748876,411.78199376934657,367.4424556354299,44.33953813391668,13.157385047624103,8.086334744294959,5.0710503033291445,NB
frame_te_69.96_70.16,38.037139447395816,0.0,0.9269380738175028,422.64222284621246,375.7301345241084,46.91208832210401,186.9058725511869,129.40957800150713,57.49629454967976,NB
frame_gra_70.16_70.44,7.867716918286504,0.0,0.6443520667548326,420.38385842320656,371.9303988522844,48.45345957092218,48.21316193925347,19.14780782427374,29.065354114979726,NB
frame_dus_70.44_70.53,9.3757435714885,0.0,-0.5778049101639497,407.7593558928389,365.87104389331927,41.88831199951966,3.556798853228713,1.283568225889553,2.27323062733916,NB
frame_na_70.53_70.7,10.557020835685051,0.0,-0.02874336747887,418.4462641867458,372.73320618535496,45.713058001390834,18.23813653161028,6.937940536373759,11.30019599523652,NB
frame_tra_70.7_70.86,13.323511273636116,0.0,-0.317212839293353,418.9978598481023,372.99301163974974,46.004848208352485,13.223168599307913,5.136179345867873,8.086989253440038,NB
frame_dZi_70.86_70.92,141.61118844695565,0.0,-0.6510412390337921,406.69273397906113,364.1925357269953,42.5001982520659,19.472727988317843,8.340124362512086,11.132603625805755,NB
frame_sa~w~_70.92_71.22,1.4771771924812072,0.0,-0.2662642633655881,422.80047991660166,372.7364404680641,50.06403944853759,13.168324611443891,7.307999495915908,5.860325115527985,NB
frame_kuw_71.22_71.41,14.450651227691084,0.0,-0.1917550361203066,413.0776400805085,367.0185760515417,46.05906402896676,20.73914198433215,14.804016930743018,5.9351250535891324,NB
frame_tu_71.41_71.48,30.958453850428725,0.0,-0.4491216188160077,420.009763774407,375.1198093171256,44.88995445728142,3.730376529207348,2.892325080708872,0.8380514484984758,NB
frame_raw_71.48_71.74,29.98593776888356,0.0,0.259726104335613,419.1431974610224,370.9871551615391,48.15604229948326,15.032354354369204,7.481623129823646,7.550731224545558,NB
frame_du_71.74_71.8,33.883686779891974,0.0,-0.5778049101639497,419.45343754477256,375.5635900452948,43.88984749947781,0.4814348198830203,0.3462577200812688,0.1351770998017514,NB
frame_o_71.8_71.83,40.05875098649133,0.0,-0.8889939762108112,405.71535997761663,363.71358629877966,42.00177367883697,0.9899373647824063,0.4914170909307529,0.4985202738516534,NB
frame_si_71.83_72.11,5.139568456617553,0.0,0.6472188119646962,410.4029810841407,362.98613740981546,47.416843674325264,222.5615146481109,102.84464114305504,119.71687350505582,NB
frame_de~_72.11_72.39,50.29251702542999,0.0,1.776509183758866,413.96864152486864,367.83035533862574,46.13828618624291,353.56222768524526,228.88309702083825,124.67913066440704,NB
frame_tSi_72.39_72.58,32.5453928357006,11.989999999999997,0.1279147915653747,402.7237034450942,357.43973158011755,45.28397186497665,119.78865522375516,79.10283430600788,40.68582091774729,TB
frame_a~_84.57_84.96,103.74252042512484,11.52000000000001,4.074345614895926,413.4635560398527,360.1690708392062,53.29448520064648,156.45094986439355,67.39103865573892,89.05991120865463,TB
frame_vo_96.48_96.57,44.64264642099076,0.0,-0.5314981779481812,416.40160135758833,373.1795869220176,43.22201443557071,16.327529600098487,8.694526113469976,7.63300348662851,NB
frame_se_96.57_96.7,8.92586174577582,0.0,-0.6581180713046024,422.6349828304313,376.2099796182968,46.42500321213453,3.471117037557832,2.348276324065921,1.122840713491911,NB
frame_Za_96.7_96.86,29.27900701099267,0.0,-0.4133693298982262,424.3839282158168,377.5231333410448,46.86079487477201,31.749863029720103,16.63161726065448,15.118245769065624,NB
frame_es_96.86_96.92,32.38877169463038,0.0,-0.8022140844976141,408.522070893636,365.7880148925763,42.73405600105963,7.277331376200436,3.5072972118195764,3.77003416438086,NB
frame_ta_96.92_97.05,50.53222951436695,0.0,-0.1248998580837432,421.58608545052857,375.21167595364665,46.37440949688192,31.51445183211604,24.0498189976077,7.464632834508336,NB
frame_saw_97.05_97.43,41.515034800862566,0.0,-0.7979952923175825,419.4516807311429,367.9276852642892,51.52399546685382,50.90261484639365,37.018144863807805,13.88446998258584,NB
frame_ta~_97.43_97.6,21.88486149360236,0.0,0.2763119714170047,421.172199098321,374.8351043927065,46.3370947056145,13.594108349932752,6.151354083520488,7.4427542664122655,NB
frame_du_97.6_97.68,22.85028116774447,0.0,-0.3204383274680658,411.3647271126605,368.4579930702509,42.90673404240965,9.66897388640649,5.45008841319094,4.218885473215551,NB
frame_so_97.68_97.8,29.463105891686386,0.0,-0.7102460770796232,414.5944887937852,371.3321779225376,43.26231087124762,28.62556215814456,17.25716363160086,11.3683985265437,NB
frame_bri_97.8_97.89,2.0809542018795923,0.0,-0.6510412390337921,420.2942154266266,376.09374585262486,44.20046957400177,1.405709384528734,0.5013574535488488,0.9043519309798852,NB
frame_u_97.89_97.92,319.3492348561333,0.0,-0.5778049101639497,408.932182559887,366.45359287605504,42.4785896838319,8.66685548312222,4.400259115530957,4.266596367591262,NB
frame_as_97.92_98.08,5.904224020610371,0.0,-0.7979952923174458,410.1134022684198,364.6677922049123,45.4456100635075,12.992392847299442,3.950085799409635,9.042307047889809,NB
frame_pek_98.08_98.29,9.256153908447317,0.0,0.4946500342386723,419.4784511507038,374.0637598464763,45.41469130422757,12.295659381254552,7.405364649088568,4.890294732165984,NB
frame_tu_98.29_98.38,20.443181167615364,0.0,-0.3204383274682486,416.56460632558407,372.8849233177272,43.67968300785685,16.37069214848512,10.077775254206388,6.292916894278733,NB
frame_li~_98.38_98.63,39.238352015660894,0.0,1.173495436100735,410.4400937836763,362.4958540844393,47.94423969923696,25.260465617701385,16.520141108866,8.740324508835386,NB
frame_gwi_98.63_98.76,4.7073952301254565,0.0,-0.131737218634286,416.3708919776286,371.1417497841389,45.229142193489736,35.03623914490166,12.06606198053936,22.970177164362298,NB
frame_stSi_98.76_98.91,14.797814171883829,0.0,-0.6510412390337921,404.6963283886897,361.45976872944914,43.23655965924064,25.52023062412374,7.311980001371552,18.20825062275219,NB
frame_ku_98.91_98.97,112.21121001547132,0.0,-0.5778049101639497,399.630050344061,356.68822267422024,42.941827669840734,5.9722143215654455,3.604083290630051,2.3681310309353947,NB
frame_pa_98.97_99.03,14.216619600345863,0.0,-0.7979952923174458,418.8353806663464,375.7189777723656,43.11640289398076,9.144187961425471,4.13630801195211,5.007879949473363,NB
frame_ra_99.03_99.09,16.070388872460427,0.0,-0.7979952923174458,406.3102951338173,364.0884719434005,42.22182319041679,7.95853127932989,2.5254572074771886,5.433074071852701,NB
frame_Se_99.09_99.2,20.427506924936324,0.0,-0.3699260449187837,415.8339530016265,373.0952641900416,42.73868881158489,18.820058810365765,11.22193907583062,7.598119734535146,NB
frame_gaX_99.2_99.36,22.66923518833036,0.0,-0.4133693298982262,420.274979546661,373.7504365476309,46.52454299903013,15.093125596300098,4.230297383414182,10.862828212885915,NB
frame_najs_99.36_99.56,7.079410292781205,0.0,-0.605682311107836,415.4346242788892,368.7221242043737,46.71250007451545,10.749679740601948,6.505007423937855,4.244672316664094,NB
frame_ko~_99.56_99.65,4.234224416202494,0.0,-0.7584329819823898,418.0084645061698,374.6067632440737,43.40170126209614,7.602712452713973,3.402083877002383,4.20062857571159,NB
frame_se_99.65_99.89,3.582811224292442,0.0,0.7828420606246957,417.8287828511453,369.6298001218876,48.19898272925781,32.31318418407031,22.341726149771347,9.971458034298962,NB
frame_kue~_99.89_100.16,24.74082655474635,0.0,-0.0630717447725475,419.0279098260262,372.2986036478733,46.72930617815285,7.590147783093158,4.030238483507475,3.559909299585684,NB
frame_sias_100.16_100.44,24.024716041446567,2.180000000000007,0.0,407.2572670716705,361.1294193656601,46.127847706010414,8.860246830248002,4.555019829768156,4.305227000479846,TB
frame_na~w~_102.62_103.15,3.431811706634249,7.3799999999999955,-0.6731964394528219,416.5431241101027,360.3964562122302,56.14666789787253,19.417857797008807,11.101333313323948,8.316524483684859,TB
frame_E_110.53_111.01,24.868437918934436,0.3699999999999903,3.4496630612265373,416.37462583887344,360.6672796643675,55.70734617450592,152.25171343829356,23.27426540124713,128.97744803704643,NB
frame_majs_111.38_112.14,4.412572670722341,0.0,-0.7979952923174458,416.337771972596,350.5128397160271,65.82493225656896,175.41909228989527,69.79258594365697,105.62650634623832,NB
frame_sEX_112.14_112.85,198.3225305552181,0.0,1.1911066447566798,424.4880109701188,361.7795207238854,62.7084902462334,476.1951443146874,262.46586288044875,213.72928143423863,TB
frame_tu_112.85_112.92,29.55750930835694,0.0,-0.5778049101639497,404.0644398457476,361.302377301645,42.762062544102605,102.18767594120612,61.67374242736653,40.51393351383959,NB
frame_na~w~_112.92_113.52,28.259916538365783,0.0,0.2763119714170047,425.1454583641008,364.57609037069415,60.569367993406615,130.3035242728246,48.87021508627765,81.43330918654695,NB
frame_e_113.52_113.59,6.064916003921553,0.0,-0.225830031725772,418.4620702434033,375.733032610804,42.72903763259927,6.840842040655048,4.07048146766428,2.770360572990768,NB
frame_zis_113.59_113.89,26.117970020767046,0.0,0.1279147915651902,418.7813347895799,368.30052419456655,50.48081059501334,62.702640739958696,35.985870095485495,26.7167706444732,NB
frame_tSi_113.89_113.95,12.18658671343178,0.0,-0.6510412390337921,421.26281958047366,377.7441739432082,43.51864563726542,3.9160627045906153,2.1954667074458314,1.720595997144784,NB
frame_pa_113.95_114.01,14.818482146548549,0.0,-0.7979952923174458,415.28371548035193,372.9721694421456,42.31154603820636,5.793204610912142,2.7379166209512675,3.055287989960874,NB
frame_sa_114.01_114.46,116.9068673967059,0.0,1.4136039915934089,421.3517491239279,367.2662911012211,54.085458022706746,587.1598407273607,468.2982151374042,118.86162558995645,NB
frame_du_114.46_114.52,19.2794205790926,0.0,-0.5778049101639497,419.41870592648297,375.4955696203667,43.92313630611625,33.36312484504796,13.326047416173395,20.037077428874568,NB
frame_pre_114.52_114.63,12.240939679280388,0.0,-0.5140220581117955,424.7763934590139,379.2877509090689,45.48864254994504,13.588466363257396,7.636924359018565,5.951542004238831,NB
frame_ze~_114.63_114.94,3.9335477908214216,0.0,0.4686629241164635,419.2464294514226,370.849408412883,48.39702103853955,143.85485929121083,34.20570196144399,109.64915732976684,NB
frame_tSi_114.94_115.03,26.055802167055987,0.0,-0.6510412390337921,407.676940915798,365.53887207033193,42.13806884546608,10.510300731758718,3.832276292188425,6.678024439570294,NB
frame_i_115.03_115.06,6.9516143855945245,0.0,-0.6510412390337921,394.53658817794,353.2603071510441,41.276281026895845,11.070605167254628,2.975531107898462,8.095074059356165,NB
frame_fu_115.06_115.27,5.728197846460546,0.0,0.8377112946626806,419.1120834402539,373.8881038755708,45.223979564683134,28.668230801906475,20.63583014786369,8.032400654042789,NB
frame_tu_115.27_115.46,46.37671576474003,0.0,0.7090280033147386,422.45740165441214,375.0354793590888,47.42192229532338,40.893553981423736,18.48419105689237,22.409362924531365,NB
frame_ru_115.46_115.58,58.46639781778888,1.4000000000000057,0.1942948379233364,412.5910805247904,368.3655185900809,44.2255619347095,315.637608027703,103.6385224056616,211.99908562204132,TB
frame_a_116.98_117.14,7.506839639607307,0.0,0.4520390855452228,423.7094846207815,377.60178679223833,46.10769782854317,12.072795405588096,2.646176595684381,9.426618809903715,NB
frame_gO_117.14_117.29,21.61587951584559,0.0,-0.4838575297893923,423.54098067639785,376.6514999826039,46.88948069379393,18.682938824800488,9.05881378195221,9.624125042848275,NB
frame_ra_117.29_117.53,417.5326836770962,0.0,0.9328215385694524,416.8179045640323,370.36403822075806,46.45386634327423,82.63325963711281,50.22862725929201,32.4046323778208,NB
frame_mi_117.53_117.61,23.050618891102403,0.0,-0.3913892288341313,418.1800188065391,373.40188774439326,44.7781310621458,13.279761881832371,6.136481194177662,7.143280687654709,NB
frame_dZi_117.61_117.7,6.1692981388151225,0.0,-0.6510412390337921,415.5248326019624,372.7487008644607,42.77613173750166,46.01558314576374,14.46480880570772,31.550774340056023,NB
frame_ga_117.7_117.76,27.117929821806257,0.0,-0.7979952923174458,414.9642639605478,371.8616646763785,43.10259928416929,11.15758738921386,4.267396793370239,6.89019059584362,NB
frame_u~_117.76_117.79,27.426000358708222,0.0,-0.5101718816479993,404.2779085011576,361.301204293607,42.9767042075506,0.9354263105853704,0.5550137080771833,0.3804126025081871,NB
frame_ma_117.79_117.98,15.71525894710183,0.0,0.4520390855453594,422.5591609644047,375.4644709450178,47.09469001938692,29.764852820201725,15.691370797258116,14.073482022943608,NB
frame_koj_117.98_118.15,0.1258612115159962,0.0,0.0047455194458909,421.0020271126379,374.4331186157455,46.56890849689239,338.5236683589975,275.0785421709808,63.44512618801669,NB
frame_za_118.15_118.5,2.284208147597269,0.0,1.2212910103837988,414.71034796920776,363.904432405599,50.80591556360872,252.3872007970479,128.64530188741873,123.7418989096292,NB
frame_e_118.5_118.53,57.98630419195675,0.0,-0.8022140844976141,397.79257625628696,356.56677577450625,41.22580048178071,24.137361542226955,18.753484264015498,5.3838772782114575,NB
frame_lis_118.53_119.17,60.743783534067575,0.0,5.320954995559512,413.31299582873504,353.3864622668559,59.926533561879126,176.59522141063863,57.99274037518404,118.6024810354546,NB
frame_na~w~_119.17_119.77,78.13360962426036,0.4900000000000091,-0.8088404981483738,421.52058700741065,360.6885418568299,60.83204515058077,54.10260091827426,20.506151395504844,33.59644952276942,NB
frame_te~j~_120.26_120.54,27.91933248215497,0.0,1.1820336111941685,422.6254599579132,374.0543215617293,48.571138396183926,18.058498359602996,7.72472173705259,10.333776622550404,NB
frame_i_120.54_120.6,78.91631273287246,0.0,-0.2615632237343931,407.8863898009995,365.0210875728405,42.86530222815895,3.92693237041658,1.852413625803521,2.074518744613058,NB
frame_d_120.6_120.64,199.6145958597571,0.0,0.0,417.5154712859927,373.8229800578672,43.69249122812551,1.5806066500509814,1.1533104585066098,0.4272961915443716,NB
frame_Eja_120.64_121.03,41.06778196299263,0.0,0.1109274890537285,423.2495988827648,370.2105725791858,53.03902630357896,247.4076408650322,109.08627092827616,138.321369936756,NB
frame_e~_121.03_121.06,134.9926560039037,0.0,-0.839183335525939,396.0399973646144,355.15702415500715,40.8829732096072,12.35506557055868,6.113584661367497,6.241480909191182,NB
frame_ta~w~_121.06_121.25,7.315523328432391,0.0,-0.1306202046698435,423.5845186637097,376.21931619890495,47.36520246480478,4.995677855233538,2.575603780960023,2.420074074273515,NB
frame_ni~_121.25_121.4,5.29999916408795,0.0,0.0742242909942793,412.2787419307988,367.05370261486905,45.225039315929735,6.574055082618202,2.7572259376068478,3.8168291450113534,NB
frame_ge~j~_121.4_121.59,19.022055825028502,0.0,-0.0069175339352271,418.8846586481933,372.6133991172959,46.2712595308974,26.662241639724986,7.355313710199198,19.306927929525784,NB
frame_si_121.59_121.94,26.106504260629805,0.0,-0.6510412390337921,422.234891395642,368.9242939453201,53.31059745032195,82.6890005973011,28.898099783727677,53.79090081357343,NB
frame_ka_121.94_122.14,2.535192345163296,0.0,0.5481955761500961,422.26036663804337,373.5640567849746,48.696309853068726,6.1092096858047,2.6067142019430776,3.5024954838616225,NB
frame_za_122.14_122.31,26.342829938601994,0.0,-0.317212839293353,414.5698748775427,369.0311455051839,45.53872937235883,57.29182535849611,31.563941286395817,25.72788407210029,NB
frame_poX_122.31_122.41,43.423647137729006,0.0,-0.7102460770796232,419.0998111371431,374.22065245321687,44.87915868392622,6.0299223693918975,3.9064628123302327,2.123459557061665,NB
frame_e_122.41_122.44,47.99099966796564,0.0,-0.8022140844976141,409.4246136929944,365.708519871872,43.71609382112234,2.298969094031065,1.3175463998018984,0.9814226942291668,NB
frame_ze~_122.44_122.5,30.69791192730733,0.0,-0.839183335525939,420.5133756250865,377.0925532914698,43.42082233361669,7.986210448434491,3.8125219878325822,4.173688460601909,NB
frame_plu_122.5_122.59,33.0746308304183,0.0,-0.5778049101639497,410.1300981536371,367.2726517107849,42.85744644285222,5.16924889480083,1.8167882211896256,3.352460673611205,NB
frame_maX_122.59_122.83,0.0044366192468032,0.0,0.1635696137308764,420.8675184284235,371.9658618508401,48.901656577583424,26.10496145007633,9.795071014528531,16.3098904355478,NB
frame_ka_122.83_122.89,76.0341261413046,0.0,-0.7979952923174458,420.7455047903184,378.1121331888808,42.6333716014376,12.309215913713274,7.080490429484712,5.228725484228562,NB
frame_a_122.89_122.97,122.65258250806504,0.0,-0.317212839293353,414.7238040692804,372.6443294866061,42.07947458267421,5.827776241909696,3.532417801814283,2.295358440095413,NB
frame_da_122.97_123.14,5.586219051407568,0.0,0.259726104335613,420.194884448087,373.75804359425626,46.4368408538308,5.063033866704245,3.0968864796840023,1.9661473870202428,NB
frame_ta_123.14_123.23,16.58721590268516,0.0,-0.605682311107836,417.5549047093847,373.6969483211332,43.85795638825152,19.935328538367003,8.350246756987985,11.585081781379015,NB
frame_du_123.23_123.34,28.39754529589084,0.0,0.0656115465753944,415.97261587590486,373.00309873545655,42.96951714044832,9.519003966010189,4.263189383566356,5.255814582443833,NB
frame_ka_123.34_123.43,15.46981350200818,0.0,-0.7979952923174458,422.51429138701695,377.1040652581988,45.41022612881818,7.557231234264805,5.223794377905136,2.3334368563596684,NB
frame_za_123.43_123.62,25.150135996786133,0.0,-0.2210563486884798,419.9276599578917,373.1950214473642,46.73263851052758,14.690145045308384,7.744871730006594,6.94527331530179,NB
frame_me~_123.62_123.74,3.5893747932292683,0.0,-0.2447077629612413,417.3733950504188,374.0486970455702,43.32469800484864,26.21596969615163,4.92216785239097,21.29380184376066,NB
frame_tu_123.74_123.8,107.6322702809652,0.0,-0.5778049101639497,403.1234798642553,361.245684300569,41.87779556368628,6.163244698776822,3.579537893380021,2.583706805396801,NB
frame_i_123.8_123.85,169.1149564897618,0.0,-0.3913892288341313,410.6775357218742,368.0594536664447,42.61808205542951,18.608853764664676,8.23712188222379,10.371731882440884,NB
frame_na~w~_123.85_123.95,4.928317716748552,0.0,-0.6731964394526292,419.5142288928962,374.3923551201557,45.121873772740514,6.490697994559952,3.338317736594348,3.1523802579656035,NB
frame_si_123.95_124.14,99.36852246119408,0.0,-0.131737218634286,414.1367045373327,368.2966881751315,45.84001636220109,152.03622717450185,45.39032092630498,106.64590624819688,NB
frame_ka_124.14_124.34,6.621118853411417,0.0,0.1635696137308764,422.094481975858,374.128621137717,47.965860838141,20.524961422462667,10.599106373298724,9.925855049163944,NB
frame_za_124.34_124.52,10.441407755395517,0.0,0.1635696137307398,415.8048552899129,370.1184206996182,45.68643459029471,12.149427478674852,7.809501638672458,4.339925840002394,NB
frame_poX_124.52_124.7,24.635351153556144,0.0,-0.8889939762108112,419.4966474670512,371.9968014118472,47.49984605520399,12.369458933101754,7.69427565657864,4.675183276523114,NB
frame_ki_124.7_125.15,37.787113597940646,2.8899999999999864,3.763042934361363,421.54264646482585,366.45016439828817,55.09248206653768,107.60499787639208,15.268814288851331,92.33618358754076,TB
frame_na~w~_128.04_128.93,3.217418071903154,0.3799999999999954,-0.1306202046698435,424.79511363238805,355.9645504463573,68.8305631860307,189.70002485384208,32.133047392936675,157.5669774609054,NB
frame_te~j~_129.31_129.44,26.4131937549011,0.0,-0.7202882210131009,419.15614919632856,376.0524547006135,43.10369449571505,7.984859443157347,4.175888997099975,3.808970446057373,NB
frame_i_129.44_129.47,16.886524965087688,0.0,-0.6510412390337921,398.5058213093018,356.3675716596788,42.13824964962305,10.676221719454873,5.537602911082189,5.138618808372684,NB
frame_d_129.47_129.5,3.869288210167156,0.0,0.0,402.3368851705264,360.4802097911074,41.856675379419016,2.362706483952479,0.7819210978170759,1.580785386135403,NB
frame_Eja_129.5_130.38,17.081407174469263,0.0,0.7983142245011372,419.25711691862136,353.1326966167388,66.12442030188254,549.6828755170475,466.5463376209793,83.13653789606813,TB
frame_du_130.38_130.44,42.86190478807141,3.6999999999999886,-0.5778049101639497,404.7072794522176,363.70853889815055,40.99874055406707,43.05490359225439,24.570708752493985,18.48419483976041,NB
frame_fu_134.14_134.35,15.06323652699814,0.0,0.3229781292710955,414.3082508582578,366.0866988683951,48.221551989862746,9.21117163652886,3.791335704186082,5.419835932342778,NB
frame_tu_134.35_134.44,8.288040429426616,0.0,-0.1917550361203066,406.09275763237815,364.699952223645,41.392805408733125,13.26269323382553,9.748432306012774,3.514260927812757,NB
frame_ru_134.44_134.87,4.734671448769717,0.0,4.183476869707526,412.37135080442937,359.6620485759249,52.70930222850444,19.78377544256392,12.547194972054257,7.236580470509665,NB
frame_ko~_134.87_135.21,20.4983042616727,0.0,1.7407014858683008,414.8759156517893,364.35645952695154,50.51945612483775,15.79507610721356,11.072517782728935,4.722558324484623,NB
frame_mu_135.21_135.83,19.911648313514675,0.8999999999999773,0.5803447119669796,418.6233656539849,358.9965770825116,59.62678857147336,68.18540657587852,38.87106232006165,29.314344255816863,NB
frame_E_136.73_136.91,249.0746141004992,0.0,0.5037199093094106,416.6025886916202,370.0161193921143,46.58646929950601,536.527135798378,239.00656304424177,297.5205727541363,NB
frame_a_136.91_137.36,469.8366433771849,0.0,3.2405773130853164,415.81371645050746,360.59347515774726,55.22024129276019,62.99266422946198,34.83537532589821,28.157288903563767,NB
frame_ijs_137.36_137.79,20.7216893674711,5.510000000000019,3.763042934360994,416.5868407784191,363.85224639876697,52.73459437965215,170.370723209015,80.9321098463268,89.43861336268822,NB
frame_ko~_143.3_143.86,1.15744803739301,0.0,3.939939817576897,416.8657582951557,360.708963142205,56.156795152950735,20.532106799286737,9.909625280026034,10.622481519260702,NB
frame_mu_143.86_144.05,46.21296269236851,0.0,0.3229781292714613,414.6908560380985,367.6138354277621,47.077020610336376,162.4941279558823,106.7425405654314,55.75158739045091,NB
frame_E_144.05_144.62,5.487734342120405,3.210000000000008,4.333446006801578,417.0752086572573,357.99188595011645,59.08332270714078,35.35518892532967,16.53019404982797,18.8249948755017,TB
frame_a_147.83_148.12,40.60963440894827,2.8899999999999864,1.7020734634078916,416.423605140863,366.0537368567361,50.36986828412688,100.81651532075443,43.2502810631608,57.56623425759365,NB
frame_is_151.01_151.16,70.65196188533906,0.0,-0.521215233933685,406.8366081735653,362.72463155079015,44.11197662277516,13.601382889898154,4.815614277720371,8.785768612177783,NB
frame_tO_151.16_151.37,7.060100922849927,0.0,0.286576562707986,415.12013587495113,367.55639084956266,47.56374502538847,3.559408830358535,2.766643279325393,0.792765551033142,NB
frame_ria_151.37_151.98,3.0856101191046434,0.6000000000000227,1.8156528578634463,410.7395539890994,350.383618235462,60.35593575363743,18.411138214190856,7.6011356484514465,10.81000256573941,NB
frame_sEX_152.58_152.95,125.8785942470664,0.0,-0.9692516666492228,410.1051311581667,358.61802205750604,51.48710910066069,54.140917451210655,19.294185214455386,34.84673223675527,NB
frame_tu_152.95_153.04,2.2084536118356937,0.450000000000017,-0.4491216188161906,403.6812281769565,361.0225334867408,42.65869469021567,9.77746894550856,6.140292313959549,3.6371766315490106,NB
frame_e_153.49_153.57,0.3300563038330324,0.0,-0.0817340185331698,423.52077151752127,379.0567350623016,44.46403645521963,24.39415909777506,11.633338629620198,12.76082046815486,NB
frame_za_153.57_153.88,6.217113413224581,0.0,0.9328215385694524,421.3299832781362,373.36977522920085,47.960208048935385,18.61651211917461,6.382856497278681,12.233655621895934,NB
frame_tu_153.88_153.95,268.1577710369404,0.6300000000000239,-0.5778049101639497,403.32329255637177,361.1446718203144,42.178620736057326,579.7211080617564,311.14293863318807,268.5781694285683,TB
frame_a_154.58_154.78,25.29709223613025,0.0,0.8366650479644424,422.5073338239612,375.8333174859792,46.674016337982096,11.143522420419288,2.6152272496186697,8.528295170800618,NB
frame_ki_154.78_154.91,44.39728994412698,0.0,-0.2615632237342087,419.7979246568533,372.7056808837208,47.09224377313251,32.82059491707997,8.423906590825766,24.396688326254207,NB
frame_u_154.91_155.01,27.30203856221874,0.0,0.3229781292710955,426.1524391384629,379.82949342056384,46.322945717899074,20.66515005367907,9.690622955522826,10.974527098156244,NB
frame_woXf_155.01_155.6,59.45580105451995,0.0,1.255980813365477,418.984888206732,363.8086718975297,55.17621630920229,236.39294267920687,184.01645424466287,52.376488434544,NB
frame_dZijs_155.6_156.34,24.990908027201414,0.0,0.1279147915653747,413.02387945447816,349.3379615254177,63.68591792906045,213.02788017007376,107.10684637951611,105.92103379055764,NB
frame_na~w~_156.34_156.57,17.7081518991358,0.0,-0.1306202046698435,424.3860106310906,375.3709228706812,49.01508776040947,28.87244015929693,9.436952001607152,19.435488157689772,NB
frame_a_156.57_156.96,11.36279586659677,0.0,2.6636383694563506,420.9384266374757,368.21992099912507,52.71850563835068,59.07204784745713,14.317971075390972,44.75407677206616,NB
frame_i_156.96_156.99,113.3894549914556,0.0,-0.6510412390337921,384.80227113634095,343.7322966186936,41.06997451764733,15.578802294261775,8.191095210075048,7.387707084186729,NB
frame_d_156.99_157.04,55.622892255906464,0.0,0.0,417.6452890266647,374.5155058277383,43.12978319892642,40.61899172354374,12.76380492707392,27.855186796469823,NB
frame_Eja_157.04_157.58,65.350216174084,0.0,-0.3800630362657693,419.0980575326199,363.2167668097135,55.88129072290644,45.07801624646277,19.212542118183293,25.865474128279477,NB
frame_e~_157.58_157.63,108.83649268820317,0.0,-0.6013931065002627,395.51279426751313,354.1236967224997,41.38909754501344,22.857681067667272,12.583563927133468,10.274117140533804,NB
frame_ta~w~_157.63_157.89,28.49495240661281,1.1400000000000148,0.0050238540257083,421.56449299431625,372.0974573539547,49.46703564036153,32.22449626248971,16.547517297890693,15.676978964599016,NB
frame_dZi_159.03_159.18,10.596893848106616,0.0,-0.3913892288339468,420.7256067589104,374.71810847438405,46.00749828452638,86.24805026432871,31.90218604137692,54.34586422295179,NB
frame_u~_159.18_159.42,55.67030925650411,0.0,0.4264266859811853,422.3960499333271,373.7693909924355,48.626658940891616,20.754534819578595,8.3410683565522,12.413466463026396,NB
frame_ko~_159.42_159.88,12.506633213782692,0.0,2.440459136866426,421.8223858204206,368.514922983481,53.30746283693964,71.30939765779877,39.13682494871202,32.17257270908675,NB
frame_tSi~_159.88_160.26,18.52276271323271,0.0,1.6620603894813433,418.246935734449,365.6525937295385,52.59434200491046,73.86975614683669,33.56188681672191,40.307869330114784,NB
frame_nu_160.26_160.37,44.1760218970247,0.0,-0.1917550361203066,411.5548410478343,367.53947275751625,44.01536829031807,6.703968047729944,4.8792594415818655,1.8247086061480784,NB
frame_u~_160.37_160.73,66.32182240577154,1.010000000000019,0.961625867483649,416.8098026046802,364.8526331914582,51.95716941322206,49.79236066736871,20.75611204127429,29.03624862609442,NB
frame_ko~_161.74_161.89,99.49168581816905,0.0,-0.3585714671263589,410.25513003993694,365.8089155808026,44.44621445913435,6.2689260417750745,2.401633170136847,3.8672928716382273,NB
frame_pre_161.89_162.02,18.25041476896152,0.0,-0.6581180713043976,424.0739625272568,377.3522266213223,46.72173590593445,55.726294037808486,29.449302231294094,26.27699180651439,NB
frame_e~_162.02_162.05,18.698923082025686,0.0,-0.839183335525939,411.77422555882646,368.56449635826624,43.20972920056022,0.7209035138988327,0.3626583471131823,0.3582451667856503,NB
frame_de~j~_162.05_162.22,15.319720697720612,0.7800000000000011,-0.1258126484482342,415.4118444172815,369.505350224521,45.90649419276048,4.606716872651845,2.39753097355765,2.2091858990941944,NB
frame_is_163.0_163.32,535.5781218437438,0.0,-0.6510412390337921,405.4955885312757,355.9544692836092,49.54111924766647,14.654464590266798,7.702734239778806,6.951730350487992,NB
frame_tu_163.32_163.41,17.041168074629695,0.0,-0.1917550361203066,423.4152288933719,378.4002846219629,45.01494427140898,12.74985241661068,7.20172947498682,5.548122941623859,NB
frame_E_163.41_163.63,450.8127913553409,0.710000000000008,0.8965123295649531,423.2401793816992,375.2178904244035,48.02228895729564,33.679151353061684,19.70295700359304,13.976194349468642,NB
frame_aw_164.34_164.54,42.599520925483176,0.0,0.0674131231260032,423.9327737995104,376.17930211586986,47.7534716836405,556.8946775112095,488.7531980486762,68.14147946253331,NB
frame_gu~_164.54_164.64,48.01091412499847,0.0,-0.3317721544805537,417.43888151061685,375.4675667792187,41.97131473139808,24.691506544204174,7.663034514544535,17.02847202965964,NB
frame_ma_164.64_164.87,30.062205732992567,0.0,0.4520390855452228,419.98506783772063,374.0374165633066,45.947651274414,24.448764799576335,12.828975634859177,11.619789164717162,NB
frame_koj_164.87_165.04,30.173512073240204,0.0,-0.1740023796855511,425.3553350412008,377.5384395889737,47.81689545222707,14.156029054420031,7.176708042065485,6.979321012354546,NB
frame_za_165.04_165.18,21.35216611748183,0.0,-0.5095258205029628,420.7145729867007,375.7436589697112,44.970914016989525,7.485617612410891,4.820031150610845,2.6655864618000464,NB
frame_ki_165.18_165.25,20.24601028968263,0.0,-0.5212152339340539,402.6323877815733,360.5527825432033,42.07960523837005,3.915945418866841,2.007562634374977,1.908382784491863,NB
frame_si_165.25_165.75,23.83829868431769,0.0,-0.6510412390337921,406.94907199118,352.6036896394592,54.34538235172079,1.544271452689031,0.8547621710918634,0.689509281597168,NB
frame_peR_165.75_166.11,31.39545251718789,0.0,2.800186245325836,423.4729485804274,371.7484575577552,51.72449102267217,134.53841592508448,105.0858160939886,29.45259983109588,NB
frame_dZi_166.11_166.26,28.2510771890843,0.0,-0.2615632237342087,414.3944655443144,369.1026288315375,45.2918367127769,5.678783647258484,2.002111928050283,3.676671719208201,NB
frame_nu~_166.26_166.44,20.225534340266137,0.0,-0.0641725637293218,418.3763826310775,373.03321534187546,45.34316728920203,9.769055458530374,4.92002524096614,4.849030217564234,NB
frame_ma_166.44_166.52,23.67775831507265,0.0,-0.7979952923174458,402.3865453999312,361.4535898422496,40.93295555768151,0.9786973772590102,0.5849626914630335,0.3937346857959767,NB
frame_peXs_166.52_166.78,20.614421699866483,0.0,-0.3699260449187837,420.578818096414,372.179611595987,48.399206500427,27.07049089314006,17.14569769738449,9.92479319575557,NB
frame_pek_166.78_167.0,139.62477068522938,0.0,1.0710340870105144,421.4370006972474,374.4351322411679,47.00186845607959,44.47457085079702,26.43677169262884,18.037799158168184,NB
frame_tSi_167.0_167.17,19.169401342250097,0.0,-0.0019112135347324,419.3158832420776,372.4131546264376,46.90272861564,13.2065430980918,5.92679400852461,7.27974908956719,NB
frame_va_167.17_167.24,11.26513588271544,0.0,-0.7979952923174458,415.7272142790243,373.86467810441314,41.86253617461114,15.31253215672885,6.070917533535351,9.2416146231935,NB
frame_i~_167.24_167.37,16.60815940544009,0.0,0.3185067676845834,416.6724718522465,370.9431414611228,45.72933039112377,21.29209783249229,12.994534554009531,8.297563278482755,NB
frame_fi~_167.37_167.68,26.840498762769016,0.0,0.5627892443750613,415.1669595465025,366.6910477146978,48.47591183180469,41.5930833177444,23.59953611512856,17.993547202615844,NB
frame_ni_167.68_167.94,37.98569157631991,0.0,1.9454788629631845,417.5574808240058,368.88219018760606,48.67529063639978,62.54712178859933,29.686518412396797,32.86060337620253,NB
frame_ta_167.94_168.13,402.98407105043225,0.0,0.1635696137307398,421.23692525546033,375.1484332239729,46.08849203148742,75.14220534800654,25.50092997755621,49.64127537045033,NB
frame_ajs_168.13_168.31,25.04894820487885,0.0,-0.4133693298982262,418.56669916657296,372.27521955747534,46.29147960909762,7.880929228704616,3.49472949960699,4.386199729097626,NB
frame_no_168.31_168.44,4.745904055074249,0.0,0.1834934185773329,419.8904075360708,374.99787342772186,44.89253410834897,7.549080846725843,1.8779037607988585,5.671177085926985,NB
frame_sas_168.44_168.52,2.7133698135350244,0.0,0.0,412.7677359661739,368.1855220330506,44.582213933123285,1.0555179148536524,0.2145946151136684,0.840923299739984,NB
frame_kOs_168.52_168.78,30.942415875001306,0.0,-0.7018388017127093,416.020056763531,367.0287433635763,48.99131339995466,5.755015957678239,3.110787538384784,2.644228419293455,NB
frame_tas_168.78_169.02,429.6511498667471,1.25,-0.81404356943126,418.5363295946994,371.956697941131,46.57963165356847,42.30521179691641,12.55381972016312,29.75139207675329,TB
frame_ki_170.27_170.41,19.726614779508736,0.0,-0.5212152339340539,422.40306649545096,376.6384767998678,45.7645896955832,10.338272201683452,7.781163053766761,2.557109147916691,NB
frame_E_170.41_170.46,298.3319499272462,0.0,-0.7728554565213119,420.116414716404,377.05925935407697,43.05715536232697,21.328563163251147,15.164397581087144,6.164165582164003,NB
frame_u_170.46_170.5,10.382840422265817,0.0,-0.4491216188161906,409.3091776280245,365.9654684012134,43.343709226811086,3.700384654057274,1.6118613109260025,2.0885233431312717,NB
frame_pa_170.5_170.61,532.2248973830197,0.0,-0.3172128392932163,421.8658073153456,377.18962740199487,44.67617991335072,115.77180785928692,47.084270991232415,68.68753686805451,NB
frame_sa_170.61_170.81,533.7426536712175,0.0,-0.2210563486884798,415.0459648750199,368.6810805026154,46.3648843724045,56.092335760036576,24.929495765927754,31.162839994108825,NB
frame_du_170.81_170.87,13.301182967132988,1.990000000000009,-0.5778049101639497,408.3454047987061,364.7490886529701,43.59631614573601,8.610131788990074,4.404411588137734,4.20572020085234,TB
frame_aw_172.86_172.99,35.14564282239809,0.0,-0.1248998580837432,424.6223383521026,379.0107514784705,45.61158687363212,27.98727800286619,8.92533719100723,19.06194081185896,NB
frame_gu~_172.99_173.08,5.54240437823168,0.0,-0.3763720862723834,421.8143601807068,377.6088699041468,44.20549027656,52.60108029805642,19.86569088523888,32.73538941281754,NB
frame_ma_173.08_173.36,14.26325712530732,0.0,0.5481955761502326,420.9753322004407,372.9874975337232,47.987834666717504,25.422709973946358,11.3744413567278,14.048268617218554,NB
frame_koj_173.36_173.56,12.318274292133369,0.0,0.540989216839709,425.24094662849456,376.7163332320927,48.52461339640189,27.607606346547527,7.043517390077852,20.564088956469675,NB
frame_za_173.56_173.73,5.670816957316418,0.0,-0.0287433674790066,421.6470817877325,375.2727917841335,46.37429000359907,30.144590653169104,14.399518215651682,15.745072437517422,NB
frame_ki_173.73_173.81,4.045700648747982,0.0,-0.5212152339340539,422.2781860407386,378.43812128433535,43.84006475640325,31.20411343396765,19.13437560135517,12.069737832612477,NB
frame_E_173.81_173.86,361.8859533778066,0.0,-0.7728554565213119,422.64524592203895,379.1994131450125,43.44583277702645,9.276634727422788,7.208646047409502,2.0679886800132863,NB
frame_u~_173.86_173.93,16.729779384764385,0.3299999999999841,-0.3317721544805537,412.84289844895807,370.8310779925814,42.011820456376654,4.652870014581737,2.1497075131080123,2.5031625014737244,NB
frame_po~_174.26_174.63,2.958463392795835,0.0,2.0405976220103947,423.4200763089216,371.57108636503466,51.84898994388692,56.813778817596415,20.59908279173331,36.21469602586311,NB
frame_tu_174.63_174.69,15.175759756607276,0.0,-0.5778049101639497,409.11978436558985,366.6747345309535,42.44504983463639,9.404962902272617,5.414851450169351,3.990111452103264,NB
frame_o~_174.69_174.82,36.35968163870635,0.0,-0.0586753309842646,417.9355766387847,372.9426359166493,44.99294072213547,9.362282121613902,3.493929871796865,5.868352249817036,NB
frame_dZi_174.82_174.92,52.61396127570436,0.0,-0.2615632237345777,417.7369293789213,372.594811167863,45.142118211058346,16.55457819465252,9.649458629629862,6.905119565022659,NB
frame_nOjs_174.92_175.13,62.91418362374967,0.0,-0.5939195430033481,420.3519243557479,372.9839967953542,47.36792756039364,14.734540018237084,9.196612152583498,5.537927865653586,NB
frame_es_175.13_175.31,6.727780308395978,0.0,-0.8022140844976141,409.7423489693044,363.1906494423544,46.55169952695002,151.82604999513643,92.42525872148256,59.40079127365388,NB
frame_ta~_175.31_175.43,305.207480797566,0.0,-0.1306202046698435,417.8118929659672,372.8475936806629,44.96429928530432,43.32267361806015,14.126159308926276,29.196514309133875,NB
frame_mus_175.43_175.8,0.400710085112081,0.4199999999999875,0.8377112946624977,404.02941668427536,354.3187346689607,49.7106820153146,24.700122112099564,13.261705946970636,11.438416165128928,NB
frame_sEX_176.22_176.6,21.563166680612127,0.0,-0.0854687210740427,421.0397190124172,368.0448675413746,52.99485147104264,75.94234669929136,16.498973268695877,59.44337343059549,NB
frame_tu_176.6_176.69,51.15715698437722,0.8100000000000023,-0.1917550361203066,403.5602939486115,362.2001504079316,41.36014354067993,3.4658229800361937,2.184716530286863,1.2811064497493303,TB
frame_i_177.5_177.59,6.683791848035384,0.0,0.1279147915653747,424.6441049511494,379.1752067291805,45.46889822196897,23.718714589493203,4.070512598359102,19.6482019911341,NB
frame_aw_177.59_177.72,5.515088490271239,0.0,-0.2210563486884798,423.4720702403599,378.1371529819788,45.3349172583811,5.135012675123335,2.7009521974751465,2.434060477648188,NB
frame_gu~_177.72_177.84,21.889259909585437,0.0,-0.2425722908967675,418.60249917649656,372.6451791855226,45.95731999097393,110.35841081892508,55.07200159535299,55.28640922357209,NB
frame_ma_177.84_178.07,20.7445074392202,0.0,0.7405085573597058,421.2702045055208,374.05184527574175,47.21835922977908,25.09636691426789,13.341284316101904,11.755082598165984,NB
frame_koj_178.07_178.22,0.1550109185218673,0.0,-0.1740023796855511,419.0022990398618,375.7184152452498,43.283883794612,17.51990639052977,14.58984834157792,2.930058048951849,NB
frame_za_178.22_178.32,36.77861449162512,0.0,-0.5095258205029628,420.2077970171536,375.35286450618986,44.85493251096375,160.9096207205586,108.31036146691292,52.59925925364567,NB
frame_ki_178.32_178.38,11.283244610114965,0.0,-0.6510412390337921,407.1352629891256,364.847154061344,42.28810892778165,8.435365154849165,5.808134112070121,2.6272310427790444,NB
frame_si_178.38_178.65,25.772063011315737,0.0,-0.6510412390337921,411.40735027875854,362.8167635994155,48.59058667934306,29.289897049157105,15.000995327607484,14.28890172154962,NB
frame_dZi_178.65_178.72,9.699693935260797,0.0,-0.5212152339340539,413.7445795411656,369.3861176875144,44.35846185365125,7.44790085632269,2.4835084832925247,4.964392373030165,NB
frame_ri_178.72_178.97,17.72336368637218,0.0,1.8156528578634463,416.8501573430364,370.6266287555796,46.22352858745677,50.01954723478971,16.69048965460331,33.3290575801864,NB
frame_Zi_178.97_179.93,40.14793472533364,0.0,5.450781000659434,412.08661922380975,342.36576908224595,69.7208501415638,217.7704876628217,55.81118679076914,161.95930087205255,NB
frame_pa_179.93_180.03,50.04796591885847,0.0,-0.5095258205029628,399.4763700723629,359.1373380941695,40.33903197819336,1.7017973279593264,0.3774623222693378,1.3243350056899883,NB
frame_ra_180.03_180.16,350.99561450952183,0.0,-0.7018388017127093,425.39489702694846,379.24295155447874,46.15194547246972,53.570541716020045,13.17001294579427,40.400528770225776,NB
frame_u~_180.16_180.38,2.0601381219841244,0.0,0.3372268223975259,425.0481880708692,375.5060464121686,49.54214165870064,8.026300457820156,4.184084381266075,3.842216076554081,NB
frame_o_180.38_180.42,7.817724888290883,0.0,-0.7102460770796232,409.7803836304135,367.66384095802863,42.11654267238487,8.80824755016394,4.201209674410308,4.607037875753633,NB
frame_ri_180.42_180.55,5.501404558225175,0.0,-0.0019112135343634,414.9779830304362,368.880839841312,46.09714318912416,14.157773083459515,4.211890865049156,9.94588221841036,NB
frame_zo~_180.55_180.85,11.989267249213896,0.0,0.4411515625859871,420.5975903406591,369.6428723372346,50.954718003424375,40.45459717737919,11.527842048268155,28.92675512911103,NB
frame_tSi_180.85_180.91,127.81289696724612,0.0,-0.6510412390337921,408.1485870943978,365.39370035690047,42.75488673749737,7.221955984061935,4.832242921178079,2.3897130628838568,NB
frame_i_180.91_180.94,133.6991604258329,0.0,-0.6510412390337921,398.6489930277705,357.30640605876573,41.34258696900474,36.14378769167155,29.2402597506956,6.903527940975948,NB
frame_si_180.94_181.29,46.66544680298984,0.0,-0.6510412390337921,412.364327656129,361.6457923217505,50.71853533437849,187.5878046313044,45.18610457151729,142.40170005978706,NB
frame_peR_181.29_181.93,8.8117996932165,0.0,2.511994218939813,422.9572386949396,362.28115335468186,60.67608534025777,129.78686978897588,32.415930792523056,97.3709389964528,NB
frame_dZi_181.93_182.08,6.518775831774775,0.0,0.517392806864958,414.2179122112496,369.6944061018273,44.52350610942227,11.402319490931347,4.778910140582752,6.623409350348595,NB
frame_nu_182.08_182.36,37.95176276530535,1.119999999999976,1.3524444600542658,419.3892737742305,369.55501017624783,49.83426359798261,20.08573635839366,8.495536780567875,11.590199577825786,NB
frame_fi~_183.48_184.12,23.907166366259844,0.0,0.6849304827201266,410.9909802462996,351.5305025851912,59.46047766110843,228.96473702358324,98.6286595767213,130.33607744686194,NB
frame_du_184.12_184.59,16.320203579490283,0.0,4.698210035098928,408.6047035765301,354.2416406705666,54.36306290596349,216.80986907387356,92.75653881829136,124.05333025558218,NB
frame_o_184.59_184.62,66.63944625336848,0.0,-0.8889939762108112,391.6636164419187,350.2201533680453,41.443463073873374,3.329580437633922,1.1840980091143365,2.145482428519585,NB
frame_ri_184.62_184.71,54.45546098744751,0.0,-0.3913892288339468,407.3640234997264,365.1714099275492,42.19261357217727,13.339344700063236,6.9986548104445205,6.340689889618716,NB
frame_zo~_184.71_184.81,82.3621705577014,0.0,-0.6584676032684531,403.1655260295233,362.4732824456156,40.69224358390767,5.635107950674865,2.225057705884865,3.41005024479,NB
frame_tSi_184.81_184.98,25.25700554866367,0.0,-0.1317372186344705,422.3461417629114,374.1184536583976,48.22768810451373,8.123462634266133,2.7005932052190644,5.4228694290470685,NB
frame_ki_184.98_185.04,27.053443174242005,0.0,-0.6510412390337921,417.4994360509917,373.5203689899696,43.97906706102208,8.108710983594847,3.9579358821954154,4.150775101399432,NB
frame_nOjs_185.04_185.68,8.59411965030938,0.0,0.1765145494938737,423.88752667810695,363.6161564345696,60.27137024353732,52.32025086585864,28.677662338041017,23.642588527817622,NB
frame_Sa_185.68_185.94,37.52691042240153,0.0,0.0674131231260032,423.954324546992,374.541674070314,49.41265047667804,22.139984499496563,13.089083235334217,9.050901264162349,NB
frame_ma~_185.94_186.08,21.58550358977402,0.0,0.1406679127216456,422.631097642397,377.2083144021762,45.42278324022078,34.711009375177355,11.762422062544005,22.94858731263335,NB
frame_mus_186.08_186.21,19.227367941985364,0.0,-0.3204383274684315,409.3146156287898,367.94411583569087,41.37049979309893,10.357026318913256,5.312226143696591,5.044800175216665,NB
frame_dZi_186.21_186.29,35.66266635288221,0.0,-0.3913892288343158,408.5879567268999,365.8705259846348,42.71743074226504,4.738519613406254,2.4454079567252904,2.2931116566809635,NB
frame_fu_186.29_186.49,31.04167096436035,0.0,0.4516614206192204,418.296054275,372.0745813627761,46.22147291222393,15.972407473319407,9.706649823990176,6.265757649329231,NB
frame_tu_186.49_186.68,65.4318270061328,0.0,0.7090280033147386,420.4798485519838,373.8644218470688,46.61542670491508,59.222889827755495,34.59144281794036,24.631447009815133,NB
frame_ru_186.68_186.76,117.2772541759344,0.6200000000000045,-0.3204383274684315,411.4943367324783,367.7439472325394,43.75038949993876,3.776135841031192,2.573744315480411,1.2023915255507802,NB
frame_sEX_187.38_187.87,15.388323679497605,0.0,0.8965123295649531,423.8834991381431,368.46134115112216,55.42215798702091,30.455314555363657,10.763288574081828,19.69202598128183,TB
frame_tu_187.87_187.94,88.75342309758597,1.6800000000000068,-0.4491216188161906,406.82829626976593,364.0675159484311,42.76078032133484,45.81108745693973,15.015406050111892,30.79568140682784,NB
frame_is_189.62_189.78,5.41925588022076,0.0,-0.6510412390337921,412.2224273347074,365.8924573472684,46.32996998743897,6.897820573493107,4.465097638025327,2.43272293546778,NB
frame_tu_189.78_189.86,95.99869578470742,0.0,-0.3204383274680658,423.8720902641236,378.87759808829145,44.994492175832136,12.986944642849522,5.883437343019892,7.10350729982963,NB
frame_E_189.86_190.05,327.7094514674375,0.8199999999999932,0.6019180143732265,423.9221656214045,376.65371536442046,47.26845025698401,67.5819957375619,31.03885983029079,36.54313590727111,NB
frame_ko~_190.87_190.98,3.090607665091028,0.0,-0.6584676032684531,425.7949161898389,380.598050278164,45.19686591167499,22.19608864476677,10.975041070507672,11.221047574259105,NB
frame_mu_190.98_191.06,27.5032794055264,0.0,-0.5778049101639497,422.5644702995224,378.046623881246,44.517846418276406,17.60338535989527,4.963590910715681,12.63979444917959,NB
frame_ew_191.06_191.2,26.378235816787736,0.0,-0.2258300317259767,423.34847763404593,377.58349138729096,45.76498624675497,7.233489446981565,4.577157362905325,2.65633208407624,NB
frame_dZi_191.2_191.29,21.15485084389149,0.0,-0.3913892288343158,417.5681199538275,373.03358008491153,44.53453986891594,8.176845466493461,2.3103360281941434,5.8665094382993175,NB
frame_si_191.29_191.43,17.904504531603806,0.0,-0.6510412390337921,423.0056967699196,376.4562521100283,46.54944465989127,20.213152613724503,7.197168525495158,13.015984088229343,NB
frame_a_191.43_191.47,10.67382087453774,0.0,-0.7018388017127093,417.74055463511183,374.022479675298,43.718074959813805,1.5222492238378038,1.1028369720911826,0.4194122517466212,NB
frame_vo_191.47_191.64,75.63439925751435,0.0,0.3622413177085209,420.75238462799166,373.0203960389845,47.73198858900719,84.27481086297708,42.48839131487559,41.78641954810149,NB
frame_sejs_191.64_191.85,39.32234980793393,1.0900000000000034,0.0,412.61737623243977,365.46993796028926,47.14743827215051,3.62380431703437,1.2443582343384492,2.379446082695921,NB
frame_u~_192.94_193.02,16.222308378385037,0.0,-0.2871722226885972,421.26217331162127,377.6887095051888,43.57346380643247,32.88539677221726,10.471108760690356,22.414288011526907,NB
frame_ma_193.02_193.16,50.00275117598247,0.0,-0.5095258205029628,421.0713120392807,377.0395363750552,44.03177566422545,21.38436622318423,6.733011268719849,14.65135495446438,NB
frame_dajs_193.16_193.4,33.762727919818786,0.0,-0.7018388017127093,422.83823471512005,376.07487572257526,46.76335899254474,29.523589671551235,15.350388185695948,14.173201485855287,NB
frame_i_193.4_193.52,115.95601913449651,0.0,0.517392806864958,406.7510766413342,364.05649373476655,42.69458290656763,43.61346620316305,28.31486351096312,15.298602692199928,NB
frame_dej_193.52_193.76,11.026881305590765,0.0,0.7828420606249005,424.5046428622784,375.07604847198456,49.428594390293824,25.076820256936145,12.331019364796305,12.74580089213984,NB
frame_as_193.76_193.98,0.1231525271507507,0.0,-0.7979952923174458,409.41861971832896,363.2222520298237,46.196367688505234,5.580847566670627,3.1824494595290678,2.39839810714156,NB
frame_fu~_193.98_194.21,42.57934880724261,0.0,0.0250272998544643,414.4470718169622,366.28737790980784,48.15969390715435,36.47481505101749,16.080551012968186,20.3942640380493,NB
frame_da_194.21_194.37,11.799899677872872,0.0,-0.0287433674787333,422.9982539922236,376.38992621035567,46.6083277818679,18.314892436168208,9.0354283276599,9.279464108508307,NB
frame_me~_194.37_194.66,26.93610483421912,0.0,1.776509183758866,411.6102524086341,365.4168678114474,46.19338459718665,20.290213692039032,11.40406361936573,8.886150072673303,NB
frame_tajs_194.66_195.09,13.15136285186162,0.0,0.4520390855452228,419.456088817187,364.7411306455375,54.71495817164947,96.61772551063513,61.026848704228485,35.59087680640664,NB
frame_nu_195.09_195.18,68.76989582439523,0.0,-0.4491216188158248,415.8267946888599,371.445242806085,44.381551882774886,10.068882763900293,6.62347243126429,3.4454103326360013,NB
frame_o_195.18_195.21,34.92460671406667,0.0,-0.8889939762108112,405.46354378103655,363.519060356856,41.94448342418053,0.4547396048568259,0.241118466246661,0.2136211386101649,NB
frame_si_195.21_195.52,65.00995322259509,0.0,-0.6510412390337921,407.82974594621226,360.2755789253491,47.55416702086319,70.31894835390425,26.75716992036955,43.5617784335347,NB
frame_de~_195.52_195.69,9.53074116883343,0.0,0.3497678096034563,421.2749986957298,374.61800841989714,46.65699027583264,38.07842466177556,14.118245858366947,23.96017880340861,NB
frame_tSi_195.69_195.8,0.386613500003989,0.0,-0.0019112135343634,401.5703886097776,360.3578551677249,41.21253344205269,4.106999287435457,1.881269831034416,2.225729456401041,NB
frame_E_195.8_195.83,1.8557200190712424,0.0,-0.9692516666492228,392.9573550882652,351.4302780807673,41.52707700749784,2.993011429501792,1.8756698796687203,1.1173415498330712,NB
frame_a_195.83_195.86,94.45399678625526,1.8499999999999943,-0.7979952923174458,392.01758645466685,350.2897819217671,41.72780453289977,1.6554348071722416,0.714564905428162,0.9408699017440796,NB
frame_i_197.71_197.78,4.628257918341802,0.0,-0.1317372186344705,408.3633490596338,366.1593451188482,42.20400394078564,3.6727653647885177,1.5937552570819946,2.079010107706523,NB
frame_d_197.78_197.81,158.07986780046767,0.0,0.0,405.7704236279301,362.5631706875352,43.20725294039494,27.485189988017,16.669226937195845,10.815963050821154,NB
frame_Eja_197.81_198.1,20.36875344483599,0.0,0.6019180143732265,422.24587935483606,371.8262953252893,50.41958402954674,18.043126798647165,4.431707203504175,13.61141959514299,NB
frame_dZi_198.1_198.25,18.20723333640143,0.0,0.517392806864958,409.8815983870131,366.1573862681678,43.724212118845344,11.640083633728691,7.4178849366005295,4.222198697128164,NB
frame_vi_198.25_198.34,2.838693380446614,0.0,-0.2615632237342087,418.9045260749396,373.9055040250318,44.99902204990781,19.50941660161465,10.224230472156307,9.28518612945834,NB
frame_a_198.34_198.57,63.96040696427097,0.0,1.125134519778925,413.67975942817554,367.0973466474204,46.58241278075508,81.34685503496634,33.792574231886576,47.55428080307976,NB
frame_Ze~j~_198.57_198.88,91.72840858899772,0.3000000000000113,1.4198238402200136,405.8911256470777,357.2811904280079,48.60993521906977,10.674862269329424,5.132815564810983,5.542046704518441,TB
frame_a_199.18_199.61,23.77033215035757,0.25,3.04826433187557,409.9711752527382,356.23411904708706,53.73705620565113,217.82761792385764,72.94417426655451,144.88344365730313,NB
frame_i_199.86_199.9,135.09631507248642,0.0,-0.5212152339340539,390.4956604017342,349.2971671641149,41.19849323761929,1.7085676240690404,1.1110997740399853,0.5974678500290551,NB
frame_d_199.9_199.94,132.40990732310468,0.0,0.0,388.67044563868814,348.75227532244446,39.91817031624368,1.84954472229753,0.6916375416293903,1.1579071806681398,NB
frame_Eja_199.94_200.16,26.5668273535249,0.0,-0.4782611413295852,422.4682538942958,374.2642907743539,48.20396311994188,481.8991491024327,403.9402986690959,77.95885043333683,NB
frame_dZi_200.16_200.23,16.727467595398707,0.0,-0.5212152339340539,421.25933654339457,377.43084563465663,43.82849090873793,13.964093980576507,4.1786617895456,9.785432191030909,NB
frame_pe_200.23_200.53,19.13426227125464,0.0,2.656090232133029,416.3275738417812,370.3400420344371,45.98753180734411,15.948750842136576,9.729479149519904,6.2192716926166725,NB
frame_re_200.53_200.8,117.87754034349052,0.0,1.5033221265893448,423.18362129254064,373.38593003145775,49.79769126108289,198.65846071131656,62.77329815106151,135.88516256025505,NB
frame_gri~_200.8_200.98,41.289973396076135,0.0,-0.1700581856960249,417.97613412532337,371.38621503974525,46.58991908557812,93.41543835272994,16.304585403382674,77.11085294934726,NB
frame_na_200.98_201.12,50.03095696534402,0.0,-0.2210563486884798,411.23252383956367,371.4257126829891,39.80681115657456,13.945657637757876,9.553310654850236,4.39234698290764,NB
frame_sa~w~_201.12_201.37,414.5258766060906,2.030000000000001,-0.6731964394524365,407.8292990373576,360.8761573999346,46.95314163742296,73.5119342340189,26.088152879247215,47.42378135477168,TB
frame_nOjs_203.4_203.69,0.2295905269457989,0.0,-0.8140435694309471,421.32213421156126,372.1639997657095,49.15813444585177,41.86952279829126,6.620467511305236,35.24905528698602,NB
frame_po_203.69_203.83,7.32610986074576,0.0,0.5409892168402171,422.2341835487406,377.253453897786,44.98072965095452,12.983005894112807,5.773373338031632,7.209632556081175,NB
frame_de~_203.83_203.93,30.14174757172242,0.0,-0.4824979919870866,423.2646031531688,379.0975548215168,44.16704833165193,14.563157710857894,4.426819049245239,10.136338661612657,NB
frame_mus_203.93_204.09,26.68868576766417,0.0,-0.4491216188161906,414.003671213794,367.6183616643994,46.385309549394606,7.548656897950394,4.914331968387671,2.634324929562723,NB
frame_a_204.09_204.19,9.375118606173883,0.0,-0.1248998580837432,418.8039006336277,374.4101688857672,44.39373174786056,3.641784090701691,2.0089128767274644,1.6328712139742263,NB
frame_pro_204.19_204.3,4.57690705858775,0.0,-0.7102460770791151,418.5554511626016,373.4936049503938,45.061846212207854,6.669569104979018,2.7984962702308,3.871072834748219,NB
frame_Si~_204.3_204.55,5.2767662236800845,0.0,-0.0479169473506124,414.2176873631946,366.33849193690617,47.8791954262885,13.799567252834066,5.75174200528042,8.047825247553646,NB
frame_maX_204.55_204.83,25.435397596217484,0.0,1.0289780291741888,417.121851534269,366.7226670261133,50.39918450815583,12.369111956117962,6.314098053118556,6.055013902999406,NB
frame_is_204.83_205.07,8.297332956909969,0.0,0.2577407966651128,412.8801643085801,365.38137441503386,47.49878989354619,16.613428816888757,4.290607697703592,12.322821119185164,NB
frame_tu_205.07_205.21,15.351716821006164,0.0,0.4516614206192204,413.91301887521104,371.3300976211685,42.5829212540425,8.599829658313325,4.873044227784448,3.726785430528878,NB
frame_e~_205.21_205.27,14.855976966619636,0.0,-0.4824979919870866,403.6086813379133,361.2146774945051,42.3940038434082,5.058556929245242,3.3872677749260447,1.6712891543191972,NB
frame_ta~w~_205.27_205.97,16.297245417759655,0.2199999999999988,6.109006495330939,420.456223417357,358.302809026168,62.15341439118902,118.42641397952994,80.78208626495774,37.6443277145722,NB
frame_da_206.19_206.33,4.07226914935319,0.0,-0.1248998580834699,425.797201890913,378.5237966285005,47.273405262412496,8.051836398817215,2.7109767801781004,5.340859618639115,NB
frame_li_206.33_206.48,7.385631452814323,0.0,0.2577407966651128,413.8966859689797,369.7243219698031,44.172363999176525,4.250030828011688,2.5229054082500117,1.727125419761677,NB
frame_te_206.48_206.69,6.528791762511787,0.0,1.0710340870105144,422.0003322967058,373.1184886460389,48.88184365066684,27.82395565777645,14.420727188644378,13.403228469132074,NB
frame_ra_206.69_206.84,10.201241979664587,0.0,0.0674131231260032,411.30218113899593,367.33948482965127,43.962696309344665,3.91698017741291,1.5281917556935127,2.388788421719397,NB
frame_tu_206.84_206.94,18.22439298187271,0.0,-0.0630717447725475,416.8581319003615,371.2367216247986,45.62141027556294,1.4250785866832132,0.6378116804675926,0.7872669062156206,NB
frame_ra_206.94_207.08,9.502610581885593,0.0,-0.1248998580834699,421.4812089008833,374.6055752024914,46.87563369839182,13.395493880364567,5.832223323275372,7.563270557089197,NB
frame_Re_207.08_207.27,8.293190665995724,0.0,-0.3699260449187837,421.02239710959486,373.39693787972544,47.62545922986936,17.722376580981148,5.235347294936616,12.487029286044532,NB
frame_li_207.27_207.38,79.3209477678388,0.0,-0.3913892288343158,408.1149985191231,364.67329618435247,43.44170233477064,4.83620213141819,2.464728233018249,2.371473898399941,NB
frame_Zi_207.38_207.57,46.4669894570976,0.0,-0.6510412390337921,418.2959026819803,369.9129831000937,48.3829195818866,75.510410571178,38.59092801311236,36.91948255806564,NB
frame_O_207.57_207.79,17.134512798782993,0.0,0.7268246155634968,419.02971123626105,372.1189226975106,46.91078853875041,8.90351181166784,3.566838864466064,5.336672947201777,NB
frame_za_207.79_207.98,42.12547821323297,0.0,-0.1248998580837432,416.1245644398456,369.0055148493775,47.11904959046814,49.5951164478103,25.515415961966127,24.07970048584417,NB
frame_du_207.98_208.07,69.58625298947669,0.0,-0.1917550361203066,411.3927813856353,366.3264552341337,45.06632615150164,1.176995952010273,0.8691989714377115,0.3077969805725615,NB
frame_o_208.07_208.1,73.51090721292931,0.0,-0.8889939762108112,395.3766998818796,354.89929906757794,40.47740081430169,0.7029794751224046,0.3722647713876199,0.3307147037347846,NB
frame_si_208.1_208.54,199.81638901711707,0.0,1.0366968272642796,411.8498389186552,358.6992241190643,53.15061479959098,264.7832849901613,115.99669007362536,148.78659491653596,NB
frame_de~_208.54_208.62,56.17370158420293,0.0,-0.6013931064999248,401.623241072466,359.4059024389397,42.21733863352631,114.75256140236782,59.629264178285936,55.12329722408188,NB
frame_tSi_208.62_208.75,98.325607027351,0.8499999999999943,-0.1317372186344705,398.5012573803294,356.59127351296536,41.90998386736402,15.004944589247678,4.575099543780311,10.429845045467369,TB
frame_nO_209.6_209.88,67.06722083804507,0.0,-0.7039815562171476,423.7145523863273,372.37074464571,51.34380774061731,166.61660036490312,81.29257069058787,85.32402967431526,NB
frame_sa_209.88_210.16,6.571191100233818,0.0,0.3558825949404862,421.35834019930286,373.1832213527282,48.17511884657466,79.58130401127175,62.73765197737322,16.843652033898536,NB
frame_vi_210.16_210.32,24.016010559109983,0.0,0.387566801764851,417.7151999143136,371.7186263449394,45.99657356937416,37.71698036439605,10.307063160017664,27.409917204378388,NB
frame_da_210.32_210.44,17.917863406295396,0.0,-0.4133693298982262,422.5789664389008,376.58576704495147,45.99319939394934,7.297585839298563,3.7669151289954073,3.530670710303156,NB
frame_E_210.44_210.47,11.19885690990452,0.0,-0.9692516666492228,405.3485151617533,363.3199146921274,42.02860046962587,0.930404168642582,0.4084425470217354,0.5219616216208465,NB
frame_u~_210.47_210.54,1.156008070429408,0.0,-0.3317721544805537,409.2281037103651,367.1246213773851,42.10348233297992,8.824320175569483,5.387770168253326,3.436550007316157,NB
frame_vi_210.54_210.7,14.352174450929482,0.0,-0.2615632237342087,420.4555676554732,373.021943371186,47.43362428428725,9.73299963828302,4.548066312760653,5.1849333255223655,NB
frame_a_210.7_210.88,12.198757787168203,0.0,0.6443520667549693,419.7848617694047,372.1651487706757,47.61971299872897,4.496486251713833,2.0104142569267083,2.4860719947871246,NB
frame_E_210.88_210.95,8.64177237334198,0.0,-0.5764592463936802,417.4644543460352,373.23887177953264,44.22558256650251,7.243754422409836,2.81086155729912,4.432892865110716,NB
frame_u~_210.95_210.98,7.8615495270391875,0.0,-0.5101718816479993,403.8886277967536,361.5557137216836,42.33291407507005,5.959166354538894,3.982268162469154,1.97689819206974,NB
frame_ma_210.98_211.16,89.2852959348389,0.0,-0.0287433674790066,420.2510861671451,373.09514778108087,47.15593838606418,20.88082679710872,8.543882554745352,12.336944242363366,NB
frame_vi_211.16_211.27,31.573340499898563,0.0,-0.3913892288339468,418.7284250371896,374.6092609408311,44.11916409635848,131.1855518079482,78.55615506985552,52.62939673809268,NB
frame_a_211.27_211.52,16.905786620599287,0.0,1.317447500988672,421.3514174536477,372.55390397747226,48.79751347617543,39.29225730524036,10.845020015110409,28.447237290129948,NB
frame_Ze~j~_211.52_211.72,15.626163315454022,0.0,-0.3636028774742484,411.7224116841392,364.3511459531813,47.37126573095787,16.16302754418504,7.387529156275008,8.775498387910034,NB
frame_pe_211.72_211.82,3.4329421248987444,0.0,-0.5140220581120002,418.9350440524055,374.88960518242106,44.045438869984366,7.146241238741709,5.647341720403006,1.4988995183387033,NB
frame_lu_211.82_212.0,17.561160853595027,0.0,0.5803447119669796,418.0225941201672,371.41826387443706,46.604330245730125,9.96090253153659,5.316671987040422,4.644230544496168,NB
frame_va_212.0_212.18,12.197899502564894,0.0,0.0674131231260032,421.1135774779199,373.0728233095699,48.04075416834996,14.455648538825017,5.608131140765295,8.847517398059722,NB
frame_li_212.18_212.29,7.656434084446829,0.0,-0.0019112135347324,416.7521473348532,374.0498911828476,42.70225615200559,4.2007464291111205,1.6124357059496504,2.58831072316147,NB
frame_dZi_212.29_212.36,18.089387417394505,0.0,-0.521215233933685,413.6129621132831,370.3280090133167,43.2849530999664,3.284165130178934,1.7865191012557773,1.4976460289231568,NB
frame_la_212.36_212.58,35.603736218102625,0.0,0.2597261043357496,417.4500799039736,369.3174124371342,48.13266746683945,13.132065458856914,7.440122648098537,5.691942810758377,NB
frame_gri~_212.58_212.67,52.74136224598385,0.0,-0.902905615767111,413.1759372217695,369.03904909608553,44.13688812568398,8.243993466344108,4.089577790630415,4.154415675713693,NB
frame_mas_212.67_212.76,58.82404804216566,0.0,-0.7979952923174458,413.06249717866064,368.7411510230984,44.3213461555622,4.813603027994304,2.8183028294861714,1.995300198508133,NB
frame_vo_212.76_212.82,387.4574639822085,0.0,-0.8889939762108112,412.2649478631933,369.00697927165,43.25796859154326,14.352868118914673,7.111647455102798,7.241220663811873,NB
frame_sejs_212.82_212.85,385.0396432178435,0.0,0.0,400.83428252417,358.32130003803934,42.51298248613068,3.61460009344296,1.8737413130538696,1.7408587803890896,NB
frame_Za_212.85_213.43,29.94374916311267,0.0,-0.8022140844976141,420.370459670064,360.90848046761874,59.46197920244521,32.942816685180176,17.215964335154354,15.726852350025824,TB
frame_na~w~_213.43_213.58,24.517474306890197,0.0,-0.4019083220613327,412.844195066853,374.6743898061016,38.1698052607515,13.213755072271825,8.35073571597519,4.863019356296633,NB
frame_ow_213.58_213.64,121.05253106826947,0.0,-0.8889939762108112,408.7009816606539,367.1313418938572,41.56963976679668,3.062538994909744,2.089336362227698,0.973202632682046,NB
frame_vi_213.64_213.71,21.15656153858129,0.0,-0.521215233933685,415.5726639112456,372.1422518883825,43.43041202286304,6.421226838887691,4.335700883616028,2.085525955271663,NB
frame_ra~w~_213.71_213.83,32.989236474710395,0.0,-0.4019083220613327,416.1236901058296,372.5208233705036,43.60286673532602,7.265052542120372,5.635209117836126,1.629843424284246,NB
frame_i_213.83_213.92,29.401762472114516,0.0,0.1279147915650057,415.1322412233689,371.9971621412524,43.13507908211642,30.81729581361452,9.987282557397805,20.83001325621672,NB
frame_su_213.92_214.01,19.054400405795548,0.0,-0.5778049101639497,408.7204214099572,364.99290848399977,43.727512925957456,56.69368416087383,36.84229562192672,19.851388538947106,NB
frame_te~j~_214.01_214.11,66.61397131075194,0.0,-0.7202882210127629,414.9122219523789,370.6338260918926,44.278395860486285,20.58863298491454,9.945869280639272,10.642763704275268,TB
frame_aw_214.11_214.17,12.306354409630645,0.0,-0.7979952923177192,418.0285679511412,374.3757562346284,43.652811716512815,51.573791016150864,25.850440398139824,25.72335061801104,NB
frame_gu~s_214.17_214.53,21.229351508768215,0.0,0.2926268906056962,418.9606023962834,368.0472603583586,50.91334203792479,16.680865125673847,9.57639770797661,7.104467417697236,NB
frame_ka_214.53_214.74,14.602403653036134,0.0,0.6443520667549693,421.3705121894293,374.33364740696766,47.03686478246164,23.67324526228961,17.106383629955474,6.566861632334138,NB
frame_tO_214.74_214.89,0.8231576958829692,0.0,-0.3737955165757492,419.8674255167199,376.6365127327923,43.23091278392758,27.030842576323124,15.233076646599017,11.797765929724108,NB
frame_li_214.89_214.98,5.210306653559314,0.0,-0.6510412390337921,415.6229580707762,372.6430155467745,42.97994252400184,5.519580112922654,3.470601966363944,2.04897814655871,NB
frame_kus_214.98_215.24,90.7214935887448,0.0,-0.4491216188161906,410.1391514687904,360.82408831422185,49.31506315456858,115.22806206019476,96.37611603509792,18.851946025096865,NB
frame_ki_215.24_215.36,52.00908069797423,0.0,0.1279147915653747,417.9920019561815,372.21690058003713,45.775101376144335,18.880672474381527,7.093796770024269,11.786875704357255,NB
frame_va~w~_215.36_216.21,30.4538213606819,0.0,-0.1306202046698435,422.8496094015429,355.6124043493815,67.23720505216141,186.3264952341304,110.69530373561832,75.63119149851207,NB
frame_a_216.21_216.26,0.9928330240849164,0.0,-0.6056823111079727,419.3776242225289,376.2124144795181,43.16520974301079,2.209416863480953,1.5144246921263118,0.6949921713546416,NB
frame_i_216.26_216.31,2.059535545216136,0.0,-0.3913892288339468,411.23074521695264,369.8060930697664,41.42465214718629,2.7182319783567266,0.7506715862547821,1.9675603921019444,NB
frame_gre_216.31_216.56,12.340434078379786,0.0,1.359226113396538,423.48542238950296,373.5250458629358,49.96037652656713,29.93838275579583,9.716229488381828,20.222153267414,NB
frame_Za_216.56_216.68,18.2922159672292,0.0,-0.7979952923174458,418.2118900534665,375.6714077960432,42.540482257423264,6.213488934131561,4.133598415814703,2.0798905183168586,NB
frame_a_216.68_216.73,22.31461363661228,0.0,-0.6056823111079727,405.688726087168,364.05784974661645,41.63087634055154,18.62830516524636,11.692615490230452,6.935689675015908,NB
frame_w_216.73_216.76,19.184458326465037,0.0,-0.5778049101639497,394.08685331819566,352.4034949239886,41.68335839420706,3.267739441492921,1.9098108410123305,1.3579286004805908,NB
frame_do_216.76_216.83,30.268444976842005,0.0,-0.8889939762108112,413.2518828382511,370.24120654157815,43.0106762966729,6.706014480574993,4.654574504552073,2.05143997602292,NB
frame_mi~_216.83_217.4,48.05174636784552,0.0,4.593450109766035,416.8926784045108,359.0214533648896,57.87122503962121,127.20027717097994,59.50629008753943,67.69398708344053,NB
frame_gu_217.4_217.46,12.473994765583086,0.8499999999999943,-0.5778049101639497,399.8362308548562,357.9607060007618,41.87552485409447,299.8594028087895,203.6881243934623,96.17127841532724,NB
frame_i_218.31_218.4,24.94025875595213,0.0,0.1279147915653747,421.929930303431,377.790628261152,44.13930204227904,24.084744053999813,7.582088218955135,16.502655835044678,NB
frame_ow_218.4_218.55,8.447568091874587,0.0,0.7197371159714051,422.98120331443454,378.5663827781737,44.41482053626089,14.950713776301145,3.624922798642984,11.325790977658158,NB
frame_ve~j~_218.55_218.69,12.644441700341474,0.0,-0.6013931065002627,414.2770382208718,368.4130862977213,45.86395192315052,5.803627949896708,3.7767035809957576,2.02692436890095,NB
frame_seR_218.69_218.99,3.163770682337031,0.0,0.9269380738177074,420.319077538605,369.8753832820935,50.44369425651155,38.19221639857236,19.237580408986247,18.95463598958611,NB
frame_mo~j~s_218.99_219.73,36.97856584732008,0.0,0.6410823200138605,418.464742707422,354.4187949525122,64.04594775490978,23.65898580824083,10.493157171257195,13.165828636983631,NB
frame_na~w~_219.73_219.91,99.48969009368642,0.0,-0.6731964394528219,412.46490682248486,365.9956815073696,46.469225315115295,1.337184622928909,0.5364960098821712,0.8006886130467379,NB
frame_E_219.91_219.97,83.67091154092745,0.0,-0.6746573514574961,413.6966437630828,370.0079921378404,43.68865162524236,68.01480834955015,38.40812510138648,29.606683248163684,NB
frame_Es_219.97_220.16,19.863816203439452,0.0,-0.1836668261378586,423.50067846526485,376.7550343314769,46.745644133788005,23.017519606026724,4.9456423754963055,18.07187723053042,TB
frame_ta_220.16_220.24,39.10066126030927,0.0,-0.7979952923174458,422.9877785288827,379.68759403193536,43.30018449694734,7.960310905954799,4.743295940318518,3.217014965636281,NB
frame_i_220.24_220.39,37.106036805441335,0.0,0.9068708221641724,413.16924310012496,369.5927826933305,43.57646040679447,7.793588416878293,3.847465725187504,3.946122691690789,NB
frame_d_220.39_220.44,235.54765962524175,0.0,0.0,423.8049901481038,379.4299848236384,44.37500532446546,10.604121929630026,5.17173503048258,5.4323868991474455,NB
frame_Eja_220.44_220.86,53.72489947683752,0.0,-0.3800630362657693,420.8612129585232,367.6847812914449,53.17643166707831,225.20868026605555,157.11953837313587,68.08914189291968,NB
frame_da_220.86_220.92,106.69108577515104,0.0,-0.7979952923174458,405.9353482994632,365.12575986645135,40.80958843301181,9.40390222412782,3.942591323670477,5.461310900457342,NB
frame_vi_220.92_221.05,25.15456550540165,0.0,-0.521215233933685,418.5566125107846,371.7292110972484,46.82740141353622,46.2400268320163,20.437026945318166,25.80299988669813,NB
frame_a_221.05_221.28,10.502029983086004,0.0,1.125134519778925,418.9076732719191,370.9896479621658,47.91802530975326,30.460619690658064,8.2343599522805,22.226259738377564,NB
frame_Ze~j~_221.28_221.54,42.69554839538243,0.0700000000000216,-0.4824979919870866,409.8707066992503,360.7411639058963,49.129542793354005,18.185183535220915,7.150407048248312,11.034776486972603,NB
frame_ew_221.61_221.78,3.9543366652251,0.0,-0.6581180713048072,420.2525775368235,374.1622619304132,46.090315606410286,8.60902192882233,3.4122537230796866,5.196768205742643,NB
frame_krej_221.78_222.04,36.67326034375407,0.0,-0.6581180713048072,420.6935165138651,374.018663600008,46.67485291385708,18.53380608112306,9.51755949179821,9.016246589324853,NB
frame_u_222.04_222.09,32.129127260245525,0.0,-0.3204383274680658,400.2183222732491,359.3144581626161,40.90386411063298,9.207631502296437,5.8215271386216045,3.386104363674832,NB
frame_ki_222.09_222.26,19.49304527692695,0.0,0.6472188119646962,421.0902310526352,373.7980522814878,47.29217877114746,22.41141426917744,11.390123128973327,11.021291140204111,NB
frame_te~_222.26_222.38,6.758910071634375,0.0,-0.1258126484482342,415.6944590559823,371.6972727669576,43.99718628902474,22.93894482669924,7.942278569802255,14.996666256896988,NB
frame_Ja_222.38_222.44,3.164544541550441,0.0,-0.7979952923174458,406.124585847551,364.0838487008761,42.04073714667487,24.3236703258236,12.869305967301813,11.454364358521786,NB
frame_u~_222.44_222.47,,0.0,-0.5101718816479993,391.2289263205246,350.27560951271573,40.95331680780885,,,,NB
frame_ma_222.47_222.55,11.093088579201805,0.0,-0.7979952923174458,421.1568490792241,376.9363989996824,44.220450079541706,2.600714105009928,1.071334407427031,1.5293796975828968,NB
frame_i~_222.55_222.58,13.09673367266825,0.0,-0.902905615767111,411.8698441352578,368.9491876670144,42.92065646824341,0.2502459565322112,0.1602853610606018,0.0899605954716094,NB
frame_poX_222.58_222.74,11.075220371397164,0.0,0.3622413177085209,413.0372023745285,367.65427902040943,45.38292335411904,99.84736935272574,65.22677344893529,34.620595903790445,NB
frame_ta~_222.74_222.89,78.83456615634097,0.0,0.4119560301123638,419.16685861083386,374.0941717617038,45.07268684912998,448.599684436953,321.3369661857949,127.2627182511581,NB
frame_sia_222.89_223.19,64.00541987731778,0.0,-0.3913892288343158,412.69148713325984,362.3288987584555,50.36258837480432,3.9978719198627175,2.324519871229853,1.6733520486328644,NB
frame_i~_223.19_223.22,76.28043912711777,0.0,-0.902905615767111,401.3469541508945,359.6081694928544,41.73878465804012,3.5828497411123124,1.24480717182513,2.3380425692871825,NB
frame_me~_223.22_223.39,12.007400616601728,0.0,-0.006917533935396,416.5714736060031,369.53166522553823,47.03980838046488,26.21263106562489,9.122477233333427,17.090153832291463,NB
frame_sa_223.39_224.24,61.17771862380917,0.0,0.6443520667549693,405.72225264804433,339.7951725671584,65.9270800808859,93.86057877424965,46.93709594301663,46.923482831233,NB
frame_e~j~_224.24_224.89,27.411799328564683,0.0,-0.839183335525939,421.0246627127043,360.570806942167,60.4538557705373,206.56241023695557,118.31324363942554,88.24916659753,NB
frame_to_224.89_225.08,44.00123095965085,0.0,1.255980813365477,424.7732489147616,377.5322698670713,47.2409790476903,22.62334911453181,9.56009380486151,13.063255309670296,NB
frame_das_225.08_225.23,22.07507915394089,0.0,-0.7979952923174458,416.1337167554,371.2790562715086,44.85466048389145,14.228842708729276,5.898597136106957,8.330245572622317,NB
frame_ajs_225.23_225.43,2.79211274564247,0.0,-0.701838801712436,415.0345480625343,368.6925244258807,46.34202363665361,21.830860390927512,13.823309470901703,8.007550920025807,NB
frame_mi_225.43_225.64,45.08529107435072,0.0,1.1665228323640178,416.0051730632711,370.45139185098674,45.55378121228438,22.12273268828852,10.197060966241082,11.92567172204744,NB
frame_to_225.64_225.74,9.921569735009228,0.0,-0.3527502788167391,422.5931157000955,377.1094182359117,45.48369746418388,6.0872503343397,3.5822286024484526,2.5050217318912478,NB
frame_lo_225.74_225.9,6.917178770605489,0.0,-0.1740023796855511,422.1155646493812,374.4269117416144,47.688652907766766,13.054625544066797,5.646322136294145,7.4083034077726495,NB
frame_Zi_225.9_226.26,9.859568775294548,0.0,0.387566801764851,422.6805290751604,369.3745861081496,53.305942967010765,100.70489234421731,31.54082234655823,69.1640699976591,NB
frame_as_226.26_226.49,35.69578805372433,0.0,-0.7979952923174458,404.86938712211287,359.3475212375252,45.52186588458767,144.1804121754114,60.43790593776376,83.74250623764763,NB
frame_ki_226.49_226.65,5.531269421004112,0.0,0.6472188119646962,414.8843283141146,368.4579378816784,46.42639043243622,11.447389741560729,6.472479071701287,4.97491066985944,NB
frame_i~_226.65_226.7,10.485396727973551,0.0,-0.6586231390769804,408.7000223137458,366.5692218500309,42.13080046371488,1.3747330481096751,0.7785178166223545,0.5962152314873208,NB
frame_flu_226.7_226.95,4.335280945439109,0.0,-0.3204383274684315,422.2006690264859,372.6293113559356,49.57135767055041,26.54178384918879,15.353225585686031,11.188558263502756,NB
frame_e~_226.95_227.05,28.10191533897799,0.0,-0.0069175339350581,417.6357224020432,372.966589998361,44.66913240368217,7.93223501625431,5.317634247846343,2.614600768407968,NB
frame_si_227.05_227.35,41.87946386696083,0.0,-0.5212152339340539,422.5894917666982,370.2164288067137,52.37306295998451,101.68559707186412,29.034028728541927,72.65156834332218,NB
frame_a_227.35_227.51,9.595788665242935,0.0,0.4520390855452228,420.35695408395554,373.0099601126159,47.34699397133966,14.09395054966376,5.593863769266648,8.500086780397112,NB
frame_ra~w~_227.51_227.93,31.571214573927108,0.8499999999999943,-0.4019083220613327,414.6440039873424,361.9987949369069,52.64520905043548,117.68016431700278,32.94472957731182,84.73543473969096,NB
frame_is_228.78_229.28,17.863827863229687,0.0,0.6472188119646962,423.77121826588734,366.82562457222014,56.945593693667206,130.8754984654508,29.480312550954324,101.39518591449648,NB
frame_tu_229.28_229.34,111.91757562060442,0.0,-0.5778049101639497,417.47466374518433,372.8026992469944,44.671964498189936,62.02347925882901,37.95143965197684,24.07203960685217,NB
frame_es_229.34_229.7,56.475034652137424,0.0,-0.5140220581120002,416.4703453379578,364.4579895969431,52.01235574101474,66.08954128144082,22.29606209420845,43.79347918723237,NB
frame_tSi_229.7_229.81,74.95005739343117,0.0,-0.0019112135343634,403.1940701570949,361.0926848502693,42.10138530682559,15.197903664751324,6.24205075369855,8.955852911052773,NB
frame_to_229.81_230.04,61.753630202718085,0.0,2.149720309021925,423.1844864619834,375.9285016170632,47.25598484492025,193.4028649910516,123.89517441094937,69.5076905801022,NB
frame_du_230.04_230.33,27.20706781132989,0.0,2.381910790837436,408.7028227947525,361.1662546993716,47.53656809538092,93.37772813352063,30.96974885950894,62.40797927401171,NB
frame_es_230.33_230.59,51.44038435207816,0.0,-0.8022140844976141,409.96377034045565,361.3906854723554,48.57308486810018,5.965018125328811,2.834105031008136,3.1309130943206758,NB
frame_tre_230.59_230.77,51.53386690586393,0.0,0.0623619946600466,424.0866270625402,376.88728084241166,47.19934622012846,58.70701391792866,24.81598307318245,33.89103084474621,NB
frame_ma_230.77_230.91,21.58898595112302,0.0,-0.4133693298982262,414.1581832358896,373.7584930897434,40.39969014614621,36.96662766861084,16.943479836775253,20.023147831835587,NB
frame_me~_230.91_231.1,75.78435010225388,0.0,0.2308726950906181,417.1608305721848,370.1658000312586,46.995030540926166,90.61061483329252,66.1332855787889,24.47732925450363,NB
frame_tSi_231.1_231.26,70.11809478919712,0.0,-0.1317372186344705,407.1285588485591,361.6578070908178,45.470751757741255,1.5052527232557082,0.7592808292650375,0.7459718939906708,NB
frame_ko~_231.26_231.52,35.8948208371483,0.0,0.841013077442018,419.6837101578112,371.2623029618703,48.4214071959409,18.9631635195496,15.41114061778464,3.552022901764957,NB
frame_plE_231.52_231.86,12.747440602059129,0.0,0.3073236991817789,420.7892239329267,369.5385406730511,51.25068325987564,33.63336633103074,10.538027393196728,23.09533893783401,NB
frame_ksu_231.86_232.37,56.18841908602028,1.1200000000000043,-0.5778049101639497,411.7759255316757,355.653353465878,56.122572065797726,3.481874412457074,1.4677853345987444,2.01408907785833,NB
frame_ki_233.49_233.58,4.951546101401846,0.0,-0.3913892288339468,422.0122335396325,377.49704998814144,44.51518355149108,12.3335805519678,2.7766157967631955,9.556964755204604,NB
frame_si_233.58_233.75,25.351457186091352,0.0,-0.6510412390337921,421.86294002122514,374.5645420109837,47.29839801024144,23.418298300559517,10.40121294746362,13.017085353095894,NB
frame_Sa~_233.75_234.1,33.246676715146265,0.0,0.4119560301127493,424.4964390274227,371.3447127269107,53.151726300512,371.1399283269648,326.1097203763404,45.0302079506244,NB
frame_ma_234.1_234.43,15.153263145183786,0.1299999999999954,1.4136039915936818,420.808071543994,370.33011370917984,50.477957834814106,23.815273584321943,6.796378876343681,17.018894707978262,NB
frame_a_234.56_234.63,95.86565908256506,0.0,-0.4133693298982262,418.4196526705608,373.5368783702707,44.88277430029007,0.4676227164054864,0.0675155927721533,0.4001071236333331,NB
frame_si_234.63_234.88,22.500620313968312,0.0,-0.3913892288343158,414.5596765600821,368.2654858957105,46.294190664371456,4.373319952799477,1.8137789017947057,2.559541051004772,NB
frame_vi_234.88_234.98,110.59769502969895,0.0,-0.3913892288343158,418.0745870168743,372.4762230143406,45.59836400253374,1.507090389276904,0.6192545247452159,0.887835864531688,NB
frame_li_234.98_235.08,1.1625000205295066,0.0,-0.3913892288339468,418.9932809725429,374.6811591546759,44.31212181786697,6.847191086639242,1.6410954387021093,5.206095647937133,NB
frame_za_235.08_235.24,12.997009198396285,0.0,-0.5095258205029628,422.8455555679016,375.63316937307445,47.21238619482716,27.17143686136012,14.110642209932394,13.060794651427727,NB
frame_sa~w~_235.24_235.51,4.485170617993276,0.0,-0.5375523807568846,420.2564101852059,371.7665738034739,48.489836381732005,30.08560780346491,4.757674354688675,25.32793344877624,NB
frame_o_235.51_235.56,6.051133336996941,0.0,-0.5314981779479272,407.89333358335057,366.4990893193927,41.39424426395789,1.21628487911795,0.8038642511814089,0.412420627936541,NB
frame_si_235.56_235.76,7.631369942960504,0.0,-0.2615632237342087,414.6150854876884,367.1790280220346,47.436057465653846,13.192444330457022,8.303144035835288,4.889300294621734,NB
frame_de~_235.76_236.01,9.115686211842956,0.0,1.0631384966811612,418.1235347495698,371.5025586018692,46.62097614770062,9.992252037332776,4.181815555606221,5.810436481726555,NB
frame_taw_236.01_236.34,75.69901143936724,2.0200000000000102,-0.5095258205029628,416.93727392522953,366.5916241442279,50.34564978100161,136.04772458523567,87.79986772253832,48.24785686269736,TB
frame_u~_238.36_238.43,0.9863368528394004,0.0,-0.3317721544805537,421.4701895555224,377.7849691059831,43.68522044953932,26.58316897365046,11.669917333694883,14.913251639955575,NB
frame_ma_238.43_238.6,35.477452420724404,0.0,-0.2210563486884798,424.4196196524844,377.6457060529953,46.77391359948911,15.160705713288792,3.6653582762675967,11.495347437021197,NB
frame_dajs_238.6_238.88,12.163367177410834,0.0,-0.5095258205029628,422.249794496273,373.1639166794724,49.08587781680069,17.093174398793423,6.024406226609017,11.068768172184406,NB
frame_pri~_238.88_239.06,7.466565696669932,0.0,-0.0479169473509595,422.1553826127744,374.3759988958696,47.77938371690488,34.308517053215866,20.03937676414733,14.269140289068533,NB
frame_mej_239.06_239.41,1.8535521673023252,0.0,-0.2258300317255672,422.2498708778034,369.8041962977732,52.445674580030186,48.77818651982702,22.344467154293312,26.433719365533705,NB
frame_ras_239.41_240.09,360.7620809748682,0.7299999999999898,-0.1248998580834699,415.8909759574669,356.22865202809794,59.66232392936894,47.51569143717808,18.56942848934761,28.946262947830466,NB
frame_O_240.82_241.11,18.228502129220573,0.0,1.4972587080610316,421.60023667431534,374.5762038627698,47.02403281154551,31.728629270297372,6.301946867800979,25.4266824024964,NB
frame_bras_241.11_241.63,328.1103676938439,0.0,-0.0287433674790066,415.5269664013866,358.4533121507979,57.07365425058868,112.44057606102768,53.14888474586349,59.2916913151642,NB
frame_li_241.63_241.82,9.20672987052518,0.0,0.7770448170644343,419.04325674017616,372.88542685358937,46.1578298865868,44.40173571482316,12.087049283233142,32.31468643159002,NB
frame_te_241.82_241.96,0.7399369957436193,0.0,0.2064580078528536,422.57419799123886,378.31922369927554,44.25497429196332,21.66672859041128,12.198779024440398,9.467949565970883,NB
frame_ra_241.96_242.24,35.29358098240368,0.0,1.2212910103839354,419.7618975482868,371.2706512448025,48.49124630348433,18.31234010729617,9.296697906053597,9.01564220124257,NB
frame_rias_242.24_242.94,5.197964488650825,0.0,-0.0019112135347324,410.2346109960183,350.44555769729163,59.78905329872674,200.5041321601096,91.67879387474976,108.82533828535983,NB
frame_ki_242.94_243.0,85.82643355345903,0.0,-0.6510412390337921,399.2571967928509,356.94914940006674,42.30804739278415,21.943475701794966,11.937423370164538,10.006052331630428,NB
frame_si_243.0_243.21,74.9274448112883,0.0,0.517392806864958,420.1401520625748,373.00723340343626,47.13291865913851,115.63275994783088,71.87355571636016,43.759204231470726,NB
frame_ko_243.21_243.32,21.63984203473529,0.0,-0.1740023796855511,422.0009991688521,377.84135263286856,44.15964653598354,16.29113020114079,9.004099877289377,7.287030323851411,NB
frame_Je_243.32_243.57,32.47271060567508,0.0,0.782842060624491,419.00742950553433,372.0876813755665,46.91974812996784,16.666121721152905,8.504880232074584,8.161241489078321,NB
frame_si_243.57_243.76,66.47029246023898,0.0,-0.3913892288343158,406.6019343824314,360.7186676357056,45.88326674672578,12.681805839501765,4.4276780273651895,8.254127812136574,NB
frame_da_243.76_243.83,51.96401871244738,0.0,-0.7979952923174458,420.0062837871456,376.0135659261516,43.992717860993935,1.3229620922922436,0.5553294337659338,0.7676326585263098,NB
frame_u~_243.83_243.92,21.15584388503555,0.0,-0.2425722908968942,414.9890780801563,370.9157331782216,44.07334490193466,187.21098478570605,87.52087637796333,99.69010840774273,NB
frame_ma_243.92_244.03,75.96948550331369,0.0,-0.6056823111076994,409.9819714686794,369.8094787250782,40.17249274360114,11.84031877384642,6.669597901254633,5.170720872591787,NB
frame_ni_244.03_244.19,81.77914500909802,0.0,-0.3913892288339468,411.5867918144294,366.10305432200585,45.48373749242359,5.709232532902803,2.8970796184452894,2.812152914457513,NB
frame_da_244.19_244.55,16.659734044424937,0.0,1.894386444617638,420.4181946258543,369.34310833057305,51.07508629528127,32.57525906259954,10.83557627962847,21.739682782971077,NB
frame_dZi_244.55_244.63,120.0578090052835,1.1299999999999957,-0.6510412390337921,404.26536013329,362.8117868392205,41.45357329406943,2.243419321051462,0.8288889089228206,1.4145304121286415,NB
frame_E_245.76_245.99,4.470116906063993,0.0,0.994710434629048,424.133420851226,375.5223632897513,48.611057561474695,41.11088505822522,14.983839985348824,26.1270450728764,NB
frame_a_245.99_246.02,10.522929379652112,0.0,-0.7979952923174458,412.29208146680605,369.4775164932223,42.81456497358374,3.42431320713672,1.8286075336452825,1.5957056734914374,NB
frame_e_246.02_246.16,13.19971312536157,0.0,0.782842060624491,416.8777765695354,372.35652419119367,44.52125237834173,8.23188949772441,3.910415438786714,4.321474058937696,NB
frame_po_246.16_246.42,1.3501931445965738,0.0,2.3284682081531134,420.3676634750042,372.0596891823291,48.30797429267511,17.807329566656733,11.265267082604057,6.542062484052678,NB
frame_pEj_246.42_246.81,20.51904173565029,0.0,-0.5764592463934011,422.1171109482035,369.0509239030356,53.06618704516791,24.138657465327583,8.36760361957377,15.771053845753812,NB
frame_a_246.81_246.86,16.658109258591907,0.0,-0.6056823111076994,406.86297792845824,365.4050581543478,41.45791977411045,4.15886884553305,3.1422389268435893,1.0166299186894605,NB
frame_dZi_246.86_247.09,7.588806080703478,0.0,1.5560008476639702,410.9968787144003,364.1808189792139,46.81605973518634,291.93858254805866,190.68568108503257,101.25290146302608,NB
frame_Ziwga~meS_247.09_248.18,2.540729714353631,2.4499999999999886,-0.0019112135343634,419.6477407583745,345.6849405208805,73.96280023749398,119.03510539654968,59.4115955178408,59.62350987870889,NB
frame_ki_250.63_251.33,29.69019970764674,0.6099999999999852,7.138519066957875,422.6531235028376,360.4893905406296,62.16373296220803,46.23982727374944,21.37502323468496,24.86480403906448,NB
frame_foj_251.94_252.09,0.1068354222511231,0.0,-0.5314981779479272,425.64527430329775,379.1220502459869,46.52322405731087,8.31484257310774,4.432319311417047,3.882523261690693,NB
frame_es_252.09_252.29,5.474408706737961,0.0,-0.6581180713048072,413.29456869119815,367.46147754432457,45.83309114687359,5.510654388784076,2.6931332592539547,2.817521129530121,NB
frame_kri_252.29_252.48,26.55262638105765,0.0,0.6472188119646962,417.49205926483614,371.47535805910206,46.01670120573414,40.114268959415,10.182625210977506,29.93164374843749,NB
frame_ta_252.48_252.54,206.67314094423105,0.0,-0.7979952923174458,420.2262897874758,376.182210300879,44.0440794865969,1.704053272362728,1.503540402884937,0.2005128694777909,NB
frame_e~j~_252.54_252.71,7.419906718321556,0.0,-0.006917533935396,416.20486320457314,369.1299381454877,47.0749250590855,14.609661044750766,10.54144422741689,4.068216817333877,NB
frame_li~_252.71_252.87,25.857386081127544,0.0,0.3185067676845834,417.900055455997,371.370061391894,46.52999406410305,13.733721582532269,4.815481447086739,8.91824013544553,NB
frame_gwa_252.87_252.96,9.868940436682578,0.0,-0.7979952923174458,422.2870927808567,378.0568473158913,44.23024546496538,4.920181101703207,1.7167639096981304,3.2034171920050767,NB
frame_a_252.96_253.05,8.9955025066553,0.0,-0.2210563486884798,417.5149284341894,375.3472707253194,42.16765770887002,7.27348716183505,3.5419988494947177,3.731488312340332,NB
frame_si_253.05_253.43,49.12374960708763,0.0,-0.0019112135343634,413.9735861522196,362.0338958737335,51.939690278486125,23.51124262809418,7.40242374611222,16.10881888198196,NB
frame_ria_253.43_253.55,10.974163877185674,0.0,-0.2615632237342087,421.6725316643741,375.7146914822391,45.95784018213493,38.005760100574605,22.59499028872969,15.410769811844917,NB
frame_si_253.55_253.75,4.054842623362106,0.0,-0.6510412390337921,410.5676753373352,364.1077374896928,46.45993784764244,4.34364118525059,2.995747192215134,1.3478939930354557,NB
frame_na~w~_253.75_253.87,17.75477391001911,0.0,-0.5375523807568846,421.33597661177095,376.3791868626709,44.956789749100096,7.32398902707186,3.0442756829916107,4.27971334408025,NB
frame_mi_253.87_253.93,97.00399473212676,0.0,-0.6510412390337921,411.747876302605,367.7055152952734,44.04236100733158,0.2103516534704894,0.1278913100614929,0.0824603434089965,NB
frame_e~_253.93_254.02,104.62900082684972,0.0,-0.1258126484482342,411.4586485796495,366.82455415719016,44.63409442245933,2.240541007056251,1.606551302868752,0.6339897041874991,NB
frame_ga~_254.02_254.15,417.0800945679226,0.0,-0.4019083220613327,422.72299217041376,377.6495118028637,45.07348036755002,107.39373395154075,43.49147151292823,63.90226243861253,NB
frame_nu_254.15_254.22,9.4855811763301,0.0,-0.5778049101639497,412.74744231031184,369.5995415074014,43.14790080291044,5.7712595214177895,3.241993465986696,2.529266055431094,NB
frame_ow_254.22_254.28,14.806826994807665,0.0,-0.8889939762108112,412.4290688771396,368.9545573898591,43.474511487280495,1.243075741004617,0.8361289157718659,0.406946825232751,NB
frame_su~_254.28_254.48,10.616769060441698,0.0,-0.5101718816479993,413.96061134118776,366.4944160425803,47.46619529860743,4.169067477628204,2.6010407356431244,1.5680267419850793,NB
frame_me_254.48_254.59,20.42642726555681,0.0,-0.0817340185327602,419.133722697254,374.65669894993,44.47702374732398,13.883582575397526,6.992726892964441,6.890855682433084,NB
frame_ri_254.59_254.71,24.68666233123423,0.0,0.1279147915653747,423.71472431268273,377.2908421149692,46.42388219771351,7.050503342203825,2.9871408833234057,4.06336245888042,NB
frame_a~_254.71_254.76,22.73151061584926,0.0,-0.5375523807572701,421.4045684059089,378.3990321887605,43.0055362171484,0.5850882577561549,0.2205491191237456,0.3645391386324093,NB
frame_na_254.76_254.82,91.9159458823186,0.0,-0.7979952923174458,411.7914324313168,369.88504740666826,41.9063850246485,0.760742506554223,0.3954797890115742,0.3652627175426488,NB
frame_ew_254.82_254.88,41.80638305142527,0.0,-0.8022140844976141,411.7112624734928,369.2073715775933,42.50389089589942,1.008552278893518,0.750840094566442,0.257712184327076,NB
frame_na~w~_254.88_254.97,42.277992183104445,0.0,-0.8088404981483738,412.2689579810327,368.5706725918138,43.69828538921888,2.9060982174891734,1.3335499492076366,1.5725482682815368,NB
frame_sej_254.97_255.14,20.39522153954249,0.0,-0.8022140844976141,417.49093128199394,371.0720497665712,46.4188815154227,18.31294294902534,10.292929516332263,8.020013432693077,NB
frame_e~j~_255.14_255.2,23.327996430626456,0.0,-0.839183335525939,411.72749642140735,369.8730766123329,41.85441980907444,0.6251651690251947,0.4778473974654105,0.1473177715597842,NB
frame_ki_255.2_255.29,57.40403353201246,0.0,-0.2615632237342087,413.2563825498149,369.6266539696516,43.62972858016332,85.69063408119766,37.18261268883161,48.50802139236605,NB
frame_dZi_255.29_255.37,26.54894018989586,0.0,-0.5212152339340539,419.4191331242156,376.6995525197791,42.71958060443649,11.937055837357704,4.608850158020488,7.328205679337216,NB
frame_a_255.37_255.49,24.84568428587687,0.0,0.0674131231260032,421.2797311994637,376.86258523032825,44.41714596913539,1.8158958742175455,0.7734192329204177,1.042476641297128,NB
frame_bu_255.49_255.55,26.08690163827617,0.0,-0.5778049101639497,414.8436348765582,371.3379574428287,43.50567743372949,2.1518031204818726,1.1526386558551849,0.9991644646266876,NB
frame_dZi_255.55_255.61,48.91686778788764,0.0,-0.6510412390337921,408.6115251372906,366.3669043364122,42.24462080087847,147.19717104674672,51.85575265392711,95.3414183928196,NB
frame_li~_255.61_255.69,24.59012256769861,0.0,-0.6586231390766333,407.3371481599335,366.1899230408359,41.14722511909764,3.844584229115696,1.5549707749726736,2.289613454143023,NB
frame_gwa_255.69_255.8,23.10083957201357,0.0,-0.7979952923174458,418.3487507780786,373.210681400043,45.1380693780356,4.546783602045309,2.253503913072649,2.2932796889726603,NB
frame_foj_255.8_255.91,19.61359408292768,0.0,-0.8889939762108112,417.9301404246633,375.01359281956974,42.91654760509351,6.854261811473293,4.748183623514336,2.106078187958957,NB
frame_es_255.91_256.26,60.37230838682714,0.0,-0.3699260449187837,415.9662753709341,364.79591390467465,51.17036146625941,146.22005991296734,56.92399107184369,89.29606884112366,NB
frame_kri_256.26_256.39,31.492710450446765,0.0,-0.1317372186344705,409.9454244065122,364.8056544218553,45.13976998465688,5.282270685406658,3.0469048141610244,2.2353658712456337,NB
frame_ta_256.39_256.5,75.91440792483971,0.5199999999999818,-0.3172128392934896,412.6623484478583,367.10233852369134,45.56000992416693,14.856886529907117,9.028892075942425,5.827994453964692,TB
frame_i_257.02_257.12,35.83684809686778,0.0,0.2577407966654818,416.587396028635,373.0898566280944,43.49753940054063,160.79405705906734,93.48436936380868,67.30968769525867,NB
frame_ki_257.12_257.2,8.92188280581422,0.0,-0.5212152339344229,423.8407987825297,379.0599930956983,44.78080568683134,8.59598125951257,2.132642759521275,6.463338499991295,NB
frame_a_257.2_257.24,10.231088933248373,0.0,-0.701838801712436,417.782404831017,374.9822399746223,42.8001648563947,1.076884263758501,0.4913367240899333,0.5855475396685677,NB
frame_li_257.24_257.35,19.431979397111636,0.0,-0.2615632237342087,422.3799987898475,376.67706887750745,45.70292991234004,25.273881189127707,11.115066551669202,14.158814637458503,NB
frame_ajs_257.35_257.49,28.311712942995456,0.0,-0.3172128392934896,421.5314116085635,376.4452620753975,45.08614953316601,1.8650077010709936,0.972207067329208,0.8928006337417855,NB
frame_a_257.49_257.65,31.90280762599164,0.0,0.4520390855449495,421.5269389882561,374.9228312998922,46.60410768836391,101.05129588860882,74.20409909742799,26.847196791180835,NB
frame_tE_257.65_257.76,20.068592061431676,0.0,-0.5764592463936802,417.9486995135627,373.9275374024512,44.02116211111155,15.992656250824297,8.937467540452701,7.055188710371596,NB
frame_o_257.76_257.91,15.201947195471377,0.0,1.255980813365985,420.3968702689063,373.8208675133624,46.57600275554387,26.305394544140853,13.356902872102635,12.948491672038216,NB
frame_Zi_257.91_258.0,20.54669520537246,0.0,-0.651041239034161,406.6699613500929,363.8306566662861,42.8393046838068,9.626623966880205,4.830070681760731,4.796553285119472,NB
frame_si_258.0_258.78,20.48248912096716,0.0,5.061302985359482,419.93282165506815,355.0657431299172,64.86707852515099,164.56939593930332,98.6485485523396,65.92084738696373,NB
frame_le_258.78_258.84,112.7675943387089,0.0,-0.8022140844980237,401.169046776724,359.6135653286152,41.555481448108765,0.2107755641970001,0.0719195888535395,0.1388559753434606,NB
frame_ko~_258.84_258.9,78.04894093775783,0.0,-1.0583291181247685,406.20404952354505,364.989204364007,41.21484515953807,17.349642100892368,8.503758934687994,8.845883166204374,NB
frame_a_258.9_259.03,34.398236925844145,0.0,0.1635696137307398,414.8699029208302,371.05852339529895,43.81137952553127,8.303205098301078,2.276282626338258,6.02692247196282,NB
frame_gra_259.03_259.33,64.67519425751155,0.0,0.9328215385691788,415.4712479314036,366.71270942461433,48.75853850678919,9.96837139142663,5.199559627266709,4.768811764159921,NB
frame_du_259.33_259.39,82.49216127189776,2.480000000000018,-0.5778049101643155,399.56800367372,358.9102257230404,40.65777795067953,56.60079705155957,29.92835208902976,26.672444962529816,TB
frame_e~j~_261.87_262.03,58.76791857381704,0.0,-0.7202882210127629,407.2747275181747,360.9449657447584,46.32976177341635,4.079289072421517,3.0309326269358507,1.0483564454856662,NB
frame_ki_262.03_262.59,32.2557527246764,0.0,5.580607005759172,424.7276966263437,365.8912927980385,58.83640382830515,380.6422199201106,331.6111575775564,49.03106234255424,NB
frame_a_262.59_262.65,400.3828767764813,0.9600000000000364,-0.5095258205029628,423.67166140220894,379.7401283714509,43.93153303075809,28.64781241473736,8.919468804061466,19.728343610675893,NB
frame_Ziwga~meS_263.61_264.19,4.455160400567053,0.0,-0.3913892288339468,419.7243110307942,364.0575300800381,55.666780950756106,116.21152023503532,57.9927897141452,58.21873052089012,NB
frame_te~j~_264.19_264.33,1.832638445043358,0.0,-0.6013931064999248,423.53366562861777,377.4969780105015,46.03668761811628,12.119631988218543,9.535684423558736,2.583947564659809,NB
frame_u~_264.33_264.51,10.184617127040354,0.0,0.1588270952300802,419.6714149836416,371.9662347463494,47.70518023729216,10.209000298306364,5.696884044498148,4.512116253808216,NB
frame_a_264.51_264.61,19.07813677938762,0.0,-0.1248998580834699,420.2157324538109,376.0475678180652,44.16816463574571,4.2245198368025285,2.242793426603356,1.9817264101991725,NB
frame_mi_264.61_264.71,12.670131756851134,0.0,-0.651041239034161,413.6173821038788,368.64921596847097,44.96816613540784,10.929890631742891,5.68547006546595,5.244420566276943,NB
frame_gu_264.71_264.82,40.30976634154757,0.0,-0.0630717447725475,412.4166812548039,367.8780960477814,44.53858520702244,32.17635266549996,12.834244299552864,19.342108365947094,NB
frame_ki_264.82_264.99,123.94588488086237,0.0,0.7770448170644343,415.63133248502106,370.59464384514905,45.03668863987201,27.655900614687937,14.591709779934147,13.064190834753788,NB
frame_Sa_264.99_265.18,17.784151874023962,0.0,-0.7979952923171725,421.33736509847006,373.5054363063094,47.83192879216068,13.536505030740043,7.315798627022332,6.220706403717713,NB
frame_ma_265.18_265.28,26.799426649615526,0.0,-0.605682311108246,418.4699136457439,375.2903988446252,43.17951480111867,2.1621584623239585,1.068276489964063,1.0938819723598954,NB
frame_zi_265.28_265.54,17.246594630655835,0.0,0.517392806864958,419.1314728416952,369.7607286120723,49.37074422962292,14.839817936779468,5.659017282783481,9.180800653995988,NB
frame_e~_265.54_265.59,14.2002025091775,0.0,-0.6013931065006006,402.73437919658943,361.5773160741722,41.15706312241724,0.9154639097152142,0.5895022097639924,0.3259616999512218,NB
frame_ki_265.59_265.78,20.24252382110825,0.0,0.5173928068642201,416.86005687768426,371.11121120996165,45.748845667722605,7.255484044008796,3.781437942998849,3.4740461010099466,NB
frame_du_265.78_266.04,114.16124939025308,0.0,1.7384943340982746,418.0198961459335,371.3381544734617,46.68174167247179,247.26617538207435,103.10533295463024,144.16084242744412,NB
frame_e_266.04_266.12,23.358468962615746,0.0,-0.0817340185331698,421.2679576344266,377.8914354877541,43.37652214667253,4.665561124683762,0.8673698176235689,3.798191307060194,NB
frame_si_266.12_266.29,19.09071886592153,0.0,-0.651041239033423,421.4792704746488,373.9981468736321,47.48112360101669,19.91272105901433,11.09338627850795,8.81933478050638,NB
frame_a_266.29_266.39,19.050982615520866,0.0,-0.1248998580840165,414.527155916972,371.2337580611894,43.29339785578253,4.468427517875568,2.14661104902504,2.3218164688505283,NB
frame_mi_266.39_266.56,17.91818253980452,0.0,0.7770448170644343,416.69948295058833,370.3480698679331,46.351413082655256,40.49591751683437,13.050820978867703,27.445096537966663,NB
frame_gu_266.56_266.75,15.782813002047533,0.6399999999999864,0.8377112946624977,422.1749079401798,375.59908782335486,46.57582011682496,24.201114790393547,8.93197221808282,15.269142572310727,NB
frame_e_267.39_267.75,28.80089373506908,0.0,3.9529543508695206,424.4296960666745,372.231990553708,52.197705512966536,45.00674261440045,12.260236215448742,32.74650639895171,NB
frame_ra_267.75_267.89,4.325919432596322,0.0,-0.7018388017129825,419.9042760716138,373.8092530932474,46.09502297836645,8.54300466099923,4.949613665159745,3.593390995839485,NB
frame_i~_267.89_267.93,4.677735240876046,0.0,-0.7807643774216986,418.2806986169789,375.1799403575803,43.10075825939862,0.3958162751384293,0.1850180843538282,0.210798190784601,NB
frame_moX_267.93_268.15,6.349615943871413,0.0,1.0772329142347972,415.8436109777449,369.1425354724509,46.70107550529406,9.773077110858509,3.92496187189272,5.848115238965789,NB
frame_taw_268.15_268.37,58.82423081070799,1.3100000000000025,-0.701838801712436,414.73550398633967,368.1067232980445,46.62878068829514,14.755746395709991,7.666217475924085,7.089528919785906,TB
frame_i_269.68_269.76,16.82314412367188,0.0,-0.0019112135347324,425.2124013514725,379.4566791090725,45.7557222424,15.446682802341115,6.301495860628933,9.145186941712184,NB
frame_E_269.76_269.93,7.76525518994805,0.0,0.4055218042455947,423.2685185024547,375.9338593893808,47.33465911307388,16.791502540902826,4.433044237734293,12.358458303168533,NB
frame_la_269.93_270.01,3.3862695998047627,0.0,-0.6056823111076994,410.9340888585772,368.3882748693589,42.54581398921829,8.063669198226847,4.092685243665216,3.970983954561632,NB
frame_tSi~_270.01_270.12,50.10494569065389,0.0,-0.6586231390766333,407.4733234308136,363.77109129650097,43.70223213431257,118.99412965383232,71.26486509408807,47.72926455974425,NB
frame_Ja_270.12_270.19,12.950158803707067,0.0,-0.7979952923177192,418.56921051138033,375.6091503986769,42.960060112703445,3.561519938609223,1.5046356093389477,2.056884329270275,NB
frame_a_270.19_270.22,1.2281938548378832,0.0,-0.7979952923171725,401.6654261078289,359.20809963602414,42.45732647180472,1.4694189187884774,0.7778799176961684,0.691539001092309,NB
frame_si~_270.22_270.56,1.2698740127112558,0.0,-0.902905615766764,413.9694756319474,361.877368625684,52.09210700626341,18.63708031734646,8.352981997658361,10.284098319688098,NB
frame_pli_270.56_270.65,5.115385234420501,0.0,-0.651041239034161,417.41463465588936,372.557119664962,44.857514990927314,5.563459487670031,3.245598202197897,2.3178612854721337,NB
frame_si_270.65_270.9,19.38436676446875,0.0,0.2577407966647438,416.52131899821535,367.0912887430853,49.43003025513002,146.40114317240355,110.14223243858814,36.25891073381541,NB
frame_da_270.9_271.17,10.962935666039556,0.0,1.028978029174462,418.3222428227628,370.462407316962,47.859835505800845,20.56494516304696,9.617390041847472,10.947555121199484,NB
frame_dZi_271.17_271.23,3.897180253671991,0.0,-0.651041239033423,406.5124214710319,364.7579146825396,41.75450678849228,9.25098421947004,4.216177230386847,5.034806989083194,NB
frame_dujs_271.23_271.42,22.874597913880336,0.0,-0.1917550361203066,419.9203899821144,371.6860721780038,48.23431780411062,16.22883722951954,6.298368918740721,9.93046831077882,NB
frame_a_271.42_271.48,19.622405377013,0.0,-0.5095258205029628,419.12958791367015,375.7014496180739,43.42813829559623,1.2511968744967137,0.8162836335818895,0.434913240914824,NB
frame_ni~_271.48_271.6,23.781521071141725,0.0,-0.292199424040743,415.5428817761092,369.5378758434946,46.00500593261461,6.787707950257499,2.9169516736587866,3.870756276598712,NB
frame_majs_271.6_272.37,75.23835050532531,0.5799999999999841,0.9328215385691788,412.6310807632244,350.6647082396939,61.96637252353054,56.83327542025347,20.136595945508237,36.69667947474524,TB
frame_dZi_272.95_273.07,136.02681710860622,0.0,-0.0019112135347324,410.3345581762816,368.0539177793255,42.28064039695613,28.104989401706348,11.764599433040246,16.340389968666102,NB
frame_Re_273.07_273.36,5.497838931550774,0.0,2.223802192554199,419.2207559063425,373.250559938497,45.97019596784543,28.578296925238817,7.779788206834269,20.79850871840455,NB
frame_pe~_273.36_273.54,29.06412071888144,0.0,0.5875580386298085,420.0544609272598,374.6326661277179,45.421794799541885,7.002430023687651,2.979937923964144,4.022492099723507,NB
frame_tSi_273.54_273.6,42.39955410294519,0.0,-0.651041239033423,416.438567469501,372.1080978099309,44.3304696595701,3.849849274522512,1.0258147402670377,2.8240345342554747,NB
frame_e_273.6_273.63,41.949864402803286,0.0,-0.8022140844980237,399.772663612147,358.5262069319186,41.24645668022845,4.369140006140952,2.5375897072501914,1.831550298890761,NB
frame_li_273.63_273.76,29.188884412251557,0.0,0.2577407966647438,415.8784793284319,372.0477116718185,43.83076765661343,4.432063400248154,2.272846546817078,2.159216853431076,NB
frame_ko_273.76_273.87,8.350072409769865,0.0,-0.3527502788167391,420.87712384478766,374.6087788435922,46.26834500119543,23.833468006181647,16.471102883251916,7.362365122929731,NB
frame_Je_273.87_274.08,59.45606138295244,0.0,0.2064580078524441,415.41427429523503,367.3891945553832,48.02507973985189,428.1403188469402,351.87581448129873,76.26450436564147,NB
frame_si_274.08_274.24,9.264810741108278,0.0,-0.651041239033423,416.2137941956629,369.7971466679701,46.41664752769282,1.457949854984406,1.0067678448705522,0.4511820101138539,NB
frame_a_274.24_274.29,21.638294849037397,0.0,-0.6056823111076994,411.1556006556479,369.62746515871794,41.52813549692991,1.5295092416395022,1.0686800568843324,0.4608291847551697,NB
frame_muLE_274.29_274.68,11.19209717370964,0.0,-0.3204383274680658,419.6430798226101,365.9644355054345,53.67864431717561,45.52159325287097,26.778550918367984,18.743042334502988,NB
frame_X_274.68_274.71,11.255299083214936,0.0,0.0,408.861730507132,365.6495155419321,43.21221496519985,4.541778887587526,3.3820494041688107,1.1597294834187153,NB
frame_i_274.71_274.79,4.413232904733974,0.0,-0.0019112135339944,415.1893671421837,371.8107447864946,43.37862235568901,7.861871633963744,4.852906466590582,3.0089651673731623,NB
frame_a_274.79_274.84,6.392172489741597,0.0,-0.605682311108246,408.4936812110473,366.3730631416376,42.12061806940977,2.6791185309638195,1.522847424309731,1.1562711066540885,NB
frame_tra_274.84_274.97,21.956960590445576,0.0,-0.6056823111076994,417.0721236592061,371.82306629387136,45.24905736533475,7.788266310192654,2.8923318063792323,4.895934503813422,NB
frame_vEjs_274.97_275.19,8.456009522843033,0.0,-0.1836668261378586,419.2237006852548,373.3542830089762,45.8694176762786,4.816716603017767,1.6687056788900918,3.148010924127675,NB
frame_da_275.19_275.26,18.791701083371407,0.0,-0.7018388017129825,416.5558528584047,373.00402965971296,43.55182319869169,4.766068669383103,2.0871916655248697,2.678877003858233,NB
frame_muLE_275.26_275.81,40.79571103312904,0.0,-0.5778049101643155,418.300210313457,362.3409438981291,55.95926641532788,566.0689530940926,439.3430922230588,126.72586087103386,NB
frame_X_275.81_275.84,,0.5200000000000387,0.0,387.36561739547847,347.0300194350344,40.33559796044409,,,,NB
frame_a_276.36_276.53,38.53152604966874,0.0,0.5481955761496861,419.9399660290487,373.1454779355221,46.794488093526525,6.961176606772611,2.5512830706882426,4.409893536084368,NB
frame_do_276.53_276.66,60.965461915999015,0.0,-0.5314981779479272,424.245710339198,378.1372461347473,46.10846420445069,326.19856638912023,221.0843596598361,105.11420672928408,NB
frame_e~_276.66_276.83,2.291805816362995,0.0,0.825348267654809,422.3115169621612,374.9829622812717,47.328554680889454,10.801914647380926,5.344020333627242,5.457894313753684,NB
frame_sa_276.83_277.1,17.497502297570264,0.0,-0.1248998580834699,419.7186545410782,370.2046293804419,49.51402516063632,35.58654441070345,16.277804039263685,19.308740371439768,NB
frame_a_277.1_277.14,38.39315942754054,0.0,-0.7018388017129825,405.67396574443165,364.2104560385982,41.463509705833474,1.3933740166523734,0.9796540286793772,0.4137199879729962,NB
frame_mOX_277.14_277.59,23.979100199765384,0.0,0.506700589135585,420.5675529379784,365.20572079059326,55.36183214738509,525.9129671033286,455.4866568129695,70.42631029035907,NB
frame_tSi_277.59_277.67,67.6082836750856,0.0,-0.521215233933685,408.560495742846,366.2022020944772,42.35829364836877,41.618611942097175,25.050913140890643,16.567698801206532,NB
frame_sa~w~_277.67_278.14,10.246544504312824,0.0,-0.5375523807568846,424.3027266865229,367.8775606560392,56.42516603048358,28.476199038325262,17.73623424148002,10.739964796845245,TB
frame_le~_278.14_278.45,41.57884964478097,0.0,1.5387189547325135,414.57514980340864,367.7104559895025,46.86469381390612,63.06377395507224,19.61308774600866,43.450686209063576,NB
frame_das_278.45_279.07,31.221400881546515,0.3700000000000045,-0.2210563486882065,419.7490618939744,361.56944516162207,58.17961673235237,14.194311595879697,4.113430238507277,10.08088135737242,NB
frame_ki_279.44_279.61,1.1288488582245009,0.1399999999999863,0.1279147915657436,416.3392115164355,370.9818890814849,45.35732243495062,65.65588421916136,15.733461147959504,49.92242307120186,NB
frame_pre_279.75_280.03,52.81636690428451,0.0,1.2151301002029118,424.747681629909,374.6976804923876,50.05000113752146,28.30829367085749,11.79543861676251,16.512855054094985,NB
frame_e_280.03_280.19,39.63699114136145,0.0,1.071034087010924,412.7609141439379,366.9997403889242,45.76117375501372,30.510557011631363,15.38127752114994,15.129279490481425,NB
frame_zis_280.19_280.75,88.4709834391681,0.0,-0.651041239033423,408.5884045723673,350.9316839144535,57.65672065791381,2.299660383811826,1.100406936417187,1.1992534473946392,NB
frame_tSi_280.75_280.87,39.758025903660354,0.0,0.1279147915657436,416.8262837730993,371.1192043534583,45.70707941964099,12.934791145980284,3.678480795616963,9.256310350363322,NB
frame_ra~w~_280.87_281.03,26.402365917043767,0.0,-0.4019083220613327,422.8859949072973,375.1483040283549,47.73769087894237,15.26691640770892,8.348051935662511,6.918864472046408,NB
frame_a_281.03_281.08,11.061214802951724,0.0,-0.6056823111076994,418.47891027183897,375.847183068381,42.6317272034579,2.4547364243314576,1.5384779175128358,0.9162585068186218,NB
frame_e_281.08_281.15,8.302601494139111,0.0,-0.2258300317259767,416.9928244060387,374.5839135435239,42.4089108625148,5.42735770558744,3.378324812326809,2.0490328932606303,NB
frame_la_281.15_281.32,2.121765891597392,0.0,-0.2210563486887531,418.0874577856372,372.5500207086623,45.537437076974925,12.514597847088822,5.729481582835888,6.785116264252935,NB
frame_bo_281.32_281.41,15.942020110822,0.0,-0.3527502788167391,416.50917602379207,374.4562378737937,42.05293814999834,8.176808994003892,2.9755470139721183,5.201261980031774,NB
frame_ra_281.41_281.53,28.146517819521108,0.0,-0.3172128392934896,412.3538407510692,370.4526025220392,41.90123822902996,12.058714971242182,7.204134387457458,4.854580583784724,NB
frame_sa~w~_281.53_281.83,1.4986198717815569,0.0,-0.8088404981479883,415.8347174174419,366.583311765378,49.25140565206391,5.183247614319811,2.9761960985259464,2.2070515157938644,NB
frame_da_281.83_282.04,6.981803315358121,0.0,0.5481955761502326,414.60599620600914,369.16668911548,45.43930709052916,13.34795819156247,8.525486304793503,4.822471886768966,NB
frame_bi_282.04_282.24,14.70873302370856,0.0,1.0366968272646486,412.4530900572885,364.4870784702138,47.96601158707466,45.025810615533175,17.628184497294,27.39762611823917,NB
frame_blia_282.24_282.8,19.84917570438398,0.0,-0.3913892288339468,415.1223022403274,357.4913661392512,57.63093610107609,176.71585153947598,135.43116207066163,41.28468946881436,NB
frame_i_282.8_282.85,62.15001798242389,0.0,-0.3913892288339468,408.1676124635071,366.7726141528386,41.39499831066843,6.428743234045982,1.786833352371076,4.641909881674906,NB
frame_tSi_282.85_283.0,30.51621607959368,0.0,-0.3913892288339468,418.5690808123901,371.94988234330384,46.61919846908626,35.49595069725821,9.748964418763508,25.746986278494703,NB
frame_ve_283.0_283.13,3.556686624533967,0.0,-0.3699260449187837,424.0438493180728,378.0261448802439,46.01770443782891,31.129042736417148,7.243368686890051,23.885674049527097,NB
frame_ra~w~_283.13_283.24,5.274482338260015,0.0,-0.5375523807576557,418.04653292434784,373.4086338501491,44.63789907419874,14.391614965324862,7.921963867002148,6.469651098322714,NB
frame_u~_283.24_283.35,0.0441298284399351,0.0,-0.1533724273129812,415.24385510707776,370.1951683659416,45.04868674113612,3.3559718201004216,1.7591628244155686,1.596808995684853,NB
frame_ma_283.35_283.44,3.660373843777336,0.0,-0.5095258205029628,404.2689446598517,361.7987219256944,42.47022273415735,2.598128486036728,1.7138212295904791,0.8843072564462489,NB
frame_i~_283.44_283.47,3.0440989288235016,0.0,-0.902905615766764,393.251960897161,351.5534224328577,41.69853846430328,4.9975572851298296,2.62228795900711,2.37526932612272,NB
frame_flu_283.47_283.64,1.404913325453009,0.0,0.0656115465752116,420.3181166296902,373.9680233798811,46.35009324980911,24.842148375032792,15.08118958816533,9.760958786867462,NB
frame_e~_283.64_283.68,1.212689227434879,0.0,-0.7202882210127629,408.36671342349695,365.5596867331293,42.80702669036765,3.725770010848549,1.7251823673444164,2.000587643504133,NB
frame_sia_283.68_283.84,5.213192935832325,0.0,-0.651041239033423,414.665671140044,368.6314905268946,46.034180613149374,16.5962703629296,6.913283274342945,9.682987088586655,NB
frame_muj~_283.84_283.96,7.644998331958561,0.0,-0.5778049101643155,414.6078998930054,370.7858808125943,43.82201908041117,4.811753557414875,1.8380909999414143,2.9736625574734603,NB
frame_tu_283.96_284.07,20.7202589264534,0.0,-0.0630717447725475,415.82816294336254,372.2989806302434,43.52918231311912,14.861252768732612,6.462504769142953,8.39874799958966,NB
frame_gra~_284.07_284.2,17.141050717930284,0.0,-0.5375523807568846,419.3175970669094,372.6676173719179,46.64997969499149,23.535092337964272,10.86546036019172,12.669631977772552,NB
frame_dZi_284.2_284.27,10.496206197307371,0.0,-0.5212152339344229,411.5180703217986,368.2485995752397,43.26947074655891,3.2117522029707857,0.8816155553789145,2.3301366475918712,NB
frame_so_284.27_284.4,9.642607982548212,0.0,-0.8889939762113193,416.2288036305355,371.1292754357056,45.099528194829816,7.5069409578494515,4.514694914676596,2.9922460431728557,NB
frame_bri_284.4_284.49,2.323652147375867,0.0,-0.651041239033423,418.6642126281802,374.8309184541268,43.83329417405344,14.211995205807682,5.337357767819384,8.874637437988298,NB
frame_a_284.49_284.57,4.841948798098116,0.0,-0.3172128392934896,412.68567405385824,370.2602499555753,42.42542409828292,6.487710742449508,2.599698027088067,3.888012715361441,NB
frame_bi_284.57_284.74,54.98086584855905,0.0,0.6472188119646962,412.9646427000364,367.6914194857591,45.27322321427727,15.27502974452041,10.268408545194331,5.0066211993260765,NB
frame_blia_284.74_285.0,44.17440795565682,0.839999999999975,0.6472188119654342,410.72457611459066,362.4295503801643,48.29502573442636,369.2756997401218,242.0192488238074,127.25645091631438,TB
frame_da_285.84_286.0,25.189808493971697,0.0,-0.1248998580834699,425.2150878143464,377.1415450229392,48.07354279140725,37.1676869110951,23.09645041128968,14.071236499805424,NB
frame_i_286.0_286.08,108.20388656577092,0.0,-0.0019112135347324,417.91606691825297,375.5958316302771,42.32023528797589,1.0267100962156377,0.3148867233858681,0.7118233728297696,NB
frame_Se_286.08_286.29,14.78566947925404,0.0,-0.5140220581115906,424.6463230742676,375.7408732013079,48.90544987295976,21.790016858089416,7.534181420448363,14.255835437641052,NB
frame_ga_286.29_286.41,66.23153170965949,0.0,-0.7979952923171725,421.6906767427706,377.1773900438384,44.51328669893218,208.31028746327272,133.80584741173362,74.50444005153909,NB
frame_a_286.41_286.44,9.178636416996,0.0,-0.7979952923177192,399.3314840208155,356.6774929700116,42.65399105080388,3.825494364715638,1.3201303234137356,2.5053640413019025,NB
frame_seX_286.44_286.87,57.79627049848989,0.0,0.782842060624491,421.19364920546514,367.29883101489696,53.894818190568174,141.84852952945894,67.413019160896,74.43551036856294,NB
frame_pe~_286.87_287.04,14.192694204475773,0.0,0.3497678096034563,419.59010972023896,373.8253722232818,45.76473749695714,28.817427397608384,18.77598627638679,10.041441121221595,NB
frame_tSi_287.04_287.11,170.22397443263637,0.0,-0.651041239033423,420.2154499797425,376.28111938376617,43.93433059597635,17.766156917056776,11.33829742184082,6.427859495215955,TB
frame_e_287.11_287.14,134.692412486601,0.0,-0.8022140844980237,407.6592119503072,364.7788512709429,42.88036067936423,2.5637687418913515,1.3385030569637593,1.2252656849275922,NB
frame_li_287.14_287.25,20.01188760401584,0.0,-0.0019112135347324,415.67558378129627,370.9540645865317,44.7215191947646,18.728411433081614,9.3432235870998,9.385187845981818,NB
frame_vaj_287.25_287.48,0.3254802266376941,0.0,0.0674131231260032,421.8905397075414,373.6260229008177,48.26451680672375,37.12566480452193,15.254343866696274,21.871320937825654,NB
frame_e~j~_287.48_287.78,5.107142895441427,0.0,1.1820336111939993,413.8266259741828,364.0658869039334,49.76073907024943,36.271076376305246,11.698800532060917,24.57227584424433,NB
frame_bus_287.78_288.02,18.840600082311116,0.0,0.3229781292714613,417.8736426218065,369.6673239124296,48.20631870937689,65.84416717788622,19.96904001292839,45.87512716495783,NB
frame_ka_288.02_288.12,5.138334684472511,0.0,-0.6056823111076994,417.3883751130769,376.7571423614039,40.631232751673,20.46016441931448,9.434195773741491,11.025968645572988,NB
frame_da_288.12_288.21,7.814454515750782,0.0,-0.7018388017129825,418.22537653225874,373.2365902036152,44.98878632864359,9.448852575626574,6.1815172823417015,3.267335293284873,NB
frame_i~_288.21_288.28,2.4282235669374472,0.0,-0.4143406623865027,412.2207005413611,370.2022192645827,42.0184812767784,7.696660287888392,3.6744160617134014,4.0222442261749904,NB
frame_moX_288.28_288.48,0.7256708286018636,0.0,-0.7102460770801312,419.9749332935735,373.4766490385481,46.4982842550254,7.13946336594347,2.9401812763624378,4.1992820895810326,NB
frame_ta_288.48_288.57,10.004463369891964,0.0,-0.701838801712436,419.2971277106033,376.09681317716274,43.200314533440576,16.621453365677695,9.746009728859462,6.875443636818233,NB
frame_li_288.57_288.72,32.72914286444652,0.0,0.2577407966654818,413.9819886759064,369.9676006923728,44.01438798353365,21.786189882269497,8.801887974967627,12.98430190730187,NB
frame_da_288.72_289.05,70.24718437375029,0.0,1.702073463408165,416.8691405628009,366.8105985736311,50.05854198916984,24.331459028845277,14.256189695758296,10.07526933308698,NB
frame_dZi_289.05_289.11,72.32526719923533,0.0,-0.651041239033423,409.0775615945376,365.3589726981599,43.71858889637775,15.283717059557176,8.24974759826992,7.033969461287256,NB
frame_Ziwga~meS_289.11_289.67,86.09513773868983,1.839999999999975,-0.651041239033423,414.8026856193848,360.0072271563008,54.79545846308406,460.9193020784153,306.47084725496154,154.44845482345374,TB
frame_i_291.51_291.65,2.564063209753982,0.0,0.7770448170644343,424.78274274051125,377.6109268399474,47.1718159005639,21.51590095712569,5.32994953499653,16.185951422129165,NB
frame_a_291.65_291.74,7.4007428357178355,0.0,-0.2210563486882065,419.5981047625484,375.23064109697145,44.36746366557696,4.695038432362679,2.041548125174557,2.6534903071881217,NB
frame_seX_291.74_292.2,71.25511795336593,0.0,1.5033221265893448,420.9643989004475,367.2561357758759,53.7082631245716,243.71393602326503,166.17716528179653,77.53677074146853,NB
frame_pe~_292.2_292.5,17.149016747520363,0.0,1.6576140692460275,418.73904254215313,371.088198809291,47.65084373286214,15.91916587406925,5.620950149989312,10.298215724079938,NB
frame_tSi_292.5_292.72,7.543011923095946,0.0,0.3875668017652199,417.0687127921804,369.1664768377306,47.90223595444968,37.19760751340249,17.166928072124676,20.03067944127781,NB
frame_Row_292.72_292.98,25.333580143448582,0.0,0.362241317709029,424.3068111750581,374.8450348274365,49.4617763476216,60.99684579823554,14.267393283254194,46.72945251498135,NB
frame_ba_292.98_293.04,36.61891950945221,0.0,-0.7979952923171725,403.2363808295515,362.2529929297527,40.9833878997988,2.897417116188535,1.970173087924849,0.9272440282636863,NB
frame_a_293.04_293.07,36.94172501095866,0.0,-0.7979952923177192,390.3891216609283,349.7704639070798,40.61865775384854,2.560565953085444,1.4702952103373264,1.0902707427481175,NB
frame_i~_293.07_293.2,22.275679334761264,0.0,0.3185067676845834,416.5482046165724,372.18107134974366,44.36713326682872,3.420307335309104,1.869326378540478,1.550980956768626,NB
frame_moX_293.2_293.42,94.24656494720006,0.0,0.362241317709029,416.9257354511316,369.8618244838329,47.06391096729868,373.6865945461304,251.03838494154087,122.64820960458958,NB
frame_ta_293.42_293.52,70.52028698537399,0.0,-0.5095258205029628,418.6419638842107,374.30310537246737,44.33885851174336,363.7802741672205,262.15347061718137,101.62680355003916,NB
frame_li_293.52_293.66,30.15332118562821,0.0,-0.0019112135339944,411.59724140744913,366.68754793503285,44.90969347241628,3.7177594584577207,2.2558614707849785,1.4618979876727425,NB
frame_da_293.66_293.87,34.38446236018966,0.0,0.4520390855454961,418.0124177531844,371.19000475648505,46.82241299669931,10.26576241423814,5.748110512349626,4.517651901888513,NB
frame_dZi_293.87_293.97,42.45689563513177,0.0,-0.1317372186337325,408.19182215697367,364.17122603850265,44.02059611847102,12.703353105438168,7.504101960615912,5.199251144822256,NB
frame_de_293.97_294.07,43.57062248931081,0.0,-0.3699260449187837,416.04651673453776,371.2408793581864,44.8056373763514,5.187826920251936,2.000801130024655,3.187025790227281,NB
frame_li_294.07_294.14,35.262640716148354,0.0,-0.651041239034161,415.73449229000806,371.2878162849256,44.44667600508245,12.068724406560946,3.7126305204676697,8.356093886093277,NB
frame_a_294.14_294.17,31.11311614945197,0.0,-0.7979952923171725,400.767424201193,359.80717853041693,40.96024567077609,4.440399057790557,2.549626796650045,1.890772261140512,NB
frame_seX_294.17_294.51,81.8017619048201,0.0,0.926938073818117,421.6152548011238,370.8512453209165,50.764009480207335,305.1995216535146,207.68832871895765,97.51119293455696,NB
frame_pe~_294.51_294.65,6.2181156080178255,0.0,-0.0069175339357339,420.8284976031457,375.41157929209936,45.416918311046345,10.137112482407275,5.76204264225774,4.375069840149536,NB
frame_tSi_294.65_294.71,8.618230064540683,0.0,-0.651041239034161,406.4523058165302,365.30496793912334,41.14733787740687,0.8613073608731838,0.556821333515785,0.3044860273573988,NB
frame_si_294.71_294.89,3.5923871115322754,0.0,-0.651041239034161,408.68822176663366,362.5996843406326,46.088537426001096,1.247143553614109,0.417417833146402,0.8297257204677067,NB
frame_tOR_294.89_295.11,7.70644303186063,0.0,-0.3737955165754364,420.6770169676921,372.9990350735119,47.67798189418022,13.680457250869352,11.106775168512884,2.57368208235647,NB
frame_na_295.11_295.17,5.781457974308495,0.0,-0.7979952923171725,414.95163505459567,372.2539417135201,42.69769334107559,1.7754867303095807,0.7134184458685127,1.062068284441068,NB
frame_i~_295.17_295.2,8.356566718271495,0.0,-0.9029056157674582,402.9395543873949,360.9561036677028,41.983450719692144,1.7246244107819564,0.6182085114639051,1.1064158993180513,NB
frame_moX_295.2_295.48,32.10439652325478,0.0,1.6134766116283612,417.1734837014806,368.1530372009424,49.02044650053824,58.12296851384836,25.71850336780072,32.40446514604764,NB
frame_taw_295.48_295.63,74.52888023234962,1.5699999999999932,-0.7979952923171725,417.0932903066381,371.1615345970315,45.93175570960659,635.6864899385387,497.4171550257005,138.2693349128382,TB
frame_majs_297.2_297.6,26.84631613151967,0.0,-0.2210563486887531,423.969383185829,369.6172770425321,54.3521061432968,177.7185843994881,69.33411183878144,108.38447256070664,NB
frame_e~_297.6_297.68,11.883653487062162,0.0,-0.2447077629614103,417.4242512030357,373.0311688497775,44.39308235325825,21.647721781465208,12.447900342402448,9.19982143906276,NB
frame_fi~_297.68_297.94,16.09389934227579,0.4700000000000273,0.807071721065539,416.78664909786886,368.7065087378601,48.080140360008784,36.932593002481326,14.731336205737476,22.20125679674385,NB
frame_a_298.41_298.5,16.31025924939641,0.0,-0.2210563486887531,425.9292301119265,380.2864167818432,45.64281333008336,23.441407248303197,8.549032984865988,14.892374263437205,NB
frame_es_298.5_298.75,15.214611680572688,0.0,-0.8022140844980237,413.2153537175408,364.9884907438551,48.22686297368568,8.586260557395292,4.220445514812411,4.365815042582881,NB
frame_tru_298.75_299.09,13.982807495689087,0.0,2.6392773735325883,419.18117007482846,369.25636187007433,49.92480820475413,28.892208925215694,13.2725528638085,15.619656061407198,NB
frame_tu_299.09_299.26,52.702436740737255,0.0,0.8377112946624977,419.1934315080088,372.1669696872633,47.02646182074557,29.31427841458526,10.606083258758533,18.70819515582673,NB
frame_ra_299.26_299.4,11.074054365051069,0.0,-0.2210563486887531,422.3754063091554,377.0429979752925,45.332408333862986,24.05742243394056,14.539212694699842,9.518209739240715,NB
frame_da_299.4_299.54,14.044038028613045,0.0,-0.2210563486882065,420.1822940937593,374.1242906443063,46.058003449453054,18.9181412212908,12.117257945237782,6.800883276053014,NB
frame_na_299.54_299.7,28.271895636832284,0.0,-0.1248998580840165,417.7017661621825,371.8091526784068,45.89261348377573,23.390966657988656,10.41895250425435,12.972014153734309,NB
frame_Ra_299.7_299.94,43.52338610091592,0.0,0.8366650479644424,415.9821525607506,368.38703166927553,47.595120891475005,2.418055588496401,1.0333514826776025,1.3847041058187983,NB
frame_tSi_299.94_300.12,30.332314016209292,0.0,0.3875668017652199,416.392963260694,370.16464280856326,46.22832045213073,20.57820779588195,5.164796884673137,15.413410911208814,NB
frame_va_300.12_300.19,14.621751599183485,0.0,-0.7979952923177192,416.96316246761705,373.7095468595375,43.2536156080796,4.46085695837607,1.842310224175037,2.6185467342010327,NB
frame_E_300.19_300.22,17.654425226215977,0.0,-0.9692516666489436,410.2344025788683,367.4868593987378,42.74754318013049,0.1552539149143683,0.1041150866448674,0.0511388282695008,NB
frame_u~_300.22_300.25,6.076203251134785,0.0,-0.5101718816481261,397.6739395253546,355.1905548983547,42.48338462699991,22.15075616789113,7.636808189987391,14.51394797790374,NB
frame_ma_300.25_300.33,13.146240262040436,0.0,-0.7979952923177192,416.1893353894652,372.78055489597233,43.40878049349288,3.078052340996436,1.0387838607057915,2.0392684802906444,NB
frame_es_300.33_300.46,8.974914663231942,0.0,-0.6581180713043976,409.3807406008932,366.2912650514404,43.08947554945274,14.255111635170437,8.46884069750189,5.786270937668547,NB
frame_tru_300.46_300.62,4.917247557233537,0.0,0.3229781292714613,419.4575298150855,373.00549418315023,46.452035631935246,13.760229475877397,8.86322139433014,4.897008081547256,NB
frame_tu_300.62_300.75,9.719820894789308,0.0,0.3229781292714613,420.66315508665207,375.27344588885126,45.38970919780081,17.270371856721198,5.285141777244462,11.985230079476736,NB
frame_ra_300.75_300.81,177.23464786631612,0.0,-0.7979952923171725,409.84045553956577,368.59982754308936,41.240627996476405,18.07619791816592,11.455756147498846,6.620441770667071,NB
frame_dZi_300.81_300.87,1.4745075945781425,0.0,-0.651041239033423,411.9128250951344,369.14860073960335,42.76422435553104,9.159042381275183,4.628725667919895,4.53031671335529,NB
frame_u~_300.87_300.9,3.7547784216370417,0.0,-0.5101718816481261,398.901450800891,357.26631321140167,41.63513758948932,1.385518325476767,0.5463587456821983,0.8391595797945683,NB
frame_ma_300.9_301.07,5.45181259792227,0.0,-0.0287433674787333,418.0916040005367,371.5573294318499,46.534274568686726,16.66490310485713,6.4841891139168695,10.180713990940262,NB
frame_vi_301.07_301.24,30.596580851147703,0.0,-0.3913892288339468,418.7513434993976,371.986098621127,46.76524487827055,10.233201716436128,5.048791103872475,5.184410612563653,NB
frame_a_301.24_301.47,6.305386408317133,0.0,1.1251345197791986,418.3367325458212,370.444199000116,47.89253354570525,116.57642534360772,17.146965214834722,99.429460128773,NB
frame_Ze~j~_301.47_301.68,9.61612154700518,1.839999999999975,-0.6013931065006006,414.1698182534855,366.7877395952664,47.38207865821903,6.955335120144554,2.9529935899688557,4.002341530175698,NB
frame_Sej_303.52_303.92,53.13921645400018,0.0,1.071034087010105,423.7786556442682,369.9195523876674,53.85910325660086,25.325552063734733,11.39216773935425,13.933384324380484,NB
frame_a_303.92_303.95,44.49510328234854,0.0,-0.7979952923177192,396.3373974496873,355.37040846946894,40.96698898021833,24.3006162042673,12.109463171204707,12.19115303306259,NB
frame_dZi_303.95_304.09,6.930735399002259,0.0,0.2577407966647438,406.65032591574266,362.5337588596226,44.116567056120005,10.189336863259058,4.096853204530618,6.09248365872844,NB
frame_peX_304.09_304.31,11.388887221349364,0.0,1.071034087010105,419.6793841154515,372.8643999373364,46.81498417811508,13.503899160283368,7.702146520847378,5.801752639435989,NB
frame_kaw_304.31_304.55,21.947194460292764,0.0,-0.4133693298982262,418.765995676172,370.14612531930834,48.61987035686366,26.458394196461967,10.613147074959585,15.845247121502382,NB
frame_sus_304.55_304.62,14.194536497646569,0.0,0.0,405.18586834022994,363.0358172237432,42.15005111648679,7.540586001754946,4.100142392167669,3.440443609587277,NB
frame_Sej_304.62_304.93,10.873788981430948,0.0,-0.5778049101643155,420.3819337597078,370.56435149784426,49.81758226186355,16.262101412042682,8.409667426673053,7.852433985369629,NB
frame_as_304.93_305.02,4.202804054093917,0.0,-0.7979952923177192,413.39553329611545,369.92085438998936,43.47467890612609,5.307958401527685,2.454946516638529,2.853011884889156,NB
frame_dZi_305.02_305.09,6.980777776915545,0.0,-0.651041239034161,419.3399765427354,375.6204899689571,43.71948657377834,3.245649256885116,0.7322768268739992,2.513372430011117,NB
frame_a_305.09_305.14,277.10896617442506,0.0,-0.6056823111076994,414.30559428391336,371.7559366058029,42.549657678110464,11.044654012472163,7.444068996980832,3.6005850154913333,NB
frame_ve~_305.14_305.6,52.19018907095152,0.0,3.5599359014534664,415.1829329541757,360.5069777151116,54.67595523906414,78.33584548498692,35.49437890783848,42.84146657714844,NB
frame_tu_305.6_305.7,74.75016552196625,0.0,-0.0630717447725475,412.0229670407332,366.8722155353795,45.150751505353696,7.460377594947104,3.809721264349236,3.6506563305978688,NB
frame_ras_305.7_305.96,42.232059321139786,0.4700000000000273,-0.7018388017129825,403.52938242961807,355.51372362126995,48.015658808348064,138.7811925214753,54.1477954457192,84.63339707575612,TB
frame_vo_306.43_306.49,77.75977215778491,0.0,-0.8889939762103032,397.3843199309341,356.8502412447582,40.53407868617592,29.17574146802949,16.044524393943107,13.13121707408638,NB
frame_sejs_306.49_306.54,56.11687137056916,0.0,0.0,397.3614282048616,355.9573904835283,41.40403772133334,5.374264109831785,4.3511718613899575,1.0230922484418272,NB
frame_pe_306.54_306.57,17.62977582060202,0.0,-0.8022140844980237,410.9780915324728,367.6237847372133,43.35430679525956,3.5158650233260857,1.7487267500285952,1.7671382732974903,NB
frame_ga~w~_306.57_307.07,19.771201329763212,0.0,0.782842060624491,425.1971488268425,368.0114050087936,57.18574381804893,64.4983379848336,45.42238074646952,19.075957238364083,NB
frame_a_307.07_307.1,5.076807378633021,0.0,-0.7979952923171725,401.2230910540719,358.28553662379085,42.93755443028107,1.6681613880638508,0.7722020490070065,0.8959593390568443,NB
frame_li_307.1_307.18,4.219419039074495,0.0,-0.3913892288339468,410.6226222919888,367.1302521171375,43.49237017485126,3.52558070551504,0.5947027210273461,2.9308779844876938,NB
frame_te_307.18_307.26,9.647269206935164,0.0,-0.5140220581115906,417.39372564614,374.7932883052317,42.60043734090823,11.585584597043692,6.502099497279744,5.083485099763948,NB
frame_ra_307.26_307.46,23.954451903870336,0.0,0.4520390855449495,418.1558672110858,372.4665117361636,45.6893554749222,15.970407568447824,6.777451793013654,9.192955775434172,NB
frame_tu_307.46_307.58,18.019713169258296,0.0,0.1942948379229707,414.76047081024376,372.16998776112905,42.59048304911471,4.628292672262802,1.6226764060226628,3.005616266240139,NB
frame_ra_307.58_307.72,6.56625957759249,0.0,-0.0287433674787333,417.11909239674185,372.7198618706926,44.39923052604922,20.02105040450144,11.882118252072049,8.13893215242939,NB
frame_du_307.72_307.87,41.37999102095091,0.0,0.3229781292714613,416.7566081369095,371.3230636942628,45.43354444264668,8.730923779981623,3.376883897944367,5.354039882037256,NB
frame_o_307.87_307.92,54.72651259351659,0.0,-0.5314981779479272,407.2804139615319,367.0167190213667,40.26369494016518,10.094129544195212,6.053110311326662,4.04101923286855,NB
frame_si_307.92_308.4,23.42925806354961,0.0,1.296348837463387,414.8516426991262,359.9710576876508,54.88058501147543,135.46309124909635,82.92987986944124,52.5332113796551,NB
frame_de~_308.4_308.46,107.2488440642694,0.0,-0.839183335526277,402.30676246291847,361.53981252185815,40.76694994106032,2.421620536556226,1.0156463654849262,1.4059741710712998,NB
frame_tSi_308.46_308.61,72.04528803979736,0.0,0.3875668017652199,399.3054036278013,358.2246042170331,41.08079941076818,1.1842951313354888,0.5776665240196053,0.6066286073158835,NB
frame_to_308.61_308.86,2.374468622096458,0.0,2.328468208154129,419.872995053143,373.0026156738386,46.870379379304325,19.53262444534323,7.740214847288911,11.79240959805432,NB
frame_da_308.86_309.3,188.29272996861337,0.8600000000000136,2.75979486006136,410.8495942186547,358.4108621890589,52.43873202959583,467.1592201146243,165.93642515962136,301.22279495500294,NB
frame_o_310.16_310.25,89.00090208411294,0.0,0.1834934185768249,418.9570189089857,376.021177348735,42.93584156025071,5.588541450215615,2.375631276527116,3.212910173688499,NB
frame_dZi_310.25_310.34,89.25961440740217,0.0,-0.651041239034161,408.2418340400913,365.4510620219674,42.7907720181239,2.1311665009129257,1.4673091107792686,0.6638573901336571,NB
frame_s_310.34_310.56,78.72705730497238,0.0,0.0,420.3661271515099,371.8467581026484,48.51936904886151,3.628056581480948,1.6292677451536122,1.998788836327336,NB
frame_Eja_310.56_310.83,14.11815656574251,0.0,-0.2818649312016744,422.3961998436312,371.360110719034,51.0360891245972,367.56296421778217,257.7194651680469,109.8434990497352,NB
frame_poX_310.83_311.0,141.19294548100876,0.0,-0.8889939762113193,410.4943934513298,364.4691650104314,46.025228440898445,239.5316671684773,133.56720533242145,105.96446183605585,NB
frame_e_311.0_311.08,117.22482126196957,0.0,-0.0817340185331698,414.604858021328,370.5218640360373,44.08299398529067,1.920050992277765,1.3104307534170945,0.6096202388606713,NB
frame_ze~_311.08_311.3,288.1216703124195,0.0,-0.7202882210127629,406.8702878754007,359.2778677064724,47.59242016892836,29.62979233430065,13.967333662997872,15.662458671302772,NB
frame_plu_311.3_311.39,29.08940131754912,0.6399999999999864,-0.5778049101643155,401.6789570327065,358.53548806233835,43.14346897036813,156.90777598356607,90.18399101522871,66.72378496833734,NB
frame_a_312.03_312.06,57.0354900843632,0.0,-0.7979952923171725,399.23826334840334,357.8205131083959,41.41775024000742,0.2777072143761501,0.1469007316701009,0.1308064827060491,NB
frame_e_312.06_312.2,23.20145089761272,0.0,0.782842060624491,419.53404319551726,373.04082986106266,46.4932133344546,13.012669250376206,4.626480574705624,8.386188675670581,NB
frame_nej_312.2_312.62,31.41660397221375,0.0,-0.2258300317259767,420.4411094431151,367.3225276319729,53.11858181114224,146.33637486981186,99.1231830469812,47.21319182283065,NB
frame_da_312.62_312.72,378.4992111937197,0.0,-0.4133693298976796,408.5642120718528,366.37030754126135,42.19390453059145,8.014724953204336,3.321944080208823,4.692780872995513,NB
frame_nE_312.72_312.87,38.369478527633945,0.9900000000000092,-0.9692516666489436,401.274547493131,358.66641937949146,42.608128113639566,211.0065822449166,165.04853002706318,45.95805221785341,NB
frame_a_313.86_314.02,41.70827634909992,0.0,0.4520390855449495,420.3508373059245,374.3163532371124,46.034484068812105,2.9081214959981594,1.2330319834215686,1.6750895125765908,NB
frame_to_314.02_314.19,25.437363462426504,0.0,0.898485015102593,425.16757858229096,378.7326788731884,46.43489970910258,24.489904157506658,20.6136259200934,3.87627823741326,NB
frame_da_314.19_314.26,12.715138167096145,0.0,-0.7979952923177192,422.3602748732124,379.0083666229233,43.35190825028906,10.040797317988478,4.385536088288291,5.655261229700187,NB
frame_Es_314.26_314.41,10.034937741469577,0.0,-0.8710535615851277,405.137839034439,363.14444870129125,41.99339033314777,10.051093094049122,5.521402724854255,4.529690369194867,NB
frame_ta_314.41_314.48,4.796366461304785,0.0,-0.701838801712436,417.475953871442,375.2793510826354,42.196602788806615,18.60911736495285,9.71376761518576,8.895349749767092,NB
frame_i_314.48_314.61,21.192433366979344,0.0,0.6472188119646962,414.5524951739697,371.0621250262168,43.490370147752856,9.032839034888523,4.925596422038183,4.107242612850342,NB
frame_d_314.61_314.65,18.186918454395222,0.0,0.0,405.9369073599348,363.71426411776775,42.22264324216701,6.889005976979831,2.7838550015803776,4.105150975399454,NB
frame_Eja_314.65_314.91,13.949104604366768,0.0,0.3073236991817789,421.0621484649883,372.3037402062077,48.758408258780605,9.777598676764711,3.695899825910942,6.081698850853769,NB
frame_dZi_314.91_315.11,20.859993215391285,0.0,1.1665228323643866,419.89020539348974,373.83066375755305,46.05954163593668,8.725845864203961,3.2547249464588788,5.471120917745083,NB
frame_vi_315.11_315.23,196.52708631783585,0.0,-0.1317372186344705,418.9951153388318,373.3615137827851,45.6336015560467,440.7666962838196,198.4036360784551,242.3630602053645,NB
frame_a_315.23_315.43,582.8606872842419,0.0,0.8366650479644424,414.88008975949526,368.0187473754553,46.86134238403997,43.56901242852837,18.326852651470176,25.24215977705819,NB
frame_Ze~j~_315.43_315.65,59.21633936276707,0.160000000000025,-0.8391833355256011,403.4821349686947,357.1458414483701,46.3362935203246,183.4063258268313,121.7438761129918,61.66244971383954,TB
frame_is_315.81_316.06,65.57852683155795,0.0,0.3875668017652199,417.8305825213944,371.684727640481,46.145854880913305,39.37392403127555,15.373025996482198,24.00089803479335,NB
frame_tu_316.06_316.19,28.861565636063546,0.0,0.3229781292714613,418.803111998536,374.6193109711064,44.18380102742958,23.045586550207645,13.902263726506163,9.143322823701482,NB
frame_te~j~_316.19_316.45,3.729528995413858,0.0,0.2308726950906181,424.3343789646684,374.8994688883727,49.43491007629564,23.757504095614166,12.256213615822617,11.50129047979155,NB
frame_u~_316.45_316.48,168.81513379446685,0.0,-0.5101718816478725,401.0030232120846,358.33554027497246,42.66748293711214,1.9523332319243991,0.832593295425113,1.1197399364992862,NB
frame_ma_316.48_316.56,9.539492935060878,0.0,-0.701838801712436,414.7130180747968,372.2779235286828,42.43509454611393,2.2320869305726205,0.9842983032289964,1.247788627343624,NB
frame_i~_316.56_316.59,13.524122599075554,0.0,-0.9029056157674582,402.8178878538551,359.738523925644,43.07936392821108,8.914163613268812,3.419957372584236,5.494206240684576,NB
frame_flu_316.59_316.92,22.46460444321769,0.0,-0.5778049101635839,422.38514640005457,370.0131771255204,52.37196927453414,28.12903946203681,10.4901294733981,17.638909988638716,NB
frame_e~_316.92_317.02,51.847641231987495,0.0,-0.0069175339357339,414.8330701343207,370.7830505582581,44.05001957606254,4.104337062504953,1.9651305454984251,2.139206517006528,NB
frame_sia_317.02_317.22,53.66385551123206,0.0,-0.521215233933685,415.77612351005007,368.88644254132856,46.88968096872151,12.77739464179892,6.3052436005175,6.472151041281421,NB
frame_muj~_317.22_317.38,24.953305998692716,0.0,-0.5778049101635839,419.6158582326826,373.3700492011649,46.24580903151775,11.383009182481658,2.388050332245541,8.994958850236117,NB
frame_tu_317.38_317.51,30.13144542049201,0.0,0.0656115465752116,421.4532097992353,376.76757233958176,44.685637459653606,26.61807380992664,8.809608894201801,17.80846491572484,NB
frame_gra~_317.51_317.74,45.19905783959916,0.0,-0.130620204670229,422.1912542300471,373.4992788386148,48.69197539143221,9.937779438102268,4.262546427252772,5.675233010849496,NB
frame_dZi_317.74_317.88,47.53968531453896,0.0,-0.651041239034161,418.14845324900574,371.3654206873511,46.78303256165464,5.2599635472913775,2.3433224137976936,2.916641133493684,NB
frame_ew_317.88_318.0,65.51054305168631,0.0,-0.8022140844972045,410.4621922555362,368.0502347738836,42.41195748165256,4.411239113427882,1.832639581111536,2.578599532316346,NB
frame_krej_318.0_318.71,76.64682309003535,0.0,-0.2258300317251576,424.0773501911557,360.8287961097827,63.248554081373015,311.7445973854926,135.9091990614577,175.83539832403488,TB
frame_u_318.71_318.76,73.37335684786075,0.7400000000000091,-0.3204383274680658,414.7952549408597,371.2995155924795,43.49573934838014,7.993158417793438,3.3406534149589504,4.652505002834488,NB
frame_ew_319.5_319.56,49.2464124031122,0.0,-0.8022140844980237,417.9561958124707,373.92623961534025,44.0299561971305,3.174607129620057,1.3329197080724242,1.8416874215476329,NB
frame_es_319.56_319.62,48.702398906665806,0.0,-0.8022140844980237,405.8486338228947,362.3010048940367,43.547628928858046,5.782112847338865,2.701690473885364,3.080422373453501,NB
frame_tow_319.62_319.74,14.978598648181588,0.0,-0.5314981779479272,421.644644352321,377.38261196020017,44.26203239212083,10.607328292185798,6.457157481951953,4.1501708102338455,NB
frame_Su_319.74_319.96,15.94116559171826,0.0,-0.5778049101643155,412.4370038372786,365.5696239772996,46.867379859979,7.381081742020001,2.9015189907803176,4.479562751239683,NB
frame_ta~_319.96_320.13,26.461027139392318,0.0,0.5476000888083011,421.7126082284788,374.97742851953626,46.735179708942496,7.743859357556289,4.653527464077911,3.0903318934783783,NB
frame_du_320.13_320.19,28.4941876820626,0.0,-0.5778049101643155,419.45178647105934,375.9169062465928,43.53488022446652,0.6774126330028878,0.1995616356651908,0.477850997337697,NB
frame_a_320.19_320.27,105.65838616263868,0.0,-0.3172128392934896,407.14079862451086,366.5469314065298,40.593867217981085,11.965742955526828,3.914189728245205,8.051553227281623,NB
frame_ki_320.27_320.37,55.77154353896557,0.0,-0.521215233933685,410.8367368124354,369.4598802993533,41.37685651308209,311.9097741134543,241.6994220591517,70.21035205430258,NB
frame_u~_320.37_320.48,15.123789541935054,0.0,-0.1533724273129812,411.4136969998758,368.6563010344363,42.75739596543952,8.987498676678143,4.729926090292679,4.257572586385464,NB
frame_pow_320.48_320.61,59.231433678452106,0.0,-0.8889939762113193,418.3606816424008,373.9699185598181,44.39076308258268,14.703643516757523,6.376360746040604,8.32728277071692,NB
frame_ku_320.61_320.67,285.79993869237694,3.0299999999999727,-0.5778049101635839,404.4523073669893,363.3256452136589,41.126662153330415,33.06804675604968,22.9966202934956,10.071426462554086,TB
frame_is_323.7_323.84,15.976499736095777,0.0,-0.651041239033423,420.4946413914637,374.42987809411017,46.06476329735358,7.937699073100731,3.889969509024837,4.047729564075894,NB
frame_tu_323.84_324.01,11.551254458496883,0.0,0.8377112946624977,423.5420989065573,376.7296678643445,46.81243104221284,25.833408849553397,20.47975919668417,5.353649652869223,NB
frame_te~j~_324.01_324.43,21.999861621199727,0.3299999999999841,0.4686629241162945,420.97379287212505,367.5906858713992,53.383107000725886,119.75621090953112,42.06151073020237,77.69470017932876,NB
frame_u~_324.76_324.83,9.08906008403862,0.0,-0.3317721544805537,412.0786018464904,367.4803201887135,44.59828165777685,4.984052725172916,1.9332257563209367,3.050826968851979,NB
frame_u~s_324.83_325.0,25.635208330382312,0.0,-0.4655719498560428,417.4973448988527,370.78382333247856,46.71352156637414,78.4222204507549,19.774872888961227,58.64734756179367,NB
frame_Res_325.0_325.34,8.638477360123034,0.0,0.2064580078532631,421.8998980415474,371.32250302383335,50.577395017714025,13.105647249411788,5.339306131311417,7.766341118100371,NB
frame_ki_325.34_325.42,60.41350195600745,0.0,-0.3913892288339468,417.212620589104,373.24228973873846,43.970330850365485,10.51767482502757,4.453430681937391,6.064244143090178,NB
frame_sius_325.42_325.73,11.09626801489668,0.0,0.0,412.4449228645508,362.6512678793441,49.79365498520667,18.98258808897316,9.567624951968329,9.414963137004833,NB
frame_des_325.73_325.94,83.49527103163592,0.0,0.1279147915650057,419.3853675663059,372.6372413894471,46.74812617685876,418.3669271697023,331.7263458625188,86.64058130718354,NB
frame_ta_325.94_326.37,13.690048698455598,0.0,-0.8022140844980237,416.6566081107636,362.8528899204706,53.80371819029296,49.84880780217371,38.260630158735694,11.588177643438016,NB
frame_te_326.37_326.47,18.850920803129696,0.0,-0.2258300317251576,421.4628236274541,377.46742599113264,43.99539763632146,7.891528129149606,4.41729163975657,3.474236489393036,NB
frame_o_326.47_326.5,15.755172659423836,0.0,-0.8889939762113193,395.5608189017095,353.5138371203195,42.04698178138989,4.378627565566859,2.3526326455344133,2.0259949200324456,NB
frame_ri_326.5_326.82,96.0122028270246,0.0,2.20513087316303,422.8018180568426,370.9295096917081,51.87230836513447,216.19121054793283,86.48207736527644,129.7091331826564,NB
frame_a_326.82_326.85,84.06612017978026,0.7799999999999727,-0.7979952923171725,391.543799256879,351.0321315131214,40.51166774375764,1.4431223056813778,0.6246752315577879,0.8184470741235899,NB
frame_naw_327.63_327.85,4.899923430093082,0.0,-0.1248998580840165,421.33253478995664,373.7131328428151,47.61940194714151,27.52447285277653,5.128674982213511,22.395797870563012,NB
frame_gu~s_327.85_328.06,11.347394192062438,0.0,-0.197972359104811,418.4801337650607,371.17392396291774,47.30620980214292,17.1224858694396,6.6483237218591285,10.474162147580472,NB
frame_aw_328.06_328.24,18.82631544091518,0.0,-0.701838801712436,418.8946333749486,372.55238076807694,46.34225260687168,19.357007948083197,12.35179582674104,7.005212121342154,NB
frame_to_328.24_328.39,5.581684484691976,0.0,0.1834934185768249,421.7035968844532,376.1144973038895,45.5890995805637,16.835222831041932,7.345996201329001,9.489226629712933,NB
frame_ris_328.39_328.81,0.9826612077246466,1.1299999999999957,-0.0019112135347324,411.59251786592375,357.6776030230751,53.914914842848646,57.378795617803206,20.442642245060654,36.93615337274255,TB
frame_majs_329.94_330.13,2.656903068622768,0.0,-0.5095258205029628,425.30216105114056,376.25506188021154,49.047099170929016,44.29950693923468,8.99144580433014,35.308061134904534,NB
frame_e~j~_330.13_330.24,40.65987928069674,0.0,-0.4824979919870866,417.9164660722201,373.93263060530006,43.98383546692003,16.799700762000043,6.182077426973962,10.617623335026082,NB
frame_su~_330.24_330.49,8.596976957675565,0.0,-0.3763720862723834,420.7707247732577,371.3766138275507,49.39411094570698,19.301793302082046,8.222542881705522,11.079250420376525,NB
frame_ma_330.49_330.66,56.25397198674787,0.1199999999999477,-0.1248998580834699,412.6347558464293,368.2985015605529,44.33625428587641,7.645644784957682,5.036849640088548,2.608795144869134,NB
frame_ew_330.78_330.89,0.8366115343540343,0.0,-0.0817340185323507,421.5830874670584,378.03038589677607,43.552701570282295,13.91069671719228,4.71872463427556,9.19197208291672,NB
frame_a_330.89_331.04,19.11195904177123,0.0,0.3558825949407595,417.6644343805541,375.48709551259145,42.17733886796259,5.916953161942473,1.873625298425054,4.043327863517419,NB
frame_Su_331.04_331.16,82.12914067971556,0.0,-0.5778049101635839,414.72210120477206,369.5942955187765,45.127805685995554,3.19861114056917,1.5108416445531248,1.6877694960160454,NB
frame_u~_331.16_331.2,45.735679204638174,0.0,-0.4655719498562963,406.1672627188072,364.7918520904959,41.37541062831127,8.545039122503681,2.3574749127491827,6.187564209754498,NB
frame_ma_331.2_331.41,49.02182099089464,0.0,0.5481955761502326,418.0295489946311,371.27249325576,46.75705573887103,106.22850502815297,48.61439300451824,57.61411202363473,NB
frame_koj_331.41_331.55,2.440347068046748,0.0,-0.3527502788167391,422.0906781897514,375.4828198483286,46.6078583414228,10.754223144420363,2.8015121435296635,7.952711000890702,NB
frame_za_331.55_331.64,11.32600126407499,0.0,-0.7979952923177192,420.50838173719455,375.992917612254,44.51546412494059,10.720642875675452,3.111370631708525,7.609272243966927,NB
frame_muj~_331.64_331.75,6.862219036437665,0.0,-0.4491216188158248,414.5998700856987,368.5531176952488,46.04675239044991,27.686181242386738,10.22182933647565,17.464351905911087,NB
frame_tu_331.75_331.82,77.8350159756361,0.0,-0.4491216188158248,401.5482417947383,361.09653413745184,40.45170765728648,0.8489251052486537,0.5196049850197397,0.329320120228914,NB
frame_i~_331.82_331.96,3.0900841702452624,0.0,0.4406480060296488,412.6096573426525,368.3734015406468,44.23625580200565,12.936484854187086,7.249265252683813,5.687219601503273,NB
frame_te_331.96_332.04,2.9071110805758167,0.0,-0.5140220581115906,420.8952140096218,375.9651292231569,44.93008478646488,12.21392932067144,9.00865771729596,3.205271603375479,NB
frame_re_332.04_332.16,55.33240603638674,0.0,0.0623619946604562,419.7628777447242,376.2366073141373,43.526270430586976,300.8336000915409,215.6514095348674,85.1821905566735,NB
frame_sa~_332.16_332.43,1.4669483044460776,0.0,-0.8088404981479883,419.1165442834633,370.4708884997116,48.64565578375169,4.5008672882497365,2.301781001372234,2.1990862868775025,NB
frame_tSi_332.43_332.54,1.4214906118461386,0.0,-0.1317372186344705,400.8317263279778,358.0090169596876,42.82270936829031,4.166317540091086,1.96722687777563,2.199090662315456,NB
frame_ko~_332.54_332.6,13.846500319022596,0.0,-1.0583291181242,413.3513463858554,370.58317082597455,42.76817555988089,4.97063136580752,2.6136721503913805,2.35695921541614,NB
frame_mu_332.6_332.69,19.114270805472017,0.0,-0.5778049101643155,414.2604410020016,369.6663538265418,44.59408717545983,12.405928776874958,4.90545680225344,7.500471974621519,NB
frame_su_332.69_332.91,28.850820703744034,0.0,-0.5778049101635839,422.3000428262479,372.4500391515852,49.85000367466267,16.161682593149635,13.588961993045928,2.5727206001037075,NB
frame_Zes_332.91_333.22,0.9090887602495172,0.0,-0.0817340185331698,419.8093701823447,371.0194952816713,48.78987490067334,29.00184026076684,15.012021688604335,13.989818572162504,NB
frame_ta~w~_333.22_333.43,49.52373979090234,0.0,-0.4019083220613327,415.903014412529,369.4632276763461,46.439786736182896,1.3073609405481363,0.5287595669655616,0.7786013735825748,TB
frame_ko~_333.43_333.51,54.22610286616009,0.0,-1.0583291181247685,415.59713082145765,370.5007144238424,45.09641639761526,3.7342548525190153,2.2813171843269515,1.4529376681920638,NB
frame_mu_333.51_333.57,52.64569388820199,0.0,-0.5778049101643155,414.34725774182334,369.7781452643828,44.56911247744051,3.477891926899602,1.9260078822981652,1.5518840446014366,NB
frame_i_333.57_333.69,43.05920900086602,0.0,0.517392806864958,415.2280298082253,371.5499236871937,43.67810612103159,5.234948357603543,2.966394653508303,2.26855370409524,NB
frame_pO_333.69_333.89,12.2817338901788,0.0,-0.043609476934038,420.9515908066228,374.43334801061945,46.518242796003335,12.976718153588225,9.994878229695304,2.9818399238929203,NB
frame_te_333.89_333.95,15.142961953493,0.0,-0.8022140844980237,410.1555849045667,368.5990251227816,41.556559781785154,0.8757232922999094,0.4670383321702616,0.4086849601296478,NB
frame_zi_333.95_334.06,38.0920899605992,0.0,-0.521215233933685,411.1282387152007,367.7818432769719,43.3463954382288,7.825366082017283,2.5525061713641435,5.272859910653139,NB
frame_dZi_334.06_334.12,116.0980432241558,0.0,-0.651041239033423,417.6055274082058,373.2436329602827,44.361894447923135,8.10828461168478,4.578691345347018,3.5295932663377627,NB
frame_tra_334.12_334.3,54.05166121650284,0.0,0.0674131231260032,416.2050837212195,370.4577409262992,45.74734279492037,13.27686359746322,5.3561841310910125,7.920679466372206,NB
frame_ba_334.3_334.44,76.22851518767033,0.0,-0.0287433674787333,409.9840929908004,365.9821964596539,44.00189653114654,81.57691755383992,65.89290576478439,15.684011789055532,NB
frame_Lu_334.44_334.5,,0.9700000000000272,-0.5778049101643155,402.49302533314767,360.12503823924374,42.367987093903935,,,,TB
frame_a_335.47_335.57,0.0264059012768598,0.0,-0.1248998580840165,425.2399885289726,379.57125887756047,45.66872965141215,9.415055268963329,1.7980122033212638,7.617043065642065,NB
frame_i_335.57_335.76,5.152404250076557,0.0,1.426174842563863,419.21782089887256,372.7721873913176,46.44563350755493,8.078038584713653,3.5344236167709937,4.543614967942659,NB
frame_d_335.76_335.82,14.526477278876968,0.0,0.0,422.567182671003,379.7539025869703,42.813280084032726,8.80371932270262,2.9098026814908167,5.893916641211803,NB
frame_Eja_335.82_336.15,30.646637665763308,0.0,0.0127293839897731,422.2160218872896,372.0481882066776,50.16783368061209,44.51050498274233,19.27978864080714,25.230716341935192,NB
frame_ki_336.15_336.26,8.556109849570362,0.0,-0.3913892288339468,422.33264969192334,377.3185071292388,45.01414256268458,6.930234155111748,1.988068723414301,4.942165431697447,NB
frame_a_336.26_336.33,0.1538259680086753,0.0,-0.4133693298982262,420.46145583773546,376.6889186335293,43.77253720420612,7.262576682816956,3.0430871298306954,4.219489552986261,NB
frame_vi_336.33_336.52,6.114510022725312,0.0,-0.3913892288346848,420.79746155176144,372.67350259820427,48.12395895355718,28.99923600644172,11.110760666502244,17.888475339939475,NB
frame_a_336.52_336.71,54.78456309714117,0.0,0.7405085573597058,416.2544606171412,369.2859624538196,46.96849816332156,12.613271667679854,8.048169438659968,4.565102229019885,NB
frame_Ze~j~_336.71_336.9,59.22522184587135,0.1000000000000227,-0.8391833355256011,405.0982455087232,358.6057803277059,46.49246518101734,150.82917698659125,104.74069252372256,46.08848446286867,NB
frame_ujs_337.0_337.34,32.924204938001,0.0,-0.3204383274680658,419.08179612292,368.6934529835472,50.38834313937275,7.934020862803948,3.712090905134773,4.221929957669175,NB
frame_pO_337.34_337.58,105.79301772249336,0.0,0.506700589135585,423.35826886499376,375.9194986606635,47.43877020433018,512.905118467453,418.35139194297074,94.55372652448229,NB
frame_vus_337.58_337.78,35.74553634726075,0.0,-0.0630717447725475,414.1788168198503,367.61175535357967,46.567061466270616,272.6430325300905,150.91924692800208,121.72378560208844,NB
frame_du_337.78_337.86,20.570182735513868,0.0,-0.4491216188158248,421.87227025791,376.6575803130079,45.21468994490215,10.825353682543463,3.601283678002403,7.224070004541062,NB
frame_o_337.86_337.91,20.141425076440925,0.0,-0.5314981779479272,419.711084603003,376.2398343042046,43.4712502987984,1.375076417268161,1.0079433380084026,0.3671330792597587,NB
frame_si_337.91_338.21,35.609546705773425,0.0,0.1279147915650057,412.4731066771397,363.0633077404728,49.40979893666696,34.905906605437295,15.20657113922843,19.699335466208865,NB
frame_de~_338.21_338.35,93.3665658666588,0.0,-0.2447077629607344,415.21232315070654,370.22837913516025,44.983944015546285,8.035436099470942,2.788949887648471,5.246486211822472,NB
frame_tSi_338.35_338.45,94.63968025816536,1.8199999999999927,-0.1317372186344705,399.672112081199,357.7764118597223,41.89570022147672,1.6065475281557724,0.922699081843561,0.6838484463122114,NB
frame_ki_340.27_340.56,30.465273694000786,0.410000000000025,1.945478862963553,421.9760107030854,371.9640868212769,50.01192388180857,148.14709109575506,107.46240171200728,40.68468938374778,NB
frame_vi_340.97_341.19,21.40395868658604,0.0,1.426174842563863,419.0729461162813,371.7162532829579,47.35669283332339,102.0317076125835,24.487904417242248,77.54380319534125,NB
frame_ve_341.19_341.4,21.239172498899592,0.0,1.2151301002029118,424.4487661824164,376.20003242900856,48.24873375340786,24.920110815571547,4.69651255977044,20.223598255801107,NB
frame_ra~w~_341.4_341.55,7.348317010877821,0.339999999999975,-0.5375523807568846,417.40748480371326,373.0799488568251,44.32753594688808,16.32363246721698,7.14452635618872,9.17910611102826,NB
frame_e~j~_341.89_342.05,24.40843871035517,0.0,-0.3636028774742484,410.1317925829501,365.2672752556047,44.86451732734548,10.7416268200638,5.222929511957119,5.518697308106681,NB
frame_ko~s_342.05_342.53,37.3195212425677,0.0,0.2412208051575454,421.3677787322483,365.12277360776096,56.24500512448736,83.57736802592629,29.45328259903837,54.12408542688792,NB
frame_ta~_342.53_342.65,13.540755064512354,0.0,0.0050238540253227,421.0137430474384,375.9312124936946,45.08253055374388,6.7367833200706,3.144766424486249,3.5920168955843508,NB
frame_tSis_342.65_343.52,6.936324504689111,0.0,1.2963488374641248,411.2818337962448,344.52864848871536,66.75318530752946,73.5356766977315,21.0050087794871,52.5306679182444,NB
frame_a~_343.52_343.79,4.234127341047241,0.0,2.44661691054834,420.9249805105317,371.7722244764014,49.152756034130334,141.83660760817423,118.08545229635138,23.751155311822856,NB
frame_da~_343.79_344.03,5.529938304050376,0.0,0.9545322648949568,421.360178655821,373.64562547889057,47.71455317693045,14.522607278834158,4.172759848743169,10.349847430090987,NB
frame_sas_344.03_344.74,5.049441478438126,0.9300000000000068,0.0,404.51479040818185,343.6308114120068,60.883978996175074,0.9799803213835788,0.7530937398248341,0.2268865815587446,TB
frame_ew_345.67_345.81,17.06986207108423,0.0,0.350554021045251,423.989768622284,376.568611084387,47.421157537897045,11.300538265498346,3.670963328990581,7.629574936507765,NB
frame_rO_345.81_346.06,33.38632187291746,0.0,0.3966385759217855,420.5380231726701,372.4385825907037,48.099440581966405,76.11116709841471,39.905907813075615,36.205259285339096,NB
frame_pa_346.06_346.12,379.7173465368179,0.0,-0.7979952923171725,420.90708170907743,378.5681248128718,42.338956896205616,4.433946163245764,1.8411866790036129,2.5927594842421517,NB
frame_E_346.12_346.17,10.327920975068936,0.0,-0.7728554565213119,417.55711648620326,374.81699426495385,42.74012222124941,2.3836899004344048,1.725063803898962,0.6586260965354427,NB
frame_u~_346.17_346.2,3.087687069256134,0.0,-0.5101718816481261,400.89621673660696,359.2984471534767,41.59776958313029,15.898797175703804,3.7641231584985055,12.1346740172053,NB
frame_ma_346.2_346.28,4.240737722696451,0.1200000000000045,-0.7979952923177192,416.3397918113752,372.7439965388238,43.59579527255136,4.965207351050395,1.6424189435953167,3.322788407455078,NB
frame_pe_346.4_346.53,16.383222474751705,0.0,0.2064580078524441,417.5361672120573,373.18671585462926,44.349451357428,10.061127855735805,6.438783926153661,3.622343929582144,NB
frame_ni~_346.53_346.67,23.86851667333985,0.0,-0.6586231390766333,407.2030792988621,364.91609019544046,42.28698910342172,8.767946355871402,2.3003798736000363,6.467566482271366,NB
frame_su_346.67_346.92,35.99234337644839,0.0,0.065611546575943,418.7893511076906,370.1072591402227,48.6820919674679,27.541450350888027,12.978488510012513,14.562961840875516,NB
frame_la_346.92_346.98,15.37144058000098,0.0,-0.7979952923171725,407.4343258794778,366.8495634606703,40.584762418807486,0.8841769245713067,0.443476342102798,0.4407005824685086,NB
frame_da_346.98_347.05,52.59202957358323,0.0,-0.701838801712436,419.4806591626455,375.2637445600993,44.21691460254618,1.882455422557712,0.7056567475805338,1.176798674977178,NB
frame_a_347.05_347.27,37.51756768207896,0.0,1.0289780291739157,417.08042843323415,369.1939268936319,47.88650153960225,54.8937235430906,33.679439536278934,21.214284006811667,NB
frame_zia_347.27_347.44,13.843588222356772,0.0,-0.651041239034161,417.8115692989891,371.2083182182058,46.60325108078331,8.143008380774205,4.748161566857164,3.3948468139170416,NB
frame_ki_347.44_347.5,13.698564177905638,0.0,-0.651041239034161,403.63796314538735,361.65316456807744,41.9847985773099,4.175782308843623,2.520044660008949,1.6557376488346731,NB
frame_so_347.5_347.65,18.387435907532904,0.0,-0.3527502788167391,419.93650247006656,375.1791567746758,44.75734569539071,8.715634012281498,2.2596551083131544,6.455978903968344,NB
frame_frew_347.65_347.87,15.688831301586958,0.0,-0.6581180713043976,420.20415987904255,372.85032812434537,47.35383175469718,7.130581418203036,3.590281414329411,3.540300003873625,NB
frame_to_347.87_347.94,15.867603523689269,0.0,-0.8889939762113193,407.94577889219977,364.78646132637255,43.15931756582722,4.137131428286466,1.618034141929286,2.51909728635718,NB
frame_das_347.94_348.06,17.795889007130853,0.0,-0.605682311108246,418.5241468918168,373.946387390784,44.57775950103286,10.427236611159628,4.234060180844324,6.1931764303153045,NB
frame_ajs_348.06_348.19,7.179718324774541,0.0,-0.7979952923177192,414.347515445876,369.09568291565023,45.25183253022573,23.31517292389333,17.281320806435076,6.0338521174582525,NB
frame_i~_348.19_348.24,5.890448974610166,0.0,-0.6586231390766333,412.1937915183071,369.5490322914137,42.64475922689337,5.552046784358851,3.054673293259725,2.497373491099125,NB
frame_va_348.24_348.38,20.81809351783505,0.0,-0.5095258205029628,420.9694622319885,375.0051898631981,45.964272368790375,14.977388841643034,5.952086885066336,9.025301956576698,NB
frame_zo~j~s_348.38_348.65,17.182592286774707,0.0,-1.0583291181247685,416.60222909112986,368.17627352446505,48.42595556666481,6.715336197383095,2.0769088034197978,4.638427393963298,NB
frame_po_348.65_348.71,17.117129568868336,0.0,-0.8889939762113193,410.65604625288336,366.190421441094,44.46562481178927,11.71888068117022,6.705218529786947,5.013662151383272,NB
frame_si_348.71_349.01,41.66415816582301,0.0,-0.651041239034161,411.391965936552,362.71135971978185,48.68060621677017,206.50505330482213,53.78918096663455,152.71587233818758,NB
frame_vejs_349.01_349.27,87.01820188834071,0.4200000000000159,-0.8022140844980237,418.6580427284746,369.1164424417423,49.541600286732375,13.82627713116304,5.650265183549237,8.176011947613802,TB
frame_e~_349.69_350.47,26.61736814094445,0.0,8.07795025294537,420.1556171621008,355.06101535918543,65.0946018029154,234.16066478620192,71.34221412159303,162.8184506646089,NB
frame_ta~w~_350.47_350.64,13.125784217727356,0.0,-0.5375523807568846,424.52465260859486,377.09757129633294,47.42708131226192,16.01878189513664,5.333804428225648,10.684977466910992,NB
frame_Es_350.64_350.84,0.658359048899257,0.0,-0.4782611413293061,417.0775380793752,371.7248046058372,45.35273347353797,10.688998317687094,5.788431203951916,4.900567113735178,NB
frame_ta_350.84_350.92,16.743439976748533,0.0,-0.6056823111076994,420.9580450981583,377.3369488656168,43.62109623254156,15.1141096723415,8.253892312052216,6.860217360289283,NB
frame_mo_350.92_351.19,21.252412740380866,0.0,0.5409892168402171,419.4200587904503,370.5054188212124,48.91463996923795,185.4297004612456,71.48295049948973,113.94674996175588,NB
frame_bi_351.19_351.3,95.6087397730241,0.0,-0.1317372186344705,410.56216675739614,368.5595423689074,42.00262438848876,8.91243502322051,1.1094199628507369,7.803015060369773,NB
frame_li_351.3_351.49,6.226055908504151,0.0,1.0366968272646486,416.94962729714274,368.9485621298781,48.0010651672647,143.6061131327956,102.57108665009584,41.03502648269975,NB
frame_da_351.49_351.8,38.56166014297787,0.0,1.5097604821986916,418.0322983778352,369.393515599345,48.63878277849017,151.6318577116524,58.415443966367775,93.21641374528464,NB
frame_dZi_351.8_351.86,86.61386394273575,0.0,-0.651041239033423,415.38783158393903,371.3252483346992,44.06258324923988,37.70158270775988,22.981054798170533,14.72052790958935,NB
frame_dew_351.86_351.97,93.29240923004228,0.0,-0.5140220581115906,420.1074736273557,375.72295285979567,44.38452076756005,7.676278055970556,3.8654459519356976,3.8108321040348585,NB
frame_u~_351.97_352.03,6.965322775908049,0.0,-0.3763720862726369,413.5640435962663,371.682375343476,41.88166825279035,5.495210419339799,3.382834283726339,2.1123761356134594,NB
frame_ma_352.03_352.18,3.627014077062171,0.0,-0.2210563486882065,419.9618470518976,374.8499855212036,45.111861530694,15.44737189913272,6.594321972144257,8.853049926988461,NB
frame_sEX_352.18_352.56,25.86077552974271,0.0,-0.0854687210740427,420.9401001173317,368.4709805444825,52.46911957284925,115.94039369428958,62.98741923274551,52.95297446154407,NB
frame_ta_352.56_352.63,28.27459371837409,0.0,-0.7979952923177192,421.0842187167615,376.39453102879577,44.68968768796572,13.959990777313491,10.083508975095327,3.8764818022181657,NB
frame_i_352.63_352.8,39.046458133015136,0.0,1.1665228323643866,413.4014757474091,368.041462822689,45.36001292472008,6.83373999983678,3.6305422213567615,3.2031977784800176,NB
frame_d_352.8_352.85,56.156962919620696,0.0,0.0,415.2991903967967,372.4018137388092,42.897376657987536,41.58883422496712,20.31811490293745,21.270719322029663,NB
frame_Eja_352.85_353.17,37.82960278587296,0.0,-0.2818649312022326,419.1032123084431,368.45542085433294,50.64779145411018,353.7590332300184,257.0924045685773,96.66662866144112,NB
frame_dZi_353.17_353.31,16.858502188350485,0.0,-0.0019112135347324,405.2371313315036,362.3722045930877,42.86492673841599,336.9367923014687,272.2414560102846,64.69533629118408,NB
frame_mo_353.31_353.5,14.61853414471571,0.0,0.898485015102593,421.6604099986158,375.8132988632257,45.847111135390094,52.18239291786483,10.816317094202477,41.36607582366236,NB
frame_bi_353.5_353.61,27.91607836012227,0.0,-0.1317372186344705,416.7498726134722,372.2062661392752,44.54360647419708,22.34727165307584,6.284868262964011,16.062403390111825,NB
frame_li_353.61_353.78,15.191735655792314,0.0,0.6472188119646962,416.6232411553592,372.0983436633975,44.52489749196167,204.3836317205254,126.3650876019872,78.01854411853819,NB
frame_da_353.78_354.05,74.92106543311417,0.0,1.1251345197791986,414.96440313814367,366.562617373305,48.40178576483868,14.284275033841864,7.181233979878343,7.103041053963523,NB
frame_dZi_354.05_354.11,133.01485747634112,0.0,-0.651041239033423,403.6093786255111,361.0105919445455,42.59878668096553,1.6170472928858004,0.7949928390824823,0.8220544538033181,NB
frame_so_354.11_354.33,16.916539810554184,0.0,-0.7102460770801312,420.2505018603654,372.6608715540035,47.58963030636187,8.646208677949119,3.0490143395169014,5.597194338432217,NB
frame_si_354.33_354.59,31.291202403931607,0.0,-0.651041239034161,420.99043880858665,369.8520584007684,51.13838040781826,38.24102769528622,16.333144493554556,21.907883201731664,NB
frame_aw_354.59_354.77,29.87783484581277,0.75,0.2597261043360229,419.8798071512029,372.5838567577961,47.29595039340677,57.00158648709972,27.71809094658656,29.28349554051316,NB
frame_i_355.52_355.58,93.82954133300451,0.0,-0.2615632237342087,415.9778271369512,373.0153857797544,42.96244135719678,2.3250522338406228,1.456941856801123,0.8681103770394998,NB
frame_dZi_355.58_355.72,110.70308287483036,0.0,-0.2615632237342087,418.07346981717706,371.9000500640827,46.17341975309438,36.539011309739344,16.959548530457354,19.57946277928199,NB
frame_mo_355.72_355.95,16.26090762923573,0.0,1.077232914233781,423.6767415637105,375.1123697061018,48.56437185760865,179.14619977300663,42.144671603405925,137.0015281696007,NB
frame_bi_355.95_356.05,29.840882859359738,0.0,-0.2615632237342087,411.4078911733225,369.70281801228793,41.70507316103459,24.73556890889861,17.651575636019288,7.083993272879326,NB
frame_li_356.05_356.24,6.040039315188977,0.0,1.0366968272646486,415.6915014248302,369.8087097219762,45.88279170285398,17.837728197449223,4.875415561497988,12.962312635951236,NB
frame_da_356.24_356.49,4.869347409553143,0.0,0.8366650479644424,419.8676989097058,371.5402625356628,48.327436374042975,35.52865571055048,15.643996635609852,19.88465907494063,NB
frame_dZi_356.49_356.56,0.6739470343430298,0.0,-0.521215233933685,414.4023381343394,371.7900178857801,42.612320248559286,12.105303676536636,9.378630834537404,2.726672841999232,NB
frame_nu_356.56_356.85,15.25533565484102,0.0,1.3524444600542658,417.86104670358736,368.10235546743695,49.75869123615041,27.837026491290917,16.34316853586901,11.493857955421902,NB
frame_te~_356.85_357.03,18.772309168815696,0.0,0.4686629241162945,422.1273877701518,375.7833067822763,46.344080987875486,21.829781909350828,5.650088565392025,16.179693343958803,NB
frame_pu_357.03_357.09,26.501780237722077,0.0,-0.5778049101643155,400.7105739003974,359.0651370641468,41.64543683625055,9.093455649373029,3.2266666222681124,5.866789027104915,NB
frame_i_357.09_357.12,22.551146488306813,0.0,-0.651041239033423,393.5801511067082,352.3661597567817,41.21399134992652,12.958826643322825,3.690797636329876,9.268029006992949,NB
frame_u_357.12_357.15,119.24061178595665,0.0,-0.5778049101643155,400.84117761377536,359.0548895972397,41.78628801653565,0.8765301652951081,0.4908739883236066,0.3856561769715014,NB
frame_es_357.15_357.54,34.27429959653125,0.0,1.071034087010924,414.92385659491896,364.105868992216,50.81798760270294,17.20293431381225,10.248039021345988,6.9548952924662615,NB
frame_pa_357.54_357.72,29.748433726873515,0.0,0.3558825949407595,421.0177223496049,374.44995128651175,46.567771063093176,18.78612239854948,11.315300483830754,7.4708219147187265,NB
frame_su_357.72_358.19,114.46665613834988,0.5,-0.5778049101643155,406.973133922154,353.31792396068204,53.65520996147194,113.82759816488164,98.36579624867694,15.461801916204692,NB
frame_a_358.69_358.89,89.80151586460754,0.0,0.8366650479644424,422.34886962787897,374.860681933356,47.488187694522935,110.7203006624742,82.30848380722564,28.41181685524854,NB
frame_tE_358.89_359.07,40.5707539254893,0.0,0.0127293839897731,423.0022250234312,375.73313959864095,47.26908542479026,29.13717669249897,21.73139829133231,7.405778401166657,NB
frame_nOjs_359.07_359.25,42.108784555162174,0.0,-1.3643536355002577,414.8984324886096,369.4744639023497,45.42396858625983,5.415435888356797,1.8923582968636763,3.52307759149312,NB
frame_Se_359.25_359.56,18.490936786451982,0.0,1.215130100203731,419.45462047324486,371.0791958384363,48.37542463480855,33.529917221792715,18.15394553059096,15.375971691201755,NB
frame_gaR_359.56_359.9,67.2567212342614,0.0,1.2212910103839354,417.72787901253696,365.5168139033075,52.21106510922948,26.341039324497302,11.604568439657667,14.736470884839632,NB
frame_mus_359.9_360.37,86.57588813280682,0.0,-0.5778049101643155,410.35553047972746,356.31387793571173,54.04165254401573,25.069242573926036,14.450621768307258,10.618620805618775,NB
frame_ajs_360.37_360.58,31.96392415181367,0.0,-0.3172128392934896,421.09603993729456,374.2910308712907,46.80500906600389,15.716255597084457,4.209098043165312,11.507157553919145,NB
frame_i_360.58_360.69,30.26669182958824,0.0,0.3875668017652199,414.638312717123,371.048259959182,43.59005275794101,9.73518150391817,5.296268306145777,4.4389131977723935,NB
frame_dej_360.69_361.06,4.307113883706052,0.0,2.9442822585182338,420.9434769744719,369.0123056632612,51.93117131121068,142.40187731115293,21.41081907790121,120.99105823325172,NB
frame_as_361.06_361.16,110.73977676522593,0.0,-0.7979952923177192,406.38131299272186,361.5990698249151,44.78224316780677,19.16701969977708,10.715562233635652,8.451457466141427,NB
frame_dZi_361.16_361.27,34.22077605660425,0.1700000000000159,-0.0019112135347324,405.9638709456834,362.9443916631309,43.01947928255254,13.408373735046297,5.323091156665072,8.085282578381225,NB
frame_te~_361.44_361.7,44.20771243069919,0.0,1.4198238402196757,418.5118778244357,372.06179059583553,46.45008722860018,44.89570288458543,17.26290583038704,27.63279705419839,NB
frame_pu_361.7_361.85,0.5929769657549286,0.0,0.5803447119669796,413.2621812064218,368.0495203794832,45.212660826938645,73.65622801329488,44.67758174623893,28.97864626705595,NB
frame_i_361.85_361.94,36.33190730154749,0.0,0.1279147915650057,413.68753728917335,369.4419819942207,44.245555294952624,6.517922937951965,4.26264236527004,2.255280572681926,NB
frame_es_361.94_362.27,24.977461325495,0.0,-0.8022140844972045,408.4048190603655,358.1471745373011,50.25764452306436,192.92798955572064,128.45923374772883,64.46875580799181,NB
frame_pa_362.27_362.48,78.1372821479741,0.0,0.6443520667549693,418.26941156668704,370.7987948663901,47.470616700296944,11.323945733918194,6.577065968674589,4.746879765243605,NB
frame_su_362.48_362.83,128.2130949633707,0.7800000000000296,-0.5778049101643155,405.0016124958361,354.40026751626834,50.60134497956778,18.64992454760754,9.54596458447626,9.10395996313128,NB
frame_ki_363.61_363.77,4.764433001647205,0.0,0.2577407966647438,421.11372952436943,373.7477055112804,47.36602401308903,17.96367188362106,6.214995775615591,11.74867610800547,NB
frame_e_363.77_363.81,10.554138889947351,0.0,-0.6581180713043976,416.7652904350065,372.8640598460258,43.901230588980695,2.844415538999442,1.6195605145286152,1.224855024470827,NB
frame_zis_363.81_364.12,16.295684776388867,0.0,-0.0019112135347324,417.7360875656911,368.968589109919,48.76749845577211,78.73211854475073,28.05482804350436,50.677290501246375,NB
frame_te~j~_364.12_364.25,1.0552443176246695,0.0,-0.4824979919870866,416.4437527077049,372.21379150706014,44.22996120064471,57.82647479201432,35.837833638965606,21.98864115304872,NB
frame_na_364.25_364.38,32.75620686549129,0.0,-0.3172128392934896,417.70203825672553,372.8127620869152,44.88927616981039,24.68520497501666,12.47479058240583,12.21041439261083,NB
frame_nO_364.38_364.61,14.481326340197938,0.0,-0.5939195430030354,422.0213557459782,374.107125489424,47.91423025655422,156.98845011058657,46.08651204645128,110.9019380641353,NB
frame_sa_364.61_364.85,1.8915028137107868,0.0,-0.0287433674787333,419.2776463276524,370.55466453801256,48.722981789639846,84.36335703578743,28.124544817258226,56.238812218529205,NB
frame_kuw_364.85_365.11,82.72624588331014,0.0,1.481127751402025,413.8315257176783,366.2910297737917,47.54049594388664,21.298001572332765,9.086634427864013,12.211367144468753,NB
frame_tu_365.11_365.31,8.019304946208791,0.0,0.8377112946624977,418.6882768608139,370.9145180618759,47.77375879893799,45.3081382487741,18.719143342703006,26.588994906071093,NB
frame_ra_365.31_365.45,224.75303895749587,1.1899999999999975,-0.4133693298982262,417.2959371188791,373.2868163958484,44.00912072303066,404.6006961913064,106.9348774489826,297.66581874232384,NB
frame_i_366.64_366.77,9.702079147286184,0.0,0.6472188119646962,420.2905884116199,374.0968359964646,46.1937524151553,18.81274651482937,10.33519089748134,8.477555617348031,NB
frame_ki_366.77_366.84,6.038231092963969,0.0,-0.5212152339344229,415.7202771750465,372.6141695189375,43.10610765610903,4.773377416223156,2.147958915793509,2.625418500429646,NB
frame_sa~w~_366.84_367.36,23.936619728444214,0.0,1.2258203822868314,422.2799665502271,365.3700716075985,56.90989494262863,19.995186236124084,9.921871066632464,10.073315169491622,NB
frame_u_367.36_367.39,20.810723528616904,0.0,-0.5778049101643155,392.4190082553301,350.48145988799894,41.9375483673312,6.2455689324447405,2.597126575403763,3.6484423570409774,NB
frame_fru_367.39_367.65,21.601204087617987,0.0,0.9663945860102569,422.80915442770095,372.56951357919456,50.23964084850638,50.28209504791354,26.82755522929196,23.454539818621583,NB
frame_tu_367.65_367.82,39.477610010332,0.0,0.8377112946624977,413.9317879892486,368.5746783533515,45.35710963589713,312.3025368455241,206.88890951300263,105.4136273325215,NB
frame_da_367.82_367.92,3.468092552666405,0.0,-0.7979952923171725,423.4846783214069,377.7800344405124,45.70464388089454,21.61055901821501,20.00683486633318,1.6037241518818348,NB
frame_e_367.92_368.01,1.9076548532755735,0.0,0.0623619946596371,420.5909836929136,375.89415418299575,44.69682950991779,3.1529574099512274,1.4910619791810404,1.661895430770187,NB
frame_la_368.01_368.24,15.500933935401264,0.0,0.4520390855454961,420.9557656795082,372.0930133549515,48.862752324556766,17.246925123323194,9.720956173581044,7.5259689497421505,NB
frame_bo_368.24_368.34,29.750464031341156,0.0,-0.1740023796855511,420.3699414815626,375.6113873426367,44.75855413892589,7.082638643685328,2.9638418228427668,4.118796820842562,NB
frame_ra_368.34_368.49,169.449434006149,0.0,-0.0287433674787333,418.73946094649466,374.0122016401234,44.7272593063712,525.6305098030944,312.38155758155494,213.24895222153933,NB
frame_sa~w~_368.49_368.86,17.45007587725749,0.0,-0.2662642633657809,418.2886798687571,365.70411484951103,52.58456501924604,32.15452308932743,10.421333715184772,21.73318937414265,NB
frame_mi_368.86_369.06,4.843545155556427,0.0,0.1279147915650057,415.7380553471269,368.55250208694537,47.18555326018157,30.133401492283667,14.422556442831052,15.710845049452615,NB
frame_le_369.06_369.29,2.2586877233527787,0.0,0.926938073818117,418.4473599393223,370.6131597214938,47.834200217828425,26.251116873583957,12.174550279383167,14.076566594200784,NB
frame_naX_369.29_369.61,0.9129268729934664,0.0,1.1251345197786522,415.607835092165,364.9676832987355,50.64015179342948,56.80635918618427,23.22658900507662,33.57977018110765,NB
frame_du_369.61_369.76,13.170361332065426,0.0,0.5803447119669796,413.2242311186636,368.9079376544686,44.31629346419504,12.66847421600076,6.520514117777793,6.147960098222967,NB
frame_pe~_369.76_369.9,24.59238463918672,0.0,0.1119775805771041,415.71944228042986,373.5389349950578,42.18050728537207,4.845201947653294,2.0522256260883296,2.7929763215649643,NB
frame_sa_369.9_370.36,31.89777879275107,0.0,2.086699425827658,416.2686967508104,363.3860937159127,52.88260303489773,18.60626713032414,5.072953601480378,13.533313528843763,NB
frame_me~_370.36_370.42,20.90410656681948,0.0,-0.8391833355256011,395.3381887993802,355.1316115856913,40.20657721368889,56.83019572783962,31.957457453887912,24.87273827395171,NB
frame_tu_370.42_370.65,88.67011310783064,0.7000000000000455,1.223761168705775,397.07631684668064,349.7518480983446,47.32446874833602,170.57800556724538,131.1754318378372,39.40257372940816,TB
frame_Se_371.35_371.63,13.61122230715918,0.0,0.3505540210460701,420.01160289605934,371.8870544672728,48.12454842878651,16.455964839653717,9.070635460549283,7.385329379104434,NB
frame_gow_371.63_371.76,15.84255543606102,0.0,-0.3527502788167391,423.9551012157793,377.2397710176425,46.71533019813677,15.551028986529502,3.8368097586274814,11.71421922790202,NB
frame_a_371.76_371.79,13.423980130365976,0.0,-0.7979952923171725,411.8809713171689,368.9310917597388,42.94987955743011,0.14039920952996,0.0828765172775831,0.0575226922523768,NB
frame_u~_371.79_371.92,17.377940933955045,0.0,-0.0641725637293218,418.1129680134485,373.8116842283226,44.30128378512586,4.269539710025384,1.581080043350255,2.6884596666751293,NB
frame_ma_371.92_372.21,24.583573817342483,0.0,1.0289780291739157,414.6187869117469,366.0873300414383,48.5314568703086,12.899143066315986,7.419647337330048,5.479495728985938,NB
frame_foR_372.21_372.5,178.18628584341457,0.0,2.328468208154129,420.91744718796514,370.9893578111054,49.92808937685976,475.78570142156735,232.46902848851693,243.31667293305043,NB
frame_ma_372.5_372.84,59.368788049825454,0.0,1.894386444617638,407.94944149910935,358.2615744173055,49.68786708180386,252.31365274003232,185.1000645030912,67.21358823694118,NB
frame_pre_372.84_373.0,3.933342853398898,0.0,-0.2258300317259767,423.0772177181197,377.1366330323359,45.94058468578368,24.800616470196843,12.792056579522011,12.008559890674832,NB
frame_si_373.0_373.39,5.161909131622821,0.0,0.1279147915650057,413.9415817313519,362.0145751522965,51.92700657905533,39.5095388031385,22.26647978238344,17.243059020755055,NB
frame_za_373.39_373.67,5.880303164071677,0.25,-0.1248998580834699,415.59848132186346,369.8188054365745,45.77967588528895,20.95812333761046,10.676266911984072,10.281856425626389,NB
frame_poX_373.92_374.02,14.507740168375662,0.0,-0.7102460770791151,418.8056872524254,374.4630075395943,44.34267971283112,3.21915647047166,1.6940880814008068,1.525068389070853,NB
frame_e_374.02_374.1,14.482106699080134,0.0,-0.0817340185323507,417.7147663112257,374.5707089513135,43.14405735991215,6.435659269460842,4.252987829091524,2.182671440369319,NB
frame_ze~_374.1_374.31,9.899120883537536,0.0,0.11197758057778,417.085273625308,370.28401249574665,46.8012611295614,43.26148348085137,13.998763119315186,29.262720361536186,NB
frame_plu_374.31_374.43,22.38748915783637,0.0,-0.3204383274680658,409.5628369827444,365.47109188607976,44.091745096664624,13.334536701321326,4.500061073640808,8.834475627680519,NB
frame_e~j~_374.43_374.51,5.448339789365605,0.0,-0.839183335526277,410.69685310152255,367.03993197265,43.65692112887257,7.933904636957337,3.2258324756350305,4.708072161322306,NB
frame_Re_374.51_374.61,1.3594203880278997,0.0,-0.5140220581115906,420.0941234880872,376.0291731820166,44.06495030607061,9.289126567606443,2.546314366399372,6.742812201207073,NB
frame_la_374.61_374.75,8.114043454625943,0.0,-0.3172128392934896,417.587376435976,373.539593047429,44.04778338854692,17.647275314421975,6.796527056766649,10.850748257655326,NB
frame_sa~w~_374.75_374.97,33.02602674492637,0.0,-0.5375523807568846,415.3550150198886,366.9542444512151,48.400770568673465,18.90091606477772,9.548466931977105,9.352449132800617,NB
frame_a_374.97_375.01,40.54887238134232,0.0,-0.7018388017129825,406.3460211068984,363.6730850115065,42.67293609539195,2.717621063406213,1.016782699014044,1.700838364392169,NB
frame_w_375.01_375.05,36.767359923713286,0.0,-0.4491216188158248,408.57029155942473,366.38607210868906,42.18421945073567,0.1494218735811188,0.1065779417929917,0.042843931788127,NB
frame_es_375.05_375.29,56.44364730416113,0.0,-0.8022140844980237,402.5304214450696,356.1927630663429,46.3376583787267,49.38395626478354,19.180562163111333,30.20339410167221,NB
frame_pa_375.29_375.48,23.17955549158592,0.0,0.3558825949407595,418.29939519062793,371.6689220333173,46.63047315731069,26.12392183233183,7.582070966112894,18.541850866218937,NB
frame_su_375.48_375.83,3.474817586036096,0.5,-0.5778049101643155,404.7279138531253,354.8299495323416,49.89796432078367,258.3321455369192,193.91398684101188,64.41815869590732,NB
frame_nu~_376.33_376.69,11.573545822726912,0.0,0.0250272998543375,422.3833436480446,369.22382806810776,53.15951557993685,43.92836023755601,9.346208804595932,34.582151432960075,NB
frame_o~_376.69_376.85,26.953416571430324,0.0,0.2412208051581136,422.0910465716652,375.8077069010188,46.283339670646455,15.300146018407418,5.004011054823877,10.29613496358354,NB
frame_me~j~_376.85_376.97,30.34915012640755,0.0,-0.6013931064999248,414.5745870986327,370.5039904560565,44.07059664257622,4.300690483876224,2.45110448220143,1.849586001674794,NB
frame_ki_376.97_377.03,26.182482933854715,0.0,-0.651041239034161,405.6917675415416,363.1491174653714,42.542650076170105,4.886856996054661,3.608872120379005,1.2779848756756564,NB
frame_si_377.03_377.15,15.602099053836469,0.0,-0.3913892288346848,412.684221352299,366.9655022729738,45.718719079325126,31.8097434659376,14.790600525918364,17.019142940019236,NB
frame_Sa_377.15_377.35,41.77770952866408,0.0,-0.4133693298976796,420.95760932725807,373.272282038179,47.685327289079,137.1246565565079,79.75008683300445,57.37456972350344,NB
frame_ma_377.35_377.63,16.49740392510455,0.0,0.8366650479644424,419.0126434538661,368.3616458266943,50.65099762717188,99.15004945091344,21.83757313406241,77.31247631685102,NB
frame_va_377.63_377.97,14.04401661752425,0.0,1.5097604821986916,417.1471022758331,367.4279009440093,49.7192013318238,193.33220181830416,119.3948214716151,73.93738034668907,NB
frame_Re_377.97_378.13,16.65867857799691,0.0,0.2064580078532631,422.0777826775165,375.3623693066823,46.71541337083414,24.21466448199537,6.017436724887574,18.1972277571078,NB
frame_nE_378.13_378.2,20.35632338384403,0.0,-0.9692516666495018,409.3592265370476,366.0333807559597,43.32584578108788,3.7180895471130953,2.325178621216736,1.3929109258963592,NB
frame_des_378.2_378.66,2.7663104746789315,0.0,4.385242390447941,415.6613577815343,364.5931800390027,51.068177742531645,25.913067740153053,15.451407863538437,10.461659876614618,NB
frame_kaX_378.66_378.92,51.31929441003248,0.0,0.2597261043354764,410.34536686783554,364.69157943736457,45.65378743047097,9.386475566198726,7.055542584090887,2.3309329821078397,NB
frame_tSis_378.92_379.01,41.26148126816831,0.7300000000000182,-0.651041239033423,397.3869810168948,357.0516273711926,40.335353645702185,17.229760037173662,4.749226320529672,12.48053371664399,NB
frame_ko~_379.74_379.86,65.90915312874532,0.0,-0.4585368458400115,403.6475414495628,359.5260679118114,44.1214735377514,4.074353598482475,2.0986040236456347,1.97574957483684,NB
frame_pre_379.86_380.0,6.354806346667914,0.0,-0.5140220581115906,422.00700952623566,375.2451126350525,46.76189689118314,50.33800680861182,28.41585819243852,21.922148616173303,NB
frame_e~_380.0_380.1,10.649481515882655,0.0,-0.0069175339350581,415.4353205192479,371.11184517178106,44.32347534746685,17.834178076279585,12.304477670766914,5.529700405512671,NB
frame_de~j~_380.1_380.21,26.18924241502509,0.8300000000000409,-0.7202882210127629,410.00042404759967,366.4075942420481,43.59282980555162,111.09758851292216,42.9130036126472,68.18458490027496,TB
frame_majs_381.04_381.33,5.378302928601357,0.0,-0.5095258205029628,424.0520372114028,372.1745221181086,51.87751509329422,36.07722780776382,25.01404864934969,11.06317915841413,NB
frame_a~_381.33_381.42,36.10909024637334,0.0,0.0050238540260938,421.2126380003765,377.3624079708168,43.85023002955967,7.937008178362021,1.9771607462582776,5.959847432103743,NB
frame_tSis_381.42_381.62,33.25163451573624,0.0,-0.651041239033423,410.8957650307995,364.15393285039215,46.74183218040736,13.110146872324918,5.190282452672676,7.919864419652242,NB
frame_dZi_381.62_381.71,29.85266058151163,0.0,-0.5212152339344229,416.7998007607183,372.8475213300226,43.95227943069574,1.675436239383373,0.9327616072979196,0.7426746320854534,NB
frame_Re_381.71_381.84,29.276356757116588,0.0,0.0623619946596371,419.005607959624,374.2513534719764,44.75425448764759,8.606953345822973,2.49883070147024,6.108122644352733,NB
frame_nE_381.84_382.0,54.37430921116869,0.0,-0.2818649312016744,415.18512104676086,369.8030641557753,45.38205689098555,13.86734079278682,6.310889882864828,7.556450909921992,NB
frame_des_382.0_382.19,45.25682346504192,0.0,0.6387460474325031,413.1547109728542,368.24507894010594,44.90963203274822,304.7046633072925,193.94284561415796,110.7618176931346,NB
frame_kaX_382.19_382.6,23.030896611325343,0.0,0.7405085573597058,416.6912398159086,365.3525663281436,51.33867348776511,21.433187110385347,11.85083002171325,9.582357088672095,NB
frame_tSis_382.6_382.69,15.413811070063986,0.0,-0.651041239033423,421.8682649470565,376.2279404761993,45.6403244708572,10.157453268220335,5.68052072682633,4.476932541394007,NB
frame_ow_382.69_382.75,6.371409269727906,0.0,-0.8889939762103032,417.30449357537367,375.411234488032,41.89325908734168,3.3839347422644157,1.7650662695332926,1.6188684727311229,NB
frame_vi_382.75_382.87,1.3042010453691546,0.0,-0.0019112135347324,417.0173106943586,371.02591877765815,45.99139191670048,10.650820887544969,4.852353830607711,5.798467056937255,NB
frame_u~_382.87_382.96,4.610874575405916,0.0,-0.2425722908968942,416.8382918485783,373.2660608199952,43.57223102858302,6.214073474692384,3.328517684483103,2.885555790209281,NB
frame_ow_382.96_383.05,19.942664270997,0.0,-0.3527502788167391,419.2512350482528,375.06614171929056,44.18509332896224,8.142306983491437,2.6028903468259443,5.539416636665493,NB
frame_tru_383.05_383.14,18.65427252184853,0.0,-0.5778049101643155,406.0407349248734,363.3355900898852,42.70514483498823,2.607614072165717,0.6786115362473595,1.9290025359183571,NB
frame_ki_383.14_383.2,18.14281130345833,0.0,-0.651041239034161,404.0731325493482,362.1711104616357,41.90202208771257,3.2101265733042226,2.242503712617747,0.9676228606864754,NB
frame_Sa_383.2_383.38,6.412033013065894,0.0,-0.5095258205029628,418.26812449790594,371.8042257338938,46.46389876401213,21.400271036145853,10.881441664670689,10.518829371475164,NB
frame_ma_383.38_383.46,1.9509579815982927,0.0,-0.7979952923177192,419.8738145776358,375.45843393605446,44.41538064158135,10.489877143285751,2.13606202225904,8.353815121026713,NB
frame_va_383.46_383.53,1.7637235256101178,0.0,-0.7018388017129825,418.8912542787813,376.0929014572892,42.79835282149208,3.525632362014477,1.8003523883905643,1.7252799736239126,NB
frame_zi_383.53_383.73,97.85117941714547,0.0,-0.0019112135339944,417.0873253906784,369.7956812744801,47.29164411619837,154.12451522482584,53.95827902796015,100.1662361968657,NB
frame_le_383.73_383.99,18.810608772857023,0.0,0.782842060624491,422.7752354292077,374.7623369029352,48.01289852627258,31.04233655633982,9.050645176397891,21.991691379941926,NB
frame_o_383.99_384.02,380.6572120443759,0.0,-0.8889939762113193,408.3415816038095,366.1042088510656,42.23737275274391,0.8670682266856602,0.5900395145017683,0.2770287121838919,NB
frame_naR_384.02_384.43,0.5323148306781604,0.0,1.1251345197791986,417.3813689142912,365.6072668840751,51.774102030216056,146.88495636516348,35.454428128298105,111.43052823686538,NB
frame_du_384.43_384.54,27.787382606519657,0.0,0.065611546575943,414.5974023263718,373.430321630072,41.16708069629988,82.69988947514692,28.872449043786503,53.827440431360415,NB
frame_da_384.54_384.77,4.442107425601364,0.0,0.6443520667549693,422.4984061330304,374.0430517508844,48.45535438214603,58.80678066166317,39.82106728998514,18.98571337167803,NB
frame_vi~_384.77_385.03,5.701787023386117,0.0,0.5627892443747141,411.7835773282325,363.5574797722037,48.22609755602889,14.172225947815209,7.661836025138001,6.510389922677206,NB
frame_si_385.03_385.54,85.0937422488725,2.259999999999991,-0.651041239033423,410.9816094793204,356.7336203760984,54.24798910322204,105.0536388212231,77.89370855531163,27.15993026591147,NB
frame_i_387.8_388.04,34.104299273823244,0.0,2.0753048680632915,421.90505834779526,372.8227012998992,49.08235704789598,205.7366113899243,155.7752489902826,49.9613623996417,NB
frame_ki_388.04_388.12,53.23403979076315,0.0,-0.3913892288339468,419.7845295920105,375.2283782989045,44.55615129310593,179.25954369564727,122.05205650910156,57.2074871865457,NB
frame_dew_388.12_388.22,57.58867084767746,0.0,-0.8022140844972045,411.2304028427007,367.0725576329909,44.15784520970976,16.855286166611137,7.69076456365994,9.164521602951195,NB
frame_a_388.22_388.28,69.93429235237616,0.0,-0.5095258205035094,406.92463491308575,364.0357664894328,42.88886842365292,7.529453963923714,3.198271142756994,4.3311828211667205,NB
frame_foR_388.28_388.42,20.917139779123342,0.0,-0.1740023796855511,426.64060220133854,379.8674063863096,46.773195815029,18.71706636657169,8.202941511007452,10.514124855564232,NB
frame_ma_388.42_388.62,22.93148105953256,0.589999999999975,-0.4133693298982262,420.3763667643752,373.16598012282407,47.21038664155111,31.13782582712483,21.55967282369909,9.57815300342574,NB
frame_fi~_389.21_389.43,44.94231097301892,0.0,-0.4143406623865027,410.3823293584934,363.15787088147374,47.22445847701965,151.6841081381416,93.18207638371952,58.50203175442206,NB
frame_naw_389.43_389.78,0.9416779988071936,0.1800000000000068,0.8366650479644424,421.31545781070986,370.0910960181948,51.22436179251508,56.16867599200151,30.04800223565877,26.12067375634274,NB
frame_a_389.96_389.99,451.0147132146485,0.0,-0.7979952923171725,409.518911088808,366.90585415933225,42.61305692947576,0.1521390080660012,0.0692205193137169,0.0829184887522842,NB
frame_u~_389.99_390.07,10.845120989054692,0.0,-0.2871722226887239,418.9049837921283,376.06726320606833,42.83772058605996,3.208047869790704,0.9910677764846412,2.216980093306063,NB
frame_ma_390.07_390.25,2.77776583209436,0.0,-0.4133693298982262,418.0060037318382,371.0157901778314,46.99021355400674,10.1850901297438,5.507298817766525,4.677791311977273,NB
frame_no_390.25_390.37,11.114077855906316,0.0,-0.3527502788167391,418.0017472378919,372.621167487747,45.38057975014493,14.59161299769326,8.95966580816102,5.631947189532241,NB
frame_sa~w~_390.37_390.64,4.710439921932249,0.410000000000025,-0.8088404981479883,419.2833870198551,369.7918169992767,49.491570020578536,5.343385048801707,2.835409390320052,2.507975658481655,NB
frame_peXs_391.05_391.52,6.138598109929006,0.0,0.926938073818117,420.3967161847567,367.3075994925214,53.089116692235336,11.427281268009809,5.917801406249794,5.509479861760013,NB
frame_pek_391.52_391.85,5.994057822774124,0.0,1.7915141529749588,419.49562127959695,369.18811320988834,50.30750806970861,118.521963647671,94.70214605032784,23.81981759734316,NB
frame_tSi_391.85_392.2,23.18678704198732,0.0,0.9068708221641724,414.5373642296344,363.6728980240626,50.86446620557177,40.89709943535429,14.46781264253653,26.429286792817763,NB
frame_va_392.2_392.64,91.80532719244464,0.3100000000000023,2.471325388246604,411.2828462270823,357.3878793527925,53.89496687428982,10.235026567201004,5.121627618468168,5.113398948732836,NB
frame_sEX_392.95_393.39,99.21762987202077,0.0,0.6019180143732265,418.839562537835,367.1588054273179,51.68075711051711,398.8500843607149,281.9391592681873,116.91092509252748,NB
frame_tu_393.39_393.47,84.61130424213192,0.7599999999999909,-0.4491216188158248,398.6489823582288,356.7909562593744,41.85802609885434,7.0516009987360775,4.44919772221175,2.602403276524328,TB
frame_to_394.23_394.31,244.30826138678432,0.0,-0.5314981779479272,424.1394027063644,378.4704518177633,45.668950888601046,19.938864606535677,5.296766167188991,14.642098439346682,NB
frame_dus_394.31_394.4,44.299644328201566,0.0,-0.5778049101635839,417.0965831050266,375.2055205171824,41.89106258784426,3.7232760146718817,1.3519313694409618,2.37134464523092,NB
frame_vo_394.4_394.47,49.78729443128074,0.0,-0.7102460770791151,421.0932534777411,378.78967353491095,42.30357994283014,4.208650428467735,2.089790969425735,2.118859459042,NB
frame_sejs_394.47_394.56,46.46827200226392,0.0,0.0,411.6212952254356,367.34439554653926,44.27689967889632,8.089660763049665,4.023869305791351,4.065791457258314,NB
frame_ko_394.56_394.79,38.5532967516672,0.0,-0.6581180713043976,418.31876189626246,369.8043423542711,48.5144195419914,28.514295923679867,12.15121936231398,16.363076561365887,NB
frame_Je_394.79_394.94,62.68048786049377,0.0,-0.2258300317259767,413.97135533068433,370.083991269,43.88736406168431,14.358438477581302,7.752139366273411,6.606299111307891,NB
frame_se~j~_394.94_395.09,70.87627586234964,0.0,-0.8391833355256011,410.0564164880606,367.911635986156,42.14478050190468,7.375732023187581,4.274462142902479,3.101269880285102,NB
frame_a_395.09_395.12,19.73918682448516,0.0,-0.7979952923171725,399.7187743448648,358.0403227283497,41.67845161651508,9.11763418699249,4.300166236816722,4.817467950175768,NB
frame_sa~_395.12_395.29,63.52731453514002,0.0,-0.2662642633657809,420.15963259401855,373.986134246292,46.173498347726536,5.401662681915155,3.42198737937386,1.9796753025412956,NB
frame_ta_395.29_395.42,309.89255330509025,0.0,-0.5095258205029628,418.34235521097605,373.7679795432895,44.57437566768658,24.17394645108243,5.776071731984018,18.39787471909841,NB
frame_sej_395.42_395.77,68.9555554618916,0.0,0.782842060624491,420.8943895007896,368.5291802950477,52.36520920574191,23.80279832320859,6.7407189804526695,17.062079342755922,NB
frame_a_395.77_395.8,209.65120354588672,0.0,-0.7979952923171725,396.7904508783184,355.06814036045,41.72231051786844,31.154446280896025,13.739136397442394,17.41530988345363,NB
frame_pe_395.8_395.87,229.15471679777664,0.0,-0.6581180713043976,413.9757705312069,371.29225841023936,42.68351212096752,50.42031201193737,20.404987115662266,30.015324896275104,NB
frame_lu_395.87_396.04,94.47483546705878,0.0,0.3229781292714613,415.0477027455981,368.8713043295211,46.17639841607706,67.3537076695633,16.255091510948546,51.09861615861477,NB
frame_me~_396.04_396.2,113.7470487395824,0.0,-0.2447077629614103,409.9875097384016,364.5344046106005,45.453105127801166,17.921175652549735,11.173350082542555,6.74782557000718,NB
frame_nus_396.2_396.53,122.0580209601686,0.3800000000000523,-0.5778049101643155,405.1017854366521,355.27967485854685,49.8221105781052,53.36059290172653,29.79456240340494,23.566030498321595,TB
frame_pa_396.91_397.01,20.11778232966921,0.0,-0.4133693298982262,399.94343409564334,357.1177875103833,42.82564658526002,119.16316206332648,59.45486149998271,59.70830056334375,NB
frame_ra_397.01_397.07,39.15696378898963,0.0,-0.7979952923177192,412.7837033376145,370.8717358138056,41.911967523808926,3.156065914409382,1.3352843377673622,1.82078157664202,NB
frame_na~w~_397.07_397.17,24.49392410931796,0.0,-0.8088404981487594,417.1031695659697,372.6760288927384,44.42714067323129,4.96465092433931,2.302796458076301,2.6618544662630086,NB
frame_fa_397.17_397.27,81.3408509108978,0.0,-0.7979952923177192,420.0836034593432,374.5254087595955,45.55819469974767,0.1287189084554825,0.0847352966911003,0.0439836117643821,NB
frame_laX_397.27_397.43,2.451484294680938,0.0,-0.5095258205029628,421.7700611193237,375.09734057108415,46.67272054823957,20.327066886202232,7.026563035904815,13.300503850297416,NB
frame_na_397.43_397.5,5.731519627989826,0.0,-0.7979952923177192,420.02497483616287,375.4161762749917,44.60879856117117,1.2160171240778936,0.5365378392544073,0.6794792848234863,NB
frame_Zi_397.5_397.65,14.491166407153514,0.0,-0.651041239034161,421.1771677104641,374.3324916851039,46.84467602536023,30.784221644741194,19.030022002074105,11.75419964266709,NB
frame_o_397.65_397.7,25.446134838154023,0.0,-0.5314981779479272,414.7969562960835,373.3434725609264,41.453483735157135,4.57481629990329,2.8042069532950222,1.7706093466082675,NB
frame_ko~_397.7_397.92,18.2176927501414,0.0,-0.3585714671260748,416.2676593437678,370.52818481197295,45.739474531794826,48.17786346896119,14.297232973551246,33.880630495409946,NB
frame_da_397.92_397.98,62.22606554931026,0.2899999999999636,-0.7979952923171725,407.1056618914442,364.2378691696777,42.86779272176648,27.07991793919161,6.087232621634186,20.992685317557424,NB
frame_na~w~_398.27_398.39,3.686927587448508,1.0300000000000296,-0.6731964394524365,413.7302243123456,368.9576439565503,44.7725803557953,27.055080845097407,11.358066178699076,15.697014666398331,TB
frame_E_399.42_399.45,352.9240958997325,0.0,-0.9692516666495018,403.2578192582537,361.63952738904,41.61829186921375,7.365795206131224,3.803074824375813,3.562720381755412,NB
frame_a_399.45_399.48,54.0868209289053,0.0,-0.7979952923171725,411.9239956667759,369.0441187022737,42.879876964502216,3.739386545660196,1.3693171272934848,2.370069418366711,NB
frame_Zi_399.48_399.66,31.99365373587156,0.0,-0.521215233933685,423.1670438175127,375.2283809750592,47.93866284245343,42.36848026309656,21.5604236435334,20.80805661956316,NB
frame_o_399.66_399.8,15.555748828671028,0.0,1.077232914233781,421.2667791680728,376.2792139129047,44.98756525516819,4.439398828291928,2.343152935662204,2.0962458926297245,NB
frame_ko~_399.8_400.04,30.99877919654523,0.0,0.5411169412999238,421.1606128447505,373.0577862688332,48.10282657591733,32.6836518814969,10.568024004150288,22.11562787734661,NB
frame_da_400.04_400.22,197.24184522063877,0.9699999999999704,0.1635696137312863,420.7266155405919,374.9204225728905,45.80619296770135,386.6194800460021,185.2024902183166,201.41698982768557,NB
frame_se_401.19_401.33,51.281151694499954,0.0,-0.8022140844980237,412.17455886345294,368.90560770346633,43.26895115998661,0.5404799045206943,0.1688592944931741,0.3716206100275201,NB
frame_gu~_401.33_401.49,13.63539615420305,0.0,-0.2871722226887239,423.0890163955272,375.7779251017847,47.31109129374249,67.06687413497728,24.32685386728147,42.74002026769581,NB
frame_du_401.49_401.65,5.031166548032047,0.0,0.5803447119669796,417.7939932940877,372.2434245058592,45.55056878822853,19.055639040767574,9.981465411106882,9.074173629660692,NB
frame_klaw_401.65_401.81,16.527254425032254,0.0,-0.605682311108246,425.4953653293824,378.57193153415614,46.92343379522629,10.257548102383026,4.424676478465159,5.832871623917868,NB
frame_dZi_401.81_401.87,282.1970969810409,0.0,-0.651041239033423,411.9113470127143,369.58429895571794,42.327048056996375,49.68502918313476,24.44318379991057,25.241845383224188,NB
frame_va_401.87_401.99,42.62458077883805,0.0,-0.7979952923171725,419.5883499347656,374.7298341274312,44.85851580733441,4.979684393279314,1.9790111394563183,3.0006732538229954,NB
frame_lE_401.99_402.17,54.00739563816167,0.0,-0.1836668261378586,418.4353614661777,372.64799434683727,45.787367119340445,12.408250326216477,6.847765685402678,5.560484640813797,NB
frame_Xi_402.17_402.34,96.70639911135538,0.3300000000000409,0.7770448170644343,413.3643510462447,367.5067664555111,45.85758459073361,296.0255572167969,123.23567716538427,172.78988005141264,NB
frame_foj_402.67_402.83,11.34468509444352,0.0,-0.3527502788177552,423.3677086378349,375.8178183590619,47.54989027877298,9.63134303858223,6.816666896855764,2.8146761417264656,NB
frame_u_402.83_403.02,12.029778430815838,0.0,1.481127751402025,417.0620577330633,371.1287405421863,45.933317190877005,5.477001291533952,2.6068924175209247,2.8701088740130274,NB
frame_pe_403.02_403.21,28.20758343530167,0.0,1.071034087010105,418.689125690692,373.0331668479196,45.65595884277241,80.02888043175761,36.65492378823262,43.37395664352499,NB
frame_da_403.21_403.43,6.691239183397897,0.0,0.6443520667549693,418.5454006759757,371.3671379073926,47.17826276858312,43.5332983568197,22.851747117863795,20.681551238955905,NB
frame_su_403.43_403.94,42.85370032980176,0.0,-0.5778049101643155,410.6980024629619,355.0617545567003,55.63624790626153,12.332403427125072,5.391659601712419,6.940743825412653,NB
frame_dZi_403.94_404.0,62.39726979821066,0.0,-0.651041239034161,401.6377284715793,360.05011622605576,41.58761224552353,2.920177090621422,0.9064945014393686,2.0136825891820536,NB
frame_tE_404.0_404.17,16.229181563447128,0.0,-0.0854687210740427,423.47907956020697,376.6153919575594,46.86368760264765,18.637268922840008,8.83944864627307,9.797820276566938,NB
frame_la_404.17_404.36,6.36738033584686,0.0,0.3558825949407595,417.61273992440647,371.8119059476395,45.80083397676697,14.757225299906594,7.734022093213696,7.023203206692898,NB
frame_te_404.36_404.46,25.23414522580478,0.0,-0.2258300317259767,415.33351302016655,372.3695965676657,42.963916452500825,19.680647836485434,13.266770228265017,6.413877608220417,NB
frame_si_404.46_404.85,20.36571599779765,0.0,-0.521215233933685,419.0566101849471,365.8228207683771,53.233789416570005,115.23376684704972,33.16625658582262,82.0675102612271,NB
frame_da_404.85_404.91,4.275601466104803,0.0,-0.7979952923171725,409.10612266067056,366.38632727272295,42.71979538794761,6.678998339544734,5.119936827537941,1.5590615120067923,NB
frame_ki_404.91_405.03,4.894382836307727,0.0,-0.0019112135347324,412.7388221300582,367.2259366059315,45.51288552412672,9.513489708490994,6.40749025984212,3.1059994486488733,NB
frame_majs_405.03_405.29,14.842825983674205,0.0,0.0674131231260032,420.2289633715298,369.546591402779,50.68237196875083,24.761412982289528,9.223675974889003,15.537737007400525,NB
frame_az_405.29_405.51,7.843714179755324,0.0,-0.605682311108246,418.4712840487866,371.0138190183567,47.45746503042994,9.841688815157426,4.47309402883684,5.368594786320585,NB
frame_nej_405.51_405.73,7.245229568989373,0.0,-0.6581180713052167,419.0516594835987,371.8300707355304,47.22158874806832,18.967962894763986,9.960753853436046,9.00720904132794,NB
frame_ras_405.73_405.89,15.85477029532231,0.0,-0.7979952923171725,416.1362344409538,369.6021551887414,46.53407925221239,43.37450026850748,18.078230404796614,25.29626986371086,NB
frame_ow_405.89_406.0,22.67085598270853,0.0,-0.8889939762103032,413.4182657577597,370.07358095551,43.34468480224973,20.70126117111288,7.504960538894466,13.19630063221841,NB
frame_viw_406.0_406.17,5.97534849662344,0.0,-0.5212152339344229,417.64115565297806,371.0489617365021,46.592193916475935,46.057256640396616,17.835021530110623,28.222235110285997,NB
frame_nu_406.17_406.29,1.32634657547257,0.0,-0.3204383274680658,418.516822488887,372.9262044593188,45.59061802956819,9.09608356530316,4.728643643002954,4.367439922300207,NB
frame_mu~_406.29_406.56,50.50148350816032,0.0,0.1588270952300802,414.1920639759878,365.4204755671112,48.7715884088766,47.70462824481105,23.15992897764625,24.5446992671648,NB
frame_du_406.56_406.75,9.911522932783411,1.009999999999991,0.8377112946624977,407.1773172767687,362.2631617016874,44.91415557508128,5.026866731194332,1.911998171110639,3.1148685600836927,TB
frame_to_407.76_407.86,11.745930864586086,0.0,-0.3527502788167391,423.3114563969027,377.381003105754,45.93045329114869,18.122642504378064,7.691976910255136,10.430665594122928,NB
frame_du_407.86_407.99,6.187290303750615,0.0,0.3229781292714613,420.1517358953223,376.0506113886632,44.10112450665906,7.754550740513707,3.9884422349483657,3.7661085055653416,NB
frame_mu~_407.99_408.09,27.28622258759023,0.0,-0.3317721544805537,417.106367668218,372.393740280177,44.71262738804097,18.58578545313381,6.4058518413872605,12.179933611746549,NB
frame_du_408.09_408.15,190.92498477163448,0.0,-0.5778049101643155,414.9796034644245,372.0083595183813,42.97124394604316,2.130598245728663,1.2895109380836516,0.8410873076450116,NB
frame_e~j~_408.15_408.25,19.131466710584704,0.0,-0.8391833355256011,411.8237791175782,369.196774866582,42.62700425099621,14.053751527050736,5.391034401393171,8.662717125657565,NB
frame_pa_408.25_408.39,5.341463268447598,0.0,-0.3172128392934896,420.30264941113,373.4386212399158,46.86402817121416,28.794558206013303,17.626422988497012,11.168135217516294,NB
frame_rijs_408.39_408.55,7.588190286504158,0.0,-0.651041239034161,415.1264311470479,369.3545367182264,45.771894428821554,18.229001914154537,6.560499812899735,11.668502101254802,NB
frame_Se_408.55_408.74,3.062545067688575,0.0,-0.2258300317259767,420.3761689795661,373.7709512358366,46.60521774372944,8.372429329986858,3.7454519607186967,4.626977369268161,NB
frame_ga_408.74_408.84,3.626071496589788,0.0,-0.7018388017129825,420.2642260795554,375.9705234715021,44.29370260805325,11.26745767738285,5.045088788228611,6.22236888915424,NB
frame_fre~_408.84_409.03,5.92354716101147,0.0,-0.0069175339357339,413.72001003449833,368.65913620940233,45.060873825096,16.623468099976748,10.520208298075149,6.103259801901601,NB
frame_tSi_409.03_409.13,270.7420363649263,0.0,-0.651041239034161,416.1235649784432,371.9781332497491,44.145431728694064,10.475313731087226,5.081687317199567,5.39362641388766,NB
frame_a_409.13_409.16,19.02464648932469,0.0,-0.7979952923171725,402.52520513859486,360.8567770019853,41.66842813660952,3.3507501687107464,1.702733229798298,1.6480169389124484,NB
frame_Zi_409.16_409.32,11.916751561720474,0.0,-0.521215233933685,418.401377567077,371.3892145267032,47.01216304037388,5.212710390960439,2.147348542478369,3.0653618484820697,NB
frame_o_409.32_409.42,15.54198477144331,0.0,0.362241317709029,408.0068435303283,365.38356326066366,42.62328026966463,3.6792706090136,2.149130536343165,1.5301400726704344,NB
frame_ko~_409.42_409.66,8.936941468234465,0.0,0.4411515625859871,420.3486184148387,370.8207006547143,49.52791776012441,20.4684768880753,11.360699589432414,9.107777298642889,NB
frame_da_409.66_409.79,6.738565618770195,0.8899999999999864,-0.4133693298982262,414.2842794802202,370.4623058872138,43.82197359300648,16.10101494067439,1.856311147905416,14.244703792768972,NB
frame_i_410.68_410.79,94.44301956042284,0.0,0.3875668017652199,413.95735164400855,370.2033136155789,43.7540380284297,2.9408838059422777,1.1325932375018368,1.808290568440441,NB
frame_dZijs_410.79_410.99,84.52741417173951,0.0,-0.521215233933685,421.86319902292416,374.123599520212,47.73959950271217,98.7882701437966,24.558902975086426,74.22936716871018,NB
frame_az_410.99_411.17,101.71208007796588,0.0,-0.7018388017129825,417.0624003216108,371.0109357968763,46.051464524734456,28.07020020412841,14.99362848847042,13.076571715657993,NB
frame_nej_411.17_411.39,178.47646994574703,0.0,0.2064580078532631,414.8563326868928,367.5318369574943,47.32449572939845,19.43643577492145,8.967231931751769,10.46920384316968,NB
frame_ras_411.39_411.64,15.730196280798964,0.8000000000000114,-0.7018388017129825,405.9958311518696,357.1889539632713,48.80687718859826,1.6035374607126869,0.5920745702673855,1.0114628904453014,TB
frame_nE_412.44_412.84,42.2448254264354,0.410000000000025,-0.8710535615856859,412.74109679354,359.9858749107227,52.75522188281724,242.94539045843825,94.41588876482604,148.52950169361222,NB
frame_majs_413.25_413.4,33.389749769328006,0.0,-0.7018388017129825,419.5753972459349,372.8980023135753,46.67739493235962,5.042860230837164,2.2475362086790085,2.7953240221581552,NB
frame_na_413.4_413.57,33.8116528972098,0.0,-0.1248998580840165,424.0744649996413,376.8214816690733,47.25298333056804,50.45167264163891,11.183685046047088,39.26798759559182,NB
frame_Zi_413.57_413.9,25.948923965181564,0.0,1.426174842563863,422.5433557076994,371.7523289146315,50.791026793067886,29.34239116705038,15.87621842122823,13.46617274582215,NB
frame_o_413.9_413.93,22.146636532029987,0.0,-0.8889939762103032,395.9511175126093,354.97659776959625,40.97451974301299,2.842524623587366,1.5545530058677457,1.28797161771962,NB
frame_ko~_413.93_414.19,39.93806184396431,0.0,0.9409784561562388,417.9545439496407,368.0228625894417,49.93168136019898,29.215904868658185,15.12292293828341,14.092981930374776,NB
frame_da_414.19_414.6,125.90911679961604,0.0,2.1828559164323944,409.9170697878464,359.53164708248585,50.3854227053605,423.8793984473279,227.5418700698024,196.33752837752556,NB
frame_majs_414.6_415.01,43.02940302448404,0.0,-0.7979952923177192,416.8373007878026,363.4850736426787,53.35222714512389,24.634516670886786,5.304015898197903,19.33050077268888,NB
frame_es_415.01_415.19,42.99136810827005,0.0,-0.3699260449187837,420.31362088805633,374.561390970605,45.75222991745136,16.67632204863449,6.622792781120012,10.053529267514476,NB
frame_pe_415.19_415.25,7.908348619482183,0.0,-0.8022140844980237,416.1838830569942,373.6593730937725,42.52450996322165,8.94641721003228,6.537174446966674,2.409242763065606,NB
frame_si_415.25_415.31,17.87028098134624,0.0,-0.651041239033423,413.191821973729,370.5138588475792,42.67796312614985,11.31101593254752,8.530267552097655,2.7807483804498645,NB
frame_aw_415.31_415.37,108.9811882927719,0.0,-0.7979952923177192,409.81904007905047,368.6045764940253,41.21446358502516,3.0295809381090493,1.6935590350077732,1.336021903101276,NB
frame_me~_415.37_415.52,63.36946070117443,0.0,0.2308726950906181,410.3464249257692,368.7051014366493,41.64132348911989,11.803652616406993,7.603329200445671,4.200323415961321,NB
frame_tSi_415.52_415.66,22.250894016152643,0.0,-0.651041239033423,402.8409964661664,358.0378376667349,44.80315879943152,15.623676356101669,8.907682078856283,6.715994277245386,NB
frame_na_415.66_415.75,73.24764642245292,0.0,-0.6056823111076994,409.8879997370036,366.6903136068107,43.19768613019284,8.674021814810402,4.859329456348945,3.814692358461457,NB
frame_sej_415.75_416.19,21.266208244499268,0.0,-0.6581180713052167,419.8707130504523,363.9741149505022,55.8965980999501,53.7710677224395,18.70471984810769,35.06634787433181,NB
frame_a_416.19_416.31,91.64207030809712,0.1100000000000136,0.0674131231260032,410.07368282398346,365.9239332998722,44.14974952411126,63.113785837748736,40.79385004823068,22.319935789518052,NB
frame_a_416.42_416.52,4.954501240800738,0.0,-0.1248998580840165,419.69108514904457,374.99717352261706,44.69391162642751,19.413990031269577,8.205645568945641,11.208344462323936,NB
frame_E_416.52_416.59,8.230193455542206,0.0,-0.5764592463936802,414.9167627324075,372.8728333347424,42.04392939766507,2.2348886116927247,0.9594840024258532,1.2754046092668716,NB
frame_sa_416.59_416.95,4.150085660161466,0.0699999999999931,1.1251345197786522,416.3217848042197,364.5099652787206,51.81181952549906,42.42356462626762,14.226135397129894,28.197429229137725,NB
frame_peXs_417.02_417.3,0.9009066881728528,0.0,0.2064580078532631,419.7452965470884,371.1211464918,48.6241500552884,17.86050482540398,13.800933560369115,4.059571265034862,NB
frame_pek_417.3_417.53,27.32793584250686,0.0,0.0623619946604562,414.50328438068885,367.4512384096935,47.05204597099538,18.07463239186981,8.322486032143331,9.75214635972648,NB
frame_tSi_417.53_417.65,43.65477189237888,0.0,-0.651041239034161,401.4078808716017,356.7060295452353,44.70185132636647,257.5841251188661,135.12444629131477,122.45967882755131,NB
frame_va_417.65_417.72,55.93513204693448,0.9399999999999976,-0.7979952923171725,397.447794514769,356.3615592457861,41.08623526898299,238.16781198945253,99.33146563257353,138.836346356879,TB
frame_vo_418.66_418.73,20.620238896712053,0.0,-0.7102460770791151,417.1898472975764,372.8922644683668,44.2975828292096,8.281748655309698,4.083631051193919,4.19811760411578,NB
frame_sejs_418.73_418.81,21.14103564714091,0.0,0.0,407.0466342206525,362.3571801437832,44.68945407686925,2.638570063502698,1.7742322847107204,0.8643377787919775,NB
frame_a_418.81_419.0,37.85252311113382,0.0,-0.8022140844980237,420.89416274407904,374.19424412873127,46.69991861534771,15.850640356650786,7.84929904454961,8.001341312101175,NB
frame_pre~_419.0_419.22,18.894995411272102,0.0,0.11197758057778,417.94666735866326,370.5545200995,47.39214725916332,35.11370992207236,21.983393197780856,13.130316724291504,NB
frame_de_419.22_419.37,21.2575352008715,0.0,-0.0817340185331698,420.45054310206126,374.1898785591659,46.26066454289537,59.478456717984045,14.102728078220167,45.37572863976388,NB
frame_ra~w~_419.37_419.46,20.27043389317835,0.0,-0.8088404981479883,414.08658322388936,371.5006334570292,42.58594976686015,4.892042242569843,3.2893307329445065,1.6027115096253368,NB
frame_a_419.46_419.49,15.88048323587229,0.0,-0.7979952923171725,397.83492088520825,356.8259478920293,41.00897299317893,0.6583085030100619,0.3350085067373243,0.3232999962727376,NB
frame_i~_419.49_419.56,23.201759345436898,0.0,-0.4143406623865027,410.5171948872187,367.10008017998416,43.41711470723459,3.217360007222624,1.8424965770436896,1.3748634301789338,NB
frame_da_419.56_419.7,37.86210845064875,0.0,-0.2210563486887531,420.0475219559254,374.4601879503904,45.58733400553501,112.50394093867688,42.9082831263259,69.59565781235098,NB
frame_de_419.7_419.82,36.695408668023134,0.0,-0.0817340185331698,416.8016963197998,372.5836894468026,44.2180068729972,4.100467522965687,2.1415950327498763,1.9588724902158103,NB
frame_ze~_419.82_420.1,19.165229925126567,0.0,-0.4824979919870866,419.890951136608,369.70538330850405,50.18556782810396,34.60673478634649,13.793767775421571,20.81296701092492,NB
frame_Ju_420.1_420.2,12.460605104944364,0.0,-0.5778049101643155,413.0710297912461,368.2320329953724,44.8389967958737,7.174693215196541,3.716840335964236,3.4578528792323056,NB
frame_najs_420.2_420.43,43.12410145355794,0.0,-0.5095258205029628,412.5010240117456,364.54788919421,47.95313481753567,22.825072952493272,12.888729157183406,9.936343795309869,NB
frame_es_420.43_420.68,78.21639648562558,0.0,-0.8022140844980237,416.4173603027096,367.0094929538957,49.4078673488138,9.94986464903431,5.029269730387483,4.920594918646827,NB
frame_ko_420.68_420.8,35.09786172221287,0.0,0.183493418577841,417.3092578665152,374.7275173356743,42.58174053084088,5.745517081432169,3.0397479727603383,2.7057691086718307,NB
frame_las_420.8_421.2,46.94468447924062,0.0,-0.5095258205029628,412.8823441413781,361.5643684470838,51.31797569429432,8.846747753238645,4.659561879499847,4.187185873738798,TB
frame_na_421.2_421.28,30.46736658550321,0.0,-0.605682311108246,415.6016882955186,371.1743733550026,44.427314940516055,1.4401422385036255,0.3781188054107787,1.0620234330928469,NB
frame_mi~_421.28_421.39,7.903715504926453,0.0,-0.4143406623865027,411.7169914665439,366.4614155726152,45.255575893928665,24.043375266668303,8.324002666723231,15.719372599945077,NB
frame_Ja_421.39_421.54,17.922298168616493,0.0,-0.6056823111076994,418.7422180720426,372.5714794846149,46.17073858742765,21.87206434638865,14.458403457534814,7.41366088885384,NB
frame_E_421.54_421.85,55.35408932430387,0.0,1.780295275140133,417.1308821019221,368.0307484248426,49.1001336770795,70.40771482648042,42.239560471198885,28.16815435528153,NB
frame_po_421.85_421.92,128.31120803537,0.0,-0.7102460770791151,405.9181078852691,365.33740789023534,40.58069999503374,20.899386511001357,9.770906904350111,11.12847960665124,NB
frame_ka_421.92_422.04,77.75448237971257,0.6599999999999682,-0.2210563486882065,410.1562943619573,364.8422439961936,45.314050365763705,46.394023349103264,31.38239454367536,15.011628805427904,NB
frame_a_422.7_422.77,17.144491822369503,0.0,-0.4133693298982262,417.8462429540658,373.3767379905836,44.46950496348222,5.31812856589363,2.7746065870781536,2.543521978815477,NB
frame_vi_422.77_422.88,7.158154757270069,0.0,-0.651041239034161,414.9704282068598,369.8853889712707,45.085039235589136,30.702379162555644,18.93179289465317,11.770586267902472,NB
frame_a_422.88_422.91,16.080577470803632,0.0,-0.7979952923171725,411.3702499960261,368.4127004110673,42.95754958495888,0.7231415849544476,0.3678479748896279,0.3552936100648196,NB
frame_ajs_422.91_423.04,11.12777899821046,0.0,-0.7979952923177192,415.4306909902479,371.40455587815046,44.02613511209739,3.979304398765066,2.345068381917372,1.6342360168476944,NB
frame_fa_423.04_423.17,0.3126919920357522,0.0,-0.1248998580834699,417.8769214090104,371.98671043447206,45.89021097453832,15.360558673025878,10.202346648970549,5.158212024055331,NB
frame_mO_423.17_423.3,0.7945671329616175,0.0,-0.9241055826450596,415.9711943845388,370.7219548276443,45.24923955689445,31.400193621310947,12.521665814004509,18.87852780730644,NB
frame_zas_423.3_423.39,35.32162404920828,0.0,-0.7979952923171725,413.2054721341409,370.30936999432777,42.89610213981314,63.20807347578747,42.664259660085605,20.543813815701867,NB
frame_peXs_423.39_423.58,1.4581752151364924,0.0,-0.8022140844980237,410.7848010563662,365.3225815378107,45.46221951855546,6.087503301908839,2.8332569017007927,3.2542464002080465,NB
frame_pek_423.58_423.73,34.866591270709435,0.0,-0.0817340185331698,419.1279891951067,374.9612281057424,44.16676108936434,79.57563349114622,36.1331439514418,43.44248953970443,NB
frame_tSi_423.73_424.02,8.845094121096878,0.0,1.426174842563863,418.0733116799915,368.3765304358898,49.69678124410166,14.248936765248928,6.86205746476449,7.386879300484438,NB
frame_vas_424.02_424.24,8.57243368190447,0.0,-0.605682311108246,420.31401251791823,372.69091310982935,47.62309940808888,20.72779426842439,9.071252247723464,11.656542020700924,NB
frame_dZi_424.24_424.43,13.367112783187965,0.0,0.6472188119646962,412.7383730854429,366.284916348676,46.45345673676684,76.15454211299729,16.818494177409974,59.33604793558731,NB
frame_po~_424.43_424.53,14.17591171917283,0.0,-0.6584676032684531,419.7715965351262,376.1890145799532,43.582581955173055,10.46802817722795,6.3811816845516205,4.0868464926763295,NB
frame_tu_424.53_424.72,39.04899671693377,0.0,1.0950778773587475,410.30972216127583,364.3450758540676,45.96464630720823,101.60715034933628,70.93844554201547,30.668704807320808,NB
frame_dZi_424.72_424.85,11.517085304270609,0.0,-0.0019112135339944,412.46109008705895,367.9525073086959,44.50858277836306,3.078487426468428,0.7406412924368766,2.337846134031551,NB
frame_fu_424.85_424.99,1.8791375869442677,0.0,-0.5778049101635839,417.6026199780762,370.5767672324045,47.02585274567173,5.735051833583128,2.615940397151263,3.119111436431865,NB
frame_ga_424.99_425.12,6.245012454901399,0.0,-0.2210563486882065,421.4621384135058,374.9986611841916,46.463477229314265,30.48715678780185,10.813388763702534,19.67376802409932,NB
frame_vo_425.12_425.24,35.398920712276706,0.0,-0.7102460770791151,414.7963933594908,370.8249313083875,43.971462051103344,6.592294781270496,2.6522922081340283,3.940002573136468,NB
frame_sejs_425.24_425.27,90.59056487001638,0.0,0.0,404.0546411465001,361.7665149407928,42.28812620570727,5.0134197782274725,1.838306504522393,3.17511327370508,NB
frame_a_425.27_425.56,10.528462321593082,0.0,-0.8022140844972045,417.8258817577843,368.6605242001799,49.16535755760441,15.144516077502304,8.837938099505408,6.306577977996895,NB
frame_pre~_425.56_425.74,11.7598092084191,0.0,0.2308726950906181,417.3825231719005,370.8442407464357,46.53828242546473,8.048234170060738,4.525827406780806,3.522406763279932,NB
frame_de_425.74_425.84,34.61352723519988,0.0,-0.3699260449187837,419.74268324879046,375.5000269306017,44.24265631818878,123.27805717393178,76.62352237544161,46.654534798490175,NB
frame_ra~w~_425.84_425.99,59.45873033922497,0.0,0.0050238540253227,412.8271975323735,368.79741530608464,44.02978222628883,86.90149445492682,66.38344594464114,20.518048510285688,NB
frame_i_425.99_426.04,15.048109842030923,0.0,-0.3913892288339468,412.0979863223531,370.24497147737617,41.85301484497694,2.220832954611126,1.44735889104453,0.7734740635665958,NB
frame_su_426.04_426.32,114.2498603849267,0.0,-0.5778049101643155,407.90993454569,357.6974369403674,50.2124976053226,12.480315744459377,3.2128940289592838,9.267421715500092,NB
frame_najs_426.32_426.5,39.67049512017813,0.0,-0.7979952923177192,413.43132855266623,366.83796439935657,46.59336415330967,22.80427105405528,16.34924581871374,6.455025235341537,NB
frame_aw_426.5_426.66,21.990525517977744,0.0,-0.1248998580834699,420.78328651647496,373.2887551512183,47.49453136525659,8.869222593613088,7.114449033322003,1.7547735602910848,NB
frame_las_426.66_426.78,23.20241252877993,0.0,-0.7979952923171725,412.45109930193,367.6338336591182,44.81726564281183,2.062296358516903,1.5353547068075812,0.526941651709322,NB
frame_dZi_426.78_426.86,33.53020677529881,0.0,-0.521215233933685,415.2251146764525,372.0277549211628,43.19735975528971,3.8500835251531527,1.236603589265357,2.613479935887796,NB
frame_de_426.86_426.92,79.12269840030686,0.0,-0.8022140844972045,410.9806314020175,367.73841688424056,43.24221451777692,20.685356802753063,10.962290243232331,9.723066559520731,NB
frame_ze~_426.92_427.09,32.648656443581444,0.0,-0.4824979919870866,417.224860996925,370.4869116205589,46.73794937636603,89.63697992841773,44.910355772199296,44.72662415621844,NB
frame_Ju_427.09_427.23,21.786510444763152,0.6699999999999591,0.065611546575943,413.053788976396,367.7969503440137,45.25683863238231,29.871838445600677,16.867173923103607,13.004664522497066,TB
frame_ujs_427.9_428.48,55.07548320429356,0.0,4.183476869707892,417.2622227253929,358.3237621723148,58.93846055307813,55.2592113855691,41.32378134776255,13.935430037806556,NB
frame_po~_428.48_428.69,16.419828568907548,0.0,0.2412208051581136,425.3828953367459,377.2567202300294,48.12617510671652,18.71382366448435,3.5050768105987515,15.2087468538856,NB
frame_tus_428.69_428.82,30.535326093489488,0.0,-0.0630717447725475,411.1904510940535,365.79619755336944,45.39425354068402,1.6643932969803927,1.028565299091639,0.6358279978887538,NB
frame_dZi_428.82_428.95,61.87990491782124,0.0,-0.0019112135347324,409.6184245363425,364.6231971870739,44.99522734926859,67.73574505865494,30.69628376035341,37.03946129830153,NB
frame_fu_428.95_429.22,30.04176099363349,0.0,0.4516614206192204,418.6885084664553,369.5672679416608,49.12124052479447,95.14925548392311,58.546932113463896,36.60232337045923,NB
frame_ga_429.22_429.77,17.10019582585926,0.0,3.1444208224803067,419.7890521839721,362.443291578965,57.34576060500712,91.46281160873112,66.15013163159182,25.31267997713931,NB
frame_ajs_429.77_430.0,35.635522777165846,0.0,-0.4133693298982262,419.3001777920781,372.1355188022535,47.16465898982466,16.25071894926839,5.537757844244652,10.712961105023735,NB
frame_koj_430.0_430.13,7.991549568658002,0.0,-0.3527502788167391,423.1760731863603,379.1824216650955,43.99365152126484,8.935099532028659,2.2204976455563497,6.714601886472309,NB
frame_zas_430.13_430.4,11.588907608556385,0.0,-0.701838801712436,416.46904829267305,367.8155179155753,48.65353037709775,61.091218310691474,15.93405592366176,45.15716238702972,NB
frame_ki_430.4_430.53,55.22009542902477,0.0,0.2577407966647438,406.3804863265721,361.7782486924004,44.60223763417173,14.163682794068734,5.833324173185119,8.330358620883615,NB
frame_ve~j~_430.53_431.04,26.214428309130653,0.0,0.825348267654809,423.19318895499146,366.0843908749935,57.10879807999794,97.5853492195482,34.961061950069535,62.62428726947867,NB
frame_du_431.04_431.18,70.47728314480246,0.0,0.4516614206192204,414.4959956941797,369.4951476255656,45.00084806861412,5.527214932189168,3.766400670724281,1.760814261464887,NB
frame_fu~_431.18_431.66,15.70480338477816,0.0,0.6494263449407142,417.04095373236447,361.8567174642244,55.18423626814007,76.65694521881403,32.75833646517927,43.89860875363476,NB
frame_du_431.66_431.84,91.60459159090507,0.5500000000000114,0.9663945860102569,409.424803379666,364.1095571236938,45.31524625597223,5.150673837698292,1.8764458831745257,3.2742279545237665,NB
frame_a_432.39_432.52,29.80354958979254,0.0,0.1635696137307398,412.35422040663946,371.305155440366,41.04906496627348,2.6929682998752327,1.1715478935261956,1.521420406349037,NB
frame_tE_432.52_432.69,8.21123968888142,0.0,-0.0854687210740427,422.8601862362165,375.3024885161768,47.55769772003976,7.278054047143826,4.441623307130328,2.8364307400134976,NB
frame_nOjs_432.69_433.4,3.54456874234063,1.5600000000000025,-0.3737955165754364,414.1989973936304,352.17847805928125,62.02051933434916,141.66883533180038,47.74198472740423,93.92685060439614,TB
frame_Es_434.96_435.26,17.091812862293978,0.0,0.4055218042455947,421.7971059852485,373.5794113674445,48.21769461780406,51.63364458062287,9.372761204050876,42.260883376572,NB
frame_ta_435.26_435.35,9.25684144396766,0.0,-0.701838801712436,422.0330413566924,377.5533299472139,44.479711409478455,9.264884166439202,4.0421487957274,5.222735370711803,NB
frame_i_435.35_435.5,16.303670046165394,0.0,0.9068708221641724,412.6873739314885,368.5194774252407,44.16789650624781,8.103986267370885,2.8437321000324687,5.260254167338417,NB
frame_d_435.5_435.56,23.02135458204881,0.0,0.0,415.8285937963847,371.9267772401728,43.90181655621183,61.12903899416139,25.07833803606107,36.05070095810032,NB
frame_Eja_435.56_435.86,70.75868331267367,0.0,-0.3800630362660485,420.619265265069,371.5103575912713,49.10890767379772,31.89525576365061,13.945570390756956,17.949685372893654,NB
frame_dZi_435.86_435.92,58.86300187610036,0.0,-0.651041239033423,403.1650237312555,360.37166790861806,42.79335582263741,366.6364417768967,190.25573545408668,176.38070632281,NB
frame_es_435.92_436.19,118.19316376633662,0.0,-0.8022140844980237,402.0994272223028,357.9342631658618,44.16516405644097,40.44840379686312,25.85672644633389,14.591677350529224,NB
frame_pa_436.19_436.37,39.55792539886667,0.0,0.3558825949402129,418.8520170797081,373.2564146493722,45.59560243033587,5.614193028325133,2.179739286348962,3.4344537419761707,NB
frame_su_436.37_437.1,104.57332521686678,0.7099999999999795,2.767960664881079,413.2709419429995,350.8011520325055,62.469789910494,329.234076075068,115.3946204764282,213.8394555986398,NB
frame_na~w~_437.81_438.01,0.7957308475826039,0.0,0.0050238540253227,423.3318676596016,374.0965270764041,49.235340583197456,22.107329051351314,15.049971930592363,7.057357120758951,NB
frame_E_438.01_438.09,16.2673255269807,0.0,-0.4782611413298643,420.2128980045308,376.2932846209556,43.91961338357527,1.4083671393075292,0.7230330858936895,0.6853340534138397,NB
frame_u~_438.09_438.16,9.299281085595936,0.0,-0.3317721544803002,413.6792958472708,371.2031278477049,42.47616799956592,5.990138792966178,3.814130409412144,2.1760083835540343,NB
frame_ni_438.16_438.26,85.36706707925322,0.0,-0.5212152339344229,407.159023392256,363.7909256376704,43.36809775458568,1.7082424749789595,0.6308008544388457,1.0774416205401138,NB
frame_veX_438.26_438.44,19.51256222995912,0.0,-0.3699260449187837,414.1052810814956,368.0023192967876,46.10296178470799,72.28064549628176,49.38519290276017,22.8954525935216,NB
frame_saw_438.44_438.67,21.81940938449773,2.3799999999999955,-0.7979952923177192,403.25621153066766,358.9094661730302,44.346745357637474,168.64229966326587,100.50020950688258,68.14209015638329,TB
frame_poX_441.05_441.24,37.99024504903085,0.0,-0.5314981779479272,424.7813358254902,375.49613082332775,49.285205002162456,13.34262281638803,5.347726666227032,7.994896150160997,NB
frame_e_441.24_441.34,50.49925193845871,0.0,0.2064580078524441,422.9672691523325,377.6741077949918,45.29316135734064,12.306916002567348,6.76148824250609,5.5454277600612585,NB
frame_ze~_441.34_441.59,75.4778983574492,0.0,0.3497678096034563,410.8920177065388,363.4176922140797,47.47432549245917,55.67062515125997,34.97258489266538,20.698040258594588,NB
frame_plu_441.59_441.95,7.424281345788557,1.509999999999991,1.3524444600542658,418.7641860432044,366.7576602802418,52.00652576296261,178.599971564515,146.31003229500513,32.28993926950986,NB
frame_e~j~_443.46_443.66,22.86389788950487,0.0,-0.2447077629607344,412.0760575054902,365.3074235033764,46.7686340021138,17.73376060350155,8.191593553649739,9.542167049851813,NB
frame_to_443.66_443.84,37.640732930151046,0.0,0.898485015102593,424.6558520861795,376.7447079551764,47.91114413100314,14.120248082024688,10.792244291175765,3.328003790848925,NB
frame_da_443.84_443.98,24.349766468632737,0.0,-0.2210563486882065,420.9226543766886,375.6367344242525,45.28591995243619,12.62994427761609,7.948374343976951,4.681569933639139,NB
frame_pi~_443.98_444.25,8.721720381519788,0.0,1.6620603894816903,411.1636280217956,363.6451093514115,47.51851867038408,36.61169567194887,18.44457172419439,18.16712394775448,NB
frame_tu_444.25_444.34,14.500563475090727,0.0,-0.1917550361203066,414.98220518244113,369.8656665334525,45.11653864898869,2.7789519197155528,1.6917046457488425,1.0872472739667105,NB
frame_ra_444.34_444.4,28.15098782632585,0.0,-0.7979952923177192,414.37397315662,371.887016774039,42.48695638258096,8.64172135440316,6.393569124340402,2.248152230062757,NB
frame_e_444.4_444.43,25.592864715857388,0.0,-0.8022140844972045,407.50746328574337,364.92738255776726,42.58008072797611,2.321914628278037,1.4476490578989427,0.8742655703790945,NB
frame_gip_444.43_444.53,36.18257253384971,0.0,-0.651041239033423,417.13149004036336,372.7269165503477,44.40457349001565,3.849926181769448,1.819239974547216,2.030686207222232,NB
frame_sia_444.53_445.09,11.181149441108715,0.0,0.1279147915650057,418.8941417986111,360.04542703681454,58.84871476179654,72.62479897258574,39.55755453373232,33.06724443885342,NB
frame_na~w~_445.09_445.36,4.828161337202431,0.0,-0.4019083220613327,419.0808882925946,370.8436404562043,48.23724783639034,7.931771876380111,3.43417951748836,4.497592358891751,NB
frame_a_445.36_445.4,6.924740582669784,0.0,-0.7018388017129825,401.9740684854893,360.26091208198267,41.71315640350667,4.050339188065323,2.354596996884027,1.6957421911812958,NB
frame_vi_445.4_445.53,17.679738159489176,0.0,-0.2615632237349466,419.4234179166952,372.18454329544033,47.23887462125487,41.86340052419314,16.69954616137028,25.16385436282286,NB
frame_a_445.53_445.56,11.432018640765987,0.0,-0.7979952923171725,408.1085062569188,364.6685654699564,43.43994078696238,8.376878891004509,4.607146097651793,3.769732793352716,NB
frame_E_445.56_445.59,10.438410119468386,0.0,-0.9692516666495018,401.1247857286198,359.93560794403487,41.18917778458496,15.761639041029696,8.304336242615591,7.457302798414105,NB
frame_sa_445.59_445.72,3.398975364620412,0.0,-0.701838801712436,415.46280453113167,369.9813322776219,45.48147225350976,30.41550428140019,15.938099517805057,14.477404763595132,NB
frame_no_445.72_445.85,40.89461079024345,0.0,-0.5314981779479272,412.9052186073837,367.7471798520573,45.1580387553264,12.701995904640556,4.909736506206912,7.792259398433643,NB
frame_sa~w~_445.85_446.04,45.47379765015833,0.0,-0.8088404981487594,414.9643412341294,368.82334857739966,46.140992656729736,10.328021474410363,5.877284135617401,4.450737338792962,NB
frame_dZi_446.04_446.1,50.57944189636632,0.0,-0.651041239033423,405.2533113986207,362.9717685017068,42.28154289691384,18.169125950421943,7.606140209852853,10.56298574056909,NB
frame_es_446.1_446.27,71.86122997275645,0.0,-0.8022140844980237,404.2849483035192,359.54315717445513,44.74179112906404,70.36333275250077,47.01306472388799,23.35026802861277,NB
frame_pa_446.27_446.43,66.4836140239244,0.0,0.1635696137307398,410.1474141546882,364.443184402389,45.70422975229917,67.8985980054401,37.66319723635178,30.235400769088336,NB
frame_su_446.43_446.8,48.7593573012108,2.159999999999968,0.1942948379237021,404.0734213581807,353.1176326341417,50.955788724039,139.77553070339454,49.95960209498836,89.81592860840618,TB
frame_pa_448.96_449.03,29.0117114041594,0.0,-0.7018388017129825,421.9005129081008,378.6958733749629,43.20463953313788,5.795391391682841,3.74432929820648,2.051062093476361,NB
frame_ra_449.03_449.1,20.44849929032273,0.0,-0.701838801712436,420.4377598020311,378.60463966025833,41.83312014177272,1.0209332114165193,0.6605302716158121,0.3604029398007071,NB
frame_si_449.1_449.32,20.852126757290307,0.0,-0.521215233933685,417.7747251999848,370.486867485951,47.28785771403375,17.449852914199795,6.071087860525381,11.378765053674414,NB
frame_Re_449.32_449.48,12.314736299829065,0.0,0.2064580078532631,416.958155848046,371.727760726833,45.23039512121301,18.83294165900085,3.350386121433502,15.48255553756735,NB
frame_pre_449.48_449.62,2.382528202191679,0.0,-0.0817340185331698,419.1749867776917,373.575675068552,45.59931170913973,35.920664689617354,22.635645692560782,13.285018997056568,NB
frame_ze~_449.62_449.92,21.480589402055443,0.0,0.944243382168323,415.5178989284845,368.61520490101833,46.90269402746617,27.78886358389164,17.222602173595703,10.566261410295937,NB
frame_taX_449.92_450.33,53.55899381168615,0.3400000000000318,0.4520390855449495,413.57061098117714,361.86378562265,51.70682535852711,286.9258522035948,159.18936347015682,127.7364887334379,NB
frame_u_450.67_450.73,19.076534795546134,0.0,-0.1917550361203066,417.1870208175573,372.966991754376,44.2200290631813,5.306776583834164,2.0506957055091988,3.256080878324965,NB
frame_e_450.73_450.8,13.47342407399492,0.0,-0.2258300317259767,419.44797807826455,375.3716364703911,44.07634160787347,5.86013010112562,3.767134207843711,2.092995893281909,NB
frame_zEX_450.8_451.12,6.829954812641461,0.0,-0.1836668261384167,421.08004635293565,369.85854642872647,51.22149992420918,43.6986033308224,16.48486879643869,27.213734534383704,NB
frame_si_451.12_451.22,20.61552654200776,0.0,-0.651041239033423,405.9262780257056,362.61269290668537,43.31358511902022,2.0863034119861936,1.1071099934729318,0.9791934185132618,NB
frame_tu_451.22_451.28,20.461012671475004,0.0,-0.5778049101643155,399.94989676583054,357.8489402700666,42.10095649576397,6.287787156824663,1.626258265055327,4.661528891769336,NB
frame_du_451.28_451.34,33.49251454492361,0.0,-0.5778049101643155,408.30071787152826,366.2482002526973,42.052517618830905,2.48322880209696,1.6614959343731357,0.8217328677238243,NB
frame_fa_451.34_451.47,41.8125198943153,0.0,-0.7979952923171725,411.0838320128429,365.25746432930976,45.82636768353319,88.66407754330243,47.4308461841909,41.233231359111535,NB
frame_ra_451.47_451.54,33.73465623533353,0.0,-0.701838801712436,414.7820792349059,370.7344694911968,44.047609743709074,7.095054600119241,3.80729851163781,3.28775608848143,NB
frame_O_451.54_451.89,8.542535956032822,0.7900000000000205,2.1576307873438285,414.2474768701693,364.57042405684336,49.67705281332593,69.23992369924804,35.66902343690603,33.57090026234201,NB
frame_pu~_452.68_452.78,8.737472652534592,0.0,-0.3317721544805537,421.20930967809767,375.4854226243463,45.72388705375136,3.42333783487328,1.039537557942282,2.383800276930998,NB
frame_Ja_452.78_452.91,30.541895283424623,0.0,-0.7979952923171725,419.4492016410016,372.8599350419162,46.589266599085306,24.086423528286986,15.003112466887586,9.0833110613994,NB
frame_zi_452.91_453.13,29.21747026046161,0.0,-0.0019112135347324,417.9129811820063,369.87476697404895,48.03821420795737,7.367142438864889,4.906167060616212,2.4609753782486763,NB
frame_a_453.13_453.16,26.227835669717138,0.0,-0.7979952923171725,393.5735436280486,352.3279292634133,41.24561436463523,0.7647876365337396,0.4370200201240521,0.3277676164096874,NB
frame_pri~_453.16_453.35,10.34375172656692,0.0,0.3185067676845834,415.0744242322417,367.7058310434769,47.368593188764805,10.421015884745856,4.981483440529985,5.439532444215871,NB
frame_mej_453.35_453.52,31.67138266981442,0.0,-0.6581180713043976,421.31792367543807,374.2601327986382,47.05779087679986,18.337570046839573,6.761969313328848,11.575600733510726,NB
frame_ra_453.52_453.61,22.444819047183387,0.0,-0.5095258205029628,421.08306434571807,375.5756511219457,45.507413223772346,10.8791012172708,5.443852907749744,5.435248309521057,NB
frame_fi_453.61_453.79,24.312932958039653,0.0,-0.3913892288339468,412.23615603651234,365.6156826398857,46.62047339662661,7.018005387289378,4.012940362576416,3.0050650247129624,NB
frame_lej_453.79_454.04,6.120712170288897,0.0,0.0623619946596371,419.4909537613487,370.1726690211067,49.31828474024201,18.82302256645568,8.503112972593271,10.319909593862404,NB
frame_ra_454.04_454.1,5.028490754381352,0.0,-0.7979952923171725,405.3689818734595,364.6225120903258,40.746469783133705,1.0779185872025892,0.8146078901350222,0.2633106970675669,NB
frame_du_454.1_454.16,36.92007277315676,0.0,-0.5778049101635839,414.0367834891073,370.1107799576951,43.92600353141228,1.0731908423563823,0.7268720797902546,0.3463187625661277,NB
frame_e_454.16_454.25,37.56568488208528,0.0,0.0623619946596371,410.8770469606516,367.77695801935226,43.100088941299305,1.604615155431361,0.8469039435537269,0.7577112118776341,NB
frame_zEX_454.25_454.54,47.92964364675309,0.0,0.0127293839897731,412.3693264738007,363.49056652017606,48.87875995362464,2.1470552422667453,0.8728199547779951,1.27423528748875,NB
frame_si_454.54_454.78,48.54150678000112,0.0,-0.651041239034161,399.6336265339713,354.202976294087,45.4306502398843,0.6342326479863374,0.3522182455512705,0.2820144024350668,NB
frame_tu_454.78_454.84,92.3557032642722,1.1899999999999975,-0.5778049101643155,396.6526595382096,355.1484031447708,41.504256393438766,5.240108713363512,2.9795486170071968,2.260560096356315,NB
frame_nu~_456.03_456.27,15.630328165194726,0.0,0.2034270270219099,416.8951773581947,369.5907709652368,47.3044063929579,44.77967719294477,12.222853459025655,32.55682373391912,NB
frame_pla~_456.27_456.55,30.410416832064968,0.0,1.2258203822868314,418.6236597751988,369.4336051365634,49.19005463863539,11.592244377648951,4.984486519140233,6.60775785850872,NB
frame_nu_456.55_456.61,27.75240401315,0.6800000000000068,-0.5778049101635839,402.76306177969553,361.0474901383472,41.71557164134839,3.612962665825179,2.008218729934981,1.6047439358901985,TB
frame_e~j~_457.29_457.42,3.0690468306136154,0.0,-0.3636028774742484,419.2050940247266,374.6193328804332,44.58576114429337,14.122131497398414,3.119447723035222,11.002683774363192,NB
frame_se_457.42_457.61,1.093631216923768,0.0,-0.8022140844972045,417.61830396797865,370.1188696365399,47.49943433143875,8.185540547112254,5.180298003984802,3.0052425431274514,NB
frame_gi_457.61_457.9,33.04986362640457,0.0,1.0366968272639103,418.3332835985253,369.1428630301156,49.19042056840976,66.8049425232407,25.501890348771013,41.30305217446968,NB
frame_da_457.9_458.27,48.2577851743382,0.4500000000000455,1.990542935222375,415.9955601668037,366.11269294110497,49.88286722569876,32.9220971153982,20.693846468457224,12.228250646940978,NB
frame_a_458.72_458.82,20.533998386148,0.0,-0.1248998580840165,416.5273341259127,373.3232955404138,43.20403858549889,0.6876182505742747,0.3859474960782165,0.3016707544960582,NB
frame_si~_458.82_459.32,48.23138596672686,0.0,-0.7807643774216986,418.7926924100948,360.6986004567484,58.09409195334644,114.72803055602932,44.90967405661024,69.81835649941908,NB
frame_ma_459.32_459.5,112.12779736279045,0.0,0.1635696137307398,415.5633265534206,368.66557615370607,46.89775039971454,0.5162999775126593,0.3500869408183007,0.1662130366943586,NB
frame_des_459.5_459.71,59.38584780400454,0.0,0.3505540210460701,417.9214896261148,370.0014880204262,47.92000160568858,7.677354098914606,3.3784139602969105,4.298940138617695,NB
frame_ta_459.71_459.79,54.81623170993582,0.0,-0.6056823111076994,413.4476917987063,369.3371719090847,44.11051988962157,2.544616973469686,1.6300223583893825,0.9145946150803042,NB
frame_fi_459.79_460.03,86.79218908087022,0.0,0.1279147915650057,408.6255181447191,359.4719055497643,49.15361259495478,1.1760530888974046,0.8043006955732892,0.3717523933241153,NB
frame_lej_460.03_460.18,85.1009408600827,0.0,-0.8022140844972045,409.00471535867047,366.3987969377389,42.60591842093157,8.502275629618993,4.584420565625678,3.917855063993315,NB
frame_ra_460.18_460.24,11.499153274551103,1.0500000000000114,-0.7979952923171725,405.1597677528125,363.96599439593024,41.19377335688222,140.2037929415733,64.54110232444222,75.66269061713109,NB
frame_ow_461.29_461.46,49.55899957759272,0.0,-0.3527502788167391,423.4544479197812,377.2347448898264,46.21970302995487,12.646029030990576,4.1785049294462056,8.46752410154437,NB
frame_tra_461.46_461.64,54.046910242888856,0.0,0.0674131231260032,414.7592486501807,369.07187415816577,45.68737449201495,104.98915172888968,46.27726080218332,58.71189092670636,NB
frame_fi_461.64_461.73,18.079902018339794,0.0,-0.3913892288339468,409.99153148552,366.435469332028,43.55606215349201,159.65873240201222,83.95014367493306,75.70858872707915,NB
frame_lej_461.73_461.96,82.849402999406,0.0,0.78284206062531,411.3715987987829,364.8045938790117,46.56700491977119,43.04774011918983,29.466271234922857,13.581468884266968,NB
frame_ra_461.96_462.08,77.96713553548896,1.1200000000000043,-0.2210563486887531,400.5751375594977,356.6765060936423,43.898631465855374,38.479203412642136,25.858339629903497,12.620863782738638,NB
frame_ko~_463.2_463.27,39.35849446859824,0.0,-1.0583291181247685,409.4252491618047,365.5412783934655,43.88397076833917,2.8463291768726435,1.910672051433835,0.9356571254388086,NB
frame_pre_463.27_463.43,10.952891530893451,0.0,0.2064580078532631,414.89711440540407,369.3561661722223,45.54094823318178,32.24589473656252,8.463263398725559,23.78263133783696,NB
frame_e~_463.43_463.46,7.4470011509367,0.0,-0.839183335526277,391.0869058047324,349.1017741654258,41.98513163930659,6.028150387985818,4.76225785851932,1.2658925294664982,NB
frame_dZi_463.46_463.65,56.301705971990586,1.9600000000000364,1.0366968272639103,402.0582739790107,356.6188440640483,45.43942991496243,105.29369617710182,70.0107897995514,35.28290637755042,TB
frame_i_465.61_465.66,29.2792017786916,0.0,-0.3913892288339468,417.8568034274162,375.31005665283294,42.546746774583255,2.8322992236812468,1.076697847120954,1.7556013765602927,NB
frame_a_465.66_465.71,37.586506828504696,0.0,-0.605682311108246,413.7567992656837,371.3875416729593,42.36925759272435,1.4477188647609864,0.8791775808388422,0.5685412839221442,NB
frame_si~_465.71_466.05,30.948173792823496,0.0,-0.7807643774216986,421.97372497203935,369.4707091409841,52.50301583105522,53.67708697384123,28.608201380864276,25.068885592976955,NB
frame_poX_466.05_466.16,30.175049598541136,0.0,-0.8889939762103032,416.9524495367955,372.5540969284341,44.39835260836139,13.674084076531017,8.685032658781893,4.989051417749124,NB
frame_dZi_466.16_466.41,51.82409547684388,0.0,1.556000847664339,413.6200370625686,366.90680588770886,46.71323117485974,19.80118341750168,8.293766904584984,11.507416512916691,NB
frame_a~_466.41_466.44,65.1850214289006,0.0,-0.8088404981487594,387.9174811507789,346.80937615386284,41.1081049969161,20.910631914850143,4.628368687463507,16.282263227386636,NB
frame_tSi_466.44_466.63,7.457262932340114,1.410000000000025,-0.3913892288339468,400.3479312841327,354.37735577233707,45.97057551179563,179.7351048443361,76.73940326902911,102.99570157530698,TB
frame_na_468.04_468.53,6.180881424601779,0.7400000000000091,2.5674818788513405,423.3780628694657,366.6764617990825,56.70160107038316,34.63658862326864,12.944447894424798,21.69214072884384,NB
frame_plas_469.27_469.74,14.46807162703726,0.0,0.3558825949402129,417.5841590194343,365.7112814505228,51.87287756891146,20.161475761731225,6.125153427556086,14.03632233417514,NB
frame_tSi_469.74_469.82,46.86750613491592,0.0,-0.651041239034161,417.45098336129456,372.8308587863996,44.62012457489499,65.01298504297871,39.845586093886936,25.167398949091776,NB
frame_ka_469.82_469.92,36.74131956843415,0.0,-0.4133693298982262,416.2798508693498,374.0181389585396,42.26171191081028,11.091468312944473,5.5501991067581145,5.541269206186357,NB
frame_najs_469.92_470.23,25.240647573654243,0.0,0.0674131231260032,418.2698809360694,366.23502149133833,52.03485944473107,20.539084366623115,4.098867121986501,16.440217244636614,NB
frame_aX_470.23_470.42,17.425368696544353,0.0,0.3558825949402129,417.50254255496304,370.9185468355396,46.583995719423456,8.641342899042883,3.5847770996859936,5.056565799356889,NB
frame_tSis_470.42_470.68,14.802077848879575,0.0,-0.651041239033423,411.5131821100528,362.627003813625,48.88617829642777,28.80247136549661,6.286547350240454,22.51592401525616,NB
frame_plas_470.68_471.11,12.849240281294186,0.0,0.4520390855454961,419.3942456567421,366.0057628650218,53.38848279172032,179.5728181194891,121.49199227209265,58.08082584739648,NB
frame_tSi_471.11_471.17,117.58135292167162,0.0,-0.651041239033423,399.9791215536207,357.68591541340345,42.29320614021725,3.4395607756126765,1.065003408376981,2.3745573672356954,NB
frame_kas_471.17_471.38,52.89729764793978,0.0,-0.701838801712436,415.49642222628006,366.2984799703943,49.19794225588572,9.360515423033776,3.814587134181778,5.5459282888519965,NB
frame_nu_471.38_471.44,18.850052520463763,0.0,-0.5778049101643155,419.3954398685327,376.84240499027743,42.55303487825529,2.536803718562865,1.296581416672936,1.2402223018899292,NB
frame_o_471.44_471.47,19.414885865407054,0.0,-0.8889939762103032,410.3242924368021,367.5052651903271,42.819027246475,2.65604974644323,1.2985262031841245,1.3575235432591055,NB
frame_ri_471.47_471.64,38.74854519900312,0.0,0.6472188119646962,417.1660694927223,370.8190638155881,46.34700567713418,17.217302924551745,14.503093613000717,2.71420931155103,NB
frame_e~_471.64_471.71,46.13810237792903,0.0,-0.3636028774742484,414.9500786045862,371.0947562170842,43.85532238750199,1.2978076173080666,0.8843630247572491,0.4134445925508174,NB
frame_tSi_471.71_471.8,46.71428844554518,0.0,-0.2615632237342087,406.2253074420043,362.25158124410814,43.97372619789616,3.242563323273544,2.1929786882026576,1.049584635070886,NB
frame_i_471.8_471.92,111.35849765646856,0.0,0.517392806864958,410.3723243820285,364.6438358546756,45.728488527352965,4.025328641638481,1.8228110795621435,2.2025175620763378,NB
frame_na_471.92_472.07,41.13186919524516,0.0,-0.0287433674787333,410.19652011195336,368.1800533720525,42.01646673990092,7.03742525488002,2.9943268290899,4.04309842579012,NB
frame_Si~_472.07_472.47,4.360008705953618,0.0,0.807071721065539,418.5990518732566,363.9162437341568,54.68280813909979,77.76356270473208,38.01587408212379,39.74768862260829,NB
frame_na_472.47_472.6,53.7717599712166,0.7299999999999613,-0.1248998580834699,411.6674559015114,366.971852202691,44.69560369882038,18.25699500751827,11.29850354567904,6.95849146183923,NB
frame_i_473.33_473.38,13.967462747717237,0.0,-0.3913892288339468,411.4647847742158,368.4492896781477,43.01549509606815,3.4125717737719725,1.577203913909571,1.8353678598624013,NB
frame_nu_473.38_473.51,15.85706516498513,0.0,-0.0630717447725475,421.73843521586906,374.50362242172224,47.23481279414682,8.93015818624906,4.6881231554008025,4.242035030848257,NB
frame_Za_473.51_473.76,28.11644068485201,0.0,0.3558825949402129,418.4369954836498,369.7228613629837,48.71413412066613,12.59875334239952,6.275367124490188,6.323386217909331,NB
frame_pa~w~_473.76_474.04,31.192061576537892,2.0499999999999545,-0.2662642633657809,419.8872397016643,370.30830919405946,49.57893050760487,21.70791631653728,6.755294978761782,14.952621337775495,NB
frame_a_476.09_476.25,47.061118770999656,0.0,0.4520390855454961,415.9175813339404,370.6585226197326,45.2590587142077,3.3733185312041485,0.7069898107387473,2.666328720465401,NB
frame_peXs_476.25_476.6,48.03932524875469,0.0,-0.2258300317259767,422.7575042588935,371.54951882539706,51.20798543349639,153.52751435624774,131.63852311142267,21.888991244825064,NB
frame_pek_476.6_476.89,26.443769543783475,0.0,2.079706179361392,419.1357031577613,370.9564465880141,48.17925656974722,170.70449987676926,124.425187895874,46.27931198089527,NB
frame_tSi_476.89_477.02,3.4829043973176965,0.0,-0.0019112135347324,415.1554977941666,369.9981509182967,45.15734687586991,25.04673215548649,8.82531806931928,16.221414086167215,NB
frame_va_477.02_477.1,14.178664587782263,0.0,-0.7979952923171725,419.0187952421018,375.6285170422536,43.39027819984824,11.706746683091325,2.216313306070475,9.49043337702085,NB
frame_E_477.1_477.2,13.316295617468455,0.0,-0.2818649312022326,413.7356919447094,371.4896186679334,42.24607327677603,2.538053004757188,1.0338024209121954,1.5042505838449929,NB
frame_dZi_477.2_477.28,7.701993752153697,0.0,-0.651041239034161,411.58501196631903,367.6536582133329,43.93135375298618,9.247769561283036,4.84714623157447,4.400623329708566,NB
frame_veX_477.28_477.57,74.28770566250425,0.0,1.071034087010105,415.9366816969914,367.0517540119477,48.88492768504375,89.91724422973945,35.202677543956995,54.71456668578247,NB
frame_sa_477.57_478.9,68.19461098194114,0.0,4.202142219132956,408.4132045579099,329.0014405718148,79.41176398609514,67.8114475639619,43.07454016990735,24.736907394054555,TB
frame_E_478.9_479.05,40.41476725087392,0.0,0.209125594117963,403.1429758168921,360.29000157627866,42.85297424061344,2.328741674022524,1.164367191284441,1.1643744827380829,NB
frame_u~_479.05_479.68,82.27668286020972,0.0,2.1658240258641923,421.4150660963821,360.7974856273541,60.61758046902804,189.3716808741212,65.35874785213491,124.0129330219863,NB
frame_ma_479.68_479.98,23.498102032585507,0.0,1.028978029174462,418.9498038692339,369.7628417564724,49.186962112761535,19.2455511224442,6.766595043109788,12.47895607933441,NB
frame_peXs_479.98_480.31,54.24160234181008,0.0,-0.0817340185323507,422.8205435180488,372.88703493020535,49.93350858784339,230.9529267848832,198.99689101854997,31.95603576633323,NB
frame_pek_480.31_480.62,6.214399484718882,0.0,2.22380219255338,416.5607529598934,369.2306119771479,47.3301409827456,37.770591305366366,29.14562137690945,8.62496992845692,NB
frame_tSi_480.62_480.78,20.114867845401733,0.0,0.1279147915650057,417.1506395591044,370.0762368977671,47.07440266133733,21.0518211439836,8.934773509443175,12.117047634540429,NB
frame_va_480.78_480.86,33.69865335771843,0.0,-0.7979952923171725,420.2491129567867,376.2305551288565,44.01855782793024,7.855994331112555,1.6909867342447171,6.165007596867838,NB
frame_e~j~_480.86_481.0,38.57552677731295,0.0,-0.7202882210134388,412.5487146651655,367.5852339874537,44.96348067771174,8.219854866799125,4.410855450426681,3.808999416372444,NB
frame_ki_481.0_481.07,24.912020836034912,0.0,-0.651041239034161,417.8958085342437,374.54787056754986,43.34793796669385,31.72840721862721,15.01019799018536,16.71820922844185,NB
frame_a_481.07_481.12,21.48277760142821,0.0,-0.6056823111076994,417.4560408761511,374.89765660161385,42.55838427453728,1.6321642091393471,0.6306450238396906,1.0015191852996566,NB
frame_u~_481.12_481.28,17.43225746521142,0.0,0.0696272316461673,416.4428365222314,371.1410217848715,45.30181473735991,8.667780988554739,5.075395437851313,3.592385550703426,NB
frame_pri~_481.28_481.4,26.960158005119183,0.0,-0.7807643774223929,415.0445101959878,369.61022390051374,45.43428629547407,4.449640211778416,2.657054429989841,1.7925857817885742,NB
frame_mej_481.4_481.61,19.0438761357284,0.0,-0.3699260449187837,417.32225470164576,369.4714414423754,47.85081325927041,28.809271528338,16.201806941014468,12.607464587323534,NB
frame_ru_481.61_481.81,24.443065954101627,0.0,1.2237611687065066,415.7177207150572,370.2303610045204,45.48735971053679,7.94920559556013,4.026411373126109,3.922794222434021,NB
frame_pla~_481.81_482.07,53.865675517221305,0.0,0.9545322648949568,419.70022773320375,370.2330950049992,49.46713272820461,65.48287236775751,15.645551963287872,49.83732040446964,NB
frame_nu_482.07_482.13,63.12124879676571,0.0,-0.5778049101643155,412.1058141826976,368.717178330308,43.3886358523896,0.9867534986872356,0.4069318063599354,0.5798216923273003,NB
frame_majs_482.13_482.48,66.55093446353541,0.0,-0.2210563486887531,412.8127527086763,361.9302948163718,50.8824578923045,5.244581586319839,1.7907171350936295,3.4538644512262096,NB
frame_ni_482.48_482.66,2.53035298960134,0.0,0.9068708221649104,412.6990641267261,367.9874665017703,44.71159762495586,64.30324095629777,17.86312739592907,46.4401135603687,NB
frame_tSi_482.66_482.79,65.26357095438951,0.0,0.1279147915657436,407.77518902742815,362.4747908268442,45.30039820058391,158.33321736338553,116.58177726519637,41.75144009818915,NB
frame_du_482.79_483.0,22.09829017818205,0.0,1.3524444600542658,416.8592918172168,368.8754992125615,47.98379260465538,132.4666094052703,94.38535890839768,38.08125049687263,NB
frame_i_483.0_483.05,24.86031310068367,0.0,-0.3913892288339468,416.9416712185679,373.4273209142156,43.51435030435232,4.847431036444448,2.6112561687169773,2.2361748677274704,NB
frame_u~_483.05_483.24,6.774961548745097,0.0,0.2034270270219099,421.539994563188,373.856972217669,47.68302234551896,53.13696299628134,31.803442006136777,21.333520990144564,NB
frame_ow_483.24_483.33,21.698458889810556,0.0,-0.8889939762113193,411.1917767015661,367.7860342380756,43.405742463490526,1.8176474017032265,0.6658420910186464,1.1518053106845798,NB
frame_tru_483.33_483.43,15.14518527689907,0.1100000000000136,-0.4491216188158248,407.5720542554722,363.49311155871504,44.07894269675717,2.5221588599607685,1.7037209402094788,0.8184379197512897,NB
frame_pla~_483.54_483.69,2.175103659839777,0.0,-0.2662642633657809,418.16043842506895,374.6103617133664,43.5500767117025,22.23184282565984,8.612631819700027,13.619211005959812,NB
frame_nu_483.69_483.8,6.411297306088869,0.0,-0.0630717447725475,412.5267989111531,367.8419517225463,44.6848471886068,4.179677438533787,2.3836053478470376,1.7960720906867491,NB
frame_ki_483.8_483.9,17.571342191203627,0.0,-0.2615632237342087,418.2062625750709,373.4282682592984,44.77799431577256,20.96964694051138,11.977480373379253,8.99216656713213,NB
frame_E_483.9_483.93,23.094209454642996,0.0,-0.9692516666489436,397.95897858452537,355.8566554212549,42.102323163270455,4.065159332574353,1.814844709240134,2.2503146233342197,NB
frame_se~_483.93_484.1,27.892911095053023,0.0,-0.7202882210127629,417.8960963691575,370.9798180678249,46.91627830133263,132.3442295714717,65.06077716156972,67.28345240990197,NB
frame_pri_484.1_484.23,27.67041448254116,0.0,-0.1317372186344705,408.0460072741279,362.763265432729,45.28274184139889,8.976808111820077,4.99283041588447,3.9839776959356072,NB
frame_su_484.23_484.49,37.41928598974164,0.0,-0.5778049101635839,415.97643373299513,367.8881442786637,48.0882894543314,13.683076099011402,8.273640831399064,5.409435267612338,NB
frame_pe_484.49_484.62,52.53576541610562,0.0,0.2064580078532631,419.0249932449343,374.033199623282,44.99179362165228,166.61123618732162,109.50767639036276,57.10355979695888,NB
frame_ri_484.62_484.69,17.489753187382263,0.0,-0.521215233933685,416.37506819772113,372.20805171325776,44.167016484463375,3.388811885724806,1.5006337111584571,1.8881781745663488,NB
frame_oX_484.69_484.88,1.0525424070748954,0.0,1.4347287124971733,418.056047247353,370.683367183998,47.37268006335506,18.826812255803105,5.0596834737280005,13.767128782075105,NB
frame_a_484.88_484.91,0.6425746032097948,0.0,-0.7979952923171725,397.9196638935368,356.7924631224207,41.12720077111612,0.7486713040447626,0.3850096009568347,0.3636617030879279,NB
frame_w_484.91_484.95,0.3504040213417738,0.0,-0.4491216188165563,401.6048344957203,359.8353304406114,41.769504055108825,1.42170680220147,0.8589325673736425,0.5627742348278275,NB
frame_pri~_484.95_485.09,6.850791504471232,0.0,-0.4143406623865027,412.6289858287717,370.4490518785546,42.17993395021705,13.015478146520678,8.071292351159684,4.944185795360994,NB
frame_mej_485.09_485.32,66.92441867974186,0.0,-0.2258300317251576,413.7021410450957,367.0808582486288,46.62128279646697,49.50345775341052,27.02080358333879,22.48265417007173,NB
frame_ru_485.32_485.38,106.24484254593412,1.6800000000000068,-0.5778049101643155,402.3641777499013,360.48792127859264,41.87625647130869,10.718278418357194,5.578589205343526,5.139689213013668,TB
frame_i_487.06_487.2,11.405779137533017,0.0,0.7770448170644343,412.7918282500705,370.51016299749193,42.28166525257859,8.275460792005987,4.47933687976996,3.796123912236027,NB
frame_pO_487.2_487.36,40.24353837377405,0.0,-0.263733503361637,423.7924172101722,377.2066940811137,46.58572312905847,13.142452288737417,4.631188474520883,8.511263814216534,NB
frame_te_487.36_487.42,35.10583523981671,0.0,-0.8022140844972045,415.3676293837317,372.75745918364015,42.610170200091545,0.867210600927109,0.3636826033095701,0.5035279976175389,NB
frame_zi_487.42_487.49,37.53948010380509,0.0,-0.651041239033423,410.2545499787132,368.00701477413264,42.24753520458057,4.446889463383968,2.23735131063205,2.209538152751918,NB
frame_dZi_487.49_487.59,4.908427785483326,0.0,-0.1317372186344705,411.661750395376,368.64975144619495,43.01199894918102,1.6974448437086949,0.8147861590588263,0.8826586846498685,NB
frame_tra_487.59_487.79,92.02613877194771,0.0,0.0674131231260032,421.6106039799834,373.9824316980908,47.6281722818926,439.38841026458806,341.306446429807,98.08196383478108,NB
frame_ba_487.79_487.98,232.88966225013124,0.0,0.3558825949407595,419.6293952361581,373.0225144519847,46.60688078417337,654.4872190863016,365.4593743634683,289.02784472283327,NB
frame_Lu_487.98_488.04,69.32501837349425,0.0,-0.5778049101635839,405.534196143992,364.0531610530636,41.48103509092829,41.254695508590544,21.52638491690392,19.728310591686625,NB
frame_ki_488.04_488.13,26.37375252138776,0.0,-0.651041239034161,416.89070005721806,371.9157649414598,44.97493511575823,1.746212839723967,0.5131236753433939,1.2330891643805728,NB
frame_ew_488.13_488.19,21.03129151606313,0.0,-0.8022140844972045,421.0567347146021,377.88214591128445,43.17458880331765,5.594962606502904,1.7548228338427805,3.840139772660123,NB
frame_a_488.19_488.24,23.78469806833121,0.0,-0.6056823111076994,414.9713116665834,372.4963686757277,42.474942990855766,0.8976722652981834,0.6621137684702774,0.235558496827906,NB
frame_Su_488.24_488.37,16.617903931742745,0.0,-0.3204383274680658,414.5261477223256,370.2510990081778,44.27504871414783,13.947499458710382,8.014148727809754,5.933350730900628,NB
frame_u~_488.37_488.43,20.330224944450062,0.0,-0.3763720862723834,401.1292830990134,360.0572843411806,41.07199875783277,0.969063506055619,0.4590703451406455,0.5099931609149735,NB
frame_pow_488.43_488.55,5.221868373537404,0.0,-0.5314981779489433,422.57313634436,377.7166396350756,44.8564967092845,4.80489395126807,1.8523881856976916,2.952505765570379,NB
frame_ku_488.55_488.62,6.910049397654859,0.0,-0.4491216188158248,409.96509830135705,366.1091573413557,43.85594096000136,1.7448462062677947,1.0030370707638951,0.7418091355038996,NB
frame_i~_488.62_488.7,4.014228228581061,0.0,-0.2921994240414373,412.147696016423,370.3429388347408,41.80475718168225,9.771093006991665,3.9647020129147,5.806390994076963,NB
frame_fa~_488.7_488.97,1.8274746596345608,0.0,0.9545322648957276,418.4046502413473,370.7316208038808,47.67302943746648,24.47413606331284,13.273758081895238,11.200377981417605,NB
frame_tSiw_488.97_489.23,56.892274290597385,1.1499999999999773,-0.2615632237342087,411.14001758651045,362.2615578306288,48.87845975588169,9.90177661188862,3.5854925244158125,6.316284087472809,NB
frame_E_490.38_490.45,21.498694166230223,0.0,-0.5764592463936802,421.4639143235845,377.8299858098799,43.63392851370463,11.517651585092835,4.05392880644294,7.463722778649895,NB
frame_u_490.45_490.57,9.23708951734045,0.0,0.5803447119669796,423.7567583128785,378.6847100812441,45.07204823163431,5.067303049619028,3.0449835881146328,2.022319461504395,NB
frame_fa_490.57_491.02,7.8537190023876065,0.0,1.6059169728028817,419.752960025349,365.504903217386,54.24805680796311,31.78412008875108,7.771945693792929,24.01217439495815,NB
frame_tu_491.02_491.1,107.22228161487796,0.42999999999995,-0.5778049101635839,400.65248240443634,358.3722187095956,42.2802636948407,7.695109764724506,2.466326667646584,5.2287830970779225,NB
frame_dujs_491.53_491.67,27.41739187888183,0.0,-0.4491216188158248,416.94039605389264,370.6325612808983,46.30783477299434,12.909252747109107,4.380295792630932,8.528956954478176,NB
frame_Za_491.67_491.84,24.62259100493296,0.0,-0.2210563486887531,423.1564956699897,375.7210744344777,47.43542123551191,14.676160843321329,2.921207861514006,11.75495298180732,NB
frame_po_491.84_491.98,18.71011946683683,0.0,0.183493418577841,420.1158684842974,374.84122253194,45.27464595235739,22.14503178586179,10.181864997793667,11.963166788068122,NB
frame_ne_491.98_492.25,25.01499057599804,0.0,1.215130100203731,416.4788038754538,366.3096817033989,50.16912217205498,69.59084794739894,15.540225364272374,54.05062258312657,NB
frame_zis_492.25_492.52,16.226579048342828,0.0,-0.651041239034161,407.7269302716593,358.41753231075285,49.30939796090644,6.412802450045717,3.523411971779481,2.889390478266236,NB
frame_i_492.52_492.55,12.529545844191546,0.0,-0.651041239033423,397.46189276550126,355.81301048920096,41.6488822763003,0.2948827886033598,0.1556571344122232,0.1392256541911365,NB
frame_Si~_492.55_492.63,19.264270483980734,0.0,-0.9029056157674582,412.4289375995798,368.8363897925599,43.59254780701991,2.367853707795774,0.6940494496199534,1.6738042581758208,NB
frame_ne_492.63_492.82,13.656351499507563,0.0,0.926938073817298,417.89435971418607,371.52829930592657,46.3660604082595,35.42602942368572,13.37872270552333,22.04730671816239,NB
frame_zis_492.82_493.35,15.831907601284485,0.4599999999999795,-0.651041239034161,409.7248655523434,354.3947936346197,55.33007191772367,80.1995957708989,35.1356532566667,45.0639425142322,NB
frame_es_493.81_493.92,15.377438651894096,0.0,-0.8022140844980237,398.0574707893731,355.0145443584885,43.04292643088462,6.964586389342031,2.687224941165198,4.277361448176833,NB
frame_ta_493.92_494.0,9.445971539087624,0.0,-0.6056823111076994,421.7899996370161,376.5067589978476,45.283240639168525,7.12400901433162,5.547301721391136,1.5767072929404833,NB
frame_re~j~_494.0_494.11,9.078248771607434,0.0,-0.6013931064999248,421.10446887152375,375.3426802835256,45.76178858799807,6.13110570991833,3.2342860409625587,2.8968196689557715,NB
frame_se~_494.11_494.27,20.329763530887902,0.0,-0.839183335526277,415.72654479355054,369.5749909843874,46.15155380916315,32.46306434999872,21.3266717142925,11.136392635706216,NB
frame_pri_494.27_494.37,25.405926224378305,0.0,-0.651041239033423,406.2542891900808,363.1291820964659,43.12510709361493,10.401989213132254,3.3828025298972197,7.019186683235034,NB
frame_se~_494.37_494.76,25.28947839405569,0.0,-0.839183335526277,416.4828913113723,364.6756066406237,51.80728467074863,48.96741301273735,31.94748292552592,17.019930087211435,NB
frame_ta_494.76_495.0,5.003762502887014,0.0,0.8366650479644424,417.95968671441767,368.9130631446334,49.04662356978429,13.000017867015288,6.892866201346067,6.107151665669221,NB
frame_dus_495.0_495.18,10.583969880025675,0.0,-0.4491216188158248,420.16918722930745,372.5814412878548,47.58774594145268,9.851582014789784,5.9681101021676,3.883471912622184,NB
frame_ow_495.18_495.29,12.50017839715926,0.0,0.0047455194456369,417.168528124757,373.7072213865852,43.46130673817186,5.020550891454548,1.908600763805936,3.111950127648612,NB
frame_a_495.29_495.32,8.841572630489509,0.0,-0.7979952923177192,399.9283339802976,357.1123701461479,42.81596383414973,0.6315170694111032,0.4062875806687316,0.2252294887423716,NB
frame_Zo_495.32_495.46,17.006451323055785,0.0,-0.8889939762113193,417.4106433382519,371.35258003422695,46.05806330402493,10.547082691385157,6.1525077507680805,4.394574940617076,NB
frame_e_495.46_495.5,182.29192068740971,0.0,-0.6581180713043976,411.6976771674968,369.5968346365087,42.10084253098813,10.829315679809383,6.16676938488763,4.6625462949217535,NB
frame_La_495.5_495.83,22.61189410364139,0.0,0.7405085573597058,418.9336579368602,367.4956646065118,51.43799333034838,56.81977686922498,36.6843852837209,20.13539158550408,NB
frame_dus_495.83_495.96,75.55249598177676,0.0,-0.5778049101643155,411.6188947954865,365.67368016709554,45.94521462839094,5.73041859329328,1.6630918331796636,4.067326760113616,NB
frame_i_495.96_496.04,38.68329802043682,0.0,-0.0019112135339944,407.6268897053332,365.5096661697016,42.11722353563152,7.687671622781849,5.141065744700413,2.5466058780814365,NB
frame_ve_496.04_496.14,33.957552617008815,0.0,-0.8022140844980237,418.1097908588448,374.7929150633488,43.316875795496,88.89888585336107,41.25126608879984,47.64761976456123,NB
frame_re~j~_496.14_496.27,81.58408538251999,0.0,-0.3636028774742484,419.5342165025979,373.92415289175,45.61006361084793,16.299156995256524,5.000571361991064,11.29858563326546,NB
frame_ajs_496.27_496.46,11.524941673860894,0.0,-0.5095258205029628,408.2590902435211,363.3396902481427,44.9193999953784,6.123652754151834,4.173857845895952,1.9497949082558816,NB
frame_pe_496.46_496.58,14.011492437797784,0.0,0.0623619946596371,418.4041765664364,374.4114033143028,43.99277325213359,5.196919416954188,2.5102631906076454,2.6866562263465426,NB
frame_so_496.58_496.85,0.445743329868236,0.0,-0.5314981779479272,419.1761991871453,369.0634550474961,50.11274413964912,21.22972492858304,6.299305245504968,14.930419683078073,NB
frame_as_496.85_496.96,0.7391589551541813,0.0,-0.7979952923177192,411.7943949560136,366.8021974050816,44.99219755093191,3.507402177383824,0.9546789486936405,2.5527232286901835,NB
frame_nu~_496.96_497.02,4.323936295625174,0.0,-0.5101718816481261,411.7983795687023,369.4834324729866,42.31494709571564,2.801624246808359,2.1414658612916924,0.6601583855166666,NB
frame_ma_497.02_497.08,6.666656919453487,0.0,-0.7979952923177192,407.135551897454,364.129900477005,43.005651420449,14.88502646982019,6.903083593242059,7.981942876578131,NB
frame_sEX_497.08_497.29,9.366935851754109,0.0,-0.3800630362660485,416.4761697504681,369.90139087004025,46.5747788804278,17.16478035717634,12.312290302458706,4.852490054717634,NB
frame_ta_497.29_497.35,10.967308951864482,0.0,-0.7979952923171725,417.9653250106428,375.3966157923441,42.56870921829875,6.283362902388376,2.2991612129863768,3.984201689401999,NB
frame_peXs_497.35_497.62,9.356423634111591,0.0,-0.5140220581115906,418.3470557961034,370.3343501363556,48.01270565974784,10.120455882053877,3.359387972688012,6.761067909365863,NB
frame_pek_497.62_497.81,15.518165032019056,0.0,0.6387460474316841,416.1792947687183,369.6590783976517,46.52021637106651,10.354771752889093,6.272470367853657,4.082301385035436,NB
frame_tSi_497.81_497.9,84.4967865678618,0.0,-0.651041239034161,400.0333849363018,357.6306705437312,42.4027143925706,26.224865104222992,15.602209252423307,10.622655851799683,NB
frame_va_497.9_498.22,50.58953600489528,2.339999999999975,0.5481955761502326,407.9866994799545,357.5294662836962,50.4572331962583,4.472524758973876,2.698013072264075,1.7745116867098003,TB
frame_na~w~_500.56_500.91,9.82950949763304,0.0,-0.2662642633657809,423.0416809596922,370.7446387400288,52.29704221966341,46.35810428168574,7.53875094098413,38.81935334070161,NB
frame_na~w~_500.91_501.11,29.925065202613126,0.0,-0.8088404981487594,421.6381494610867,374.5865365239569,47.05161293712979,64.93903476428659,13.574340906765798,51.36469385752079,NB
frame_fu~_501.11_501.26,4.119033251722215,0.0,-0.1979723591050645,415.11556434296006,369.9012521418223,45.21431220113777,65.1508410650192,37.2949342209821,27.855906844037094,NB
frame_si_501.26_501.44,2.1575479016510712,0.0,-0.651041239034161,418.9688458687125,371.02470930046,47.94413656825253,30.47509602353261,23.105923155484447,7.369172868048167,NB
frame_o~_501.44_501.53,10.180896145297652,0.0,-0.4585368458405797,421.8174874320164,376.5625449041006,45.25494252791583,8.812454162437717,4.891422200462159,3.921031961975558,NB
frame_na_501.53_501.65,46.89177749173925,0.0,-0.4133693298982262,416.67628181510446,372.8332081457086,43.84307366939584,22.49724510437771,10.9407603461878,11.55648475818991,NB
frame_i_501.65_501.73,64.94969406540379,0.0,-0.0019112135339944,410.980020686757,369.0533275168234,41.92669316993357,5.021043427988204,1.8737049051238583,3.147338522864345,NB
frame_su_501.73_501.87,59.94457432262885,0.0,-0.5778049101635839,408.3203022273949,363.951855685464,44.36844654193089,15.28246395212456,8.71695807859858,6.565505873525979,TB
frame_is_501.87_501.99,55.55705554383073,0.0,-0.651041239034161,413.87326233331504,369.2683496130987,44.60491272021636,3.013998159458908,2.0078650640557782,1.0061330954031291,NB
frame_tu_501.99_502.13,15.232887863743372,0.0,0.4516614206192204,421.1096908154171,376.675170143802,44.43452067161508,21.505513489854167,10.912254220915344,10.593259268938825,NB
frame_E_502.13_502.16,285.8386861374748,0.0,-0.9692516666489436,399.26506742877496,357.64687329340853,41.61819413536642,10.661726454046743,4.897134161624024,5.764592292422719,NB
frame_muj~_502.16_502.4,19.21133095935943,0.0,-0.5778049101635839,413.4231896515404,366.7738774762594,46.64931217528101,45.09209501850739,16.663753035582545,28.42834198292485,NB
frame_tu_502.4_502.7,75.22750270480225,0.9600000000000364,1.9958609167930608,420.9725537641045,371.3193428168904,49.65321094721406,231.72697169753957,116.95909049753374,114.7678812000058,NB
frame_u~_503.66_503.69,12.1535743360582,0.0,-0.5101718816481261,398.46535498320407,355.95680526779046,42.50854971541361,12.413423285893032,8.316928213673322,4.09649507221971,NB
frame_ma_503.69_503.84,12.806536952454024,0.0,-0.2210563486887531,421.556948042574,376.9198341109644,44.637113931609576,11.820121315257095,5.542174325723323,6.277946989533774,NB
frame_i_503.84_504.0,6.250656264860169,0.0,1.0366968272646486,415.2060575565461,368.6592628646386,46.54679469190751,5.721797089393846,2.880796734221292,2.841000355172554,NB
frame_pO_504.0_504.23,14.39816433140075,0.0,0.5067005891362106,420.5608667319432,373.6126473865187,46.94821934542449,17.386560119885132,4.363910306286186,13.022649813598946,NB
frame_te_504.23_504.29,16.826834439925108,0.0,-0.8022140844972045,406.209174879784,364.4038981668336,41.80527671295039,0.491605130373415,0.2182204170275952,0.2733847133458198,NB
frame_zi_504.29_504.6,12.615330438211572,0.0,-0.651041239033423,418.85955523337554,367.5750801829183,51.28447505045728,92.3677456402216,60.76697792816447,31.60076771205713,NB
frame_de_504.6_504.67,50.6872423693014,0.0,-0.6581180713043976,416.33636968400685,373.4338907252669,42.902478958740005,6.6564983485021685,2.6380530535082585,4.01844529499391,NB
frame_ri_504.67_504.83,8.080894871637412,0.0,0.6472188119646962,412.6296412226485,366.1451314565116,46.48450976613685,46.78058745282391,25.87861216386776,20.90197528895615,NB
frame_va_504.83_505.23,27.60207756132486,0.0,1.702073463408165,417.8089523002906,365.9981542776945,51.81079802259615,42.22067215506671,23.28448074289507,18.93619141217164,NB
frame_da_505.23_505.64,92.77502940480728,0.6800000000000068,2.3751688976418674,418.01645972132894,366.6522881978422,51.36417152348673,398.6586525638373,280.8432862936072,117.81536627023004,NB
frame_dZi_506.32_506.49,21.018465477198248,0.0,-0.1317372186344705,423.1046079193528,374.8850513878144,48.21955653153845,32.41020242130392,9.304483261419447,23.105719159884472,NB
frame_u~_506.49_506.53,19.86132183464304,0.0,-0.4655719498562963,408.31474929881296,365.6593745604665,42.65537473834644,0.6895113603891616,0.4924708153234576,0.197040545065704,NB
frame_ma_506.53_506.79,10.583376573299404,0.0,0.9328215385697256,420.6768652812734,373.45657719603577,47.220288085237655,23.27355717525793,10.849184985040864,12.42437219021707,NB
frame_psi_506.79_507.08,39.95188511099542,0.0,-0.0019112135347324,415.30871618793816,366.19558100750857,49.1131351804296,4.199668985715931,1.515880607034802,2.683788378681129,NB
frame_ko_507.08_507.19,11.023700567636922,0.0,-0.3527502788167391,421.7786726429169,376.87867520528914,44.89999743762775,11.251575942289604,8.605711233244762,2.645864709044844,NB
frame_lo_507.19_507.35,12.840667906959936,0.0,-0.174002379684535,423.54609614796857,376.175594326188,47.37050182178058,19.54521274738013,10.595523744345456,8.949689003034678,NB
frame_Zi_507.35_507.86,2.871864291453676,0.0,1.2963488374641248,422.9045841701973,365.1644261823924,57.740157987804935,38.67960999832866,12.762577780944383,25.917032217384275,NB
frame_a_507.86_507.89,4.743889603103412,0.0,-0.7979952923177192,394.9517242077423,353.80703167151336,41.14469253622889,7.438155159288783,3.331071284232763,4.10708387505602,NB
frame_dZi_507.89_508.09,11.543721171196864,0.0,1.0366968272639103,413.0122891853684,366.1483537642268,46.863935421141605,10.705842373720344,5.745016093670472,4.960826280049872,NB
frame_u~_508.09_508.12,16.948013312498546,0.0,-0.5101718816478725,402.61716588127,360.10386830823603,42.51329757303398,3.247134526025576,1.1722559169740805,2.0748786090514955,NB
frame_Re_508.12_508.44,12.138401223409318,0.0,2.65609023213262,421.542018339425,370.4965336423402,51.04548469708482,19.93549366712955,7.740393137248645,12.195100529880904,NB
frame_foX_508.44_508.67,6.180187692213423,0.0,0.5409892168402171,420.5372736393418,372.5560542903087,47.98121934903321,100.02287633615089,23.78873633804048,76.2341399981104,NB
frame_su_508.67_508.87,70.93736991299909,0.0,-0.5778049101635839,410.4505498199396,363.5614640796939,46.88908574024572,108.568300586839,45.482816601721225,63.085483985117776,NB
frame_dZi_508.87_508.93,101.08263402636214,0.0,-0.651041239033423,405.0620838283776,362.5905911247286,42.47149270364895,0.1863011434547914,0.0616159989137727,0.1246851445410186,NB
frame_si_508.93_509.14,82.4810477803195,0.0,-0.651041239034161,411.80916018457725,365.463033358731,46.34612682584623,19.54610248938596,3.274895051043188,16.27120743834277,NB
frame_tu_509.14_509.2,37.90886119256248,0.0,-0.5778049101643155,420.0206536423888,375.6192370761206,44.40141656626821,2.237235692026104,0.7120650235052466,1.5251706685208577,NB
frame_a_509.2_509.25,44.20517498551652,0.0,-0.6056823111076994,415.0334261578314,371.17012267518857,43.863303482642834,1.7534588699171394,1.167295151928272,0.5861637179888675,NB
frame_so~j~s_509.25_509.43,37.81363269139378,0.0,0.0,414.8870586831529,367.2588214645924,47.628237218560514,40.97072740485484,31.91712178689697,9.05360561795787,NB
frame_ki_509.43_509.7,0.1923314121562214,0.0,-1.0583291181247685,417.5062391339787,367.1115979922554,50.39464114172324,16.493327232416704,7.885304666863078,8.608022565553625,NB
frame_ew_509.7_509.76,11.354457294156733,0.0,-0.8022140844972045,418.13313950527146,375.1794283086377,42.953711196633776,1.141904331671526,0.6534742568235288,0.4884300748479973,NB
frame_a_509.76_509.82,11.863079386600276,0.0,-0.5095258205029628,410.7673032745163,369.1277679622676,41.639535312248654,3.5361443915413986,1.9279067030473696,1.6082376884940288,NB
frame_Su_509.82_509.9,10.504941590984942,0.0,-0.5778049101643155,409.59508050319255,366.9662355703163,42.62884493287624,1.1332941005238697,0.6731107108342371,0.4601833896896323,NB
frame_ki_509.9_509.96,104.4048577933818,0.0,-0.651041239034161,405.6759209936995,363.4689845304071,42.20693646329249,6.930148885240094,3.2851716014614,3.644977283778694,NB
frame_na~w~_509.96_510.07,13.54105729875991,0.0,-0.8088404981487594,414.1663909729258,369.6858828503901,44.48050812253575,3.926240159459809,2.6075751062307404,1.3186650532290685,NB
frame_es_510.07_510.32,139.74611379414063,0.0,-0.6581180713043976,413.9808645807147,363.683671520143,50.29719306057172,19.51798557320041,11.436068530150068,8.081917043050339,NB
frame_pli_510.32_510.56,43.8082061704942,0.0,0.2577407966654818,417.55080502553824,369.40453509780406,48.14626992773418,94.08186136750392,36.714839607662384,57.36702175984154,NB
frame_ka_510.56_510.62,3.162248651776707,0.0,-0.7979952923171725,408.6711756279009,365.6017620847862,43.06941354311465,213.2090088083222,137.72002026198214,75.48898854634008,NB
frame_to_510.62_510.73,31.4257531541046,0.0,0.0047455194466529,422.7619653393056,378.3143218683082,44.44764347099738,6.548194574807582,3.1361048165105387,3.412089758297043,NB
frame_da_510.73_510.8,140.91793243948612,0.0,-0.7979952923171725,420.5627679313407,377.0013684199597,43.56139951138101,327.0345293204619,200.6879073365601,126.3466219839018,NB
frame_a_510.8_510.87,308.2987320595272,0.0,-0.4133693298982262,409.3766257790591,367.1608304285127,42.21579535054639,65.78555166323036,28.491294620903943,37.29425704232642,NB
frame_kes_510.87_511.09,24.25239665649397,0.0,-0.3699260449187837,412.55596084813993,366.2736472902601,46.28231355787983,4.09611224846239,2.970720139455665,1.1253921090067251,NB
frame_ta~w~_511.09_511.2,22.516868578781555,0.6899999999999977,-0.6731964394524365,403.8934798511119,363.2676450282762,40.625834822835714,25.50785950055169,14.960928604978562,10.546930895573126,TB
frame_majs_511.89_512.31,4.613331057481446,1.3400000000000318,-0.1248998580840165,423.7212160366064,369.59430504378696,54.12691099281943,108.2009921882933,37.69970747925714,70.50128470903616,NB
frame_e~j~_513.65_513.72,195.98146659102545,0.5499999999999545,-0.839183335526277,401.3020454995788,359.2552210423904,42.046824457188336,13.525673226768731,6.78699269473077,6.738680532037961,NB
frame_su~_514.27_514.35,85.90316688226261,0.0,-0.4209720180639596,411.9762636901912,371.001591020051,40.974672670140194,2.7551225236446726,1.5347360016023686,1.220386522042304,NB
frame_ma_514.35_514.48,44.66826581924002,0.0,-0.4133693298976796,421.73012022145423,376.3220165862333,45.408103635220925,22.26688228752559,8.67998176879945,13.58690051872614,NB
frame_u_514.48_514.52,123.18761038707426,0.0,-0.4491216188165563,403.5255747302873,362.427023241441,41.09855148884628,2.187111794856733,1.6447791478424776,0.5423326470142555,NB
frame_ki_514.52_514.6,37.55581649358516,0.0,-0.651041239034161,424.4452623644588,379.1598231441021,45.28543922035664,27.50543505588169,21.09584390718928,6.409591148692414,NB
frame_E_514.6_514.66,27.20088978362909,0.1000000000000227,-0.6746573514580543,421.1420119516477,378.2115586765124,42.93045327513522,3.620721925000481,1.400489874467695,2.220232050532786,NB
frame_fu~_514.76_514.9,27.295231344579747,0.0,-0.1533724273129812,416.4027003083097,371.1398511054416,45.2628492028681,25.986845679524777,14.272919263611897,11.71392641591288,NB
frame_da_514.9_515.02,1.068141070334207,0.0,-0.4133693298987728,420.42503954342567,375.79875399991926,44.62628554350641,9.80348254188354,4.050657569331889,5.75282497255165,NB
frame_me~_515.02_515.28,12.013609779856523,0.0,1.4198238402203516,413.6546820842393,365.05350765013736,48.601174434102006,140.4647232505189,96.65625647840702,43.808466772111856,NB
frame_taw_515.28_515.52,3.5585514225557238,0.0,0.2597261043354764,421.4786826495279,372.6093848504054,48.86929779912248,12.305633825132844,5.295606817589999,7.0100270075428455,NB
frame_E_515.52_515.55,10.025523852053311,0.0,-0.9692516666495018,405.50261578353,362.7120957317761,42.790520051753845,2.5200023098919075,0.851486682747975,1.6685156271439323,NB
frame_u_515.55_515.61,14.661994934892505,0.0,-0.1917550361195751,407.6969132965986,365.18474412953503,42.51216916706352,21.860873249369888,11.312927555595678,10.54794569377421,NB
frame_se_515.61_515.97,18.96443880960192,0.0,-0.8022140844980237,405.53198792346615,354.909842563602,50.62214535986419,186.57430019648933,120.04648496711286,66.52781522937649,NB
frame_gi~_515.97_516.03,27.37236350821996,0.0,-0.9029056157674582,395.7192231241385,354.6691835986814,41.05003952545712,48.268541618972,33.12244699409109,15.146094624880902,NB
frame_tSi_516.03_516.18,16.08459343532911,0.0800000000000409,-0.651041239034161,400.55451851239707,358.37857941219994,42.17593910019713,29.91837498568907,15.302240535605703,14.616134450083363,NB
frame_ajs_516.26_516.43,32.856774712801126,0.0,-0.4133693298976796,424.3501410693254,377.0601342477037,47.29000682162172,468.4496965482091,419.88818462912354,48.561511919085575,TB
frame_no_516.43_516.55,18.56491941424818,0.0,-0.8889939762113193,421.46365233131326,375.2626162102513,46.201036121061975,17.206681394625463,4.399073736920201,12.807607657705262,NB
frame_so~j~s_516.55_516.73,25.23769515556515,0.0,0.0,419.1718408233413,371.0719675205184,48.09987330282303,24.8899758545754,15.549427799398728,9.340548055176669,NB
frame_dZi_516.73_516.97,32.34799783932087,0.0,-0.9583637394108316,418.7417686437773,370.4595850526893,48.28218359108797,50.22847750159934,13.350539553315514,36.87793794828383,NB
frame_es_516.97_517.37,54.73316818273858,0.0,-0.8022140844980237,409.0866038127812,357.96490661978135,51.12169719299982,148.8089987632812,95.3485412772759,53.46045748600531,NB
frame_pa_517.37_517.54,1.177125773851941,0.0,0.2597261043354764,421.6574940086706,376.0250213605588,45.6324726481119,19.130656540892065,8.53293446689193,10.597722074000131,NB
frame_su_517.54_517.8,194.94910450304783,0.0,-0.5778049101643155,410.3470501370757,362.1099118775896,48.23713825948613,719.5608807542932,428.8091605872739,290.7517201670193,NB
frame_i_517.8_517.83,40.60070199387356,0.0,-0.6510412390326851,390.14949374667935,349.12497029385224,41.024523452827054,4.098579328751484,2.6013321911457155,1.4972471376057683,NB
frame_dZi_517.83_517.91,35.62228821233202,0.0,-0.3913892288346848,414.9533593745828,370.31746006764513,44.63589930693763,24.682745264014542,11.235262190060553,13.44748307395399,NB
frame_te~_517.91_518.34,49.41822828418978,0.0,1.6576140692460275,418.82942859744566,365.61422970819,53.2151988892557,29.81777371331603,16.46498203879881,13.35279167451722,NB
frame_pu_518.34_518.45,70.54109361861643,0.0,0.065611546575943,417.4188678863828,370.89528660370576,46.52358128267701,16.468265343967232,9.860331088345134,6.607934255622098,NB
frame_ajs_518.45_518.56,102.71429451037444,0.0,-0.7979952923177192,416.3857741183388,371.8571064077984,44.52866771054045,1.22770690229094,0.5625618812146271,0.665145021076313,NB
frame_no_518.56_518.66,7.373352141151486,0.0,-0.8889939762113193,422.1523185591893,376.90848534478255,45.24383321440678,9.786105591016565,2.241739017368303,7.544366573648261,NB
frame_so~j~s_518.66_518.84,7.698639137561514,0.0,0.0,420.0708039027488,371.85553158264327,48.21527232010556,1.672362264210136,0.631765292885774,1.040596971324362,NB
frame_dZi_518.84_519.2,20.584740821957496,0.0799999999999272,-0.8583983606968948,417.38839952583726,366.9474712903248,50.4409282355125,10.337460216992383,3.557405117063695,6.780055099928688,NB
frame_kaw_519.28_519.51,13.669161276692364,0.0,-0.0287433674787333,420.0617639764537,373.8630654089688,46.198698567485,4.471560282979198,3.261874355484167,1.2096859274950305,NB
frame_za_519.51_519.71,7.940993533295682,0.0,-0.6056823111071528,419.9857713049458,371.8723955388824,48.11337576606343,31.3402172529689,19.71729698245412,11.622920270514784,NB
frame_li_519.71_519.88,69.77035427430967,0.0,0.3875668017652199,414.44451535623085,368.7993858590112,45.645129497219614,62.79916738483588,33.36443837470188,29.434729010134,NB
frame_da_519.88_520.22,81.59116421398129,0.0,1.798229954013448,411.2230235352337,361.8631946297925,49.35982890544125,3.211063179677282,1.8619675415903172,1.3490956380869648,NB
frame_dZi_520.22_520.28,60.27517392128392,1.1200000000000043,-0.651041239034161,397.50787491636896,357.32837435592506,40.1795005604439,0.5712544937202324,0.2109922765544638,0.3602622171657685,NB
frame_ajs_521.4_521.63,4.64691319884173,0.0,-0.0287433674787333,425.4575827369527,375.4722492130503,49.98533352390234,38.397603336062986,17.416973773885502,20.980629562177484,NB
frame_no_521.63_521.8,1.808481834602162,0.0,-0.1740023796865671,421.6092379687842,374.9075295896921,46.70170837909217,11.034557070814486,3.603486898575312,7.431070172239174,NB
frame_so~j~s_521.8_522.02,8.593575203436387,0.0,0.0,420.8231409149674,371.7866240046144,49.03651691035299,22.033205135848878,12.917610494037715,9.115594641811157,NB
frame_Re_522.02_522.43,6.35348508896945,0.0,-0.9583637394108316,420.8548786518405,366.3887792203725,54.46609943146808,65.18533831175293,28.21985634001794,36.96548197173499,NB
frame_la_522.43_522.76,27.0487303333918,0.0,1.2212910103839354,419.6624572105409,368.3174687519288,51.34498845861202,26.078052623254397,14.348001540718428,11.730051082535963,NB
frame_tSi_522.76_523.0,76.85934114819092,0.0,1.0366968272639103,414.1394221418004,365.26488880443367,48.87453333736676,8.851505170474113,3.260662920790395,5.590842249683718,NB
frame_vas_523.0_523.27,53.892523961478176,0.0,-0.4133693298987728,420.406002897012,370.1573599285237,50.24864296848824,17.374462865147407,6.9499359893114985,10.424526875835909,NB
frame_a_523.27_523.3,32.80125650247189,0.0,-0.7979952923177192,410.09720233104326,367.1728273262216,42.92437500482163,1.4284543701712664,1.1729571818389104,0.255497188332356,NB
frame_ws_523.3_523.48,32.72875565104317,0.0,-0.5778049101628525,412.9857898597495,367.4984786224082,45.48731123734126,11.96012753266882,5.652468560115011,6.30765897255381,NB
frame_pro_523.48_523.71,25.02283273788788,0.0,1.077232914233781,421.1105075010878,374.2855098112696,46.82499768981825,7.031081338302897,3.3736156487433675,3.6574656895595297,NB
frame_ble~_523.71_523.88,4.897706636086866,0.0,-0.2447077629607344,418.3784583538844,371.9812882520717,46.39717010181272,36.215719002266326,13.201822075567293,23.013896926699037,NB
frame_mas_523.88_524.28,12.32441736369094,0.0,-0.5095258205035094,413.3162633833528,360.9917838313965,52.32447955195636,28.444703453060413,14.704183278500352,13.74052017456006,NB
frame_fu~_524.28_524.51,52.28715571229904,0.0,0.0696272316461673,421.31345162111694,372.2950273318744,49.0184242892426,43.15386498654621,18.226999145074416,24.926865841471795,NB
frame_da_524.51_524.68,17.928217553105185,0.0,-0.1248998580845631,423.255516747394,376.3038533071383,46.951663440255686,37.09192670485013,26.546062937528177,10.545863767321949,NB
frame_me~_524.68_524.93,10.45630764030534,0.0,1.4198238402189998,415.0778535403817,366.6767821035143,48.40107143686743,144.29802782178592,112.8315653462304,31.46646247555552,NB
frame_tajs_524.93_525.27,18.888242583354582,0.0,0.7405085573591592,420.0523498572964,369.3102418823981,50.74210797489826,10.314778946621033,5.08574842333374,5.2290305232872925,NB
frame_da_525.27_525.34,37.49513028964879,0.0,-0.7979952923166259,418.96568863644814,374.24946473856704,44.71622389788109,7.982799338512962,3.65171026143085,4.331089077082112,NB
frame_e_525.34_525.47,42.710297967814256,0.0,0.6387460474316841,420.1645947248127,373.8637202191702,46.30087450564241,12.918898553236644,5.606866875920161,7.312031677316483,NB
frame_zis_525.47_525.86,19.1391129202446,0.0,-0.651041239034161,410.5117871893501,357.8638739647215,52.64791322462867,193.48994436788672,152.22225554985224,41.26768881803447,NB
frame_te~_525.86_525.92,56.69522832952026,0.0,-0.839183335526277,412.2841265164381,370.09241339148457,42.19171312495354,6.356956890864694,4.594433447257757,1.7625234436069377,NB
frame_sia_525.92_526.56,39.31140546312139,0.5100000000001046,-0.651041239034161,404.2541430884069,345.33464505798435,58.919498030422574,247.6916903579572,98.57431507847193,149.11737527948523,NB
frame_ki_527.07_527.13,,0.7599999999999909,-0.651041239034161,393.1036603583082,352.1254023435972,40.978258014711,8.213156707260964,4.695749727475146,3.517406979785818,NB
frame_gi_527.89_528.29,34.17657516120366,0.0,3.5033909241604104,418.1393893822893,364.8736038785461,53.265785503743245,373.30216235615006,274.34736748585885,98.9547948702912,NB
frame_a~w~_528.29_528.49,79.18382400301844,0.3300000000000409,-0.6731964394516654,411.93116096425007,367.0042445189914,44.9269164452586,1.672040542229098,0.8519954357641097,0.8200451064649883,NB
frame_ki_528.82_528.89,29.792376357661823,0.0,-0.5212152339344229,406.9295134997992,363.9964532797539,42.93306022004526,30.45154954497372,11.59703966066516,18.854509884308555,NB
frame_po~j~_528.89_529.21,8.355079675386975,0.0,-0.8583983606968948,423.2120026952486,372.1055289083797,51.10647378686889,16.865182279252338,7.364744914959772,9.500437364292566,NB
frame_m_529.21_529.25,89.44674876768049,0.92999999999995,0.0,403.6424368369927,362.1399044459216,41.50253239107104,5.42621805798062,1.7893714663064628,3.636846591674157,NB
frame_dZi_530.18_530.31,9.703069315926626,0.0,-0.5212152339344229,421.67895824965433,374.8159469366884,46.86301131296585,55.74457393587829,19.50726243776552,36.23731149811277,NB
frame_re_530.31_530.39,17.96925534627647,0.0,-0.5140220581124098,423.9015031510058,379.07613082923416,44.82537232177168,21.025468450485164,9.578790128431136,11.446678322054026,NB
frame_so~j~s_530.39_530.63,103.9327720692766,0.0,0.0,418.25992605717545,369.98877372585713,48.27115233131832,222.0479925622285,85.13469303459465,136.91329952763385,NB
frame_ki_530.63_530.96,334.20879423909565,0.0399999999999636,-0.7584329819818216,414.5428154804987,364.3337353921488,50.20908008834988,30.32687786352824,17.33984090000763,12.987036963520609,NB
frame_da~w~_531.0_531.37,15.842920739740435,0.0,-0.6731964394516654,419.3873653908326,369.81427395972935,49.57309143110325,5.811796614456455,2.637311462732612,3.174485151723843,NB
frame_paw_531.37_531.74,3.8661498849298255,0.0,-0.1248998580834699,420.33217832045386,369.5643105342063,50.76786778624757,12.462829516455969,6.424797336004588,6.038032180451381,NB
frame_tas_531.74_532.32,304.19037273465494,0.0,-0.0287433674787333,411.6385927878584,355.02548209951567,56.61311068834277,84.10423227888288,33.04675670094338,51.0574755779395,NB
frame_a_532.32_532.49,53.62022446348036,0.0,0.5481955761496861,423.8081824315619,376.789497174729,47.01868525683284,5.971990627100936,2.5476544075637837,3.424336219537153,NB
frame_a_532.49_532.55,575.264207582978,0.0,-0.5095258205035094,408.7021603439558,366.6885571891394,42.01360315481645,49.98088603946587,22.98172645703835,26.999159582427524,NB
frame_sa~w~_532.55_533.01,10.233416079627348,0.0,-0.2662642633650098,420.7390952894205,365.4178262307586,55.321269058661926,32.91901739831286,11.149916204453833,21.76910119385903,NB
frame_dujs_533.01_533.27,77.7081297373886,0.07000000000005,-0.1917550361195751,411.4601464346271,364.0618892970728,47.39825713755437,11.016612774816906,3.8347015000326223,7.181911274784284,NB
frame_gru_533.34_533.48,1.1288855473544857,0.0,-0.063071744771816,420.3457028989673,374.1765015008295,46.16920139813783,58.45939770722441,18.878338764527854,39.58105894269656,NB
frame_pus_533.48_534.04,23.790247088260173,1.25,1.8671776254460335,408.6716527109649,351.8998499408828,56.77180277008205,6.003178838561098,1.6819270680841214,4.321251770476977,NB
frame_sa~w~_535.29_535.68,6.795894475557532,0.0,0.2763119714171975,422.7458065735291,369.5640188371481,53.18178773638096,12.880494211656384,6.790576071690111,6.089918139966272,NB
frame_de_535.68_535.8,43.39457838937611,0.0,-0.2258300317267958,422.6519848339237,376.9932988190417,45.65868601488205,59.13067939860147,19.612840838494662,39.51783856010681,NB
frame_ri_535.8_536.01,32.524388323607525,0.0,1.296348837463387,418.4107458704291,371.45257572697926,46.95817014344982,69.22065629487855,28.25909621106476,40.961560083813794,NB
frame_va_536.01_536.27,36.354916790375285,0.0,1.1251345197791986,418.946123848776,372.5087788787922,46.43734496998377,20.72899719134,13.391240968587027,7.337756222752972,NB
frame_das_536.27_536.43,72.05444152336287,0.0,-0.4133693298976796,416.6239036977678,371.2087400098995,45.4151636878683,15.391028709901208,3.653764378456827,11.73726433144438,NB
frame_dZi_536.43_536.56,123.04599369333782,0.0,-0.0019112135354704,406.4875046864372,364.3073103330916,42.180194353345655,1.0078158169994538,0.4284894757597755,0.5793263412396783,NB
frame_ko~_536.56_536.81,28.78341622421715,0.0,0.4411515625854188,420.7529572036649,371.6264835329866,49.12647367067825,16.267199120870828,5.960117331446838,10.30708178942399,NB
frame_sej_536.81_537.11,190.60812910481172,0.0,-0.6581180713035786,419.0045655539996,367.70136636575785,51.30319918824176,27.26992903614581,16.038102988183596,11.231826047962215,NB
frame_tus_537.11_537.86,118.78518093268865,2.539999999999964,-0.5778049101643155,410.1964495198771,347.34897076803566,62.84747875184144,19.13657987535322,12.557152197852474,6.579427677500746,NB
frame_ki_540.4_540.85,22.860173650030504,1.509999999999991,3.633216929261625,418.8982956695244,367.0929767150983,51.80531895442613,241.0634299075753,143.07116631306593,97.99226359450935,NB
frame_Ra_542.36_542.65,16.736523066742365,0.0,1.2212910103839354,421.2375238474984,371.00449189221,50.233031955288425,38.02903078848848,5.388775573392877,32.64025521509561,NB
frame_dZi_542.65_542.87,55.08290200750062,0.0,1.0366968272639103,419.0219444139153,371.48261285690654,47.53933155700878,27.93906153249975,5.73358352747502,22.20547800502473,NB
frame_ka~w~_542.87_543.02,54.07589253718524,0.0,-0.6731964394516654,408.7311790784066,365.5850640391329,43.14611503927375,170.44671911931314,124.65041222977828,45.79630688953486,NB
frame_va~_543.02_543.08,101.9567302366539,0.0,-0.8088404981472173,398.8384008080102,357.7220181570627,41.11638265094752,13.468427591885517,7.817479784711381,5.650947807174134,NB
frame_mus_543.08_543.34,110.3277776046196,0.0,1.352444460053534,401.5990807164503,354.89074483952965,46.70833587692067,4.2905589468654455,1.7352748046892543,2.555284142176191,NB
frame_dZi_543.34_543.46,109.901638445661,0.0,-0.2615632237334707,404.9138573315256,360.2918906651213,44.62196666640426,1.133812692117587,0.6991411891311685,0.4346715029864185,NB
frame_zeX_543.46_543.92,82.76035587027043,2.25,-0.5140220581124098,408.201726614288,356.1175761951363,52.08415041915168,53.13095099324393,21.12096641363162,32.00998457961231,NB
frame_ki_546.17_546.23,74.74901131421407,0.0,-0.651041239034161,391.5963996258282,350.64267865070366,40.95372097512461,14.294113099664957,7.778950631743271,6.515162467921684,NB
frame_sa_546.23_546.7,5.866105273563051,0.0,1.028978029174462,422.27660890836887,366.0677796396207,56.20882926874822,19.246943014495,9.02882780249945,10.218115211995553,NB
frame_e~j~_546.7_546.76,43.3334739974741,3.060000000000059,-0.839183335526277,410.2443718789761,369.4066273630243,40.83774451595178,12.865973808454156,8.800366996764097,4.06560681169006,NB
frame_si_549.82_549.98,71.25824773145695,0.0,-0.651041239034161,423.562151621918,376.2915044909544,47.2706471309636,13.42033098598995,6.475593924995678,6.944737060994271,NB
frame_na~w~_549.98_550.27,68.6201882205813,0.0,-0.2662642633650098,420.0507202921759,369.82726384358216,50.22345644859371,20.920302347670344,8.039352055526933,12.88095029214341,NB
frame_si_550.27_550.81,68.94986327262666,0.0,-0.651041239034161,415.444142357557,357.66872474552,57.77541761203702,103.08335916058252,32.88509348998136,70.19826567060116,NB
frame_si_550.81_550.89,22.79746707970247,0.0,-0.5212152339344229,419.6112297757804,376.4871296543094,43.124100121470974,34.987734090127304,11.76400154072769,23.22373254939961,NB
frame_na~w~_550.89_550.98,46.96378863420534,0.0,-0.8088404981472173,416.7033199988104,374.20518991968265,42.49813007912769,14.11888425939651,5.8911547531519375,8.227729506244572,NB
frame_sa~w~_550.98_551.31,24.471673437046377,0.0,-0.6731964394532075,419.1669948428245,368.9886394005094,50.17835544231514,46.96317844671481,28.14251430995634,18.820664136758467,NB
frame_to_551.31_551.52,44.43941774020343,0.0,1.077232914233781,421.3020081313294,374.803935429058,46.49807270227143,8.68929604628866,3.3139270845978785,5.375368961690782,NB
frame_taw_551.52_551.7,74.70010278638435,0.0,-0.7018388017118894,419.5297525989101,372.9069442900296,46.622808308880565,457.5278728181558,363.9776230076968,93.55024981045904,NB
frame_me~_551.7_551.86,27.04290132653477,0.0,0.2308726950906181,414.1874413039786,367.9830249329668,46.20441637101175,17.096763083631828,14.501770634437122,2.594992449194706,NB
frame_tSi_551.86_551.99,111.37461857687263,0.0,0.1279147915657436,404.2311602760431,364.6717385604708,39.55942171557223,17.588816896436583,11.803031083477975,5.785785812958608,NB
frame_de_551.99_552.18,26.208102541735656,0.0,0.926938073817298,420.3268603149042,372.4790977065954,47.84776260830881,2.5007094153079947,1.0724753501390865,1.4282340651689085,NB
frame_teR_552.18_552.36,35.40170129059456,0.0,0.4946500342388771,416.9777885672602,370.6641791193304,46.31360944792976,17.164950743220743,9.297622543482191,7.867328199738552,NB
frame_mi~_552.36_552.45,53.52832345763564,0.0,-0.5364819007308737,408.2235466432665,364.9842733552044,43.23927328806212,16.11999858986991,8.561831401000987,7.5581671888689215,NB
frame_na_552.45_552.68,71.02706250895892,0.0,0.6443520667544227,416.16638758629335,368.23961590931344,47.92677167697997,17.352731720017047,9.663013549856544,7.689718170160503,NB
frame_dus_552.68_552.79,121.5971822017038,0.0,-0.5778049101643155,407.084563007842,363.3483199111722,43.73624309666974,6.261882495978604,4.522813389947402,1.7390691060312022,NB
frame_sa~w~_552.79_552.94,34.717645747660896,0.0,-0.5375523807576557,415.9860458933574,371.0134509145878,44.97259497876962,9.252688049286776,6.891429817238361,2.3612582320484137,NB
frame_e~j~_552.94_553.05,35.86974659299688,0.0,-0.839183335526277,411.4775193285087,366.2596363955534,45.21788293295532,1.8848644772432976,1.099610847899612,0.7852536293436856,NB
frame_gra~_553.05_553.26,0.9147814781801172,0.0,-0.4019083220621038,421.1993124413088,373.9721220387787,47.22719040253008,58.34994898405512,21.735526355940664,36.61442262811445,NB
frame_dZi_553.26_553.43,89.47985724973354,0.0,0.7770448170644343,410.8283165215989,365.6598893650301,45.16842715656884,5.194272842193371,3.6026490355797165,1.5916238066136543,NB
frame_paX_553.43_553.8,33.73829051712275,0.0,0.1635696137307398,415.8592966990777,364.87673650926246,50.98256018981528,25.426680219026597,14.997606113763766,10.429074105262828,NB
frame_tSi_553.8_553.9,7.470924056897644,0.0,-0.2615632237349466,420.4851481357404,375.8019191041241,44.68322903161624,11.494784923290837,4.081281436412127,7.41350348687871,NB
frame_de_553.9_553.97,7.298816332431954,0.0,-0.6581180713035786,408.302236171536,366.3626245433647,41.93961162817135,3.971263960170859,1.6944522195641412,2.2768117406067176,NB
frame_teR_553.97_554.12,48.55187201714668,0.0,0.0623619946604562,413.9210456595761,371.7676963954684,42.1533492641077,46.52359721932372,18.91840996435744,27.60518725496628,NB
frame_mi~_554.12_554.33,82.01964385419164,0.0,-0.7807643774210044,413.7407489929921,365.11183875392186,48.62891023907025,53.92027253353268,14.634704987304843,39.28556754622784,NB
frame_na_554.33_554.63,14.036961191520078,0.0,1.317447500988672,414.2019459380724,364.8213371569598,49.380608781112585,14.914841393946318,5.240205169527627,9.674636224418691,NB
frame_dus_554.63_554.86,87.89557881112067,0.7799999999999727,-0.5778049101628525,398.4914499389351,352.0124731278243,46.47897681111078,64.0618759010325,31.89845431545251,32.16342158557998,NB
frame_poX_555.64_555.86,47.22441715961364,0.4099999999999681,0.5409892168402171,421.3786411385316,373.9472540384649,47.43138710006667,171.6134821209347,106.04301070089954,65.57047142003515,NB
frame_a_556.27_556.49,42.749733190211856,0.0,1.028978029174462,418.9731840801527,372.45922045183016,46.51396362832253,21.506329236182467,5.054620537732745,16.45170869844972,NB
frame_bi_556.49_556.67,20.21716411738211,0.0,0.9068708221641724,413.7601460694098,367.12756464003456,46.63258142937531,38.58283975876162,24.65566830413499,13.927171454626633,NB
frame_tus_556.67_556.85,13.3192095211256,0.0,-0.3204383274687972,414.2734077176274,366.8770783843385,47.39632933328886,10.992794918156534,4.686692807306343,6.306102110850191,NB
frame_li~_556.85_557.16,33.51136018816004,0.0,1.9063428661718207,415.096278455697,366.14147103010606,48.95480742559096,98.05000782477416,30.89452436632618,67.15548345844799,NB
frame_gi_557.16_557.24,85.87926366366375,0.0,-0.651041239034161,402.11463796150616,361.2413680123989,40.87326994910728,1.323070145961566,0.7175235901914476,0.6055465557701183,NB
frame_stSi_557.24_557.54,54.8419390774544,0.0,0.517392806864958,405.7187641613411,356.82780222615247,48.89096193518861,0.096959885058709,0.0490811985664265,0.0478786864922824,NB
frame_kus_557.54_557.82,78.20114998425856,0.4599999999999227,-0.5778049101643155,399.8034382405053,351.6676135240276,48.13582471647777,81.53416215772563,51.436227704295845,30.097934453429787,NB
frame_sEX_558.28_559.06,55.66446746167361,0.0,-0.4782611413293061,420.53538346246825,356.64522786636053,63.89015559610772,102.84058662482909,24.185570152580738,78.65501647224833,TB
frame_tu_559.06_559.67,24.4651251671076,0.0,6.499776113968287,415.4487968571905,356.6660802982279,58.78271655896265,155.22233035582047,35.45026235307128,119.7720680027492,NB
frame_is_559.67_560.61,111.49597911089803,0.0,9.73503916895522,418.7989087698373,350.8664655227914,67.93244324704597,60.80635511369701,28.501081175063973,32.30527393863304,NB
frame_tu_560.61_560.69,52.925758833650576,0.0,-0.4491216188150934,424.33784313338987,378.5695266012605,45.76831653212935,7.029555868670343,2.5949247696106568,4.434631099059686,NB
frame_E_560.69_560.85,197.69957629217825,0.92999999999995,0.3073236991812206,420.7644038816853,375.4519250614092,45.31247882027617,501.4422901636623,187.53083611868163,313.9114540449806,NB
frame_vow_561.78_562.0,11.539476754148067,0.0,-0.1740023796865671,423.3460030141076,376.6364122014804,46.7095908126272,23.086859141006755,5.983802919452103,17.103056221554652,NB
frame_ta~_562.0_562.17,26.33818321150818,0.0,0.4119560301127493,424.0485746898824,377.3963265633108,46.65224812657158,20.52704088085304,17.023009019091347,3.504031861761689,NB
frame_du_562.17_562.26,3.404213566866588,0.0,-0.3204383274687972,416.0559110318597,371.638543458676,44.4173675731837,24.47364267769808,18.08372315199148,6.389919525706603,NB
frame_a_562.26_562.29,7.456438368516075,0.0,-0.7979952923177192,408.0315220318814,365.6187014698343,42.41282056204716,2.32013521567751,1.0508978883206623,1.2692373273568478,NB
frame_ws_562.29_562.49,79.86368979866408,0.0,-0.5778049101628525,408.4403757236684,362.704147592541,45.736228131127405,81.96264968249159,68.12878500014789,13.833864682343702,NB
frame_o_562.49_562.7,120.48913274491494,0.0,2.328468208154129,422.738167232179,374.9468953576932,47.7912718744858,294.6444065756259,150.53594982812405,144.1084567475019,NB
frame_pi_562.7_562.85,70.04956910888146,2.3999999999999773,0.3875668017652199,402.1551234843209,358.7565872555491,43.398536228771775,168.30927501402294,126.15565619382828,42.15361882019464,TB
frame_e_565.25_565.3,7.40368297329735,0.0,-0.5140220581124098,417.24898444025183,374.0420524583592,43.20693198189269,7.178698809847106,4.561711062789669,2.6169877470574363,NB
frame_zis_565.3_565.95,10.99220576170424,0.0,0.6472188119646962,420.8350099746709,359.79356137539344,61.04144859927749,209.82337865875093,35.18533209373325,174.63804656501765,NB
frame_tSi_565.95_566.04,116.57701086629686,1.4500000000000457,-0.2615632237349466,411.1227900691016,368.1396798475231,42.9831102215785,3.8149200907384966,2.876202246301545,0.938717844436951,NB
frame_na_567.49_568.11,6.574034236845705,0.0,0.1635696137307398,422.6625551161013,362.44346190202685,60.21909321407446,172.11348184360733,49.81625471521386,122.29722712839347,NB
frame_mi_568.11_568.27,16.36363819008122,0.0,0.6472188119646962,417.8748323586235,372.1058516169746,45.76898074164888,35.69303400149076,15.931716273062476,19.76131772842828,NB
frame_to_568.27_568.37,11.789107499290653,0.0,-0.174002379684535,422.3634149474449,376.8232867665212,45.54012818092366,13.58945985698611,7.68004901476408,5.90941084222203,NB
frame_lo_568.37_568.5,37.848577530215465,0.0,-0.3527502788177552,421.1849957730303,377.0581551991573,44.12684057387298,14.066577321276355,6.96331008478748,7.103267236488875,NB
frame_Zi_568.5_568.77,17.017713485584494,0.0,0.9068708221641724,413.5996613448376,365.6292186731626,47.970442671675016,327.6915958453513,231.522644642901,96.16895120245026,NB
frame_a_568.77_568.83,400.0758090746971,0.3899999999999863,-0.5095258205024162,408.0508379610412,366.7921246068264,41.25871335421482,39.31145986714728,19.807247539265063,19.50421232788221,NB
frame_o_569.22_569.25,2.370079392211437,0.0,-0.8889939762113193,393.861756641358,352.2534298235012,41.60832681785678,6.722296006253856,2.7716442115969078,3.950651794656949,NB
frame_pi_569.25_569.33,11.62066984657912,1.669999999999959,-0.3913892288332088,400.12757270647006,358.42400115927893,41.70357154719113,45.602614390456864,13.295901764878437,32.30671262557843,NB
frame_a_571.0_571.16,23.29974084944664,0.0,0.4520390855449495,425.0606326508822,377.6168824637547,47.443750187127534,16.718136416164782,4.6383791749890975,12.079757241175685,NB
frame_i_571.16_571.31,20.765558988969303,0.0,0.9068708221641724,415.9989375269921,370.2525999433017,45.74633758369038,7.143215139002308,3.4096804083719405,3.733534730630368,NB
frame_d_571.31_571.35,21.58370693903089,0.0,0.0,416.6492694888038,372.2854938983113,44.36377559049248,14.267193824067874,4.6854199345089,9.581773889558974,NB
frame_Eja_571.35_571.65,4.749483251230032,0.0,-0.0854687210740427,421.71885727049903,373.1674221481087,48.55143512239033,19.533348057289945,8.648834025104179,10.884514032185765,NB
frame_fu~_571.65_571.95,4.071635862347534,0.0,0.0696272316466743,410.3868908483021,363.4322712513903,46.95461959691181,16.072717225400396,8.819063948967056,7.25365327643334,NB
frame_da_571.95_572.09,17.250759124935456,0.0,-0.4133693298976796,418.3859810097899,373.9808130265554,44.40516798323444,19.542295936162876,9.180979307022284,10.361316629140587,NB
frame_me~_572.09_572.41,65.38890465070008,0.0,1.776509183758866,415.1821521553967,365.6155288079051,49.5666233474916,80.641344765822,28.66437969837429,51.97696506744771,NB
frame_taw_572.41_572.78,76.95033282944976,0.0,1.1251345197791986,421.2280288880804,368.2504353134385,52.9775935746419,85.16039536468976,51.00157372632751,34.158821638362255,NB
frame_dZi_572.78_572.84,49.78950201704271,0.0,-0.6510412390326851,413.7714531446623,371.415736934506,42.35571621015629,2.7988522682946098,1.7815000220749369,1.017352246219673,NB
frame_u~_572.84_572.93,50.86815230487562,0.0,-0.2425722908971477,417.7377182061232,373.2535355417463,44.48418266437693,160.4636521230508,96.60188513950416,63.861766983546616,NB
frame_ma_572.93_573.34,42.54652453613679,0.0,2.471325388246604,415.3438061991858,365.4353946485227,49.90841155066306,11.40211028306959,7.949377482978576,3.452732800091013,NB
frame_foX_573.34_573.69,17.980134460048816,0.0,1.6134766116273451,424.44146303836646,372.410216973508,52.03124606485847,48.284909777890135,16.6011677121233,31.68374206576684,NB
frame_sa_573.69_573.97,174.56326717465257,0.2300000000000182,-0.7979952923177192,418.7581701363226,368.3675059804274,50.3906641558952,288.4691400699428,78.73063472855603,209.7385053413868,NB
frame_a_574.2_574.25,31.97711020856751,0.0,-0.605682311108246,406.9997585855112,364.1664451863005,42.83331339921068,0.7560477692739909,0.2852858558396605,0.4707619134343304,NB
frame_tu_574.25_574.32,162.85151344542012,0.0,-0.4491216188150934,421.72922488114045,376.56103510949936,45.168189771641096,312.28680931977954,128.0526232882591,184.2341860315204,NB
frame_a~_574.32_574.64,28.257140423736782,0.0,3.124837204025328,415.7435343260646,366.7515540060096,48.99198032005506,38.56946445883409,12.06996907449485,26.49949538433924,NB
frame_tSi_574.64_574.81,35.18366533623461,0.0,0.2577407966640058,407.59451905590856,362.8647977585291,44.729721297379456,19.2212649881901,9.98118452575632,9.24008046243378,NB
frame_se~_574.81_575.26,4.721395278234382,0.0,-0.839183335526277,418.8477289204936,364.3653477374046,54.48238118308899,10.608618197735607,7.740146714954591,2.8684714827810183,NB
frame_traw_575.26_575.6,6.355380308595528,0.0,0.1635696137307398,419.5991306856901,367.9445190199418,51.65461166574829,43.37624083325629,22.561806114112187,20.814434719144103,NB
frame_ki_575.6_575.67,9.332204709767552,0.0,-0.651041239034161,417.1851789618967,373.1615967770224,44.02358218487433,25.168946168335737,17.581755384493704,7.587190783842033,NB
frame_E_575.67_575.7,4.622535104507989,0.0,-0.9692516666483856,409.84823440886447,366.6670975872607,43.181136821603786,3.001062143035739,1.6188743698967016,1.3821877731390373,NB
frame_u_575.7_575.84,1.3824138629504148,0.0,0.8377112946624977,412.1307045825499,367.35489722142376,44.77580736112617,8.603229163925079,4.565307758499927,4.037921405425152,NB
frame_ko_575.84_575.91,14.017729092263238,0.0,-0.8889939762113193,419.33404644460495,375.4920050376878,43.84204140691713,10.69038283036221,2.3759302944695264,8.314452535892684,NB
frame_ra_575.91_576.04,0.4714295407919735,0.0,-0.3172128392940362,415.30343016646526,372.4547319163869,42.84869825007837,8.567071766530319,4.359260335052227,4.207811431478092,NB
frame_sa~w~_576.04_576.33,27.33220022265067,0.0,-0.4019083220621038,414.9476384140369,366.04077568101286,48.90686273302401,6.224618696011078,2.718489537865992,3.506129158145086,NB
frame_du_576.33_576.41,4.004998995274434,0.0,-0.3204383274687972,415.7382725760612,372.4734704034408,43.26480217262031,10.991536685134207,4.289555457848991,6.701981227285216,NB
frame_u_576.41_576.45,6.276902271401781,0.0,-0.4491216188150934,402.45976723544936,361.26648509946347,41.193282135985896,2.4737005400233443,1.282207289663603,1.1914932503597413,NB
frame_ni_576.45_576.53,102.18024890711013,0.0,-0.3913892288346848,412.1702304330035,369.0633881476563,43.10684228534717,14.97835148878096,8.219969728524774,6.758381760256185,NB
frame_vEX_576.53_576.79,26.44237437395925,0.0,0.1109274890535889,405.646514733515,359.06863523188827,46.57787950162674,208.8723147742786,134.32705054802403,74.54526422625459,NB
frame_su_576.79_576.94,41.013412475862765,2.8199999999999363,-0.5778049101628525,399.309813850922,357.2371409378593,42.07267291306266,183.9949576196914,136.2547457246705,47.7402118950209,TB
frame_des_579.76_580.18,45.74677711408859,0.0,0.926938073817298,421.6118519872554,370.4750923569474,51.13675963030795,292.0618126590423,155.88626316888067,136.17554949016164,NB
frame_ta_580.18_580.32,141.29849632294713,0.0,-0.0287433674787333,423.3379818023658,377.8443561636833,45.49362563868249,418.5706407985852,289.00569953329443,129.5649412652907,NB
frame_foX_580.32_580.65,6.742943968826296,0.0,0.898485015102593,421.58006756712354,369.9722928640536,51.607774703069936,25.52136873459034,11.688197223554994,13.833171511035346,NB
frame_sa_580.65_580.86,12.030867549445816,0.0,-0.7979952923177192,420.0952210858564,372.6487591906948,47.44646189516163,36.16254707575448,14.059469994027324,22.10307708172715,NB
frame_se~_580.86_581.12,27.12668626044575,0.0,-0.2447077629607344,420.5919567754965,371.0353854479998,49.55657132749673,22.64481803694937,11.253705475126369,11.391112561823007,NB
frame_traw_581.12_581.59,9.35684131135497,0.0,0.3558825949402129,420.8025801148119,366.59085251514966,54.21172759966231,19.73561169880142,6.373423196583758,13.362188502217665,NB
frame_de_581.59_581.74,9.614051768339635,0.0,0.4946500342388771,419.1435300729413,374.2879448950849,44.85558517785631,14.877982722380892,7.158777982066596,7.719204740314296,NB
frame_ri_581.74_582.07,6.347853031840572,0.0,2.8542608986631963,414.2377759302085,363.1930991246273,51.04467680558122,57.9410782941421,24.298711228382416,33.642367065759686,NB
frame_va~w~_582.07_582.46,71.45624874100166,0.9800000000000182,-0.6731964394516654,414.6856848889299,364.1574369312758,50.52824795765412,32.563554308401336,19.15543261382895,13.408121694572388,NB
frame_foX_583.44_583.66,31.33097686813832,0.0,1.4347287124961572,425.8822442100179,377.05887263797325,48.82337157204466,56.84750887258855,16.345596892785466,40.50191197980308,NB
frame_sas_583.66_583.85,28.599197914524268,0.0,0.0,417.14232045341305,369.6135864294832,47.52873402392976,61.56534399721275,16.9345249170359,44.63081908017685,NB
frame_paX_583.85_584.28,29.07025320127738,0.0,-0.7979952923177192,420.3031326013959,366.3524450494272,53.950687551968656,15.487329185703658,12.256645905694995,3.2306832800086625,NB
frame_si_584.28_584.56,28.87752842676042,0.0,-0.3913892288346848,420.5790267021743,369.9810880560832,50.59793864609111,11.52815107709108,3.915529846158648,7.612621230932433,NB
frame_ajs_584.56_585.31,9.494497729645758,0.2000000000000454,1.028978029174462,416.0843915982123,352.45727135057496,63.62712024763738,29.12353905984844,10.32016102630044,18.803378033548,NB
frame_ki_585.51_585.57,5.7833681529535,0.25,-0.6510412390326851,402.8016788226508,360.1386825847241,42.66299623792668,34.23110632923337,18.899758317556437,15.331348011676935,NB
frame_a_585.82_585.85,125.98940740727043,0.0,-0.7979952923177192,385.8654621801973,345.4156782137769,40.4497839664204,3.197225043028766,1.27648637195081,1.920738671077956,NB
frame_ni~_585.85_586.04,1.1669925608389633,0.0,-0.9029056157674582,412.127438613157,364.64528255103465,47.48215606212239,22.715715551032478,9.264135807999452,13.451579743033022,NB
frame_ma~w~_586.04_586.34,0.5700464612106373,1.3799999999999957,-0.8088404981472173,425.04755302659055,372.0431894227005,53.00436360389011,44.27955170739966,11.869390559007256,32.410161148392405,NB
frame_tu_587.72_587.93,8.895687813235185,0.0,1.095077877358016,421.4939366335368,372.9640164732323,48.52992016030447,62.48924267796909,18.22140317422321,44.26783950374588,NB
frame_du_587.93_588.04,17.59284071235257,0.0,-0.063071744773279,419.7150745316716,375.66894543515735,44.04612909651422,40.91800750214182,14.390801048056176,26.527206454085643,NB
frame_u_588.04_588.12,24.2677551930351,0.0,0.065611546575943,403.7262715904259,361.2873439208222,42.438927669603686,8.155731528519851,5.977411722624083,2.178319805895768,NB
frame_ki_588.12_588.3,60.69612217904668,0.0,0.9068708221641724,414.5226038817943,367.86987079483134,46.65273308696294,50.9514087809674,27.40633567478386,23.545073106183537,NB
frame_e_588.3_588.33,83.79266734937622,0.0,-0.8022140844963855,394.0630780217669,352.0001384613714,42.06293956039542,12.257150313971607,5.790118980596333,6.4670313333752745,NB
frame_zis_588.33_588.59,1.760589279974937,0.0,-0.1317372186352085,414.94354694226473,367.5864184820621,47.3571284602026,101.04604993373442,49.47582375981165,51.57022617392278,NB
frame_tSi_588.59_588.69,39.75018852517789,0.0,-0.1317372186337325,420.4958809406028,377.84119661033753,42.6546843302653,8.766713531795517,3.531303380320594,5.235410151474923,NB
frame_nu_588.69_588.84,26.631180842523943,0.0,-0.5778049101628525,415.56108699075287,372.1054248649773,43.45566212577563,11.602003728433658,7.188484533079929,4.413519195353729,NB
frame_u_588.84_588.88,29.114413063273812,0.0,-0.4491216188165563,413.6748392661116,371.3728975469661,42.30194171914548,2.5124479116548173,1.83999392778378,0.672453983871037,NB
frame_ni_588.88_589.03,85.13635068832187,0.0,-0.1317372186352085,412.13657401317374,367.9164093947495,44.22016461842424,220.0909140209394,118.70975203466008,101.38116198627934,NB
frame_vEX_589.03_589.28,39.29354232291004,0.0,0.2091255941174048,410.3077132664715,363.6994752567332,46.60823800973827,258.8680797828307,132.76179649725862,126.10628328557208,NB
frame_su_589.28_589.58,178.86809698349035,2.6200000000000045,-0.3204383274673342,398.65785289701375,350.754146362596,47.90370653441778,23.71213726805025,14.16092132241412,9.55121594563613,TB
frame_e~_592.2_592.46,24.83371373592192,0.0,1.895404298271704,421.612641599502,371.7809032953994,49.831738304102544,96.68651286894853,43.40277230153018,53.283740567418334,NB
frame_ta~w~_592.46_592.78,22.92119605574516,0.0,1.497108499678706,420.3715344688952,369.9812946183101,50.39023985058509,567.8976678298658,433.4570729098919,134.44059491997393,NB
frame_na~w~_592.78_593.31,49.03071363583905,0.0,0.8188882062009469,421.8446231439296,364.58669937728047,57.25792376664907,143.24443239610906,69.66550346799892,73.57892892811014,NB
frame_e_593.31_593.34,,0.0,-0.8022140844963855,396.55650606261946,355.3941816209664,41.16232444165309,,,,NB
frame_zis_593.34_593.84,59.401435708872384,0.0,-0.2615632237334707,416.1604224553191,359.1976791792735,56.96274327604556,35.62625350165132,11.18506326757759,24.44119023407373,NB
frame_tSi_593.84_593.99,92.18431853555536,0.0,0.517392806864958,413.66154202990055,368.3082934510161,45.35324857888446,0.5186442406607483,0.2863400029408609,0.2323042377198874,NB
frame_na_593.99_594.23,33.94184676352282,0.0,0.9328215385697256,418.2492839178896,369.7030056217996,48.54627829609001,44.96878887551995,15.315136069931556,29.653652805588397,NB
frame_da_594.23_594.39,19.60879544177737,0.0,0.1635696137307398,417.20283186688016,371.5490800874111,45.65375177946908,21.530319154983715,14.637792873009744,6.892526281973971,NB
frame_dZi_594.39_594.46,9.994848894717393,0.0,-0.6510412390326851,408.1465271088048,367.2792676357204,40.86725947308429,9.664491081001133,6.384821718850844,3.279669362150287,NB
frame_i~_594.46_594.59,16.89273372255647,0.0,0.3185067676845834,412.1006542712489,366.2560938356828,45.844560435566166,7.098319574617875,2.758889897075079,4.339429677542796,NB
frame_na_594.59_594.73,6.53556437241221,0.0,-0.1248998580834699,414.25844255483366,372.0395353972432,42.21890715759048,11.83690639101573,5.279346218168911,6.55756017284682,NB
frame_ni~_594.73_594.86,6.568303992556963,0.0,-0.4143406623858083,415.9882105660478,370.5444169883307,45.443793577717145,13.074435791218376,6.2981574878133415,6.776278303405036,NB
frame_ma_594.86_595.13,75.15605061453299,0.0,1.028978029174462,414.8658267065069,365.4251379290608,49.4406887774461,53.53972831443061,37.16656654158878,16.373161772841826,NB
frame_du_595.13_595.52,38.080365330493606,0.0,3.668743704316124,408.8258538116436,356.46181670723786,52.36403710440567,4.593957469990798,2.462217963144411,2.1317395068463867,TB
frame_vo_595.52_595.64,18.177062022037774,0.0,-0.3527502788177552,421.7867044403797,376.18021010989486,45.60649433048485,20.529278557422487,4.866589003452617,15.66268955396987,NB
frame_sejs_595.64_595.74,2.616918544715673,0.0,0.0,417.864584016768,373.07164606070006,44.79293795606793,34.462018692357674,19.12482167070408,15.337197021653594,NB
frame_e~_595.74_596.02,18.160031824884243,0.0,-0.6581180713052167,419.4163461966028,369.8366024565513,49.57974374005158,26.85596453679358,17.586723215378527,9.269241321415052,NB
frame_ko~_596.02_596.11,22.547129310029646,0.0,-0.9583637394108316,418.1459618269865,374.0242222849533,44.12173954203314,15.113141772914474,6.226021496494695,8.887120276419779,NB
frame_tra~w~_596.11_596.28,32.00006602347676,0.0,-0.6731964394516654,417.7711135947456,371.39141363448607,46.37969996025947,11.335335266760922,8.43945986676141,2.895875399999511,NB
frame_e~j~_596.28_596.43,0.6780727263424069,0.0,-0.3636028774735726,412.6486988353298,368.96067305979005,43.68802577553976,19.09511404125521,12.545744418426011,6.549369622829204,NB
frame_seX_596.43_596.74,4.164014246107087,0.0,0.206458007851625,419.80365219132153,369.4791816542931,50.324470537028446,10.155293467640632,4.886600790496516,5.2686926771441165,NB
frame_tus_596.74_596.93,1.664356134506335,0.0,-0.5778049101643155,408.7769190363799,361.4530842049884,47.32383483139154,2.1566058650771254,1.411692754573039,0.7449131105040863,NB
frame_ma_596.93_597.03,27.30997855282305,0.0,-0.4133693298987728,418.8980692851413,374.92556287853074,43.97250640661059,9.023293631673738,4.060336092972989,4.962957538700749,NB
frame_nu_597.03_597.14,42.54374830362144,0.0,-0.5778049101643155,413.7180157876612,370.15050110760006,43.56751468006115,7.097779042636319,4.49767602581025,2.6001030168260684,NB
frame_ajs_597.14_597.46,28.195611689306787,0.0,0.2597261043354764,419.3702273157575,367.29982804408826,52.0703992716692,20.91089343587238,10.16933452321632,10.74155891265606,NB
frame_so_597.46_597.52,31.949915293044,0.0,-0.8889939762113193,406.5984124047038,364.48856209513394,42.10985030956988,3.991393787368281,1.141788429514719,2.8496053578535623,NB
frame_bre_597.52_597.64,40.176820579264415,0.0,-0.3699260449196028,419.8549541345958,375.336186622868,44.518767511727845,20.18238489456715,5.790885293214444,14.391499601352706,NB
frame_tu_597.64_597.72,14.283955470644711,0.0,-0.3204383274673342,414.5458706847776,370.7083201544218,43.83755053035577,29.736771644141527,20.74379180365605,8.992979840485475,NB
frame_du_597.72_597.82,84.69357065403466,0.0,-0.1917550361195751,408.41286834475966,363.9463928944617,44.466475450297935,15.622612483886344,7.508686591279186,8.113925892607156,NB
frame_ma_597.82_597.95,66.91370281840213,0.0,-0.1248998580834699,421.53710792016966,376.5437999486914,44.99330797147826,148.33989365864036,59.16834479206224,89.17154886657812,NB
frame_nu_597.95_598.03,37.63179740107836,0.0,-0.5778049101643155,417.21197048325854,373.1898598246189,44.02211065863969,1.8188681882809163,0.8432265671059156,0.9756416211750008,NB
frame_ajs_598.03_598.25,46.10652698703518,0.0,-0.0287433674787333,414.7481542997512,369.4171047225337,45.33104957721753,13.803667909424746,7.122683911752802,6.6809839976719445,NB
frame_bra_598.25_598.36,47.42165998688374,0.0,-0.7018388017129825,414.9209145844958,372.67344125540296,42.24747332909283,10.351734270787205,2.9466148836515917,7.405119387135613,NB
frame_zi_598.36_598.51,56.302510716443535,0.0,-0.3913892288346848,411.73715379672745,366.50740601094674,45.22974778578072,6.6682965964700855,2.9991924475554868,3.669104148914599,NB
frame_lej_598.51_598.75,37.30356442056683,0.0,-0.6581180713052167,421.1864649279652,371.855690018459,49.33077490950621,252.30821150012423,164.94394349254088,87.36426800758333,NB
frame_rus_598.75_599.0,216.10786913208165,0.2899999999999636,-0.3204383274673342,407.1275280789122,359.61611697222645,47.51141110668578,14.82654161049078,5.924072092132917,8.902469518357861,NB
frame_ki_599.29_599.36,119.91261846005874,0.5,-0.651041239034161,403.09299103751,361.50635391108136,41.58663712642863,6.425026847213246,5.033983170043456,1.3910436771697905,NB
frame_es_599.86_600.12,108.9896496593894,0.0,-0.8022140844980237,407.9867292259553,361.1833202675406,46.80340895841471,25.531854423371385,7.8920349409656865,17.6398194824057,NB
frame_ta~w~_600.12_600.38,13.01051080753524,0.0,0.1406679127216456,422.72403936900383,374.38349979250654,48.34053957649729,16.723482355446208,7.933416517374297,8.79006583807191,NB
frame_kwa_600.38_600.55,0.8469737183326913,0.0,-0.2210563486892997,422.901332534722,375.37295011224376,47.52838242247822,11.865104650104456,8.343673966324673,3.5214306837797835,NB
frame_re~_600.55_600.71,32.35415262547954,0.0,0.3497678096034563,418.04010034751377,372.27261804815305,45.76748229936072,31.604428659569265,11.11112434533348,20.493304314235782,NB
frame_ta_600.71_600.81,66.13413850521987,0.0,-0.4133693298987728,404.8740448490103,361.821952201138,43.05209264787232,0.3030309490054179,0.1280655591674246,0.1749653898379932,NB
frame_ow_600.81_600.87,1.7166959563083992,0.0,-0.8889939762092871,418.580049844705,374.5100294067723,44.070020437932726,6.437196214040853,3.289621610211356,3.147574603829497,NB
frame_si~_600.87_601.21,0.3014451411063703,0.0,-0.9029056157660696,414.6758032666789,364.4411770747409,50.23462619193799,9.580588612131578,3.639199396304576,5.941389215827002,NB
frame_kwe~_601.21_601.45,21.464852247066855,0.0,0.8253482676561607,421.06418008500026,372.8758510146607,48.18832907033959,15.12179466882003,4.661073876048988,10.460720792771042,NB
frame_ta_601.45_601.52,4.931031255630927,0.0,-0.7979952923177192,418.5565127519197,374.9877700740948,43.56874267782496,8.690604022853762,5.203859151008288,3.486744871845474,NB
frame_a~_601.52_601.8,8.519607176832636,0.0,2.582260969243121,421.2230912665052,370.8888051639129,50.33428610259233,6.547585573893372,3.4590174571525267,3.088568116740845,NB
frame_nus_601.8_602.3,41.26950516179652,0.0,0.4516614206192204,412.7243540264618,356.1903686738312,56.53398535263062,17.26625518589468,6.800208729250727,10.466046456643952,NB
frame_e~j~_602.3_602.43,3.262658660402451,0.0,-0.3636028774735726,416.54771042198047,372.68800700968336,43.85970341229711,17.349304208567787,9.546014595726774,7.803289612841013,NB
frame_Re_602.43_602.7,85.44333872413117,0.0,1.935610166168585,420.6779966429481,371.4844573290037,49.19353931394437,324.03801083759777,231.1236080221529,92.91440281544484,NB
frame_taR_602.7_603.07,3.92932772620216,0.0,1.5097604821981452,419.5280902543218,367.6433316175912,51.88475863673057,14.931505527331552,3.8040236488147623,11.12748187851679,NB
frame_du_603.07_603.14,43.30134710197987,0.0,-0.4491216188165563,410.6062668445365,368.0032649099799,42.60300193455657,7.434181804969299,2.0109428594515606,5.423238945517738,NB
frame_so_603.14_603.4,4.472876323146465,0.0,0.362241317709029,422.6420641045376,373.604892315985,49.0371717885526,3.3496589955057345,1.4503503454840256,1.899308650021709,NB
frame_bri_603.4_603.53,38.81003724755608,0.0,-0.2615632237349466,418.2801889956882,372.6147725789352,45.665416416752976,70.54907617447721,23.341724958899174,47.20735121557803,NB
frame_a_603.53_603.74,73.7465405539254,0.3700000000000045,0.9328215385697256,418.2276877657846,370.7525408797301,47.47514688605446,471.3635876335648,339.20208513023863,132.16150250332618,NB
frame_ujs_604.11_604.44,43.85401889946421,0.0,2.124544208141552,420.5979608561292,367.829932476187,52.768028379942166,46.818223826865264,23.935296988222845,22.88292683864242,NB
frame_a_604.44_604.57,23.6907895174935,0.0,0.1635696137307398,421.7925017275133,375.3370882279712,46.45541349954203,12.807046097934789,6.865071365295819,5.941974732638968,NB
frame_va~_604.57_604.74,29.540565386321106,0.0,0.5476000888083011,421.80393110493816,374.9476650961609,46.85626600877725,20.08755967560681,4.825400128020931,15.26215954758588,NB
frame_sus_604.74_604.85,28.3490968233254,0.0,0.0,405.2642672758397,362.4108015333865,42.853465742453125,0.3791172590561302,0.230338287606429,0.1487789714497012,NB
frame_da_604.85_605.0,56.93006543690541,0.0,-0.5778049101643155,410.5206424020437,368.3863519763928,42.13429042565088,3.448159340278309,1.3972589179361137,2.0509004223421954,NB
frame_si_605.0_605.25,7.21451096486129,0.0,-0.5212152339344229,421.3503056405099,371.4256839854239,49.924621655086014,25.61352583199704,15.987442752302371,9.626083079694666,NB
frame_e~_605.25_605.31,16.969084293405444,0.0,-0.4824979919877624,416.2061620699096,373.3752317208085,42.83093034910104,8.279318347685177,5.8219624793063645,2.457355868378812,NB
frame_sia_605.31_606.22,109.02125671106506,0.92999999999995,-0.6510412390326851,411.5077800159934,343.11069196486505,68.39708805112832,45.1891204951215,21.99358787919374,23.19553261592776,NB
frame_vo_607.15_607.23,16.21608271105447,0.0,-0.5314981779469111,420.46574306241166,375.7591017073867,44.70664135502494,9.637514225955812,3.009434593516204,6.628079632439608,NB
frame_sejs_607.23_607.32,14.379611689868142,0.0,0.0,418.5061416599148,372.7419408397594,45.76420082015528,3.45529966383026,1.584538921011415,1.8707607428188453,NB
frame_e~_607.32_607.64,23.999497758813163,0.0,-0.6581180713052167,421.3912106271604,371.3015464668311,50.08966416032928,25.13468923563852,15.646256792410751,9.488432443227763,NB
frame_ko~_607.64_607.88,22.89551174288914,0.0,0.6410823200144288,417.9235004545842,371.6503286499001,46.27317180468407,15.990534533105034,4.554417701225418,11.436116831879616,NB
frame_tra~w~_607.88_608.11,13.249389985845909,0.0,-0.8088404981487594,413.5196049677919,368.12339161416696,45.39621335362489,26.91915101408094,13.015366186475404,13.903784827605534,NB
frame_a_608.11_608.14,6.668086826872667,0.0,-0.7979952923177192,391.3655221189917,350.9316859536116,40.433836165380114,2.6175070911526177,0.981955804305386,1.6355512868472315,NB
frame_pa_608.14_608.23,9.06433039241162,0.0,-0.5095258205024162,417.3282210662562,374.6976007580574,42.63062030819884,16.440563392677205,8.615657857322333,7.824905535354873,NB
frame_la_608.23_608.5,14.997804585540791,0.0,0.5481955761496861,418.0952107210815,370.12635698497166,47.96885373610979,19.678861613333567,10.183737756256503,9.49512385707706,NB
frame_vra_608.5_608.7,1.9039291783284116,0.0,0.0674131231260032,417.7274483087492,371.2708727117372,46.45657559701198,20.583557503798147,10.85634804432064,9.727209459477509,NB
frame_a_608.7_608.74,8.297089924540842,0.0,-0.7018388017129825,400.99930894142045,358.6665039143918,42.332805027028655,0.9447910560483592,0.6039232298695936,0.3408678261787656,NB
frame_ni~_608.74_608.86,5.464606720517793,0.0,-0.1700581856956777,424.87317695855984,378.42892923062345,46.44424772793639,9.507388385118816,4.650091573595546,4.85729681152327,NB
frame_miz_608.86_609.3,7.763604881943138,0.0,-0.2615632237334707,412.9902205642548,360.7111840720839,52.27903649217092,90.948468655084,32.24674956428552,58.70171909079849,NB
frame_mu_609.3_609.69,26.07357136916579,0.0,1.4811277514027563,409.2700564764096,357.6823231120646,51.58773336434501,21.55569195756894,14.113820704972142,7.441871252596798,TB
frame_Za_609.69_609.75,49.90263627042812,0.0,-0.7979952923177192,415.1191948247796,373.0991382173892,42.02005660739047,5.13111515359806,1.8278813783465608,3.303233775251499,NB
frame_ow_609.75_609.81,36.436161023324914,0.0,-0.8889939762113193,417.308164800473,373.1173575552402,44.19080724523275,2.892516659060462,1.3425231070227284,1.5499935520377337,NB
frame_vi_609.81_609.97,10.75076046103257,0.0,0.6472188119646962,421.174022610724,374.19392144376513,46.98010116695889,13.641169973674153,4.29638150556184,9.344788468112313,NB
frame_ra~w~_609.97_610.38,31.554099162015238,0.75,2.582260969243121,417.7171160681605,364.1421281725422,53.574987895618335,32.39591050214797,17.105903841282014,15.290006660865956,TB
frame_fa_611.13_611.19,77.97228533256427,0.0,-0.7979952923166259,402.20741282556514,361.0061307077441,41.20128211782105,22.70168694140625,7.457006491352104,15.244680450054148,NB
frame_laX_611.19_611.36,108.56574306640336,0.0,-0.7979952923177192,402.2221694729009,356.91776375947234,45.30440571342848,98.89606861995443,46.58592520607151,52.310143413882926,NB
frame_ni_611.36_612.15,3.385784439770248,0.0,0.517392806864958,414.775627144552,353.3329544179335,61.44267272661858,219.98988511802173,65.7532626037333,154.23662251428843,NB
frame_su_612.15_612.23,31.301917960830053,0.0,-0.3204383274673342,416.2364704120903,374.20112790848987,42.03534250360042,3.953558627767961,1.3679343943030349,2.585624233464926,NB
frame_E_612.23_612.41,3.341451629936216,0.0,0.5037199093088524,425.2113519655804,376.9297205760927,48.2816313894877,32.78102954141207,10.720164275227232,22.060865266184837,NB
frame_u~_612.41_612.44,5.558971871740198,0.0,-0.5101718816476191,404.8380995942509,362.28032109827234,42.55777849597854,8.027363690938472,4.640851218277618,3.386512472660854,NB
frame_ma_612.44_612.58,9.313962463065849,0.0,-0.6056823111071528,419.3957844424732,372.7551624876757,46.640621954797496,26.180934674101763,11.328313588436911,14.85262108566485,NB
frame_ko~_612.58_612.64,117.46832038844973,0.0,-1.0583291181247685,412.56487129824734,370.9882419981899,41.57662930005745,46.70607996292144,29.91818763795503,16.787892324966407,NB
frame_sep_612.64_612.82,58.00906244700696,0.0,0.062361994658818,419.42848700969233,372.46106251624167,46.967424493450665,85.78617172895123,47.39731838945679,38.388853339494446,NB
frame_sa~w~_612.82_613.12,14.663375213486631,0.0,0.5476000888083011,418.6143833816004,369.1002178617446,49.51416551985574,5.129181927063144,2.80498176994746,2.3242001571156834,NB
frame_faw_613.12_613.58,42.57877301124441,0.0,-0.6056823111071528,414.8586812151062,363.8776109114057,50.98107030370045,107.67240955689115,82.40083395474662,25.271575602144537,NB
frame_sa_613.58_615.42,2.481796924103662,1.1000000000000227,13.913947770220096,412.43559093202737,315.9402618388245,96.49532909320286,200.0833796713448,71.20904082273395,128.87433884861082,TB
frame_poX_616.52_616.76,139.99882188394642,0.0,-0.174002379684535,424.11836446232905,375.66958725743086,48.44877720489819,47.77406374908611,21.004853110091403,26.769210638994707,NB
frame_ki_616.76_616.91,29.95455370084656,0.0,0.1279147915642677,417.9925743854806,376.1592686498766,41.83330573560403,216.0126852463232,112.75942266163464,103.25326258468856,NB
frame_su_616.91_617.48,35.3413515566389,0.0,0.3229781292714613,424.3947253860939,364.2591329199928,60.13559246610117,83.31417719167038,33.33872620288801,49.97545098878237,NB
frame_po_617.48_617.54,74.10898923024527,0.0,-0.8889939762113193,411.0271385646415,367.58441298444086,43.44272558020072,187.88958427694095,137.70059674236808,50.18898753457289,NB
frame_si_617.54_618.32,41.28622366761758,0.6200000000000045,-0.6510412390326851,410.95831110459454,345.9918945098108,64.96641659478377,134.8954950817385,67.86556154964134,67.02993353209713,NB
frame_a_618.94_619.1,2.6102354282998874,0.0,0.4520390855449495,421.8745443832772,375.669947463412,46.20459691986531,6.338117733898287,2.5111654781883037,3.8269522557099833,NB
frame_pri~_619.1_619.29,5.0471836739823175,0.0,0.3185067676845834,422.7075221684008,375.1769598939014,47.5305622744994,37.23417226829582,21.126178993485127,16.107993274810696,NB
frame_si_619.29_619.65,20.645637993626053,0.0,-0.651041239034161,414.9679715935398,364.4039582036432,50.5640133898965,101.80054222552045,65.17516236042636,36.62537986509408,NB
frame_piu_619.65_619.75,46.03322390148445,0.0,-0.521215233932947,409.4393869976437,364.2022242518007,45.23716274584302,105.22359618618012,79.45583944526204,25.767756740918077,NB
frame_nujs_619.75_619.93,52.57000881024527,0.0,-0.5778049101643155,413.586644774706,367.8727903165984,45.71385445810768,3.063307298170244,0.9854047189890024,2.077902579181241,NB
frame_pri~_619.93_620.08,17.346571315283427,0.0,-0.1700581856956777,415.8912843424517,372.2973086970018,43.59397564544986,8.84264466820099,2.315088603754191,6.527556064446799,NB
frame_mej_620.08_620.23,18.05066418230294,0.0,-0.2258300317251576,418.3919487352368,373.5900523575614,44.801896377675405,38.48810831915938,11.833168548746189,26.654939770413197,NB
frame_rus_620.23_620.44,12.19286965547778,0.0,-0.5778049101643155,413.0730420067716,367.64742897359554,45.42561303317609,17.690826767873176,9.112393513838896,8.57843325403428,NB
frame_ko~_620.44_620.75,22.268957099440485,0.0,1.4408053497259223,419.2420480654775,369.3075705418437,49.9344775236338,150.78327536798128,115.5974999045912,35.18577546339009,NB
frame_ta_620.75_621.21,50.866946877001,0.0,2.8559513506666434,417.76506086106633,364.94812822587255,52.81693263519378,2.0550360167118384,1.54305942451289,0.5119765921989483,NB
frame_tus_621.21_621.54,57.79206641891199,0.0,-0.5778049101643155,404.2503538272391,353.579268104764,50.67108572247509,42.31934903337971,13.798448848626704,28.520900184753003,NB
frame_e~_621.54_621.7,25.88896382459383,0.0,0.7064531531433225,416.54477760190815,370.8653589140331,45.67941868787506,8.645323924397346,2.9798391619093394,5.665484762488006,NB
frame_tri_621.7_622.02,71.22084459510634,0.6399999999999864,1.556000847662863,415.1788185795463,364.4343686449797,50.74444993456649,54.24032149137195,25.204171088701955,29.03615040267,NB
frame_muj~_622.66_622.85,46.39676462131098,0.0,-0.4491216188165563,400.9319381189383,354.5612515508965,46.37068656804183,1.6622591744122983,0.9629011616731732,0.6993580127391255,NB
frame_tas_622.85_623.05,41.030017453118006,0.0,-0.5095258205024162,421.3948682820055,373.1091707327544,48.2856975492511,5.0063527265489824,2.286150115134646,2.7202026114143365,NB
frame_ve_623.05_623.15,18.593927733936734,0.0,-0.2258300317267958,421.7316073186501,376.6832755352296,45.04833178342051,6.659736346518912,3.309978855415295,3.3497574911036168,NB
frame_zis_623.15_623.26,25.65037939000661,0.0,-0.651041239034161,409.0112884867226,365.5013794360385,43.50990905068403,12.393649555985576,6.537536566006651,5.856112989978925,NB
frame_mi_623.26_623.32,22.422558496571867,0.0,-0.6510412390326851,410.84202423980304,369.1623724183016,41.67965182150141,8.57200646248512,4.524851192210235,4.047155270274885,NB
frame_si_623.32_623.5,2.588617994947896,0.0,-0.3913892288346848,422.2214578295051,373.6743094228728,48.547148406632346,6.2233625494753255,2.00895141820439,4.214411131270936,NB
frame_o_623.5_623.55,48.65646999782264,0.0,-0.5314981779489433,413.7799374148056,370.67275128343454,43.10718613137101,83.37358039363524,40.52761506534155,42.84596532829369,NB
frame_na_623.55_623.83,0.264653795304298,0.0,0.9328215385697256,417.1074126595658,366.5119545226724,50.5954581368934,209.7122478514784,138.07083919731716,71.64140865416124,NB
frame_rius_623.83_623.95,57.14406285989287,0.0,-0.651041239034161,405.0962079819216,360.6434332927933,44.45277468912832,43.17674273746727,15.885950724045289,27.290792013421974,NB
frame_es_623.95_624.13,64.51646572733648,0.0,-0.8022140844980237,408.20868146625577,363.21513500580585,44.99354646044992,170.8402215646404,126.90112921777325,43.93909234686714,NB
frame_plo_624.13_624.24,16.882186419815838,0.0,-0.5314981779489433,421.2193138406428,377.42437180193866,43.79494203870411,4.788580176722746,2.1650856675148304,2.623494509207916,NB
frame_ra_624.24_624.61,50.82309351807433,0.0,2.086699425827658,418.4173050412738,368.25383332798935,50.16347171328448,307.7025934652649,227.29533792938904,80.40725553587583,NB
frame_do_624.61_624.67,40.17788684280211,0.0,-0.8889939762113193,404.5698067363742,362.479246539496,42.09056019687819,5.758614744083019,3.2085408841342087,2.55007385994881,NB
frame_ris_624.67_624.98,39.30413462995492,0.0,-0.651041239034161,401.3589431241652,353.1623224394897,48.19662068467551,1.9274407354110397,0.5891068742316179,1.3383338611794215,NB
frame_i_624.98_625.17,30.604795820750013,0.0,1.4261748425631249,412.38126843480495,366.2279050707689,46.15336336403601,6.935962324884969,3.10314590095453,3.8328164239304394,NB
frame_pO_625.17_625.51,4.154530609410017,0.0,1.4972587080604058,423.60335334791455,371.5385959959716,52.064757351942944,15.36226273719234,3.7252901297085534,11.636972607483784,NB
frame_vus_625.51_625.68,40.50122334884979,0.0,-0.3204383274673342,406.6355781472805,360.6977006340289,45.93787751325164,107.52968206911363,80.89223345270376,26.63744861640987,NB
frame_dZi_625.68_625.81,156.88336507546987,0.0,-0.651041239034161,423.2262269415541,376.3882607210777,46.837966220476346,17.29450797597144,5.705038910615713,11.589469065355727,NB
frame_ow_625.81_625.98,28.08871469921712,0.0,-0.174002379684535,422.47333415136353,376.9334583423424,45.53987580902117,10.842549096068725,5.039071277768642,5.803477818300081,NB
frame_tra_625.98_626.17,133.98849501083882,0.0,0.1635696137307398,413.6435693824152,368.3702930073722,45.273276375043,289.7293884481976,133.12235790181637,156.60703054638122,NB
frame_tra_626.17_626.32,38.28178931177527,0.0,-0.2210563486882065,415.6964072010443,370.5074571833789,45.18895001766544,14.635386247750588,5.920962179885976,8.714424067864613,NB
frame_dZi_626.32_626.38,44.47118142363665,0.0,-0.651041239034161,404.0501043115853,361.367558162144,42.68254614944135,84.47592800218482,52.404128750787535,32.07179925139728,NB
frame_sa~w~_626.38_626.83,151.92033314399796,0.0,-0.8088404981487594,420.8866860089325,364.7571602329183,56.12952577601425,505.79157349675086,275.11029566027355,230.6812778364773,NB
frame_ki_626.83_626.89,7.214174278285128,0.0,-0.651041239034161,416.9359442873801,373.91913105770624,43.01681322967386,8.401242275306686,2.2853457446119023,6.115896530694784,NB
frame_na~w~_626.89_627.08,22.01790798769349,0.0,-0.5375523807561136,421.2135964037327,374.2235819193464,46.99001448438628,56.58334022586915,19.85087603261104,36.73246419325811,NB
frame_a_627.08_627.11,376.1543867405789,0.0,-0.7979952923177192,395.48591787956326,353.33119912213004,42.154718757433216,2.574707262718789,1.5159238500940546,1.0587834126247344,NB
frame_o_627.11_627.14,1.4167327805447485,0.0,-0.8889939762113193,395.9899845105142,354.5011292626966,41.48885524781758,2.5747316848398327,1.6431583790075024,0.9315733058323304,NB
frame_si_627.14_627.42,73.14243600765185,0.0,-0.5212152339344229,406.5353448594832,359.45146736533627,47.08387749414692,4.800618554201705,1.6958185157632215,3.1048000384384835,NB
frame_de~_627.42_627.48,48.2190900375356,0.0,-0.839183335526277,401.6878471647423,359.8021638686271,41.885683296115246,64.37870848728569,36.86840478875014,27.51030369853555,NB
frame_taw_627.48_627.77,7.588231248932374,0.8700000000000045,-0.1248998580845631,418.2620145075472,370.1569017713051,48.10511273624206,10.122176446741378,3.6123886792959463,6.509787767445431,NB
frame_ki_628.64_628.75,10.595592261140863,0.0,-0.651041239034161,422.3854635096381,377.1836760655592,45.201787444078775,18.43537320509901,14.220442836626006,4.214930368473006,NB
frame_e_628.75_628.83,18.815767688519088,0.0,-0.0817340185323507,422.5148244416604,377.9342077901428,44.58061665151763,5.157553057361895,2.027391560197742,3.1301614971641527,NB
frame_lis_628.83_628.99,15.689370915928777,0.0,-0.5212152339344229,423.5414514507694,375.6941304442476,47.84732100652178,38.97340764693405,20.692416946229717,18.280990700704336,NB
frame_a_628.99_629.17,12.180878778562828,0.0,0.6443520667544227,421.9133367487251,375.82569041216095,46.08764633656415,13.402381114156016,4.981314095355003,8.421067018801011,NB
frame_tri_629.17_629.42,11.763414389536706,0.0,1.0366968272639103,415.8641570442017,368.36763946014935,47.4965175840523,41.63940976033945,10.10204570369956,31.537364056639888,NB
frame_bu_629.42_629.49,5.967426871819242,0.0,-0.4491216188165563,416.4950003144103,372.3213211687667,44.173679145643575,3.736860305465768,2.073234859959712,1.6636254455060566,NB
frame_i_629.49_629.65,1.5252639138197708,0.0,1.0366968272639103,418.0313519197316,371.05959315031527,46.97175876941634,22.67129229003595,15.232517850274604,7.438774439761346,NB
frame_ra~w~_629.65_629.78,14.566017058744222,0.0,-0.6731964394516654,420.7663784809465,375.5327351583216,45.23364332262497,7.451839576337534,3.8314474940576417,3.620392082279892,NB
frame_u~_629.78_629.82,15.752400306850973,0.0,-0.4655719498557893,408.21424880487285,365.0565907965397,43.157658008333215,2.137838742860964,1.345047597467044,0.7927911453939203,NB
frame_ma_629.82_630.02,1.7597280897630867,0.0,0.1635696137307398,419.1489689138435,371.7719740129837,47.37699490085976,35.52272400653743,19.50100763872624,16.021716367811194,NB
frame_aw_630.02_630.64,24.553196068563807,0.0,1.4136039915934089,421.32437235608063,360.7810050900266,60.54336726605402,78.3113197005053,27.065941533206285,51.24537816729901,NB
frame_ma_630.64_630.82,110.44248735887965,1.42999999999995,0.0674131231260032,408.8677576009225,363.5787682324123,45.288989368510215,6.291585368505466,2.962840125269267,3.328745243236199,NB
frame_a_632.25_632.42,29.92883363495298,0.0,0.5481955761496861,426.19791145096826,378.2522812926107,47.94563015835757,15.568001259081512,5.370596915832721,10.197404343248792,NB
frame_ob_632.42_632.61,26.61495555837567,0.0,1.4347287124981891,421.1271931371237,374.3683691668823,46.75882397024134,7.411884344711524,4.507428686629567,2.9044556580819574,NB
frame_Ze_632.61_633.05,20.930093645149185,0.0,2.511994218939813,421.1988446717664,366.2741541146669,54.924690557099495,176.09008885677892,125.6857531198689,50.404335736910014,NB
frame_tus_633.05_633.24,44.96842341116948,0.0,-0.4491216188165563,412.7427272758201,364.88198049690527,47.8607467789148,2.747593865288394,1.2484556081145683,1.4991382571738257,NB
frame_i_633.24_633.28,3.516861456735512,0.0,-0.5212152339344229,417.0555892305489,373.27532384080064,43.7802653897482,2.2585550743064005,1.5077871408202554,0.750767933486145,NB
frame_a_633.28_633.48,6.351618494030589,0.0,0.836665047964989,419.18889085739926,372.3256595004281,46.86323135697114,3.679220258042761,1.673358911414681,2.0058613466280804,NB
frame_pla~_633.48_633.85,49.9489333647237,0.0,2.446616910547569,417.526947626904,367.9240521240406,49.60289550286342,6.449631082398412,5.0192364530626605,1.4303946293357512,NB
frame_tas_633.85_634.46,274.31705417323764,1.0499999999999543,0.0674131231260032,409.16485948460326,351.87962710245773,57.28523238214552,33.513560201061466,15.771861302832122,17.741698898229345,TB
frame_majs_635.51_635.68,18.252033128830163,0.0,-0.6056823111071528,424.451075377006,376.3735142290085,48.07756114799747,16.08168551783251,5.813872832880975,10.267812684951537,NB
frame_a_635.68_635.76,35.4989644966343,0.0,-0.3172128392929431,422.2961635873246,378.55757633759583,43.738587249728766,4.991851336001304,1.886132226449149,3.1057191095521546,NB
frame_no_635.76_635.91,33.887383266557265,0.0,0.1834934185758088,418.8605880575821,374.6395830107426,44.22100504683942,16.716022575448363,7.180038894961911,9.535983680486453,NB
frame_sa~w~_635.91_636.25,25.333661411970496,0.0,-0.4019083220621038,422.57228823440863,371.00624400913006,51.566044225278574,23.847123140005777,12.73103205729464,11.116091082711137,NB
frame_dZi_636.25_636.4,64.18175645122304,0.0,-0.3913892288346848,422.5957715198976,375.7686258753652,46.82714564453244,93.88478789573206,42.994318297287066,50.890469598444994,NB
frame_aw_636.4_636.63,9.58026521427658,0.0,0.836665047964989,420.4104433700468,373.7026489497399,46.707794420306925,50.169661292004776,24.230406473225173,25.9392548187796,NB
frame_ma_636.63_636.69,13.628520594475615,0.0,-0.7979952923166259,414.74591005386816,372.5134362132139,42.23247384065428,0.4407009072852474,0.2454680865958494,0.195232820689398,NB
frame_E_636.69_636.72,12.091948656716426,0.0,-0.9692516666495018,406.4587366990601,363.3560772358003,43.10265946325984,1.1402881408612302,0.6630083753766769,0.4772797654845533,NB
frame_u~_636.72_636.77,8.328714320166654,0.0,-0.4209720180644666,410.0787486334925,367.8220545552903,42.2566940782022,3.90443749818644,2.253643021753049,1.65079447643339,NB
frame_ma_636.77_636.89,13.671669523545036,0.0,-0.4133693298987728,417.71668838213327,373.3801683925231,44.33651998961017,3.1226789793520027,0.6477722258482288,2.474906753503774,NB
frame_no_636.89_637.01,6.665117861783557,0.0,-0.3527502788177552,415.55642046656186,373.832386401474,41.72403406508784,26.560581637143088,11.88309075797696,14.677490879166127,NB
frame_sa~w~_637.01_637.33,0.7013748614423605,0.0,-0.5375523807561136,422.4717687615253,372.1140767336373,50.35769202788799,10.946438793122866,4.351037732067937,6.595401061054929,NB
frame_ko~_637.33_637.66,16.321101145218762,0.0,0.8410130774411657,420.3988062433218,369.8695841828543,50.52922206046753,24.69289707341443,7.781574353793729,16.9113227196207,NB
frame_ple_637.66_637.98,17.4664216927805,0.0,1.3592261133973569,418.0335810583821,368.0497490313289,49.98383202705327,73.34411303293533,46.5742317530501,26.769881279885222,NB
frame_ksa_637.98_638.5,103.94197140301934,2.169999999999959,-0.7979952923177192,408.4803940792544,352.6820949445992,55.79829913465522,24.855698067691364,6.741953198657527,18.11374486903384,NB
frame_E_640.67_640.74,27.102174687540355,0.0,-0.576459246393122,423.5465106404041,379.49181435766593,44.05469628273818,23.772594028688133,8.044046120730258,15.728547907957877,NB
frame_u~_640.74_640.8,17.132237467316855,0.0,-0.3763720862726369,422.73400593839614,377.4619927367421,45.27201320165409,1.6977241539644012,1.1542816668856233,0.543442487078778,NB
frame_ma_640.8_640.91,15.245613711345015,0.0,-0.5095258205035094,423.4173872423209,377.6163954402883,45.80099180203263,3.298436826013358,2.098164305952878,1.20027252006048,NB
frame_no_640.91_641.08,0.4404119052746011,0.0,0.183493418577841,421.6913887962022,375.2070608953089,46.48432790089328,31.40539264706146,13.410298110910816,17.995094536150646,NB
frame_sa~w~_641.08_641.44,8.537104680097002,0.0,-0.2662642633650098,420.7672097897168,369.71295430003534,51.05425548968151,17.382529323186077,7.257029983471483,10.125499339714594,NB
frame_ki_641.44_641.5,13.008810414880742,0.2300000000000182,-0.651041239034161,405.34586986541615,363.8098110835375,41.53605878187869,2.163316903056881,0.4279406299842492,1.7353762730726316,NB
frame_foj_641.73_642.14,2.019430860427008,0.9199999999999592,0.5409892168402171,422.1653378545415,369.30733121871936,52.85800663582211,166.63709602900923,91.96487477324294,74.67222125576629,NB
frame_Re_643.06_643.3,28.286695100171187,0.0,0.206458007851625,422.0549225814309,374.755921062078,47.29900151935294,110.59305585925834,36.28772023519355,74.3053356240648,NB
frame_fi~_643.3_643.53,37.16732122048222,0.0,-0.0479169473506124,412.4742143591,364.6121826431902,47.86203171590984,155.56994986889984,32.60982697464641,122.96012289425344,NB
frame_na_643.53_643.92,58.71598037498149,0.0,2.182855916431301,414.9861955272369,363.8683744320225,51.11782109521437,34.51282010277467,14.748564401601016,19.764255701173653,NB
frame_da_643.92_644.2,261.17965221632704,0.6299999999999955,1.2212910103839354,412.2449029456512,363.6416589007483,48.603244044902965,489.8285626105348,116.69069278968244,373.1378698208524,NB
frame_a_644.83_644.97,20.3312607446272,0.0,0.2597261043354764,420.8094381161943,376.0031771943088,44.806260921885496,9.03558903243055,4.170887293493848,4.864701738936702,NB
frame_tra_644.97_645.25,11.647817817554651,0.0,0.7405085573602525,423.2564292524482,373.1295631242107,50.126866128237566,11.458260211372078,7.200458322413624,4.257801888958454,NB
frame_vEjs_645.25_646.36,0.9535840258531324,0.0,0.7001161194376004,414.7785460142178,344.5473957677395,70.23115024647831,22.266164920356005,4.890519450281687,17.375645470074318,NB
frame_da_646.36_646.55,15.512909586079276,0.0,0.2597261043354764,422.0086835448771,374.9735625345526,47.03512101032448,16.077282750117888,2.43007150675831,13.647211243359578,NB
frame_tra_646.55_646.74,30.89223236405698,0.0,-0.1248998580834699,423.2379761689988,376.2202837531945,47.01769241580433,18.565509491985157,6.590481766432532,11.97502772555262,NB
frame_dZi_646.74_646.8,105.5018571814955,0.0,-0.651041239034161,408.3000489434896,365.4614720314703,42.83857691201939,0.4934481923810665,0.2214234373910102,0.2720247549900563,NB
frame_sa~w~_646.8_647.11,11.316866139024512,0.0,0.1406679127201035,418.5339223405418,369.5008046457176,49.03311769482417,138.5866471276688,23.426253308865768,115.16039381880304,NB
frame_Zu_647.11_647.33,19.03572042555632,0.0,0.3229781292714613,411.2819280777312,365.041667950328,46.24026012740319,20.0913915931134,11.222020006137484,8.869371586975916,NB
frame_daj_647.33_647.59,9.886916115919036,0.0,0.4520390855449495,420.7011231645446,370.7893369067072,49.91178625783744,24.04308330299793,14.423737863645217,9.619345439352712,NB
frame_ka_647.59_647.75,46.69908528286294,0.7699999999999818,0.1635696137307398,407.6282506117966,362.62076793048783,45.00748268130877,77.2579368377854,43.21398499577049,34.043951842014906,NB
frame_an_648.52_649.03,1.4409754061421722,0.0,-0.7018388017129825,421.2116537697093,365.06426886680686,56.1473849029025,141.47751765940893,87.4062855337948,54.07123212561412,NB
frame_da_649.03_649.17,0.1609369319228335,0.0,-0.3172128392940362,421.2493927693392,375.8999444626886,45.34944830665057,5.959481322000869,2.740017955805285,3.219463366195584,NB
frame_fi_649.17_649.29,5.977005116754015,0.0,-0.651041239034161,413.6753408869215,368.9834139699086,44.69192691701284,20.50298659481024,14.271752314013897,6.231234280796343,NB
frame_lo_649.29_649.43,8.527034950861577,0.0,-0.1740023796865671,420.2350832562228,373.6735841350191,46.56149912120367,12.457537645266314,3.684410251341461,8.773127393924852,NB
frame_zo_649.43_649.59,5.441230380423377,0.0,0.183493418577841,420.1204633016961,373.3228559650637,46.79760733663244,11.538236675480649,5.051306968432073,6.486929707048574,NB
frame_fi_649.59_649.95,12.04225653330974,0.0,0.2577407966654818,422.0313623553475,368.9871160429458,53.0442463124017,19.770235515879563,10.544465416986952,9.22577009889261,NB
frame_a_649.95_649.98,148.25594056024488,0.25,-0.7979952923177192,408.5728467368459,366.11992977049897,42.45291696634695,20.13008875594136,13.214276299926894,6.915812456014464,NB
frame_gre_650.23_650.65,41.202814390330985,0.0,2.511994218939813,419.0206710579749,367.5577190214689,51.46295203650595,61.71742288771063,16.057504737442457,45.65991815026817,NB
frame_ga_650.65_650.79,31.12399316424816,0.8799999999999955,-0.4133693298987728,418.85262754521705,372.4907698345687,46.3618577106484,26.25613243106829,10.919745511330518,15.336386919737777,NB
frame_ki_651.67_651.75,26.2517815178131,0.0,-0.651041239034161,413.0866435928898,370.3887901358213,42.69785345706856,4.84950782142667,1.77920825775891,3.07029956366776,NB
frame_foj_651.75_651.94,20.156088400845192,0.0,-0.3527502788177552,424.99912105955866,376.66862559896407,48.33049546059459,5.40299273396252,2.638387058908819,2.7646056750537014,NB
frame_u~_651.94_652.1,16.946358076986826,0.0,0.0696272316461673,414.3859994547696,368.96870477727145,45.41729467749809,6.603670848757673,2.127124618923631,4.476546229834042,NB
frame_dujs_652.1_652.32,22.38019915209952,0.0,-0.5778049101643155,415.24300674426695,369.739397155761,45.50360958850598,85.93170545661427,30.49360513339255,55.43810032322172,NB
frame_ko~_652.32_652.39,8.673766210450793,0.0,-0.9583637394108316,421.70490397902,378.7694187111635,42.93548526785651,3.310176879667779,1.3065260886880878,2.003650790979691,NB
frame_po_652.39_652.56,2.959584907526704,0.0,-0.1740023796865671,421.0304911034636,374.6539762229791,46.37651488048448,15.099030660682589,5.8810778468846365,9.21795281379795,NB
frame_ne~_652.56_652.69,3.1430996290100097,0.0,-0.3636028774735726,415.97275226215066,371.4041396160555,44.568612646095175,8.29540112366152,3.344690957875912,4.950710165785608,NB
frame_tSis_652.69_652.84,2.967495047520572,0.0,-0.651041239034161,411.47801615148313,365.3438862942038,46.13412985727933,5.286921447018756,2.1868563196974264,3.1000651273213293,NB
frame_e_652.84_652.88,281.14310668633755,0.0,-0.6581180713052167,411.35719459162806,369.2844560399219,42.072738551706095,17.381940864742432,7.159324003703887,10.222616861038546,NB
frame_se~_652.88_653.08,13.535659437810123,0.0,-0.2447077629607344,418.90940641857,371.853991717639,47.05541470093101,20.048158404002574,9.412132432488306,10.636025971514272,NB
frame_si_653.08_653.29,0.4731928048326494,0.0,-0.651041239034161,422.3277286568267,373.4566314190138,48.87109723781293,4.186399036021186,1.3940439081397642,2.7923551278814216,NB
frame_ajs_653.29_653.93,3.938417647427968,0.2200000000000272,0.2597261043354764,419.79707710474753,359.8916350246505,59.90544208009703,5.909300369176549,2.750967122060331,3.158333247116218,NB
frame_du_654.15_654.61,80.81859809139127,0.0,4.440843452402678,423.09373136894015,369.0024423046578,54.09128906428237,216.9782986640461,108.63954314655189,108.3387555174942,NB
frame_kris_654.61_654.82,32.879351194463226,0.0,-0.3913892288332088,412.1591912030683,366.60536606649407,45.55382513657423,5.8674374292633615,1.9864586984412824,3.880978730822079,NB
frame_tSi_654.82_655.02,26.82382905401832,0.0,0.6472188119646962,419.40571168511616,372.9878254068053,46.417886278310846,10.408751920603066,4.710268682905394,5.698483237697673,NB
frame_a_655.02_655.05,90.7425471898624,0.0,-0.7979952923177192,400.45473759335897,359.0995006810474,41.35523691231157,2.4922027514223686,0.7450438299480169,1.7471589214743517,NB
frame_niz_655.05_655.29,1.665303703358802,0.0,-0.651041239034161,415.883487891702,366.818780963106,49.06470692859608,114.93929804183344,36.98243821498059,77.95685982685285,NB
frame_mu_655.29_655.39,87.17897604570787,0.0,-0.063071744773279,405.4879913979368,361.7395573181186,43.7484340798182,15.505736987671554,6.667204843747911,8.838532143923644,NB
frame_ko~_655.39_655.53,89.44189836780299,0.0,-0.6584676032690213,407.53079725098496,364.3888771646167,43.14192008636826,3.5502077487931274,1.0711996059466316,2.479008142846496,NB
frame_pre_655.53_655.73,6.05958198690027,0.0,-0.2258300317251576,420.9500617200489,373.4812157002818,47.46884601976706,63.78383425012669,18.18060617978324,45.60322807034345,NB
frame_e~_655.73_655.76,2.467908477649132,0.0,-0.839183335526277,398.5233708786041,357.2018386233725,41.3215322552316,1.585112576739732,0.9213637808778116,0.6637487958619204,NB
frame_de~j~_655.76_655.93,35.123725453659006,0.3700000000000045,-0.6013931064992489,412.79913678666566,367.9584936496647,44.84064313700094,132.99630600322314,74.4498101983319,58.54649580489125,TB
frame_na~w~_656.3_656.59,47.60575513611028,0.0,-0.5375523807576557,423.41387860621626,372.3863041749845,51.02757443123181,68.25770574827447,22.492585966883155,45.76511978139132,NB
frame_a_656.59_656.67,99.98887622183052,0.0,-0.3172128392940362,416.4070936317042,372.7674951302489,43.63959850145534,14.317634730335271,4.8557217354392606,9.46191299489601,NB
frame_u~_656.67_656.78,30.97625007428809,0.0,-0.1533724273129812,408.3651301023296,365.30050530817095,43.06462479415859,0.5345655631193438,0.1914226831857206,0.3431428799336231,NB
frame_ma_656.78_657.0,66.88249888337833,0.0,0.2597261043354764,419.01859352379074,371.1830215312051,47.83557199258564,54.53876140223048,28.36071680224532,26.17804459998516,NB
frame_a_657.0_657.13,510.8821215663975,0.0,0.1635696137307398,407.5470252981753,364.2887266437447,43.258298654430575,29.65847823940794,19.67035170115764,9.9881265382503,NB
frame_tri_657.13_657.31,0.4377785807492103,0.0,0.2577407966640058,413.8362936943651,366.1070949042431,47.72919879012204,15.022554110702629,8.073164220786424,6.949389889916205,NB
frame_buj_657.31_657.51,45.07793482874611,0.0,0.1942948379222392,414.9895015248234,369.4110240889465,45.57847743587689,44.88826687490109,6.754673874319636,38.133593000581456,NB
frame_sa~w~_657.51_658.06,64.56697676693416,0.0,-0.5375523807561136,418.1177211478033,360.337695781649,57.78002536615424,24.34295675532401,17.24165578378131,7.101300971542699,NB
frame_dZi_658.06_658.24,63.763478672961625,0.0,0.517392806864958,416.6466356533906,369.9012627693843,46.74537288400632,7.79395938672215,2.1437578079438566,5.650201578778294,NB
frame_aw_658.24_658.33,41.4043182223736,0.0,-0.605682311108246,414.6877524286865,371.8508325799634,42.83691984872303,42.6030501428946,23.105988563871165,19.49706157902344,NB
frame_ma_658.33_658.46,13.490732444444037,0.5299999999999727,-0.1248998580834699,422.4048605360381,376.7873224101453,45.61753812589291,13.735559641480904,6.69425033066355,7.041309310817354,NB
frame_a_658.99_659.11,3.7727633879462985,0.0,0.0674131231260032,422.2487340767957,375.7858540012891,46.46288007550652,24.5181379065136,10.280742681314225,14.23739522519938,NB
frame_ob_659.11_659.29,8.285429488777169,0.0,1.255980813364969,417.8774876060944,371.5621383823748,46.31534922371952,8.734534907298695,3.964283677279724,4.770251230018971,NB
frame_Ze_659.29_659.76,13.681032738168796,0.0,2.8001862453254267,415.2504179634167,361.58235238422,53.66806557919671,40.927915200634,12.237080352069768,28.69083484856424,NB
frame_tus_659.76_659.95,29.64966972694286,0.0,-0.3204383274673342,409.6863007318848,363.6209793706792,46.06532136120558,20.794340459219555,10.169900373466774,10.62444008575278,NB
frame_ow_659.95_660.26,23.53873106974333,0.0,0.5409892168381849,413.7992980441666,364.92474970591735,48.87454833824927,12.165719095064375,6.143164676918332,6.022554418146044,NB
frame_a_660.26_660.58,33.45938482055536,0.8999999999999773,1.9905429352229207,407.7706788363892,357.78564247247215,49.98503636391701,223.13145861682483,182.8563720399196,40.27508657690521,TB
frame_pla~_661.48_661.68,49.77852550975939,0.0,0.683244147503853,409.5368675474007,363.1692094062617,46.367658141138975,50.287833243368624,29.42376361281015,20.864069630558475,NB
frame_tas_661.68_662.05,40.86708596806963,0.0,-0.0287433674787333,422.6570301581573,368.6100733006707,54.04695685748664,37.7444466729857,12.449466946014551,25.29497972697115,NB
frame_supo~j~zi_662.05_662.78,18.482252175878727,0.0,0.4516614206192204,415.5896627317702,354.36296143892616,61.22670129284404,165.10343622524147,62.13669634854065,102.9667398767008,NB
frame_ki_662.78_662.89,31.59391306345006,0.0,-0.3913892288346848,422.9744926178045,376.7122268783872,46.26226573941733,24.57366181012415,13.840288221753326,10.733373588370824,NB
frame_Es_662.89_663.06,17.74490374495224,0.0,-0.6746573514569378,418.13227717234446,372.1680610926215,45.96421607972297,9.690079137418564,5.0170843539532655,4.672994783465299,NB
frame_tas_663.06_663.46,243.5522249158581,0.0,-0.605682311108246,415.2159779730383,365.3317569467585,49.88422102627976,18.522006741286987,11.232257567118722,7.289749174168264,NB
frame_pla~_663.46_663.71,31.973468126555588,0.0,0.8188882062009469,421.3702795939152,373.6517272540925,47.71855233982262,25.81758901171,9.02029475525191,16.797294256458088,NB
frame_tas_663.71_664.34,90.34173467344029,1.1899999999999409,1.5097604821981452,410.870997265948,352.6248888023877,58.24610846356029,335.6761534404868,209.93784352945272,125.73830991103408,NB
frame_ujs_665.53_665.7,56.94732179652215,0.0,-0.063071744771816,419.4398013921953,371.4164074116935,48.02339398050174,9.087528669580491,3.948998499742373,5.13853016983812,NB
frame_ob_665.7_665.83,18.384549453782117,0.0,0.0047455194446208,418.3423714640485,374.8190323432102,43.52333912083827,8.598245356982943,4.456325279554676,4.141920077428267,NB
frame_Ze_665.83_666.08,26.78320380161489,0.0,0.2064580078532631,419.3633151639653,370.93890306379626,48.42441210016904,25.212404090296616,11.01820270099833,14.194201389298286,NB
frame_tus_666.08_666.38,10.596971854999085,0.0,-0.5778049101643155,413.9111104880292,362.3997851489093,51.51132533911999,459.6968297626116,349.9896499612205,109.70717980139102,NB
frame_u_666.38_666.52,18.659380577638476,0.0,0.8377112946624977,420.03280671275706,375.212757584556,44.82004912820105,5.845188555637577,2.825552530270272,3.019636025367305,NB
frame_mu~_666.52_666.79,67.31024929404774,0.0,0.2926268906053159,416.540324456071,367.1089229347525,49.43140152131849,103.40532009356934,27.487361607213955,75.91795848635539,NB
frame_du_666.79_666.86,32.15618832938142,0.0,-0.4491216188165563,414.26821812099695,371.4675875590541,42.80063056194291,15.133788215967172,10.305658762236815,4.828129453730355,NB
frame_i~_666.86_667.12,10.62868998420572,0.0,1.9063428661718207,411.73490928842256,363.083378392714,48.65153089570856,41.62752301371313,20.03318684378152,21.59433616993161,NB
frame_tej_667.12_667.49,22.68775111983129,0.0,-0.8022140844980237,419.67206445466593,368.4754628816642,51.19660157300166,82.79452446091348,37.95834330775844,44.83618115315504,NB
frame_ru_667.49_667.55,91.63368252504188,1.3100000000000591,-0.5778049101643155,409.98350152312975,367.56609186609273,42.41740965703701,0.6174654553021242,0.3969742717847424,0.2204911835173817,NB
frame_E_668.86_669.15,1.3872744837323978,0.0,1.583899065011943,425.2126009449529,374.3263471201572,50.88625382479575,57.84258673867848,18.755552469455267,39.08703426922321,NB
frame_a_669.15_669.23,12.763722808180717,0.0,-0.3172128392929431,411.55934997057625,367.9638494768644,43.59550049371177,9.491530128149035,3.371701262854401,6.119828865294636,NB
frame_ni~_669.23_669.38,16.70864008765443,0.0,0.1963655293395181,410.8149469940829,366.5779714884094,44.23697550567351,43.12788235287769,19.203814983666945,23.924067369210743,NB
frame_ma_669.38_669.66,12.629558639707,0.0,1.1251345197791986,417.4471166559085,368.074115945878,49.37300071003045,46.59446393184084,17.78062098939688,28.813842942443955,NB
frame_du_669.66_669.77,3.372963516906225,0.0,0.0656115465744801,411.2700773171837,367.2019091571007,44.06816816008302,12.01512848975034,5.090995053103853,6.9241334366464855,NB
frame_dZi_669.77_669.83,38.48481224268815,0.0,-0.6510412390326851,407.053223100382,365.18309628601696,41.87012681436505,7.83046425692325,2.9099311481345467,4.920533108788703,NB
frame_sEX_669.83_670.16,2.5589681817535563,0.0,-0.1836668261378586,420.8456154519066,370.2695982447327,50.57601720717389,8.592077828996366,3.72701381303591,4.865064015960456,NB
frame_ta_670.16_670.26,7.384795658543538,0.0,-0.605682311108246,416.7186645356974,372.79026132752097,43.92840320817646,10.861862995395342,6.727431796072722,4.13443119932262,NB
frame_foX_670.26_670.91,6.755619158946274,0.0,3.400955602941257,421.2776940531632,361.1187291407727,60.158964912390445,219.2425610731298,158.91244734610632,60.33011372702347,NB
frame_sas_670.91_671.18,33.23605215259391,0.0,0.0,405.9768473047758,357.02703166093164,48.94981564384415,2.0094227391140578,1.126801764785654,0.8826209743284039,NB
frame_ko~_671.18_671.63,117.42891961078008,0.0,-0.7979952923166259,409.5799316955672,356.7979776636135,52.78195403195372,9.239265743965449,5.18978652726102,4.049479216704427,NB
frame_pre_671.63_671.73,7.576225376806548,0.0,-0.6581180713052167,421.2181760528192,376.3036551518784,44.91452090094083,30.93222048961897,9.066127389342228,21.866093100276743,NB
frame_e~_671.73_671.78,9.226014234908774,0.0,-0.6013931065006006,407.7843663268516,365.7888493631741,41.99551696367752,2.911991950169238,1.902994289812028,1.0089976603572095,NB
frame_de~j~_671.78_671.89,149.70380931010632,1.8100000000000591,-0.7202882210120871,407.3890202285065,364.2027034676274,43.186316760879095,9.30918846504045,5.321302326450351,3.987886138590099,TB
frame_foX_673.7_674.12,21.205537969225414,0.0,1.9709724098917532,423.5996961987786,371.121006795914,52.47868940286469,79.69438658979064,29.97850332501372,49.71588326477692,NB
frame_sas_674.12_674.27,188.6687873570386,0.0,0.0,415.5523888646696,368.7204102277701,46.83197863689952,242.4904823919023,79.75698575764017,162.73349663426214,NB
frame_E_674.27_675.34,5.9032949515751625,0.0,-0.4133693298976796,420.05472586991687,349.2789510192669,70.77577485064995,88.0263874073344,34.60816059213525,53.41822681519915,NB
frame_ki_675.34_675.65,13.606943173486457,0.0,1.945478862963553,414.4376393553663,366.3891704179061,48.04846893746014,38.844764187615965,16.351808964648285,22.49295522296768,NB
frame_si_675.65_676.05,16.945723154811873,0.0,-0.2615632237349466,424.07963120713504,369.8129208936796,54.26671031345546,25.800616484557903,10.97631981414264,14.824296670415263,NB
frame_Re_676.05_676.16,14.468221287178494,0.0,-0.2258300317267958,424.9004442948952,378.6855510539179,46.21489324097735,12.579842981533346,2.16473770639044,10.415105275142906,NB
frame_ve_676.16_676.63,18.97019037536188,0.0,5.105722456411976,423.2722369959394,367.4046353654997,55.867601630439765,59.40684390939657,28.908868777027838,30.497975132368737,NB
frame_la~w~_676.63_676.79,15.630479643573407,0.0,-0.2662642633650098,414.815498862801,368.9823552764299,45.83314358637108,13.590167216296038,6.105736799351064,7.484430416944974,NB
frame_e~j~_676.79_676.89,51.58349287299896,0.0,-0.8391833355249253,408.95130869005976,365.9264028090759,43.02490588098391,5.917750458974439,2.7691587277437293,3.148591731230709,NB
frame_sEX_676.89_677.24,14.594264879654332,0.0,0.4055218042461529,416.6834057848479,365.9144055777197,50.76900020712816,132.38922110370788,78.51441045641343,53.87481064729445,NB
frame_tu_677.24_677.3,80.52142085983608,0.0,-0.5778049101643155,406.7687354076754,365.5567383676053,41.21199704007017,3.537358374672664,1.1682039741917976,2.3691544004808662,NB
frame_mo_677.3_677.4,81.76908607371162,0.0,-0.1740023796865671,415.5580355949873,371.5153248975446,44.04271069744272,9.431693342927176,4.510647393119882,4.921045949807294,NB
frame_me~_677.4_677.57,94.9749263983674,0.0,-0.0069175339350581,414.1576139493072,368.05377852443576,46.10383542487148,7.534560606034418,3.236387129996146,4.298173476038272,NB
frame_tu_677.57_677.63,100.74378091839802,0.0,-0.5778049101643155,405.9110786551765,364.26338846777867,41.64769018739787,2.210264895845029,0.7609477859022604,1.4493171099427684,TB
frame_e~_677.63_677.73,16.799553834683024,0.0,-0.0069175339350581,409.7836717043659,365.8461793085136,43.937492395852246,143.55064323009728,74.51181003384798,69.0388331962493,NB
frame_ta~w~_677.73_677.85,12.657934059200612,0.0,-0.6731964394516654,423.4882147430108,376.9359994500007,46.552215293010136,18.09845990040199,8.918126184609974,9.180333715792017,NB
frame_E_677.85_677.88,19.24230012596269,0.0,-0.9692516666495018,409.1751829196186,366.5383786908391,42.63680422877951,3.795379968205225,2.905648689008956,0.889731279196269,NB
frame_las_677.88_678.08,14.714748519002145,0.0,-0.2210563486882065,420.2305412007252,373.8598555820264,46.370685618698815,28.24276914373144,10.773280849520262,17.469488294211175,NB
frame_e_678.08_678.11,104.79439858071032,0.0,-0.8022140844980237,396.0759033264992,354.3764738799432,41.69942944655594,3.14148150023614,2.1754488424424494,0.96603265779369,NB
frame_zis_678.11_678.49,22.83001448275374,0.0,-0.1317372186352085,416.8038666702248,365.8365759722867,50.96729069793804,34.2577528936622,10.146982333373046,24.110770560289158,NB
frame_te~j~_678.49_678.62,6.339844300642312,0.0,-0.4824979919864108,420.435102745648,374.819757926401,45.61534481924701,19.791882393726183,10.505438846258016,9.286443547468169,NB
frame_e~j~_678.62_678.71,7.142792795411936,0.0,-0.6013931065006006,411.3584991019427,366.82583792825176,44.53266117369094,9.267858268048172,5.032516732923483,4.2353415351246895,NB
frame_es_678.71_678.94,29.5642749914538,0.0,-0.8022140844980237,409.101490707279,361.55848472779365,47.54300597948537,6.426438185962269,4.905793324005174,1.520644861957095,NB
frame_ta_678.94_679.15,15.626167609469974,0.0,0.6443520667544227,419.9133054324488,372.2057616343861,47.70754379806266,13.52798074199049,6.127066894123175,7.400913847867315,NB
frame_du_679.15_679.22,16.856018124135915,0.0,-0.4491216188150934,415.4188556886887,372.6864284573144,42.732427231374345,3.069586645806908,1.92500210392862,1.144584541878288,NB
frame_la_679.22_679.55,8.365790662878766,0.0,1.2212910103828425,419.7794746126702,369.3910610827936,50.38841352987657,35.318363385209466,10.385779811425948,24.93258357378352,NB
frame_te~_679.55_679.89,39.11949670885198,0.0,2.2520896418102185,418.96974619911504,367.9007216512591,51.069024547855975,185.4599975967189,125.4324561447474,60.02754145197147,NB
frame_tSi_679.89_680.1,16.270237316832834,1.3299999999999272,-0.3913892288332088,405.9899808044429,359.88022508642933,46.10975571801356,6.578800767749726,3.749844163597544,2.8289566041521823,NB
frame_ko~_681.43_681.56,53.2820457873794,0.0,-0.5585022245550847,421.34841152298895,375.00383946694,46.34457205604895,2.6680639364998058,1.6047137208990565,1.0633502156007495,NB
frame_pre_681.56_681.75,37.0921401077961,0.0,-0.2258300317251576,424.3949301609546,377.8029354031428,46.59199475781185,62.90780250196747,21.60564590399744,41.302156597970026,NB
frame_e~_681.75_681.78,48.73362721678595,0.0,-0.839183335526277,400.0735501071205,358.48473860253813,41.5888115045824,7.2332213089974,4.149477883626247,3.083743425371153,NB
frame_de~j~_681.78_681.88,53.840424809049,2.289999999999964,-0.7202882210134388,411.5750629676828,368.98150051568734,42.59356245199547,79.4413738912457,41.90128061163982,37.54009327960589,TB
frame_e~_684.17_684.36,39.94807690130932,0.0,1.063138496681837,421.0305409578164,374.78037507699344,46.25016588082292,23.49023099943525,8.644142928133789,14.846088071301466,NB
frame_ta~w~_684.36_684.69,72.06107709773627,0.0,0.1406679127216456,423.8158072500313,373.4567806665941,50.35902658343719,516.5118747576493,385.5036078533466,131.00826690430267,NB
frame_a_684.69_684.9,27.935709168614665,0.0,0.9328215385686324,422.83359470348944,375.3840000731545,47.44959463033496,67.02645157329951,20.091683180124704,46.93476839317481,NB
frame_u~_684.9_684.93,46.21680456672081,0.0,-0.5101718816481261,401.8429734929252,359.9864870869972,41.85648640592802,4.69367039340375,3.253345881593134,1.4403245118106156,NB
frame_ma_684.93_685.01,42.11114632803097,0.0,-0.7979952923177192,421.6620006194353,377.5865910454246,44.07540957401068,6.4466575414896,3.1516392952543697,3.29501824623523,NB
frame_es_685.01_685.34,42.40946392008678,0.0,-0.2258300317251576,415.11264225326914,365.7009767096923,49.41166554357682,20.31891801715344,9.278528443552034,11.040389573601402,NB
frame_pE_685.34_685.51,27.12929325825874,0.0,0.1109274890535889,423.1707530196569,376.6910045918051,46.4797484278518,21.00978828673206,12.649262330436985,8.360525956295078,NB
frame_si_685.51_685.75,89.63012554563652,0.0,-0.0019112135339944,411.0066768419624,363.7361851503615,47.27049169160085,111.59960729717582,62.18913668902424,49.410470608151584,NB
frame_dZi_685.75_686.09,41.96877649020453,0.0,2.334956878262768,419.5514785113415,369.65548767096703,49.89599084037445,36.10261577285229,17.296767651595246,18.805848121257043,NB
frame_e_686.09_686.25,5.002243726417049,0.0,1.071034087010105,423.3545199788159,375.6825052665977,47.672014712218186,33.056619668776364,12.139057172912658,20.917562495863702,NB
frame_tER_686.25_686.38,12.409398016792636,0.0,-0.576459246393122,416.4795464545938,373.3266122629332,43.15293419166068,6.004381106919311,3.3884620102843144,2.6159190966349968,NB
frame_nu_686.38_686.44,9.271647945885633,0.2399999999998954,-0.5778049101628525,413.1860753884444,369.7796358923288,43.40643949611564,6.388398195493153,4.749075479239309,1.6393227162538435,NB
frame_pre_686.68_686.86,1.8295831284805215,0.0,-0.2258300317251576,421.7983841907436,375.777509066772,46.02087512397162,15.738729339787056,7.232603971996269,8.506125367790787,NB
frame_ze~_686.86_687.25,19.9339445308774,0.0,1.3009287257075133,416.2204921886039,365.0461431531489,51.17434903545495,57.96297396216207,24.815589912843308,33.14738404931876,NB
frame_tSi_687.25_687.49,77.83443285955207,2.1299999999999955,0.2577407966654818,410.45814003512425,362.0898826713072,48.368257363817065,6.627806676984477,2.545602270762302,4.082204406222175,NB
frame_ki_689.62_689.74,11.295952066101364,0.0,-0.651041239034161,422.65067101136,377.3449146994561,45.30575631190385,11.5814638017643,7.102796144044362,4.478667657719939,NB
frame_E_689.74_689.82,30.68099969645044,0.0,-0.4782611413293061,426.4268960104238,380.6668118279494,45.76008418247437,9.280948913434573,5.803770714921853,3.4771781985127177,NB
frame_u~_689.82_690.0,32.71286949221391,0.0,0.1588270952298267,417.7838253006011,371.9586918060938,45.82513349450727,9.80040609152374,5.78161151569671,4.01879457582703,NB
frame_pre_690.0_690.22,40.66193180894598,0.0,0.782842060624491,423.2500769155936,374.24204712821927,49.00802978737431,164.7986809926866,64.76808939139383,100.03059160129276,NB
frame_ze~_690.22_690.94,47.680963423588565,0.0,-0.8391833355249253,415.66912753087433,352.3653883279691,63.30373920290526,258.39974688192024,208.55055090186,49.84919598006024,NB
frame_tSi_690.94_691.07,4.837968030696999,0.0,0.2577407966654818,418.91506614760215,372.9661245992775,45.94894154832474,57.71458541607919,19.22069493311469,38.4938904829645,NB
frame_mi_691.07_691.13,10.349829328057352,0.0,-0.651041239034161,404.4493487926596,362.538171829196,41.91117696346362,26.064710049686965,9.82810677008635,16.236603279600615,NB
frame_to_691.13_691.26,2.9808328301493248,0.0,0.0047455194466529,421.8989263332414,376.2483085499407,45.65061778330068,31.42496469021566,23.03762614622809,8.387338543987568,NB
frame_lO_691.26_691.58,73.3009428965782,0.0,1.057010655205208,416.1617293942863,365.1294244119359,51.03230498235041,66.77496471015215,40.66287929011106,26.112085420041083,NB
frame_Zi_691.58_691.72,10.60094420910363,0.0,-0.651041239034161,403.24449625524426,359.7138281461861,43.53066810905818,183.0945306104817,107.52795365682049,75.56657695366128,NB
frame_ku_691.72_691.82,104.94698620950524,2.9899999999998954,-0.063071744771816,398.5292358863345,355.54273189151434,42.98650399482023,28.4141174352375,14.580391119573235,13.833726315664263,TB
frame_u_694.81_694.88,59.65524907593456,0.0,-0.063071744773279,421.3744435372096,376.952712334242,44.42173120296758,6.423228891005664,2.3774129552500085,4.045815935755655,NB
frame_mi_694.88_695.26,0.9895725586633262,0.0,1.8156528578638156,417.8164627926024,366.870813793241,50.94564899936137,196.2637048127146,51.502602125525016,144.76110268718958,NB
frame_tu_695.26_695.68,47.82107742242496,0.3600000000000136,3.926110287011642,414.3918743199984,362.2099727938468,52.18190152615159,199.86312495512783,59.4996935052541,140.36343144987376,NB
frame_na~w~_696.04_696.51,7.651982155456636,0.0,0.8188882061994048,422.2324145511632,365.67423597639896,56.55817857476427,84.20316690398253,31.64703981599717,52.55612708798536,NB
frame_E_696.51_696.7,44.08580955000494,0.0,0.6019180143737846,420.41723789335686,372.5736336348008,47.84360425855607,13.064831162596109,7.194754095420308,5.870077067175799,NB
frame_u~_696.7_696.76,35.838313663849306,0.0,-0.3763720862726369,417.427939471021,374.2129349295061,43.21500454151487,5.5668347306771295,3.753452681536828,1.8133820491403012,NB
frame_a_696.76_696.85,36.4809564165468,0.0,-0.2210563486882065,407.8321486751892,365.5371748923245,42.294973782864645,6.128992674427195,3.5185873198913957,2.6104053545358,NB
frame_ko~_696.85_697.02,4.45393244189151,0.0,0.041290047729672,414.34816804004674,368.5926097463579,45.75555829368881,23.787898529242227,19.13114238845702,4.656756140785205,NB
frame_te_697.02_697.17,10.93438390895335,0.0,-0.2258300317267958,416.0072752569103,373.2392425653082,42.76803269160206,11.534899361094858,6.201019404937568,5.33387995615729,NB
frame_si~_697.17_697.51,24.24744386921043,0.0,0.0742242909944528,412.5155137108188,361.998553902752,50.51695980806687,28.358825354850865,13.256460054936667,15.102365299914196,NB
frame_me~_697.51_697.61,20.285977841847146,0.0,-0.839183335526277,406.6089049439637,362.3875579169737,44.22134702698997,3.3463251684635797,1.647972758576458,1.6983524098871214,NB
frame_tu_697.61_697.78,25.86957795649363,1.0900000000000318,0.4516614206192204,415.78759520453815,370.1395906061263,45.64800459841183,7.537453778125098,2.629699632317255,4.907754145807843,TB
frame_du_698.87_699.08,85.71120879591496,0.4799999999999045,1.3524444600549972,399.7900511950049,354.7465876471239,45.04346354788106,2.7809651428456448,1.5704889502170332,1.2104761926286116,NB
frame_pa_699.56_699.62,,0.0,-0.7979952923177192,411.8471454593984,369.9280846626088,41.91906079678961,,,,NB
frame_sa_699.62_700.14,,0.0,-0.605682311108246,412.1903978682981,355.7478061527464,56.442591715551714,50.36126279249755,35.48418856097865,14.877074231518897,NB
frame_du_700.14_700.2,,0.5,-0.5778049101628525,406.9454848484245,364.0492707918195,42.89621405660506,3.4340452299455397,1.0888038294573974,2.345241400488142,NB
frame_u_700.7_700.77,30.678960300948347,0.0,-0.063071744773279,424.1026297884074,378.9257183901899,45.1769113982175,15.265468018582991,5.685941750824412,9.57952626775858,NB
frame_mi_700.77_701.14,26.712933653279777,0.0,1.1665228323636487,417.8807886414442,366.2476572033921,51.63313143805209,108.56393489827953,54.74130774490348,53.82262715337603,NB
frame_tu_701.14_701.2,81.60492532776104,0.0,-0.5778049101628525,412.46796951319794,369.2489546537305,43.21901485946745,24.87944517471891,8.986692236201236,15.892752938517674,NB
frame_E_701.2_701.35,33.70443455676414,0.0,0.2091255941174048,423.0021145716263,376.3772436706509,46.62487090097551,57.6767995456184,29.233575693888923,28.44322385172947,NB
frame_aw_701.35_701.57,46.69288006271361,0.0,0.1635696137307398,419.5958381163114,371.8364899658824,47.75934815042905,36.5337150895283,20.3333355214582,16.200379568070105,NB
frame_gu_701.57_701.63,129.48548521558348,0.2300000000000182,-0.5778049101643155,411.2583442145653,369.0782586938861,42.18008552067914,4.061233289794856,2.98131317409618,1.0799201156986769,NB
frame_ki_701.86_701.96,6.376616309281275,0.0,-0.521215233932947,422.1505162530528,378.3073414251383,43.84317482791454,17.79869016947572,7.447737007203926,10.350953162271791,NB
frame_a_701.96_702.12,10.384179596669613,0.0,0.4520390855449495,416.6428809488929,370.5286619701355,46.11421897875744,6.325193444367329,2.030966678606404,4.294226765760925,NB
frame_ko~_702.12_702.36,30.244657352605884,0.0,0.541116941300492,417.3720444456633,372.14249456364297,45.22954988202031,43.63713755370475,16.882174195723366,26.75496335798138,NB
frame_te_702.36_702.51,13.812246066443803,0.0,0.0623619946604562,418.3716588090779,374.49272360565874,43.87893520341919,15.782372146807774,7.194852953728713,8.58751919307906,NB
frame_sew_702.51_703.01,57.89326158497185,1.0399999999999636,-0.8022140844980237,415.1958192929964,359.7619244514373,55.43389484155904,103.56883136369258,75.88485957053975,27.68397179315284,NB
frame_se_704.05_704.38,8.342124776715167,0.0,-0.8022140844980237,417.5941354245603,366.1345857024538,51.45954972210649,8.47740645425327,4.301585193947602,4.175821260305668,NB
frame_gu~_704.38_704.6,50.02917690483358,0.0,0.0696272316461673,418.1574904322899,369.7815556766426,48.37593475564728,62.92473225958511,20.99667815958173,41.92805410000338,NB
frame_du_704.6_704.81,41.691057036360746,0.650000000000091,0.7090280033147386,416.8425697565037,369.5065418103442,47.33602794615962,37.31238652764915,23.03672275950578,14.275663768143374,NB
frame_u~_705.46_705.57,1.2275579086588948,0.0,-0.1533724273129812,422.85826245592926,376.4824219889272,46.37584046700204,10.00900193137835,2.2105879656022296,7.79841396577612,NB
frame_es_705.57_705.85,3.382637839217552,0.0,-0.8022140844980237,406.933995060156,361.3240475980617,45.60994746209423,4.395260932091702,1.1030144331807037,3.2922464989109983,NB
frame_ke~_705.85_706.04,25.25308985468368,0.0,0.2308726950906181,422.56335339741753,375.7564462255916,46.80690717182597,30.1481585340386,7.69962340095401,22.44853513308459,NB
frame_ma_706.04_706.17,5.388797719354557,0.0,-0.2210563486892997,416.4786467726484,370.90483025881184,45.573816513836505,16.142865877717725,8.120142556822117,8.022723320895608,NB
frame_na_706.17_706.35,0.5284772928170298,0.0,-0.3172128392929431,420.0634299763821,372.004689449223,48.0587405271591,7.634418094767909,2.668178665537312,4.966239429230598,NB
frame_Ra_706.35_706.65,16.606913971406584,0.0,0.7405085573591592,416.3941328335535,367.3029022580513,49.091230575502266,26.27963750544305,17.681480499442614,8.598157006000434,NB
frame_tSi_706.65_706.76,45.17363337325924,0.0,-0.3913892288346848,406.3689001865311,361.5468676790055,44.82203250752565,56.31844075013292,30.90578707243168,25.412653677701243,NB
frame_vu_706.76_706.86,19.56879878930493,1.3500000000000227,-0.5778049101643155,404.59881242400553,362.1837844800269,42.4150279439786,218.2815469095569,115.45779988773911,102.82374702181782,TB
frame_ki_708.21_708.29,,0.0,-0.3913892288346848,404.8765088377129,363.285357693717,41.59115114399589,,,,NB
frame_po_708.29_708.48,71.68962043836464,0.0,1.4347287124961572,423.5922323206708,376.36884049052384,47.223391830146966,416.38742803544807,341.2116336418204,75.17579439362771,NB
frame_dZi_708.48_708.54,1.8807002414796443,0.0,-0.651041239034161,421.54635564225424,377.6051194216583,43.941236220595954,1.1150973416110048,0.3909062822542637,0.7241910593567411,NB
frame_o_708.54_708.6,1.5975608136203905,0.0,-0.3527502788157231,411.6757536593439,369.84157129740896,41.83418236193489,1.6400001277207537,0.3610407864115359,1.2789593413092175,NB
frame_be_708.6_708.71,12.22397233042406,0.0,-0.0817340185323507,415.5083624539489,373.0120081609834,42.49635429296546,9.948022302854014,4.011604370510014,5.936417932344,NB
frame_de_708.71_708.81,17.81971011707381,0.0,-0.2258300317267958,415.3294737808656,372.59422517452754,42.73524860633802,0.9939429785991932,0.1938309518446885,0.8001120267545048,NB
frame_seX_708.81_709.01,15.24270391758796,0.0,-0.8022140844980237,420.7620200932028,373.2062748492698,47.55574524393296,12.441090653273632,5.177528508987649,7.263562144285984,NB
frame_a_709.01_709.1,32.54405635453584,0.0,-0.2210563486882065,415.56876984501145,372.0323529798869,43.53641686512452,4.115590691990704,2.087197239148125,2.028393452842579,NB
frame_va_709.1_709.21,35.27239071227271,0.0,-0.5095258205024162,418.3183820777581,373.1350282358477,45.18335384191033,4.355359630280148,2.01797860991168,2.3373810203684684,NB
frame_ri_709.21_709.28,34.52245156878212,0.0,-0.651041239034161,417.23373884180495,373.5450781109298,43.68866073087514,1.2978035902976188,0.5509202911939752,0.7468832991036436,NB
frame_a_709.28_709.34,39.94942581195001,0.0,-0.5095258205024162,406.04831280996126,362.8602678390751,43.18804497088621,10.13540298931683,5.030296941683034,5.105106047633797,NB
frame_so~j~s_709.34_709.49,9.159372805466234,0.0,0.0,417.65846336597946,371.8025261725729,45.85593719340653,3.199978403624897,1.117847199530928,2.082131204093969,NB
frame_majs_709.49_709.66,0.6546209225266466,0.0,-1.0583291181247685,421.1813043494213,374.3716781411881,46.809626208233226,5.544328381526185,1.8208800489694283,3.7234483325567567,NB
frame_a_709.66_709.74,4.672825503791444,0.0,-0.605682311108246,416.3784453539085,374.0291799862583,42.34926536765016,8.3920849523264,6.682835259378834,1.7092496929475658,NB
frame_u~_709.74_709.91,29.88012982880636,0.0,-0.5095258205035094,419.2929279873837,372.34261146086885,46.95031652651488,40.20154583658879,11.64078530565655,28.56076053093224,NB
frame_ma_709.91_710.02,46.05484505317128,0.0,-0.5095258205035094,415.9015656957839,371.8281276160941,44.073438079689765,16.446370400375116,5.996137880848323,10.450232519526793,NB
frame_is_710.02_710.32,10.94998004215674,0.0,-0.651041239034161,405.7479629969655,356.86321147606645,48.88475152089904,143.05075432155627,57.07978086149893,85.97097346005732,NB
frame_tO_710.32_710.65,20.35094023828941,0.0,1.4972587080604058,422.3260607204321,371.1799788541889,51.14608186624315,142.22120605135112,27.965208658748963,114.25599739260215,NB
frame_ria_710.65_710.76,104.33939272098117,0.0,-0.6510412390326851,412.8211016243967,367.98127887041136,44.83982275398535,311.7507597673973,205.70815253514945,106.04260723224792,NB
frame_nu_710.76_710.91,50.54604902642967,0.0,-0.063071744773279,411.504875124762,367.2872004898426,44.217674634919376,3.714442036727476,0.7030420842275333,3.011399952499943,NB
frame_mi_710.91_711.19,49.679545682153375,0.0,1.0366968272653865,414.07899105151466,365.72387850190313,48.35511254961153,43.83114959248508,6.91428477279581,36.91686481968927,NB
frame_tu_711.19_711.3,68.23553625171394,2.3600000000000136,-0.1917550361210381,401.2620107804013,357.07209692879746,44.18991385160388,90.2932997754765,29.076424717584047,61.21687505789245,TB
frame_majs_713.66_714.85,148.2546163686867,0.0900000000000318,1.1251345197791986,420.94115254870246,345.08782603456115,75.85332651414132,611.5063725762623,435.341435842626,176.1649367336362,NB
frame_u~_714.94_715.04,27.79194433945412,0.0,-0.197972359105318,422.73105185945707,376.65475142109335,46.07630043836372,31.44049217811008,13.778399296029193,17.662092882080884,NB
frame_ma_715.04_715.38,30.605237046551053,0.0,1.2212910103839354,421.6582160132959,370.9609671957157,50.69724881758015,15.995551614903064,9.84914188827969,6.146409726623375,NB
frame_vejs_715.38_716.09,30.893887455778184,0.0,-0.6581180713052167,418.5974215224642,354.4260328694476,64.17138865301666,110.80135277650612,42.959445097930114,67.841907678576,NB
frame_ki_716.09_716.15,69.55128627573711,0.0,-0.651041239034161,406.1127928539731,364.0697920374594,42.04300081651365,3.1101582931362373,1.2647263183932722,1.845431974742965,NB
frame_si_716.15_716.47,19.584117774818598,0.0,-0.521215233932947,422.4193752256375,370.4200988991921,51.9992763264454,55.64927233752232,16.736004298562136,38.91326803896018,NB
frame_de_716.47_716.54,29.92952150419049,0.0,-0.8022140844980237,422.72346204325584,378.5105565265494,44.21290551670643,8.829259250658254,2.596922513483974,6.232336737174279,NB
frame_ze~_716.54_716.6,35.74799821999642,0.0,-0.839183335526277,421.5625064559946,378.20601943564617,43.356487020348425,3.2830709437001246,2.4038199105474973,0.8792510331526273,NB
frame_ro_716.6_716.68,45.00174928574421,0.0,-0.5314981779489433,416.6748287434575,373.8932351116405,42.78159363181709,4.079188090176302,2.48495345891854,1.5942346312577629,NB
frame_low_716.68_716.95,11.695642369465418,0.0,1.255980813364969,422.5067832717908,372.1707749378963,50.33600833389448,46.86211993637343,19.36100811557705,27.501111820796385,NB
frame_es_716.95_717.22,47.68894341108836,0.0,-0.2258300317267958,413.0409043520747,363.13132468277206,49.909579669302616,2.86491059262508,1.5860110755033077,1.278899517121772,NB
frame_tSi_717.22_717.29,16.201766367152885,0.0600000000000591,-0.651041239034161,397.0387999271479,357.2848322744228,39.753967652725066,75.29595455535332,46.58799595801028,28.70795859734304,NB
frame_dra~_717.35_717.56,3.1386725701232194,0.0,0.2763119714156554,422.4871495324742,375.9203066201642,46.56684291231,56.98474222327775,14.348311979849484,42.636430243428265,NB
frame_ma_717.56_717.73,38.13395666881695,0.0,-0.1248998580834699,413.80631769357205,368.5226374898993,45.28368020367276,174.1925691953662,74.24961811194837,99.94295108341782,NB
frame_du_717.73_717.85,73.71139107992333,0.0,-0.063071744771816,414.150716950788,369.5812652796788,44.56945167110922,4.427972581308225,1.6703273135000387,2.7576452678081864,NB
frame_mi_717.85_718.22,63.81950255359087,0.0,2.20513087316303,416.9028621959179,364.751509497168,52.15135269874992,206.1061439373972,68.79281662555945,137.31332731183772,NB
frame_tu_718.22_718.82,26.68967325201035,0.5599999999999454,6.371092822621991,406.8104717120225,351.4397515703098,55.37072014171275,16.805918045217567,9.472783528097864,7.333134517119703,NB
frame_es_719.38_719.69,8.687599682685487,0.0,-0.0817340185323507,421.8014072992332,371.5900516468722,50.211355652360965,32.76050348959447,16.962008842865202,15.798494646729267,NB
frame_tSi_719.69_719.76,17.92349818316788,0.0,-0.5212152339344229,405.1243007391215,362.1644068044927,42.95989393462878,10.123582214119438,6.732588857130565,3.390993356988872,NB
frame_dra~_719.76_719.98,7.214341397707642,0.0,0.2763119714171975,423.38549280676887,374.2166948170757,49.16879798969319,60.35968657407716,19.167000409430383,41.19268616464677,NB
frame_ma_719.98_720.1,2.7382533400402167,0.0,-0.3172128392929431,419.7815746065559,374.3408779499676,45.44069665658833,9.70838225041652,4.902360116248303,4.8060221341682166,NB
frame_na~w~_720.1_720.34,10.983204238958765,0.0,0.8188882061994048,416.0901800518864,369.2119593897885,46.87822066209793,12.330557233631282,5.718083720285563,6.612473513345719,NB
frame_te~j~_720.34_720.54,2.6848201706503687,1.6299999999999957,0.2308726950906181,420.1115356071225,373.0815942009321,47.02994140619046,21.96221341188658,10.113676635884303,11.848536776002277,TB
frame_fi~_722.17_722.25,,1.0299999999999727,-0.7807643774223929,398.1480640122647,356.3488137907884,41.79925022147631,79.2733633377378,37.843564213946365,41.42979912379144,NB
frame_poX_723.28_723.49,7.386195825745858,0.0,-0.1740023796865671,423.1420928000821,375.7863790918972,47.35571370818485,23.03977542060184,5.605123430515249,17.434651990086593,NB
frame_ki_723.49_723.59,31.61502014855617,0.0,-0.6510412390326851,424.9439152012851,378.6220604241465,46.32185477713864,39.36351126163245,9.341689445180776,30.02182181645168,NB
frame_e_723.59_723.64,43.653460786913314,0.0,-0.5140220581124098,411.5981416481963,369.4137605867888,42.18438106140752,2.561171268828616,1.4993209553948077,1.0618503134338084,NB
frame_li_723.64_723.7,17.564390971996545,0.0,-0.6510412390326851,413.72483687189725,370.6015840124309,43.123252859466334,7.046523400223236,5.115071694407703,1.9314517058155327,NB
frame_si_723.7_723.96,29.59470081731706,0.0,-0.0019112135339944,421.421778240254,371.700199546772,49.721578693481945,31.461990499126077,17.867423124497748,13.594567374628326,NB
frame_Re_723.96_724.31,12.259683919109648,0.0,3.2324742849038475,422.61009668471286,370.9192329502733,51.69086373443952,20.49720614290584,4.605109200809125,15.892096942096714,NB
frame_pe_724.31_724.58,15.700891859029213,0.0,2.079706179361392,417.4621654444788,371.7157659231762,45.74639952130258,30.95276858853032,22.64644022351993,8.306328365010387,NB
frame_tSi_724.58_724.65,101.9677747891179,0.0,-0.5212152339344229,404.30099197935954,363.1584582279528,41.142533751406745,1.3257035598830385,0.4799968920360555,0.8457066678469829,NB
frame_se~_724.65_725.0,3.967630557028997,0.0,-0.0069175339350581,416.0545644546879,366.0362003758268,50.018364078861055,34.8804011237801,13.271105456026191,21.609295667753912,NB
frame_pri_725.0_725.1,12.786268479049966,0.0,-0.651041239034161,421.277884669793,375.21133291164347,46.06655175814956,28.700770316586272,12.004757266688555,16.696013049897715,NB
frame_e_725.1_725.16,8.025243839427532,0.0,-0.3699260449196028,415.8655446962984,374.49457004732005,41.37097464897823,0.3677379744689517,0.1341760842158521,0.2335618902530996,NB
frame_li_725.16_725.24,6.898407027463691,0.0,-0.651041239034161,418.9460232884209,375.1308692055764,43.81515408284457,12.48584311532099,5.285735844174297,7.200107271146692,NB
frame_E_725.24_725.43,13.659189968343073,0.0,0.6019180143726682,419.0157299861201,373.2072304374144,45.80849954870576,5.035446007113961,2.5281177176699146,2.5073282894440467,NB
frame_u~_725.43_725.46,9.42380498490664,0.0,-0.5101718816476191,391.0816867690561,350.90832297599206,40.17336379306403,8.175024707999142,3.940505596401266,4.234519111597876,NB
frame_pre_725.46_725.64,19.201185161527377,0.0,0.2064580078532631,420.34357103751466,372.7030038717719,47.640567165742766,39.72394130154075,17.778932944825414,21.94500835671533,NB
frame_ze~_725.64_726.0,43.74267006436892,0.0,0.7064531531419708,414.8141835601664,363.94459869662654,50.86958486353984,175.6310559836753,106.73060957111454,68.90044641256077,NB
frame_tSi_726.0_726.18,11.535912154838485,0.0,0.517392806864958,418.01686989123294,372.5420302730323,45.47483961820063,20.03697262043588,13.924599585056852,6.112373035379022,NB
frame_e_726.18_726.26,127.44069444853764,0.0,-0.0817340185323507,397.9798368482529,357.5715460576878,40.408290790565104,18.779140323403126,9.498015872983778,9.281124450419348,NB
frame_tER_726.26_726.72,48.84524819894071,0.0,2.369483905523586,417.3536655020374,364.71069832259656,52.64296717944086,25.586889130717893,11.823264888848255,13.763624241869636,TB
frame_nu_726.72_726.8,113.78451228943408,0.57000000000005,-0.5778049101643155,395.6435753841813,356.1880746588328,39.455500725348486,43.962516086761546,25.881958218523906,18.08055786823764,NB
frame_is_727.37_727.44,83.21776040590052,0.0,-0.651041239034161,417.1301015420596,373.89196690088176,43.23813464117785,175.47252452773174,96.48586190411402,78.98666262361772,NB
frame_tu_727.44_727.5,4.538261150134446,0.0,-0.5778049101643155,410.81218657732313,367.6746008764688,43.13758570085429,14.492422966894765,9.16555108840626,5.326871878488504,NB
frame_fi_727.5_727.61,4.966250015678071,0.0,-0.1317372186337325,420.7143988813853,376.9014715760845,43.812927305300775,27.380636868332857,15.899329622889836,11.48130724544302,NB
frame_kow_727.61_727.78,18.35546960403872,0.0,-0.3527502788157231,423.3764682945251,377.8698926492356,45.50657564528956,20.8579703965184,8.612448702316158,12.24552169420224,NB
frame_kla_727.78_728.33,3.420903355070436,0.0,3.3367338036903265,418.18948345692144,361.27200495414536,56.91747850277608,28.78546024924006,9.917944104891149,18.86751614434891,TB
frame_ru_728.33_728.39,119.29271551404054,1.2799999999999727,-0.5778049101643155,392.842811605424,351.1780386279942,41.66477297742972,1.1975311371802064,0.2128278921703668,0.9847032450098396,NB
frame_is_729.67_729.94,4.341434329722716,0.0,0.1279147915657436,423.44876557657614,372.54728185672855,50.90148371984759,34.80283494672878,18.31644087392891,16.486394072799868,NB
frame_tu_729.94_730.0,9.60185634937045,0.0,-0.5778049101643155,422.901501741161,377.86851382302734,45.0329879181337,2.17032040320683,0.8101690435607338,1.360151359646096,NB
frame_na~w~_730.0_730.1,2.879123367725242,0.0,-0.6731964394516654,419.7637946832797,377.5760242146425,42.187770468637154,4.544622819237276,1.4478321408159616,3.096790678421314,NB
frame_E_730.1_730.13,3.341870641656953,0.0,-0.9692516666495018,399.561186319792,357.9357150790382,41.62547124075383,2.160986743920688,0.8076440072287596,1.3533427366919284,NB
frame_sO_730.13_730.38,11.039608913630644,0.0,-0.3737955165754364,419.71641653157513,372.1187107362258,47.59770579534933,30.56174890095932,10.95717853280604,19.60457036815328,NB
frame_ka_730.38_730.46,9.706112282944105,0.0,-0.7979952923166259,421.8119174828106,377.84907154775766,43.96284593505294,20.061974525635605,10.331350622467085,9.73062390316852,NB
frame_rak_730.46_730.65,3.661888706225795,0.0,0.1635696137307398,418.3354381751074,372.7177677130778,45.6176704620296,13.9778376022945,8.802373187780091,5.175464414514408,NB
frame_te_730.65_730.78,89.65285069506928,0.0,0.2064580078532631,420.36812968672655,375.3923053920894,44.97582429463717,194.8874685009732,70.33947818279506,124.54799031817814,NB
frame_ris_730.78_730.91,31.168245635904213,0.0,-0.3913892288332088,410.569585524017,365.7948363597645,44.77474916425257,17.86009850106663,12.736680637065774,5.1234178640008565,NB
frame_tSi_730.91_730.98,37.03144086650613,0.0,-0.651041239034161,401.0718702679377,360.1587554067311,40.91311486120668,18.15274313125317,10.446548943302588,7.706194187950587,NB
frame_ku_730.98_731.06,22.81356661385269,0.0,-0.3204383274687972,408.5248413115622,366.7170611637621,41.80778014780009,30.437260656666496,18.134317929947656,12.30294272671884,NB
frame_dujs_731.06_731.34,21.479596431003245,0.0,-0.1917550361210381,421.6807105367441,370.4107238295518,51.26998670719229,12.471179853717018,4.778878760818941,7.692301092898077,NB
frame_o_731.34_731.49,266.1543439650204,0.0,1.255980813364969,418.3754817517047,375.5996630633173,42.77581868838746,52.633466876860666,24.797502488594887,27.83596438826578,NB
frame_pi_731.49_731.55,48.82252164396701,0.0,-0.651041239034161,399.17989564560025,358.14177427687406,41.0381213687262,24.291788346935878,13.615647000280006,10.676141346655868,NB
frame_E_731.55_731.62,51.11262674514725,0.4900000000000091,-0.576459246393122,402.644610546276,360.7965222123366,41.84808833393936,6.738674832166964,3.992894327438961,2.7457805047280037,NB
frame_ka_732.11_732.19,33.19747763463704,0.0,-0.7979952923166259,420.6327321365473,375.87858959167806,44.75414254486918,7.683352025729249,3.300925560556408,4.382426465172841,NB
frame_rak_732.19_732.28,29.76235114665033,0.0,-0.7979952923177192,407.2107499806102,366.22917870895833,40.98157127165183,5.522743990155732,3.335946430726125,2.186797559429607,NB
frame_te_732.28_732.53,2.202056007622872,0.0,1.7915141529741396,420.6623818243835,374.1123421572406,46.55003966714287,14.81091829045272,6.016042322569518,8.7948759678832,NB
frame_ris_732.53_733.1,63.65176743231285,0.0,1.4261748425631249,420.3246696081086,363.18153979077545,57.14312981733315,157.67384892040016,72.0823458309898,85.59150308941037,NB
frame_tSi_733.1_733.17,99.99106456349628,0.0,-0.5212152339344229,400.28930093149467,359.0993989110018,41.18990202049287,0.3317651612220373,0.182855964493072,0.1489091967289653,NB
frame_ku_733.17_733.23,27.11653576884396,0.0,-0.5778049101643155,394.46171470171765,353.2133723452952,41.24834235642248,12.240258410543731,6.302474000125443,5.937784410418288,NB
frame_dZi_733.23_733.35,56.79267093224867,0.1000000000000227,-0.3913892288332088,413.067152137409,367.4331443047048,45.6340078327043,12.49692759285452,3.970123767837919,8.5268038250166,NB
frame_to_733.45_733.7,166.35614961723485,0.0,1.7922245107605654,423.5744190035472,375.5866449905778,47.9877740129694,87.30272813070405,31.80718876430092,55.495539366403136,NB
frame_du_733.7_733.81,86.61248103776063,0.0,0.0656115465744801,408.2180454900432,365.0199864772552,43.19805901278795,63.98301414428983,30.685385803273107,33.29762834101672,NB
frame_gru_733.81_733.9,160.55767403050524,0.0,-0.5778049101643155,412.2834373590936,368.2262609353344,44.05717642375919,3.225171086579053,1.6395277417375809,1.585643344841472,NB
frame_pu_733.9_734.27,13.12440054113722,1.2000000000000457,3.411377121620605,414.9081931562071,363.4238583361632,51.4843348200439,76.23426533635774,35.70764940832555,40.526615928032186,NB
frame_ki_735.47_736.03,1.1575176301836336,0.7300000000000182,4.67182497005953,420.0787124228618,363.00899750864494,57.06971491421695,29.33534301979037,13.149752956247257,16.185590063543117,NB
frame_te~_736.76_736.89,40.73145118393944,0.0,-0.1258126484478963,424.69940963806255,376.9297913525111,47.76961828555142,7.8794044886332415,1.463468596167985,6.4159358924652565,NB
frame_Ja_736.89_737.12,34.31272604985341,0.0,-0.7018388017129825,415.9278273683581,369.146178709838,46.78164865852017,26.08606157569494,8.8059319237245,17.28012965197044,NB
frame_u~_737.12_737.15,59.97959240850821,0.0,-0.5101718816481261,392.1944411483215,351.562717598984,40.63172354933744,1.903813856520344,1.1124925801642576,0.7913212763560864,NB
frame_ko~_737.15_737.39,5.341330198929597,0.0,0.6410823200132922,421.0953343513256,373.0335602587481,48.06177409257748,29.82892008870178,14.749186281310417,15.079733807391364,NB
frame_sej_737.39_737.79,68.15703285045598,0.0,-0.6581180713052167,413.5528618829437,362.4228711452222,51.12999073772159,25.63665636801163,10.735912062955734,14.900744305055897,NB
frame_tu_737.79_737.87,24.42940041520137,0.1599999999999681,-0.5778049101643155,400.1575351521398,358.09483117989697,42.06270397224284,279.8465358532235,144.78025820602474,135.06627764719872,NB
frame_da_738.03_738.1,24.78875969405867,0.0,-0.7979952923177192,417.3230357175789,373.37165829943416,43.95137741814472,8.82475478197982,4.133579498855127,4.691175283124693,NB
frame_e_738.1_738.2,20.10624037687637,0.0,0.2064580078532631,416.6068290206693,372.4033293521483,44.20349966852092,9.456104971921365,4.187353816692806,5.268751155228557,NB
frame_zis_738.2_738.54,17.974927068165897,0.0,-0.651041239034161,404.4543194055899,355.5219589811909,48.93236042439901,0.6149906291154821,0.2870409967961791,0.3279496323193029,NB
frame_te~_738.54_738.64,16.938258422446182,0.0,-0.4824979919877624,418.6278012740253,374.0542904904537,44.57351078357158,19.37620429870003,11.253013823021234,8.123190475678797,NB
frame_sia_738.64_739.01,18.17434246375916,0.9500000000000456,-0.5212152339344229,406.31840547638353,354.8129310306622,51.50547444572135,5.608237747429229,2.9814209158511176,2.626816831578111,NB
frame_ba_739.96_740.09,8.495087776776984,0.0,-0.3172128392929431,420.8933129549718,375.6654545916265,45.22785836334532,12.987571611514255,4.885803451255811,8.101768160258445,NB
frame_ze_740.09_740.3,19.74641633007729,0.0,-0.8022140844980237,416.8765903631394,369.2341676500608,47.64242271307859,24.24500777070112,8.910975235142104,15.334032535559018,NB
frame_a_740.3_740.45,3.4078173900362003,0.0,0.3558825949413061,414.7719762651757,371.0700761744516,43.701900090724166,17.014416159740705,5.6897195655458574,11.324696594194847,NB
frame_du_740.45_740.51,1.9939062498604017,0.0,-0.5778049101643155,407.1550705235831,365.9207536586167,41.23431686496639,5.410457059265951,1.122312698537229,4.288144360728722,NB
frame_e~j~_740.51_740.57,1.1863298714988844,0.0,-0.839183335526277,404.5812526354992,363.7386670821804,40.84258555331871,17.023299116913165,11.497681036486142,5.525618080427023,NB
frame_mi_740.57_740.9,0.9336353994848708,0.0,1.6858268527626012,416.6049391982258,366.3109643432172,50.29397485500863,31.90738204443977,13.198848406926857,18.708533637512915,NB
frame_tus_740.9_741.18,280.4892692125792,0.0,-0.5778049101628525,416.9470755465472,365.98735472845993,50.959720818087305,5.274823135963459,1.5055533379338613,3.7692697980295975,NB
frame_ow_741.18_741.24,23.53548010609228,0.0,-0.8889939762092871,411.0957493225136,368.9234162897026,42.17233303281097,4.460876902522671,1.8374861785294168,2.623390723993253,NB
frame_se_741.24_741.42,11.658678695979148,0.0,-0.8022140844980237,416.91419856882334,371.0314980668285,45.88270050199486,127.38242326417856,47.19072575684351,80.19169750733505,NB
frame_Za_741.42_741.63,71.52675047336693,0.0,-0.7979952923177192,403.89784555513705,357.9348565468067,45.96298900833034,66.46332726198992,48.33534891872421,18.12797834326572,NB
frame_to_741.63_741.77,35.106834283430004,0.0,0.362241317709029,420.6811867005031,375.7861997558084,44.894986944694665,11.78776363199131,4.648965066875746,7.1387985651155645,NB
frame_du_741.77_741.93,43.37747962125261,0.0,0.7090280033147386,418.34602333968616,372.1002935983596,46.24572974132656,76.1002832351475,47.28640780080906,28.81387543433844,NB
frame_gru_741.93_742.06,1.078891647909586,0.0,-0.063071744773279,415.9223415343914,370.8148271441835,45.10751439020788,5.194369361747164,2.6138125005010693,2.5805568612460945,NB
frame_pu_742.06_742.14,13.15266246419165,0.0,-0.3204383274687972,413.4064137433368,369.68407489741816,43.72233884591861,11.044617661188395,5.204485499641692,5.8401321615467054,NB
frame_u~_742.14_742.17,74.49152592196631,0.0,-0.5101718816481261,397.24202758175295,354.8512561452308,42.39077143652213,24.717027189786904,13.756669342353774,10.96035784743313,NB
frame_ma~_742.17_742.47,294.0112389929344,0.0,1.9040406757653616,414.8499010647636,365.3546609396057,49.49524012515786,521.8839533728604,185.53432956452883,336.3496238083316,NB
frame_nu_742.47_742.6,162.50518377905044,0.0,-0.3204383274673342,411.5859875576454,366.2871630399588,45.29882451768663,26.860074877045463,13.89850771054455,12.961567166500911,NB
frame_pra_742.6_742.79,40.65940846745608,0.0,0.0674131231260032,416.1211721859041,371.0038895327525,45.11728265315162,12.35571212517577,5.489882630516206,6.865829494659565,NB
frame_tSi_742.79_742.89,55.82852573571782,0.0,-0.5212152339344229,402.9706476887963,359.69410316685355,43.27654452194275,40.88475267517998,18.781143726360668,22.103608948819318,NB
frame_ka_742.89_743.01,55.958631513031406,0.0,-0.2210563486882065,407.572597061465,364.23181926304926,43.34077779841573,50.56684118652335,32.803747827084166,17.763093359439182,NB
frame_me~_743.01_743.07,169.40434054818107,0.0,-0.8391833355249253,398.3036222646285,356.3497508275582,41.95387143707035,13.277501821542558,3.2475187524673856,10.029983069075172,NB
frame_tSi_743.07_743.13,,1.5499999999999543,-0.651041239034161,398.3422988407221,356.1796865497319,42.162612290990126,,,,TB
frame_majs_744.68_744.86,23.23638411091665,0.0,-0.7018388017129825,423.5046775492026,374.8379038616261,48.666773687576494,12.356666981512715,5.563226818445173,6.793440163067544,NB
frame_aw_744.86_745.08,9.66368507268561,0.0,-0.1248998580834699,421.98205162210655,375.2505941791903,46.73145744291628,118.1108440839167,93.7952352863042,24.315608797612494,NB
frame_gu~s_745.08_746.18,48.4855484563349,0.0,0.0696272316461673,415.0528615601799,342.3024518446971,72.75040971548282,54.34026692871697,16.69917293858728,37.64109399012969,NB
frame_po~j~_746.18_746.57,0.6975420082704602,0.0,-0.6584676032690213,423.15505240998266,370.1508191502736,53.00423325970911,9.700719281831994,5.061742714924037,4.638976566907957,NB
frame_m_746.57_746.6,5.138725369029345,0.0,0.0,406.4244094635684,363.8815855036997,42.54282395986871,16.450577003877555,7.024263521962382,9.426313481915171,NB
frame_e~_746.6_746.81,26.858806397445903,0.0,1.3009287257061617,416.08134619016136,368.89985925904506,47.1814869311163,131.40142528890374,51.30840569839421,80.09301959050953,NB
frame_fa_746.81_747.21,75.7724864299848,0.0,0.836665047964989,413.72106915395335,360.8756545005298,52.84541465342352,58.7560924693608,26.44149003181623,32.314602437544565,NB
frame_zi_747.21_747.47,120.0537491449196,0.9900000000000092,-0.521215233932947,404.4805359477742,355.62035783117096,48.86017811660321,46.61816288911317,33.34265155376383,13.275511335349345,NB
frame_nes_748.46_748.77,1.7404919540772994,0.0,-0.0817340185323507,420.8434043273133,372.0030859460011,48.84031838131216,43.9914091358219,11.373271641761846,32.61813749406005,NB
frame_tSi_748.77_749.06,4.642765720257131,0.0,2.20513087316303,421.84845595759856,373.1464768819477,48.70197907565091,220.4464441124604,174.86778534560258,45.57865876685781,NB
frame_e_749.06_749.09,83.40042624065995,0.0,-0.8022140844963855,389.7058197675366,349.516409389602,40.18941037793456,7.5797099931932195,4.784202002375821,2.7955079908173985,NB
frame_tER_749.09_749.41,19.40760578661528,0.0,0.8965123295652322,424.7704929248621,373.5425158737262,51.22797705113584,37.49395942637688,12.887051218343116,24.60690820803376,NB
frame_nu_749.41_749.57,52.06688495423677,0.3199999999999363,-0.5778049101628525,411.5607161231129,366.5501051429086,45.01061098020432,91.44543410148565,35.918537998476495,55.52689610300915,NB
frame_pre_749.89_750.14,5.047194096565477,0.0,0.6387460474316841,424.4984542786733,375.2972896774626,49.20116460121068,33.56910216927338,12.205599807184996,21.363502362088383,NB
frame_ze~_750.14_750.68,48.53558781046226,0.0,2.608774985348733,418.0055823322931,362.8232814212362,55.18230091105687,87.81371250686223,32.682242500471006,55.131470006391226,NB
frame_tSi_750.68_750.94,59.80923675616428,1.1299999999999957,0.3875668017652199,410.43757383322674,361.4453148453267,48.992258987900016,14.705426117600396,5.750399729156769,8.955026388443628,NB
frame_e~j~_752.07_752.41,20.01775163544721,0.0,0.5875580386291327,421.6462078239822,371.4639786909297,50.18222913305243,31.98803199394868,13.909671374545267,18.07836061940341,NB
frame_ki_752.41_752.91,41.47771923036035,0.7599999999999909,4.541998964959792,422.2438757166741,367.6445399968388,54.59933571983527,234.09710646547575,92.6150170383146,141.48208942716118,NB
frame_a_753.67_753.93,27.438314672580503,0.0,1.4136039915934089,421.7539381633249,372.712021776301,49.041916387023775,2.210771555893928,1.119907955580743,1.0908636003131846,NB
frame_foX_753.93_754.26,26.801397720094087,0.0,1.255980813364969,421.671266267555,370.1478480759585,51.52341819159653,83.18218171267984,26.935149964556015,56.24703174812382,NB
frame_sas_754.26_754.61,42.1525406452721,0.0,0.0,417.16755703833655,364.7079937826143,52.45956325572229,16.673222050399232,10.047385116670029,6.625836933729204,NB
frame_o_754.61_755.42,88.13389902647978,0.0,-0.7979952923177192,422.1343527641863,356.42733380792447,65.70701895626178,121.99874993117422,56.002360382549085,65.99638954862513,NB
frame_kuw_755.42_755.84,31.237333815293734,0.0,3.411377121619142,419.0230270521021,365.8149078064235,53.20811924567863,63.59910815267645,18.38762563145457,45.21148252122188,NB
frame_tas_755.84_756.07,17.955910566087255,0.0,-0.5095258205024162,420.0853617778528,374.7949704295849,45.29039134826797,28.59855177030377,14.467096948984391,14.13145482131938,NB
frame_ki_756.07_756.25,36.52313145406387,0.0,0.7770448170644343,409.8369980765201,364.2151716327306,45.62182644378953,54.23192731037989,25.74436610795803,28.48756120242186,NB
frame_dZi_756.25_756.38,10.554438203959194,0.0,-0.0019112135339944,423.3284919767755,378.1107270590909,45.21776491768463,21.178249228977503,8.155509525184527,13.02273970379298,NB
frame_Re_756.38_756.67,43.58754083833904,0.0,1.3592261133957189,412.9253001144496,366.1320468379788,46.79325327647075,189.4050818655749,103.72175003688112,85.68333182869381,NB
frame_pe~_756.67_756.8,0.1749406002986404,0.0,-0.0069175339364098,418.5452647523997,375.4939184967412,43.05134625565853,28.74269568534288,13.341473686698436,15.401221998644443,NB
frame_tSi_756.8_756.88,4.9386456394067295,0.0,-0.3913892288346848,407.28790114163246,364.5414532130303,42.74644792860215,10.277130382338498,4.200733828653227,6.076396553685271,NB
frame_si_756.88_757.12,5.286273665226673,0.0,-0.651041239034161,410.99837474982087,364.3409211839661,46.65745356585478,97.1454980754371,71.39226719075248,25.753230884684623,NB
frame_ma_757.12_757.22,3.272519756939261,0.0,-0.4133693298976796,419.53314930864326,377.1999677320852,42.33318157655805,15.257615449627878,4.894330949542564,10.363284500085314,NB
frame_ni_757.22_757.3,7.178397292074095,0.0,-0.651041239034161,414.5111259351182,370.54545255724383,43.96567337787434,4.997154000241636,4.004319440343124,0.9928345598985118,NB
frame_fes_757.3_757.66,181.4709841379071,0.0,0.6387460474316841,418.4728795829972,366.9819448997665,51.49093468323071,432.78209442064406,179.00180079738465,253.78029362325935,NB
frame_ta~w~_757.66_757.77,116.70613751432006,1.2200000000000273,-0.8088404981487594,409.0161548233792,365.00825213248606,44.00790269089316,32.28569446912647,14.216435664443992,18.06925880468248,TB
frame_ko~_758.99_759.13,12.202063653083286,0.0,-0.3585714671260748,424.2125322303899,377.3055751406242,46.90695708976574,18.631823038167997,4.430070775821747,14.201752262346249,NB
frame_mu_759.13_759.32,12.334949479956263,0.0,0.8377112946639607,420.423124065945,373.7970421442986,46.626081921646346,13.793861466655244,6.045357190441735,7.748504276213509,NB
frame_dZijs_759.32_760.25,16.797164790045315,0.8799999999999955,0.3875668017652199,417.7270472652854,349.91127661305893,67.81577065222649,29.37442848826167,10.692365047427302,18.68206344083437,NB
frame_an_761.13_761.49,7.450853697704417,0.0,1.9905429352229207,420.7898432318996,369.69708233307824,51.09276089882138,517.3493105387558,369.0039757789784,148.34533475977742,NB
frame_woXf_761.49_761.62,333.14222670173035,2.3700000000000045,-0.8889939762113193,416.8710854689562,370.7904496144177,46.080635854538514,12.251530381816792,5.222964291904532,7.02856608991226,NB
frame_na~w~_763.99_764.13,21.54768640606261,0.0,-0.5375523807561136,423.57724739989226,376.67571350914886,46.90153389074334,26.47321653352091,7.913069137056084,18.560147396464828,NB
frame_si_764.13_764.39,25.379089920640496,0.0,-0.651041239034161,416.2363499902633,369.0117344477254,47.22461554253783,9.428072871036475,5.098223401912378,4.329849469124099,NB
frame_po_764.39_764.68,39.04454800653281,0.0,2.8647119055456614,423.483616144238,373.7909157174799,49.69270042675811,13.936659491508436,7.5053691145609776,6.431290376947459,NB
frame_dZi_764.68_764.74,115.4976482093572,0.0,-0.651041239034161,402.8090534022489,361.8634716932336,40.94558170901525,0.9023245012350998,0.4835111052984757,0.418813395936624,NB
frame_dZi_764.74_764.83,30.7508292557026,0.0,-0.3913892288332088,413.8692242221015,369.4744693480824,44.3947548740191,11.206322012893594,5.046816973552637,6.1595050393409565,NB
frame_zeX_764.83_765.34,17.316758947746337,0.0,2.079706179359753,420.7046741804869,365.1862894665404,55.51838471394649,76.59832321501602,19.89589778428393,56.70242543073209,NB
frame_ki_765.34_765.42,23.759441959523343,0.0,-0.5212152339344229,419.9441451662153,375.887032837602,44.0571123286133,5.673247055522751,2.918359828820627,2.754887226702124,NB
frame_ajs_765.42_765.67,31.93716246495694,0.0,-0.7018388017118894,414.60930564361104,366.3518093793594,48.25749626425164,7.381716049721177,3.150010023659121,4.2317060260620565,NB
frame_koj_765.67_765.84,19.660184330885272,0.0,0.1834934185758088,421.5896944817218,374.8412998973604,46.74839458436139,19.96868052599837,6.806535241869625,13.16214528412874,NB
frame_zas_765.84_766.28,46.48670794895855,0.0,-0.7018388017129825,415.6254373230399,362.817563369624,52.80787395341588,69.85351175895717,28.574353448162128,41.27915831079504,NB
frame_va~w~_766.28_766.6,10.538795855164864,0.0,0.4119560301127493,422.87995687515695,371.3255417014373,51.55441517371963,46.74747880947933,13.3961017549679,33.35137705451143,NB
frame_a_766.6_766.74,0.5779728576909235,0.0,0.2597261043354764,407.1068770627985,363.6133102797709,43.49356678302763,27.480979584332573,7.387413881002033,20.09356570333054,NB
frame_ko~_766.74_766.92,53.830631241933645,0.0,0.1412554264436087,412.6918204064369,366.79357458280697,45.89824582362996,14.849749936888998,8.973473582268838,5.87627635462016,NB
frame_te_766.92_767.07,68.24110378880879,0.0,-0.0817340185323507,413.2623555283901,369.9668223421589,43.29553318623124,31.23199606774388,14.881500723446422,16.350495344297457,NB
frame_seX_767.07_767.7,111.9164980635646,0.4499999999999318,-0.8022140844980237,406.2626741399352,348.3552346865408,57.907439453394375,2.573666878434423,1.243940907479299,1.329725970955124,NB
frame_ki_768.15_768.23,12.246097568868237,0.0,-0.651041239034161,418.42889958244353,374.7476207615926,43.681278820850935,4.705610598365979,2.853089464388546,1.852521133977433,NB
frame_E_768.23_768.26,5.625216503605316,0.0,-0.9692516666495018,407.5627089983714,364.972321547049,42.59038745132239,6.690122646833004,4.674930210686654,2.01519243614635,NB
frame_las_768.26_768.46,5.061076376828225,0.0,-0.3172128392929431,422.2442554714045,374.1377756363616,48.10647983504293,12.603850715241208,8.880577583124875,3.723273132116333,NB
frame_a_768.46_768.63,2.220511771960957,0.0,0.5481955761496861,416.4153480250605,370.3114736559353,46.10387436912515,5.542927637745322,3.08990632819058,2.4530213095547424,NB
frame_ko~_768.63_768.81,0.8928284508502315,0.0,0.1412554264436087,417.2536518834668,371.5837664973863,45.66988538608052,7.481859571640342,5.488799481058265,1.9930600905820768,NB
frame_te_768.81_768.96,15.51566828488984,0.0,0.2064580078532631,411.8435612969486,369.9990071435407,41.84455415340796,26.760496173517552,18.912653616077307,7.847842557440245,NB
frame_se_768.96_769.42,5.030177266185291,0.0,-0.0817340185339889,418.04401010935953,362.9614408084975,55.08256930086208,29.849988777596792,13.23188848750209,16.618100290094702,NB
frame_ra~w~_769.42_769.55,12.210923719001189,1.1100000000000136,-0.8088404981487594,412.75605082007513,367.94017664703534,44.81587417303979,9.005210588209565,4.453573974667108,4.551636613542456,NB
frame_ow_770.66_770.79,19.80678534214431,0.0,-0.8889939762092871,414.5851736206384,370.1892681609668,44.39590545967173,6.237659083457302,3.1932118816228865,3.044447201834416,NB
frame_ki_770.79_770.88,11.853175499061166,0.0,-0.5212152339344229,422.9365919589496,377.2181152808388,45.71847667811085,7.587111109200293,3.3024863820901373,4.284624727110156,NB
frame_E_770.88_770.91,3.428829887122049,0.0,-0.9692516666495018,408.9970329648283,366.1523220028884,42.84471096193988,2.8283500412282194,1.238510100665053,1.5898399405631665,NB
frame_las_770.91_771.11,47.27859595515014,0.0,-0.605682311108246,419.7175475280008,371.7758257929968,47.941721735003966,303.5559640327589,252.67353365664988,50.882430376109,NB
frame_a_771.11_771.28,0.4977931871844419,0.0,0.5481955761496861,414.1941726537895,368.62121008701786,45.5729625667716,4.474605254036476,2.470755985946681,2.0038492680897946,NB
frame_ko~_771.28_771.62,5.064644303483817,0.0,1.740701485868869,416.0232565166143,365.8187147165189,50.20454180009534,14.738371084346111,10.4892545909606,4.249116493385515,NB
frame_te_771.62_771.83,5.199176303905546,0.0,0.6387460474316841,418.5426774060186,371.0680471899188,47.4746302160998,7.326544429072015,3.5766676879606507,3.7498767411113647,NB
frame_se~j~_771.83_772.27,39.54209853109488,0.1700000000000727,-0.839183335526277,405.98482012435977,353.25832420467606,52.726495919683714,76.92706281085198,46.9657642094062,29.961298601445776,NB
frame_a_772.44_772.47,290.7295064660846,0.0,-0.7979952923177192,393.6040842735876,352.7573201283158,40.84676414527172,78.5386627070767,24.11529840176047,54.42336430531623,NB
frame_gO_772.47_772.64,375.6981940750487,0.0,-0.1536714901478375,406.5306400431895,360.7592791931749,45.77136085001467,31.89251253958298,13.327527521815568,18.564985017767413,NB
frame_ra_772.64_772.71,93.16975947895736,0.0,-0.7979952923166259,409.0767110984896,365.0884762476095,43.98823485088008,34.73186907943128,13.273822889391354,21.458046190039923,TB
frame_ajs_772.71_772.92,164.86612265436918,0.0,-0.7979952923177192,406.9833746961287,360.2617873532752,46.721587342853525,10.63983151937989,5.725986776248668,4.9138447431312215,NB
frame_koj_772.92_773.06,53.85743208104347,0.0,-0.3527502788177552,422.8976561948464,376.1961312322277,46.70152496261869,12.20084325465254,5.196894840426978,7.003948414225562,NB
frame_zas_773.06_773.26,68.92337092554604,0.0,-0.605682311108246,416.2783837638127,369.8906519056708,46.38773185814188,22.91105336667158,15.648219226116112,7.262834140555469,NB
frame_se~_773.26_773.5,50.00789381592779,0.0,0.11197758057778,416.71941201780265,370.1188153777366,46.60059664006605,12.763704388086351,5.344679668729725,7.419024719356628,NB
frame_pri_773.5_773.64,72.40038564170652,0.3999999999999772,-0.0019112135339944,403.9235167214956,364.073494581733,39.85002213976259,10.497006346223117,5.605197422912482,4.891808923310634,NB
frame_si_774.04_774.67,12.984117943354022,0.0,2.20513087316303,420.9563204715438,362.0057802434656,58.95054022807824,179.65286071778277,65.81287189927286,113.83998881850992,NB
frame_e_774.67_774.7,246.00391726126588,0.0,-0.8022140844963855,395.5921507427863,353.9847715040023,41.60737923878395,17.072925564691786,9.07927607964308,7.993649485048706,NB
frame_ve~_774.7_775.11,29.015000628877004,0.0,2.4898798708372465,417.745453022953,366.7828308512524,50.96262217170056,122.71542658777916,51.3696583523313,71.34576823544785,NB
frame_tu_775.11_775.6,19.96775042844112,0.0,4.569526743751901,423.1957057132437,365.60262852443714,57.5930771888066,346.37447555611885,240.5041799635051,105.87029559261374,NB
frame_a~w~_775.6_775.78,61.58059298176143,0.2200000000000272,-0.2662642633665519,417.3002835176256,370.98749420848833,46.31278930913732,13.378049828368916,8.039410926974,5.338638901394916,NB
frame_le~bra~si_776.0_776.75,42.37086715020656,0.0,1.6576140692460275,421.43667065306704,359.24268817742666,62.19398247564044,125.41173345182906,64.84670891698666,60.56502453484241,NB
frame_dZi_776.75_776.85,58.57670735122127,0.0,-0.2615632237334707,418.8461807452492,375.0615519408302,43.78462880441896,22.86066677154207,9.385911584325129,13.474755187216942,NB
frame_su_776.85_777.28,21.154575028614403,0.5099999999999909,-0.5778049101643155,406.1536453387628,353.92977163837475,52.22387370038808,184.5203215000068,88.41617415448022,96.10414734552656,TB
frame_ew_777.79_777.89,17.783943158621838,0.0,-0.5140220581107716,422.6595537432051,378.60184869734775,44.05770504585735,6.084746453390409,3.0602990659025977,3.024447387487811,NB
frame_pro_777.89_778.08,40.88711215570427,0.0,0.7197371159714051,422.5964422888918,375.43651453678126,47.15992775211055,5.672745492128229,2.74397276942517,2.9287727227030587,NB
frame_ku_778.08_778.17,23.146562054854,0.0,-0.1917550361210381,426.7658423552773,380.8223505547161,45.94349180056128,14.722933576926408,7.443986129998251,7.278947446928157,NB
frame_rej_778.17_778.43,17.019629440741483,0.0,-0.0817340185339889,422.6398654211571,374.1276003950625,48.51226502609461,36.075478394223154,12.317880760268622,23.75759763395453,NB
frame_nu_778.43_778.51,225.4859406274884,0.0,-0.5778049101643155,406.3924023563905,363.8604250374567,42.53197731893374,5.744317828036003,3.393028442258128,2.351289385777875,NB
frame_pe_778.51_778.6,197.51500836211792,0.0,-0.3699260449179646,403.6042089175538,359.88853945127005,43.71566946628377,42.1825899160753,16.3480477103501,25.8345422057252,NB
frame_ke~_778.6_778.73,0.2797007315895712,0.0,-0.2447077629607344,420.42030986929615,376.4508525819339,43.96945728736228,8.026721320800817,2.319404176443811,5.707317144357006,NB
frame_nu_778.73_778.8,13.710202078328024,0.0,-0.4491216188165563,413.9968798507584,371.4224728715034,42.57440697925506,7.176189555048694,3.5326392036998584,3.643550351348836,NB
frame_dZi_778.8_778.86,0.917467834281524,0.0,-0.651041239034161,407.3735670225826,364.9128948673615,42.46067215522106,1.7067740281058263,0.7027144381377184,1.004059589968108,NB
frame_si_778.86_779.04,31.20128336514261,0.0,-0.5212152339344229,422.3840388694973,374.6997179553865,47.6843209141108,12.835880170794267,6.823921580243422,6.011958590550847,NB
frame_o_779.04_779.09,386.3454240098616,0.0,-0.5314981779469111,413.6908402124932,372.6414054645753,41.049434747917815,60.36432439965745,40.20026674652922,20.164057653128225,NB
frame_na_779.09_779.55,2.274160965189168,0.0,2.663638369456077,417.21203118152425,363.2714076870469,53.94062349447739,278.43657584127243,207.14203120110847,71.29454464016399,NB
frame_riu_779.55_779.66,117.57973528351836,0.1700000000000727,-0.651041239034161,400.51581554575415,359.23006104487376,41.28575450088039,11.053598515891885,6.859719539092389,4.193878976799496,NB
frame_da_779.83_779.92,41.16488929826555,0.0,-0.605682311108246,416.1332395321758,373.7712763517944,42.3619631803814,5.817481935993257,4.170929987400243,1.6465519485930145,NB
frame_li~_779.92_780.05,6.348021214224502,0.0,-0.5364819007322623,423.45768921039513,376.8101752135733,46.64751399682183,28.668714508836278,6.633350887405072,22.0353636214312,NB
frame_gwa_780.05_780.2,7.945824879451294,0.0,-0.3172128392929431,420.57625907851775,376.32733943883954,44.248919639678206,12.497333900693263,3.4452257579109187,9.052108142782345,NB
frame_poX_780.2_780.34,26.70203851709485,0.0,-0.5314981779489433,412.4636322423332,370.3921927212555,42.07143952107765,11.101471601498858,5.629547694392215,5.471923907106643,NB
frame_tu_780.34_780.46,37.702724879163824,0.0,0.1942948379237021,415.5439555639308,370.5593275088535,44.98462805507734,9.993429513217052,3.918577194680097,6.074852318536955,NB
frame_ge_780.46_780.69,45.78942987888831,0.0,1.071034087011743,420.04378296868776,373.1828688174903,46.86091415119751,277.3418726798459,192.14985486874264,85.19201781110323,NB
frame_za_780.69_780.86,46.97814022369492,0.0,-0.0287433674787333,416.3943447382475,370.189103247641,46.20524149060651,113.51961190086168,83.51138835262559,30.008223548236103,NB
frame_i_780.86_781.01,21.1792948028062,0.0,0.9068708221641724,416.3656424409504,370.9687088730428,45.39693356790764,8.645680499949748,3.3091758152382056,5.336504684711542,NB
frame_na~w~_781.01_781.13,5.8983238428759535,0.0,-0.5375523807561136,422.5804454130983,376.5703663047074,46.01007910839087,11.906385752283228,5.032181665725574,6.874204086557654,NB
frame_e~_781.13_781.16,334.9694699538044,0.0,-0.839183335526277,400.24850966890097,358.35669723370387,41.891812435197096,8.170142004954414,4.210736314317671,3.959405690636743,NB
frame_ko~_781.16_781.22,7.847259928029331,0.0,-1.0583291181247685,402.51187528917626,361.9466985382225,40.56517675095381,2.563495138761425,0.8394803075171069,1.7240148312443182,NB
frame_trej_781.22_781.41,22.764950464468967,0.0,0.2064580078532631,421.1994936288561,374.2711406518255,46.92835297703061,18.729676928676497,6.381777217551274,12.347899711125224,NB
frame_a_781.41_781.44,29.683561911274467,0.0,-0.7979952923166259,394.9699026013951,353.36045349844323,41.60944910295194,11.541082486712469,7.97970337075094,3.561379115961529,NB
frame_pa_781.44_781.53,457.8955127057817,0.0,-0.5095258205035094,418.6850338667998,374.315857420289,44.36917644651078,78.51239289432863,26.73999844441812,51.77239444991051,NB
frame_la_781.53_781.71,3.746346291215275,0.0,-0.0287433674787333,417.2851173699793,370.7118178170047,46.57329955297456,20.178791252883457,9.80985607560865,10.368935177274809,NB
frame_vra_781.71_781.81,0.624577251415559,0.0,-0.7979952923177192,414.1647991693383,370.9874478570554,43.17735131228295,7.412736085596521,2.6226067804323634,4.790129305164157,NB
frame_e_781.81_781.9,1.350163354182996,0.0,0.0623619946604562,415.4764746632951,371.44116250302784,44.03531216026727,8.990822128433166,3.9083960142703233,5.082426114162843,NB
frame_ve~_781.9_782.11,9.746207146500268,0.0,0.7064531531419708,418.5507244516392,370.69009133060536,47.86063312103386,6.720507418674913,2.82157669795788,3.8989307207170327,NB
frame_tu_782.11_782.19,10.607022033172314,0.0,-0.3204383274673342,411.8647447221202,368.2433297934399,43.62141492868028,44.02831696506178,23.63008030764888,20.39823665741289,NB
frame_aX_782.19_782.48,541.7416573616741,2.230000000000018,-0.2210563486892997,414.07158142208266,367.0025852144682,47.06899620761442,89.64741993284588,41.62429800673692,48.02312192610896,TB
frame_i_784.71_784.98,32.63889917401161,0.0,2.464782883362506,422.2294403847769,371.2707905452755,50.95864983950145,24.273116852030853,8.461824073236386,15.811292778794469,NB
frame_e~j~_784.98_785.04,14.388994882160972,0.0,-0.839183335526277,408.0398831873949,366.2177449130892,41.82213827430565,11.11758502640228,7.548922511291892,3.5686625151103897,NB
frame_i~g_785.04_785.1,4.22278458462975,0.0,-0.9029056157660696,417.3668763716291,374.18887992200985,43.17799644961923,2.4888478012517794,1.4716380109064175,1.017209790345362,NB
frame_lejs_785.1_785.41,39.99572182714988,0.0,0.6387460474316841,423.8285969939183,372.73613915409385,51.09245783982442,47.87674681830768,14.004298926895444,33.87244789141224,NB
frame_E_785.41_785.52,32.83879191361086,0.0,-0.1836668261378586,412.01302624401103,368.3178818173173,43.69514442669373,7.497454851230657,4.321592354845677,3.17586249638498,NB
frame_pa_785.52_785.63,10.802856601337623,0.0,-0.3172128392929431,418.1793005659096,374.1584482599835,44.02085230592604,36.277841139508894,25.12487597296456,11.152965166544334,NB
frame_la_785.63_785.8,3.151634443610192,0.0,-0.0287433674798265,419.4762181386776,372.9712948839794,46.50492325469821,10.471179713266563,5.748195408607387,4.722984304659178,NB
frame_vra_785.8_786.01,4.178068923806734,0.0,0.0674131231260032,417.0448092388325,369.3374485009127,47.70736073791977,20.00696763366028,8.692858926893791,11.31410870676649,NB
frame_Ra_786.01_786.41,19.600310012070764,0.0,1.7982299540123547,416.6166426666626,363.1956821299184,53.420960536744246,19.987726213676225,6.5406899328481245,13.4470362808281,NB
frame_ru_786.41_786.47,48.79458675122686,0.0,-0.5778049101643155,415.0864612786326,371.0687501909275,44.017711087705095,2.665515256778733,1.1643757886260744,1.5011394681526582,NB
frame_ew_786.47_786.56,49.94947224455348,0.0,-0.3699260449196028,408.542183369829,364.88163707283934,43.66054629698965,4.889699562548543,2.888364068177836,2.001335494370707,NB
frame_vi_786.56_786.7,16.034222289862043,0.0,-0.521215233932947,415.7339239243138,370.36842219417457,45.36550173013927,14.256169291066612,6.109239271119833,8.14693001994678,NB
frame_la_786.7_787.02,101.50845429721754,0.0,1.028978029174462,414.6846488385082,365.0862706585901,49.598378179918086,4.884223351588062,3.3299593939117003,1.554263957676362,NB
frame_teR_787.02_787.25,1.873408595075091,0.0,0.926938073817298,421.4064987130066,373.7032789796145,47.70321973339213,10.994853825223572,6.319006205437546,4.675847619786026,NB
frame_mu_787.25_787.41,27.58238999868448,0.0,0.7090280033147386,411.8379690386308,366.6828403045538,45.15512873407698,21.476876460190127,8.929798651894288,12.54707780829584,NB
frame_Ra_787.41_787.96,16.904463523571366,0.0,3.625203275504536,417.1510738854788,359.64033276309414,57.51074112238467,96.22166741803032,69.96291046224036,26.25875695578995,TB
frame_ru_787.96_788.03,36.3980058560841,1.9400000000000543,-0.5778049101643155,419.0829129302813,376.036305389765,43.046607540516334,1.16325783252654,0.7483054140752756,0.4149524184512643,NB
frame_majs_789.97_790.49,32.999528424554455,0.0,-0.3172128392929431,424.4222119470834,365.1244110448346,59.29780090224875,56.77720658239788,25.143005406368417,31.634201176029464,NB
frame_e_790.49_790.55,3.9857559513207543,0.0,-0.3699260449196028,421.43446730148577,378.4005677159726,43.033899585513154,7.459832223994937,2.7607979918733463,4.699034232121591,NB
frame_li_790.55_790.71,3.730152263565429,0.0,0.6472188119646962,415.2283205783543,369.93639558686976,45.29192499148451,9.4953354023977,4.708766292565059,4.786569109832641,NB
frame_dZijs_790.71_791.12,58.48416039859667,0.0,-0.651041239034161,414.3514241598573,360.9435775063101,53.40784665354721,9.7160418795972,2.5751654969489977,7.140876382648202,NB
frame_pa_791.12_791.23,20.4837214007095,0.0,-0.3172128392929431,422.4855379916144,376.86582329550646,45.61971469610796,6.705384275652563,4.248439642295722,2.4569446333568408,NB
frame_ra_791.23_791.51,43.44632723055361,0.0,1.2212910103839354,419.4219788608547,372.2580456290421,47.16393323181268,21.936875675585668,17.63703192281187,4.299843752773796,NB
frame_u_791.51_791.54,6.820183636566668,0.0,-0.5778049101643155,409.1785033262356,366.4103256800415,42.76817764619409,8.695168350047425,3.9443720441253447,4.75079630592208,NB
frame_o_791.54_791.77,170.9298512209463,0.0,2.6859640064165053,420.87621880186106,373.7448068112,47.13141199066109,263.4522946571228,117.1930032101178,146.25929144700495,NB
frame_pi_791.77_791.83,111.82544259608932,1.0,-0.6510412390326851,400.2690506846092,359.4107686643508,40.85828202025834,9.577871340010644,5.646621285452575,3.9312500545580704,NB
frame_a_792.83_793.03,63.40346287443885,0.0,0.8366650479638958,421.0935866377596,373.590230452745,47.503356185014525,17.112205093718245,3.264553206113192,13.847651887605052,NB
frame_koj_793.03_793.25,20.16123338298829,0.0,0.1834934185758088,422.11669283849375,376.36717345864207,45.74951937985168,296.46545503229754,199.64561171661,96.81984331568754,NB
frame_za_793.25_793.52,148.52728652476634,1.4800000000000182,0.2597261043354764,415.85147351386775,367.8352169856595,48.01625652820826,366.5794604635428,138.51377292157042,228.06568754197235,NB
frame_na~w~_795.0_795.24,29.85502304859824,0.0,-0.130620204669458,421.7207087126288,374.4792971416501,47.24141157097876,22.5442305655111,6.522340760481001,16.0218898050301,NB
frame_suR_795.24_795.81,64.12009451679884,0.0,-0.4491216188165563,421.4847172079262,362.8330134640706,58.65170374385565,77.32752798642801,34.262193836012585,43.065334150415424,NB
frame_Zi_795.81_796.09,21.58350301203632,0.0,-0.2615632237334707,418.7259618929187,370.728490073379,47.99747181953967,10.733912720519555,4.780123511734672,5.953789208784883,NB
frame_a_796.09_796.16,23.260735611901737,0.0,-0.4133693298987728,419.98557330673344,375.9643953893603,44.021177917373166,4.525446011557477,2.110666168655684,2.414779842901794,NB
frame_e_796.16_796.34,34.04616098335461,0.0,1.3592261133973569,421.578541980639,375.2357809426318,46.34276103800721,12.461864727537488,4.365712059167208,8.09615266837028,NB
frame_zis_796.34_796.84,12.75424742059647,0.0,-0.651041239034161,422.96344449599445,364.53781568520895,58.4256288107855,46.14610716361193,22.47381872558429,23.672288438027635,NB
frame_te~_796.84_796.99,15.161546888225075,0.0,0.2308726950906181,414.7014008993089,369.1479995653742,45.55340133393469,129.65596757803607,73.75375743882498,55.90221013921109,NB
frame_sia_796.99_797.37,36.63630241284608,0.0,0.3875668017652199,419.181632109954,368.0068981815044,51.17473392844949,15.515506374630547,6.832283072821724,8.683223301808823,NB
frame_poX_797.37_797.54,30.023361513241184,0.0,0.5409892168402171,421.8233233259911,376.2557464608869,45.56757686510412,16.22611141822219,5.947672198633342,10.278439219588847,NB
frame_ki_797.54_797.66,22.750694076933456,0.0,-0.1317372186352085,422.0016897983882,376.5607953982033,45.4408944001849,17.685545838307377,7.976152776200195,9.709393062107182,NB
frame_ow_797.66_797.72,8.591558347605002,0.0,-0.8889939762092871,420.333771199751,376.5874578839798,43.7463133157712,8.982830392624493,3.645802384593395,5.337028008031098,NB
frame_vi_797.72_797.78,253.79557402863367,0.0,-0.651041239034161,425.37953414748256,381.11057399175326,44.2689601557293,64.67343383778262,30.981147759448675,33.69228607833395,NB
frame_u~_797.78_798.13,54.08115128578609,0.0,0.917025935691946,414.0086447236432,364.24268129469823,49.76596342894493,61.34857959563252,25.265447254207487,36.08313234142503,NB
frame_pa_798.13_798.34,122.7644439332401,0.0,0.4520390855460426,420.5199289748327,374.061058037683,46.4588709371497,476.6167817848583,364.7928048401463,111.82397694471204,NB
frame_sa_798.34_798.78,10.306993952399324,0.0,0.9328215385686324,419.9350695073012,365.88509395149225,54.04997555580894,55.495955723469365,29.171266056190262,26.324689667279102,NB
frame_du_798.78_798.91,13.161547559157384,0.0,0.3229781292714613,413.1658351358631,368.4228206275425,44.74301450832064,5.290530861779217,2.55325277912803,2.737278082651187,NB
frame_ki_798.91_798.99,9.14651293274403,0.0,-0.5212152339344229,410.85273925596255,369.0015194050752,41.85121985088733,18.04452788082881,10.246496864932196,7.798031015896612,NB
frame_le_798.99_799.19,46.27215943785584,0.0,0.926938073818936,418.0907874810367,371.87172472557705,46.21906275545968,87.49488957092846,24.576648994431167,62.9182405764973,NB
frame_vow_799.19_799.4,49.51723577033869,0.0,0.898485015102593,419.69733396130016,371.7272264934106,47.970107467889534,11.910232625529176,4.900352768595866,7.00987985693331,NB
frame_a_799.4_799.43,50.18783442711663,0.0,-0.7979952923177192,396.5646844291724,354.97238967239383,41.592294756778585,4.112368856487592,1.938098033515871,2.174270822971721,NB
frame_seX_799.43_799.71,51.94565594211403,0.0,0.4946500342388771,416.7690815743185,367.6001323586331,49.168949215685416,7.076427798529494,1.924062048943142,5.152365749586352,NB
frame_tas_799.71_800.2,42.65323641364853,0.7400000000000091,-0.3172128392929431,413.52875246084056,358.5727920168306,54.955960444009975,217.6309718587716,125.97863329014058,91.65233856863102,NB
frame_a_800.94_801.11,111.1853074150161,0.0,0.5481955761496861,419.6039827757001,372.1197665782578,47.484216197442265,0.7688828897871716,0.4676089398132603,0.3012739499739112,NB
frame_a_801.11_801.22,110.16989195932692,0.0,-0.0287433674787333,414.6991706330963,373.4879940233944,41.21117660970191,10.48517509944611,6.737797096949919,3.747378002496191,NB
frame_so~j~s_801.22_801.46,7.003977620054485,0.0,0.0,421.6356110927304,372.8245389903139,48.81107210241652,20.20344939583944,12.16917268192958,8.034276713909861,NB
frame_de_801.46_801.86,0.5895248655590137,0.0,-0.6584676032690213,420.6277906227574,368.065314678807,52.56247594395046,85.23328814384537,29.10081935943288,56.132468784412495,NB
frame_teR_801.86_802.03,36.61144120101429,0.0,-0.2258300317251576,417.72309215673465,371.6680945394496,46.05499761728504,117.86159940862544,85.4375539620714,32.42404544655405,NB
frame_mi~_802.03_802.14,34.3358368956028,0.0,-0.5364819007322623,408.57930263415216,363.73408828308834,44.84521435106382,20.87242709514385,12.733976504869505,8.138450590274346,NB
frame_na_802.14_802.4,40.468596351092685,0.0,1.028978029174462,416.8126893237753,369.34493415770737,47.467755166067946,22.38038941199744,4.8308402186845285,17.549549193312913,NB
frame_das_802.4_802.91,45.75831686980796,0.3899999999999863,-0.1248998580845631,415.7373060119056,360.9434383040879,54.79386770781775,9.995174165274108,5.166585967882057,4.828588197392051,NB
frame_a_803.3_803.37,3.978183031499043,0.0,-0.4133693298976796,425.0458627592199,379.270899205742,45.77496355347779,27.107690064422087,9.082852403864225,18.024837660557864,NB
frame_u~_803.37_803.62,10.972564763745709,0.0,0.4710266177731418,420.29178287345496,373.4247791130838,46.86700376037123,22.95933010761982,14.098189990084194,8.861140117535626,NB
frame_pre_803.62_803.83,20.04786268443786,0.0,0.2064580078532631,423.132322437282,376.0173757031598,47.11494673412221,50.27190519773555,21.60994187780705,28.661963319928503,NB
frame_ze~_803.83_804.32,51.19931099748485,0.0,2.1331945272987323,420.1751068192619,364.5568433497601,55.61826346950181,218.83656706262437,133.5432186163846,85.29334844623975,NB
frame_tSi_804.32_804.55,19.267624075981075,0.8600000000000136,-0.1317372186352085,406.5413498157295,360.4321069883053,46.10924282742423,21.806149667694825,6.824207738258849,14.981941929435976,NB
frame_e~j~_805.41_805.53,6.068921326805594,0.0,-0.8391833355249253,416.22288238990575,371.9683492730881,44.25453311681764,11.86196661496902,8.670445107366874,3.191521507602147,NB
frame_ki_805.53_805.65,21.347423046129364,0.0,-0.5212152339344229,421.0829907696884,377.69062032357255,43.39237044611588,27.841404092068583,8.314621665607405,19.526782426461185,NB
frame_ajs_805.65_805.92,16.661440794804378,0.0,-0.5095258205024162,418.5388077195973,370.5155604478069,48.02324727179041,6.418546937966795,2.060788639629408,4.357758298337387,NB
frame_koj_805.92_806.07,9.052271895398462,0.0,-0.5314981779489433,421.72148708937607,375.94158188823815,45.77990520113792,11.489715032531535,4.41142754235517,7.078287490176365,NB
frame_zas_806.07_806.4,77.51204392835712,0.0,-0.7979952923166259,413.7587409511678,363.56721588729766,50.19152506387013,67.03898830221956,54.70871156145327,12.330276740766294,NB
frame_e~_806.4_806.45,144.1998031622815,0.0,-0.6013931064992489,401.9917694511231,359.602535146891,42.38923430423205,55.69405608558191,25.38745184928979,30.30660423629212,NB
frame_ta~w~_806.45_806.7,6.233729780167636,0.0,0.1406679127216456,421.889170455096,372.63285176889,49.25631868620593,13.421612689811925,11.142014849041146,2.2795978407707764,NB
frame_sa~w~_806.7_807.49,29.01200830440065,0.2200000000000272,0.1406679127201035,419.1132592434626,355.8960410402132,63.217218203249445,74.12626331696487,32.09816490569686,42.028098411268,NB
frame_ko~_807.71_808.02,14.824625115023366,0.0,1.1409092135841123,420.7138531781637,371.300308574331,49.41354460383269,14.764540199146666,5.300350820904242,9.464189378242423,NB
frame_te~_808.02_808.24,6.037988090741152,0.0,1.063138496681837,416.9646144342858,370.5848050056928,46.37980942859304,12.296241114123234,5.090430872991817,7.205810241131417,NB
frame_po_808.24_808.38,28.75657133687,0.0,0.362241317709029,421.5797070968339,375.1914456288873,46.38826146794656,10.03103147948596,4.944655777512395,5.086375701973566,NB
frame_ra~_808.38_808.57,23.761188595268464,0.0,0.0050238540260938,420.89008519073394,373.6090609703556,47.28102422037836,69.03546602197898,22.30674009618363,46.72872592579535,NB
frame_ne_808.57_808.75,12.950789354613732,0.0,-0.3699260449196028,415.81858732862,368.8995613807908,46.9190259478292,75.21880041861604,45.420556496205535,29.798243922410503,NB
frame_as_808.75_809.19,52.58355454322134,0.1499999999999772,-0.7018388017129825,406.187447683544,354.1101687371398,52.07727894640408,205.3372321419515,139.06523112495702,66.27200101699447,NB
frame_i_809.34_809.43,32.58622631981521,0.0,0.1279147915642677,420.11774553623206,376.0466172596488,44.071128276583295,10.627460864456282,4.896318733184728,5.731142131271554,NB
frame_de_809.43_809.62,20.01989995268656,0.0,0.782842060624491,425.134215201224,378.1064400112823,47.027775189941735,10.359576790471806,6.817694153622426,3.54188263684938,NB
frame_pojs_809.62_809.83,0.3048542193254775,0.0,-0.8889939762113193,423.49868545096274,374.8998329610992,48.59885248986359,18.52890407287421,10.393785190896295,8.135118881977917,NB
frame_u_809.83_809.92,0.7227496265643936,0.0,0.1942948379222392,410.6656870453126,367.6615947626183,43.00409228269433,8.943004175837075,5.516467985809868,3.426536190027207,NB
frame_fu_809.92_810.14,7.07735615796787,0.0,1.095077877358016,411.3673103578649,366.4218779782887,44.94543237957623,20.029218929431774,11.482006979661776,8.547211949770002,NB
frame_tu_810.14_810.57,31.54366239213195,0.0,3.797426995663883,421.54249467179056,366.2061422422988,55.33635242949174,161.8886303972502,76.0777626035381,85.8108677937121,NB
frame_ru_810.57_810.81,13.42479850489977,0.5800000000000409,1.4811277514012933,412.2760422204945,365.37070630728186,46.90533591321258,9.767300187076756,3.6356111690365935,6.131689018040163,NB
frame_sEX_811.39_811.91,4.639373014147964,0.0,0.994710434629048,422.8760181052472,366.9804852378687,55.89553286737845,136.8203745658322,108.58632222640102,28.234052339431173,TB
frame_tu_811.91_811.97,3.928471011045474,0.6499999999999773,-0.5778049101643155,397.6658164929853,355.3834191381283,42.282397354856926,6.364593602639957,2.76427938140597,3.6003142212339867,NB
frame_a_812.62_813.02,11.713404251555716,2.289999999999964,2.759794860060814,420.8491715236445,368.01573210727554,52.83343941636895,80.32348939260399,34.05216594300043,46.27132344960356,NB
frame_u~_815.31_815.48,24.245102989711512,0.0,0.114227163438504,420.0643127390818,374.8820514239696,45.18226131511216,13.506744557500385,4.263361674982804,9.24338288251758,NB
frame_ko~_815.48_815.8,31.18055515894952,0.0,0.8410130774411657,425.1927798424318,373.9353560880525,51.25742375437926,191.78166610711116,160.4211003724591,31.360565734652027,NB
frame_Zu~_815.8_816.1,41.6942280598966,0.0,-0.2425722908966407,410.8184394214124,360.8941975992884,49.92424182212403,85.66403668102711,50.059060958684455,35.60497572234266,NB
frame_tu_816.1_816.18,67.91490447945917,1.4500000000000457,-0.4491216188165563,402.8802233436713,360.12244191539,42.75778142828125,14.33259694374921,9.102114224729434,5.230482719019776,NB
frame_dZi_817.63_817.75,39.80242880737899,0.0,-0.651041239034161,411.9674120639788,365.8633244082033,46.10408765577546,21.43753745003039,13.06252928075338,8.37500816927701,NB
frame_i~_817.75_817.78,57.95719327712303,0.0,-0.9029056157674582,409.44540669455387,365.814424017248,43.63098267730584,0.339651458773119,0.1851728709894757,0.1544785877836432,NB
frame_di_817.78_817.84,51.653800863250126,0.0,-0.6510412390326851,410.2295232718732,366.85710444322206,43.37241882865112,1.884863552734657,0.6730573911690954,1.211806161565562,NB
frame_sius_817.84_818.06,30.823852882547317,0.0,0.0,406.290971233411,360.0743552357993,46.216615997611655,106.76040352787176,79.33123124458096,27.42917228329081,NB
frame_ki_818.06_818.09,61.28989035583395,0.0,-0.6510412390326851,392.7279857206535,351.3443432047288,41.38364251592475,2.759693105913655,1.3762524720839338,1.3834406338297214,NB
frame_E_818.09_818.47,19.16064695552103,0.0,-0.5778049101643155,416.58961476109727,364.25221897409017,52.3373957870071,7.499788958525613,4.3318733696604,3.1679155888652133,NB
frame_ne_818.47_818.57,12.971192892478,0.0,-0.2258300317251576,417.8463048501909,372.442497406792,45.40380744339888,4.911129741291944,2.3797582684105976,2.5313714728813466,NB
frame_se_818.57_818.71,17.98278150197882,0.0,-0.5140220581107716,424.2913751388001,377.2268414859059,47.06453365289411,17.51598346081994,6.83010563370712,10.68587782711282,NB
frame_sa_818.71_818.93,0.2851035199751095,0.0,-0.2210563486892997,417.6301776309301,370.93593951846304,46.69423811246708,9.280560285327027,7.725630559244024,1.554929726083003,NB
frame_riu_818.93_819.03,3.790747309276867,0.0299999999999727,-0.651041239034161,415.7615274927799,371.32513905928926,44.436388433490606,0.6120907372924194,0.3676047765530086,0.2444859607394107,NB
frame_i~_819.06_819.09,24.65864626936036,0.0,-0.9029056157660696,396.5839658498218,354.07420103717,42.50976481265184,6.700926003975297,4.715857718092792,1.9850682858825053,NB
frame_teX_819.09_819.24,7.442794274386102,0.0,0.0623619946604562,413.60027946766826,371.0870333381745,42.51324612949378,18.06435995193252,9.871874829155615,8.192485122776901,NB
frame_pre_819.24_819.46,5.268364131840741,0.0,0.926938073818936,414.57298535352993,368.60921540023537,45.96376995329456,20.124139055538706,9.980381369171567,10.143757686367138,NB
frame_taX_819.46_819.72,38.533120163497344,1.2300000000000182,0.3558825949402129,403.39750904737895,356.1816377241792,47.215871323199735,108.6765534632149,68.01510837333906,40.66144508987583,TB
frame_dZi_820.95_821.05,15.980693353272898,0.0,-0.651041239034161,423.3717383501083,378.0578763261159,45.31386202399239,85.8907664577778,60.88192091024891,25.00884554752889,NB
frame_o~_821.05_821.25,24.72871899731345,0.0,0.6410823200144288,422.8310395013701,374.5593782029689,48.27166129840128,24.73965881144602,8.610507157864987,16.129151653581033,NB
frame_dZi_821.25_821.43,7.476579001049174,0.0,0.2577407966640058,414.5815485371143,368.5765678927261,46.00498064438813,15.506642221238025,5.343964348767884,10.16267787247014,NB
frame_a_821.43_821.53,0.029670435090054,0.0,-0.1248998580834699,418.9124683675327,374.26227464013857,44.65019372739408,15.824244748457916,5.382165861280868,10.442078887177049,NB
frame_i~_821.53_821.7,1.5225869508789742,0.0,0.8070717210662334,414.4178642790365,367.71408631072006,46.70377796831639,8.819871668010052,4.753602953101762,4.06626871490829,NB
frame_poX_821.7_822.02,46.59333195325596,0.0,2.864711905547693,422.0992718732322,372.2473072013141,49.85196467191816,313.2855463486288,258.2268738472848,55.05867250134406,NB
frame_ta~_822.02_822.2,6.735972187204453,0.0,0.8188882062009469,417.3244700623872,370.1197905352224,47.20467952716479,23.8415658124712,9.989171198435429,13.852394614035774,NB
frame_sia_822.2_822.48,13.787337146435164,0.0,-0.2615632237334707,414.8735867669496,365.4118966103294,49.46169015662025,29.44604734211896,14.697082119957344,14.748965222161615,NB
frame_da_822.48_822.59,29.67072423699534,0.0,-0.6056823111071528,418.16638936342576,372.9366588375984,45.229730525827335,11.997306702472898,4.126168357851867,7.871138344621031,NB
frame_ma_822.59_822.79,37.62341283209865,0.0,-0.0287433674787333,415.0484579699313,368.0913695158503,46.957088454080974,8.379857906320865,5.539667045359906,2.840190860960959,NB
frame_Zi_822.79_823.1,8.855860048963933,0.0,-0.521215233932947,413.8732717260639,364.7542934069542,49.11897831910966,54.54360301884124,18.254906407924977,36.28869661091626,NB
frame_a_823.1_823.13,26.930093446976457,0.0,-0.7979952923177192,399.5789000757151,356.9884017935384,42.59049828217667,5.981483590707626,3.62935337854384,2.352130212163786,NB
frame_i_823.13_823.31,82.24301907162396,0.0,1.296348837463387,413.76377171012,367.2509110205674,46.51286068955261,1.2777941143270084,0.4612760985502717,0.8165180157767367,NB
frame_da_823.31_823.37,22.66825263575072,0.0,-0.7979952923177192,413.0400274125319,369.0144992982084,44.02552811432344,3.5339147703639924,0.8893633823811058,2.6445513879828866,NB
frame_Re_823.37_823.5,22.757152632466106,0.0,-0.6581180713052167,419.1264255529407,373.01667901226335,46.10974654067729,12.13013011025764,4.719976400229115,7.410153710028524,NB
frame_li_823.5_823.72,43.41819356832652,0.0,0.9068708221641724,415.2573553594859,367.6799775101277,47.577377849358186,19.260369444101716,9.211900233705066,10.048469210396648,NB
frame_Zi_823.72_823.83,26.61996905521073,0.0,-0.3913892288332088,403.13337363790646,359.87767590307783,43.25569773482863,67.584463061359,42.27946709935495,25.304995962004057,NB
frame_a~w~_823.83_823.89,36.15584418492931,1.1900000000000546,-0.8088404981487594,399.0488340620616,357.00416139462936,42.04467266743222,2.1355823632560345,1.066640417491712,1.0689419457643226,TB
frame_i_825.08_825.17,38.39055554655735,0.0,0.1279147915642677,423.3577508253284,379.3271768246185,44.03057400070992,41.57894860986582,16.14390002999923,25.43504857986659,NB
frame_e_825.17_825.23,53.32563829678122,0.0,-0.3699260449179646,420.7471978343361,376.5615307283518,44.18566710598435,18.799012913732557,12.9732974959268,5.825715417805753,NB
frame_sis_825.23_825.6,12.39499407211909,0.0,0.0,416.6399029057036,363.6426829238685,52.99721998183509,87.70410577600262,49.83116978899915,37.87293598700347,NB
frame_i~_825.6_825.84,6.304887031798984,0.0,0.6472188119646962,417.0845436257531,368.94503449711743,48.13950912863567,79.79401569516787,52.60250349145312,27.19151220371475,NB
frame_di_825.84_825.9,43.96863110596976,0.0,-0.651041239034161,414.3705243308799,372.0168941675592,42.3536301633207,19.260477229098285,15.107723171032376,4.152754058065909,NB
frame_sius_825.9_826.01,58.4656609326974,0.0,0.0,410.2358761466426,364.6027831833517,45.63309296329089,16.032031247978694,9.074143611163777,6.957887636814917,NB
frame_mos_826.01_826.25,18.120675815167147,0.0,-0.651041239034161,415.6997777868006,368.4919912731107,47.20778651368988,38.49825613728402,32.68948911595476,5.80876702132926,NB
frame_tra~w~_826.25_826.74,9.092662589305236,0.0,1.077232914233781,420.4839194221327,365.1821931518279,55.30172627030476,53.10096553151857,23.000023497833663,30.100942033684905,NB
frame_ki_826.74_826.95,50.071465905240046,0.0,0.7770448170659103,415.0036050998783,367.2537965728761,47.74980852700219,95.15527575290244,21.0726222774839,74.08265347541854,NB
frame_dZi_826.95_827.18,18.215397993410107,0.0,1.0366968272639103,422.7585257091037,374.9955578857383,47.762967823365386,38.60887949312425,14.757524963200012,23.85135452992424,NB
frame_Re_827.18_827.5,22.919747607721973,0.0,2.9442822585182338,417.17470360540506,368.0435887503739,49.13111485503117,18.836888209608983,10.546000299200417,8.290887910408571,NB
frame_pe~_827.5_827.81,5.2828646410289934,0.0,2.1331945272973805,416.8735221179697,369.5325010571839,47.341021060785806,151.28237292785286,46.91285792309674,104.36951500475612,NB
frame_tSi_827.81_828.0,79.73875827924559,1.419999999999959,0.2577407966654818,401.86235728292365,357.7311108890676,44.13124639385603,161.72177777024933,111.77469900439004,49.9470787658593,NB
frame_u~_829.42_829.5,28.18509987175372,0.0,-0.2871722226884704,421.2546307780536,377.5137362490682,43.74089452898539,20.1599572035862,7.397157695737121,12.76279950784908,NB
frame_ma_829.5_829.85,25.39775880525872,0.0,1.7020734634087114,422.4367844174118,371.0241659758459,51.41261844156588,23.82831393967581,18.279215931104343,5.549098008571463,NB
frame_foX_829.85_830.12,48.12909579180105,0.0,1.255980813364969,418.29800243063687,370.7460794621086,47.55192296852829,90.54864376124335,16.866857457016337,73.68178630422702,NB
frame_sa_830.12_830.51,34.25623754894556,0.0,-0.7979952923177192,419.2722382284032,364.9430937103887,54.32914451801446,96.5259186627453,58.37091170245103,38.15500696029427,NB
frame_nu~_830.51_830.98,19.16402453336616,0.0,-0.2871722226884704,420.1974253300111,365.623787013317,54.57363831669403,128.01109597855827,45.36248301099283,82.64861296756544,NB
frame_de_830.98_831.12,2.7247628972754967,0.0,0.2064580078532631,421.44011768904727,375.6252540591311,45.81486362991615,16.64452139006096,8.956838773468661,7.687682616592298,NB
frame_teR_831.12_831.32,0.5258390466329104,0.0,0.3505540210460701,420.7113611867039,373.4867794122413,47.22458177446265,19.855270542134548,9.734475715376078,10.12079482675847,NB
frame_mi~_831.32_831.38,1.5143732891551167,0.0,-0.9029056157674582,407.1932400661724,364.26171803620593,42.93152202996646,6.32444871641448,2.048613054123564,4.275835662290916,NB
frame_na_831.38_831.55,29.39827009243473,0.0,0.2597261043354764,415.3846346679945,368.7057824397035,46.67885222829096,10.004426056056984,5.366412028020534,4.638014028036452,NB
frame_du_831.55_831.61,54.86330856242954,0.0,-0.5778049101643155,408.2921161302056,365.2699356809812,43.02218044922438,18.81179365133769,10.05007603253948,8.761717618798215,NB
frame_mo_831.61_831.72,41.22204921358815,0.0,-0.3527502788157231,416.65132693825046,371.9177860235339,44.73354091471657,6.430497954675815,4.007625082918452,2.422872871757363,NB
frame_me~_831.72_831.96,14.03732805041966,0.0,0.4686629241162945,417.3670612759608,370.8056588062839,46.56140246967692,69.71382535158642,12.822725333472391,56.89110001811403,NB
frame_tu_831.96_832.03,22.62111096504836,0.9800000000000182,-0.5778049101643155,409.0865119784167,366.2801826999778,42.80632927843891,17.729728582762732,7.154695286309618,10.575033296453114,NB
frame_si_833.01_833.26,24.940840755499465,0.0,-0.651041239034161,418.5381509244137,369.56242606616553,48.97572485824816,40.991649825472535,28.282055901266347,12.709593924206189,NB
frame_ma_833.26_833.33,25.5675826550862,0.0,-0.7018388017118894,422.2886190222744,377.2949874117779,44.99363161049649,5.714066253912534,2.366976796216136,3.3470894576963985,NB
frame_ni_833.33_833.39,16.43503864564252,0.0,-0.651041239034161,413.8115618298248,369.6680687827308,44.14349304709407,16.70857058294004,9.282745233872078,7.4258253490679635,NB
frame_fes_833.39_833.89,138.14615385968025,0.0,0.0623619946604562,414.6454091940246,359.7973766660604,54.848032527964165,376.6850428268256,260.13736283314586,116.54767999367968,TB
frame_ta_833.89_833.98,64.43643989151283,2.730000000000018,-0.7979952923177192,399.1104557966257,355.485900238694,43.62455555793173,5.0738217954937,3.20706956570254,1.8667522297911603,NB
frame_lEvistraws_836.71_837.09,24.746627318022064,0.0,-0.576459246393122,422.2290373190909,370.1214607616269,52.107576557464085,45.84578292555543,22.37696409477905,23.46881883077637,NB
frame_e~j~_837.09_837.61,184.20811217888905,0.0,-0.7979952923166259,423.73962984242365,366.5832451689435,57.15638467348015,382.3048837779209,155.51607424612797,226.7888095317929,NB
frame_la_837.61_837.8,20.161627001130228,0.0,0.1635696137307398,421.68077502545657,375.8749804404636,45.80579458499295,9.303714258830496,4.912918156085965,4.390796102744531,NB
frame_pe~_837.8_837.94,30.06174667014014,0.0,0.11197758057778,422.18167881261326,377.04052264196537,45.14115617064789,5.306184527394066,3.9100607722467657,1.3961237551473005,NB
frame_sE_837.94_838.12,16.97814858495306,0.0,-0.9692516666495018,414.0519055948533,367.7647411827136,46.287164412139646,276.1118700027104,226.5745557025746,49.53731430013582,NB
frame_i_838.12_838.15,62.60784788179099,0.0,-0.651041239034161,396.4548457184428,355.380850168802,41.07399554964081,4.153158593880477,2.0975838806575524,2.0555747132229243,NB
frame_saw_838.15_838.37,75.49579503567456,0.0,-0.7979952923177192,414.2437535469455,367.904343833296,46.33940971364956,11.681142200353946,6.130762400926443,5.550379799427503,NB
frame_va_838.37_838.68,23.285632353730165,0.0,1.4136039915934089,419.1864632571298,370.2676896101793,48.918773646950456,25.53961502838223,7.92393544856094,17.61567957982129,NB
frame_Zi_838.68_838.84,39.302876031071634,1.3600000000000136,-0.6510412390326851,405.2576497367266,359.81345401888154,45.44419571784505,242.76660418340583,188.0203474251649,54.74625675824092,NB
frame_dZijs_840.2_840.43,3.915003836709929,0.0,-0.521215233932947,420.0940318970429,372.5786735353747,47.51535836166818,37.82811587253701,14.4436445161015,23.384471356435512,NB
frame_u_840.43_840.47,15.833693896335262,0.0,-0.4491216188150934,418.3094162315976,374.2528003992346,44.05661583236287,1.0865244455348773,0.8429852683464958,0.2435391771883814,NB
frame_se_840.47_840.81,26.219392152613693,0.0,-0.8022140844980237,415.7915858605796,364.0311552602346,51.76043060034493,222.7772890257224,156.6072799928226,66.17000903289977,NB
frame_gi~_840.81_840.93,33.30802973402467,0.0,-0.9029056157674582,402.49581792034655,359.93320490326244,42.56261301708412,234.4349020301936,143.47471683391225,90.96018519628136,NB
frame_tSi_840.93_841.07,91.55945141198468,0.7899999999999636,-0.6510412390326851,404.6392695927094,360.2997191629114,44.33955042979801,13.554663690434763,8.14441649825605,5.410247192178716,TB
frame_poX_841.86_842.02,9.317811935562531,0.0,-0.3527502788157231,423.3635902477317,376.6463737948697,46.71721645286203,7.615580826833479,2.9912694677018976,4.624311359131582,NB
frame_ki_842.02_842.15,62.96732697383109,0.0,-0.1317372186352085,420.3999009260861,373.7141658518384,46.6857350742477,25.65092875431728,20.307722424491143,5.343206329826131,NB
frame_nOjs_842.15_842.45,44.568397608283135,0.0,-1.0341675958594845,419.1731457808837,368.37089292600274,50.80225285488092,64.26667399500002,22.05715780064176,42.20951619435826,NB
frame_su_842.45_842.57,0.2166184537435356,0.0,-0.4491216188150934,403.18369116922855,359.70131601556807,43.482375153660485,79.54537823628547,56.37151038167946,23.173867854606016,NB
frame_po~_842.57_842.73,59.266676709197725,0.0,-0.3585714671260748,421.2871152233139,375.3636554246974,45.92345979861642,11.943112104737368,4.321919774229855,7.621192330507512,NB
frame_mus_842.73_842.96,21.294632991998498,0.0,-0.1917550361195751,407.6921338007911,362.4679718724085,45.22416192838267,12.536529434722326,8.619183337256487,3.9173460974658383,NB
frame_ki_842.96_843.02,66.39832012887834,0.0,-0.651041239034161,415.7359481815806,372.2859635398438,43.44998464173688,4.518572910340083,2.8897657292133374,1.6288071811267455,NB
frame_u_843.02_843.07,77.40076193797125,0.0,-0.3204383274673342,409.159639300748,366.157996303097,43.00164299765101,2.3480398189751384,1.6452713343943373,0.7027684845808011,NB
frame_nO_843.07_843.33,9.41577049246868,0.0,-0.5939195430030354,420.61205192465934,372.426036241664,48.18601568299533,99.84980044840724,37.38991005632903,62.45989039207821,NB
frame_su_843.33_843.58,75.07631311158828,0.0,-0.063071744771816,409.4201001682182,360.21765738836046,49.20244277985773,23.780279746626437,13.321495007305558,10.458784739320876,NB
frame_mO_843.58_843.8,78.31198711810308,0.0,-0.5939195430042866,416.7894775716919,368.3835342162326,48.40594335545927,517.652212593763,326.9939669112624,190.65824568250068,NB
frame_du_843.8_843.86,82.78369474705804,1.0499999999999543,-0.5778049101643155,404.19208700025024,363.4542749190665,40.73781208118373,11.926262812569917,6.365725012407836,5.560537800162081,NB
frame_dZi_844.91_845.09,2.202197819065873,0.0,0.2577407966654818,421.2399783573958,373.5336617670556,47.70631659034018,36.095807717901664,6.71824282675388,29.377564891147784,NB
frame_i~_845.09_845.13,12.327165713430162,0.0,-0.7807643774223929,404.786772879425,362.4430008395802,42.34377203984474,11.450854623157056,6.759376874096205,4.691477749060852,NB
frame_teX_845.13_845.3,4.045560737712663,0.0,0.2064580078532631,421.1111214074765,374.9599449866542,46.15117642082231,15.871655907236146,7.541664878911206,8.32999102832494,NB
frame_pre_845.3_845.56,10.22281224739774,0.0,1.3592261133957189,418.1135569029016,370.4855181114436,47.62803879145804,19.378971781118565,10.931643078955034,8.447328702163531,NB
frame_taX_845.56_845.75,49.81912792179688,0.0,0.1635696137307398,414.9909028354512,368.13742693470016,46.85347590075105,14.897452145104609,11.507743841639195,3.389708303465412,NB
frame_u_845.75_845.78,40.13559290367482,0.0,-0.5778049101643155,397.99396672977576,356.6771331049987,41.31683362477708,7.367109171841037,2.6185533034337998,4.748555868407237,NB
frame_mu~_845.78_846.06,18.209339459137222,0.0,-0.1533724273134883,421.1837266953831,370.13025359287343,51.053473102509656,141.78061471291903,70.08185180507905,71.69876290783999,NB
frame_du_846.06_846.12,53.90055379910342,1.6299999999999957,-0.5778049101643155,411.158283864594,368.4704694164608,42.68781444813317,27.06339261603105,14.233316283542877,12.830076332488176,NB
frame_E_847.75_848.06,23.310702377005214,0.0,1.7802952751395749,420.7180546220377,371.4755872950172,49.242467327020506,13.632082821341015,5.99050753950192,7.641575281839096,NB
frame_u_848.06_848.17,2.2241797776457304,0.0,0.4516614206192204,422.5381705256249,378.4887669772417,44.04940354838317,91.368036566405,50.17723348465452,41.19080308175048,NB
frame_mO_848.17_848.59,12.1090186790517,0.0,0.8368866287776091,417.72103002675175,364.6469356123452,53.0740944144066,154.353543088871,74.12748001268818,80.22606307618283,NB
frame_du_848.59_848.65,63.50206546084591,0.1100000000000136,-0.5778049101643155,411.45145552887374,367.6086651149344,43.842790413939326,0.4679660321505992,0.3175432195618555,0.1504228125887436,NB
frame_veR_848.76_848.97,12.729576060370874,0.0,0.6387460474316841,418.8206078556273,372.9291482002226,45.89145965540473,5.929951144808626,2.199912169908856,3.73003897489977,NB
frame_da_848.97_849.14,14.835086809927972,0.0,0.2597261043354764,414.6761285504718,368.86738883472367,45.80873971574812,11.519084884387055,5.985697845349392,5.533387039037663,NB
frame_dej_849.14_849.3,40.57753431280669,0.0,0.0623619946604562,408.6073383969091,363.3711293699181,45.23620902699099,1.189305565612912,0.3949109497739869,0.7943946158389252,NB
frame_ru_849.3_849.44,60.79440093757778,1.419999999999959,0.4516614206192204,399.1424036145109,355.15388667097113,43.98851694353971,8.013984340930975,5.216351034571801,2.797633306359174,TB
frame_i_850.86_850.89,9.818573597715243,0.0,-0.651041239034161,414.8194070230914,370.6936467962435,44.12576022684789,6.364671744652753,2.5836045737212032,3.78106717093155,NB
frame_e_850.89_850.97,8.247651737855932,0.0,-0.0817340185323507,423.65355524685776,378.4570591635177,45.19649608334004,3.1904073042830987,1.238846628983481,1.9515606752996175,NB
frame_li_850.97_851.2,13.290793467777092,0.0,1.426174842564601,418.7352092891789,371.1793021802501,47.55590710892875,99.8669407879736,54.999436142421246,44.86750464555234,NB
frame_e~_851.2_851.23,57.83445510722882,0.0,-0.839183335526277,387.6239288621712,347.54483535225586,40.07909350991537,5.156220924274081,2.974469964392668,2.1817509598814127,NB
frame_ko~_851.23_851.59,12.03911955820547,0.0,1.8406668645828057,418.3142848255842,367.53620469729776,50.77808012828643,38.32791876084704,20.143144124085183,18.18477463676186,NB
frame_tra_851.59_851.78,80.05081730611792,0.0,-0.0287433674787333,407.776562295123,363.1497415362732,44.62682075884982,2.372225398219016,1.0137418350600171,1.3584835631589982,NB
frame_nu_851.78_852.01,55.87238766996434,0.0,1.095077877358016,415.61051622569454,367.53195166606463,48.07856455962991,16.808846732637136,3.509867492449473,13.298979240187665,NB
frame_pe~_852.01_852.17,11.20904720582672,0.0,0.2308726950906181,423.38753557364686,376.6267974112453,46.76073816240154,9.641130981076683,3.268335879597032,6.372795101479653,NB
frame_sa_852.17_852.44,17.563544953496148,0.0,-0.1248998580834699,418.5007748153452,369.5112091176734,48.989565697671765,34.356549743901496,17.54051041853333,16.816039325368166,NB
frame_me~_852.44_852.64,77.89452398890549,0.0,-0.0069175339350581,409.7013607289687,363.5568281303346,46.1445325986341,430.0783425479724,270.8589040884141,159.21943845955832,NB
frame_tu_852.64_852.7,71.17692265696205,0.169999999999959,-0.5778049101628525,399.79456010486905,358.0476075067021,41.74695259816696,10.86831205537753,5.323099962197716,5.5452120931798135,NB
frame_dZi_852.87_852.93,,0.4400000000000545,-0.651041239034161,396.9078498234536,357.3217210816002,39.58612874185343,171.0769879786216,102.27104197698998,68.80594600163161,NB
frame_seX_853.37_853.84,25.69789249349347,0.0,1.071034087010105,421.1109061241409,367.5336639809639,53.577242143177045,14.2361573359411,8.32135235593907,5.914804980002032,NB
frame_tus_853.84_854.13,41.72796846139369,0.0,-0.4491216188165563,413.1112560462503,361.606046357576,51.505209688674256,34.01748611063776,22.01103806428324,12.00644804635452,NB
frame_gru_854.13_854.44,53.14577306478493,0.0,2.253227499489311,412.095740501202,364.3279194091424,47.76782109205959,19.663757761715917,7.28164730354392,12.382110458171994,NB
frame_pus_854.44_854.89,12.38083677101318,1.1800000000000637,0.5803447119669796,404.6492396762297,351.1033614415732,53.54587823465653,402.3592179941781,312.57771732025697,89.7815006739211,NB
frame_a_856.07_856.19,89.0500226890064,0.0,0.0674131231260032,411.2424598192055,368.170609921658,43.07184989754745,3.548245630152934,1.031360240834161,2.516885389318773,NB
frame_sew_856.19_856.51,62.12348876116101,0.0,-0.8022140844980237,420.489249686644,370.3687308882335,50.12051879841056,20.64034110578393,12.1039002704851,8.536440835298833,NB
frame_va_856.51_856.83,16.756820912194314,0.0,1.4136039915934089,420.29188323186,369.7311575884296,50.56072564343037,36.65732482569773,12.496834028864557,24.160490796833173,NB
frame_Ze~s_856.83_857.34,39.11839210820108,0.5599999999999454,-0.839183335526277,403.8891286257657,349.65445696945346,54.23467165631223,171.21596431206535,103.5197661809864,67.69619813107894,NB
frame_aw_857.9_858.1,14.180200218767707,0.0,0.1635696137307398,422.8608509960428,375.394331740946,47.466519255096784,23.68254051270384,5.110974857660494,18.571565655043344,NB
frame_gu~_858.1_858.24,36.90082359357939,0.0,-0.1533724273129812,419.864013962901,373.2411647831984,46.62284917970254,29.43674318345012,7.163428196506885,22.273314986943237,NB
frame_ma_858.24_858.5,13.542504628765158,0.0,0.836665047964989,419.2546881592647,372.50639437423337,46.74829378503131,127.63176225628293,49.01729683868817,78.61446541759476,NB
frame_koj_858.5_858.68,7.2822569407833555,0.0,0.183493418577841,421.1606679748189,375.3854131748183,45.77525480000065,24.78623594579284,7.4427749364916735,17.343461009301166,NB
frame_za_858.68_858.75,7.336633542483952,0.0,-0.7979952923177192,418.403231115651,375.2335101656445,43.16972095000659,6.281152712443685,3.1434576926276634,3.1376950198160216,NB
frame_ki_858.75_858.81,6.968841557696777,0.0,-0.651041239034161,407.8148343438228,366.6646258132001,41.15020853062259,2.046451381104447,0.8862218652795661,1.1602295158248808,NB
frame_es_858.81_858.95,7.527132042115653,0.0,-0.8022140844963855,401.37186282949983,357.82506283406093,43.5467999954389,13.570499335711986,6.711514320751888,6.858985014960098,NB
frame_ta_858.95_859.09,12.687466413139788,0.0,-0.0287433674787333,416.3921439284592,371.74042217129306,44.65172175716617,19.812000502191864,14.016747184268638,5.795253317923226,NB
frame_majs_859.09_859.34,2.4868470830764693,0.0,0.0674131231260032,418.4324159666023,369.4520037812433,48.980412185359,13.22485152750761,4.032979719290978,9.191871808216632,NB
frame_dZi_859.34_859.41,6.745280057255627,0.0,-0.651041239034161,418.58613311361097,375.5741423441903,43.01199076942066,4.350549288123773,2.9437938895687807,1.406755398554992,NB
frame_a_859.41_859.58,23.784153153015357,0.0,0.5481955761507793,416.8225413860994,371.62116899196826,45.20137239413111,6.828576362795104,3.4413611147816425,3.3872152480134616,NB
frame_koR_859.58_859.95,4.420066586284946,0.0,3.2222077038100694,420.9599827776621,368.7576366176572,52.20234616000488,33.07569442848373,10.769784973622222,22.305909454861503,NB
frame_du_859.95_860.06,5.157521288462334,0.5500000000000682,0.0656115465744801,415.6607243928018,371.45706175082086,44.20366264198094,7.668680255838041,4.228824847901166,3.439855407936875,NB
frame_ko~_860.61_861.01,10.843419699330669,0.0,2.2405283794385524,419.5435217337904,365.3714554160141,54.172066317776284,21.609077085339862,7.54581843825045,14.063258647089413,NB
frame_a_861.01_861.13,36.10468436282201,0.0,0.0674131231260032,405.8489196715046,362.40215193966566,43.44676773183892,47.47317449659924,17.984732366577333,29.48844213002191,NB
frame_fi_861.13_861.31,8.948148118771257,0.0,0.2577407966640058,415.8432278776473,368.59569130294426,47.24753657470302,16.963943691788216,5.589762686969522,11.374181004818697,NB
frame_zi_861.31_861.48,30.79045745899998,0.0,-0.5212152339344229,409.5799405367002,363.5905803767047,45.9893601599955,79.89658867189897,41.82588343252567,38.0707052393733,NB
frame_ka_861.48_861.61,22.01990015387895,2.509999999999991,-0.1248998580834699,416.03732899246046,373.49533387807287,42.54199511438759,18.90398163808638,9.244802171654584,9.659179466431794,NB
frame_a_864.12_864.29,15.26809648722201,0.0,0.5481955761496861,414.9887854861301,367.8723770167946,47.1164084693354,132.72675670992254,40.72074126008104,92.0060154498415,NB
frame_to~_864.29_864.59,39.76387809181492,0.0,1.3408399710119856,420.2378620679632,370.12741948331006,50.11044258465319,9.853463569961548,3.2502796449671507,6.603183924994397,NB
frame_mi_864.59_864.66,39.33018336567375,0.0,-0.651041239034161,405.1003277214053,362.56957898341295,42.530748737992326,14.811829256811848,5.361710178338711,9.450119078473136,NB
frame_ka_864.66_864.87,38.951434780088135,0.0,0.6443520667544227,405.5562031670891,359.2424008587409,46.31380230834816,8.833925596801322,3.7900792958006377,5.043846301000684,NB
frame_ko~_864.87_864.99,111.7734852251943,0.0,-0.5585022245539482,416.1498236380377,371.2037120276249,44.94611161041274,5.006542196517685,2.5506435041645545,2.4558986923531307,NB
frame_pre_864.99_865.15,71.51189011790422,0.0,-0.8022140844980237,421.9427844290245,374.628226742316,47.3145576867085,70.9512206319874,29.46163634052533,41.48958429146207,NB
frame_e~_865.15_865.27,35.57730103950772,0.0,0.2308726950906181,413.2605594045432,368.6447270486438,44.61583235589944,7.518109776725197,3.4083106747298477,4.10979910199535,NB
frame_dZi_865.27_865.4,57.64156715019564,0.5500000000000682,-0.3913892288346848,402.476614915426,359.64316001984923,42.83345489557672,125.3287673047224,25.97792815116378,99.35083915355862,TB
frame_poX_865.95_866.05,108.84195775190112,0.0,-0.8889939762113193,410.1339045323304,365.7486980813577,44.3852064509727,33.71588094815216,15.978851493981466,17.737029454170695,NB
frame_ki_866.05_866.15,13.07993035781024,0.0,-0.5212152339344229,420.8758808960063,377.4135762748855,43.46230462112078,10.987854668903225,5.723975558530128,5.263879110373097,NB
frame_ew_866.15_866.43,39.997142007045454,0.0,1.791514152975778,421.8308471518736,370.59508857356064,51.235758578312925,271.3461416335551,200.86886289815268,70.4772787354024,NB
frame_a_866.43_866.6,13.378444630307229,0.0,0.5481955761507793,420.5960839917774,374.33433557152654,46.26174842025085,25.813227549859647,8.671258202010591,17.141969347849056,NB
frame_Su_866.6_866.78,202.1510570794892,0.1800000000000636,-0.4491216188165563,408.4732025126163,363.0701934760244,45.40300903659187,550.1285290732915,358.82587642957003,191.30265264372144,NB
frame_ew_866.96_867.11,24.69192085630209,0.0,0.4946500342388771,419.5179063584597,375.5798731798427,43.93803317861699,50.303229562592605,14.526150716882626,35.77707884570998,NB
frame_na~w~_867.11_867.25,7.481506516911139,0.0,-0.6731964394516654,418.8233465782041,373.77254662732014,45.05079995088397,46.0119419011001,25.722359720214627,20.289582180885475,NB
frame_na~w~_867.25_867.34,55.14282938802245,0.169999999999959,-0.8088404981487594,410.4469912567628,367.067738690352,43.3792525664108,3.719770029122856,2.213890793355361,1.5058792357674946,NB
frame_es_867.51_867.65,66.84764600867997,0.0,-0.6581180713052167,404.9156718946727,360.8580971652348,44.05757472943793,59.15398939733094,33.09490886788784,26.0590805294431,NB
frame_tow_867.65_867.75,258.8848712738335,0.0,-0.8889939762092871,421.4717280036612,378.423534694976,43.0481933086852,44.15800009452073,24.513808943311236,19.644191151209498,NB
frame_dZi_867.75_867.84,13.636704990526226,0.0,-0.521215233932947,420.2364767026375,375.2308644725276,45.00561223010982,2.782768465747665,1.3627624728406147,1.4200059929070503,NB
frame_a_867.84_867.96,17.943131302060436,0.0,0.0674131231260032,407.22655833916986,364.96008535010407,42.26647298906579,1.2185229132046231,0.6526963057417845,0.5658266074628386,NB
frame_koR_867.96_868.1,4.131569816464946,0.0,-0.3527502788157231,422.48577517636926,378.44189795030894,44.04387722606032,9.037727091615013,4.462143907942391,4.57558318367262,NB
frame_du_868.1_868.26,160.91558858888718,0.0,0.7090280033147386,412.911382480217,366.84034774116674,46.07103473905028,309.85003610032584,136.83998174678538,173.01005435354045,NB
frame_ko~_868.26_868.37,24.051930884283536,0.0,-0.6584676032678849,413.4362363802742,369.4158523684981,44.02038401177606,38.46182977114484,21.573944775083334,16.8878849960615,NB
frame_is_868.37_868.73,45.82548939229116,0.0,0.1279147915657436,404.30188471079015,354.7948884154079,49.50699629538224,268.1472911199956,154.10601646720423,114.0412746527914,TB
frame_tu_868.73_868.82,85.34021929829751,1.839999999999918,-0.1917550361195751,395.4156125207694,352.3281735656778,43.08743895509161,1.014771367298117,0.34142203764452,0.6733493296535968,NB
frame_ew_870.66_870.75,16.64873990747867,0.0,-0.3699260449179646,424.6349828285879,378.3726380258772,46.262344802710686,14.19711959478218,2.7268290731413742,11.470290521640806,NB
frame_na~w~_870.75_870.93,35.58659173718979,0.0,0.1406679127216456,424.4269589283634,377.5312686178506,46.895690310512805,14.95335533386205,3.971385667307885,10.981969666554164,NB
frame_a~_870.93_870.96,36.390995616055136,0.0,-0.8088404981472173,396.982657772126,355.23831206811406,41.74434570401195,5.805206432440599,1.7687424622538117,4.036463970186787,NB
frame_dej_870.96_871.16,32.84771022713599,0.0,-0.3699260449196028,417.3091982776648,371.1888793968389,46.12031888082595,2.896957290961751,1.3932019635639392,1.503755327397812,NB
frame_pi_871.16_871.26,102.60376901614744,0.0,-0.1317372186352085,408.49760414843615,364.1914336409504,44.30617050748572,136.50416492359216,62.61698471855959,73.88718020503256,NB
frame_Sa~_871.26_871.58,9.579892136880602,0.0,0.5476000888083011,422.9816753177112,371.8375382811988,51.14413703651235,22.38311148646818,16.113410212587183,6.269701273880997,NB
frame_du_871.58_871.66,10.50242870200782,0.0,-0.4491216188165563,413.69087953932006,370.358064527403,43.33281501191709,8.748113121946119,6.35923858788999,2.3888745340561286,NB
frame_muj~_871.66_871.89,3.1215388531565798,0.0,-0.063071744771816,415.745853395017,367.7761509928549,47.969702402162056,20.167088877210404,7.706154203726555,12.460934673483848,NB
frame_tu_871.89_872.01,16.518089833637248,0.0,-0.3204383274687972,415.5016134958758,371.4777086516912,44.023904844184585,9.014140451058909,6.255409905988898,2.7587305450700086,NB
frame_lEvistraws_872.01_872.4,24.01461006392668,0.0,-0.7728554565207537,416.07772097183147,365.1383263691073,50.93939460272412,17.667813155575885,5.4326692166978745,12.23514393887801,NB
frame_pa_872.4_872.49,28.745123134592063,0.0,-0.7979952923177192,420.1737158047816,374.9609197151278,45.21279608965381,5.55818536504718,2.1751100848566125,3.3830752801905675,NB
frame_ra_872.49_872.62,314.44384029637746,0.0,-0.7979952923177192,411.9874157734029,367.4235855651447,44.56383020825825,21.2236504980778,4.258425326597433,16.96522517148037,NB
frame_vo_872.62_872.76,37.80914987009764,0.0,-0.7979952923177192,417.985022452871,372.6321364733085,45.35288597956253,3.9175381466218937,1.8592640784247865,2.0582740681971075,NB
frame_sejs_872.76_872.89,10.271963327825745,0.0,0.0,419.93359898113295,373.1242507109764,46.80934827015648,0.4917714178110373,0.1869522233779434,0.3048191944330938,NB
frame_poX_872.89_873.14,94.05660262851984,0.0,-0.6581180713052167,420.051869191116,371.0754100990414,48.976459092074606,219.21516611275285,136.28502293733783,82.93014317541503,NB
frame_ki_873.14_873.2,2.097275427746496,0.0,-0.6510412390326851,408.48731629200336,365.28059643519344,43.20671985680991,5.0492180535406135,2.3798334370110297,2.669384616529584,NB
frame_se_873.2_873.29,0.5123396253964074,0.0,-0.3699260449196028,418.6269303987789,374.6556037007533,43.97132669802557,5.997568883315466,3.831729083103909,2.165839800211557,NB
frame_na~w~_873.29_873.44,9.780920884919766,0.0,-0.8088404981487594,403.6330521215107,359.4129076055218,44.22014451598892,46.79484366728498,11.512981951867232,35.28186171541775,NB
frame_vo_873.44_873.51,22.8909082015967,0.0,-0.7102460770801312,412.7077524988247,371.1810010417552,41.52675145706951,3.5821908684099952,1.3063278854910294,2.275862982918966,NB
frame_sejs_873.51_873.6,13.105611872293537,0.0,0.0,418.20285124207857,373.1459893741479,45.05686186793065,30.572347962740597,21.847287570116805,8.725060392623789,NB
frame_na~w~_873.6_873.83,0.7537214681598243,0.0,-0.6581180713052167,418.8881150996457,370.97012263197337,47.91799246767238,16.379249843649177,8.329540847779185,8.049708995869992,NB
frame_ko_873.83_873.93,6.580721364872915,0.0,-0.3527502788177552,419.7836361574792,374.8030142561594,44.98062190131981,14.443039128977349,9.41659623956022,5.026442889417126,NB
frame_Je_873.93_874.14,234.0698024510305,0.0,0.926938073817298,412.8406095678836,366.73170343856094,46.10890612932264,507.6457086463768,226.27760749766557,281.3681011487113,NB
frame_se~j~_874.14_874.33,36.63042997620556,0.0,-0.839183335526277,407.91571950199045,362.1934671955419,45.722252306448524,7.846176026395028,5.470033649408165,2.376142376986863,NB
frame_majs_874.33_874.51,38.58863309176972,0.0,-0.7979952923177192,417.32714233354056,370.1100781043463,47.21706422919425,83.36322617992477,39.75614994196461,43.60707623796016,NB
frame_ew_874.51_874.61,9.808198385720686,0.0,-0.8022140844980237,421.7749832656002,376.89635473285335,44.87862853274692,6.650098881750068,3.2913732931995128,3.358725588550556,NB
frame_a_874.61_874.64,309.85698698573464,0.0,-0.7979952923177192,412.874592254621,369.5956488005682,43.27894345405281,5.160987157603984,2.8636346407993187,2.297352516804665,NB
frame_a~_874.64_874.93,70.9302651230725,0.0,2.7179050279386727,418.5862245402312,368.372950512778,50.21327402745322,456.0410381411327,361.3510348039623,94.69000333717042,NB
frame_nus_874.93_875.2,26.283857646317443,0.0,-0.3204383274687972,408.68876494889554,359.6853326218434,49.00343232705217,41.04877352116185,22.097236083961636,18.951537437200216,NB
frame_ki_875.2_875.28,20.47109444167654,0.0,-0.651041239034161,419.6822795800901,374.7738526515876,44.90842692850242,2.005022286434468,0.3973754946581778,1.6076467917762898,NB
frame_ew_875.28_875.51,37.28307175304781,0.4500000000000455,-0.8022140844980237,412.280047233992,367.4902370945089,44.78981013948305,16.895329992557592,6.640916360692231,10.25441363186536,NB
frame_mi_875.96_876.1,49.79769718589813,0.0,0.3875668017652199,417.5774075181944,371.7196812675994,45.857726250594965,78.28836098022288,33.90353506196166,44.38482591826122,NB
frame_ba_876.1_876.35,22.059675714054208,0.0,0.836665047964989,421.2497481025252,372.27248106027577,48.97726704224942,165.78747065690487,126.6850634687409,39.10240718816395,NB
frame_tu_876.35_876.5,60.47816818008003,0.0,0.5803447119669796,411.7344406582833,368.1228721217768,43.611568536506525,90.91459376696176,63.75500498290545,27.15958878405632,NB
frame_ko~_876.5_876.78,20.561334828118703,0.0,0.9409784561562388,419.8722249350824,371.790583171546,48.081641763536425,25.82586793809492,6.90867111362553,18.917196824469386,NB
frame_tra_876.78_876.87,24.586827571606847,0.0,-0.7979952923177192,411.3134153137329,367.9134848406151,43.39993047311782,8.168925963984748,2.6409747791161777,5.52795118486857,NB
frame_u_876.87_876.96,37.97613130350861,0.0,0.1942948379237021,413.86627708592914,370.4716627680899,43.39461431783928,4.234699766634094,1.907046912711991,2.3276528539221037,NB
frame_es_876.96_877.17,36.259771753002894,0.0,-0.8022140844980237,414.3768796596014,366.87933764275175,47.49754201684965,12.72263037605272,7.4798264275139985,5.242803948538722,NB
frame_tru_877.17_877.26,37.42320277332168,0.0,-0.5778049101643155,403.08086727919726,360.3727036358428,42.70816364335445,3.749770467724417,1.0340172650486463,2.7157532026757707,NB
frame_tu_877.26_877.34,34.074480902554754,0.0,-0.3204383274673342,417.09856473085927,373.3302330759722,43.76833165488705,7.73129078474588,3.408589434829864,4.3227013499160165,NB
frame_ra_877.34_877.43,413.71229820423815,0.0,-0.5095258205035094,417.1220669845085,372.15735272937246,44.964714255136016,67.81065459168838,30.723373290817563,37.08728130087081,NB
frame_liz_877.43_877.52,17.34090176986078,0.0,-0.651041239034161,409.4507717827578,365.700853904376,43.74991787838178,10.800512137867202,3.692290186109716,7.108221951757486,NB
frame_mu_877.52_877.61,69.94609299754993,1.0900000000000318,-0.5778049101643155,404.7799142722351,362.9836042509719,41.7963100212632,1.833211333291871,1.401236493122056,0.4319748401698149,TB
frame_e~j~_878.7_879.07,16.341384519804592,0.0,-0.839183335526277,413.7143781389127,361.3592801454256,52.35509799348705,165.2576235695831,68.54586920568173,96.71175436390138,NB
frame_to_879.07_879.21,4.732027550866746,0.0,0.362241317709029,424.0927329863738,379.07550630087576,45.01722668549809,8.232798844308917,2.5561724927018474,5.676626351607069,NB
frame_du_879.21_879.28,7.559075386832973,0.0,-0.5778049101643155,419.8123637835292,375.7322705830742,44.080093200455,1.6040179235090193,0.6985480523622414,0.905469871146778,NB
frame_u_879.28_879.37,7.094596441234927,0.0,0.1942948379237021,405.3344393438032,364.4508291328746,40.883610210928566,5.322827426650548,1.5777444130121694,3.7450830136383786,NB
frame_ka_879.37_879.62,310.0609063594113,0.0,0.7405085573602525,417.3410771285552,370.6634326100132,46.67764451854197,120.69928728328966,77.96776895467292,42.73151832861674,NB
frame_zu_879.62_879.78,158.11864889897805,1.4200000000000728,-0.5778049101643155,407.69266140858815,363.0918016729306,44.60085973565754,21.02831425822333,9.97778291808811,11.050531340135224,NB
frame_nes_881.2_881.9,61.60273650616608,0.0,0.4946500342388771,421.8083052626178,358.78059966136794,63.02770560124986,151.7896117983947,51.69160899145055,100.09800280694417,NB
frame_tSi_881.9_882.08,0.0769619963919581,0.0,0.9068708221656484,415.9374914540699,368.1007056756689,47.836785778401065,32.107291841122446,23.32272852861837,8.784563312504076,NB
frame_ni_882.08_882.35,46.85747814353968,0.0,2.0753048680632915,416.9874903845544,367.7670003253727,49.22049005918166,105.60655188400312,33.14837057856866,72.45818130543447,NB
frame_vew_882.35_882.58,38.56236273700856,0.0,0.2064580078532631,421.4344267570385,373.0076614133648,48.42676534367382,23.44909388219314,10.821566109581228,12.627527772611913,NB
frame_dZi_882.58_882.67,51.56659024776923,0.0,-0.651041239034161,415.7762113597105,372.9252870752648,42.85092428444568,2.3524909761974726,1.0783041012948047,1.274186874902668,NB
frame_a_882.67_882.79,86.15685470210538,0.0,0.0674131231260032,415.0403767619858,369.4327540348068,45.60762272717904,61.34392473539953,19.30942436567432,42.034500369725215,NB
frame_na_882.79_883.24,18.992781190226964,0.0,2.471325388246604,417.25896549957474,362.9093655396049,54.34959995996985,74.02809334317254,26.80220769005774,47.2258856531148,NB
frame_li_883.24_883.36,61.636902930752186,0.0,0.1279147915657436,407.9783328714594,363.70946787825903,44.26886499320034,99.07762368533392,45.50329905916148,53.574324626172434,NB
frame_zi_883.36_883.6,41.56573554376152,2.490000000000009,-0.521215233932947,401.01581659790605,354.36539696393777,46.65041963396828,0.6333640748295863,0.2714515976485643,0.361912477181022,NB
frame_ew_886.09_886.26,13.016007514705509,0.0,-0.2258300317267958,422.66660967054247,376.1624216661705,46.50418800437188,9.845474477611162,4.990255306041405,4.8552191715697575,NB
frame_krej_886.26_886.5,34.114738848540526,0.0,-0.3699260449179646,421.4553857595109,374.4410529911879,47.01433276832307,20.243908428910373,9.67510714869232,10.568801280218054,NB
frame_u_886.5_886.54,241.53825810137465,0.0,-0.4491216188165563,409.4987057531264,367.1202983262353,42.3784074268911,2.627301048548361,0.7671422703984376,1.8601587781499236,NB
frame_ki_886.54_886.6,218.74146452983464,0.0,-0.651041239034161,411.5797028584688,369.09361194789454,42.486090910574205,58.30809606142077,15.89209801934254,42.41599804207823,NB
frame_nOjs_886.6_886.84,17.10414099015759,0.0,-0.8140435694306344,419.2899361140242,371.5004312936088,47.78950482041546,14.868652089776475,9.508925840861307,5.359726248915166,NB
frame_po_886.84_887.01,0.2019757648200482,0.0,0.7197371159714051,419.780955330921,373.5405556446674,46.240399686253625,27.47388343677983,20.035718613051586,7.438164823728243,NB
frame_de~_887.01_887.15,14.271110968845392,0.0,0.11197758057778,418.54441663741295,375.2896609777158,43.25475565969714,25.764121822245187,11.628411890397755,14.13570993184743,NB
frame_mus_887.15_887.39,2.302111564125539,0.0,-0.3204383274687972,412.5010352932972,365.1574260801661,47.34360921313106,19.32143053934078,11.673915808459071,7.64751473088171,NB
frame_u_887.39_887.42,5.849480575897729,0.0,-0.5778049101643155,388.7491949524184,348.37995439424463,40.36924055817377,8.583541829964474,3.370384994902878,5.213156835061596,NB
frame_tSi_887.42_887.55,6.30335363413289,0.0,-0.0019112135354704,417.0458167085086,371.1172303903827,45.92858631812595,21.389711343276844,10.139045134143174,11.25066620913367,NB
frame_li_887.55_887.62,27.388433026621385,0.0,-0.5212152339344229,409.677674663139,366.95469094942575,42.722983713713234,19.97916755818221,10.884904013431168,9.094263544751044,NB
frame_zaR_887.62_888.12,28.877479662714165,0.0,0.1635696137307398,417.9229060198018,360.8864446873905,57.03646133241136,36.028027958967414,11.92030399453597,24.107723964431443,NB
frame_mus_888.12_888.28,17.933401016051363,0.0,-0.4491216188150934,416.51937639016273,370.2627498151976,46.25662657496514,3.474082502043956,2.553648602272972,0.920433899770984,NB
frame_des_888.28_888.39,30.270379040412596,0.0,-0.6581180713035786,414.7060939063722,371.00060836018815,43.70548554618404,10.758230184361082,5.812086792393359,4.946143391967723,NB
frame_ta_888.39_888.47,33.478274277205514,0.0,-0.6056823111071528,416.2342018128418,373.13227020497385,43.10193160786798,5.830478416080382,2.984144338632632,2.84633407744775,NB
frame_Re_888.47_888.56,32.980970949180886,0.0,-0.3699260449196028,407.3688536744089,364.61265968785017,42.7561939865588,4.454717235435879,1.928607921343627,2.5261093140922526,NB
frame_fle_888.56_888.74,50.193156962453926,0.0,-0.3699260449179646,412.7965571152052,367.4768672659432,45.31968984926198,25.162706396288684,16.665077565697644,8.49762883059104,NB
frame_ksa~w~_888.74_889.11,49.18164430381417,0.5099999999999909,-0.8088404981472173,402.0677747309319,351.03208344710606,51.03569128382583,1.8190273649023112,0.8693881262152132,0.949639238687098,TB
frame_pa_889.62_889.84,164.74517634127838,0.0,0.7405085573602525,401.6299369815206,354.41673702187745,47.213199959643134,48.71547985582889,31.172572846316957,17.542907009511936,NB
frame_ra_889.84_889.91,163.93722361693358,0.0,-0.7018388017129825,397.9173555020982,356.55189141705256,41.36546408504563,13.091078762244706,7.089966121964565,6.001112640280141,NB
frame_u~_889.91_890.5,158.06654845389374,0.7300000000000182,1.987424298696873,413.6696115928654,354.7268975662692,58.94271402659621,114.18295038113494,85.47791284719085,28.705037533944093,NB
frame_gra~_891.23_891.44,0.0482670347097951,0.0,0.8188882062009469,423.0961321858267,374.65852420420754,48.43760798161918,12.978987254430136,4.385481090160937,8.5935061642692,NB
frame_dZi_891.44_891.5,2.4732537257580702,0.7999999999999545,-0.651041239034161,413.6977889028323,372.1586544712993,41.539134431533,4.303364581500091,3.089336396195364,1.214028185304727,NB
frame_nu_892.3_892.42,161.7087651937723,0.0,-0.5778049101643155,413.2235351816215,369.77639942257554,43.44713575904592,5.782357997354907,3.757080469761704,2.025277527593204,NB
frame_me_892.42_892.57,31.67381375888479,0.0,0.2064580078532631,420.1367704326938,374.65527013497547,45.48150029771836,23.17938335935645,13.152514736096805,10.026868623259643,NB
frame_ru_892.57_892.64,30.39162170644684,0.25,-0.4491216188165563,414.0774885503048,370.8929122356356,43.18457631466919,2.440324052297342,1.251200841272464,1.189123211024878,NB
frame_dZi_892.89_893.09,55.79896178000335,0.0,0.6472188119646962,416.5846076131056,370.1602939503711,46.424313662734505,10.5519079234398,4.119918072957105,6.431989850482694,NB
frame_gru_893.09_893.26,51.82327124505585,0.0,0.065611546575943,421.2782716193431,375.2168650264425,46.06140659290054,85.67201061691014,23.06905277688196,62.60295784002818,NB
frame_pus_893.26_893.55,1.088041237917821,0.0,0.5803447119669796,411.1005396163725,362.1873714450717,48.913168171300754,146.98933506189562,75.10507629678494,71.88425876511067,NB
frame_u~_893.55_893.58,65.94203966275315,0.0,-0.5101718816476191,400.7135022667092,358.5332879659127,42.18021430079648,9.792707995614776,7.171385559865286,2.621322435749491,NB
frame_ma~_893.58_893.78,30.811073929101155,0.0,0.0050238540245517,419.8825702407062,372.4019601559358,47.480610084770376,73.69132833052264,35.955874376598445,37.73545395392419,NB
frame_nus_893.78_894.37,50.1541259864447,0.7899999999999636,-0.3204383274687972,407.9267699444284,351.09670295913065,56.830066985297776,275.3279267204792,212.33487339716163,62.993053323317525,NB
frame_e_895.16_895.21,37.41007308325959,0.0,-0.5140220581107716,415.4436730981839,373.1369946232357,42.306678474948285,5.312186727810342,2.8787329695987296,2.4334537582116127,NB
frame_zis_895.21_895.55,0.4176352331857629,0.0,-0.2615632237349466,418.4907029146187,368.7425852040929,49.74811771052583,96.42302377757736,42.360948088315325,54.06207568926203,NB
frame_te~j~_895.55_895.8,12.510355018456238,0.0,-0.7202882210134388,422.82713733892456,374.4965849785067,48.33055236041787,11.062656827369269,6.531576960728017,4.5310798666412495,NB
frame_e~_895.8_895.87,11.03070559570736,0.0,-0.3636028774735726,400.8444333216921,359.0798377176551,41.76459560403703,1.5789355666076972,1.0095365055363177,0.5693990610713797,NB
frame_ta~w~_895.87_896.23,83.00737415616554,0.8999999999999773,-0.130620204669458,416.5053690742169,365.1727583146902,51.33261075952669,30.29837304607648,19.145521769612287,11.15285127646419,NB
frame_foX_897.13_897.32,37.01586572736184,0.0,0.898485015102593,424.6858399076252,376.8536635060312,47.83217640159398,144.46856468538274,39.13674014387013,105.33182454151262,NB
frame_sas_897.32_897.48,39.53208040209796,0.0,0.0,416.6576448660493,369.3590542975397,47.29859056850961,111.75766817831013,62.49851517633681,49.25915300197332,NB
frame_ki_897.48_897.72,117.16502583877292,0.0,-0.7979952923177192,408.16184521120135,361.1685028233372,46.99334238786412,67.50427897145391,30.809899653363388,36.694379318090526,NB
frame_suR_897.72_898.12,41.83189622640885,0.0,-0.4491216188150934,418.9171255939817,366.5755933013555,52.3415322926262,251.24483339477388,107.6887931836423,143.55604021113157,NB
frame_Ze~j~_898.12_898.39,22.947729617803617,1.3700000000000043,-0.6013931064992489,410.521363321557,364.79835747704135,45.72300584451568,169.48967101991752,136.20234960768565,33.28732141223188,NB
frame_ki_899.76_899.84,27.04122967941774,0.0,-0.6510412390326851,418.3899311178977,373.74436357062206,44.64556754727562,8.776985001346844,3.8277345090197623,4.9492504923270815,NB
frame_si_899.84_900.15,17.61328765496185,0.0,-0.0019112135354704,421.06587455462295,369.6111369170257,51.45473763759725,16.780754282904013,10.903008014835308,5.877746268068705,NB
frame_ma_900.15_900.28,51.1644858140983,0.0,-0.2210563486892997,421.6742244102702,376.7606924796799,44.91353193059035,11.106846278464303,3.774322789223646,7.332523489240657,NB
frame_ni_900.28_900.34,44.5422982678966,0.0,-0.6510412390326851,415.6071143815812,371.4290219435711,44.17809243801014,4.998742611991247,3.0486712439659414,1.9500713680253057,NB
frame_fes_900.34_900.96,2.247404609977224,0.0,0.782842060624491,420.333548568317,359.5383330810222,60.7952154872948,143.8725635819186,68.50557077671476,75.36699280520382,NB
frame_ta~w~_900.96_901.27,26.89821399027437,1.2699999999999818,-0.2662642633665519,422.2405667402579,373.5337021121372,48.70686462812074,150.83395719297764,44.169889562356246,106.6640676306214,TB
frame_e~_902.54_902.57,6.355715414085083,0.0,-0.8391833355249253,392.0542265205536,350.0562294901121,41.997997030441525,21.000561758595254,12.87697750720706,8.123584251388195,NB
frame_ta~w~_902.57_903.13,24.479403181640947,0.7999999999999545,-0.8088404981487594,403.9843877826827,347.52595575492296,56.45843202775967,66.40301443963747,29.625181821587304,36.77783261805018,NB
frame_u_903.93_904.09,13.172377864254573,0.0,1.095077877359479,422.0325886830709,374.9539587451961,47.07862993787478,6.445357545824635,2.6191949198966142,3.8261626259280206,NB
frame_vER_904.09_904.56,54.76677233831626,0.0,1.8784933802033907,422.3954982537536,367.4536336417673,54.94186461198626,472.9376885563699,364.4446513129728,108.493037243397,NB
frame_bu_904.56_904.67,50.12961337269296,0.0,0.0656115465744801,414.28458775548927,369.088240868597,45.196346886892286,15.260982964172412,7.481323915633496,7.779659048538917,NB
frame_e~_904.67_904.75,50.00317165346327,0.0,-0.2447077629607344,405.9385471504904,362.0042616036436,43.93428554684681,2.422466167256019,1.7706980781057382,0.6517680891502806,NB
frame_tri_904.75_904.86,40.19736737646865,0.0,-0.651041239034161,415.3787323337858,369.6660884968516,45.712643836934205,1.7609224086062056,0.8744221777920558,0.8865002308141499,NB
frame_ujs_904.86_905.11,47.43072112204865,0.0,-0.5778049101643155,412.7765111908489,364.5663327302814,48.21017846056748,2.80451563444538,1.3674180624440453,1.4370975720013348,NB
frame_o_905.11_905.32,22.40796890592918,0.0,2.328468208154129,418.65744137457887,373.4588464797346,45.19859489484424,8.933313323232909,5.418029849931429,3.51528347330148,NB
frame_pi_905.32_905.42,34.25716305589481,1.9500000000000453,-0.1317372186352085,402.06396190724456,359.7670853983094,42.29687650893516,106.01648615304931,59.65973615727077,46.35674999577854,NB
frame_te~j~_907.37_908.04,16.364687279554033,0.0,0.11197758057778,420.1244925725015,360.07327885771497,60.051213714786456,125.56261889461028,27.35415414958291,98.20846474502736,NB
frame_du_908.04_908.25,38.85470215648422,0.0,0.9663945860102569,422.7829532703792,373.9626264411965,48.82032682918276,71.1644647705377,23.349345296151853,47.81511947438585,NB
frame_as_908.25_908.47,36.311053475226544,0.0,-0.3172128392929431,406.4933361940616,361.784764727268,44.70857146679367,13.756812896474456,7.575394617482232,6.181418278992226,NB
frame_ka_908.47_908.64,10.732099585365148,0.0,0.1635696137307398,416.570113225714,370.858724475882,45.711388749832,10.04600618597746,4.092550966012965,5.953455219964496,NB
frame_te_908.64_908.78,18.47874383966001,0.0,0.2064580078532631,416.0869810873638,371.1856920826396,44.90128900472433,6.811185852298223,4.034759644475798,2.776426207822425,NB
frame_go_908.78_908.85,20.800825449182668,0.0,-0.8889939762113193,418.92697330491217,375.2893296830273,43.63764362188482,2.249661097118633,1.5637219514529477,0.6859391456656851,NB
frame_ri_908.85_909.13,72.60198741951233,0.0,1.556000847664339,414.4952328535098,364.604900977624,49.890331875885806,79.88622978600135,43.88003593344836,36.006193852553,NB
frame_as_909.13_909.24,95.62652639826608,0.2599999999999909,-0.3172128392929431,401.3830205979869,357.30987022854686,44.07315036943993,32.07726763072196,17.75924155138304,14.318026079338914,TB
frame_se_909.5_909.79,0.908640935569906,0.0,-0.2258300317267958,421.49468889722857,370.58780045368894,50.90688844353963,64.36036939405412,17.49334299518725,46.86702639886687,NB
frame_gu~_909.79_909.95,43.22410943502291,0.0,-0.1533724273129812,418.1174541557727,372.3091440478447,45.80831010792804,114.37068539125906,40.75280650760743,73.61787888365163,NB
frame_du_909.95_910.01,70.85705363165476,0.0,-0.5778049101643155,415.29671231726695,371.4888644305103,43.80784788675669,6.180543732359624,4.072985481049287,2.107558251310337,NB
frame_woXf_910.01_910.45,96.00671980370964,0.9399999999999408,-0.5314981779489433,413.6106845019012,359.9063339999074,53.70435050199376,19.89528812258726,13.761081227686075,6.134206894901183,TB
frame_no_911.39_911.45,98.08796632075554,0.0,-0.8889939762092871,409.264124912437,367.7435529675112,41.52057194492585,47.10913686134225,19.54021614325754,27.568920718084712,NB
frame_te~j~_911.45_911.54,54.74563315019063,0.0,-0.839183335526277,410.0893242117537,365.6603672935996,44.42895691815414,36.39000411828758,12.941712480007851,23.448291638279727,NB
frame_ew_911.54_911.62,26.70131535813277,0.0,-0.5140220581107716,419.7897075062783,376.01094554456967,43.7787619617086,18.757913345625862,6.962414474846611,11.795498870779255,NB
frame_na~w~_911.62_911.82,22.515593552493726,0.0,-0.8088404981487594,416.68627002050914,369.4372729723355,47.24899704817364,36.89055104031823,6.031690187413886,30.858860852904343,NB
frame_sej_911.82_912.3,8.084261740223326,0.6700000000000728,-0.8022140844980237,416.2491621444872,360.88040049027074,55.368761654216485,31.184928529915737,17.46536322736847,13.719565302547268,NB
frame_si_912.97_913.16,10.984093395023136,0.0,-0.651041239034161,422.8435272937651,374.595073436012,48.248453857753134,12.742227700831108,4.812273130607878,7.929954570223231,NB
frame_is_913.16_913.32,10.848235018807742,0.0,-0.6510412390326851,416.6091428147287,370.0523240304656,46.5568187842631,20.789755718139475,13.151204118643449,7.638551599496026,NB
frame_tu_913.32_913.38,13.472100992125291,0.0,-0.5778049101643155,412.94834011713823,371.3890250436553,41.559315073482935,11.780426130533584,4.334686112905303,7.445740017628282,NB
frame_na~w~_913.38_913.56,18.657870514033306,0.0,-0.5375523807561136,421.92375590000177,375.2799730960947,46.64378280390707,12.580376979548165,6.435144809595414,6.145232169952749,NB
frame_foj_913.56_913.8,21.77292002524277,0.0,-0.3527502788157231,420.17440496568014,373.5029954349512,46.671409530728965,182.9873749872848,146.49247535005105,36.49489963723374,NB
frame_ko~_913.8_914.14,18.250993405941045,0.0,1.1409092135841123,419.8973381853403,369.3932235277723,50.50411465756798,40.870806485332366,10.32216874075445,30.54863774457792,NB
frame_ple_914.14_914.41,14.54595123076092,0.0,1.2151301002029118,419.4753062971146,370.98700289027744,48.48830340683719,6.938381674385255,2.6264144338981907,4.311967240487064,NB
frame_ta_914.41_914.54,37.50512387013907,0.0,-0.1248998580845631,416.6242235477631,372.5058429219024,44.11838062586071,19.42281847522753,11.91392861660688,7.508889858620648,NB
frame_me~_914.54_914.7,17.21217700042922,0.0,0.11197758057778,414.9177327899642,368.74719449935066,46.170538290613536,30.356219929966585,8.821905004794871,21.534314925171717,NB
frame_tSi_914.7_914.85,75.22927127894268,0.0,-0.2615632237334707,406.7875170668628,363.00796473535166,43.77955233151113,138.0128172662194,75.33518789951542,62.677629366703975,NB
frame_tra~s_914.85_915.17,12.5849336247513,0.0,0.2763119714171975,421.0529007383276,370.1637824048576,50.88911833347004,18.643684434655057,4.575019389165021,14.068665045490036,NB
frame_foR_915.17_915.41,36.19909267840225,0.0,0.5409892168402171,421.6752980244052,373.34279239157706,48.33250563282803,19.24305100390237,9.904523785247193,9.338527218655171,NB
frame_ma_915.41_915.81,18.988262126396364,0.0,2.471325388245511,418.9006311344128,367.1848672417423,51.715763892670566,301.84704955719087,199.0576109297248,102.78943862746604,NB
frame_du_915.81_915.87,2.331139215453618,0.0,-0.5778049101643155,415.4038377522714,373.77973413634106,41.62410361593038,7.958164005089799,3.8093596668195175,4.148804338270281,NB
frame_pe_915.87_915.94,29.152041998120357,0.0,-0.6581180713035786,408.23983931219504,367.0454707371217,41.19436857507333,40.41045168297302,26.233948763052013,14.176502919921006,NB
frame_la_915.94_916.12,30.22763986189645,0.0,-0.4133693298976796,421.5779101853517,374.067364296081,47.5105458892707,32.58624868749965,15.856515171052564,16.729733516447084,NB
frame_li~_916.12_916.35,122.56643990839542,0.0,-0.9029056157674582,411.1470085608317,363.0071272977,48.13988126313171,2.892842463573345,1.5308280595292132,1.3620144040441318,NB
frame_gwi_916.35_916.45,38.40955683560392,0.0,-0.521215233932947,419.0032803557479,373.7509934780173,45.25228687773051,5.641968146812985,2.130404291705588,3.511563855107397,NB
frame_stSi_916.45_916.63,40.09056985973922,0.0,-0.5212152339344229,408.8553887605154,362.0801528433458,46.7752359171696,30.58705357872276,24.0590538971812,6.527999681541559,NB
frame_ka_916.63_916.74,47.01981653342443,0.0,-0.605682311108246,417.6108067047039,374.0481419041001,43.56266480060378,13.074557434127088,8.322778919268387,4.7517785148587,NB
frame_mo_916.74_916.92,39.34186902644342,0.0,0.5409892168402171,419.4252152995001,373.1957111923963,46.22950410710382,10.38332734733754,2.5948652251692863,7.788462122168255,NB
frame_deR_916.92_917.15,389.0501275168388,0.0,0.926938073817298,415.4798284321183,368.42322637843984,47.05660205367849,183.9745579886089,51.56176122120644,132.41279676740243,NB
frame_na_917.15_917.3,132.06934092601637,0.9400000000000546,-0.7018388017129825,399.9301503267672,356.6174774004848,43.3126729262824,18.035075333814525,9.290952185346256,8.744123148468269,TB
frame_na_918.24_918.34,32.49803431092687,0.0,-0.7018388017118894,418.41281564938447,375.5438475187959,42.86896813058854,22.041727057526103,7.361429793414175,14.680297264111928,NB
frame_E_918.34_918.5,21.064185530046217,0.0,0.3073236991812206,423.5678110040792,376.896648012066,46.6711629920132,32.970240872982885,9.2266266003777,23.743614272605186,NB
frame_po_918.5_918.56,25.388674715861185,0.0,-0.8889939762113193,410.0368708925484,367.5547895801508,42.48208131239761,9.594874510469111,3.0822527784132205,6.512621732055891,NB
frame_ka_918.56_918.62,23.617688709716617,0.0,-0.7979952923177192,413.10542005043504,370.36006497984937,42.74535507058568,7.32937821736104,5.576394231175328,1.7529839861857113,NB
frame_e~j~_918.62_918.7,18.821912225369203,0.0,-0.6013931065006006,405.81316462849554,364.0980121275984,41.71515250089715,4.80601125359297,3.089745873749166,1.7162653798438043,NB
frame_ki_918.7_918.76,187.1475130415264,0.0,-0.651041239034161,414.2128802598229,372.0887392863481,42.12414097347482,4.647855736684221,0.9822178144483472,3.6656379222358737,NB
frame_ew_918.76_918.82,9.378282020815874,0.0,-0.8022140844980237,411.7156793812712,369.73233301688646,41.98334636438477,12.382831739024256,7.677337150431356,4.705494588592899,NB
frame_es_918.82_918.98,152.97687257036645,0.0,-0.8022140844980237,409.8605121405936,363.586814448007,46.27369769258661,2.6863461834528266,0.5838663142699829,2.102479869182844,NB
frame_tSi_918.98_919.06,21.299803375412157,0.0,-0.3913892288346848,414.165211251353,370.6785565174858,43.48665473386728,5.399763409725921,3.073230079436115,2.3265333302898057,NB
frame_vi_919.06_919.14,102.3844510092467,0.0,-0.3913892288346848,414.2407428083313,370.2041845230165,44.03655828531481,15.021851084494015,8.02815513779177,6.993695946702246,NB
frame_nujs_919.14_919.28,42.44480752765524,0.0,-0.3204383274673342,410.328867077729,365.2841038303837,45.04476324734526,8.74373186151125,4.811980511296852,3.931751350214398,NB
frame_es_919.28_919.39,51.7507016065354,0.0,-0.8022140844980237,402.26681391494566,359.5632711016006,42.70354281334505,24.68194739965047,11.112115933909068,13.569831465741402,NB
frame_ta_919.39_919.6,375.2933700465853,0.0,0.6443520667555158,417.14941030742574,369.9692186375137,47.180191669912006,548.3222372760023,118.09192156407404,430.23031571192826,NB
frame_dus_919.6_919.8,40.55699437127495,0.0,0.5803447119669796,408.1648100981192,361.3131976611256,46.851612436993605,30.681282687935152,12.160760704439298,18.52052198349585,NB
frame_u~_919.8_919.83,10.982346519096891,0.0,-0.5101718816476191,401.53731692612,358.45999491032893,43.07732201579103,5.668483058527187,2.934718387323386,2.733764671203801,NB
frame_ni_919.83_920.03,38.25771732148411,0.0,1.1665228323636487,416.9079477653613,370.2143436179158,46.69360414744551,17.01578589110531,5.551789847863489,11.46399604324182,NB
frame_dus_920.03_920.16,99.2642735226752,1.1499999999999773,-0.1917550361210381,401.7841421329508,358.1705008100998,43.61364132285098,31.40400299753962,20.042893435657767,11.361109561881854,NB
frame_sa_921.31_921.62,8.853966986058538,0.0,0.836665047964989,416.87112076003206,368.53055019190094,48.34057056813111,10.739556152622155,7.535800868553821,3.203755284068336,NB
frame_piX_921.62_921.93,7.748587622894519,0.0,2.0753048680632915,419.139400027403,371.0441338071385,48.09526622026453,22.91188606228556,11.367820964763553,11.544065097522008,NB
frame_tSi~_921.93_922.04,122.06577093831272,0.0,-0.5364819007322623,408.9802823656836,364.46777963094297,44.51250273474062,18.063672066220303,12.449738351388532,5.613933714831774,NB
frame_Ja_922.04_922.14,26.60959302737436,0.0,-0.605682311108246,412.2530987293538,369.0713278191704,43.1817709101835,7.10924528618358,4.706157076391776,2.403088209791804,NB
frame_mo_922.14_922.3,25.070060397409065,0.0,0.1834934185758088,414.8080174348005,369.2240978213932,45.58391961340732,8.278914688728378,3.930681905108784,4.3482327836195935,NB
frame_Ri_922.3_922.47,29.23253414417917,0.0,0.3875668017652199,416.0948248880488,370.2570135054776,45.83781138257126,5.530086156376342,2.6775413435436377,2.852544812832704,NB
frame_du_922.47_922.62,35.53023013404311,0.0,0.5803447119669796,414.4720638923666,370.6816705304976,43.790393361868894,8.986399251242347,3.3354488379073075,5.650950413335039,NB
frame_a_922.62_922.65,19.67572552818353,0.0,-0.7979952923177192,388.1230940228121,347.65096593740395,40.472128085408144,8.487322630165664,5.390068190600374,3.0972544395652903,NB
frame_pow_922.65_922.8,37.30135887213734,0.0,-0.8889939762092871,416.2585235794483,370.9332639276217,45.32525965182663,3.685758261421356,1.7399540622783292,1.9458041991430264,NB
frame_ku_922.8_923.0,40.6896565582104,0.0,1.223761168705775,407.12943544687903,360.7662677194664,46.363167727412645,0.2130202298848758,0.1511566731821148,0.061863556702761,NB
frame_te~_923.0_923.21,20.532485551862948,0.0,0.8253482676561607,418.7288287246337,371.0871134677293,47.64171525690443,11.196476383379805,5.201039095283505,5.995437288096298,NB
frame_pu_923.21_923.31,100.58397991597867,0.0,-0.063071744773279,413.8229662305771,369.751567239897,44.07139899068005,17.10277872739178,12.202576616811116,4.900202110580665,NB
frame_i_923.31_923.37,13.10616385004289,0.0,-0.2615632237349466,417.0995958659734,373.04730336082383,44.05229250514958,2.037776275314272,1.4843448792576908,0.5534313960565811,NB
frame_Es_923.37_923.5,13.533000316810174,0.0,-0.576459246393122,407.0137181637195,365.8119324920089,41.20178567171058,1.3939131407307317,0.6194457057543445,0.7744674349763869,NB
frame_ta_923.5_923.67,15.622761133315407,0.0,0.1635696137307398,415.2517781394101,369.1943042792067,46.05747386020346,14.281001896199657,6.37152539667548,7.909476499524175,NB
frame_ko_923.67_923.89,89.64732666745846,0.0,1.9709724098897208,416.7075676353259,369.287723421324,47.4198442140019,355.7380114248035,244.1627934586445,111.57521796615904,NB
frame_Re~_923.89_924.15,16.171789996283962,0.0,-0.6013931065006006,407.5406867630562,359.99340894936324,47.54727781369297,2.833520578841643,2.034279897890798,0.7992406809508452,NB
frame_tSi_924.15_924.31,64.17895803992732,0.4200000000000727,-0.1317372186352085,404.5731874808023,359.71774228027067,44.85544520053162,5.741635674353773,2.0342415234769504,3.707394150876823,NB
frame_edZwaRdZ_924.73_924.91,13.196659077517978,0.0,0.926938073817298,422.7768285263617,375.3086191787516,47.46820934761013,8.422663471386358,3.1374198530517106,5.285243618334647,NB
frame_sa_924.91_925.01,25.09525535153881,0.0,-0.4133693298987728,415.92622993117817,370.9502127508591,44.97601718031905,54.88368074762671,29.796416075348446,25.087264672278263,NB
frame_piX_925.01_925.59,34.1766199493206,0.0,0.1635696137307398,413.7972163480087,356.578896540536,57.21831980747271,158.48065276215573,111.11040293630528,47.37024982585047,NB
frame_be~_925.59_925.77,22.7123081033308,0.0,-0.1258126484478963,420.82538543200553,374.2469583059657,46.578427126039855,42.67568827052887,14.397605285892212,28.27808298463665,NB
frame_Za_925.77_926.03,71.40790590849558,0.0,-0.7979952923177192,414.2380870791108,366.29707639907366,47.941010680037095,97.38565144950712,57.437590917341865,39.94806053216524,NB
frame_mi~_926.03_926.22,51.760105670659286,0.0,-0.658623139075939,417.1042311155594,369.20428613880745,47.899944976751954,10.31287073697692,3.617108338450791,6.695762398526128,NB
frame_woXf_926.22_926.76,82.76119482740137,1.9400000000000543,-0.8889939762113193,416.3308053352232,357.6744447106156,58.65636062460754,185.9881799270536,52.14636309620048,133.84181683085308,NB
frame_a_928.7_928.78,231.48120522549436,0.0,-0.3172128392940362,418.9578192854873,374.8650960622379,44.09272322324938,609.747318827892,358.0675710803402,251.6797477475517,NB
frame_j_928.78_928.82,0.6060857694163531,0.0,-0.521215233932947,418.7400218967844,374.8921496308291,43.84787226595523,1.4624868325401792,0.7483210222681294,0.7141658102720498,NB
frame_a_928.82_929.01,2.077981082736102,0.0,0.7405085573591592,419.32840206052094,373.78662616784266,45.54177589267829,6.762773727902385,2.981060401769497,3.781713326132888,NB
frame_ka_929.01_929.23,7.658001063017025,0.0,0.5481955761496861,422.1599405097398,374.6554631448847,47.50447736485512,12.815107609702636,5.837235782680068,6.977871827022568,NB
frame_wa_929.23_929.37,19.589918003052503,0.0,-0.0287433674787333,417.3734171979687,371.9740937547213,45.39932344324734,5.047600726588541,2.8165356707075238,2.231065055881018,NB
frame_koRzibski_929.37_929.85,1.7403702503150953,2.7999999999999545,-0.8889939762113193,419.9824067144191,363.6613910277536,56.32101568666548,58.224915925719145,30.05200431393465,28.1729116117845,NB
frame_e_932.65_932.73,12.687049197425637,0.0,-0.0817340185323507,423.1516048766391,377.6582005309567,45.493404345682336,5.2799657642858335,1.315155169313158,3.964810594972676,NB
frame_ra_932.73_932.82,5.559704745921067,0.0,-0.7979952923166259,423.20006696981375,378.4788882472036,44.72117872261015,8.78539466620498,5.871843796114831,2.913550870090148,NB
frame_Ze~_932.82_933.05,13.91140454727099,0.0,-0.4824979919877624,420.8622913581155,372.7025751079916,48.15971625012389,30.10161914156359,17.16750739404219,12.9341117475214,NB
frame_tSi_933.05_933.19,40.2753909860709,0.0,0.3875668017652199,407.8224562973343,363.9472478688471,43.87520842848716,11.066663641827065,3.269895980224589,7.796767661602473,NB
frame_ki_933.19_933.32,16.056371708617064,0.0,0.2577407966654818,411.4445314835911,366.6563272372862,44.78820424630493,8.12401702825909,6.151280363185919,1.972736665073171,NB
frame_tSi~_933.32_933.49,24.564985785648503,0.0,-0.292199424040743,416.4610812003304,368.9106600487362,47.55042115159415,9.43078339253998,4.544822966769914,4.885960425770065,NB
frame_Ja_933.49_933.56,19.835782513865325,0.0,-0.7979952923177192,417.9993322258994,375.48694789940544,42.51238432649399,0.6560824474362903,0.2617349212951581,0.3943475261411322,NB
frame_u~_933.56_933.59,184.3690756580226,0.0,-0.5101718816481261,409.281703584294,365.7503715851035,43.531331999190456,2.612450343077967,1.2843276425548993,1.3281227005230676,NB
frame_ma_933.59_933.65,13.25315082157968,0.0,-0.7979952923177192,405.5621747218025,365.0081839344797,40.553990787322846,0.8344717908868802,0.2482054538128295,0.5862663370740506,NB
frame_i~_933.65_933.71,13.128358795422828,0.0,-0.658623139075939,403.0945189834855,362.26975853857175,40.82476044491375,0.6459846394874376,0.3344565286216436,0.3115281108657939,NB
frame_poX_933.71_933.96,8.271461686409282,0.0,0.7197371159714051,416.9130538694055,370.0322587366761,46.88079513272936,10.932748951880969,7.568420861440103,3.364328090440864,NB
frame_ta~_933.96_934.1,0.5349798558054601,0.0,0.2763119714171975,414.15291875411725,369.2699979493757,44.882920804741616,9.182401795847056,3.3229702528845166,5.85943154296254,NB
frame_sia_934.1_934.25,6.095678598416328,0.0,-0.651041239034161,413.7369653240251,369.32113676371273,44.41582856031238,20.89913497232635,6.88804499847214,14.011089973854212,NB
frame_muj~_934.25_934.44,13.217974526020043,0.0,0.5803447119669796,414.65469101743497,368.1620753931657,46.492615624269376,34.39994676808547,9.572903844852531,24.827042923232938,NB
frame_tu_934.44_934.54,14.196127704176774,0.0,-0.063071744773279,413.2306404955039,369.3727027032117,43.857937792292205,31.228971563518414,14.870348096919486,16.358623466598928,NB
frame_gra~_934.54_934.8,24.30555278353252,0.0,0.5476000888083011,414.7399420782883,366.7576672974308,47.98227478085755,12.233311902271751,3.8803575068653657,8.352954395406385,NB
frame_dZi_934.8_934.86,30.03659340343448,0.0,-0.651041239034161,412.63735378206206,369.3476982596179,43.28965552244415,3.970188999447103,2.585304307675841,1.384884691771262,NB
frame_na_934.86_935.06,40.735305271091065,0.0,-0.7979952923177192,415.0036805314677,367.1512197840848,47.85246074738285,14.41317242304153,7.122986682889433,7.290185740152097,NB
frame_li~_935.06_935.18,43.88740059280679,0.0,-0.2921994240421317,410.54508747164726,366.64628589478434,43.89880157686292,102.5261329249446,62.27662391715734,40.24950900778727,NB
frame_gwi_935.18_935.29,50.26428551628068,0.0,-0.651041239034161,403.59756557093857,362.2762953490946,41.32127022184397,2.474177955561885,0.7750339368053716,1.6991440187565132,NB
frame_stSi_935.29_935.57,63.32122744970668,0.0,-0.1317372186337325,400.1013257772499,351.26774380958506,48.83358196766483,205.4105393445529,172.87937467839748,32.531164666155384,NB
frame_ka_935.57_935.63,29.861700446426937,1.5,-0.7979952923177192,394.2887335200535,353.7539396817431,40.53479383831035,14.709629499496105,9.84666738629457,4.862962113201533,TB
frame_is_937.13_937.3,21.8231521103733,0.0,-0.651041239034161,402.8074848733215,358.1944844419886,44.613000431332864,32.936899026547565,11.721825463986434,21.21507356256113,NB
frame_tu_937.3_937.59,1.3942034605307183,0.7400000000000091,2.38191079083707,421.8832421699738,370.1420179895271,51.74122418044675,19.47202794075044,12.523830080821083,6.948197859929351,NB
frame_a~_938.33_938.5,7.425631281067183,0.0,1.0901763235905086,424.0431790434697,377.8272762552966,46.21590278817303,26.633801564722887,7.698314141291917,18.93548742343097,NB
frame_tSis_938.5_938.69,4.959677917494616,0.0,-0.651041239034161,409.4511628278773,362.5588031636321,46.89235966424519,63.48567809722539,19.291280139854905,44.19439795737048,NB
frame_dZi_938.69_938.93,26.00926259770455,0.0,1.1665228323636487,421.3056695650274,373.32227919524297,47.983390369784445,27.48079407785808,17.073025927448555,10.407768150409524,NB
frame_Zakobso~_938.93_939.64,1.5003864174285866,0.2200000000000272,0.7405085573591592,419.0361063383656,357.2827215574611,61.75338478090447,377.538702824621,304.18405475141424,73.35464807320673,NB
frame_ko_939.86_939.93,17.303729476088108,0.0,-0.8889939762113193,418.3698318428711,373.5455154398071,44.82431640306396,2.899407949045312,0.9477326879647592,1.9516752610805528,NB
frame_me_939.93_940.07,17.425456480119635,0.0,-0.0817340185323507,418.013021819135,372.2221329797488,45.79088883938618,6.841920764991599,4.400757595175108,2.441163169816491,NB
frame_saX_940.07_940.32,7.269280991704491,0.0,-0.4133693298987728,421.9735040646135,373.2762154693098,48.69728859530369,17.113881007047624,11.48881626245074,5.625064744596884,NB
frame_a_940.32_940.41,17.285529040413863,0.0,-0.2210563486892997,414.407883094295,371.1149152678722,43.2929678264228,1.58606653185727,0.7496294687689016,0.8364370630883684,NB
frame_vi_940.41_940.47,18.552527908144317,0.0,-0.651041239034161,408.5838792427038,365.1735546016852,43.41032464101869,0.4229741510914664,0.1518229521847161,0.2711511989067503,NB
frame_zi_940.47_940.63,20.27714942960087,0.0,-0.1317372186337325,413.3112888859502,367.9937066795877,45.31758220636249,6.812861550263335,2.3398404944853155,4.47302105577802,NB
frame_taX_940.63_940.87,4.603649021841505,0.0,0.1635696137307398,419.3088432372656,371.6205099620896,47.68833327517604,45.35629676882597,31.53007621710377,13.8262205517222,NB
frame_ujs_940.87_940.96,23.21272626511184,0.0,-0.5778049101643155,408.7707125424984,364.8521662028135,43.918546339684895,12.795598136730916,8.656353744323184,4.139244392407733,NB
frame_es_940.96_941.05,49.81219155207275,0.0,-0.8022140844980237,403.1212926649301,360.2494486594477,42.87184400548245,76.00739856231371,47.80447275122981,28.2029258110839,NB
frame_ta_941.05_941.26,73.8687629160924,0.0,0.5481955761496861,419.171712997593,372.0403564449671,47.1313565526259,570.3489457709027,471.3253688922622,99.02357687864053,NB
frame_dus_941.26_941.37,22.844662394198863,0.0,-0.5778049101628525,405.1162300139093,363.2859718281285,41.83025818578085,0.4585274252523135,0.2446392521543146,0.2138881730979989,NB
frame_u~_941.37_941.42,54.5326835950512,0.0,-0.4209720180644666,406.09911672229777,364.0303462474843,42.06877047481345,8.032731309238812,4.876278513255741,3.1564527959830717,NB
frame_ni_941.42_941.57,4.674132627381525,0.0,0.2577407966654818,412.7035468133381,369.2553308180215,43.448215995316616,22.1608387888452,8.083224686808336,14.07761410203686,NB
frame_dus_941.57_941.69,25.512922206733748,0.0,-0.5778049101643155,405.7603597266564,361.0547530822945,44.705606644361865,9.428332680169646,5.433277355041923,3.9950553251277223,NB
frame_de_941.69_941.79,20.709589002375907,0.0,-0.2258300317267958,417.8140391761581,373.2618441527986,44.5521950233595,2.1877944958543765,1.0971300148301708,1.0906644810242057,NB
frame_pojs_941.79_942.08,6.121248291054769,0.0,-0.3527502788157231,421.29514363282766,371.0355762116333,50.25956742119433,27.3553724209592,10.51907731518564,16.83629510577356,NB
frame_u_942.08_942.12,20.394487589173792,0.0,-0.4491216188165563,409.2183352687581,365.6917734712704,43.52656179748766,1.1471729704307592,0.65049773182038,0.4966752386103792,NB
frame_es_942.12_942.24,37.032908336827376,0.0,-0.6581180713052167,404.7693910565292,363.67908543042665,41.09030562610264,58.29169037918331,21.989394257719155,36.30229612146415,NB
frame_tru_942.24_942.42,12.150946294662091,0.0,0.5803447119669796,414.0467307529308,367.9330478839901,46.11368286894066,14.141053663512352,8.695847434409572,5.44520622910278,NB
frame_tu_942.42_942.49,10.09170484254902,0.0,-0.4491216188165563,414.2309325191634,369.9115590990696,44.31937342009388,2.5178430344570017,1.1644561633111152,1.3533868711458863,NB
frame_ra_942.49_942.61,11.287181927447207,0.0,-0.4133693298976796,420.9682068919234,375.3641281887003,45.60407870322308,12.070818507490884,7.049979098911464,5.02083940857942,NB
frame_liz_942.61_942.79,7.069447952807721,0.0,-0.6510412390326851,412.5477699522985,367.2013290354344,45.34644091686408,22.326674197359424,5.543354469570886,16.783319727788538,NB
frame_mu_942.79_942.86,0.1935833099290675,0.0,-0.4491216188165563,406.0897653876388,365.5223639535312,40.56740143410747,4.2851819505311965,3.0397157388099885,1.245466211721208,NB
frame_li~_942.86_943.03,11.652005089383197,0.0,0.1963655293395181,412.0799584372171,366.5553070022027,45.52465143501439,13.815517455592088,6.0493999383489125,7.766117517243174,NB
frame_gwi_943.03_943.15,0.5798374449225463,0.0,-0.3913892288346848,411.8784345253975,369.8481559563951,42.030278569002405,14.285983098568437,5.551950953334483,8.734032145233954,NB
frame_stSi_943.15_943.31,24.49956465107141,0.0,-0.5212152339344229,405.2859051892614,359.74257878771294,45.54332640154848,70.32579566655602,44.32342566959464,26.002369996961377,NB
frame_ku_943.31_943.44,6.561623396789159,0.0,0.3229781292714613,409.2250106238346,365.36410639821895,43.86090422561563,10.044976463707016,6.052381408471177,3.992595055235839,NB
frame_do_943.44_943.59,19.047958630827974,0.0,0.5409892168402171,419.3973315251273,376.4053557796189,42.9919757455084,6.877068501884537,2.2590897408301487,4.617978761054388,NB
frame_mi~_943.59_943.74,2.30108516487455,0.0,0.1963655293395181,412.4369129248096,367.2486951211396,45.18821780367006,25.02528690854332,12.14824548486584,12.877041423677484,NB
frame_now_943.74_943.92,223.28862894822925,0.8899999999999864,-0.3527502788157231,418.3656557222139,372.5639809538122,45.80167476840165,372.78547017215135,127.30088691151671,245.48458326063465,TB
frame_a_944.81_944.87,32.57130481906965,0.0,-0.5095258205024162,418.39013086396943,374.4848302423373,43.90530062163219,4.402910574318923,2.5377974680285007,1.8651131062904227,NB
frame_Su_944.87_944.98,89.89827347840088,0.0,-0.5778049101643155,407.80367637659856,366.5316449560513,41.27203142054725,1.7430333674312308,1.1152291613461998,0.6278042060850311,NB
frame_ki_944.98_945.04,14.5706886263674,0.0,-0.651041239034161,422.1665055886705,377.7862440762051,44.38026151246538,6.177815020101377,2.8706016986208738,3.3072133214805035,NB
frame_a_945.04_945.07,17.427521368296084,0.0,-0.7979952923166259,403.5824554304475,361.743510024749,41.838945405698496,5.002700947353418,0.9888448894498368,4.013856057903581,NB
frame_li~_945.07_945.21,22.59575203303801,0.0,-0.7807643774210044,414.7751018469686,369.7514328113991,45.023669035569526,6.770921650376081,3.962056373273597,2.808865277102484,NB
frame_gwi_945.21_945.37,8.597847888592298,0.0,-0.0019112135339944,418.52355995385017,372.8929773368748,45.6305826169754,40.98128367954037,17.264059187653032,23.717224491887336,NB
frame_stSi_945.37_945.75,31.389857740176826,0.0,1.6858268527640772,418.63991836122887,364.9031748393526,53.73674352187635,98.4247576022465,36.09831419554276,62.32644340670375,NB
frame_ka_945.75_945.93,26.539292203051215,0.0,0.2597261043354764,416.3090925687677,370.0291282297807,46.279964338986986,3.259314308244712,1.200950050961879,2.0583642572828325,NB
frame_dZi_945.93_945.99,90.3564472682262,0.0,-0.651041239034161,411.3658410860267,368.47657391742,42.88926716860675,11.659522357744828,3.3685698532571635,8.290952504487663,TB
frame_u~_945.99_946.57,152.11714317462886,0.5499999999999545,1.942824366905044,417.712582978857,359.5195612383639,58.193021740493066,35.84415146423339,20.17641185565259,15.667739608580805,NB
frame_mO_947.12_947.38,6.301360692736921,0.0,-1.364353635500883,407.78414722150137,361.23788831126126,46.54625891024011,40.13259593853076,14.64506478461962,25.48753115391113,NB
frame_du_947.38_947.45,149.29752695329418,0.8199999999999363,-0.5778049101628525,399.5107101617687,356.85636269707607,42.65434746469259,3.618983028944058,1.681306307396234,1.937676721547824,NB
frame_majs_948.27_949.45,22.946849791779957,0.7299999999999045,0.8366650479638958,421.1306268683793,345.2771976144003,75.85342925397907,51.84471329095624,19.45557500657759,32.389138284378646,NB
frame_u_950.18_950.28,44.72780528240699,0.0,0.3229781292714613,416.5448942001237,374.24066268528,42.30423151484365,8.176308759635589,2.247769578211887,5.928539181423702,NB
frame_ki_950.28_950.38,8.082230788526061,0.0,-0.651041239034161,425.4328903502435,379.3569299317092,46.07596041853435,26.219831904961158,15.007078704105396,11.212753200855758,NB
frame_ew_950.38_950.47,7.606134162621146,0.0,-0.3699260449179646,413.8082944773532,369.575653478518,44.23264099883522,4.497009856135207,1.96343529114435,2.533574564990857,NB
frame_ke_950.47_950.59,32.418888874968474,0.0,-0.3699260449179646,424.9500527856469,379.2404334506464,45.709619335000525,7.672580990311985,4.311324331253161,3.3612566590588244,NB
frame_ru_950.59_950.66,6.8139345246675305,0.0,-0.4491216188165563,415.9286246378816,372.5916121026021,43.33701253527949,7.145121224405216,4.677099715147847,2.468021509257369,NB
frame_sa_950.66_950.86,6.8367841482114216,0.0,-0.6056823111071528,421.9095817470323,375.4968163663127,46.41276538071958,67.07990556390024,27.23980206880128,39.84010349509896,NB
frame_li_950.86_950.95,271.17596298149215,0.0,-0.6510412390326851,414.2552219019922,369.3389142842023,44.916307617789926,38.96741301925505,28.619663167861177,10.347749851393871,NB
frame_e~_950.95_951.13,123.43613744536776,0.0,0.9442433821676472,409.9126060933287,363.35009524351176,46.56251084981693,52.15991623476428,30.874983542404426,21.284932692359853,NB
frame_taX_951.13_951.6,30.47694711012957,0.0,0.1635696137307398,416.8127282794634,364.3202020993601,52.49252618010337,38.28237722358941,13.86770574733046,24.414671476258945,NB
frame_E_951.6_951.63,135.1031259693333,0.0,-0.9692516666495018,384.4365521721418,344.73885693855954,39.69769523358229,0.3677565138304217,0.2090971635839977,0.1586593502464239,NB
frame_ki_951.63_951.82,65.18657258295104,2.0299999999999727,0.9068708221656484,415.8010782813122,370.2451273821047,45.55595089920746,3.673245774171619,2.206045560924281,1.467200213247338,NB
frame_se~j~_953.85_954.25,25.43508400380719,0.0,-0.0069175339350581,420.91186539561824,368.66744683065366,52.244418564964576,32.987650888250414,20.557194848880528,12.430456039369886,NB
frame_e~_954.25_954.28,21.25473988080583,0.0,-0.839183335526277,391.61947053611874,351.105535448376,40.513935087742766,1.89929895160256,0.9081921362716514,0.9911068153309088,NB
frame_traR_954.28_954.7,9.183258605734636,0.0,0.0674131231260032,420.97000948378286,366.3670633508193,54.60294613296361,44.92159858155398,5.883899342680877,39.0376992388731,NB
frame_mus_954.7_954.79,20.14867785694844,0.0,-0.5778049101643155,412.3000773023976,367.4378694582447,44.86220784415292,11.211188909427875,7.002341324470791,4.208847584957084,NB
frame_e~j~_954.79_954.87,23.340557303570904,0.0,-0.8391833355249253,403.3935834611653,361.1387528090116,42.25483065215366,6.369921786125559,2.5898702330529773,3.780051553072582,NB
frame_i_954.87_954.9,29.320404201313977,0.0,-0.651041239034161,392.5695864498936,351.2061331618714,41.363453288022185,8.531197776220381,2.3426161151276403,6.188581661092741,NB
frame_pO_954.9_955.06,409.2592710101484,0.0,-0.4838575297904872,416.3988566828495,370.88872672927096,45.51012995357854,19.67395524563915,9.308920617995568,10.36503462764358,NB
frame_te_955.06_955.12,332.08174886600136,0.0,-0.8022140844980237,400.6568291970299,358.8938435471523,41.76298564987758,97.21529781163817,52.56786717822945,44.6474306334087,NB
frame_zis_955.12_955.81,25.67081688347469,2.1000000000000227,-0.651041239034161,404.5827609815382,343.2605673315828,61.32219364995535,539.6898804679693,376.1868681931584,163.50301227481097,NB
frame_poX_957.91_958.05,40.98316853437831,0.0,-0.7102460770801312,419.57584200938,374.05748699161,45.51835501777009,8.2735382387512,3.788919483039251,4.484618755711949,NB
frame_ki_958.05_958.21,125.67410593479764,0.0,0.3875668017652199,423.2832250675656,375.5005307756742,47.7826942918914,465.8834896307196,294.6707210425478,171.21276858817183,NB
frame_a_958.21_958.28,17.26744770603605,0.0,-0.4133693298987728,424.10837451947486,379.5428629131157,44.565511606359166,8.824714307748735,1.7441143576855325,7.080599950063203,NB
frame_i_958.28_958.49,35.19759064770449,0.0,1.6858268527640772,413.4686666309431,367.8772435261425,45.591423104800526,57.87509622116676,20.32783439710957,37.54726182405719,NB
frame_pO_958.49_958.73,32.16275323899657,0.0,0.3966385759224111,422.9966660513311,375.4182953309331,47.57837072039797,16.246622413642086,6.481502131005527,9.76512028263656,NB
frame_te_958.73_958.79,38.17196047674571,0.0,-0.8022140844980237,409.2798658178736,366.9914498362451,42.28841598162842,4.4140116287925935,2.469855823309672,1.9441558054829216,NB
frame_zi_958.79_959.13,66.16784709108698,0.0600000000000591,-0.651041239034161,406.8621803838779,355.7394944454741,51.12268593840378,171.59131911831537,103.72494572664203,67.86637339167332,NB
frame_dZi_959.19_959.37,0.6119689520320861,1.009999999999991,0.3875668017652199,415.6135112915824,369.81689838925934,45.79661290232315,9.587854865415451,3.2483597609126207,6.339495104502831,NB
frame_woXf_960.38_960.62,175.53068488665733,0.1000000000000227,-0.8889939762092871,403.0604319212885,355.14682571264814,47.91360620864037,2.3436570708304814,1.0046311727880664,1.339025898042415,NB
frame_i_960.72_960.81,24.79709148501236,0.0,0.1279147915642677,406.27325334599016,365.1160665859627,41.15718676002746,4.600172284907018,1.7761984594811224,2.8239738254258957,NB
frame_dZi_960.81_961.27,2.624667187023448,0.5500000000000682,4.412172959860054,416.85308674291673,363.1379523374214,53.71513440549535,130.42294858261337,69.17980649558478,61.24314208702859,NB
frame_ko~_961.82_961.91,82.93554707918238,0.0,-0.8583983606968948,417.4690936700223,374.2005896382551,43.26850403176712,5.822070393145424,2.244799093938042,3.577271299207382,NB
frame_mu_961.91_961.99,74.20308113703999,0.0,-0.5778049101643155,422.54556319054393,378.1344428434571,44.41112034708681,10.17332773722049,4.877992020862678,5.295335716357812,NB
frame_ew_961.99_962.07,86.6702466832364,0.0,-0.5140220581124098,410.078609145016,367.11570590002856,42.96290324498744,34.93154218457707,14.708006021400678,20.22353616317639,NB
frame_dZi_962.07_962.16,91.3999706836105,0.0,-0.3913892288346848,413.3101024004864,369.3849357766885,43.92516662379791,5.314940602913396,2.811121576008233,2.5038190269051626,NB
frame_si_962.16_962.3,110.897034086293,0.0,-0.5212152339344229,417.34123981216567,371.22402867846336,46.11721113370231,11.925422237980897,6.433322959419556,5.492099278561341,NB
frame_a_962.3_962.33,250.8525742060349,0.0,-0.7979952923166259,399.2358143376204,357.6183072755672,41.61750706205317,27.81404249095442,13.528979108075816,14.285063382878604,NB
frame_vo_962.33_962.45,122.0191927790524,0.0,-0.3527502788157231,415.158303206186,371.236004509932,43.92229869625396,7.23143099254375,2.1126394174968794,5.11879157504687,NB
frame_sejs_962.45_962.63,53.2523895775974,1.2000000000000457,0.0,414.7000377848962,367.9453670681693,46.754670716726935,5.3774127953441,2.7868301232768715,2.590582672067228,NB
frame_E_963.83_963.94,18.860480711695345,0.0,-0.1836668261378586,422.7125166871936,378.7648911557284,43.94762553146518,15.882045546250367,7.526424732799313,8.355620813451054,NB
frame_a_963.94_963.98,16.559985818063097,0.0,-0.7018388017129825,414.3110592884141,370.3637262376048,43.94733305080939,3.080662649214588,1.6347291496456933,1.4459334995688948,NB
frame_i_963.98_964.19,14.607148771253776,0.0,1.6858268527640772,417.0409944677243,370.3999381726154,46.64105629510891,8.208612175567168,3.709027594569648,4.499584580997521,NB
frame_pO_964.19_964.44,17.567165440340517,0.0,0.7268246155638096,420.4054675263944,373.9021880604519,46.50327946594251,21.671146532782306,6.438534095702551,15.232612437079752,NB
frame_te_964.44_964.5,19.466076967212278,0.0,-0.8022140844980237,405.09871243971423,362.5537304793375,42.54498196037673,2.5232830899508087,1.575055131161406,0.9482279587894028,NB
frame_zi_964.5_964.88,4.254240988514738,3.080000000000041,-0.651041239034161,407.13419328727264,356.6409977318101,50.493195555462535,121.51499899785304,35.0684601672647,86.44653883058834,NB
frame_ki_967.96_968.16,0.1939780813528386,0.0,1.1665228323636487,422.940486141956,376.31787588835374,46.62261025360226,17.014141957353388,7.324487004913266,9.689654952440122,NB
frame_a_968.16_968.19,8.108095768524151,0.0,-0.7979952923166259,394.2806975982,352.6318925937795,41.64880500442041,2.235444557329401,1.2734718937580851,0.9619726635713164,NB
frame_i~_968.19_968.22,130.4885070954343,0.0,-0.9029056157674582,396.1390386399694,354.97183561100746,41.16720302896192,0.1550902140123966,0.0829996361320297,0.0720905778803668,NB
frame_poX_968.22_968.5,2.743311813362993,0.0,0.362241317709029,422.5780505317907,373.9953931736388,48.58265735815189,15.89785237763246,5.612981186524991,10.28487119110747,NB
frame_ta~_968.5_968.67,34.80790990690255,0.0,0.4119560301127493,421.6846536202044,375.95739319460006,45.72726042560436,27.156066089231643,8.266753346909894,18.88931274232175,NB
frame_sia_968.67_968.87,7.290808245133547,0.0,-0.6510412390326851,421.563234294432,374.5403474982844,47.02288679614753,35.46216508212254,20.48262835857102,14.97953672355152,NB
frame_so_968.87_969.17,23.353538193128884,0.0,0.3622413177069969,424.6316434943833,374.1536272908471,50.478016203536185,9.725712147337449,5.482301776245947,4.2434103710915,NB
frame_be_969.17_969.3,15.523413357256402,0.0,0.062361994658818,421.8913643673835,376.1043166841682,45.78704768321529,17.89336211540953,7.353847839164871,10.53951427624466,NB
frame_ra~_969.3_969.47,5.655592990047239,0.0,0.5476000888083011,420.7368129268757,374.7747591721577,45.962053754718,41.55821905792104,18.127781991679257,23.43043706624178,NB
frame_na_969.47_969.61,10.348538481980825,0.0,-0.2210563486882065,419.65268015081824,374.1957895983832,45.45689055243509,5.243142767236151,3.1172014238283623,2.1259413434077885,NB
frame_da_969.61_969.72,26.01793982858524,0.0,-0.4133693298976796,421.5751772167062,375.9986056924603,45.576571524245935,19.70380938374646,11.425853013876434,8.277956369870026,NB
frame_li~_969.72_970.07,38.61794819259816,0.0,1.1734954361014294,412.9430422428125,362.33231847190535,50.61072377090716,90.25115339045088,13.996028222945284,76.25512516750558,NB
frame_gwa_970.07_970.41,340.463313374005,1.3799999999999957,1.2212910103839354,417.00241807076367,367.3821329968189,49.62028507394473,117.50379094370612,31.35475644830672,86.1490344953994,NB
frame_de_971.79_971.89,6.2958294275499895,0.0,-0.3699260449196028,423.6815205805119,377.8230878863863,45.85843269412567,10.112736578411614,4.016374925621676,6.096361652789938,NB
frame_ri_971.89_972.1,33.20740787518349,0.0,1.2963488374648628,420.3702940991509,373.7313103771795,46.63898372197133,130.38461228268395,48.69627534553212,81.68833693715187,NB
frame_va_972.1_972.38,144.8366535530066,1.0,1.028978029174462,420.0564033079741,370.9070342329343,49.14936907503977,391.6154062143787,282.2288395223504,109.38656669202832,NB
frame_taw_973.38_973.58,7.199899690677057,0.0,-0.4133693298987728,422.646716966097,373.7439351352006,48.9027818308964,5.313059767098366,3.733294262829645,1.579765504268721,NB
frame_vejs_973.58_973.75,23.695571951378383,0.0,-0.2258300317267958,423.18301260836114,377.3576148528104,45.82539775555074,13.512243423544646,7.800457357509174,5.711786066035472,NB
frame_dZi_973.75_973.81,13.475165154403584,0.0,-0.651041239034161,414.258705739618,371.6411167933137,42.617588946304295,11.076222253942348,3.723211522474856,7.353010731467492,NB
frame_u~_973.81_973.87,1.4181354498047654,0.0,-0.3763720862721298,413.772273122288,370.4963324038673,43.27594071842066,5.88343948866563,4.239672404518501,1.6437670841471288,NB
frame_mO_973.87_974.03,6.878592221358161,0.0,-0.3737955165754364,421.6652687308118,375.2789363942989,46.38633233651291,3.636977399230574,2.1934179289204394,1.4435594703101344,NB
frame_du_974.03_974.1,5.578021035559544,0.0,-0.4491216188150934,411.28612857827625,369.21872110881554,42.067407469460704,3.9482501168166095,1.3041056975767449,2.644144419239865,NB
frame_majs_974.1_974.29,23.58749590170089,0.0,-0.5095258205024162,417.4160534370904,371.7793470917113,45.63670634537903,0.9170010480736436,0.3808872794294018,0.5361137686442419,NB
frame_kla_974.29_974.41,16.624895423219357,0.0,-0.5095258205035094,419.7710315226949,374.3187371014031,45.45229442129181,8.96429434058885,6.377853409667637,2.586440930921213,NB
frame_ru_974.41_974.47,20.05530405148653,0.0,-0.5778049101643155,416.28151235007465,372.4627632915529,43.8187490585218,2.483786291616383,1.248014385295278,1.235771906321105,NB
frame_e_974.47_974.5,19.3430432457709,0.0,-0.8022140844980237,400.6786301098246,358.6335980116365,42.04503209818813,4.8186238584843295,2.5128808282337047,2.3057430302506248,NB
frame_zijs_974.5_974.77,12.285669601658723,0.0,-0.6510412390326851,411.0025773704933,360.951897231993,50.0506801385003,36.816906120120734,27.55784833180482,9.259057788315914,TB
frame_nu_974.77_974.84,1.6263869032497098,0.0,-0.4491216188150934,412.90340284685385,369.8572148009821,43.04618804587176,6.526087610340909,4.311860535957237,2.214227074383672,NB
frame_sE_974.84_975.08,43.57213568795589,0.0,-0.4782611413293061,420.647279420121,373.2916773818866,47.35560203823434,14.55731525384246,7.692002684216391,6.86531256962607,NB
frame_ku_975.08_975.14,43.284024439803375,0.0,-0.5778049101643155,408.77803271803054,366.25481360705936,42.52321911097118,1.0041352128495475,0.4798204707780371,0.5243147420715104,NB
frame_lu_975.14_975.2,19.96778591287915,0.0,-0.5778049101628525,412.2679320597469,370.7227641212896,41.54516793845721,8.593701364038026,6.107932527785096,2.48576883625293,NB
frame_de_975.2_975.26,104.39300693966138,0.0,-0.8022140844980237,406.7643415776898,364.63199151316144,42.1323500645284,2.657408022901912,1.1475733895580549,1.509834633343857,NB
frame_zoj_975.26_975.61,20.48853096365181,0.0,-0.5314981779489433,420.8803743403087,368.9774489243921,51.90292541591663,35.683151289117006,9.086460751442416,26.59669053767459,NB
frame_tu_975.61_975.67,24.6470669512928,0.0,-0.5778049101643155,408.126952795336,365.6359838530363,42.49096894229967,10.305232648752906,6.14584909109908,4.159383557653825,NB
frame_e_975.67_975.7,140.33750201265087,0.0,-0.8022140844963855,395.4336388836659,354.5012173979144,40.93242148575155,19.40919219047072,11.002977372711996,8.406214817758723,NB
frame_zis_975.7_975.86,51.811121594951445,0.0,-0.5212152339344229,411.2450551585766,365.4512050171968,45.79385014137978,52.35128313873105,26.845028144621736,25.506254994109312,NB
frame_tSi_975.86_975.99,2.108892631531859,0.0,-0.5212152339344229,415.510637176479,369.2214635710084,46.28917360547064,3.413921526391505,0.9541921846932268,2.459729341698278,NB
frame_ra~w~_975.99_976.19,20.78329421645057,0.1799999999999499,-0.6731964394532075,416.2197789015818,369.10562085713576,47.11415804444607,14.448610726191106,8.075786220556665,6.372824505634441,NB
frame_i~_976.37_976.44,21.561355518527563,0.0,-0.4143406623858083,406.2902228987021,364.11233319407273,42.177889704629365,1.475130575234715,0.6438447343204814,0.8312858409142336,NB
frame_dZi_976.44_976.55,33.700695300536765,0.0,-0.3913892288346848,412.9079993079509,369.6091395081669,43.29885979978405,14.12133583992096,6.00667530389812,8.11466053602284,NB
frame_vi_976.55_976.64,27.233328836674303,0.0,-0.651041239034161,416.04585829858274,372.8877057202534,43.15815257832935,11.444878994299131,4.178935773326316,7.265943220972815,NB
frame_duus_976.64_977.19,63.52720991136721,0.0,-0.5778049101628525,408.06656667578426,351.32873167719487,56.73783499858939,138.09690101850396,96.692312556412,41.40458846209198,NB
frame_ki_977.19_977.26,5.571160470878425,0.6299999999999955,-0.5212152339344229,396.40129446516266,354.2714069101722,42.12988755499049,143.51107450589723,92.58878233148792,50.92229217440932,NB
frame_de_977.89_978.04,105.6918642687674,0.0,0.062361994658818,418.5407128309051,373.3627194908603,45.17799334004479,9.794404947824788,3.0034113038215797,6.790993644003208,NB
frame_fe~_978.04_978.21,88.39155420705052,0.0,0.3497678096034563,420.346390137792,373.4913077601734,46.8550823776186,16.78118433565291,11.159944570233392,5.621239765419517,NB
frame_de_978.21_978.41,116.09086543192691,0.0,1.2151301002029118,422.0641132160546,374.044689249384,48.019423966670615,319.17039345498097,124.3012254403319,194.86916801464903,NB
frame_ra~w~_978.41_978.52,140.7422115538106,0.4500000000000455,-0.8088404981487594,407.4446745560721,365.9964475302388,41.44822702583332,4.610678035831,2.933142993665527,1.6775350421654736,NB
frame_Es_978.97_979.31,252.64688471379165,0.0,1.3875028548843114,414.1702447930878,364.250623186056,49.919621607031786,106.53899625733862,56.15887298599307,50.38012327134555,TB
frame_ta_979.31_979.74,34.75012046489556,0.0,2.759794860060814,420.9717159576712,367.62631693549207,53.34539902217915,158.99024800049213,114.71445281521837,44.27579518527378,NB
frame_i_979.74_979.77,100.17493642169336,0.0,-0.651041239034161,400.400894272022,358.3107648195869,42.090129452435065,6.230465810900853,1.022990679271686,5.207475131629167,NB
frame_d_979.77_979.8,81.7675734450597,0.0,0.0,408.65391931758944,365.9315151715887,42.72240414600077,9.04176493487276,3.04320404860016,5.9985608862726,NB
frame_Eja_979.8_980.05,73.24429907087006,0.8000000000000682,0.4055218042461529,418.70878719659385,372.1365839107594,46.57220328583446,13.817070906160524,4.803979661090295,9.013091245070228,NB
frame_i_980.85_980.91,45.61998945105371,0.0,-0.2615632237349466,419.8549038859192,376.580881764741,43.27402212117818,3.791908698730509,2.147426568700155,1.6444821300303545,NB
frame_ow_980.91_981.05,252.91782476608952,0.0,0.362241317709029,417.8354038856106,374.0009737916654,43.83443009394523,293.2512678220377,102.59576066754288,190.6555071544948,NB
frame_trus_981.05_981.5,139.14145715490835,0.6299999999999955,-0.5778049101643155,406.1843654000154,353.70226230294975,52.48210309706565,495.59226505691225,243.3190610248887,252.2732040320236,TB
frame_ke~j~_982.13_982.42,49.48872915944517,0.0,1.063138496680485,420.25963714613965,371.21726955810897,49.042367588030686,49.27761044824112,19.588713129980132,29.688897318260985,NB
frame_dew_982.42_982.58,33.3580518311941,0.0,-0.6581180713052167,425.5800379171324,378.99521255476174,46.58482536237062,27.80524347617427,12.403939458959371,15.401304017214898,NB
frame_u~_982.58_982.75,18.94293219284566,0.0,0.114227163437997,413.1594519739383,367.5538769689526,45.60557500498573,10.12034340344539,5.594894447357092,4.525448956088297,NB
frame_ma_982.75_983.14,369.9892893140872,0.0,1.8943864446170915,418.59889115891576,367.5995122722474,50.99937888666835,552.3816287089878,151.78649190279623,400.5951368061916,NB
frame_fej_983.14_983.33,18.558251559673096,0.0,0.206458007851625,418.55126587877527,372.3969167563809,46.154349122394365,14.864973711427297,9.32882503441374,5.536148677013557,NB
frame_sa~w~_983.33_983.68,9.778620332938772,0.0,-0.2662642633650098,420.3151149370418,368.74828055046,51.566834386581775,166.7958017121378,111.05779421768491,55.73800749445289,NB
frame_majs_983.68_984.08,20.44386604465575,0.0,0.1635696137307398,420.2949206009784,367.125257362161,53.16966323881735,30.603536507565536,10.87200495835745,19.73153154920809,NB
frame_si_984.08_984.37,23.247529403018405,0.0,-0.5212152339344229,414.8258968832672,363.55132545205646,51.274571431210745,65.99084049660885,43.41687091622731,22.573969580381544,NB
frame_e~_984.37_984.4,4.735706889789867,0.0,-0.839183335526277,403.14401189562784,360.0768445904414,43.067167305186445,0.5765225538569609,0.416509951175982,0.1600126026809789,NB
frame_tSi_984.4_984.55,11.25525522241992,0.0,-0.5212152339344229,404.26970133423424,361.01683895094254,43.2528623832917,10.321088412472108,6.018343810257079,4.302744602215029,NB
frame_fi_984.55_984.73,19.57643470235368,0.0,0.6472188119646962,419.0484067683182,372.3312130487488,46.71719371956942,21.02928359836605,15.847766075484287,5.181517522881762,NB
frame_ka_984.73_984.79,79.4554087288757,0.0,-0.7979952923177192,405.46227239781047,363.187384952823,42.27488744498743,0.5595763094293744,0.3775751754194232,0.1820011340099512,NB
frame_foj_984.79_985.38,2.9422804682752144,0.5399999999999636,-0.3527502788177552,418.7211867973032,361.72501700278895,56.996169794514174,18.71988589056812,8.932160925658565,9.787724964909556,NB
frame_u~bowdZtS_985.92_986.58,17.407486282465925,4.6200000000000045,0.3818267541894823,421.1639065238559,360.58298492973256,60.58092159412337,130.03699045364925,47.85082066868776,82.18616978496149,TB
frame_a_991.2_991.32,20.07797044362232,0.0,0.0674131231260032,423.855568575136,377.69330658259264,46.162261992543336,6.541226418685142,1.417207501199556,5.124018917485586,NB
frame_i_991.32_991.45,125.99322901631108,0.0,0.6472188119646962,418.1609559571895,372.7750176731365,45.38593828405294,1.0074664422355395,0.431765893849203,0.5757005483863367,NB
frame_d_991.45_991.51,185.6373481894716,0.0,0.0,425.3782186407623,380.3842112652189,44.99400737554333,8.406804530303702,2.0992935739990912,6.307510956304611,NB
frame_Eja_991.51_992.11,43.53211531031047,0.0,2.074889590332139,420.664391622978,362.6113342415603,58.05305738141766,171.98600959569333,119.57924193692594,52.40676765876739,NB
frame_dZi_992.11_992.45,9.671047351464011,0.0,2.8542608986631963,416.3090686884791,365.87902633817146,50.430042350307644,229.9339361849465,143.21440790093905,86.71952828400747,NB
frame_ki_992.45_992.52,248.0968028752501,0.0,-0.651041239034161,423.9783057785676,379.5561390099472,44.42216676862046,8.690664784004184,4.176839848373732,4.513824935630453,NB
frame_u_992.52_992.58,14.616191178855049,0.0,-0.1917550361195751,418.5327138047919,374.8635979184325,43.66911588635941,7.85965622375241,2.299021932139709,5.5606342916127005,NB
frame_i~_992.58_992.73,20.211051457600632,0.0,0.5627892443747141,410.9038722342989,367.6051972123584,43.29867502194048,13.599611818840089,6.321626859617084,7.277984959223005,NB
frame_dZi_992.73_992.89,13.656015912957002,0.0,-0.2615632237349466,417.3567020934351,371.1130457180397,46.24365637539546,21.15640553723693,8.89810749354794,12.258298043688995,NB
frame_vi_992.89_993.08,26.317659730751277,0.0,0.6472188119646962,418.5851295282045,372.8634920193993,45.72163750880526,58.92372099297262,15.228774706420808,43.69494628655181,NB
frame_duu_993.08_993.25,7.123773957689991,0.25,0.7090280033147386,417.172898834171,370.596156889585,46.57674194458599,13.492092837292605,4.979315267357862,8.512777569934741,NB
frame_pe~_993.5_993.7,0.6689249814663469,0.0,0.11197758057778,423.05715290311787,375.9827825977076,47.07437030541024,30.237091794707798,11.177154239393303,19.05993755531449,NB
frame_sa_993.7_994.46,6.454027553807407,0.8600000000000136,-0.7979952923166259,410.4749648502182,347.4151114042022,63.05985344601601,0.6834295401371833,0.3752557080506733,0.3081738320865099,NB
frame_poX_995.32_995.44,20.483857263897875,0.0,-0.3527502788177552,418.9608692039527,374.9794142626638,43.98145494128892,8.39017202403275,2.3061225456750947,6.084049478357656,NB
frame_mej_995.44_995.86,52.23938763882328,0.0,-0.3699260449179646,423.6607882817884,369.1668528032926,54.49393547849581,273.90032642232427,202.00979978575944,71.89052663656486,NB
frame_u_995.86_995.89,32.93584881156991,0.0,-0.5778049101643155,391.98016418910015,350.9423362355143,41.03782795358581,4.800347420726098,3.2508063472693323,1.5495410734567656,NB
frame_dZi_995.89_995.97,29.63146277327164,0.0,-0.3913892288332088,405.1255959240277,362.3690468773822,42.756549046645546,0.4794825244592573,0.153485976176654,0.3259965482826032,NB
frame_si~_995.97_996.33,48.13591039504618,0.0,-0.658623139075939,416.0168110665063,364.4197026664557,51.597108400050615,19.4314610064516,8.548354449654,10.8831065567976,NB
frame_bo_996.33_996.5,31.80798010884098,0.0,-0.174002379684535,418.6070101695221,371.08178881081255,47.52522135870953,150.36993626786028,100.19408135946736,50.17585490839292,NB
frame_lus_996.5_996.77,55.03233177517242,0.0,0.1942948379237021,413.5820791594732,366.47754408688166,47.104535072591545,18.42546941433598,9.94262779261149,8.48284162172449,NB
frame_li~_996.77_996.95,52.81823344211223,0.0,0.5627892443761027,412.3424578490851,366.59229860081393,45.750159248271245,12.83850185449856,5.472515423255544,7.365986431243016,NB
frame_gi_996.95_997.07,43.10697760988755,0.0,-0.1317372186337325,414.27579692578377,370.7864050764746,43.48939184930919,73.28494123259696,55.38925404952961,17.895687183067352,NB
frame_stSi_997.07_997.3,62.24777159590241,0.0,-0.651041239034161,405.4342472960234,358.1375170354406,47.29673026058282,9.878561390926734,5.723270761496053,4.155290629430681,NB
frame_kus_997.3_997.42,99.16792553111593,0.9300000000000636,-0.5778049101643155,394.2904858889001,350.7716779644957,43.51880792440437,18.032871737589907,12.294448636576304,5.738423101013602,NB
frame_a_998.35_998.43,25.074724569560544,0.0,-0.3172128392940362,424.220097492272,378.3694484418258,45.85064905044624,16.36448947570841,6.736672247993397,9.627817227715012,NB
frame_es_998.43_998.67,23.49077477830903,0.0,-0.2258300317251576,413.7983941393368,366.4281606781266,47.370233461210205,8.073010098211455,3.920631796033433,4.152378302178022,NB
frame_tru_998.67_998.98,13.636471248971276,0.0,2.253227499489311,418.2128958385088,369.0258838584457,49.18701198006306,114.95993489256952,27.825055423261176,87.13487946930834,NB
frame_tu_998.98_999.21,14.208819627238938,0.0,1.6098110427505157,417.4317504350971,370.130891770675,47.300858664422094,143.7237418789884,82.84964109245209,60.8741007865363,NB
frame_ra_999.21_999.35,73.07433081162793,0.0,-0.0287433674787333,411.3784490212977,366.1450964217973,45.23335259950039,3.484558220029172,1.4540884783537535,2.030469741675418,NB
frame_da_999.35_999.47,67.394605685919,0.0,-0.3172128392929431,416.7244637675731,371.049547044656,45.67491672291709,13.570294419349295,8.507018015422986,5.063276403926309,NB
frame_li~_999.47_999.98,9.69585921441518,0.0,3.1277552496238625,413.59754019608,357.68901842166446,55.90852177441553,160.1138720084783,54.023459835609714,106.09041217286858,NB
frame_gwa_999.98_1000.44,79.48705407562704,1.1199999999998909,2.471325388246604,414.4265590117595,361.0121970143171,53.41436199744237,503.6091641140531,327.35079082930355,176.25837328474955,NB
frame_e~_1001.56_1001.75,21.756823599142848,0.0,1.063138496681837,410.6210260277332,366.0744485143643,44.5465775133689,10.79211883076144,2.513625833973691,8.278492996787747,NB
frame_ta~w~_1001.75_1002.14,4.470252065992838,0.169999999999959,0.4119560301127493,423.7351375707214,370.2563756009621,53.47876196975932,80.03684282509927,17.491170607231737,62.54567221786753,NB
frame_dZi_1002.31_1002.52,61.08300951958592,0.0,0.517392806864958,419.94062866431295,372.4202189427792,47.52040972153373,63.67631159382486,30.35060256942077,33.32570902440409,NB
frame_ta_1002.52_1002.89,29.32460694763296,0.0,1.317447500988672,421.24137806344834,370.4393560773005,50.80202198614785,27.06857595901292,19.262734564408845,7.805841394604073,NB
frame_a_1002.89_1003.03,93.89524890261391,0.0,0.2597261043354764,408.3704250523975,364.4403528024381,43.93007224995944,0.065375728193942,0.0498120367596328,0.0155636914343091,NB
frame_foR_1003.03_1003.37,23.90271002254892,0.0,0.0047455194446208,424.2487974611181,372.5784651357511,51.67033232536693,30.209555084507144,8.575618166353394,21.63393691815375,NB
frame_ma_1003.37_1003.66,24.155899373236508,0.0,1.4136039915934089,413.994988412064,364.3200026628941,49.67498574916988,217.3009063647537,135.0552592996698,82.2456470650839,NB
frame_du_1003.66_1003.84,51.48696078367618,0.0,0.9663945860102569,412.1055407208932,366.2706457991917,45.83489492170145,193.1515327194783,92.06118530230232,101.09034741717596,NB
frame_pe~_1003.84_1003.99,66.73918380493105,0.0,0.11197758057778,412.4593173003967,369.5408915298693,42.91842577052739,73.32147876508391,37.62373979411503,35.697738970968885,NB
frame_sa_1003.99_1004.27,39.5062626065442,0.0,-0.0287433674787333,418.8887796000146,369.8785328895223,49.01024671049231,29.767653285956698,16.4664783125435,13.301174973413197,NB
frame_me~_1004.27_1004.43,19.43357444401053,0.0,0.1119775805764283,416.0760910360452,370.53375727153934,45.54233376450594,47.70741233690853,15.052877487349631,32.6545348495589,NB
frame_tu_1004.43_1004.52,29.76040737773019,1.009999999999991,-0.1917550361210381,403.0939914151582,360.787682560077,42.30630885508117,12.712432545670566,6.379725259679617,6.332707285990949,NB
frame_u_1005.53_1005.61,25.555281592165983,0.0,0.065611546575943,423.70210195014175,377.9499735947247,45.75212835541703,10.4125421928577,2.2362080059892837,8.176334186868417,NB
frame_i~_1005.61_1005.7,24.617838409249455,0.0,-0.1700581856956777,417.895305922922,373.3706758204112,44.52463010251074,9.863149726312711,6.777820898667585,3.085328827645128,NB
frame_dZi_1005.7_1005.81,19.840035238756485,0.0,-0.1317372186352085,418.8647020293212,374.77052556092815,44.09417646839307,11.150799215240651,3.1404017843318286,8.010397430908824,NB
frame_vi_1005.81_1006.15,11.35616381622262,0.0,2.724434893561982,417.71157473308864,367.05452250163694,50.6570522314517,71.5766522197703,23.01207524961129,48.56457697015901,NB
frame_duu_1006.15_1006.21,164.68628225239428,0.0,-0.5778049101628525,405.7269551607548,365.18357536996825,40.5433797907865,3.0611925904750024,1.1081978596659496,1.9529947308090527,NB
frame_ve_1006.21_1006.7,103.73785103903322,0.0,-0.5778049101643155,423.1630613062031,368.4762777263546,54.68678357984845,370.719250940851,140.10588857125202,230.613362369599,NB
frame_u_1006.7_1006.75,73.35456224877248,0.0,-0.3204383274687972,410.331716148096,366.9142197772742,43.417496370821766,31.260582482374303,8.48729521383909,22.773287268535213,NB
frame_u_1006.75_1006.96,40.47460891025307,0.0,1.7384943340982746,417.9504022465868,370.49632436364726,47.45407788293949,2.944066875266458,1.4243922027104077,1.5196746725560502,NB
frame_ni_1006.96_1007.11,50.36322683443247,0.0,0.1279147915657436,409.82916401813605,366.9971146823861,42.83204933574996,9.537473653239118,3.8927875549785966,5.644686098260522,NB
frame_vEX_1007.11_1007.43,2.8793682770523503,0.0,0.6019180143726682,421.9271054698188,370.261344022971,51.6657614468478,51.14609130215922,15.951827522766877,35.194263779392344,NB
frame_su_1007.43_1007.9,30.582488745012316,0.5099999999999909,-0.5778049101643155,403.9261241224261,353.0208805306418,50.905243591784256,242.4787249718164,148.95321025603153,93.52551471578488,NB
frame_a_1008.41_1008.61,11.90149637051482,0.0,0.836665047964989,421.63778101502186,375.308635905858,46.329145109163846,10.738468913317917,1.4440290602265409,9.294439853091376,NB
frame_tra_1008.61_1008.95,12.380105470299355,0.0,1.317447500988672,420.7241506256579,370.31831088780143,50.40583973785647,14.192211712328714,10.803649999736765,3.388561712591951,NB
frame_vEjs_1008.95_1009.5,44.5890748993856,0.0,0.5037199093088524,421.4285013718175,363.94703404905584,57.4814673227616,27.90657388936205,9.346898830520274,18.559675058841776,NB
frame_dujs_1009.5_1009.82,51.27572301716306,0.0,0.065611546575943,416.4843504580997,365.253727032665,51.23062342543472,86.46415895467595,36.29660367191259,50.16755528276335,NB
frame_RO_1009.82_1010.27,121.29644891930072,0.0,2.377754813772053,419.7415518395853,366.7927978572176,52.94875398236769,538.9988169864541,411.5702236184263,127.42859336802783,NB
frame_tu_1010.27_1010.45,53.79426812438744,0.0,0.9663945860117198,408.3026003252862,362.4590702219312,45.84353010335502,31.563356394935653,14.662028484464528,16.901327910471124,NB
frame_lus_1010.45_1010.74,71.91150847502637,0.0,-0.063071744773279,397.3134010550833,354.1283763954364,43.1850246596469,8.509599389444972,4.387510958791779,4.122088430653193,NB
frame_ki_1010.74_1010.82,31.96115545873816,0.0,-0.6510412390326851,417.5040457190985,373.6454169329946,43.85862878610385,10.623052992555372,5.809363513346327,4.813689479209046,NB
frame_a_1010.82_1010.96,40.94803930096401,0.0,0.2597261043354764,417.5740171254878,371.9447840284407,45.629233097047006,3.2747617381176752,0.9573424309306802,2.317419307186995,NB
frame_li~_1010.96_1011.21,22.133311407521973,0.0,1.41777791279156,413.9273883535765,365.4501676517338,48.47722070184267,80.85039663506164,19.32309648307384,61.5273001519878,NB
frame_gwa_1011.21_1011.46,22.893667735732663,0.0,-0.5095258205024162,416.5198675454205,369.5357752458029,46.98409229961766,13.497036340124026,7.054894217559735,6.442142122564292,NB
frame_ko_1011.46_1011.56,13.185493690173246,0.0,-0.1740023796865671,416.6638175243372,372.8828374108595,43.78098011347765,16.347927510809257,9.392431683278376,6.955495827530882,NB
frame_lo_1011.56_1011.84,20.93828309274741,0.0,1.9709724098917532,417.7908948951968,368.3942364474386,49.39665844775823,7.6201068208024765,2.7392419967780484,4.880864824024428,NB
frame_ka_1011.84_1011.94,44.921775132697206,0.0,-0.4133693298976796,406.781414164083,363.3406371512301,43.44077701285289,3.4449362347607604,1.3959599267092386,2.0489763080515218,NB
frame_so_1011.94_1012.18,43.20930524184686,0.0,-0.8889939762113193,416.7941647389929,367.1528499128003,49.64131482619257,12.900910642016669,6.882219465050511,6.018691176966158,NB
frame_bri_1012.18_1012.27,50.88870513914196,0.0,-0.651041239034161,413.8401784688375,370.4566827871537,43.38349568168383,2.169385169000549,0.7261528295651232,1.4432323394354256,NB
frame_u_1012.27_1012.37,52.04701247828801,0.0,0.3229781292714613,407.1959020630374,365.9394519596499,41.25645010338752,5.2418706157265404,1.8060675437702685,3.435803071956272,NB
frame_u_1012.37_1012.45,53.61976577999057,0.0,0.065611546575943,408.7502766859333,365.34934485217696,43.40093183375632,4.436990097847556,1.8990777662268243,2.5379123316207317,NB
frame_ni_1012.45_1012.52,78.76448305813427,0.0,-0.651041239034161,402.2489296007173,360.1567442685085,42.09218533220877,40.34808309213321,23.86354692542569,16.484536166707514,NB
frame_vEX_1012.52_1012.8,7.424335679348161,0.0,0.5037199093088524,415.4036890640503,367.5761733894764,47.827515674573874,54.18921235767664,21.03269236483459,33.15651999284205,NB
frame_su_1012.8_1013.16,38.58279051594144,0.6900000000000546,-0.5778049101643155,403.44741504349525,353.59076953164305,49.85664551185221,107.58406785386968,49.71364119652148,57.870426657348204,NB
frame_a_1013.85_1013.98,13.928710503950668,0.0,0.1635696137307398,419.9138167398095,374.3862963561461,45.527520383663386,4.834476328843152,1.4256113023716637,3.4088650264714886,NB
frame_a_1013.98_1014.08,13.47145688381758,0.0,-0.1248998580834699,413.6392785155536,369.4970417369535,44.14223677860002,1.9127882052259797,0.9603031955864196,0.9524850096395596,NB
frame_sa~w~_1014.08_1014.51,25.34046042820134,0.0,0.8188882061994048,421.778633117821,366.6141060775865,55.16452704023453,55.15671569335706,16.05788151400526,39.0988341793518,NB
frame_du_1014.51_1014.59,1.6799306045523394,0.0,-0.3204383274673342,418.4970240747501,373.34401012348695,45.153013951263176,4.289445970633466,3.0603995609405104,1.2290464096929554,NB
frame_i~_1014.59_1014.73,2.136784347263728,0.0,0.4406480060296488,409.4733222102603,364.6571410635543,44.816181146706015,6.489759293443228,2.417699816181454,4.072059477261774,NB
frame_dZi_1014.73_1014.83,33.16032388185562,0.0,-0.1317372186337325,409.573253784541,365.099149017668,44.47410476687298,4.992167283453114,2.333914042924846,2.658253240528268,NB
frame_vi_1014.83_1014.98,15.573497086349988,0.0,0.1279147915657436,414.3726939912349,372.1338186397044,42.23887535153057,25.310564645958465,9.298762067363754,16.01180257859471,NB
frame_duu_1014.98_1015.04,4.190197702924934,0.0,-0.5778049101643155,418.11525105498697,375.40837188254216,42.706879172444815,5.365650727309259,2.377097781864194,2.988552945445065,NB
frame_E_1015.04_1015.12,4.22812201892657,0.0,-0.5778049101628525,412.2824742000647,367.4857129895117,44.79676121055297,8.196098284154715,2.569815449091408,5.626282835063307,NB
frame_noX_1015.12_1015.38,14.497740492688422,0.0,0.5409892168402171,414.319396031933,368.6432137037213,45.67618232821172,6.605372124246827,4.348901962632198,2.256470161614629,NB
frame_te_1015.38_1015.52,4.794496030651544,0.0,-0.8022140844980237,420.6981112000132,373.75805968456,46.94005151545315,2.798977954422867,0.9172235576407388,1.881754396782128,NB
frame_a_1015.52_1015.62,14.685055989688095,0.0,-0.1248998580834699,416.5214547260624,372.5715460801595,43.94990864590284,6.3976110296507045,1.502107694228016,4.8955033354226885,NB
frame_da_1015.62_1015.71,6.799761280635323,0.2099999999999227,-0.5095258205024162,413.97476613711234,371.3193620408721,42.65540409624026,16.096213024183953,8.560594742486217,7.535618281697737,NB
frame_pe_1015.92_1016.04,28.68276846782848,0.0,-0.3699260449196028,421.8014902740392,375.258962905708,46.54252736833121,18.369064995349333,10.469457487427462,7.899607507921871,NB
frame_la_1016.04_1016.19,9.956524932268962,0.0,-0.3172128392929431,417.852129521639,372.66495538649474,45.18717413514423,14.54064271568936,8.260030215000512,6.280612500688847,NB
frame_li~_1016.19_1016.59,7.951837698273152,0.0,1.6620603894816903,415.0102740485266,361.22506395909966,53.78521008942704,87.16631437330439,23.431166670856413,63.735147702447975,NB
frame_gwa_1016.59_1016.91,12.06705404730019,1.32000000000005,1.4136039915934089,410.9799785605747,361.3539104689182,49.62606809165652,583.4406907589876,473.9824626627167,109.45822809627089,TB
frame_a_1018.23_1018.31,9.784472667492196,0.0,-0.3172128392940362,419.0411845477042,374.66452533116666,44.376659216537576,2.7293991503717905,1.224823423011344,1.5045757273604463,NB
frame_e~_1018.31_1018.59,9.350773541082049,0.0,2.1331945272987323,414.0276507579423,364.9403731421247,49.08727761581764,6.356723168512019,2.513349627538417,3.8433735409736016,NB
frame_ta~w~_1018.59_1018.83,9.626802411853362,0.8299999999999272,0.8188882061994048,420.0837295053784,372.4376758770416,47.64605362833686,86.60447178103907,40.76174473587852,45.842727045160544,NB
frame_u~_1019.66_1019.76,21.282333695409704,0.0,-0.197972359104811,420.0562773981776,374.6929327577876,45.36334464038998,21.175318821877937,10.621133849988922,10.554184971889017,NB
frame_ma_1019.76_1019.89,19.6969072653404,0.0,-0.605682311108246,424.5507413936842,377.5335700502283,47.01717134345592,7.811952754052044,4.157239311442623,3.65471344260942,NB
frame_i~_1019.89_1019.92,19.538701910719908,0.0,-0.9029056157674582,400.76717896858855,358.1251645834256,42.64201438516295,0.626991681684359,0.3489765295814493,0.2780151521029097,NB
frame_flu_1019.92_1020.4,16.88395917068084,0.0,0.1942948379237021,420.5468520447504,363.7516844846477,56.7951675601027,85.09528226407978,34.73206191529479,50.36322034878499,NB
frame_e~_1020.4_1020.56,77.59988816048052,0.0,0.7064531531419708,410.8578937422404,365.5367584084882,45.32113533375218,5.553254028278403,3.2114081354731923,2.3418458928052104,NB
frame_sia_1020.56_1021.01,64.44457213802906,1.3500000000000227,-0.651041239034161,413.3441053559095,358.5342579539736,54.80984740193588,212.8784550803316,156.53878721050162,56.33966786982999,NB
frame_da_1022.36_1022.52,49.03090659275702,0.0,-0.0287433674787333,422.6678342858669,375.3008962194996,47.36693806636725,11.917521715087076,6.820120365554942,5.097401349532134,NB
frame_li~_1022.52_1022.93,7.0980153721629335,0.0,1.7842016278267558,415.7120647338445,362.64883240684986,53.06323232699458,113.33199806178628,53.35623113917262,59.97576692261365,NB
frame_gwa_1022.93_1023.56,2.0268147031345904,0.3300000000000409,3.817516256714009,414.593749094202,356.50286263331503,58.09088646088696,467.3753428676776,375.7605080329263,91.61483483475124,NB
frame_ki_1023.89_1024.21,50.84420942235313,0.0,1.8156528578638156,422.0548825748072,371.0044162214254,51.05046635338175,89.3261026408843,40.30867404526283,49.01742859562148,NB
frame_E_1024.21_1024.24,38.111043174250895,0.0,-0.9692516666495018,390.72502492322434,350.48739642055443,40.23762850266991,5.0777926531954165,3.220290900371168,1.8575017528242483,NB
frame_de_1024.24_1024.36,70.00629549541995,0.0,-0.2258300317267958,423.0216493804718,377.1815620546489,45.84008732582288,36.484267206703066,13.37207355519044,23.112193651512627,NB
frame_si_1024.36_1024.61,44.374401022462905,0.0,-0.651041239034161,416.5556145589933,365.9926591567347,50.56295540225853,83.30417542540056,33.07015913257092,50.23401629282964,NB
frame_zi_1024.61_1025.03,30.800552508639186,0.0,0.387566801763744,418.612092613066,363.5269601022554,55.08513251081064,77.73447139373309,23.51227365369621,54.22219774003688,NB
frame_va_1025.03_1025.19,24.7301614885601,0.0,-0.3172128392918499,420.70446812475086,374.6852873730468,46.01918075170408,20.51984157640399,7.706526269647355,12.813315306756635,NB
frame_na_1025.19_1025.38,45.24551879055363,0.0,0.1635696137318329,417.96042430979935,371.64279558466,46.31762872513934,151.79065137357432,95.96545956652989,55.82519180704443,NB
frame_foR_1025.38_1025.56,12.104736903657766,0.0,-0.3527502788177552,421.7666062543972,374.8872237270639,46.87938252733335,24.65074755756112,11.709425558405457,12.941321999155662,NB
frame_ma_1025.56_1025.69,32.98119269880853,0.0,-0.3172128392918499,414.275456455979,370.5376220076473,43.73783444833168,6.536466868870548,3.493621679070216,3.042845189800332,NB
frame_sa~w~_1025.69_1025.94,7.756497964596434,0.0,-0.8088404981456752,419.11534187432096,369.9652579364174,49.15008393790356,6.733888094146948,5.1363306474596016,1.5975574466873468,NB
frame_du_1025.94_1026.08,13.299643940965352,0.0,0.3229781292699983,417.9402470166052,373.0743525609307,44.86589445567444,6.758611125629329,2.2071580792789973,4.551453046350332,NB
frame_pe~_1026.08_1026.22,33.095922060485265,0.0,-0.1258126484492479,417.1174819249205,371.5486323060276,45.56884961889296,26.30640195285153,18.340297028187702,7.966104924663824,NB
frame_sa_1026.22_1026.43,45.92170872584528,0.0,-0.4133693298965865,414.8064804442055,368.96622037139,45.840260072815454,80.31597723566229,46.498184370136,33.817792865526286,NB
frame_me~_1026.43_1026.49,81.26735221161313,0.0,-0.839183335526277,404.4650418610911,363.1649049286168,41.300136932474345,6.894021147300762,3.311858526696426,3.582162620604336,NB
frame_tu_1026.49_1026.55,31.41186506507202,1.160000000000082,-0.5778049101643155,406.5601792119256,364.79862258558745,41.76155662633812,36.56919740426065,26.45046572508943,10.11873167917122,TB
frame_majs_1027.71_1028.3,11.71547905476264,1.8600000000001276,0.7405085573602525,418.950250274772,360.2597497681115,58.6905005066605,12.27511563698036,4.208003958249009,8.06711167873135,NB
frame_a_1030.16_1030.26,33.6212682646041,0.0,-0.1248998580845631,413.686690384102,369.7932780389653,43.89341234513671,4.791932554259319,2.668658666161363,2.123273888097956,NB
frame_ko_1030.26_1030.35,4.987595693374601,0.0,-0.5314981779489433,422.7708802105575,377.9995129873066,44.77136722325088,12.700333696525234,6.49829942804206,6.202034268483175,NB
frame_me_1030.35_1030.48,4.605388889957794,0.0,-0.3699260449196028,420.6394259680137,375.1705889304294,45.46883703758431,9.124005986620148,5.000295345977975,4.123710640642173,NB
frame_saX_1030.48_1030.81,19.462344695507483,0.0,0.06741312312491,420.66495609993694,370.2018789056602,50.46307719427671,9.764848860932716,5.057506155498231,4.707342705434485,NB
frame_pe_1030.81_1030.87,1.997697454725284,0.0,-0.8022140844980237,415.6349267216005,373.1336422603705,42.50128446123,3.897062824723008,2.1568923238739046,1.7401705008491035,NB
frame_la_1030.87_1031.08,14.302842118578129,0.0,0.3558825949391198,416.1540553606451,369.8071069217123,46.34694843893277,12.194753999559085,4.427143705689929,7.767610293869154,NB
frame_prO_1031.08_1031.31,4.7806200826109375,0.0,-0.0436094769352892,420.0251723306776,372.666026452914,47.35914587776352,11.46412537840419,8.12078091805455,3.343344460349641,NB
frame_pria_1031.31_1031.44,11.165007399545772,0.1699999999998453,-0.6510412390312091,416.7680382324365,371.18257780384727,45.585460428589215,21.65682344825261,12.361085608526736,9.295737839725874,NB
frame_peX_1031.61_1031.8,15.410534790591411,0.0,0.3505540210444319,420.3599140330373,373.84458558794125,46.51532844509609,14.302672737326247,4.516348100507969,9.78632463681828,NB
frame_sep_1031.8_1032.08,4.0845617591081975,0.0,-0.6581180713052167,418.0213562143247,368.0188322271273,50.00252398719738,35.112705265801935,20.19447295619136,14.918232309610572,NB
frame_sa~w~_1032.08_1032.64,16.22889264929543,2.5,-0.8088404981487594,405.2917749381526,348.94017697749723,56.3515979606554,6.057755307320576,3.2943543205376216,2.7634009867829548,TB
frame_u_1035.14_1035.22,3.007010716469153,0.0,0.0656115465744801,418.5806140273765,375.5566398830196,43.02397414435694,19.298998060307756,7.786094169987564,11.512903890320189,NB
frame_i~_1035.22_1035.32,4.419587398073162,0.0,-0.047916947352001,419.2795494667647,374.82918228219023,44.45036718457453,4.227703058989988,2.548828144712104,1.678874914277884,NB
frame_dZi_1035.32_1035.44,3.6487116424306407,0.0,-0.2615632237349466,420.1501435369495,374.725700105231,45.42444343171849,9.935519528556654,2.614683903668606,7.320835624888048,NB
frame_vi_1035.44_1035.64,43.19278012697004,0.0,0.6472188119661721,418.1161835756924,372.1460036524352,45.970179923257206,54.53903907954208,16.353446015305337,38.18559306423674,NB
frame_duu_1035.64_1035.7,26.63212720462886,0.0,-0.5778049101643155,414.7437661177272,371.814830945106,42.92893517262121,8.022630898455503,3.8564524212446543,4.166178477210849,NB
frame_na~w~_1035.7_1035.94,36.01522473732314,0.0,-0.5778049101643155,419.0713371247539,370.9052203489097,48.16611677584416,20.117918807014263,4.885305953305448,15.232612853708815,NB
frame_peX_1035.94_1036.1,13.907929982229888,0.0,0.206458007851625,420.5120792293425,374.9001110047333,45.6119682246092,23.31690658529129,10.780363893076128,12.536542692215164,NB
frame_sE_1036.1_1036.35,45.34783156158426,0.0,-0.4782611413304225,414.4088956463512,366.8236008684486,47.58529477790256,17.298052473337492,10.053116471350805,7.244936001986687,NB
frame_bi_1036.35_1036.43,42.56568864469655,0.0,-0.3913892288346848,416.6171391318906,373.59195399906025,43.02518513283036,10.007225761207051,4.177667667251455,5.8295580939555975,TB
frame_a_1036.43_1036.48,20.33695573507069,0.0,-0.605682311108246,414.2286684596546,371.99117475428784,42.23749370536683,4.584229230945567,1.453550479559297,3.13067875138627,NB
frame_i_1036.48_1036.58,5.499520285189618,0.0,0.2577407966640058,416.8080218554026,373.48981251324926,43.31820934215341,5.347464884615391,1.776627837966572,3.570837046648819,NB
frame_nOjs_1036.58_1036.74,9.47992266196701,0.0,-1.364353635500883,416.3525065718201,369.9926897619624,46.359816809857705,13.343594342599488,7.486333776743436,5.857260565856052,NB
frame_es_1036.74_1036.82,12.05390723522686,0.0,-0.8022140844980237,400.0405717511212,358.38647374625674,41.65409800486441,13.867027348688763,5.405679248926816,8.461348099761949,NB
frame_ta~_1036.82_1036.92,6.872012262544558,0.0,-0.2662642633634677,418.5945596026352,373.9772310306252,44.61732857201002,1.5317393475267806,1.000802863843262,0.5309364836835186,NB
frame_mus_1036.92_1037.03,11.453192913185744,0.0,-0.5778049101643155,406.9011571565524,365.0715135917993,41.82964356475304,6.279116026831758,2.798251674887325,3.480864351944433,NB
frame_nu_1037.03_1037.11,22.806459667667497,0.0,-0.3204383274687972,411.27153300907946,368.7038688884352,42.567664120644224,3.89631366592846,1.94610372366661,1.95020994226185,NB
frame_te_1037.11_1037.28,39.180153779127565,0.0,0.206458007851625,420.01934396504544,373.3502786618024,46.66906530324303,12.979604321624365,8.341800377108413,4.637803944515952,NB
frame_Re~_1037.28_1037.37,21.558478897433403,0.0,-0.4824979919877624,417.4028657851285,372.84459297006055,44.55827281506794,8.08732938362192,3.234013177331832,4.8533162062900885,NB
frame_nu_1037.37_1037.46,21.47185075050905,0.0,-0.3204383274687972,410.3515250704568,366.4974788121437,43.85404625831308,7.433495327178875,2.570726661131445,4.86276866604743,NB
frame_dZi_1037.46_1037.55,26.896688193205136,0.0,-0.651041239034161,414.0706287048989,371.2412756856321,42.82935301926688,5.1406939951868935,2.3750630057496664,2.765630989437227,NB
frame_vo_1037.55_1037.65,31.35958908046028,0.0,-0.1740023796825029,416.44806678395327,372.3984862608615,44.04958052309178,2.8241225031405577,1.6897149594198737,1.134407543720684,NB
frame_sejs_1037.65_1037.83,86.29920823756615,1.5900000000001455,0.0,414.0060227842687,367.218092674109,46.787930110159664,314.0471764348856,196.457152544207,117.59002389067864,TB
frame_ke~j~_1039.42_1039.64,26.137478197309804,0.0,0.3497678096021047,421.6620223667415,373.17193639950455,48.49008596723695,34.62108725264963,12.529056662616457,22.092030590033172,NB
frame_dZijs_1039.64_1039.84,17.30883829764116,0.0,0.1279147915642677,419.9108416859659,372.1143380044393,47.79650368152664,140.50753688195732,38.31821258830175,102.18932429365556,NB
frame_aw_1039.84_1039.95,13.684457690913716,0.0,-0.509525820501323,414.3194760603082,373.1666233291649,41.15285273114336,10.89938825024845,7.050218602664756,3.849169647583693,NB
frame_gu~_1039.95_1040.02,5.30558841494738,0.0,-0.4655719498562963,407.7946360017069,364.8950729610801,42.89956304062679,3.5820904820824357,1.1377423710776782,2.444348111004757,NB
frame_ma_1040.02_1040.2,32.08237815089214,0.0,0.0674131231270964,415.7050361060946,369.5267334507248,46.178302655369805,7.408783685579465,3.2164821076231647,4.1923015779563,NB
frame_koj_1040.2_1040.38,17.385737030203842,0.0,0.1834934185758088,419.6730157104376,372.6800170724195,46.99299863801809,20.45148863999242,6.452442213993976,13.999046425998444,NB
frame_za_1040.38_1040.57,26.8767077103781,0.0,-0.605682311108246,418.30931615973935,372.159720875995,46.14959528374436,17.736938562982346,8.309268645768299,9.427669917214049,NB
frame_so_1040.57_1040.66,32.947716505645275,0.0,-0.8889939762113193,406.5235487092482,364.1665351123168,42.35701359693144,3.961321176752591,1.7393574865231187,2.2219636902294724,NB
frame_bri_1040.66_1040.77,39.08580535634951,0.0,-0.3913892288346848,415.9719774090462,374.9343579427557,41.037619466290494,20.1237686850166,12.546451782646386,7.577316902370214,NB
frame_peX_1040.77_1040.86,54.02144072266731,0.0,-0.8022140844980237,407.1855570076596,364.0030831160816,43.18247389157801,51.110975452161725,19.31327251684823,31.79770293531349,NB
frame_sep_1040.86_1041.01,61.71612660904823,0.0,-0.8022140844980237,414.0653210807869,370.10736304417605,43.95795803661082,12.17237597029127,8.269076941327143,3.903299028964128,NB
frame_sa~w~_1041.01_1041.42,272.9886078623566,0.9600000000000364,-0.8088404981456752,413.0572871746392,359.9272849266813,53.13000224795792,111.62900446250283,54.34567719521437,57.283327267288485,TB
frame_vo_1042.38_1042.44,128.54962699223782,0.0,-0.8889939762113193,397.8594009428601,355.91778052696105,41.941620415899024,0.9524189223646076,0.3615674042304988,0.5908515181341087,NB
frame_sejs_1042.44_1042.59,27.518419578371606,0.0,0.0,421.5326906957509,375.7344629797103,45.79822771604063,50.65839448052017,27.317323232606697,23.34107124791348,NB
frame_Za_1042.59_1043.18,10.60530779917994,0.0,-0.5140220581091334,423.5822058108646,364.0878158387301,59.49438997213451,575.2556269464277,449.578583917178,125.67704302924972,NB
frame_tSi_1043.18_1043.24,172.23882729411915,0.0,-0.651041239034161,403.0959706872707,362.3547359696131,40.74123471765762,6.339227184828758,3.814802043614805,2.5244251412139533,NB
frame_ve_1043.24_1043.3,7.25448252319859,0.0,-0.8022140844980237,407.7062873835273,365.75493073164887,41.95135665187843,13.2203438531416,4.748535910093608,8.471807943047992,NB
frame_ra~w~_1043.3_1043.41,29.391231331404555,0.0,-0.8088404981487594,411.63074183771386,367.7852903237927,43.845451513921205,4.111427601118834,1.9952920103417,2.1161355907771338,NB
frame_kuX_1043.41_1043.55,252.7570565699235,0.0,-0.3204383274687972,417.5235340363455,373.9583058459134,43.565228190432094,25.61552851525352,11.396850999040907,14.218677516212608,NB
frame_su_1043.55_1043.68,70.83292661115168,0.0,-0.4491216188165563,416.92992947012056,371.81154364198784,45.11838582813272,6.356158778473301,4.281084577638339,2.075074200834962,NB
frame_so_1043.68_1043.9,11.203566124654683,0.0,-0.3527502788136909,419.53416507741184,372.54075634548406,46.99340873192779,17.033229374713613,6.222158735043166,10.811070639670447,NB
frame_bri_1043.9_1043.99,11.89547474838048,0.0,-0.651041239034161,402.776361094249,360.8893595373849,41.88700155686416,6.36334360800754,3.923000488890551,2.4403431191169886,TB
frame_peX_1043.99_1044.27,15.439461327379917,0.0,-0.6581180713052167,409.601537204143,359.9996349735577,49.60190223058533,23.91816896134901,14.820879124073002,9.097289837276008,NB
frame_sep_1044.27_1044.77,37.34947142755195,0.0,-0.8022140844980237,411.605808255919,355.6625265141976,55.94328174172142,53.99574430574728,20.680795265521283,33.314949040226,NB
frame_sa~w~_1044.77_1044.88,31.677875813589992,0.0,-0.8088404981487594,409.9311846495428,364.6096765906244,45.321508058918425,4.688844705594761,2.632624999323184,2.056219706271577,NB
frame_ni~_1044.88_1045.25,4.026350695095715,0.0,1.7842016278267558,409.2021698971668,355.96405676124573,53.23811313592108,180.4339255968341,44.910983234701575,135.52294236213248,NB
frame_ge~j~_1045.25_1045.37,30.168689277281658,0.0,-0.839183335526277,428.8314952381905,381.865341522409,46.966153715781445,21.038706037633546,6.080669646430181,14.958036391203365,NB
frame_te_1045.37_1045.61,17.227319134534497,0.0,1.6474181397796943,421.109989046313,373.3747112539039,47.735277792409136,39.00700341488701,4.670613958175323,34.336389456711686,NB
frame_vi_1045.61_1045.69,17.145526448366326,1.1900000000000546,-0.5212152339344229,420.2816267199846,376.69163996258254,43.58998675740207,20.402103833223407,13.162734624004829,7.23936920921858,TB
frame_se_1046.88_1047.02,1.8045480152588311,0.0,0.3505540210444319,404.8410734203446,360.9318839205686,43.909189499776005,31.07218012988417,15.890764456011285,15.181415673872891,NB
frame_gu~_1047.02_1047.37,21.301280463706743,0.0,0.7386262085241201,409.5583092181273,359.0463643087354,50.5119449093919,23.56994777462853,6.942612344248289,16.627335430380242,NB
frame_du_1047.37_1047.53,0.2490708652807711,0.5799999999999272,0.7090280033132756,404.3136460442632,359.5290592078697,44.78458683639354,14.962265251238051,8.346976977537821,6.61528827370023,NB
frame_a~_1048.11_1048.33,199.74500327169596,0.0,1.7683966170698098,419.9072908799434,371.6910821176873,48.21620876225609,549.0695762577974,346.1842904500183,202.88528580777907,TB
frame_nu_1048.33_1048.42,2.8403321807119823,1.5499999999999543,-0.5778049101643155,407.8421107532666,364.25192703886273,43.59018371440391,26.37136065301772,8.486706235195925,17.884654417821793,NB
frame_ka_1049.97_1050.13,3.061681350014993,0.0,-0.3172128392918499,420.30686632888046,374.49886524810006,45.8080010807804,7.03541242675152,4.161644831909399,2.8737675948421213,NB
frame_de_1050.13_1050.21,54.95196851166236,0.0,-0.6581180713052167,423.3473005796389,378.04358482891297,45.30371575072587,1.28777554380828,0.8498885765460642,0.4378869672622159,NB
frame_u_1050.21_1050.27,25.29906832332415,0.0,-0.1917550361210381,415.9471435300378,373.2283573765,42.71878615353779,5.351697068011873,2.4571146182956056,2.8945824497162675,NB
frame_se_1050.27_1050.47,57.6956668204849,0.0,-0.8022140844980237,412.4668096848211,364.4265626586149,48.04024702620626,85.91178662247036,70.3856453183978,15.526141304072553,NB
frame_gu~_1050.47_1050.6,6.961710951008769,0.0,-0.197972359105318,415.5356634557373,372.3495734930549,43.1860899626825,7.875801687203278,3.054531251603322,4.821270435599956,NB
frame_du_1050.6_1050.68,14.002644098851974,0.0,-0.3204383274687972,417.20234399282265,374.71519435097343,42.487149641849214,0.9295577841871392,0.6021494670602152,0.327408317126924,NB
frame_a~_1050.68_1050.77,29.77951459106943,0.0,0.0050238540245517,417.8568051470773,374.7587812121874,43.09802393488991,4.04205758853773,1.8310474463386868,2.211010142199044,NB
frame_nu_1050.77_1050.85,10.885890755334287,0.0,-0.5778049101643155,404.4044938294606,362.9798520400248,41.42464178943578,132.57971562979375,76.63264934215883,55.947066287634925,TB
frame_te~j~_1050.85_1050.94,1.471444518735069,0.0,-0.839183335526277,417.79080410932346,374.6974878843233,43.09331622500014,2.274406169676979,1.4129476278946242,0.8614585417823548,NB
frame_aw_1050.94_1051.08,9.075062158181169,0.0,-0.0287433674798265,417.53030658016127,372.9790064931515,44.55130008700979,3.979350512399407,2.557896959662457,1.4214535527369492,NB
frame_ge~j~_1051.08_1051.22,10.65825237055924,0.0,-0.4824979919877624,418.6481456224239,373.6059678883549,45.04217773406896,3.138576075096921,1.1435337333336977,1.995042341763224,NB
frame_du_1051.22_1051.28,5.234815922415407,0.0,-0.5778049101643155,403.2532960526795,362.2511340009384,41.00216205174115,3.4910751084559597,2.1464124074404936,1.3446627010154657,NB
frame_se_1051.28_1051.53,13.266188762871124,0.0,-0.6581180713052167,414.80746839823775,364.921236386975,49.886232011262734,7.804290202014684,2.754213672795231,5.050076529219453,NB
frame_gu~_1051.53_1051.78,5.097770915416248,0.0,-0.197972359105318,420.3363761757488,371.8112412603041,48.52513491544471,50.746027318565325,16.21573165949448,34.530295659070845,NB
frame_du_1051.78_1051.84,18.13692198921692,0.5199999999999818,-0.5778049101643155,408.28311134294273,367.5225331862396,40.760578156703104,2.0944921580779123,1.6181867457945316,0.4763054122833807,TB
frame_a~_1052.36_1052.46,64.68721180315472,0.0,0.1406679127231877,414.3756335681405,370.058914657267,44.31671891087353,107.21328748287884,59.92275055030342,47.29053693257544,NB
frame_nu_1052.46_1052.68,2.0622437864936103,1.2000000000000457,-0.3204383274687972,421.36331315739307,373.07098610128406,48.292327056109,39.02907347830313,20.32857112740456,18.70050235089857,NB
frame_bo~_1053.88_1054.05,29.7317080819509,0.4400000000000545,-0.0586753309854011,422.7026773570243,375.7183076729448,46.98436968407947,7.314683106051461,2.3179468133405976,4.996736292710864,NB
frame_da_1054.49_1054.6,214.457709397003,0.0,-0.5095258205035094,423.6962843838222,377.1279322684945,46.56835211532768,396.1772663566665,154.23240319735618,241.94486315931027,NB
frame_i_1054.6_1054.69,16.54850832268309,0.0,0.1279147915672196,417.7203390170784,372.6542596327026,45.06607938437571,8.899614553496178,3.1910318267159994,5.708582726780179,NB
frame_e~j~_1054.69_1054.76,14.358492714877826,0.0,-0.839183335526277,405.7814953137345,365.1175895266551,40.66390578707944,9.237514481745537,6.43452129461744,2.802993187128095,NB
frame_to_1054.76_1054.88,10.104233729324534,0.0,0.1834934185798731,421.4265797425478,377.1310942571624,44.29548548538537,19.74762529313276,9.980819399820176,9.76680589331258,NB
frame_du_1054.88_1055.03,4.846568497243965,0.0,0.5803447119655165,420.55755566071446,376.6699401458139,43.887615514900574,9.84341391025484,5.78814961568051,4.055264294574329,NB
frame_ka_1055.03_1055.38,25.31782236419764,0.0,1.7020734634098047,422.4469689507461,370.6706522252411,51.77631672550501,32.96244461800916,20.91504567307936,12.047398944929796,NB
frame_zu_1055.38_1055.47,16.467091021048418,0.0,-0.1917550361210381,422.7417949757529,378.9119537674308,43.82984120832214,7.645287217637389,3.876528344390863,3.768758873246526,NB
frame_ZestawtS_1055.47_1056.08,7.593346143997195,0.0,-0.8022140844980237,422.1441352808233,363.32442393102593,58.81971134979739,28.872699916361228,11.3621851793217,17.51051473703953,NB
frame_vo_1056.08_1056.15,36.92542248876583,0.0,-0.710246077076067,410.1910518488248,367.6998563445765,42.49119550424825,6.509934598665296,2.529469845349354,3.9804647533159434,NB
frame_sejs_1056.15_1056.27,69.63426220558014,0.0,0.0,417.0914706604561,370.6837739965832,46.407696663872855,0.4886179708336158,0.1458801896357044,0.3427377811979113,NB
frame_sa_1056.27_1056.72,25.024050118086592,0.0,-0.6581180713052167,421.7480722649801,366.4870505709304,55.2610216940497,30.24813575054074,15.922488500637598,14.325647249903142,NB
frame_be~j~_1056.72_1058.29,20.231177007749157,0.0,3.916621244992657,421.7684552468101,332.30927348003763,89.45918176677242,514.1989356644203,359.3319724580182,154.8669632064021,TB
frame_u_1058.29_1058.33,62.15536179408412,0.0,-0.4491216188165563,398.3648047340941,357.8915551743594,40.47324955973471,7.839479665367946,4.39291436202538,3.4465653033425667,NB
frame_ki_1058.33_1058.88,63.010427612801664,0.0,5.710433010861863,415.34430628553207,356.908959370272,58.43534691526008,34.47287763028902,15.002901169470874,19.469976460818145,NB
frame_E_1058.88_1058.93,114.4622059533162,0.0,-0.77285545652187,412.7410988771404,369.6551871633007,43.08591171383972,1.2189776055810595,0.704921081635149,0.5140565239459107,NB
frame_ZestawtS_1058.93_1059.73,22.544232595365457,0.0,0.206458007851625,423.09749664790127,358.163592257372,64.93390439052928,55.89743091040506,10.145161594809508,45.75226931559556,NB
frame_te_1059.73_1059.83,266.83221916137626,0.0,-0.3699260449196028,413.2017500277574,368.7832608241185,44.4184892036389,56.78442340304679,32.64986006963704,24.134563333409744,NB
frame_o_1059.83_1059.87,313.5280110338988,0.0,-0.7102460770801312,403.0615313150042,361.8227636024856,41.23876771251872,52.61673923699999,28.46834509161164,24.14839414538835,NB
frame_ri_1059.87_1059.94,69.93058103057814,0.0,-0.5212152339344229,408.91980813996656,365.0541821181721,43.86562602179441,13.33220974257111,6.700048569094349,6.63216117347676,NB
frame_a_1059.94_1059.97,66.80131617846729,0.0,-0.7979952923177192,403.02088571069805,360.874724458984,42.146161251714034,0.6707951131988921,0.3038223802761877,0.3669727329227044,NB
frame_da_1059.97_1060.16,78.34161727577371,0.0,0.4520390855460426,419.698857374235,373.2722670346437,46.426590339591314,217.79174431856765,158.70918035817152,59.08256396039615,NB
frame_ZestawtS_1060.16_1061.19,19.76405330831679,0.9700000000000272,5.249818469606422,425.27633474383975,351.17466136544266,74.1016733783971,56.912791556215325,29.955411457765702,26.95738009844962,TB
frame_ke~j~_1062.16_1062.36,18.938674928974564,0.0,-0.4824979919877624,424.6228490437746,377.6247128162789,46.998136227495706,45.10378372209772,20.36746975360012,24.7363139684976,NB
frame_mi_1062.36_1062.5,33.68153884311184,0.0,0.2577407966640058,415.5467567188005,370.10814956783526,45.43860715096525,23.2756446776348,12.88133449133798,10.39431018629682,NB
frame_dZijs_1062.5_1062.63,28.449191973604968,0.0,-0.651041239034161,421.72774972496063,375.4074038504396,46.320345874521024,25.54779389505353,11.988843778896296,13.558950116157234,NB
frame_u_1062.63_1062.7,36.29974213647816,0.0,-0.063071744773279,411.9901275749496,369.120507631475,42.86961994347456,11.856953632799645,4.363476201229446,7.493477431570199,NB
frame_ki_1062.7_1062.79,15.436685529923809,0.0,-0.651041239034161,422.1375417626478,377.4890497903838,44.648491972264026,23.36716852490457,15.39730771409097,7.9698608108136,NB
frame_E_1062.79_1062.87,144.11337255121694,0.0,-0.4782611413304225,412.7481367289032,369.4677651553312,43.28037157357193,2.1865804090194843,1.0760246013076582,1.110555807711826,NB
frame_ZestawtS_1062.87_1063.31,257.45976480771685,0.0,0.206458007851625,414.9236142396493,363.3389672188731,51.584647020776174,555.4295930049396,265.9611936981688,289.4683993067709,NB
frame_an_1063.31_1064.9,31.0486700769242,1.0299999999999727,-0.7018388017129825,409.49977914465217,325.01470776806093,84.48507137659121,273.4188285939967,155.539067107469,117.87976148652768,TB
frame_an_1065.93_1067.1,25.13514346321304,2.009999999999991,5.259863615785057,424.1517989374914,346.9079138764663,77.24388506102514,655.191368719787,469.2386697446785,185.95269897510843,TB
frame_sO_1069.11_1069.27,76.58515100023726,0.0,-0.7039815562180861,411.7125487848005,366.0513837579789,45.66116502682149,26.854027952363825,10.34906559243501,16.50496235992881,NB
frame_u_1069.27_1069.31,72.50183591034198,0.0,-0.4491216188165563,396.20285642450807,355.6065527828667,40.59630364164138,17.885137942375877,6.995513210649904,10.889624731725974,NB
frame_se_1069.31_1069.43,69.59346445169012,0.0,-0.8022140844980237,409.1128873839575,364.9438750083631,44.16901237559438,56.13704931837879,24.84029152707689,31.2967577913019,NB
frame_gu~_1069.43_1069.9,0.3844773244231021,0.0,1.2738253900270908,411.61022698552574,358.0803074256811,53.529919559844586,167.59843338070814,20.363418767781923,147.23501461292622,NB
frame_du_1069.9_1069.96,61.84010820316257,0.0,-0.5778049101643155,421.5050926862553,377.6294100547845,43.8756826314708,37.672345051378656,18.3109528139141,19.36139223746456,NB
frame_a~_1069.96_1070.1,1.1311290410860408,0.0,0.6832441475023109,423.3065577291573,378.0046315199343,45.30192620922298,42.873424312393496,17.20748796627558,25.66593634611792,TB
frame_nu_1070.1_1070.16,13.722799703355662,2.289999999999964,-0.5778049101643155,406.95963144802414,365.1224966302429,41.83713481778125,22.7257470576383,4.539766669952542,18.18598038768576,NB
frame_an_1072.45_1073.48,3.4580764310403254,0.0,3.721359766109273,419.2702118860815,346.97745651873174,72.29275536734968,252.2705685742498,125.04580392230692,127.22476465194288,TB
frame_te~j~_1073.48_1073.82,33.01112406417718,0.0,-0.1258126484492479,419.7072750372063,370.0497716835248,49.657503353681534,174.96818481738694,75.53561291393137,99.43257190345555,NB
frame_te~j~_1073.82_1074.24,82.19460444883089,0.0,0.4686629241176462,412.3079722548622,360.50248190541487,51.805490349447325,59.04179885992957,16.779016300037597,42.26278255989197,NB
frame_te~j~_1074.24_1074.38,52.796069064211,0.0,-0.6013931065006006,420.9100422673883,375.6754501925005,45.23459207488776,106.27411460231816,56.875059197328085,49.39905540499007,NB
frame_aw_1074.38_1074.49,126.79615215550469,0.0,-0.5095258205035094,419.1149622705492,374.31777021677135,44.79719205377791,39.23594856254783,19.19615878965016,20.03978977289768,NB
frame_gu~s_1074.49_1074.75,40.159414489123606,0.0,0.2034270270221634,414.58616268844526,368.41664006572114,46.16952262272412,70.1308963303587,25.407098745603577,44.72379758475512,NB
frame_du_1074.75_1074.81,119.45810259962452,0.0,-0.5778049101643155,409.59961497182695,367.32620158440994,42.27341338741701,178.70517031865387,105.85988062762402,72.84528969102985,NB
frame_se_1074.81_1074.96,65.6986866225428,0.0,-0.8022140844980237,408.8528740019296,364.9292100060474,43.92366399588207,6.397501305420164,3.8703963196871456,2.5271049857330183,NB
frame_gu~_1074.96_1075.1,63.83760584628176,0.0,-0.3763720862726369,415.9923447382013,371.3918576872716,44.60048705092976,6.638196330854669,4.097955928237255,2.540240402617414,NB
frame_du_1075.1_1075.18,67.53156630263787,0.0,-0.5778049101643155,419.2623748359585,375.8940428717862,43.368331964172285,4.291025519476023,1.2655481570816391,3.025477362394384,NB
frame_a~_1075.18_1075.26,389.9521341877797,0.0,-0.1306202046710001,419.5190136474696,375.0722211579828,44.44679248948677,70.20670586364895,40.4812977268067,29.725408136842248,NB
frame_nu_1075.26_1075.35,130.4350497463471,0.0,-0.4491216188165563,408.8795180819257,365.36502681687824,43.51449126504747,0.5486836555907857,0.3750399196009795,0.1736437359898062,NB
frame_ki_1075.35_1075.42,74.40855902768033,0.0,-0.5212152339344229,404.92670291230047,361.3398495375354,43.5868533747651,62.34178138609533,30.61269002673077,31.72909135936456,NB
frame_fi_1075.42_1075.58,71.98788359640673,0.0,0.1279147915642677,412.1987922968808,367.0497662556404,45.14902604124035,33.03121106314745,15.969450455748133,17.06176060739932,NB
frame_ka_1075.58_1075.89,448.100822436061,0.0,1.317447500988672,422.7879046368214,371.9293810169801,50.85852361984132,197.3933380635548,114.7756414026345,82.61769666092027,NB
frame_ra~w~_1075.89_1076.0,395.4362072185829,5.0,-0.6731964394532075,415.2448380518787,371.4378776606673,43.80696039121136,52.96378871067861,26.872501565435755,26.09128714524286,TB
frame_nE_1081.0_1081.95,40.73933187271891,0.0,4.0388516916095725,408.27058429395584,341.52640158201393,66.7441827119419,608.2448091718119,469.5967847116882,138.64802446012374,NB
frame_ki_1081.95_1082.11,62.620208897693885,0.0,0.6472188119632203,412.10654503188425,365.16243276677335,46.9441122651109,176.2998115756203,106.80488989572822,69.49492167989209,NB
frame_Re_1082.11_1085.28,16.148175012606174,0.0,0.062361994658818,420.3402100456902,279.05295015596107,141.2872598897291,362.3663568880373,231.39287327399668,130.97348361404065,NB
frame_zow_1085.28_1085.39,28.583318813565,0.0,-0.5314981779489433,418.5554873628276,373.68170785702426,44.87377950580333,4.316524574917963,2.615881485015933,1.7006430899020302,NB
frame_ve_1085.39_1085.56,102.67252086162786,0.0,0.7828420606228528,416.4549769553198,369.4068552565704,47.04812169874947,3.041166230142082,0.9998719033921192,2.041294326749963,NB
frame_ra~w~_1085.56_1086.02,96.716289401746,1.3099999999999454,4.209989673592827,416.0387898078869,362.31473401041,53.72405579747687,359.62297418315626,135.17672536670955,224.4462488164467,NB
frame_to_1087.33_1087.41,46.69370912773661,0.0,-0.531498177944879,393.76756532013167,351.91507393612767,41.852491384004,148.91383290537254,86.20339251278696,62.7104403925856,NB
frame_paX_1087.41_1087.77,334.9860748879346,0.3900000000001,1.317447500988672,421.693017864735,369.8824575029595,51.81056036177552,559.7846175255618,205.17637264070495,354.6082448848568,TB
frame_u_1088.16_1088.22,95.70652240407964,0.0,-0.1917550361210381,395.17208311615394,353.5611336629684,41.610949453185526,14.261005631503338,8.145176481485692,6.115829150017646,NB
frame_kuX_1088.22_1088.36,0.4668235607406643,0.0,-0.4491216188165563,404.410838797438,358.953393268604,45.45744552883406,0.5703232607739039,0.368841767698683,0.2014814930752209,NB
frame_su_1088.36_1088.49,47.0042987988443,0.0,-0.5778049101643155,410.7340075207341,366.9275283828645,43.80647913786959,5.364819334146972,2.4767908768168354,2.8880284573301367,NB
frame_ow_1088.49_1088.56,39.52097031332386,0.0,-0.7102460770801312,410.6418456673841,366.85896725134313,43.782878416040944,1.6904797539863523,0.7680856362224517,0.9223941177639006,NB
frame_na~w~_1088.56_1089.39,19.558579948139908,0.599999999999909,0.1406679127201035,415.2338729227487,349.6549071391047,65.57896578364398,106.25043755703491,58.74414635342589,47.506291203609024,NB
frame_an_1089.99_1090.26,85.55567339849122,0.0,-0.5095258205035094,422.39071791424993,371.1331340481229,51.25758386612705,328.13324233469245,269.16696115796134,58.96628117673109,NB
frame_a_1090.26_1090.31,35.09083932754112,0.0,-0.605682311108246,422.038286125846,379.0324145467038,43.0058715791422,10.191649687418163,4.575561136245,5.616088551173164,NB
frame_o_1090.31_1090.4,26.743004822153523,0.0,0.1834934185798731,425.5737234932325,381.5054792418727,44.06824425135977,26.848060983744347,9.40403260661114,17.444028377133208,NB
frame_Zi_1090.4_1090.52,19.165435901117235,0.0,-0.651041239034161,412.785105837155,369.197051246192,43.588054590963054,9.385186791448549,5.64570093400522,3.739485857443327,NB
frame_te~j~_1090.52_1090.69,53.19179678712644,0.0,0.1119775805791317,417.9945103194335,371.1920244273131,46.80248589212039,10.787350844727824,5.357554845469423,5.429795999258403,NB
frame_prO_1090.69_1091.2,262.89060571754374,0.0,3.038126893056101,420.50077227570017,365.58065571906815,54.92011655663202,458.3842464933084,176.30317761816974,282.0810688751386,TB
frame_va_1091.2_1091.94,4.672013218533465,0.4600000000000364,-0.2210563486871133,410.2628051945911,348.8506544305352,61.412150764055866,4.096816116252626,3.204048884795071,0.8927672314575545,NB
frame_a_1092.4_1092.51,36.96019810680613,0.0,-0.0287433674798265,418.4362313454599,372.87493841269406,45.56129293276581,1.9772212701318777,1.3158232032190824,0.6613980669127955,NB
frame_majs_1092.51_1092.65,15.040813954695436,0.0,-0.7979952923177192,414.9792102891589,369.59375719559966,45.385453093559306,9.04192140975016,4.319715383485544,4.722206026264615,NB
frame_poX_1092.65_1092.78,47.32158465089413,0.0,-0.7102460770801312,417.5924135423607,373.1023685442423,44.49004499811844,146.2780291222522,72.87970915405504,73.39831996819717,NB
frame_ki_1092.78_1092.88,84.54343495352325,0.0,-0.1317372186322566,415.807176306659,372.44102927573897,43.36614703092005,20.29184531952518,12.043229710882713,8.248615608642467,NB
frame_na~w~_1092.88_1093.17,40.46669023043185,0.0,-0.2662642633665519,419.5370807910839,367.8551502637209,51.68193052736291,73.62418771790226,38.14861366229559,35.47557405560667,NB
frame_na~w~_1093.17_1093.49,18.810833481423543,0.0,-0.8088404981487594,418.4338666870612,367.3172483629212,51.116618324140006,44.85720790892685,22.060089683743517,22.79711822518334,NB
frame_na~w~_1093.49_1093.65,30.95122476622672,0.0,-0.2662642633665519,420.72207083294114,374.39791043969313,46.32416039324801,7.043308979005388,3.245910517554023,3.797398461451365,NB
frame_a_1093.65_1093.68,35.40637982908342,0.0,-0.7979952923177192,398.9658951154584,356.69669447234105,42.26920064311736,7.349723506379604,3.0306536841730747,4.319069822206529,NB
frame_vi_1093.68_1093.74,81.97500632694921,0.0,-0.651041239034161,408.1758881555968,366.21506909835534,41.9608190572414,2.6624597200329703,1.4434652929439975,1.2189944270889723,NB
frame_za_1093.74_1093.9,25.33411648858313,0.0,-0.3172128392918499,420.8498538768136,374.5683979272702,46.281455949543385,12.15107217819198,7.220662912775367,4.930409265416614,NB
frame_ra~w~_1093.9_1093.99,28.93103711304289,0.0,-0.8088404981487594,413.10409941362497,370.1508664353598,42.95323297826519,5.074532646938678,3.882138224883136,1.1923944220555427,TB
frame_a_1093.99_1094.04,430.98035007100736,0.0,-0.605682311108246,404.8443262748277,363.3189665221358,41.52535975269194,6.018714661927447,2.517594685819404,3.501119976108044,NB
frame_Ze~_1094.04_1094.1,28.072330725120565,0.0,-0.839183335526277,400.8677540802485,360.1403524975523,40.72740158269619,2.4484826849455885,1.0430047383593433,1.4054779465862453,NB
frame_tSi_1094.1_1094.16,0.2252966938797556,0.0,-0.651041239034161,410.258874732948,368.0669797347116,42.19189499823637,47.723282773021936,17.970444153464,29.75283861955793,NB
frame_po_1094.16_1094.22,2.182435882003261,0.0,-0.8889939762113193,418.79563536840135,373.8120864909107,44.98354887749065,64.49221982063321,36.25046980104915,28.24175001958406,NB
frame_dZi_1094.22_1094.29,41.4198628796193,0.0,-0.5212152339344229,416.1076105612573,372.0586008868826,44.049009674374645,152.09979677351873,69.1719318291392,82.92786494437955,NB
frame_a_1094.29_1094.33,163.07022229553226,0.0,-0.7018388017129825,411.4604872563487,369.3232277552035,42.1372595011452,10.288044826198472,5.400115787288144,4.887929038910329,NB
frame_fa_1094.33_1094.53,17.650983487904313,0.0,0.06741312312491,420.05501813168496,372.5222404004273,47.53277773125768,32.42871428172728,21.57770095533561,10.851013326391666,NB
frame_zeX_1094.53_1094.62,8.473858851814697,0.0,-0.8022140844980237,411.2983098127456,368.39942717302,42.89888263972568,2.058463910816755,0.902655172772768,1.1558087380439872,NB
frame_majs_1094.62_1094.84,7.238572654146367,0.0,-0.605682311108246,419.4620097684236,371.7780247825416,47.683984985882034,9.740717732183242,7.000801938224811,2.7399157939584318,NB
frame_u~_1094.84_1095.0,19.098827051970343,0.0,0.0696272316466743,411.53504435398,365.4813454033689,46.05369895061102,31.63618462370812,14.198309411048683,17.437875212659435,NB
frame_dZi_1095.0_1095.32,33.24709603994381,0.0,1.296348837461911,417.5904812998042,367.7937949532827,49.79668634652148,120.94493476050394,29.39420132954487,91.55073343095908,NB
frame_a_1095.32_1095.35,84.2734286895811,0.0,-0.7979952923177192,389.5515242472079,347.7629423138269,41.78858193338096,29.09761123966516,11.88279775258735,17.214813487077805,NB
frame_e~_1095.35_1095.38,129.55370520092208,0.0,-0.8391833355235736,399.7640149150157,357.73852085529364,42.025494059722064,0.0742043339857261,0.0276934186304416,0.0465109153552845,NB
frame_ta~w~_1095.38_1095.58,48.52957286695769,0.0,0.0050238540245517,417.6807430678204,371.7965186230354,45.88422444478499,4.452016150296146,3.153264951014023,1.2987511992821226,TB
frame_bo~_1095.58_1095.64,34.92076379492627,0.0,-1.0583291181224952,418.66395264461073,374.5321722661989,44.13178037841181,31.66274352363897,16.346134001948656,15.31660952169031,NB
frame_a_1095.64_1095.82,88.96790416962344,1.400000000000091,0.6443520667533295,406.45330449715823,361.509557042344,44.943747454814286,69.62910995511857,29.78376269593541,39.84534725918317,NB
frame_koj_1097.22_1097.36,78.7533044114254,0.0,-0.5314981779489433,421.54531756057946,375.3630219986562,46.18229556192324,1.9712206820689744,1.418978320087234,0.5522423619817403,NB
frame_za_1097.36_1097.46,11.343330864576956,0.0,-0.605682311108246,424.8563502411181,379.569617699168,45.286732541950016,5.718242812713527,2.0481127041675222,3.670130108546005,NB
frame_Za_1097.46_1097.58,10.955571229116885,0.0,-0.7018388017129825,425.00256792562095,379.7877706340222,45.21479729159881,19.57136700759796,7.203868832202602,12.367498175395356,NB
frame_es_1097.58_1097.64,10.856125915865732,0.0,-0.8022140844980237,412.32586891024977,368.5512216257623,43.77464728448752,0.3729624043372723,0.2416097565530037,0.1313526477842685,NB
frame_ta_1097.64_1097.8,25.73861345685978,0.0,0.1635696137296466,417.77735748455154,372.4488727464601,45.328484738091504,7.958430266945157,5.225109856458943,2.7333204104862148,NB
frame_ta~w~_1097.8_1097.96,1.507041125402111,0.0,-0.1306202046679159,423.53904922076384,376.7752556794943,46.763793541269536,12.285046125961742,6.146848758380827,6.138197367580915,NB
frame_a_1097.96_1098.02,1.2797175032487758,0.0,-0.5095258205035094,408.4212489352156,366.5401816765937,41.8810672586219,6.304657309738474,3.945058086668439,2.3595992230700347,NB
frame_tra_1098.02_1098.19,32.80500216542799,0.0,-0.2210563486871133,419.9461634907796,373.872445234888,46.07371825589166,21.64185178813102,14.377711072181086,7.264140715949935,NB
frame_pa_1098.19_1098.32,54.13201937100976,0.0,-0.1248998580845631,422.5619355292164,375.76746442622107,46.79447110299526,2.894586219158498,1.7941225946367751,1.1004636245217227,NB
frame_La_1098.32_1098.51,28.57292706430448,0.0,0.06741312312491,420.5176599642535,374.1874807968487,46.33017916740482,37.28033299684503,16.27423504010008,21.006097956744952,NB
frame_da_1098.51_1098.64,34.28780503553793,0.0,-0.1248998580823767,415.28660771872615,371.25922093442233,44.027386784303815,88.77196159827207,31.1068852046441,57.66507639362797,NB
frame_ki_1098.64_1098.7,21.086870469890755,0.0,-0.651041239034161,415.5997529923981,372.8730767507879,42.72667624161028,3.250525371686905,1.9726103130990964,1.2779150585878083,NB
frame_na~w~_1098.7_1098.82,42.85251521621541,0.0,-0.6731964394532075,416.5768844924131,370.9955732136296,45.58131127878357,2.1617692267051893,1.5749500426075542,0.5868191840976351,NB
frame_va_1098.82_1098.89,411.0112407717567,0.0,-0.7018388017107962,424.7936134102492,379.9099879772015,44.88362543304771,25.09067976181313,15.50767883850017,9.583000923312966,NB
frame_li_1098.89_1098.95,397.4374951942583,0.0,-0.651041239034161,423.05585215502674,379.0845412646132,43.97131089041352,47.40913098722399,20.2855378478738,27.12359313935019,NB
frame_a_1098.95_1099.05,400.7639215448325,0.0,-0.1248998580845631,410.38587325992177,366.90588628604746,43.479986973874304,44.21314796968318,27.10004560107734,17.113102368605837,NB
frame_pe~_1099.05_1099.13,21.284704888744585,0.0,-0.6013931064978972,417.9506884662212,373.991623516433,43.95906494978823,6.89897935908968,3.479027023585843,3.4199523355038366,NB
frame_na_1099.13_1099.29,35.01056814030022,0.0,0.1635696137296466,419.3637911128422,372.10974865472446,47.25404245811774,9.128737347981255,4.54609707511915,4.582640272862108,NB
frame_a_1099.29_1099.38,118.12837895497776,0.0,-0.2210563486871133,417.371310971752,374.4217742709992,42.94953670075279,10.313178860349185,4.10033798062176,6.212840879727423,NB
frame_tra_1099.38_1099.51,47.17761281580192,0.0,-0.5095258205035094,421.78168498829046,376.0756571475537,45.70602784073674,6.737432072148948,2.7176347106519927,4.019797361496956,NB
frame_pa_1099.51_1099.68,53.16813233309878,0.0,0.2597261043365695,421.093265953598,374.5382617048044,46.55500424879364,3.810931544461852,2.709866434625553,1.1010651098362985,NB
frame_LaX_1099.68_1099.95,70.70625857693642,0.0,0.2597261043343832,417.3026735148179,368.06539031893374,49.23728319588412,28.69864498396868,20.962369529961336,7.736275454007341,NB
frame_majs_1099.95_1100.4,95.8717228147366,0.0,-0.2210563486892997,418.42373763374576,365.2973130064447,53.12642462730111,82.93212958510708,53.79068152526648,29.1414480598406,TB
frame_nE_1100.4_1100.83,22.8447662661697,0.0,1.2893047498204957,415.3675961943593,359.9521304204045,55.41546577395479,265.0024050327123,117.30386621981664,147.69853881289572,NB
frame_e~j~_1100.83_1101.01,135.22955581825377,0.0,0.4686629241176462,418.4136234148092,371.5727855969727,46.84083781783647,54.08887338296017,28.279851907310217,25.80902147564996,NB
frame_su~_1101.01_1102.73,54.13508886740837,0.0,6.893416795802706,420.0730465334567,324.9904110556652,95.08263547779148,337.1811629591232,148.03817577052092,189.14298718860223,NB
frame_ma_1102.73_1102.93,64.91693807866517,0.9800000000000182,-0.2210563486871133,418.26962767981416,370.6152249497188,47.65440273009534,7.390975095998471,3.6192461735355153,3.7717289224629553,NB
frame_vo_1103.91_1104.21,29.286491307083597,0.0,-0.3527502788177552,425.0645064378965,374.8590924525081,50.20541398538842,129.86245473964402,41.80263133479713,88.05982340484688,NB
frame_sejs_1104.21_1104.31,25.57459795744248,0.0,0.0,418.6234709848352,373.48003053745913,45.14344044737601,31.088069850478178,14.580681008019155,16.507388842459022,NB
frame_to_1104.31_1104.6,52.50073830528302,0.0,-0.5140220581124098,418.81276431402335,369.8124472738896,49.00031704013378,61.44131910187801,20.0509501281162,41.39036897376181,NB
frame_dus_1104.6_1104.8,20.13655622607905,0.0,-0.5778049101643155,411.1578102801612,364.7147527840833,46.44305749607787,227.62014879732783,48.69503700867253,178.92511178865533,NB
frame_te~j~_1104.8_1104.99,15.519366060900154,0.0,-0.0069175339337064,420.0030000752783,372.6931166823789,47.30988339289945,28.59426922427275,13.740272424961349,14.853996799311403,NB
frame_u~_1104.99_1105.02,0.1951584115581965,0.0,-0.5101718816481261,402.7856802829671,360.5833769167923,42.20230336617482,8.4990418088139,4.587230905589337,3.9118109032245623,NB
frame_ma_1105.02_1105.17,10.136016252776956,0.0,-0.509525820501323,418.8629230915658,375.7015819611904,43.16134113037538,142.86361818326634,88.77255651056396,54.09106167270238,NB
frame_i_1105.17_1105.33,7.908508798165485,0.0,1.0366968272624346,410.7293025702771,364.7866424390213,45.94266013125582,319.87277833173806,164.66043963995352,155.21233869178457,NB
frame_d_1105.33_1105.38,227.06943399136125,0.0,0.0,422.3789516922946,379.1049898082384,43.27396188405618,12.09252963050153,6.107297075774682,5.985232554726849,NB
frame_Eja_1105.38_1105.66,93.72839567424948,0.0,-0.5764592463942384,419.12898252068254,369.0275413950762,50.1014411256063,40.30933820219761,21.91736531026818,18.391972891929427,NB
frame_Ze_1105.66_1105.95,122.02801837951314,0.0,0.3505540210477083,414.2155807994136,364.3190859466792,49.89649485273446,13.5763500989175,7.273121463162013,6.303228635755488,NB
frame_raw_1105.95_1106.34,210.68506877548157,1.4600000000000364,0.3558825949413061,421.26810418409855,368.063430183137,53.204674000961575,510.438690424123,233.1659154130242,277.2727750110988,NB
frame_du_1107.8_1107.89,35.3715275309159,0.0,-0.4491216188136304,427.253832289356,380.88137966096815,46.372452628387805,22.850724635691364,8.483643064176789,14.367081571514577,NB
frame_oR_1107.89_1108.23,71.15832111539467,0.0,3.400955602941257,423.9213457930031,374.0314143603849,49.88993143261808,259.8323641486676,175.07423974301304,84.75812440565454,NB
frame_ga_1108.23_1108.47,35.70911296447858,0.0,0.4520390855460426,423.5145797409141,375.25847920637335,48.25610053454079,54.80766576770307,17.945182339802784,36.86248342790029,NB
frame_niz_1108.47_1108.95,21.659400721575565,0.0,1.556000847664339,415.8351202494102,359.66711462904607,56.16800562036411,88.8177028656448,38.15438079395298,50.66332207169182,NB
frame_mu_1108.95_1109.15,9.961893944688455,2.3899999999998727,0.3229781292729242,416.5343079830653,369.1831468281728,47.35116115489251,8.267922848025421,2.6469705770210794,5.620952271004342,NB
frame_ki_1111.54_1111.64,5.643504304082455,0.0,-0.5212152339314711,423.37281805859504,379.7934622119483,43.57935584664676,8.454149184935574,2.826077168069361,5.628072016866213,NB
frame_E_1111.64_1111.85,62.50374909791401,0.0,0.7983142244991835,419.8000497424152,373.1000807994133,46.69996894300186,176.15217798660123,90.66633300734564,85.4858449792556,NB
frame_a_1111.85_1111.9,107.13056579104745,0.0,-0.6056823111060596,403.181239168965,360.790945944783,42.39029322418202,0.721025269511351,0.3012681849590706,0.4197570845522804,NB
frame_ba_1111.9_1112.33,1.5556336063648644,0.0,2.663638369454984,420.3556264246994,365.8479746533535,54.507651771345934,33.080776361812184,10.795046272097608,22.285730089714576,NB
frame_zi_1112.33_1112.68,55.11436941898464,0.0,-0.651041239034161,416.6334334945088,363.9226266329228,52.71080686158598,7.292950981059462,3.3524644673107247,3.9404865137487377,NB
frame_i_1112.68_1112.76,10.050754110417074,0.0,-0.0019112135354704,422.7897153069672,377.7179976696296,45.0717176373376,20.10091688609222,6.406100024600363,13.69481686149186,NB
frame_u_1112.76_1112.94,4.290139360641888,0.0,1.3524444600549972,421.3651841263657,375.4140943494592,45.95108977690643,9.14272425617159,3.379065295840519,5.763658960331071,NB
frame_ko~_1112.94_1113.16,5.071444412324979,0.0,0.541116941300492,420.6541010523316,373.3258542979601,47.32824675437149,7.043629739114692,2.479003240950078,4.564626498164614,NB
frame_sej_1113.16_1113.54,37.23481307479662,0.0,-0.3699260449163264,419.93919075237295,367.5200925263425,52.419098226030485,17.541329984200956,10.038994030011937,7.502335954189021,NB
frame_to_1113.54_1113.6,88.19136155287542,0.0,-0.8889939762113193,405.13629102115385,363.5875172314004,41.5487737897534,5.578349663059356,3.319525552323654,2.258824110735702,NB
frame_Sa_1113.6_1114.15,1.481036234134706,0.0,1.605916972805068,420.249487422145,362.9141550582908,57.33533236385426,29.84727698002888,11.314200322449295,18.533076657579585,NB
frame_vi_1114.15_1114.27,8.179250283914797,0.0,-0.651041239034161,415.52813696692897,368.99049225545264,46.53764471147633,0.4571249565372568,0.1717561855065525,0.2853687710307042,NB
frame_pa_1114.27_1114.37,2.836924282941652,0.0,-0.4133693298987728,419.8395531202296,374.6104575564775,45.229095563752026,10.479443362807784,3.20100690756405,7.278436455243735,NB
frame_ra_1114.37_1114.43,14.47863067745078,0.0,-0.7979952923177192,413.4650971957989,370.55077698683147,42.91432020896741,4.155690376524092,1.729472381765845,2.4262179947582467,NB
frame_u_1114.43_1114.46,26.744265009594187,0.0,-0.5778049101643155,397.2327704261071,355.96197285574846,41.27079757035864,5.831827996651015,3.179457740562384,2.65237025608863,NB
frame_es_1114.46_1114.9,14.176378839133946,0.0,-0.3699260449196028,418.3523156670917,365.65374708322014,52.69856858387158,55.54256616046976,19.68336284352563,35.85920331694413,NB
frame_tu_1114.9_1115.0,11.280102098554153,0.0,-0.063071744773279,417.51514283067934,372.7341003549508,44.78104247572856,19.53195151789879,10.889029688058288,8.642921829840503,NB
frame_du_1115.0_1115.09,2.165928802418307,0.0,-0.3204383274687972,421.7535616300791,377.41979555147697,44.33376607860208,4.07890804871667,1.5543635021936666,2.5245445465230034,NB
frame_da_1115.09_1115.15,3.0503165176002085,0.0,-0.7979952923155328,406.120801829457,364.66743096544025,41.45337086401673,5.498995463285013,3.484143107299502,2.0148523559855107,NB
frame_psi_1115.15_1115.36,0.9420261552895112,0.0,0.1279147915642677,413.5247697615523,367.7503595906733,45.77441017087898,1.641321839800554,0.8826677888532686,0.7586540509472854,NB
frame_ko_1115.36_1115.45,16.318290710321293,0.0,-0.5314981779489433,420.1910081981865,375.9892689346155,44.20173926357103,9.708638567919904,4.409806282350843,5.298832285569063,NB
frame_lo_1115.45_1115.55,39.38298366771298,0.0,-0.8889939762113193,415.58345479490265,371.7322622378688,43.851192557033926,23.15027355614093,9.797058189416733,13.3532153667242,NB
frame_Zi_1115.55_1115.86,72.9323298265271,0.0,-0.651041239034161,407.100525594499,359.0964743816197,48.00405121287929,114.01955039473552,71.04182732309273,42.97772307164279,NB
frame_a_1115.86_1115.89,106.53192112025518,1.509999999999991,-0.7979952923155328,389.9772989894881,348.9257716101613,41.05152737932679,0.761349531307836,0.2759617574970008,0.4853877738108352,TB
frame_u_1117.4_1117.47,4.2898131812195,0.0,-0.063071744773279,422.4911438695,379.1422669455811,43.34887692391885,10.377970196581543,3.830592626986146,6.5473775695953975,NB
frame_oR_1117.47_1117.75,101.46078823486272,0.0,3.0434598046788817,425.1516817107595,375.1108893313528,50.04079237940664,208.37856047429477,114.00038398807652,94.37817648621822,NB
frame_ga_1117.75_1117.93,31.374811617036528,0.0,0.1635696137318329,418.5114537031244,371.3461482683859,47.16530543473846,14.806529016174608,7.857349852234677,6.949179163939931,NB
frame_niz_1117.93_1118.46,51.98766764628451,0.0,-0.2615632237319947,412.8856981209812,355.2765839204496,57.609114200531565,164.4231282722619,115.71857530522408,48.70455296703781,NB
frame_mu_1118.46_1118.64,76.43473267507983,1.349999999999909,-0.1917550361181122,407.7320458337341,362.5543061954232,45.17773963831087,118.89758681070798,91.65774109713306,27.239845713574923,NB
frame_na~w~_1119.99_1120.24,0.1867752256804635,0.0,0.0050238540276359,425.23346513169895,374.6797452983316,50.55371983336738,12.842501868259603,6.501141543914031,6.3413603243455725,NB
frame_E_1120.24_1120.28,0.8186824495655003,2.160000000000082,-0.8710535615856859,415.88069237739074,372.4174575337677,43.46323484362301,0.0741376756806175,0.0250393979998762,0.0490982776807413,NB
frame_u~_1122.44_1122.5,3.4868640968877287,0.0,-0.3763720862726369,419.6876554913312,376.2470640701532,43.440591421177885,10.567433238244092,4.938048230792134,5.629385007451958,NB
frame_ma_1122.5_1122.77,73.78752983401742,0.0,1.028978029174462,424.4521263183142,375.2128580418836,49.23926827643066,175.46595677033076,100.59862038727928,74.86733638305148,NB
frame_ma_1122.77_1123.16,30.421595887318237,0.0,1.7020734634098047,423.3085306925308,370.3347467778114,52.97378391471938,49.336154039343626,18.475973049701626,30.860180989642004,NB
frame_ki~_1123.16_1123.25,14.194906470266544,0.0,-0.5364819007322623,413.6303678882944,371.9321701145079,41.69819777378649,9.385077234228504,4.80500718712571,4.580070047102794,NB
frame_na_1123.25_1123.42,40.12624596339492,1.0499999999999543,-0.2210563486871133,417.9114143631581,372.1237605233263,45.78765383983182,8.31816515016915,2.837640994636644,5.480524155532507,NB
frame_do_1124.47_1124.73,15.730992829964208,0.0,2.5072161072853176,423.82478132720576,374.5951030172331,49.22967830997271,11.138332858248418,4.4219219047226375,6.716410953525781,NB
frame_ta_1124.73_1125.05,44.11503647603203,0.0,1.7020734634076182,421.34324637802,370.427098541364,50.91614783665602,32.40398393263192,20.6689596198938,11.73502431273812,NB
frame_da_1125.05_1125.37,35.985876072955904,1.1900000000000546,1.7020734634076182,413.7624673948754,363.1548822477869,50.60758514708857,201.21860431453285,69.4733867427648,131.74521757176802,NB
frame_dZi_1126.56_1126.9,22.800781918995824,0.0,0.9068708221656484,421.9368569385223,369.2298801048903,52.70697683363204,281.3666147485267,230.36725061717303,50.99936413135359,NB
frame_OR_1126.9_1126.97,142.130440662607,0.0,-1.364353635500883,410.5690038637367,367.3378877723612,43.2311160913755,20.919109570040632,15.188192483366493,5.73091708667414,NB
frame_ga~w~s_1126.97_1127.87,9.59085439779895,0.0,1.497108499678706,423.1098393530047,355.7103202808398,67.39951907216488,80.07224239855918,30.97932588954515,49.09291650901403,NB
frame_dZi_1127.87_1127.95,56.60774375480074,0.0,-0.651041239034161,416.1892443070524,371.0859249816265,45.10331932542596,7.857373239240076,4.4201876953577255,3.43718554388235,NB
frame_Re_1127.95_1128.23,27.47734584307443,0.0,2.079706179361392,420.53947655636097,372.1209469648884,48.41852959147258,115.2727542189231,40.50967179006562,74.76308242885747,NB
frame_sep_1128.23_1128.56,65.61454717225394,0.0,-0.8022140844980237,422.8873119620747,371.22199357791584,51.66531838415887,179.8631024913083,102.80555864868666,77.05754384262164,NB
frame_sa~w~_1128.56_1129.16,56.81643839422753,0.0,-0.2662642633634677,422.73080022973966,363.86656749727854,58.86423273246112,189.1118730825228,134.12124859607923,54.99062448644358,NB
frame_pa_1129.16_1129.36,15.24258488864487,0.0,0.1635696137296466,420.3064609402607,373.9195564765712,46.38690446368952,9.05725422880721,6.017140015069799,3.040114213737411,NB
frame_si_1129.36_1130.08,52.47682196696553,0.0,-0.0019112135354704,418.3517538158159,355.12806706854946,63.22368674726641,95.8140405547642,23.83117810841466,71.98286244634953,NB
frame_va_1130.08_1130.79,89.74768185794882,0.0,4.779081162761375,406.4624933879557,345.1342829786923,61.32821040926342,91.81362178879368,53.64122030060439,38.17240148818928,NB
frame_dZi_1130.79_1130.85,44.055203669426106,0.0,-0.651041239034161,409.8635137489768,366.99308945844194,42.87042429053486,6.107750456812767,2.5140276133807333,3.593722843432033,NB
frame_es_1130.85_1131.08,107.78446242883554,0.0,-0.8022140844947473,409.6579011945548,362.8910899241796,46.76681127037517,86.71174591440459,61.99781224376271,24.71393367064187,NB
frame_tSi_1131.08_1131.25,39.59977016761045,0.0,0.2577407966640058,421.4167741149622,373.3177426472068,48.099031467755424,56.16338934401389,21.90884751259682,34.25454183141707,NB
frame_mu_1131.25_1131.4,73.00569706912704,0.0,0.4516614206206834,415.5603716147744,370.86815960052576,44.69221201424864,58.10795928129751,29.73843426980217,28.36952501149534,NB
frame_lus_1131.4_1132.59,17.725827949823582,0.0,0.1942948379222392,414.2481925709593,337.87961897625803,76.36857359470122,148.35827154315888,63.60985941531797,84.74841212784091,NB
frame_i_1132.59_1132.62,82.52469017102261,0.5300000000002001,-0.651041239034161,389.6176677437783,349.3319542705757,40.28571347320258,2.9978883234965394,1.2368472734253544,1.761041050071185,NB
frame_ki_1133.15_1133.24,23.96553830499829,0.0,-0.5212152339344229,424.6657150730207,379.2592635624793,45.40645151054144,11.278857018198096,4.843545474196247,6.4353115440018485,NB
frame_Res_1133.24_1133.96,13.89074990013924,0.0,2.9442822585182338,425.2328031695904,361.0808396016356,64.1519635679548,49.51209443839196,11.930870831271848,37.58122360712011,NB
frame_po~_1133.96_1134.25,27.17631975586337,0.0,1.2408745922980489,421.04991997479226,372.1565181273222,48.89340184746999,13.613293356859856,4.519543683414383,9.093749673445473,NB
frame_dZi_1134.25_1134.31,6.212938250509296,0.0,-0.651041239034161,419.37909212479946,375.59003588354966,43.7890562412498,13.335302616117758,7.406902286115269,5.928400330002489,NB
frame_a_1134.31_1134.34,184.9616440032759,0.0,-0.7979952923177192,410.2980575739933,367.5107923788187,42.787265195174655,5.141293286210384,2.774428854458165,2.3668644317522194,NB
frame_e_1134.34_1134.43,5.7346608044067295,0.0,0.0623619946620944,415.03797119951776,370.89805574682816,44.139915452689536,9.248341014808403,4.81243709209221,4.435903922716193,NB
frame_sis_1134.43_1134.53,3.234456821939148,0.0,0.0,407.77371987017546,364.10407374983936,43.6696461203361,13.277204147851847,6.658021499138954,6.6191826487128935,NB
frame_es_1134.53_1134.63,190.70585147366168,0.0,-0.651041239034161,402.6123747001484,362.00011319611474,40.61226150403365,36.75937857962191,21.354321879915176,15.405056699706734,NB
frame_tSi_1134.63_1135.11,8.497437137704878,0.0,-0.8022140844980237,419.66282665914457,363.2230415099017,56.43978514924288,19.961926165479213,8.326961891472365,11.634964274006848,NB
frame_mu_1135.11_1135.17,4.315623822650792,0.0,-0.5778049101643155,413.9169643819991,370.7669825888409,43.14998179315819,10.371686076014951,5.636241785633047,4.735444290381906,NB
frame_lus_1135.17_1135.38,131.9748705011499,0.0,-0.3204383274687972,412.0623372330657,365.5657087228991,46.4966285101666,2.081326136236981,0.8847632759374733,1.1965628602995082,NB
frame_ko~_1135.38_1135.55,3.133577303952876,0.0,0.0412900477285355,420.0408998252233,373.59297681113975,46.44792301408353,5.438824398907514,2.1545563970780397,3.2842680018294743,NB
frame_pa_1135.55_1135.67,6.680457514025193,0.0,-0.3172128392918499,422.6799875153994,378.1029373659799,44.57705014941956,6.042026320156992,3.5346872467603703,2.507339073396622,NB
frame_sa_1135.67_1135.86,10.9309817545045,0.0,-0.7979952923177192,415.3627378688386,368.4982691159144,46.86446875292432,15.371739528523705,5.357295044490769,10.014444484032936,NB
frame_vi_1135.86_1136.04,21.725492236754175,0.0,0.5173928068634821,418.7993023910668,372.2180198953165,46.58128249575037,14.993186344200495,5.74312824552942,9.250058098671076,NB
frame_da_1136.04_1136.21,76.30130387739453,0.0,0.1635696137318329,419.7410205243,373.2168620367293,46.52415848757073,17.53146325902594,11.02042712525524,6.511036133770702,NB
frame_dZi_1136.21_1136.27,83.38618141527333,0.0,-0.651041239034161,405.0451738391293,363.3672062249936,41.67796761413575,10.355546207595566,3.820966370122335,6.534579837473231,TB
frame_vo_1136.27_1136.33,548.4424416498898,0.0,-0.8889939762113193,407.0803739277334,364.2279222292764,42.85245169845695,27.57316817624041,21.23604765565426,6.337120520586154,NB
frame_sejs_1136.33_1136.36,40.42019551133888,0.0,0.0,407.2411548663226,363.7829609219119,43.45819394441065,1.6227523697998834,1.2081273110682955,0.4146250587315876,NB
frame_sa_1136.36_1136.65,11.240524356251656,0.0,-0.8022140844947473,418.6712118857005,371.406660126652,47.26455175904846,12.921674407901776,8.743469528439448,4.178204879462328,NB
frame_be~j~_1136.65_1136.82,10.099205660330114,0.0,-0.6013931065006006,416.2970372555915,369.6386640078517,46.65837324773975,12.208138796101338,7.004258693591652,5.203880102509686,NB
frame_dZi_1136.82_1136.94,79.95134088733096,0.0,-0.2615632237349466,412.838557813308,368.095597244495,44.742960568812975,10.41254098053416,6.237012751712797,4.175528228821364,NB
frame_su_1136.94_1137.31,30.31875735843184,1.4400000000000546,-0.5778049101643155,412.1389879481769,359.6791011697889,52.45988677838801,10.446832004586582,5.721794832926861,4.7250371716597215,TB
frame_u_1138.75_1138.95,4.0810312508263,0.0,1.6098110427505157,425.9580184595317,377.8791024934448,48.078915966086925,39.84219970332597,13.976074894917616,25.86612480840836,NB
frame_oR_1138.95_1139.04,0.2705763267166787,0.0,-0.7102460770801312,414.2404459246243,368.7283132000848,45.512132724539526,7.349860959481191,2.75978093810636,4.590080021374831,NB
frame_ga_1139.04_1139.19,4.768751856878936,0.0,-0.1248998580823767,422.6041044286732,377.32959051832313,45.27451391035004,6.580340429186947,3.470632007121907,3.10970842206504,NB
frame_niz_1139.19_1139.47,15.304527928566898,0.0,0.5173928068634821,416.9038266168832,366.8996497435994,50.00417687328383,38.3155727713409,21.24142880726373,17.074143964077166,NB
frame_mu_1139.47_1139.53,13.156467813365254,0.0,-0.5778049101643155,422.3678419430274,378.0254082440353,44.34243369899207,0.0566910430284508,0.0161640094438269,0.0405270335846239,NB
frame_E_1139.53_1139.58,6.125945742451506,0.0,-0.77285545652187,419.3594520282953,375.4727526503763,43.886699377919,1.3822678909521071,1.0414874363346485,0.3407804546174588,NB
frame_e_1139.58_1139.68,2.521263332484722,0.0,0.2064580078549013,409.0602407132039,367.4278729978855,41.63236771531837,4.521182937874244,2.934124585206831,1.5870583526674125,NB
frame_se~_1139.68_1139.9,3.557652247289127,0.0,-0.3636028774722209,419.39290977994256,370.9444586052455,48.44845117469709,14.503268467435843,10.246365935172976,4.25690253226287,NB
frame_si_1139.9_1140.12,24.364438699710263,0.0,-0.2615632237349466,420.2748056635796,372.544696491088,47.73010917249155,24.64935626733808,13.114494565216006,11.534861702122072,NB
frame_aw_1140.12_1140.23,37.61120170158168,0.0,-0.509525820501323,413.9591256396868,369.4010892338939,44.55803640579296,5.354956660282511,2.668108832531317,2.686847827751194,NB
frame_me~_1140.23_1140.43,107.82546739792458,0.0,0.5875580386304844,417.1012225772288,370.4864415702607,46.61478100696809,32.55292148375193,13.62224114742007,18.93068033633186,NB
frame_tSi_1140.43_1140.58,24.877178237151128,0.0,-0.0019112135354704,412.2447549251794,367.5966476183221,44.6481073068573,257.09512892181726,175.99902515540938,81.09610376640785,NB
frame_a_1140.58_1140.81,38.36417976574839,0.0,1.1251345197791986,420.1290306406305,372.1605178706056,47.9685127700248,149.52760705177482,57.44604299434499,92.08156405742984,NB
frame_tSi_1140.81_1140.95,11.583851777494148,0.0,-0.2615632237349466,416.49982498887215,370.3112648902175,46.18856009865465,26.006479034379,10.484829616171623,15.521649418207376,NB
frame_vi_1140.95_1141.12,14.53065123545528,0.0,0.5173928068634821,418.3233347100984,372.02991993855335,46.29341477154509,12.002007454193093,4.602705285974878,7.399302168218213,NB
frame_da_1141.12_1141.46,141.3086595994484,0.0,1.8943864446170915,416.6766155350414,366.0161298097496,50.66048572529178,644.7988150207451,407.6537151551663,237.14509986557877,NB
frame_dZi_1141.46_1141.6,107.57085254364053,0.8700000000001182,-0.651041239034161,405.2724407218496,361.4528719319392,43.81956878991042,5.550673014862198,2.9459248387430392,2.604748176119159,TB
frame_e~_1142.47_1142.67,40.86101773389237,0.0,1.1820336111946752,421.4297041969915,374.83985862435605,46.589845572635454,24.075734219760903,10.87617168093982,13.199562538821084,NB
frame_ta~w~_1142.67_1143.12,6.928653461762195,0.6700000000000728,3.26048126272088,419.18103159699854,366.8288085310659,52.35222306593272,583.8639287161543,499.38470622319625,84.4792224929581,NB
frame_a_1143.79_1143.99,28.171236450486333,0.0,0.836665047964989,420.0734806026274,373.23365911032073,46.83982149230667,8.591832101271137,4.8580616443493625,3.733770456921775,NB
frame_peX_1143.99_1144.21,41.17540692546714,0.0,0.7828420606261292,423.48109769986166,375.2528824194767,48.22821528038497,26.978792286937704,9.451118760377852,17.527673526559852,NB
frame_sep_1144.21_1144.47,31.97221595222865,0.0,-0.5140220581124098,420.8721276054592,371.8430405935901,49.02908701186908,17.150026380623814,12.354642716722282,4.795383663901532,NB
frame_sa~w~_1144.47_1145.1,53.60607736442415,0.2800000000002001,-0.8088404981487594,411.421502980972,352.8667177635668,58.55478521740525,202.97620807090573,117.3883607616377,85.58784730926803,NB
frame_na~w~_1145.38_1145.55,7.036737246497637,0.0,-0.2662642633665519,424.36938216559474,377.7716233614968,46.59775880409797,22.310755005430394,7.714567889160293,14.596187116270102,NB
frame_si_1145.55_1145.73,21.83336841472453,0.0,-0.651041239034161,414.5811570497561,368.1070537958048,46.47410325395128,53.09586860624171,31.37858238712829,21.71728621911342,NB
frame_fajs_1145.73_1146.68,82.66994694914388,0.7100000000000364,0.5481955761485929,413.92001924188656,347.09144110626045,66.82857813562612,322.1264567902182,249.1845234026416,72.94193338757663,NB
frame_poX_1147.39_1147.51,0.2309114673509782,0.0,-0.5314981779489433,425.1770234282728,378.52111514289686,46.65590828537592,34.18403184908212,16.257918906462095,17.926112942620023,NB
frame_u~_1147.51_1147.58,14.917155593383283,0.0,-0.3317721544808072,415.9948087120047,372.67245398075767,43.32235473124706,6.86678573988786,4.033529302053182,2.8332564378346774,NB
frame_ma_1147.58_1147.75,6.290940253098029,0.0,-0.0287433674798265,421.4922413553181,374.3372520042898,47.15498935102835,20.161418537796575,13.99995810544462,6.161460432351959,NB
frame_sE_1147.75_1148.11,34.692341718627034,0.0,-0.5764592463942384,425.91952744085415,371.7747145897299,54.14481285112424,16.841312817303844,7.08193477740474,9.759378039899104,NB
frame_ri_1148.11_1148.17,39.86030577429088,0.0,-0.651041239034161,412.4467222034639,368.6169023136736,43.82981988979037,2.8056688651747663,1.1394762159735023,1.666192649201264,NB
frame_dZi_1148.17_1148.29,29.8643878532576,0.0,0.1279147915642677,406.46945481320665,362.99118238940815,43.4782724237985,8.575302335407258,3.549706513817142,5.025595821590116,NB
frame_se~_1148.29_1148.59,17.805559509845637,0.0,-0.6013931065006006,420.8173681020326,370.7123036180657,50.10506448396694,9.899332092382508,7.958577578179728,1.94075451420278,NB
frame_sa_1148.59_1148.87,5.754635515537984,0.0,-0.3172128392940362,421.13274800116966,371.5665400791968,49.56620792197282,39.99942927390322,13.15568736535431,26.843741908548907,NB
frame_so~j~s_1148.87_1149.09,40.948857679804206,0.0,0.0,419.67896567083903,370.654425950532,49.02453972030708,8.705203937660286,5.356409296261859,3.3487946413984275,NB
frame_ki_1149.09_1149.49,65.58113445547137,0.0,-0.5585022245528117,412.2607528208093,361.6383685380586,50.62238428275072,10.288805731984567,6.135783667788161,4.153022064196406,NB
frame_fe_1149.49_1149.91,25.22633816743209,0.0,1.791514152975778,425.2574050237258,370.2009150234945,55.05649000023124,30.66279529031101,9.719099186995606,20.943696103315403,NB
frame_re~j~_1149.91_1150.06,29.963375392465224,0.0,-0.2447077629620861,414.9580968714966,369.4094990198794,45.54859785161716,22.154922222281243,14.08409565779283,8.070826564488414,NB
frame_u_1150.06_1150.19,48.94404211876875,0.0,0.7090280033162016,417.04296989332784,372.4828419348096,44.560127958518194,8.377054183613865,4.622653157158851,3.754401026455014,NB
frame_oR_1150.19_1150.25,109.7330222121027,0.0,-0.8889939762113193,405.695428037469,362.72160081154135,42.973827225927664,3.384465010579333,1.5626764403768192,1.8217885702025145,NB
frame_ga_1150.25_1150.37,65.83468595635311,0.0,-0.4133693298987728,418.1431572641966,372.79757276390126,45.34558450029533,7.743346846557614,5.063157563563564,2.68018928299405,NB
frame_niz_1150.37_1150.72,8.089932710482458,0.0,-0.651041239034161,417.90703768462816,364.497701836613,53.40933584801513,75.97298436814316,37.68758503405971,38.28539933408345,NB
frame_mu_1150.72_1150.82,2.703590501606868,0.7799999999999727,-0.3204383274687972,408.6803591476827,367.49687455678736,41.183484590895375,17.58100360239618,10.295353627935498,7.285649974460682,NB
frame_to_1151.6_1151.79,45.67998984698991,0.0,0.898485015100561,425.1758090160555,376.7949497754444,48.38085924061113,40.252996639804905,19.33572813941717,20.91726850038773,NB
frame_das_1151.79_1151.99,0.9461819244004914,0.0,-0.4133693298965865,421.616486646295,373.9592541671116,47.65723247918339,36.348593062099695,22.12256197785177,14.22603108424792,NB
frame_E_1151.99_1152.07,19.316371276718087,0.0,-0.4782611413304225,419.2899547613919,375.69870094934095,43.59125381205098,4.057779239222128,2.1214053703118623,1.936373868910266,NB
frame_las_1152.07_1152.31,18.77367685278432,0.0,-0.509525820501323,415.5446904138784,368.3672061962517,47.17748421762667,5.131846409678587,1.6059070756091955,3.525939334069392,NB
frame_si_1152.31_1152.38,26.062339959539145,0.0,-0.6510412390312091,408.3421689774802,364.657471560216,43.68469741726426,14.76468323163698,5.7263317180049,9.03835151363208,NB
frame_Zu~_1152.38_1152.71,21.71312448022971,0.0,-0.1533724273124742,416.7196847543991,366.9132272410983,49.80645751330076,52.55203648241675,10.911794270633123,41.64024221178363,NB
frame_ta~w~_1152.71_1152.88,11.867514417721736,0.0,-0.1306202046710001,421.2646775985303,373.6602427027696,47.60443489576073,37.01739718907592,16.116585704328344,20.900811484747575,NB
frame_i_1152.88_1152.99,16.587948792133233,0.0,0.387566801763744,407.91633681389953,362.9146516876736,45.00168512622594,12.56856797575287,4.673642392839156,7.894925582913714,NB
frame_da~w~_1152.99_1153.2,8.407308223096436,0.0,-0.1306202046710001,419.4699924295769,372.6781102948708,46.79188213470604,16.550438767084415,4.282683544030448,12.267755223053967,NB
frame_a_1153.2_1153.26,11.01875846709646,0.0,-0.5095258205035094,402.3512313143217,361.1765973902188,41.17463392410292,1.9183514821701808,0.8247153316568756,1.093636150513305,NB
frame_peX_1153.26_1153.39,21.406462683250567,0.0,-0.3699260449196028,418.96990907322265,373.6828677777887,45.28704129543394,8.968230187630269,5.563508375888972,3.4047218117412967,NB
frame_sep_1153.39_1153.59,38.33279772454705,0.0,-0.8022140844980237,419.039949080694,371.85089138899326,47.189057691700725,14.15543220802573,8.139154876073263,6.016277331952466,NB
frame_sa~w~_1153.59_1154.17,28.5830097185289,0.6899999999998272,-0.8088404981456752,409.3622478832747,352.3178688109567,57.04437907231795,6.456214011826376,2.379726986977488,4.076487024848888,TB
frame_a_1154.86_1154.98,33.220664816333965,0.0,0.0674131231270964,414.3613862982189,369.4393320216088,44.92205427661014,5.977517445291198,3.791368107975245,2.1861493373159533,NB
frame_peX_1154.98_1155.13,5.430042071009751,0.0,0.062361994658818,424.3871584269335,378.2849660922144,46.10219233471906,18.186290740239883,7.103015348220595,11.083275392019289,NB
frame_sep_1155.13_1155.33,0.4497131486868397,0.0,-0.5140220581124098,421.0963096505496,374.7686876279166,46.32762202263302,11.09726427924312,4.055526536363686,7.041737742879434,NB
frame_sa~w~_1155.33_1155.76,96.7121872177038,0.0,-0.1306202046710001,424.8847784813028,368.5906119612149,56.29416652008791,392.3176768513391,293.55961526548583,98.75806158585328,NB
frame_E_1155.76_1156.05,8.97128125703756,0.0,1.583899065011943,421.2628976278104,371.396142809981,49.86675481782936,4.216506710125032,2.367349418614566,1.8491572915104653,NB
frame_a_1156.05_1156.15,5.404058828988525,0.0,-0.1248998580823767,402.5723811688998,360.5221691804849,42.0502119884149,58.711722947737485,24.15247192950227,34.559251018235216,NB
frame_tSi_1156.15_1156.27,30.61733701975743,0.0,-0.651041239034161,422.2249715720895,376.0576639999899,46.16730757209956,3.6549981653706425,1.986944438990463,1.6680537263801796,NB
frame_va_1156.27_1156.66,58.42219501959602,1.2300000000000182,0.4520390855460426,416.4761617774499,363.4690045815036,53.00715719594626,87.98239472105712,68.14931957536928,19.833075145687843,TB
frame_a_1157.89_1158.05,1.5391581962059604,0.0,0.4520390855438563,414.7327365984895,368.4587981932588,46.27393840523064,194.0949845393972,135.58151833302645,58.513466206370765,NB
frame_peX_1158.05_1158.24,2.2719795513008023,0.0,0.6387460474333222,424.5450459486268,377.77310145829085,46.7719444903359,14.307887826073111,4.140975883422755,10.166911942650358,NB
frame_sep_1158.24_1158.87,14.295427115541344,0.0,0.3505540210444319,420.29721774381625,361.7925394844754,58.50467825934084,320.7027203618367,213.3468798976168,107.35584046421992,NB
frame_sa~w~_1158.87_1158.98,71.16961675000385,1.150000000000091,-0.8088404981487594,407.4457248859967,363.62565098466615,43.82007390133055,10.227442203221583,3.628680703587861,6.598761499633724,NB
frame_E_1160.13_1160.31,0.6036337821998075,0.0,0.503719909307736,425.0710938425626,377.1622889460444,47.90880489651824,18.405268944368544,9.372200661848382,9.033068282520162,NB
frame_u_1160.31_1160.37,1.3242129125755469,0.0,-0.1917550361210381,418.09124292926725,374.26157385209183,43.829669077175424,2.038211197244408,0.4856892956643719,1.552521901580036,NB
frame_dZi_1160.37_1160.52,4.871654530085863,0.0,0.5173928068634821,415.1340180454863,372.0762345249234,43.05778352056285,13.529281041958882,4.507039436831292,9.02224160512759,NB
frame_ri_1160.52_1160.84,20.33705854362856,0.0,2.594608888462244,416.4108363210477,366.03064920692026,50.380187114127466,117.551706593111,52.19303683498305,65.35866975812796,NB
frame_ZiX_1160.84_1161.15,18.209233222736884,0.0,0.5173928068634821,414.1930190540156,366.908698295366,47.28432075864964,18.574693878061566,7.558404776647762,11.016289101413804,NB
frame_si_1161.15_1161.75,63.25336690278877,0.7000000000000455,-0.651041239034161,407.4494953623096,349.676309446765,57.77318591554456,208.5230865202452,116.71936122120763,91.80372529903752,NB
frame_dZi_1162.45_1162.51,71.64154108738974,0.0,-0.651041239034161,406.8641601568829,364.6118244848584,42.25233567202457,6.930253604241045,3.9215124966871855,3.00874110755386,NB
frame_seX_1162.51_1163.08,3.670274373624807,0.0,1.791514152975778,423.0199972386171,365.5993760809057,57.42062115771142,16.817540499822712,7.073677249529396,9.743863250293316,NB
frame_tas_1163.08_1163.93,40.6795135382751,0.5899999999999181,0.3558825949391198,420.94870357922014,355.13691146343547,65.81179211578467,24.537561166992305,14.498236713173185,10.03932445381912,NB
frame_po_1164.52_1164.63,64.50903990534763,0.0,-0.1740023796825029,424.2126588588728,379.0944358944729,45.11822296439993,16.89314897008441,9.677414670237482,7.215734299846929,NB
frame_si_1164.63_1164.92,50.48112149917827,0.0,0.1279147915672196,417.8714211987984,366.3581292435328,51.513291955265686,33.846830053099865,16.754112997993616,17.09271705510625,NB
frame_bi_1164.92_1165.02,4.868686136692901,0.0,-0.1317372186352085,416.5233297552902,371.8456258313531,44.67770392393709,20.68877195756437,6.571668627184408,14.117103330379962,NB
frame_li_1165.02_1165.15,62.67405177696273,0.0,0.2577407966669577,417.911750978028,372.9616368959484,44.95011408207961,76.09233936003551,51.91856432190863,24.17377503812688,NB
frame_da_1165.15_1165.42,348.205639126552,0.0,0.9328215385697256,416.5269731282215,367.7600335712787,48.76693955694276,674.993051111312,273.3707564107801,401.6222947005319,NB
frame_dZis_1165.42_1165.63,27.701674392542515,0.0,-0.651041239034161,411.5967493256301,362.8061058683674,48.79064345726272,141.10083148250243,65.9380025634346,75.16282891906782,NB
frame_dZi_1165.63_1165.76,58.56678413666168,0.0,0.2577407966640058,406.8796090844738,361.4539461372585,45.42566294721536,1.8092815715884427,0.9495266581262882,0.8597549134621545,NB
frame_daX_1165.76_1166.01,16.613573901846934,0.0,0.2597261043365695,421.9337878797412,373.327894027565,48.60589385217622,24.49215074222326,8.453818237761993,16.038332504461266,NB
frame_si_1166.01_1166.28,9.340778628358407,0.0,-0.651041239034161,409.53478186321166,361.5509766484996,47.983805214712106,106.4256817872354,32.95586063990433,73.46982114733107,NB
frame_ko~_1166.28_1166.5,19.97753942703619,0.0,0.3411861838726186,420.38075562178096,374.0849452849512,46.29581033682979,13.193363906394096,5.358333869370654,7.835030037023444,NB
frame_ta_1166.5_1166.65,4.813735095679249,0.0,-0.2210563486871133,418.4880643085292,373.5504266406313,44.93763766789783,14.716788767032142,10.264700307101691,4.452088459930451,NB
frame_du_1166.65_1166.78,18.277069468993915,0.0,0.3229781292699983,417.8664194541788,372.5294287439824,45.33699071019646,5.040204340119658,1.801930346243637,3.238273993876021,NB
frame_u_1166.78_1166.81,18.03105020590297,0.0,-0.5778049101643155,397.5825522342756,356.0615868244288,41.52096540984684,15.914355229258575,2.646011849259935,13.26834337999864,NB
frame_ni_1166.81_1166.93,36.594515006243824,0.0,0.1279147915672196,416.6899849251861,371.4815590466102,45.208425878575895,8.611207180833887,5.927719137079265,2.683488043754622,NB
frame_vEX_1166.93_1167.16,257.84326634649386,0.0,0.2091255941162884,416.53251323737527,369.0744424917698,47.45807074560548,534.5506615178763,217.65614385130925,316.89451766656697,NB
frame_su_1167.16_1167.41,99.40273304613774,0.0,-0.5778049101643155,403.63451395678567,356.20597588352246,47.42853807326321,18.65478919314105,11.426326972020057,7.228462221120992,NB
frame_ki_1167.41_1167.5,11.913549188860712,0.0,-0.3913892288346848,416.2736394526546,371.8408170192287,44.432822433426,10.720502797218984,3.5319768614738223,7.188525935745162,NB
frame_e_1167.5_1167.53,132.23961707585607,0.0,-0.8022140844980237,404.03111164750425,361.5793738144241,42.45173783308013,20.424645008396283,12.229221972904613,8.195423035491672,NB
frame_zis_1167.53_1167.97,36.3269419285572,0.0,-0.651041239034161,419.2687623394698,366.0543473889282,53.2144149505416,111.34585268453448,61.81000078489453,49.535851899639965,NB
frame_tSi_1167.97_1168.03,58.48194056946879,0.3800000000001091,-0.651041239034161,415.4956902882519,372.6451204576183,42.85056983063362,0.9577842491805058,0.716895863957987,0.2408883852225187,NB
frame_nu_1168.41_1168.47,18.131702461551956,0.0,-0.5778049101643155,422.2003857178794,378.0170691854051,44.18331653247435,2.1455751873839404,0.5005988381761313,1.644976349207809,NB
frame_oR_1168.47_1168.58,28.982670630958708,0.0,-0.8889939762113193,417.6386630158104,372.5530968364743,45.085566179336126,20.8390723248544,9.370007057503486,11.469065267350912,NB
frame_ga_1168.58_1168.66,33.53006933387405,0.0,-0.7018388017107962,415.1402839922458,371.4904929890899,43.64979100315594,11.442803162961384,7.679458994852865,3.763344168108517,NB
frame_niz_1168.66_1169.04,64.07712561523198,0.0,0.3875668017666959,418.602269131307,365.3002103680004,53.30205876330661,182.6225711449337,89.6527225177912,92.9698486271425,NB
frame_mu_1169.04_1169.12,3.4091786484946454,0.8600000000001273,-0.3204383274687972,406.9472023588073,364.5886903559182,42.35851200288914,1.9461882310643543,1.224962708325279,0.7212255227390756,NB
frame_pa_1169.98_1170.21,32.47614971528884,0.0,0.2597261043365695,424.78486760179874,375.9964405835557,48.788427018243,32.101485431958764,13.771729439311995,18.329755992646767,NB
frame_ra_1170.21_1170.3,202.56746147298907,0.0,-0.5095258205035094,419.978949942994,377.2369554474392,42.74199449555471,54.73278492587423,38.72031210282756,16.012472823046664,NB
frame_u_1170.3_1170.33,32.13170020989679,0.0,-0.5778049101643155,399.8597522429085,357.1740105264361,42.68574171647237,5.461378107793735,2.362343120841871,3.099034986951864,NB
frame_mu~_1170.33_1170.56,122.7600239252114,0.0,0.0250272998538305,410.4408138462342,364.7518654579681,45.68894838826617,116.35065632527456,89.63415667010915,26.71649965516543,NB
frame_du_1170.56_1170.62,85.92525341210192,0.0,-0.5778049101643155,403.6317974478717,361.870846236833,41.76095121103867,4.230953767262818,2.368397528891421,1.862556238371397,NB
frame_es_1170.62_1170.76,125.00276287980915,0.0,-0.8022140844947473,401.9401835091999,358.6817338048044,43.258449704395446,59.6317058973215,35.696820688453386,23.93488520886812,NB
frame_te_1170.76_1170.85,96.962022052927,0.0,-0.3699260449196028,415.5401200957281,372.32966100614914,43.21045908957899,5.635058409702154,3.3827927699918803,2.2522656397102736,NB
frame_ri_1170.85_1170.97,58.38357821510908,0.0,0.1279147915642677,417.9423357762535,372.4957022420262,45.44663353422732,123.1912631859898,78.02894242224485,45.162320763744944,NB
frame_oX_1170.97_1171.33,2.6287071363887264,1.1800000000000637,0.3622413177069969,414.9648778370061,365.2454312058424,49.71944663116369,10.350863449451907,4.387115470393695,5.963747979058212,NB
frame_a_1172.51_1172.59,46.14834328361306,0.0,-0.3172128392940362,419.894334182286,377.044280253115,42.85005392917094,8.547743974396724,5.191556994513007,3.3561869798837165,NB
frame_se_1172.59_1173.12,39.33492199966582,0.0,1.2151301002012735,422.7645329092632,364.6946950272264,58.06983788203684,27.280318492412363,15.10932060123855,12.170997891173812,NB
frame_le_1173.12_1173.31,2.5945122992446272,0.0,0.6387460474300458,423.88659118343696,376.4764046252026,47.41018655823433,38.133159013408914,21.765625263460866,16.367533749948052,NB
frame_sa~w~_1173.31_1173.74,112.89907405707476,1.7000000000000457,-0.6731964394532075,421.11842247615857,367.0905091457907,54.02791333036788,336.1839143883231,148.17910114628734,188.00481324203577,NB
frame_da_1175.44_1175.73,5.989609778100629,0.0,1.028978029174462,421.1871438800944,372.9415126470898,48.24563123300464,15.105176939095031,11.594595639255004,3.5105812998400268,NB
frame_ke_1175.73_1175.87,63.692678150005776,0.0,-0.0817340185339889,422.17609549622136,375.6249155647972,46.5511799314242,26.78349291694923,9.148065571766978,17.63542734518225,NB
frame_lis_1175.87_1176.39,19.54393268744309,0.0,-0.0019112135354704,420.2081229133831,361.6884753305,58.51964758288312,67.17741350904265,29.34480249810048,37.83261101094217,NB
frame_es_1176.39_1176.45,45.1399315636732,0.0,-0.8022140844980237,414.5867183140955,371.3889143690767,43.19780394501879,2.4453104705029034,1.444208285771765,1.0011021847311383,NB
frame_tSi_1176.45_1176.51,29.09638701228212,0.0,-0.651041239034161,415.78668328607887,371.77417596293697,44.012507323141904,4.044425160108915,2.981831568111204,1.062593591997711,NB
frame_mu_1176.51_1176.57,13.06091497960972,0.0,-0.5778049101643155,417.8570767152765,373.3215247190744,44.53555199620206,6.754372241981315,5.139246443798527,1.6151257981827882,NB
frame_lus_1176.57_1176.98,4.085574813257779,0.0,-0.4491216188136304,422.99805916054106,369.3594024429876,53.63865671755343,77.35740439942646,42.83299877652698,34.52440562289948,NB
frame_ki_1176.98_1177.27,41.402562502015485,0.0,2.464782883362506,414.5580192858215,364.53577991955297,50.022239366268536,32.08654360576526,12.58745928468892,19.49908432107634,NB
frame_te~j~_1177.27_1177.43,19.316562976909267,0.0,-0.3636028774722209,422.89746257959376,376.3544720855301,46.542990494063645,31.43559455688572,15.20952306221278,16.226071494672937,NB
frame_i~_1177.43_1177.47,26.5075485178956,0.0,-0.7807643774223929,400.4215549679616,359.26777953455115,41.15377543341049,30.206849171427336,18.11698463805655,12.089864533370786,NB
frame_poX_1177.47_1177.57,5.346257759722192,0.0,-0.7102460770801312,421.19019328755655,375.024980511788,46.165212775768566,25.673481331054887,12.984890483589735,12.68859084746515,NB
frame_ta~_1177.57_1177.7,12.564622474367582,0.0,0.1406679127231877,419.8069591345474,375.3705999103479,44.43635922419952,5.451839267918302,2.407046504856936,3.0447927630613663,NB
frame_sia_1177.7_1177.89,13.535693482724923,0.0,-0.5212152339344229,416.3250032344549,370.66244400499886,45.66255922945607,37.43601971181917,19.517724306651782,17.918295405167385,NB
frame_pa_1177.89_1178.03,26.490533843342742,0.0,-0.4133693298987728,421.6818223765051,374.3352461317347,47.3465762447704,18.179214180416807,12.72810926185744,5.451104918559366,NB
frame_ra_1178.03_1178.09,39.08322408643659,0.0,-0.7979952923177192,416.59956532174056,373.8692511908429,42.730314130897625,1.1903604194662307,0.6335236723598996,0.5568367471063311,NB
frame_u_1178.09_1178.12,34.70406773586953,0.0,-0.5778049101643155,410.0175457727238,366.30708124238953,43.71046453033426,1.3910095484609428,0.7129076769550693,0.6781018715058735,NB
frame_oR_1178.12_1178.28,31.30791581678756,0.0,0.3622413177110611,421.04451774556014,374.9739918656484,46.07052587991171,4.47425633708616,2.6920795328404665,1.7821768042456938,NB
frame_ga_1178.28_1178.41,37.79498726618735,0.0,-0.7018388017107962,421.351854436533,376.2737709879848,45.07808344854829,9.278297560643608,4.092820545289499,5.18547701535411,NB
frame_niz_1178.41_1178.74,53.45091871108244,0.0,0.7770448170629584,417.0178089465813,365.82458747005006,51.19322147653122,68.36011124340267,19.7375013349843,48.62260990841837,NB
frame_mu_1178.74_1178.81,115.96153203190696,2.309999999999945,-0.4491216188165563,401.2749080057595,358.2816022635435,42.99330574221602,36.08086341933945,19.307234241321936,16.773629178017515,TB
frame_vo_1181.12_1181.18,98.16910560131792,0.0,-0.8889939762113193,396.68214007718313,354.8565967323746,41.82554334480852,6.441407879237346,2.6931329707212086,3.748274908516137,NB
frame_sejs_1181.18_1181.36,0.0718204042181582,0.0,0.0,425.2542541252751,376.6412796405653,48.61297448470981,6.693517093831758,1.3044289624267549,5.389088131405003,NB
frame_ko~_1181.36_1181.51,0.2191789894072258,0.0,-0.8022140844947473,423.18348040064313,376.1688596316959,47.014620768947225,3.578902366918157,1.444164046608364,2.1347383203097934,NB
frame_pre_1181.51_1181.71,41.72331164060313,0.0,0.3505540210477083,424.0171956144441,376.44351806982553,47.57367754461859,119.4120343527901,89.90133137104186,29.51070298174824,NB
frame_e~_1181.71_1181.74,11.827824332308808,0.0,-0.839183335526277,407.7781763209235,364.9292898345564,42.84888648636712,7.364194962085605,1.9271269371562028,5.4370680249294026,NB
frame_de~j~_1181.74_1181.91,14.340102342601767,0.0,0.1119775805791317,414.88508252118606,367.5637762537313,47.321306267454815,30.95734608820311,17.48268740036346,13.47465868783965,NB
frame_i_1181.91_1181.97,3.905329238251511,0.0,-0.2615632237349466,408.3547437296534,365.85743199510046,42.497311734552966,2.5007054417983454,0.4659638606823932,2.034741581115952,NB
frame_su_1181.97_1182.36,50.94783878612465,1.3100000000001728,-0.5778049101643155,406.5482176657746,354.8332027053819,51.71501496039275,331.57833624357795,270.8841125848132,60.69422365876477,TB
frame_poX_1183.67_1183.78,19.731818770654257,0.0,-0.7102460770801312,426.003094406178,379.4941685987911,46.5089258073869,15.024687711473746,5.913447200827022,9.111240510646724,NB
frame_e_1183.78_1183.85,263.87470840367973,0.0,-0.2258300317267958,418.4208612663775,374.7295373661268,43.69132390025078,74.65201821364303,39.2538490403166,35.39816917332644,NB
frame_ze~_1183.85_1183.97,29.637076087404463,0.0,-0.839183335526277,409.88801324783526,367.1462811265827,42.74173212125254,19.102945116775345,9.65357078718975,9.449374329585597,NB
frame_plu_1183.97_1184.08,113.02213807904586,5.019999999999982,-0.4491216188165563,402.5833600309455,359.1091212017328,43.474238829212766,102.21062435775066,73.46371299009657,28.746911367654093,NB
frame_bo~_1189.1_1189.23,1.930542553247193,0.1900000000000545,-0.4585368458411479,417.2891775337864,373.1160183474401,44.173159186346254,17.61182746968619,10.293934103400318,7.317893366285872,NB
frame_dej_1189.42_1189.51,99.84107987332864,0.0,-0.8022140844980237,404.7653368649587,361.436266460656,43.32907040430274,14.84709887416028,4.765577074836386,10.081521799323896,NB
frame_Si_1189.51_1189.63,32.47428106893673,0.0,-0.6510412390312091,416.7789692004866,375.04451990616326,41.73444929432327,77.3641505942852,56.296312200983806,21.0678383933014,NB
frame_ew_1189.63_1189.69,16.34459386047402,0.0,-0.8022140844980237,405.37169086172247,364.2331276090944,41.138563252628046,3.8656749263470553,2.716438384699501,1.1492365416475536,NB
frame_daX_1189.69_1189.87,0.7028307214717415,0.0,-0.3172128392940362,418.5181722014205,372.5663242293267,45.95184797209373,13.500387939119603,9.084034428368454,4.416353510751151,NB
frame_u~_1189.87_1190.0,9.415623859544269,0.0,-0.0641725637288148,415.6147455677501,369.9350966468241,45.67964892092601,6.567764517955638,3.536540636659524,3.031223881296114,NB
frame_e_1190.0_1190.03,14.919406422581034,0.0,-0.8022140844980237,401.0964941444748,358.9206579958583,42.1758361486165,2.0297552633687985,1.4707079774931344,0.5590472858756641,NB
frame_ze~_1190.03_1190.36,33.64860259760326,0.0,0.1119775805764283,417.2134774180894,365.7926067305862,51.42087068750317,306.7307095753916,271.8100002267096,34.920709348681896,NB
frame_plu_1190.36_1190.78,18.187411074214182,0.5399999999999636,0.8377112946610348,415.1162047708372,361.6729933786264,53.44321139221074,24.522708954129826,12.692106356309624,11.830602597820205,NB
frame_bo~_1191.32_1191.51,11.367695778107404,0.8399999999999181,0.1412554264447452,414.7649401127975,368.4557298695444,46.30921024325312,58.17025228049614,34.57181566616171,23.59843661433443,NB
frame_u~_1192.35_1192.41,7.281143425178385,0.0,-0.3763720862716228,424.2564696740983,380.1759776962723,44.080491977826,10.229803823220692,5.907819365138181,4.321984458082511,NB
frame_e_1192.41_1192.47,15.31958706256421,0.0,-0.3699260449196028,415.96563385276943,372.5654152701959,43.40021858257347,2.093347529701532,1.1808733633158113,0.9124741663857208,NB
frame_ze~_1192.47_1192.63,27.852550718563972,0.0,-0.7202882210107354,425.452516753526,379.0873039592998,46.36521279422624,44.00677593132855,12.191955948458116,31.814819982870432,NB
frame_plu_1192.63_1192.79,16.103054554602124,0.0,0.0656115465744801,412.3002017914213,366.1981482716694,46.10205351975185,134.3668716068044,51.087030433451474,83.27984117335292,NB
frame_kla_1192.79_1193.08,188.36783449306947,0.0,0.2597261043343832,420.1194966665333,371.6372278954818,48.482268771051565,569.4528930689495,348.8036601808206,220.6492328881289,NB
frame_si_1193.08_1193.49,112.03601299919808,0.0,-0.651041239034161,401.5159589998177,350.9850561189111,50.53090288090669,20.3272396850558,10.480760193592182,9.84647949146362,TB
frame_ku_1193.49_1193.55,116.3265169368954,2.950000000000045,-0.5778049101643155,395.2476902326292,355.0157542812484,40.23193595138082,9.481241846636124,4.690592301563925,4.790649545072199,NB
frame_u~_1196.5_1196.89,26.66807760204449,0.0,1.0954256628597718,421.31945641088544,367.79802415523375,53.52143225565169,41.4058680047485,31.858018192707878,9.547849812040624,NB
frame_i~_1196.89_1197.15,41.64707512720716,0.0,1.9063428661718207,417.2240458721087,369.0720656059967,48.151980266111934,56.64085539844859,18.574478308810484,38.06637708963811,NB
frame_dZiu_1197.15_1197.48,3.722380265132955,1.1299999999998818,0.9068708221656484,417.6326345277437,366.95247929414256,50.68015523360111,22.78378221079899,9.5367452314986,13.24703697930039,NB
frame_ki_1198.61_1198.76,95.15702636683284,0.0,0.2577407966640058,415.61197431670354,370.81452094069743,44.7974533760061,160.77665999441805,38.61643544938437,122.16022454503369,NB
frame_foj_1198.76_1199.0,33.36789490568714,0.0,-0.1740023796825029,424.9989897079986,376.37227674330063,48.62671296469796,8.258488517207809,2.720744407419488,5.537744109788321,NB
frame_tra_1199.0_1199.28,1.0880301064102298,0.0,0.836665047964989,419.5608546971482,372.1859349591103,47.37491973803793,30.25215125200953,16.28090036948541,13.971250882524116,NB
frame_zi_1199.28_1199.63,72.22095206322741,0.0,1.6858268527640772,417.7974116171656,365.2526316839926,52.54477993317295,60.68747927380182,25.83645263721677,34.851026636585054,NB
frame_du_1199.63_1199.81,186.6092568606137,1.0399999999999636,0.966394586008794,410.1636299230483,364.2055950139471,45.95803490910123,37.98996969084908,15.45689150660712,22.53307818424196,NB
frame_dZi_1200.85_1200.96,23.08255760909404,0.0,-0.651041239034161,423.9784095023412,377.95006074108073,46.02834876126042,14.605770850652789,2.620108615859237,11.985662234793551,NB
frame_u~_1200.96_1201.0,26.311599776735505,0.0,-0.4655719498562963,416.0513209223315,373.08245966919566,42.968861253135856,0.4076879477393618,0.2850858783825174,0.1226020693568443,NB
frame_ma_1201.0_1201.19,38.40848092515435,0.0,-0.0287433674776401,422.6440807674468,375.1043077582289,47.53977300921787,38.53770826880529,15.778767107604182,22.758941161201108,NB
frame_Re_1201.19_1201.37,49.08925957270429,0.0,0.9269380738156596,421.9983976898183,375.0165375781759,46.98186011164245,8.460651416965533,3.1606254789760726,5.30002593798946,NB
frame_zeR_1201.37_1201.77,60.383368597882935,0.0,0.926938073818936,422.2729787698936,370.24560315787903,52.027375612014566,489.72940090538674,371.5752027976657,118.154198107721,NB
frame_va_1201.77_1202.15,279.1464498669706,0.959999999999809,2.2790124070382243,409.2505379665524,357.2963389872878,51.95419897926456,317.10765866666225,157.18207542585282,159.92558324080943,NB
frame_du_1203.11_1203.19,24.568871363309995,0.0,-0.4491216188165563,415.881904536992,372.36488358299385,43.5170209539981,7.239187875634002,2.91966353696472,4.319524338669282,NB
frame_nOX_1203.19_1203.64,29.900790449627976,0.0,0.2865765627086117,425.9569248134609,370.0283907394017,55.9285340740592,55.27293524470855,10.21387895273162,45.05905629197693,NB
frame_tSi_1203.64_1203.72,47.83748869232437,0.0,-0.3913892288346848,405.1810212255191,363.1705682901508,42.010452935368335,295.3093230034319,157.0323844149175,138.27693858851444,NB
frame_du_1203.72_1203.78,46.40827112955368,0.0,-0.5778049101643155,404.1957721865437,361.73181103054816,42.46396115599549,19.116065285441167,7.003039163699057,12.11302612174211,NB
frame_ka_1203.78_1203.9,442.63447963522447,0.0,-0.509525820501323,423.2759560692693,377.1126507551459,46.16330531412336,45.95642214106351,22.14061631616676,23.81580582489676,NB
frame_na_1203.9_1204.1,479.0889060887865,0.0,0.4520390855438563,417.049209998462,369.51182858459657,47.53738141386543,44.97430905856004,22.67416395349335,22.30014510506669,NB
frame_da_1204.1_1204.39,81.853801652291,1.7299999999997908,1.2212910103839354,421.0875180982553,371.67978625509846,49.40773184315685,552.1460510366674,457.62925028051774,94.51680075614968,NB
frame_pa_1206.12_1206.3,52.12907580303201,0.0,0.2597261043343832,424.7123541474256,376.7970789162439,47.91527523118174,3.746398143376325,1.5011256454498323,2.245272497926493,NB
frame_ra_1206.3_1206.67,44.1402987952753,0.0,2.1828559164334878,422.92430054333965,370.5852515978098,52.339048945529896,29.880501833733437,13.716122856322528,16.164378977410905,NB
frame_otS_1206.67_1206.77,32.741543968545585,0.0,-0.1740023796865671,412.9116012823603,369.2824991044704,43.62910217788993,4.037126671362756,2.7819977361864687,1.2551289351762875,NB
frame_ta_1206.77_1206.83,351.9204589520779,0.0,-0.7979952923177192,418.6154302644245,374.712890964914,43.90253929951047,21.815808138866487,9.701811616848772,12.113996522017716,NB
frame_wa_1206.83_1207.17,16.553290310968833,0.0,0.5481955761507793,415.0693890951521,363.9468101722381,51.12257892291399,502.9202665264179,383.8557684287538,119.06449809766406,NB
frame_si_1207.17_1207.37,95.03739809526878,0.0,-0.651041239034161,414.0427217673604,366.063613202073,47.97910856528745,4.1139115813113705,1.631807205305719,2.482104376005651,NB
frame_na~w~_1207.37_1207.46,93.87505389248604,0.0,-0.8088404981487594,410.8667172409063,368.8254420061567,42.041275234749605,3.0570740104679146,1.7275132000366398,1.3295608104312748,NB
frame_mi_1207.46_1207.6,95.80049185424808,0.0,0.387566801763744,410.6800094704472,367.2277825310191,43.4522269394281,5.912240879589234,1.7757874036056904,4.136453475983544,NB
frame_e~_1207.6_1207.64,107.96509900222932,0.0,-0.7202882210107354,409.5318939122203,367.8215616752369,41.71033223698339,4.690156779823994,2.858152925111142,1.832003854712852,NB
frame_ga~_1207.64_1207.84,424.6148842248595,0.0,0.9545322648934146,413.7131444879373,366.6897198973592,47.02342459057809,69.80741276375613,29.759950348975508,40.04746241478063,NB
frame_nu_1207.84_1207.9,136.2223472880949,0.7599999999999909,-0.5778049101613896,405.34131694394176,362.456773627029,42.88454331691276,6.534091570767927,3.2850746390505705,3.2490169317173567,TB
frame_u~_1208.66_1208.69,10.099133965299783,0.0,-0.5101718816481261,400.9156765209665,357.9454477641204,42.97022875684616,38.46216500060055,11.693603822535096,26.76856117806545,NB
frame_ma_1208.69_1208.8,27.42351507482493,0.0,-0.7018388017129825,424.2893678284228,378.29225603248847,45.9971117959343,7.375128184699463,1.5379878737777517,5.837140310921711,NB
frame_dajs_1208.8_1209.01,19.236802021367936,0.0,-0.6056823111060596,421.9371085217242,374.1773182558836,47.759790265840536,6.882878272077477,4.589592824104557,2.29328544797292,NB
frame_si_1209.01_1209.07,120.13246637972756,0.0,-0.651041239034161,412.8453404125013,370.353664087092,42.491676325409344,7.633535625313982,5.992663006229748,1.6408726190842344,NB
frame_da_1209.07_1209.25,11.295744974097149,0.0,0.06741312312491,420.8944968579587,374.6714833415125,46.2230135164462,3.6013109096071503,1.604823068871525,1.9964878407356248,NB
frame_dZis_1209.25_1209.43,85.50578641663586,0.0,-0.651041239034161,417.94188285503344,370.2958005178459,47.64608233718752,10.125695884473288,5.650708301178668,4.47498758329462,NB
frame_ka_1209.43_1209.53,27.215175577096858,0.0,-0.4133693298987728,415.4632690952654,369.9007029943239,45.56256610094147,15.442939130112208,7.029029633839656,8.413909496272552,NB
frame_na_1209.53_1209.7,43.08091148948746,0.0,0.2597261043365695,418.123396105437,371.26616730781984,46.8572287976171,2.774057263257376,1.428546095918179,1.3455111673391968,NB
frame_de~_1209.7_1209.79,86.13916905445308,0.0,-0.4824979919877624,405.1811886117454,361.8796194513795,43.30156916036594,17.740991125449867,9.236213050173646,8.50477807527622,NB
frame_sis_1209.79_1209.83,72.3693739336878,2.5,0.0,395.7663435943128,355.57240345042,40.1939401438928,11.675082836888135,7.008860873248864,4.666221963639273,TB
frame_le_1212.33_1212.65,14.857429564964576,0.0,1.21513010020455,425.3688071327248,372.4286054603445,52.94020167238034,63.99903595686894,21.349022786492498,42.65001317037644,NB
frame_va_1212.65_1212.86,20.18469180462017,0.0,0.6443520667533295,422.6711448629932,374.5353282773341,48.13581658565914,11.227741349078457,2.7274297913486976,8.50031155772976,NB
frame_ra~w~_1212.86_1212.99,9.82763782219584,0.0,-0.2662642633665519,419.3570405827601,373.11984905122233,46.2371915315378,27.15612800947187,11.260015299928623,15.896112709543246,NB
frame_es_1212.99_1213.24,58.44875795474468,0.0,-0.3699260449196028,409.1537994370353,359.91952243123694,49.23427700579839,134.83108437785583,79.69072477552945,55.140359602326384,NB
frame_tSi_1213.24_1213.3,29.534113226405708,0.0,-0.651041239034161,414.23459595519415,371.6644909627194,42.57010499247474,5.7711897989105125,2.3916993439297585,3.379490454980754,NB
frame_i~_1213.3_1213.62,0.6871576521650695,0.0,2.639190296242213,415.1340923635174,364.1349940144249,50.99909834909249,41.81700811151612,15.102720124613796,26.71428798690232,NB
frame_dZiu_1213.62_1213.89,23.96118018982648,1.199999999999818,-0.0019112135354704,410.5260414585295,363.6076907786036,46.91835067992588,269.79869273323146,163.65074749376447,106.147945239467,NB
frame_a_1215.09_1215.27,11.37961072206943,0.0,0.6443520667555158,425.81266075694384,377.1895064400704,48.62315431687341,48.0752888761686,28.910037501125917,19.165251375042686,NB
frame_veX_1215.27_1215.43,19.259989645208464,0.0,-0.0817340185307125,423.2570742726433,377.327058419189,45.93001585345422,8.507402457832825,4.02592286830162,4.4814795895312045,NB
frame_tu_1215.43_1215.53,18.79747704195134,0.0,-0.3204383274687972,410.2628916138199,366.43063351972455,43.83225809409527,8.33276633393038,5.202164092657171,3.130602241273209,NB
frame_du_1215.53_1215.65,27.88441674825768,0.0,0.1942948379251651,413.9634526095066,369.251881941276,44.71157066823059,4.503916833579808,2.059745075110669,2.444171758469139,TB
frame_pe_1215.65_1215.72,27.440101258824853,0.0,-0.6581180713052167,416.72375417097226,373.8660845942794,42.85766957669279,5.065488520491755,2.6915718929411128,2.373916627550642,NB
frame_la_1215.72_1215.91,23.40454510480376,0.0,0.2597261043365695,421.2468943822735,375.6908649395105,45.55602944276302,5.47050556859611,2.96202815628817,2.50847741230794,NB
frame_pri~_1215.91_1216.07,8.357121402998558,0.0,-0.4143406623871969,418.7427441452394,371.74785293519295,46.99489121004649,37.59647113050093,19.7800842946686,17.816386835832333,NB
frame_mej_1216.07_1216.18,44.14872378479171,0.0,-0.6581180713019403,422.8234258965568,376.6664991814999,46.15692671505696,3.451874311811281,1.541248154337211,1.91062615747407,NB
frame_ra_1216.18_1216.31,75.13767118789264,0.0,-0.1248998580845631,421.9064207682249,376.5798966194409,45.32652414878396,122.4661902403644,53.11836973181309,69.34782050855131,NB
frame_vejs_1216.31_1216.53,4.927568547574367,0.0,-0.5140220581091334,423.4383303729613,375.50881245684354,47.92951791611779,102.74490813005715,33.33373317877096,69.4111749512862,NB
frame_ki_1216.53_1216.62,177.09034552162527,0.0,-0.3913892288346848,414.09590303924233,370.2404294580048,43.855473581237504,48.900179265558165,36.20148837816123,12.698690887396936,NB
frame_e_1216.62_1216.66,166.54387402839208,0.0,-0.6581180713019403,404.8424904954519,362.13036431459903,42.71212618085286,14.69112262745847,6.987831332666076,7.703291294792393,NB
frame_li_1216.66_1216.72,5.938272127678772,0.0,-0.651041239034161,404.0056790300482,362.9513486791422,41.05433035090607,42.96604076564845,29.92912548198328,13.036915283665166,NB
frame_tSi~_1216.72_1216.94,6.497657343151928,0.0,0.3185067676859721,419.6680616406879,372.90075145842496,46.76731018226292,13.878359026604729,6.469098458672704,7.409260567932023,NB
frame_Ja_1216.94_1217.12,1.3613100558905558,0.0,0.06741312312491,423.39285079290704,376.42150445517126,46.97134633773578,145.5768745204305,111.755164950612,33.821709569818466,NB
frame_ko~_1217.12_1217.28,109.030589940302,0.0,-0.0586753309854011,409.02786487637024,363.8301604008244,45.19770447554584,15.604432445750092,4.683341783560309,10.921090662189783,NB
frame_ta_1217.28_1217.57,25.057893679805204,0.0,1.1251345197791986,416.5352409878803,368.7223297477252,47.812911240155074,11.310127552516036,5.642570210446706,5.66755734206933,NB
frame_tu_1217.57_1217.65,65.93869387802039,0.099999999999909,-0.5778049101613896,410.4967899743357,367.9337686716904,42.56302130264527,39.70462512701722,18.06021320188451,21.644411925132715,NB
frame_ko~_1217.75_1217.82,5.905924954829828,0.0,-0.9583637394108316,421.5687762695258,377.935770826555,43.6330054429709,8.050530759806719,2.5374936157578247,5.513037144048894,NB
frame_u~_1217.82_1217.93,11.050001725667045,0.0,-0.1533724273124742,415.3021694756157,370.4243305554561,44.87783892015955,5.773269067571505,3.046174782507705,2.7270942850638,NB
frame_ma_1217.93_1218.04,2.092464426943593,0.0,-0.605682311108246,416.4187269495135,374.2986075802327,42.120119369280815,12.446212920685696,7.141744958046701,5.304467962638995,NB
frame_si_1218.04_1218.28,20.24876304612684,0.0,-0.2615632237349466,414.8853693169565,366.30169354130777,48.58367577564872,114.47163778295368,33.810603600252364,80.66103418270131,NB
frame_da_1218.28_1218.6,10.53800161239144,0.0,1.4136039915934089,420.6550002820457,370.0195549745435,50.63544530750215,22.83837080561841,6.288699384839646,16.549671420778765,NB
frame_dZi_1218.6_1218.69,45.3782343702085,0.2599999999999909,-0.2615632237349466,407.54885038488845,363.8072202208515,43.74163016403696,21.46243756949363,11.46819993879548,9.994237630698152,NB
frame_du_1218.95_1219.07,21.16256883527029,0.0,0.1942948379222392,421.9144946285651,375.4704759589689,46.444018669596176,16.41331371227875,12.71326794066087,3.70004577161788,NB
frame_mu~_1219.07_1219.24,27.025404552596054,0.0,-0.2425722908971477,421.7546014715995,374.34061749689846,47.41398397470107,37.82106477593143,15.250786258768926,22.570278517162507,NB
frame_du_1219.24_1219.32,10.732639000912116,0.0,-0.3204383274687972,409.8234225917757,367.250903214054,42.57251937772173,6.366866466996214,3.117774640071076,3.249091826925138,NB
frame_du_1219.32_1219.41,25.544069985649458,0.0,-0.5778049101643155,420.3337751970048,376.6961680048688,43.63760719213599,4.501965607368334,1.5583410244781533,2.9436245828901804,NB
frame_o_1219.41_1219.44,,0.0,-0.8889939762113193,396.8693797807823,355.7874010137237,41.0819787670585,,,,NB
frame_si_1219.44_1219.77,52.87286231575116,0.0,0.387566801763744,408.4786553444229,358.4114381189053,50.0672172255176,90.00015117180293,40.300657185609325,49.6994939861936,NB
frame_de~_1219.77_1219.85,97.03405734475278,0.0,-0.6013931065006006,400.9574419008915,357.72339660988,43.23404529101151,3.5899987180585957,2.36680305881206,1.2231956592465352,NB
frame_tSi_1219.85_1220.0,223.926103581712,1.8599999999999,-0.651041239034161,405.4453612364643,361.7083623379226,43.736998898541685,210.79806616884088,107.67142389260351,103.12664227623736,TB
frame_kEX_1221.86_1222.25,80.34524770255481,0.0,-0.9692516666495018,408.6663770130352,356.0164394888847,52.64993752415052,19.94245294945645,13.187866182709,6.754586766747451,NB
frame_dZi_1222.25_1222.33,56.50502975155584,0.0,-0.3913892288346848,412.9501935755546,368.8327055590773,44.11748801647724,1.244319402450813,0.3287175897623342,0.9156018126884788,NB
frame_zeX_1222.33_1222.48,9.058558172790214,0.0,-0.3699260449196028,422.88222701359234,377.6123170309993,45.26990998259305,21.002328356679897,13.095818437874271,7.906509918805625,NB
frame_e_1222.48_1222.52,5.261412174218805,0.0,-0.6581180713052167,410.4773790989833,366.6782256614626,43.79915343752072,8.871547324377076,3.771373182277216,5.10017414209986,NB
frame_li_1222.52_1222.58,103.40735043073114,0.0,-0.651041239034161,417.0990404453367,372.95476058962873,44.14427985570797,12.114712036274028,2.6975555888956397,9.417156447378389,NB
frame_pa_1222.58_1222.75,27.061970901514115,0.0,0.2597261043365695,423.0131233735343,376.447884206312,46.56523916722227,8.534543535295,6.143872770995586,2.390670764299415,NB
frame_sow_1222.75_1223.03,12.38837064082415,0.0,-0.8889939762113193,423.1015700479438,371.9287950492992,51.17277499864463,29.354420762398576,19.70659505617257,9.647825706226,NB
frame_poX_1223.03_1223.12,5.82977474975624,0.0,-0.8889939762113193,418.0963125009216,375.40170062923073,42.694611871690825,18.015081340822405,10.549937719985737,7.46514362083667,NB
frame_a_1223.12_1223.26,3.99044911427157,0.0,0.2597261043365695,409.22869279186045,364.4474315938123,44.78126119804813,1.8232978590017128,0.9656456745589992,0.8576521844427134,NB
frame_ki_1223.26_1223.37,3.901704051603474,0.0,-0.0019112135354704,413.4170290853469,369.5565306764738,43.86049840887313,8.853501847376378,4.476292360557807,4.377209486818572,NB
frame_lu_1223.37_1223.43,21.067797416568823,0.0,-0.5778049101643155,418.2805501129537,374.9295113711035,43.351038741850175,1.8644691986242776,0.6963266635132186,1.168142535111059,NB
frame_o_1223.43_1223.49,14.304224635883486,0.0,-0.3527502788177552,415.7526335271685,372.8515578289226,42.901075698245904,8.071552977726412,3.935102262104266,4.136450715622146,NB
frame_La~_1223.49_1223.88,7.541983773465319,0.0,1.497108499678706,418.5297665608454,367.1976460170417,51.33212054380368,263.5056384833773,198.769460080491,64.73617840288632,NB
frame_du_1223.88_1223.96,47.77922594601464,1.0699999999999363,-0.3204383274687972,406.3003431149779,362.3334662568967,43.966876858081264,64.51400422490268,21.740401272882792,42.773602952019885,TB
frame_dZi_1225.03_1225.09,53.83392471765322,0.0,-0.651041239034161,406.5238231319548,364.9684542082781,41.55536892367667,8.519308149629552,4.300451851648177,4.218856297981375,NB
frame_Re_1225.09_1225.4,19.332894934447296,0.0,1.6474181397829708,416.7266869117562,372.2863924252932,44.44029448646302,54.17258255977978,14.074066522795905,40.09851603698388,NB
frame_pe~_1225.4_1225.56,40.11927580439024,0.0,0.3497678096021047,420.4001401716709,374.2260923022103,46.174047869460594,6.769805584304834,3.33188751361314,3.437918070691694,NB
frame_tSi_1225.56_1225.67,34.10784408899167,0.0,-0.1317372186322566,419.42981496726,373.9365530833628,45.49326188389716,16.797168009739664,9.425205742780603,7.371962266959059,NB
frame_e_1225.67_1225.75,59.746244882458655,0.0,-0.0817340185339889,407.8392801998391,366.1333178547218,41.705962345117314,4.489289277553439,2.249164558366431,2.2401247191870084,NB
frame_li_1225.75_1225.81,82.95843695536655,0.0,-0.651041239034161,419.575424883329,374.68867665956463,44.88674822376436,49.57344056290668,28.489844957265348,21.08359560564133,NB
frame_pa_1225.81_1226.0,0.8745189902732591,0.0,0.4520390855460426,423.1735055228677,375.19536710529337,47.97813841757432,24.552502900745367,16.042750447996582,8.509752452748785,NB
frame_row_1226.0_1226.14,4.78278312237822,0.0,0.0047455194446208,418.8823036612332,373.3249775625996,45.55732609863361,2.774702497314621,1.4095895155419385,1.3651129817726826,NB
frame_e~_1226.14_1226.24,21.019172779452877,0.0,-0.0069175339364098,410.3801237369265,367.851968335382,42.528155401544495,23.259897648986534,12.066249422428996,11.193648226557542,NB
frame_baz_1226.24_1226.45,15.162954229933831,0.0,-0.3172128392918499,419.90472861629416,373.855827241799,46.04890137449519,114.64315625745095,89.06847543337827,25.574680824072686,NB
frame_ba_1226.45_1226.66,16.244992828100692,0.0,0.6443520667555158,413.9696404503025,367.83796122715233,46.13167922315017,4.932792769105589,4.122000434012705,0.8107923350928843,NB
frame_ka_1226.66_1226.92,551.5066865351223,0.0,1.028978029174462,416.515084911188,367.8144931363327,48.70059177485524,59.91183912263386,27.488210496708238,32.42362862592563,NB
frame_du_1226.92_1226.98,66.76308821581149,0.5499999999999545,-0.5778049101643155,404.435442810669,361.87135878041374,42.56408403025523,1.1154798444643603,0.668513917693943,0.4469659267704173,TB
frame_fi_1227.53_1227.59,39.0195521955325,0.0,-0.651041239034161,423.7374812026189,379.213034887838,44.524446314780846,7.677211345868244,2.761126896263136,4.916084449605108,NB
frame_kow_1227.59_1227.68,33.81747617500437,0.0,-0.8889939762072551,421.7078328449841,377.1325325765435,44.57530026844063,7.824631409276378,3.484649971894612,4.339981437381766,NB
frame_o_1227.68_1227.71,46.22395347972562,0.0,-0.8889939762113193,408.2138615194788,365.0299141757001,43.18394734377864,1.2110455286062347,0.515010833715877,0.6960346948903577,NB
frame_La~_1227.71_1228.03,138.2531679763903,0.0,1.0901763235920507,417.88516505085545,366.752739323004,51.13242572785151,88.22414113685011,53.95740101187408,34.266740124976025,TB
frame_du_1228.03_1228.09,99.4852954633053,0.9400000000000546,-0.5778049101643155,403.8515717808047,361.2386974099943,42.612874370810346,27.04590154138224,22.006291954902025,5.039609586480211,NB
frame_u_1229.03_1229.2,4.450693409928704,0.0,1.223761168707238,418.26531788201385,371.7838813578713,46.481436524142566,4.193866268736201,1.889728269921932,2.3041379988142694,NB
frame_kue_1229.2_1229.35,5.061239822165049,0.3500000000001364,-0.5778049101643155,417.3835259092463,374.50840140590975,42.875124503336565,2.6383915059158767,0.6373911392695675,2.001000366646309,TB
frame_u~_1229.7_1230.46,44.65726269048547,0.7999999999999545,2.7456231391584858,409.9279130384093,347.3968003073516,62.5311127310577,65.52444674275912,49.482890008493385,16.04155673426574,NB
frame_i~_1231.26_1231.52,53.06897359879102,0.0,1.9063428661718207,424.5413836401917,374.010162531012,50.53122110917968,58.40016516175305,19.09240343818894,39.30776172356411,NB
frame_dZi_1231.52_1231.7,25.1818473174358,0.0,0.9068708221656484,418.36137929676033,371.72247671731486,46.63890257944541,167.1829833099276,70.03197099515842,97.1510123147692,NB
frame_vi_1231.7_1231.88,39.85642885524939,0.0,0.7770448170659103,421.7639749301444,374.1521865994449,47.61178833069948,27.78380579813188,11.44711454511878,16.3366912530131,NB
frame_duu_1231.88_1231.94,116.0239169660689,0.0,-0.5778049101643155,406.92766567846365,365.428753650506,41.4989120279576,11.594827386341528,5.938570086957832,5.656257299383697,NB
frame_su_1231.94_1231.97,30.090981375556453,0.0,-0.5778049101643155,395.8555647003486,354.9105617814122,40.94500291893644,5.438665818821562,0.7936722239122957,4.644993594909266,NB
frame_bi~_1231.97_1232.43,21.975832156620328,0.0,0.5803447119684425,422.30807742377056,367.0637302942654,55.24434712950517,85.79877282327908,50.976462684772,34.82231013850708,NB
frame_du_1232.43_1232.53,9.623500835149883,0.0,-0.063071744773279,419.0008840046574,374.7027185214395,44.29816548321787,9.530167564190409,5.655193116435925,3.8749744477544814,NB
frame_nu~_1232.53_1232.8,13.212630354526596,0.0,0.2926268906058229,419.1280928845711,368.6606610095418,50.46743187502932,95.22254631978004,21.683059761029483,73.53948655875057,NB
frame_pOs_1232.8_1233.07,31.08358156882548,0.0,-0.2637335033603857,422.4632375393235,374.53901877638447,47.924218762939006,10.669544053475278,5.441607124396114,5.227936929079164,NB
frame_tSi_1233.07_1233.19,255.22592295384192,0.0,-0.651041239034161,420.50376597131736,375.1470837493776,45.35668222193976,64.49016266745042,29.34038463150779,35.14977803594263,NB
frame_e_1233.19_1233.22,56.48192514833916,0.0,-0.8022140844980237,402.4923154988969,360.9131964431425,41.5791190557544,1.2277206541153447,0.8492970973560716,0.3784235567592731,NB
frame_lE_1233.22_1233.51,26.31319481482853,0.0,0.4055218042461529,419.8222937573311,370.1311998539014,49.691093903429646,47.1558850514416,15.068112278044282,32.08777277339732,NB
frame_tri_1233.51_1233.74,79.37844445813266,0.0,1.1665228323651249,407.6001237492747,359.87775892348407,47.72236482579064,6.801415369784081,2.8598581321976724,3.9415572375864087,NB
frame_ku_1233.74_1233.81,94.0155729201613,1.759999999999991,-0.4491216188165563,410.4376135096306,367.9022561130484,42.53535739658224,2.953856474233632,1.6600070455432243,1.2938494286904074,NB
frame_pa_1235.57_1235.76,8.940046423035312,0.0,0.1635696137296466,425.4813460655844,376.7629663055137,48.71837976007072,13.858209670502362,6.022873751281367,7.835335919220995,NB
frame_ra_1235.76_1235.96,8.224680225311005,0.0,0.5481955761507793,420.3029035080569,372.314077548037,47.98882596001988,6.88652333038624,2.5122972293856947,4.374226101000545,NB
frame_ko~_1235.96_1236.1,8.587698086855028,0.0,-0.3585714671272113,415.96488633770895,372.0625822187189,43.90230411899006,4.967530741658464,2.244205263546604,2.7233254781118603,NB
frame_seX_1236.1_1236.52,48.53250117164176,0.0,-0.0817340185339889,422.17264485107546,369.04326845232254,53.129376398752925,103.1438730828589,43.17709729236542,59.96677579049348,NB
frame_taX_1236.52_1237.01,16.993778262840124,2.349999999999909,0.2597261043365695,418.1742746689069,363.33699905264217,54.83727561626472,170.60326739536418,123.85245341422151,46.750813981142656,NB
frame_fi_1239.36_1239.74,3.1458756067843296,0.0,3.3735649190606725,420.0420649546392,367.2339093451637,52.80815560947548,73.9459777793908,27.205500490832208,46.740477288558594,NB
frame_us_1239.74_1240.11,28.810388040759207,0.3200000000001637,-0.4491216188165563,406.7035997600432,356.1913428373697,50.51225692267354,254.9860743153046,205.91922309423848,49.06685122106613,NB
frame_i_1240.43_1240.54,38.3486110786007,0.0,0.387566801763744,405.646171416958,363.55614963871136,42.09002177824664,71.27454107922257,38.72004893179897,32.5544921474236,NB
frame_koj_1240.54_1240.68,13.265724130248472,0.0,-0.3527502788136909,423.10154976564286,377.3183518939094,45.78319787173348,4.796116367912816,1.3542360152878814,3.441880352624935,NB
frame_za_1240.68_1240.74,8.52580964022151,0.0,-0.7979952923177192,418.76447745128985,374.82469110665966,43.93978634463019,5.988797043962563,3.368102525530816,2.620694518431748,NB
frame_e_1240.74_1240.85,10.685395294226922,0.0,0.3505540210444319,411.135933954287,366.9728147819719,44.16311917231508,8.109410830947553,3.9841408573173,4.125269973630253,NB
frame_ki_1240.85_1240.94,11.72738250885304,0.0,-0.2615632237349466,414.8228623100363,370.534552425597,44.288309884439286,6.690724925498301,4.462241131492334,2.2284837940059674,NB
frame_va_1240.94_1241.1,17.19750487868191,0.0,-0.1248998580845631,417.61642903998137,371.7812535676232,45.83517547235817,4.511974953917175,2.4558345784553097,2.056140375461865,NB
frame_le~_1241.1_1241.22,51.6664230797693,0.0,-0.4824979919877624,407.8096915855601,364.0738322296668,43.7358593558933,28.45836613304131,17.991854159058775,10.466511973982534,NB
frame_tSi_1241.22_1241.32,67.40670981067277,0.0,-0.1317372186352085,400.56142963936446,359.39318026296394,41.16824937640053,13.965838350632062,7.027762770450231,6.938075580181831,NB
frame_e_1241.32_1241.35,8.401885902417561,0.0,-0.8022140844980237,388.3482651477781,347.60520308957285,40.743062058205226,0.6197241303584065,0.3205994681319595,0.2991246622264469,NB
frame_si_1241.35_1241.54,6.463827009739319,1.0699999999999363,-0.651041239034161,400.8823139324844,355.8979055078051,44.98440842467926,22.02419536670189,9.435010770848038,12.589184595853853,TB
frame_i~_1242.61_1242.68,30.9394257158784,0.0,-0.4143406623844198,417.8826406448835,374.0228998957057,43.85974074917789,1.1142185714590198,0.7960264932183918,0.318192078240628,NB
frame_dZi_1242.68_1242.84,14.950765820010275,0.0,-0.651041239034161,419.4277193006556,372.2072476106405,47.220471690015074,32.01634671342444,15.546826608423771,16.46952010500067,NB
frame_vi_1242.84_1243.04,6.884164750783242,0.0,-0.2615632237349466,422.8799755657169,374.111458558154,48.76851700756282,58.57857062835578,24.712416017838137,33.86615461051764,NB
frame_duu_1243.04_1243.11,25.753396793397457,0.0,-0.4491216188165563,409.5930406270006,369.4123882302613,40.18065239673939,3.394212695231204,0.7349961895220645,2.6592165057091397,NB
frame_tSi~_1243.11_1243.28,21.59934256839651,0.0,-0.1917550361181122,417.4124857162913,370.8128501507626,46.59963556552873,14.141183820129667,5.959796481137744,8.181387338991925,NB
frame_Ja_1243.28_1243.34,14.470102834284006,0.0,-0.7979952923177192,408.2870808624032,365.28081296692176,43.006267895481415,15.945452855417017,4.384765217583919,11.560687637833098,NB
frame_u~_1243.34_1243.37,20.316627737816876,0.0,-0.5101718816481261,397.6543272903858,355.8252627338775,41.8290645565084,3.068853705565232,1.40821535691515,1.6606383486500818,NB
frame_si~_1243.37_1243.62,17.212681526691085,0.0,-0.9029056157674582,417.2091916586804,369.8853811452323,47.32381051344805,21.528644342490253,13.241096531935112,8.28754781055514,NB
frame_tu_1243.62_1243.72,8.719589304846835,0.0,-0.1917550361210381,421.3580291091546,376.099265808504,45.25876330065057,10.511165732937314,7.718120936150228,2.793044796787086,NB
frame_ra~w~_1243.72_1243.9,6.861988277333069,0.0,-0.2662642633665519,421.4013363854638,374.47119344435,46.93014294111384,2.878309028142297,1.966729061974149,0.9115799661681478,NB
frame_dZi_1243.9_1244.08,8.096760085111953,0.0,0.387566801763744,409.5552321514049,363.7509646914907,45.80426745991417,2.244724667897259,1.375395841059742,0.869328826837517,NB
frame_kow_1244.08_1244.23,8.231670939326222,0.0,-0.5314981779489433,423.2264252269823,376.6288154981375,46.59760972884476,18.87828282820223,5.810728368595136,13.067554459607097,NB
frame_ru_1244.23_1244.29,169.79597231110188,0.0,-0.5778049101643155,419.9175442020813,376.2690797203592,43.6484644817221,8.351518737173308,2.88675497545114,5.464763761722168,NB
frame_na~w~_1244.29_1244.4,13.236940190370404,0.5199999999999818,-0.8088404981487594,415.9032943583893,372.6460263492677,43.25726800912156,13.748134813439435,6.674108264621282,7.0740265488181535,NB
frame_sej_1244.92_1245.01,102.1047881505988,0.0,-0.8022140844980237,405.9295759507451,362.37807896577567,43.55149698496945,18.59268184955352,8.637016971200175,9.955664878353346,NB
frame_si_1245.01_1245.07,31.12323067255562,0.0,-0.651041239034161,415.92261008465823,373.4804574345467,42.44215265011155,7.763061680515918,3.8560283008992258,3.907033379616692,NB
frame_vo_1245.07_1245.13,26.24994958800397,0.0,-0.8889939762072551,407.190754174835,366.0741356273759,41.1166185474591,4.545310144476275,3.343886969880145,1.2014231745961297,NB
frame_sejs_1245.13_1245.23,221.89042996741227,0.0,0.0,423.2492105263815,379.4026664919958,43.84654403438572,30.4928979497393,18.578818585650936,11.914079364088366,NB
frame_Za_1245.23_1245.63,94.26999434224548,0.0,-0.6581180713052167,423.3136472444788,368.9287283710803,54.38491887339853,244.62010716002453,136.37286668833946,108.24724047168507,NB
frame_vi_1245.63_1245.74,11.80415217252343,0.0,-0.1317372186352085,420.983523156415,377.7658073223331,43.2177158340819,10.383862012581972,5.560319546629188,4.823542465952784,NB
frame_ra~w~_1245.74_1245.83,17.39526858625672,0.0,-0.8088404981487594,413.0508501203204,367.9583412749194,45.09250884540103,10.73835577405211,4.366615175341565,6.371740598710545,NB
frame_i_1245.83_1245.91,8.73059145745961,0.0,-0.0019112135325185,409.6344215310232,366.00229884999663,43.6321226810266,1.215951175190952,0.7841754098126046,0.4317757653783474,NB
frame_su_1245.91_1246.03,7.013755231020468,0.0,-0.5778049101643155,415.64411464555394,373.9739346869573,41.67017995859669,4.59311929657062,1.4505901582283798,3.1425291383422405,NB
frame_najs_1246.03_1246.23,12.954976281010602,0.0,-0.4133693298965865,419.6873649979038,372.74195826225474,46.94540673564904,58.96136288566808,43.92133243458932,15.040030451078763,NB
frame_Ru_1246.23_1246.31,19.83444776111668,0.0,-0.5778049101643155,420.40501112543575,377.8408791184612,42.56413200697449,9.75746388964015,2.876026056416862,6.881437833223288,NB
frame_as_1246.31_1246.51,19.030230007552262,0.0,-0.7979952923177192,413.8808096299416,365.8994979970357,47.98131163290583,4.716771541644363,2.1516039713409896,2.565167570303373,NB
frame_dZi_1246.51_1246.57,36.65580938981827,0.0,-0.651041239034161,419.3702168363384,376.0002839289886,43.36993290734984,1.6004091886795635,0.927291453251172,0.6731177354283915,NB
frame_sa~w~_1246.57_1246.74,38.80504405269798,0.0,-0.8088404981456752,413.174688630569,365.4811167066477,47.69357192392136,3.30778952994163,1.5457830630773373,1.7620064668642923,NB
frame_paw_1246.74_1247.07,180.78014287654207,0.0,-0.7018388017129825,417.8289638663755,367.5214212559065,50.307542610469056,602.2072849390822,334.34629179232746,267.8609931467547,NB
frame_lu_1247.07_1247.15,72.03812966149609,0.5699999999999363,-0.3204383274658713,397.8343167756215,357.16816307570394,40.66615369991752,50.14790611971468,34.23066083822525,15.917245281489429,TB
frame_na~w~_1247.72_1247.98,87.67756936045704,0.0,-0.6731964394532075,410.7409770508213,363.2899620898303,47.45101496099102,4.666608409212955,2.551512437524892,2.1150959716880635,NB
frame_E_1247.98_1248.01,146.5436259130093,0.2999999999999545,-0.9692516666495018,390.2097892537281,349.15151722458864,41.05827202913946,0.4537454681053248,0.2217937882303005,0.2319516798750243,NB
frame_te~j~_1248.31_1248.49,12.206144708817137,0.0,-0.1258126484465446,424.38649092549485,376.4300250246635,47.95646590083135,22.858924505443724,5.796701529963258,17.062222975480466,NB
frame_u~_1248.49_1248.52,29.103262143846397,0.0,-0.5101718816481261,401.6443611064212,358.9468233552952,42.69753775112599,0.9424351503551236,0.4337504585961369,0.5086846917589867,NB
frame_si~_1248.52_1248.79,40.7677691817452,0.0,-0.7807643774223929,420.6050705002574,371.1740736949181,49.430996805339305,15.394225928087025,5.870482541064177,9.523743387022847,NB
frame_tu_1248.79_1248.95,3.066127983159788,0.0,0.065611546577406,424.2252358608711,376.3308609735098,47.89437488736132,70.314254779957,51.16174386576535,19.15251091419165,NB
frame_ra~w~_1248.95_1249.17,34.013859167213155,0.0,-0.1306202046710001,420.5557034874929,373.4377513137784,47.117952173714514,8.95825069083233,5.366326422828706,3.5919242680036234,NB
frame_dZi_1249.17_1249.23,8.226744915417157,0.1099999999998999,-0.651041239034161,400.043093541616,359.2514964557625,40.79159708585348,102.4050397534144,33.06354073380078,69.34149901961364,NB
frame_kow_1249.34_1249.61,3.2585331999875398,0.0,1.613476611625313,423.7145302611304,373.66443437235495,50.050095888775445,38.34203076560422,12.51165356944611,25.83037719615811,NB
frame_ru_1249.61_1249.72,9.76723435872941,0.0,0.0656115465744801,403.5389025033749,360.59979925141016,42.93910325196475,10.656043495806983,4.321275568555762,6.334767927251221,NB
frame_i_1249.72_1249.75,41.72040489949231,0.0,-0.651041239034161,405.44196405628463,362.5538654296126,42.88809862667205,6.813759033601912,2.7867064325376703,4.027052601064241,NB
frame_te~j~_1249.75_1249.88,2.873545147240065,0.0,-0.3636028774749243,414.5485115128823,369.7711111175676,44.77740039531477,7.519591021178655,4.170601570375794,3.3489894508028613,NB
frame_nujs_1249.88_1250.11,7.576042064117928,0.0,-0.5778049101643155,414.1236348147976,367.07504865966,47.04858615513757,8.387361744824517,3.91273427697638,4.474627467848137,NB
frame_kaw_1250.11_1250.3,1.9970603226658452,0.0,-0.605682311108246,420.3748574915766,372.92287383993937,47.45198365163725,8.869614377444464,3.183281625462456,5.686332751982008,NB
frame_ka_1250.3_1250.41,43.264591686168046,0.0,-0.4133693298965865,417.5929546761455,373.4576131391945,44.135341536951046,133.68916828559065,61.08392786831527,72.60524041727535,NB
frame_Ja_1250.41_1250.64,24.27717782442778,0.0,-0.1248998580823767,419.85272574808926,370.8193135069054,49.03341224118384,30.02421433579137,12.559500615847668,17.464713719943703,NB
frame_ris_1250.64_1250.75,16.20228131174852,0.0,-0.651041239034161,407.1517662781474,364.55788811444165,42.59387816370577,4.162094857018587,2.778572932172949,1.3835219248456383,NB
frame_u~_1250.75_1250.78,17.599333571989547,0.0,-0.5101718816481261,399.20743701435975,356.7336965837827,42.47374043057704,10.911536750655245,7.204521976820615,3.707014773834629,NB
frame_ma_1250.78_1250.84,15.805991649545945,0.0,-0.7979952923177192,413.77948071878336,370.55523591640457,43.22424480237879,2.054949904268909,1.1096838057920593,0.94526609847685,NB
frame_es_1250.84_1251.0,15.671679764134751,0.0,-0.6581180713019403,415.4615872814382,368.0059658281287,47.455621453309504,4.962309538822296,3.094996121455665,1.8673134173666317,NB
frame_pE_1251.0_1251.14,20.986037650743583,0.0,-0.281864931200558,416.4332205594694,371.2054658592671,45.2277547002023,1.866256616998868,1.0638183909010763,0.8024382260977916,NB
frame_si_1251.14_1251.21,68.51126621929946,0.0,-0.651041239034161,403.6837199488758,361.13407287490713,42.549647073968686,0.4241198129664525,0.2441198577288617,0.1799999552375908,NB
frame_dZi_1251.21_1251.27,45.03396740212149,0.0,-0.651041239034161,406.1349166045057,364.43876253272265,41.69615407178304,29.68929711428187,22.530924803226824,7.158372311055047,NB
frame_es_1251.27_1251.57,76.38020511271147,0.0,-0.8022140844980237,419.5189778785858,367.01178705538985,52.50719082319603,81.98225092294709,54.613480399826,27.368770523121093,NB
frame_po_1251.57_1251.73,12.449449036703127,0.0,0.8984850151046252,424.9357547159901,377.6564754909744,47.27927922501573,17.82496906307037,6.389769148573436,11.435199914496934,NB
frame_ra~w~_1251.73_1252.1,345.9806269520734,3.0300000000002,0.0050238540245517,415.6874289639669,364.6466546715405,51.04077429242642,74.54961775269811,34.956510419083486,39.59310733361463,TB
frame_e~_1255.13_1255.35,6.958839114305334,0.0,1.4198238402176482,418.8358078939728,371.8879899054297,46.94781798854308,9.329310179002988,3.749457068047519,5.579853110955469,NB
frame_ta~w~_1255.35_1255.6,17.215879156155083,0.3500000000001364,0.2763119714156554,419.7348111333421,372.9468008788151,46.78801025452702,284.13592382078104,213.99922884508985,70.13669497569123,NB
frame_e_1255.95_1256.03,35.23440618684447,0.0,-0.0817340185339889,414.9997020965312,371.9607033437416,43.03899875278967,3.914448476826891,1.5813020649451914,2.3331464118817,NB
frame_li_1256.03_1256.18,35.2003492313149,0.0,-0.3913892288346848,407.5657948827762,366.0112743269983,41.55452055577791,8.115551054026326,3.1249617934157072,4.990589260610619,NB
frame_fi~_1256.18_1256.52,3.9679451103581584,0.0,1.051354197756364,418.90075540536327,368.4640062928832,50.43674911248007,115.64515151374896,39.89336483254513,75.75178668120382,NB
frame_ka_1256.52_1256.59,85.78914511966227,0.0,-0.7979952923177192,420.435332991122,376.8759771522888,43.5593558388332,283.2551999445339,168.37701992810003,114.87818001643387,NB
frame_u_1256.59_1256.63,39.24657533711891,0.0,-0.4491216188136304,408.398473104586,365.9175889435015,42.48088416108448,0.8136487984170913,0.5800809347118161,0.2335678637052751,NB
frame_es_1256.63_1256.82,26.07498702330355,0.0,-0.6581180713052167,411.74585220852464,364.2779972937191,47.46785491480557,4.813472941968684,1.86972280707036,2.9437501348983237,NB
frame_po_1256.82_1256.93,49.39746348624763,0.0,0.0047455194486851,420.8573420595117,376.4569409172656,44.40040114224615,14.146277074318505,5.49002886755639,8.656248206762115,NB
frame_ra~w~_1256.93_1257.19,399.9016303534006,0.0,-0.1306202046710001,416.0296953217119,367.0327831787063,48.99691214300566,68.17754113019487,32.40479739531611,35.77274373487876,NB
frame_nu_1257.19_1257.44,100.80389711182416,1.8799999999998815,0.1942948379251651,406.9938916509368,359.1627373309237,47.83115432001313,24.685477950791444,11.384129788420964,13.30134816237048,NB
frame_nu_1259.32_1259.76,22.29899111807842,0.0,1.3524444600549972,416.3716162353669,360.5989944780093,55.772621757357626,355.6941985157519,301.4014800330725,54.292718482679405,TB
frame_ew_1259.76_1259.84,77.14286531759393,0.0,-0.8022140844980237,416.92461052768687,373.4612114805741,43.46339904711283,13.529808678611914,6.054641478063587,7.475167200548327,NB
frame_a_1259.84_1259.88,60.66169317954018,0.0,-0.7018388017107962,400.6981851387712,358.66951955018084,42.02866558859034,10.147986755631791,8.000057389794563,2.1479293658372285,NB
frame_Su_1259.88_1260.01,49.02111844125514,0.0,-0.4491216188165563,406.9865991612411,361.2992857431226,45.68731341811849,129.16705433326422,35.33174853856477,93.83530579469948,NB
frame_ki_1260.01_1260.08,60.95572036442943,0.0,-0.5212152339344229,410.8950291926179,367.4547447240005,43.44028446861739,1.6678903996300392,0.8635432733000528,0.8043471263299864,NB
frame_i_1260.08_1260.11,49.84724951976406,0.0,-0.651041239034161,392.3074336156837,351.7455187271941,40.56191488848958,1.4750017656083116,0.7516607517325724,0.7233410138757392,NB
frame_su_1260.11_1260.26,72.14956921270337,0.0,-0.5778049101643155,418.4387372115788,373.1734730094932,45.26526420208563,36.57717356795126,21.42743529030793,15.149738277643335,NB
frame_na~w~_1260.26_1260.37,33.47091727222673,0.0,-0.8088404981487594,417.53042991238806,374.3968417517143,43.13358816067375,48.340841800376126,18.327905797515967,30.01293600286016,NB
frame_a_1260.37_1260.4,39.481598205838935,0.0,-0.7979952923155328,404.8985911397739,362.0842959876484,42.81429515212551,12.386233745998595,9.463460937729025,2.9227728082695705,NB
frame_majs_1260.4_1260.63,14.703484535178518,0.0,-0.1248998580845631,417.0737790631874,369.56531791136,47.50846115182742,55.82139754537535,14.498322237314824,41.32307530806053,NB
frame_e~j~_1260.63_1260.69,42.73839877716469,0.0,-0.839183335526277,402.78536821797127,361.6202556715749,41.1651125463963,2.977499632711954,1.8803930390493804,1.0971065936625737,NB
frame_sa~w~_1260.69_1260.93,58.294070976329465,0.0,-0.8088404981487594,416.8653714787045,368.9416765703253,47.92369490837911,12.73612481244021,8.514520282983455,4.221604529456755,NB
frame_paw_1260.93_1261.05,2.68180966993188,0.0,-0.7979952923177192,418.3392141938583,373.6881201030025,44.651094090855736,36.24408959757815,21.342954563144133,14.90113503443402,NB
frame_lu_1261.05_1261.12,13.27559284758084,0.0,-0.4491216188165563,409.4995134224372,368.2550299493111,41.24448347312614,3.202443448182663,1.796550791610514,1.4058926565721492,NB
frame_poX_1261.12_1261.26,30.45104721517569,0.0,-0.8889939762113193,403.9599900076257,360.4047730213335,43.55521698629224,119.94680223260256,44.97290939894037,74.97389283366218,NB
frame_ki_1261.26_1261.36,40.347922808806885,0.0,-0.2615632237349466,418.34870385337206,373.5377583054111,44.81094554796096,14.564155756600428,7.340895880119802,7.2232598764806255,NB
frame_na~w~_1261.36_1261.49,30.75954692998988,0.0,-0.8088404981487594,418.0225113713383,371.5019241517499,46.52058721958832,13.584307247648496,6.92034973242707,6.663957515221426,NB
frame_a_1261.49_1261.55,82.14709285698635,0.0,-0.5095258205035094,410.6116564224408,368.29487359842994,42.316782824010886,3.5545629562915906,1.1818378654329962,2.3727250908585944,NB
frame_majs_1261.55_1261.86,19.777622176754875,0.0,-0.3172128392918499,413.9546233703553,365.0461782773859,48.90844509296943,8.880529232093636,5.7698204222032246,3.1107088098904114,NB
frame_pos_1261.86_1262.06,32.00981694641979,0.0,-0.1740023796865671,418.6293116416978,372.7798410488612,45.84947059283661,5.281186405428286,3.3078431962516675,1.973343209176619,NB
frame_tSis_1262.06_1262.22,59.48073407479328,0.0,-0.6510412390312091,408.2927583249214,362.6446143193974,45.64814400552399,103.5170113725535,81.38771581198677,22.12929556056673,NB
frame_dZi_1262.22_1262.3,62.80231478403964,0.0,-0.2615632237349466,409.8672085818776,366.3606576192728,43.50655096260471,1.0375965113518646,0.6308927296606299,0.4067037816912346,NB
frame_ma_1262.3_1262.48,65.63785251665809,0.0,0.1635696137318329,413.47777914809967,366.4921747369144,46.98560441118531,4.557101289987855,1.7167146060746037,2.840386683913252,NB
frame_dej_1262.48_1262.58,7.755243568391222,0.0,-0.8022140844980237,421.4428630809085,377.0863074828228,44.35655559808578,5.590249342374108,1.2558815027273056,4.334367839646802,NB
frame_ra_1262.58_1262.64,47.51384870042949,0.0,-0.7979952923155328,414.5600978640272,372.7476070029159,41.81249086111137,6.500653235774209,4.662153749629169,1.8384994861450397,NB
frame_ujs_1262.64_1262.85,21.677506000200765,0.0,-0.5778049101643155,420.7869902091277,372.7693560356214,48.01763417350634,0.289914796594104,0.1781784051713941,0.1117363914227098,NB
frame_pos_1262.85_1262.99,23.93282512430088,0.0,0.0047455194446208,415.7141564680105,370.5291997178544,45.184956750156175,6.166223797122711,2.758327763464763,3.4078960336579485,NB
frame_tSis_1262.99_1263.2,7.163163141315749,0.0,-0.651041239034161,420.9424838106959,373.3056742998533,47.63680951084257,1.6168463246721103,0.6185519194109759,0.9982944052611344,NB
frame_to_1263.2_1263.32,0.0637389353452988,0.0,0.1834934185758088,415.8265080194628,373.2223253761786,42.60418264328416,6.783627722903816,4.140147722045185,2.6434800008586308,NB
frame_dus_1263.32_1263.42,0.0528252273523719,0.0,-0.5778049101613896,403.0597738603545,361.7786952559287,41.28107860442577,7.859091162244709,3.577476502233253,4.281614660011456,NB
frame_sa~w~_1263.42_1263.69,28.795140862934343,0.0,-0.6731964394532075,421.37880775053134,371.7833633894019,49.59544436112941,25.58914081500517,18.582154878588145,7.006985936417024,NB
frame_dZi_1263.69_1263.76,30.49103556142433,0.0,-0.651041239034161,402.831254545757,361.7876098487396,41.043644697017385,2.951591520735917,1.1078969288265057,1.8436945919094117,NB
frame_si~_1263.76_1264.11,22.923914897357605,0.0,-0.047916947352001,419.8644829833217,368.25555280544734,51.60893017787436,88.07419208447153,50.48420116155762,37.58999092291391,NB
frame_me~_1264.11_1264.18,18.359793097902497,0.0,-0.7202882210134388,406.3983154046364,363.1712855674552,43.22702983718119,2.706775055756964,1.901364077969447,0.8054109777875169,NB
frame_tu_1264.18_1264.34,30.86328516159153,0.0,-0.063071744773279,411.137772010483,365.14845668149326,45.98931532898968,86.4283790772351,53.39663078569805,33.031748291537056,NB
frame_na~w~_1264.34_1264.46,15.371488438598108,0.2999999999999545,-0.5375523807576557,406.6446503548891,363.389018457803,43.25563189708612,2.99703815498205,1.5882375781297924,1.4088005768522578,TB
frame_E_1264.76_1264.79,22.830702833383327,0.0,-0.9692516666495018,393.146845355113,351.3659877763551,41.78085757875789,6.41250583851334,3.832771911567676,2.5797339269456643,NB
frame_dZi_1264.79_1265.18,0.0147695033384707,0.0,3.6332169292631007,419.1976147197602,365.62971107208654,53.56790364767369,102.85401537324724,35.17236045842344,67.6816549148238,NB
frame_ko~_1265.18_1265.37,47.34609761034581,0.0,0.1412554264424722,420.5579948898656,374.0151204550764,46.54287443478916,8.529590354175696,5.111777769989104,3.417812584186592,NB
frame_kre_1265.37_1265.6,25.465409371400145,0.0,1.0710340870084667,420.8944113673485,372.46362924411005,48.43078212323849,6.662575190800737,3.2790043854853934,3.383570805315344,NB
frame_tu_1265.6_1265.72,31.785816219647785,0.0,0.1942948379222392,413.0412129905656,368.0853251157717,44.95588787479386,209.1026106029301,114.87493305317552,94.2276775497546,NB
frame_i_1265.72_1265.76,136.60677761450194,0.0,-0.5212152339344229,402.6314985110136,361.5349668556063,41.09653165540726,5.67044142617948,3.0501907233233965,2.620250702856083,NB
frame_vejs_1265.76_1268.82,7.188663906812366,0.0,-0.2258300317267958,424.9069996115987,288.7524152401841,136.1545843714146,220.4740776419605,107.5923730981166,112.88170454384392,TB
frame_e~j~_1268.82_1268.95,56.30888432865712,0.0,-0.6013931065006006,409.8275874145205,366.33043094137565,43.497156473144855,74.54970757815344,38.27248848306451,36.27721909508894,NB
frame_kwa~_1268.95_1269.16,21.465336860537946,0.0,0.5476000888098432,423.81026392965816,375.6575850054647,48.15267892419348,26.382164244582583,8.093995637760713,18.28816860682187,NB
frame_du_1269.16_1269.35,33.68936728871364,1.1200000000001182,1.095077877356553,419.9913016865216,373.197424801474,46.79387688504761,109.9626376834332,38.27426330650272,71.68837437693048,NB
frame_vo_1270.47_1270.8,17.797234043872066,0.0,-0.8889939762113193,421.03856656689055,369.7695265327459,51.269040034144666,68.33793642482598,25.85487437909748,42.4830620457285,NB
frame_sejs_1270.8_1270.89,9.85114706290662,0.0,0.0,423.8894760111911,378.6518127557919,45.23766325539924,7.022214765585801,2.404781952092634,4.617432813493167,NB
frame_peX_1270.89_1271.24,19.19888103868476,0.0,-0.8022140844980237,422.48757332877534,371.2058961076448,51.28167722113051,114.75728742750904,36.970473237038846,77.78681419047018,NB
frame_se_1271.24_1271.52,15.612579813815673,0.0,0.4946500342372389,423.3826228697485,373.4198073731427,49.9628154966058,7.163718538173754,4.118089088968247,3.0456294492055065,NB
frame_be~j~_1271.52_1271.63,39.01568699589316,0.0,-0.6013931065006006,406.08798876322976,365.2238843195796,40.864104443650206,94.64196797791972,60.0558354157487,34.58613256217103,NB
frame_ki_1271.63_1271.7,2.1561601411925158,0.0,-0.651041239034161,419.164636141996,376.33050852567686,42.83412761631911,5.8488635525549455,4.181120715600457,1.6677428369544884,NB
frame_ew_1271.7_1271.77,11.3476283163032,0.0,-0.8022140844980237,409.6032962778796,366.89373419742674,42.70956208045288,15.89636849140348,4.639909134270795,11.256459357132684,NB
frame_sow_1271.77_1272.01,4.37187986241625,0.0,-0.7102460770801312,421.4313346850056,371.8484718788957,49.58286280610997,5.907870050288636,3.505533736329795,2.402336313958841,NB
frame_u~_1272.01_1272.05,2.7784625407862507,0.0,-0.4655719498562963,411.403050506701,369.2353796421115,42.16767086458947,12.245429916199896,2.599312388969821,9.646117527230077,NB
frame_i~_1272.05_1272.13,13.220025796085396,0.0,-0.2921994240393544,413.5358296110756,369.5317466049778,44.0040830060978,14.361333057427828,9.963963771479229,4.397369285948599,NB
frame_dZi_1272.13_1272.21,94.93968863748944,0.0,-0.3913892288346848,407.7727157582505,363.0307966180607,44.74191914018979,0.5263433628479532,0.3643056194528782,0.162037743395075,NB
frame_vi_1272.21_1272.32,2.077904778019928,0.0,-0.2615632237349466,424.0334346122498,378.7153917572392,45.31804285501056,9.42816672077717,5.838239524698366,3.589927196078804,NB
frame_duu_1272.32_1272.41,1.5347472551449357,0.0,-0.1917550361181122,411.0036139426416,367.22354921457713,43.78006472806448,7.371419206525417,1.72194153719542,5.649477669329997,NB
frame_dZi_1272.41_1272.6,2.880449006610718,0.0,-0.4491216188165563,423.6179073835037,375.4998166468495,48.11809073665421,35.97312969427489,21.703018517419736,14.270111176855153,NB
frame_ow_1272.6_1272.71,92.1814035865144,0.0,-0.3527502788136909,413.1475398211825,369.8922038720949,43.25533594908762,7.816260688035854,4.024332334894638,3.791928353141216,NB
frame_tra_1272.71_1272.8,120.40894998922695,0.0,-0.7979952923177192,419.58622360274967,377.0299586612121,42.55626494153762,296.4338284872638,164.06058823561204,132.3732402516517,NB
frame_Ze_1272.8_1272.98,180.09675786551057,0.0,-0.5140220581124098,419.6105761825006,372.4403214602982,47.1702547222024,439.69069382266366,249.13920543749416,190.55148838516945,NB
frame_ra_1272.98_1273.1,36.50420161702344,0.0,-0.2210563486892997,414.5580474326587,371.29938082043134,43.25866661222739,1.6896207815198494,0.7016923201095722,0.9879284614102772,NB
frame_sa~w~_1273.1_1273.68,1.6736035345353455,0.0,2.9891931453328606,420.21993645709387,363.5934164786697,56.62651997842414,101.68696459280176,13.271570826245975,88.41539376655578,NB
frame_Za_1273.68_1274.04,26.665130502317325,0.25,1.2212910103839354,416.7289165452224,366.0138596106991,50.71505693452326,30.870294269452813,18.740599983979465,12.129694285473349,NB
frame_sow_1274.29_1274.55,88.59773408511145,0.0,-0.3527502788177552,424.9771164687332,374.54952868446577,50.427587784267416,327.2225678667493,230.61649638806213,96.60607147868714,NB
frame_kwa_1274.55_1274.73,17.02335568262191,0.0,0.0674131231270964,423.2989332135305,375.474324180942,47.82460903258851,95.15496262085048,58.732283079408575,36.42267954144191,NB
frame_dra_1274.73_1274.97,7.814992974925701,0.0,0.3558825949413061,421.6720418964992,373.6152491595943,48.05679273690487,19.108401089070867,5.998057767732064,13.110343321338805,NB
frame_du_1274.97_1275.04,8.645089514467799,0.0,-0.4491216188165563,411.1814785565485,367.58140744150427,43.60007111504427,6.969798331733728,1.122346460190471,5.847451871543257,NB
frame_mez_1275.04_1275.46,28.443540127000475,0.0,0.4946500342372389,420.1481041840338,364.8316239489144,55.31648023511946,33.07418755371228,10.920429641966038,22.15375791174624,NB
frame_mu_1275.46_1275.54,12.299855788202564,0.75,-0.5778049101643155,413.4433548248777,370.4646329597656,42.97872186511216,2.2577997262389715,0.6428401768464198,1.6149595493925517,TB
frame_nE_1276.29_1276.35,54.90239237476925,0.0,-0.9692516666495018,406.0355886026375,362.9398534456625,43.095735156975024,5.3455947037111,1.8585837737387865,3.487010929972314,NB
frame_majs_1276.35_1276.53,9.214478859796458,0.0,-0.5095258205035094,423.8759087187274,376.1827847200724,47.693123998654926,30.422733700536384,11.04370324802062,19.379030452515764,NB
frame_e~_1276.53_1276.58,2.794578400723396,0.0,-0.6013931065006006,411.2532715019811,367.90092298905176,43.352348512929325,2.482350690785438,0.7543399242461817,1.7280107665392563,NB
frame_fi~_1276.58_1276.7,2.883051487832006,0.0,-0.9029056157674582,415.4762778167018,372.36856309548864,43.10771472121314,21.569747842588924,11.06004841153785,10.509699431051075,NB
frame_i_1276.7_1276.8,20.733586630441835,0.0,0.2577407966640058,418.73097182312233,374.917855759017,43.81311606410532,5.261176840154491,2.19361071674777,3.0675661234067206,NB
frame_su_1276.8_1276.97,51.94842481037222,0.0,-0.5778049101643155,422.6023944085228,374.7275993853473,47.874795023175466,25.66960284628817,10.518617742353598,15.150985103934572,NB
frame_ta~_1276.97_1277.14,19.40756102826029,0.0,0.6832441475053951,423.3770118984325,375.3218646267152,48.0551472717172,8.005671430932068,3.1314760311717578,4.874195399760311,NB
frame_be~j~_1277.14_1277.24,23.1111312079521,0.0,-0.839183335526277,422.28744540564566,377.4815716301837,44.805873775461976,6.124707082542869,2.0343225165591434,4.090384565983726,NB
frame_E_1277.24_1277.45,40.65201741179561,0.0,0.7983142245014163,420.5984377433176,372.4150042890667,48.183433454250974,147.23078621827034,61.99120110420151,85.23958511406882,NB
frame_u~_1277.45_1277.85,89.05245929654242,1.2300000000000182,1.1400255946505875,413.5603788679323,360.7820446565411,52.77833421139121,93.15078552521524,56.71095961649544,36.43982590871981,NB
frame_E_1279.08_1279.18,18.30555287785253,0.0,-0.281864931200558,422.1032649260884,378.3915464812839,43.7117184448046,6.049977981366311,2.200944434657771,3.84903354670854,NB
frame_u~_1279.18_1279.33,6.063113755748503,0.0,0.0250272998538305,420.3122788408656,373.7338550495569,46.57842379130869,14.184906341679408,6.228858578743285,7.956047762936123,NB
frame_e_1279.33_1279.46,13.896321934959474,0.0,0.6387460474333222,420.0917980658696,375.6197858008651,44.47201226500454,15.44266599328438,9.236401735821827,6.20626425746255,NB
frame_ze~_1279.46_1279.95,11.167498434652742,0.0,2.2520896418102185,421.8725410615818,364.7431700808232,57.12937098075861,40.97424461475106,14.86663219460428,26.10761242014678,NB
frame_plu_1279.95_1280.45,3.1878023961350266,0.0,3.6687437043175866,421.3652572913392,363.1147336108655,58.25052368047358,439.29319094160894,376.812706299752,62.480484641856975,NB
frame_bas_1280.45_1280.7,9.719506716003394,0.0,-0.0287433674798265,423.0244309587121,371.9572068350346,51.06722412367753,257.64625612269526,209.91668601674584,47.72957010594939,NB
frame_ta~_1280.7_1280.88,29.51790991561407,0.0,0.6832441475053951,422.5257311653472,376.7678884293018,45.75784273604541,6.780500802335041,2.2840321819860208,4.49646862034902,NB
frame_tSi_1280.88_1281.14,0.9434218235192872,0.0,1.2963488374648628,418.7299025350816,371.1837588987302,47.54614363635136,38.37077508282445,19.19782165713258,19.172953425691876,NB
frame_a~_1281.14_1281.19,75.25309196505573,0.0,-0.5375523807576557,399.1631441065599,358.8622918249846,40.30085228157526,17.928420303095308,4.988297736591434,12.940122566503874,NB
frame_tSi_1281.19_1281.5,2.484253222392624,0.0,1.1665228323651249,416.4163326916625,367.0152907387756,49.401041952886885,102.79854661219096,32.410376981491936,70.38816963069902,NB
frame_gu_1281.5_1281.69,71.15919701503017,0.0,0.7090280033162016,418.3275594031348,372.6430220258702,45.684537377264576,314.6964576943835,166.28146690633395,148.41499078804952,NB
frame_E_1281.69_1281.72,86.00470391832823,0.0,-0.9692516666495018,398.5783495907276,356.7391329809137,41.83921660981389,16.645140041981563,7.023985978731673,9.62115406324989,NB
frame_dZi_1281.72_1281.8,48.10896474548272,0.0,-0.5212152339344229,403.8546204577522,361.160640937334,42.69397952041823,28.27490837917823,8.62769354890898,19.64721483026925,NB
frame_fra~s_1281.8_1282.42,45.562315545681344,0.0,-0.5375523807576557,417.2613881684442,362.181307634679,55.080080533765226,33.605427329064966,24.11954942144104,9.48587790762393,NB
frame_bo_1282.42_1282.48,23.889006549537584,0.0,-0.8889939762113193,423.5373787353996,380.6612724931067,42.87610624229285,0.2790879468518881,0.0720054437470025,0.2070825031048855,NB
frame_as_1282.48_1282.8,49.5676242654888,0.0,0.2597261043343832,423.7949141848111,371.3549504897486,52.43996369506243,89.54261526939246,36.13744781007421,53.40516745931825,NB
frame_na~w~_1282.8_1283.11,11.472512466834331,0.0,0.1406679127231877,420.07347525367913,371.3367128053457,48.73676244833342,318.6093964998433,225.62275330705677,92.98664319278654,NB
frame_E_1283.11_1283.16,45.64407470195352,0.0,-0.7728554565196373,405.25402785682536,362.93753493287966,42.316492923945646,45.01381384895805,22.96500813803746,22.04880571092059,NB
frame_dZi_1283.16_1283.26,17.763638975563453,0.0,-0.651041239034161,405.4520386880067,361.886718576016,43.56532011199079,18.015960874577672,10.855518160422037,7.160442714155636,NB
frame_ga~_1283.26_1283.4,35.486518971482695,0.0,-0.2662642633634677,417.2390359681884,371.3625922530673,45.87644371512113,20.32507626273677,6.357683225905362,13.96739303683141,NB
frame_mus_1283.4_1283.89,49.0164514787528,0.0,-0.5778049101643155,414.4545034637516,357.92532928094045,56.52917418281112,228.4280369244469,115.90676033697991,112.521276587467,TB
frame_miw_1283.89_1284.34,8.826629250520512,0.0,1.6858268527640772,423.1108635007773,367.008165038044,56.10269846273332,151.02458025249578,53.11031184604264,97.91426840645316,NB
frame_nO_1284.34_1284.76,25.119369118924283,0.0,-0.3737955165766877,422.8628158794414,368.8779850613328,53.984830818108605,144.89165126011045,23.715674194908928,121.17597706520154,NB
frame_ve_1284.76_1284.93,35.161284811559966,0.0,0.3505540210477083,420.9472621429608,375.4998057384345,45.44745640452629,14.570314588894206,8.33516391323613,6.235150675658076,NB
frame_se~_1284.93_1285.31,48.46001244461024,0.0,-0.3636028774749243,412.62611542069374,359.2676285841038,53.35848683658992,85.77692442959254,42.70752500403575,43.0693994255568,NB
frame_tus_1285.31_1285.76,117.67098836503592,0.0,0.5803447119684425,405.2189387915085,353.3437808982932,51.87515789321532,5.229841328252057,3.1463498536446157,2.0834914746074418,TB
frame_i_1285.76_1285.79,85.20131461432017,0.0,-0.651041239034161,389.1784229926984,347.5116810629154,41.66674192978303,3.622846343948453,1.7947851304321034,1.8280612135163492,NB
frame_vi~_1285.79_1285.89,124.6093247896398,0.0,-0.5364819007294851,401.7324506539236,358.98220030781204,42.75025034611156,1.54465136733657,1.0604238952809268,0.4842274720556432,NB
frame_tSi_1285.89_1285.96,18.1341311281266,0.0,-0.5212152339344229,406.143392391689,364.9626932921588,41.180699099530216,0.8644659319456025,0.591013682547441,0.2734522493981615,NB
frame_e~_1285.96_1285.99,27.59635431951446,0.0,-0.839183335526277,399.716072842413,357.1615722047849,42.554500637628166,6.408120338830884,3.521472807916467,2.8866475309144164,NB
frame_ta~w~_1285.99_1286.27,33.48540850373402,0.0,1.7683966170698098,411.932011264812,363.83921990058775,48.09279136422424,14.10460515880041,5.1793016222593735,8.925303536541037,NB
frame_a_1286.27_1286.42,91.43250029570984,0.0,0.3558825949413061,409.126054636024,364.2688818765543,44.85717275946968,33.65658219984108,19.61146450770848,14.045117692132608,NB
frame_vi_1286.42_1287.25,58.71499713839685,0.0,-0.5212152339344229,411.75057839034525,345.2480702642499,66.50250812609534,115.9206985483402,51.17545289157542,64.74524565676478,NB
frame_a_1287.25_1287.28,74.47913033764775,0.0,-0.7979952923177192,394.9070095670424,353.5213078149868,41.38570175205558,26.84205011960998,21.581762854525664,5.260287265084315,NB
frame_u_1287.28_1287.31,,0.0,-0.5778049101643155,391.6316351958886,351.0344414387459,40.59719375714269,,,,NB
frame_pOs_1287.31_1287.64,30.707550462968698,0.0,-1.364353635500883,422.4907215837434,369.54318949734426,52.94753208639912,99.20026090968668,29.58899958631767,69.61126132336902,NB
frame_tSi_1287.64_1287.71,7.133396563193514,0.0,-0.5212152339344229,419.7401751129632,376.7986402510339,42.94153486192931,10.050676169897088,3.416982617620704,6.633693552276384,NB
frame_dZi_1287.71_1287.81,5.681748846755795,0.0,-0.1317372186352085,424.4944507870579,378.74849003818514,45.74596074887273,5.468889657848393,3.5741128352169937,1.8947768226314,NB
frame_ma_1287.81_1288.08,11.288093288501043,0.0,1.2212910103839354,425.6011812392256,374.3653457536732,51.23583548555246,9.663995923875577,5.0465215081610495,4.6174744157145255,NB
frame_dej_1288.08_1288.19,64.1737563873362,0.0,-0.8022140844947473,422.9061108531781,378.2858403833154,44.62027046986276,24.43083606283247,11.73961249632032,12.69122356651215,NB
frame_ra_1288.19_1288.54,25.51129588276217,0.0,-0.0287433674798265,423.1876791708433,371.5575862658139,51.63009290502941,62.42182721168558,38.64255494777871,23.77927226390688,NB
frame_ko~_1288.54_1288.92,9.444498986474684,0.0,0.4411515625865553,422.7217577658077,368.477660669752,54.244097096055725,63.47140470212776,35.07942138231297,28.391983319814784,NB
frame_e_1288.92_1289.1,13.896106334599068,0.0,1.3592261133940806,420.9700442857171,373.3104372139513,47.65960707176578,19.078690733121363,10.24454240368999,8.834148329431372,NB
frame_si_1289.1_1289.18,6.639640521498194,0.0,-0.3913892288346848,412.1038937019625,368.5047809781134,43.599112723849146,8.947863179001331,3.2461070280973843,5.701756150903947,NB
frame_es_1289.18_1289.42,20.41529025404367,0.0,-0.8022140844980237,420.9678178159477,370.89074859672286,50.07706921922488,11.972864058931378,7.464218017340414,4.508646041590964,NB
frame_po_1289.42_1289.5,117.55344890884255,0.0,-0.5314981779489433,416.2553754583576,373.7139496174845,42.541425840873046,0.1128189586081518,0.0502631133646573,0.0625558452434944,NB
frame_ra~w~_1289.5_1289.74,7.11772947810843,1.6400000000001,-0.4019083220621038,413.8790155813494,364.4299306096205,49.44908497172895,225.53502120249595,124.72989034536523,100.8051308571307,TB
frame_foj_1291.38_1291.62,4.25976332115988,0.0,0.0047455194446208,424.6830761779139,375.076613373706,49.60646280420792,108.39893781311508,40.34961711848644,68.04932069462863,NB
frame_i_1291.62_1291.75,54.29366356286812,0.0,0.6472188119661721,416.708214566842,371.872314272745,44.83590029409692,8.283174761156246,4.231926520419108,4.051248240737138,NB
frame_su_1291.75_1292.01,70.1456985483473,0.0,0.3229781292699983,415.2410618251256,366.0280506428269,49.2130111822986,33.94643857713692,18.09618653844984,15.850252038687074,NB
frame_ki_1292.01_1292.09,12.868644988509317,0.0,-0.651041239034161,420.3434674759508,378.6936879211987,41.64977955475212,22.276524138660875,10.061178391026315,12.215345747634558,NB
frame_u_1292.09_1292.13,0.9236548767826492,0.0,-0.4491216188136304,408.49000964697336,365.67486748585327,42.81514216112009,5.008190707665449,2.65562608693213,2.352564620733318,NB
frame_i~_1292.13_1292.42,23.683602123054527,0.0,2.272766581207017,413.9892994277648,364.45677306256937,49.53252636519545,57.035328977045225,36.5602711474385,20.47505782960673,NB
frame_dZiu_1292.42_1292.64,33.20292625120584,0.0,-0.0019112135354704,414.5081791786446,365.1761832006128,49.33199597803184,208.5938770357352,124.83392981010904,83.75994722562615,NB
frame_peX_1292.64_1292.82,6.778162192886356,0.0,0.062361994658818,419.5011628419408,372.26890030391,47.23226253803074,7.086939412191867,4.368531131966506,2.7184082802253613,NB
frame_se_1292.82_1293.12,45.73524566884117,0.0,1.0710340870084667,420.6403249908504,368.2891523483,52.35117264255047,142.6306706004914,59.548573256127554,83.08209734436386,NB
frame_bew_1293.12_1293.3,60.89183605229175,1.3900000000001,0.062361994658818,415.6531715861476,369.7943539648359,45.85881762131174,18.23817877197324,11.325044290618422,6.913134481354817,NB
frame_vo_1294.69_1294.75,103.22140090484368,0.0,-0.8889939762113193,403.5432475480593,362.3389054395138,41.20434210854546,4.819502735501089,2.045553189828098,2.7739495456729912,NB
frame_sejs_1294.75_1294.94,1.2160518124178452,0.0,0.0,424.8002892886835,376.1298701909425,48.67041909774099,7.407817377709108,4.328629517788755,3.079187859920353,NB
frame_ko~_1294.94_1295.09,0.4615535750133972,0.0,-0.8022140844980237,419.93696575562296,374.3997530781608,45.53721267746221,16.67438670522813,10.998402338331204,5.675984366896927,NB
frame_pre_1295.09_1295.36,39.39997936689269,0.0,1.5033221265868877,417.6300320436405,368.3153255649474,49.3147064786931,23.155602727887327,9.62535592415881,13.530246803728517,NB
frame_e~_1295.36_1295.42,70.22919279717807,0.0,-0.4824979919850591,408.3369052446116,365.2696337775986,43.06727146701286,67.93111950673426,29.0983820363014,38.83273747043286,NB
frame_de~j~_1295.42_1295.63,195.1358786997844,0.0,-0.839183335526277,409.1313034127271,361.43185416083776,47.69944925188935,13.07200340589037,3.732066009585992,9.33993739630438,TB
frame_poX_1295.63_1295.82,6.112105350554145,0.0,-0.8889939762113193,405.3607782943066,358.98243354007815,46.37834475422852,4.702623747403152,2.08831878056742,2.614304966835732,NB
frame_kue_1295.82_1295.95,51.335205103890814,0.0,-0.5778049101643155,422.1031821805302,375.8497031632832,46.25347901724706,4.94526914022677,2.2719021081261133,2.673367032100657,NB
frame_na_1295.95_1296.55,47.086724538180135,1.6700000000000728,0.3558825949391198,412.9863199199919,353.92145535542767,59.06486456456423,323.6681153186638,233.1434336145482,90.5246817041156,TB
frame_si_1298.22_1298.3,34.72783930926292,0.0,-0.3913892288346848,425.0954732438397,380.1566147732351,44.9388584706046,36.37729391572182,9.612154461631944,26.76513945408988,NB
frame_da_1298.3_1299.4,14.506392096497962,0.0,9.202279730585817,422.93244207617806,347.7461606129496,75.18628146322845,123.64151887925884,45.96359557583327,77.67792330342557,NB
frame_dZi_1299.4_1299.48,60.79777466408439,1.5299999999999727,-0.651041239034161,408.0416135363832,364.4289111786785,43.612702357704734,3.110458939747005,1.7858788475229517,1.3245800922240534,NB
frame_dZi_1301.01_1301.22,17.749721601647536,0.0,-0.651041239034161,419.6572489293585,372.17477632483553,47.48247260452297,11.54096814994071,4.582697124088639,6.958271025852071,NB
frame_otS_1301.22_1301.28,3.7903644724438834,0.0,-0.8889939762113193,423.3698764648328,378.8069520536909,44.56292441114192,6.995154524268401,2.6637446225747965,4.331409901693604,NB
frame_ta_1301.28_1301.72,14.40555249753831,0.0,2.8559513506666434,422.5199177746771,368.7560566887685,53.76386108590856,109.5770857916084,34.222839437020355,75.35424635458804,NB
frame_wa_1301.72_1301.92,125.80676098287545,0.8799999999998818,0.1635696137318329,420.4624179067591,373.6327582187259,46.82965968803319,489.9375057941761,282.33764726052704,207.59985853364907,NB
frame_tu_1302.8_1302.93,26.911183405351977,0.0,0.3229781292729242,409.1672200132166,363.7563179886871,45.41090202452955,39.25805979435506,17.10591340473954,22.152146389615524,NB
frame_du_1302.93_1303.49,40.32427486817278,0.0,5.212943200490696,420.9082885112786,363.8056316838973,57.1026568273814,50.57701487552589,21.04382053676943,29.53319433875646,NB
frame_u_1303.49_1303.52,31.963793246058287,0.0,-0.5778049101643155,401.61297473116673,359.3070203190629,42.30595441210386,5.465117936285537,2.2745564967521545,3.190561439533383,NB
frame_ki_1303.52_1303.73,41.00538308069696,0.0,1.1665228323651249,419.0941425346599,370.6875288928551,48.406613641804825,52.24245522225005,25.87093136145097,26.371523860799076,NB
frame_e_1303.73_1303.76,94.01447313999384,0.0,-0.8022140844980237,402.2495824086832,359.9277156852104,42.3218667234728,5.539450616086555,2.4226694347661493,3.1167811813204054,NB
frame_zis_1303.76_1304.1,48.93638287898594,0.0,0.1279147915672196,416.4340122695637,364.35456821405694,52.07944405550677,201.87449856441083,78.25968178539884,123.61481677901196,NB
frame_tSi_1304.1_1304.45,17.55071569808544,0.0,3.1139129088611965,418.3435980480364,367.27758811770497,51.06600993033141,178.5259135502,76.1583816915759,102.36753185862408,NB
frame_a_1304.45_1304.49,91.07796561784352,1.410000000000082,-0.7018388017129825,403.4749961743196,361.4260080826601,42.04898809165951,21.802801807232186,12.134140884502642,9.668660922729543,NB
frame_e_1305.9_1306.06,10.96547414680404,0.0,1.0710340870084667,423.5290255464468,377.0330308438258,46.495994702620976,5.374984456183341,3.24603756622102,2.1289468899623216,NB
frame_ra_1306.06_1306.14,15.497557508140943,0.0,-0.6056823111060596,411.9130295257836,368.7804079752747,43.13262155050887,3.8523267546025295,2.0678446253582763,1.7844821292442532,NB
frame_dZi_1306.14_1306.26,12.42752487649102,0.0,0.1279147915642677,420.1470295867184,374.156824094347,45.990205492371445,2.4441743010110883,1.1645307313148692,1.2796435696962192,NB
frame_taw_1306.26_1306.48,18.417738775798227,0.5399999999999636,-0.4133693298987728,421.5092030743949,373.3974816329859,48.11172144140903,7.1821084941740025,3.670068036154589,3.5120404580194133,NB
frame_mO_1307.02_1307.08,32.826883719170525,0.0,-1.364353635500883,419.7624903417175,375.4911938389635,44.27129650275401,9.830035324292936,1.7755079552835582,8.054527369009378,NB
frame_du_1307.08_1307.29,12.50417459466027,0.5099999999999909,1.3524444600549972,415.9943169751292,368.58491671506897,47.40940026006018,42.82295224053823,12.840652056269503,29.982300184268723,NB
frame_no_1307.8_1308.52,21.71039968500557,0.0,-0.8889939762113193,411.9016162558162,349.1430959239599,62.75852033185629,127.41765894324736,39.27432993579927,88.14332900744807,NB
frame_vu_1308.52_1308.58,1.543958440913059,0.0,-0.5778049101643155,402.7549018640733,360.735936798328,42.018965065745306,31.75337649051085,17.792673464950127,13.96070302556072,NB
frame_ki_1308.58_1308.74,23.699651644265032,0.0,0.1279147915642677,425.30210120346015,377.410724331306,47.891376872154126,54.27735219339411,31.236188645635536,23.04116354775857,NB
frame_na~w~_1308.74_1309.13,59.3432222660341,0.0,2.582260969243121,422.2988532353076,368.7640782135837,53.534775021723874,30.636484202343382,11.89225761430015,18.744226588043237,NB
frame_po_1309.13_1309.19,55.542193727677045,0.0,-0.8889939762113193,406.4667586409151,363.4007596563413,43.06599898457375,1.8121925121462823,0.6935331827200457,1.1186593294262366,NB
frame_dZi_1309.19_1309.35,23.737384029856518,0.0,-0.1317372186352085,426.2302537457781,378.5801161755844,47.65013757019364,29.938732965088175,10.87413568304038,19.0645972820478,NB
frame_a_1309.35_1309.42,15.14497693328218,0.0,-0.4133693298965865,413.1681130668782,369.830921411892,43.33719165498627,8.239432196223134,3.46827383500181,4.771158361221325,NB
frame_seX_1309.42_1309.7,2.789078181073677,0.0,-0.5140220581091334,424.55388801458895,373.7458603586219,50.80802765596707,28.90530916061701,15.06623519634519,13.83907396427182,NB
frame_Re_1309.7_1310.05,11.014619844045086,0.0,3.3765702980966545,424.8293679337153,371.638869651092,53.19049828262331,78.79427140498149,33.51766079190739,45.2766106130741,NB
frame_la_1310.05_1310.24,4.077441354388185,0.0,-0.1248998580845631,421.8546981399466,376.13167621271424,45.72302192723237,21.46996615029201,12.004610596790712,9.465355553501295,NB
frame_si_1310.24_1310.42,13.20180403545956,0.0,-0.651041239034161,420.6116016259815,372.8152437033707,47.79635792261087,36.41996196330157,21.395552087218704,15.02440987608287,NB
frame_o_1310.42_1310.53,142.44679741691257,0.0,0.5409892168381849,413.3783502215722,368.8392026726984,44.53914754887381,27.45596332446857,17.555830548525698,9.900132775942872,NB
frame_na_1310.53_1310.81,1.6274355320447,0.0,1.028978029174462,422.92979314545926,371.7387911732703,51.191001972188985,56.16405400165104,21.15005987727534,35.0139941243757,NB
frame_du_1310.81_1310.92,12.38851751318174,0.0,0.065611546577406,410.2264720755408,365.91503996250776,44.31143211303305,2.162283287600673,0.8363518934742444,1.325931394126428,NB
frame_ko~_1310.92_1311.06,18.62644659900505,0.0,-0.4585368458411479,418.1734134453408,374.8390023182548,43.334411127086014,17.917813495848435,9.409660941850037,8.5081525539984,NB
frame_a_1311.06_1311.09,14.02863527749497,0.0,-0.7979952923177192,401.1821513802779,359.4117511169558,41.77040026332208,0.2288098026581622,0.1538406562377758,0.0749691464203863,NB
frame_es_1311.09_1311.37,8.682047990413196,0.0,-0.3699260449163264,409.25169407251576,361.0032309729395,48.24846309957627,32.9954711776378,15.28073543420058,17.714735743437217,NB
frame_pe_1311.37_1311.48,25.142401395251483,0.0,-0.0817340185339889,412.60732369975113,368.7399551351186,43.86736856463256,27.22880913894187,12.85750011198283,14.37130902695904,NB
frame_ri_1311.48_1311.66,13.33876519893724,0.0,0.9068708221656484,422.5485821459455,375.9099576841596,46.63862446178581,46.49390657383603,30.182525265192996,16.311381308643035,NB
frame_e~_1311.66_1311.77,36.54189644825664,0.0,0.1119775805764283,412.67194906880025,368.2010678149464,44.47088125385381,171.41480454873218,62.21973488243015,109.19506966630205,NB
frame_sia_1311.77_1312.0,46.87418526062419,0.1099999999998999,-0.651041239034161,418.6783755524253,370.26748123544337,48.41089431698191,9.823987410218535,5.745243512374429,4.078743897844106,NB
frame_a~_1312.11_1312.14,76.91551588488332,0.0,-0.8088404981456752,402.7747364513981,360.454952281796,42.319784169602144,4.018002192322399,2.1528795771638727,1.8651226151585265,NB
frame_te_1312.14_1312.29,57.60731709220582,0.0,0.3505540210444319,415.5542044401733,371.7335646745694,43.82063976560386,52.73720569930879,23.836730518517243,28.900475180791545,NB
frame_ri_1312.29_1312.39,20.86805648180649,0.0,-0.1317372186322566,424.8862402525512,378.8309155610617,46.05532469148943,2.570735762548225,1.160684796524322,1.410050966023903,NB
frame_oX_1312.39_1312.66,35.74476978757707,0.0,2.864711905547693,420.83342072650873,371.778454913456,49.054965813052775,22.222890154655545,9.630600870273014,12.592289284382533,NB
frame_de_1312.66_1312.77,29.329069614331303,0.0,-0.0817340185339889,413.6400555325616,368.76281173546255,44.87724379709909,1.3281530532598822,0.6933741564209015,0.6347788968389807,NB
frame_si_1312.77_1312.95,51.891662795545145,0.0,-0.651041239034161,409.31497275106886,362.9787571540931,46.33621559697576,10.196326304430812,5.5400718155940325,4.65625448883678,NB
frame_i~_1312.95_1313.22,77.87197608740284,0.0,2.0284841045168864,405.8047027736118,359.21984242416727,46.58486034944457,54.66230437852172,17.33300303508703,37.329301343434686,NB
frame_dZiu_1313.22_1313.53,58.07436471022251,0.0,1.8156528578638156,408.1713889811022,360.1850902390628,47.98629874203948,8.359916109337405,4.822106962847656,3.537809146489749,NB
frame_sEX_1313.53_1314.4,13.765231077033462,0.0,1.1911066447566798,422.5402452614222,356.1424520582432,66.39779320317905,166.26567203164322,36.79895511654786,129.46671691509536,TB
frame_tu_1314.4_1315.18,26.290022386321056,1.0299999999999727,8.687392066883119,407.4629378145453,343.43588095992266,64.02705685462269,200.1705743264262,107.78383393320333,92.38674039322288,NB
frame_kEX_1316.21_1316.4,21.00958591321219,0.0,-0.2818649312027908,424.9597547450761,376.2632555247859,48.69649922029021,9.482159381549875,6.099066740344057,3.3830926412058204,NB
frame_dZi_1316.4_1316.46,13.480343533007584,0.0,-0.651041239034161,419.9035916926287,375.6247706698484,44.27882102278022,14.895678197785628,8.657414637030854,6.238263560754774,NB
frame_zeX_1316.46_1316.55,15.336988054091591,0.0,-0.8022140844980237,414.0257042957096,371.2099166080448,42.81578768766485,15.631093782413757,11.402414711448102,4.228679070965654,NB
frame_i~_1316.55_1316.58,12.675682511815552,0.0,-0.9029056157674582,410.9617081737892,368.0558886362708,42.905819537518425,30.79082046301676,3.5797240666479127,27.211096396368845,NB
frame_ma_1316.58_1316.77,0.3240885724734994,0.0,0.3558825949413061,420.9781936189637,374.2913854313085,46.68680818765517,14.26579678600106,5.19181949018278,9.07397729581828,NB
frame_Zi~_1316.77_1316.98,24.639293887906348,0.0,0.4406480060310374,414.36533929202665,366.6535205560555,47.71181873597112,35.9386914745385,13.334761382382853,22.60393009215565,NB
frame_ni_1316.98_1317.07,18.068596088100374,0.0,-0.2615632237349466,412.9772100028646,369.7326203731299,43.24458962973466,23.385829457199065,15.593106568512212,7.792722888686853,NB
frame_ki_1317.07_1317.17,9.296826906857888,0.0,-0.3913892288317329,419.2388063105734,374.2960158113627,44.94279049921073,16.871817477219736,6.46142270306575,10.410394774153986,NB
frame_e_1317.17_1317.2,3.683250545576129,0.0,-0.8022140844980237,407.4880975945696,363.9143311198279,43.57376647474172,0.2766040063600599,0.1721119986366943,0.1044920077233655,NB
frame_li_1317.2_1317.32,99.62713045753333,0.0,-0.0019112135354704,413.11738533619706,367.8349715436469,45.28241379255019,152.78123485889043,89.39253337573614,63.38870148315429,NB
frame_vi_1317.32_1317.49,6.058233643878708,0.0,0.387566801763744,417.0217669371573,371.67991700301263,45.34184993414471,25.29608383774428,9.488220802180876,15.8078630355634,NB
frame_si_1317.49_1317.55,90.4265217046372,0.1400000000001,-0.651041239034161,420.1051791357619,377.4558879397971,42.64929119596485,16.667054011134155,9.282560482088286,7.384493529045869,NB
frame_pe_1317.69_1317.78,17.31001464086495,0.0,-0.3699260449196028,422.1559288032751,377.0800506981691,45.07587810510603,3.332633479138565,1.879583294454335,1.45305018468423,NB
frame_la_1317.78_1317.9,12.961377643759874,0.0,-0.2210563486871133,414.9646503239171,370.26521622325777,44.69943410065935,6.383351223916776,2.009184338466895,4.374166885449881,NB
frame_pri~_1317.9_1318.01,11.663910521253996,0.0,-0.7807643774223929,416.134203839515,370.4983087609959,45.63589507851913,4.975282021139293,1.866947951312227,3.108334069827066,NB
frame_mej_1318.01_1318.24,13.373793996574818,0.0,0.6387460474333222,420.4920957467259,371.9205104659763,48.571585280749616,23.22702422641106,8.29376174741742,14.93326247899364,NB
frame_ra_1318.24_1318.3,7.868555211901224,0.0,-0.7979952923177192,418.5089495851448,376.1293938331481,42.37955575199669,6.752645383284516,1.6564472637412848,5.096198119543232,NB
frame_vejs_1318.3_1318.47,1.811208935473843,0.0,-0.3699260449163264,418.4661526633965,371.6939902434328,46.77216241996365,13.899247806327054,6.873310674498185,7.025937131828869,NB
frame_a_1318.47_1318.5,9.142607890993672,0.0,-0.7979952923177192,405.89470297890256,363.665156070805,42.229546908097575,0.4795283984115599,0.2399836309847387,0.2395447674268211,NB
frame_lo_1318.5_1318.7,9.624841178048824,0.0,0.8984850151046252,419.9219794255178,372.2373909470251,47.684588478492685,10.720559893148303,4.260200941849462,6.460358951298844,NB
frame_ko_1318.7_1318.79,10.449274854852716,0.0,-0.5314981779489433,408.45743825040233,366.1375929268895,42.31984532351282,7.476984806171998,2.624048513008546,4.852936293163452,NB
frame_mo_1318.79_1319.03,24.4505735705778,0.0,1.9709724098917532,416.5946033445669,368.4444004686649,48.150202875901925,6.942419817825737,3.6575613949192975,3.2848584229064386,NB
frame_tSi_1319.03_1319.24,4.3195347848843255,0.0,0.517392806866434,412.7962132669413,366.92777523974416,45.86843802719716,165.23392007176363,109.87504621198158,55.35887385978205,NB
frame_va_1319.24_1319.51,95.2762571908956,1.759999999999991,0.3558825949413061,413.2308810876385,363.4883981836832,49.742482903955306,44.64326452011379,21.89084689673541,22.752417623378378,TB
frame_a_1321.27_1321.32,2.5545791952467027,0.0,-0.605682311108246,415.2933559222533,371.6270823521272,43.66627357012618,69.12377183545756,34.90751425221774,34.21625758323982,NB
frame_kE_1321.32_1321.4,6.164208106358217,0.0,-0.969251666647269,418.7044832317406,375.7247907291371,42.97969250260349,1.7536327282141144,0.6185320579124323,1.1351006703016822,NB
frame_la_1321.4_1321.53,5.368058305635373,0.0,-0.1248998580845631,417.1182609537991,372.4475236701789,44.67073728362016,1.962838788049169,0.7054044913583084,1.2574342966908605,NB
frame_koj_1321.53_1321.66,1.4174272595114985,0.0,-0.5314981779489433,420.8799551430811,375.0966416107638,45.78331353231727,9.31893663888252,4.009966522309355,5.308970116573164,NB
frame_za_1321.66_1321.77,0.5533532296377928,0.0,-0.7979952923177192,416.1379089401695,371.5474769121397,44.5904320280298,4.216224401403167,1.978544223230131,2.2376801781730364,NB
frame_i~_1321.77_1321.88,2.586975435689652,0.0,0.0742242909958414,413.3465948470716,368.7954026503651,44.551192196706495,14.473885505168226,9.034543361616985,5.439342143551244,NB
frame_me~_1321.88_1322.04,30.10312631753453,0.0,0.3497678096021047,416.5656877503186,371.4287419911448,45.13694575917384,5.270800453540744,2.4593824359276937,2.8114180176130503,NB
frame_sa_1322.04_1322.15,10.358742014885138,0.0,-0.7979952923155328,412.0056677641069,369.739551951046,42.266115813060935,12.94383445090034,7.1840925427389095,5.759741908161431,NB
frame_ki_1322.15_1322.23,94.95721174695991,0.0,-0.3913892288346848,405.5962431494271,362.3222541541929,43.27398899523416,0.2138312088444607,0.0803189467610323,0.1335122620834283,NB
frame_si_1322.23_1322.47,22.46812576113413,0.0,-0.651041239034161,412.990595648188,365.00713616985087,47.98345947833712,2.082210880618632,0.7644389664822029,1.3177719141364292,NB
frame_mo_1322.47_1322.65,39.1265178416522,0.0,0.3622413177110611,416.6811642700911,370.18215030568376,46.49901396440731,27.19816582317823,14.483667370326188,12.71449845285204,NB
frame_vi_1322.65_1322.71,93.0425646331573,0.0,-0.651041239034161,404.2385658706108,363.7931226952579,40.445443175352864,3.6107075901182455,1.9414666468063189,1.6692409433119266,NB
frame_ko~_1322.71_1323.02,93.56628764061335,0.599999999999909,1.4408053497259223,403.8828967891832,354.93849496874134,48.94440182044184,1.0420463547795509,0.4180177355610794,0.6240286192184712,TB
frame_ki_1323.62_1323.68,77.8364685567413,0.0,-0.651041239034161,421.1225319589937,376.8118035412192,44.31072841777444,10.13176276087961,2.993962967266384,7.137799793613226,NB
frame_e_1323.68_1323.71,52.79170154262593,0.0,-0.8022140844980237,408.1463395466774,365.331028860287,42.81531068639043,6.194978389884625,4.044489655852857,2.150488734031768,NB
frame_li_1323.71_1323.8,49.06284871887152,0.0,-0.2615632237349466,412.3813548317683,367.7360461360384,44.645308695729966,4.744851182548217,2.3176218463202645,2.4272293362279527,NB
frame_Re_1323.8_1323.91,10.910643652134382,0.0,-0.3699260449163264,420.3273985461054,375.0377689494784,45.28962959662704,27.12202007579262,15.904553136752924,11.217466939039696,NB
frame_la_1323.91_1324.05,65.54615398590504,0.0,-0.2210563486892997,412.9620645795573,368.1993670014814,44.76269757807586,71.92669494305646,32.043924582835686,39.882770360220775,NB
frame_si_1324.05_1324.22,60.68104330043248,0.0,-0.651041239034161,413.8159036091396,367.0206857387303,46.79521787040932,4.885340406264689,3.0807008999295817,1.804639506335107,NB
frame_o~_1324.22_1324.26,75.71606869664866,0.0,-0.9583637394108316,404.509085223944,362.3749643624095,42.13412086153448,2.690366202090061,1.464937402351282,1.2254287997387792,NB
frame_na_1324.26_1324.4,50.03450894313468,0.0,-0.2210563486871133,408.4239823318807,364.34686313192447,44.07711919995626,6.426221621202913,2.9580797552552127,3.4681418659477004,TB
frame_ko~_1324.4_1324.47,14.91499676583166,0.0,-1.0583291181247685,415.7212630843087,372.2081845742492,43.51307851005947,12.710081201382224,8.208058774826867,4.502022426555357,NB
frame_na_1324.47_1324.7,33.819676923189064,0.0,-0.0287433674776401,418.418641995388,370.5432947392656,47.87534725612255,69.11207508300865,21.57318977558052,47.53888530742813,NB
frame_da_1324.7_1324.82,83.08430173102634,0.0,-0.2210563486892997,408.805524087888,364.57746082642007,44.22806326146798,107.20400444611025,72.28089307275486,34.92311137335537,NB
frame_dZi_1324.82_1324.89,112.00769267942894,0.0,-0.5212152339314711,409.4343778826861,366.1619342461106,43.27244363657553,12.918444219145158,7.619223518153376,5.299220700991782,NB
frame_pre_1324.89_1325.02,55.892535757664206,0.0,-0.5140220581124098,417.6085804590039,371.627627768556,45.98095269044785,11.258414544269783,4.874132039633338,6.384282504636445,NB
frame_si_1325.02_1325.19,12.10481255738702,0.0,-0.651041239034161,410.41602901667216,364.1752308861395,46.24079813053265,130.74300178038516,74.13355489934534,56.6094468810398,NB
frame_zu_1325.19_1325.3,95.30511422784868,0.4700000000000273,-0.5778049101643155,403.9353643179033,361.12023201302327,42.81513230488002,79.34596988263135,53.02582187725295,26.3201480053784,TB
frame_a_1325.77_1325.85,0.2445859747455472,0.0,-0.3172128392940362,419.0905116735464,374.0261129873792,45.06439868616718,2.196559245296271,1.0786363799072092,1.1179228653890618,NB
frame_ma_1325.85_1326.18,43.6984309422113,0.0,0.836665047964989,419.7774683315204,369.4021400461868,50.37532828533358,66.72395188486806,17.59659543792,49.127356446948056,NB
frame_ki~_1326.18_1326.29,54.35236549454747,0.0,-0.7807643774223929,417.1009853240722,371.6186366916373,45.48234863243499,109.54248999817273,72.99626834624202,36.54622165193071,NB
frame_na_1326.29_1326.6,107.32031262920094,0.0,1.2212910103839354,418.78719905650985,366.811395071559,51.97580398495086,201.53387076683828,55.457070340589325,146.07680042624895,NB
frame_E_1326.6_1326.69,12.12724214318004,0.0,-0.3800630362643739,422.23611716596974,377.067070714863,45.16904645110668,2.0106655694437734,1.0736376178656712,0.937027951578102,NB
frame_u~_1326.69_1326.78,6.595820784387115,0.0,-0.2425722908971477,413.0556680447216,369.12871131761176,43.92695672710988,6.643429702985287,4.641442974251419,2.0019867287338684,NB
frame_u_1326.78_1326.81,10.007989529863323,0.0,-0.5778049101643155,406.5418705574098,364.260027275793,42.28184328161683,9.017394673843569,5.89065322755485,3.126741446288719,NB
frame_ni_1326.81_1326.93,11.477874371934403,0.0,0.1279147915672196,418.38142672635934,372.3223619985257,46.059064727833686,3.6524189850831874,1.3179251636869935,2.334493821396194,NB
frame_vEX_1326.93_1327.13,13.125317592626288,0.0,-0.4782611413304225,419.9580218724393,374.1452379113721,45.812783961067225,3.547117480637212,1.4777492126827383,2.0693682679544736,NB
frame_su_1327.13_1327.2,54.27141853072855,0.0,-0.5778049101643155,408.1119932871337,366.15727610197166,41.95471718516205,57.69211617442825,33.92076494357035,23.771351230857903,NB
frame_es_1327.2_1327.41,96.0474865847819,0.0,-0.8022140844980237,419.2361856555583,371.8544287747423,47.381756880816,2.644186441442116,0.5229391690061789,2.121247272435937,NB
frame_tra~_1327.41_1327.53,23.35082279281616,0.0,-0.5375523807576557,422.4801154943793,377.621473266716,44.85864222766327,6.065870365043082,2.0878591087056293,3.978011256337453,NB
frame_Ju_1327.53_1327.67,135.48153902107015,0.0,-0.5778049101643155,414.4984490080122,368.9791101609632,45.51933884704903,342.8884160597529,185.1730254206659,157.715390639087,NB
frame_a_1327.67_1327.71,64.964163892355,0.0,-0.7018388017129825,412.2447303842599,369.2049200931758,43.03981029108405,4.790990378069736,2.528010445605517,2.2629799324642192,NB
frame_e_1327.71_1327.89,85.4614032807732,0.0,1.3592261133973569,408.01017570725793,363.07170178575205,44.938473921505874,11.09129806132151,7.966108012619898,3.1251900487016115,NB
frame_li_1327.89_1328.01,89.22951561840193,0.7599999999999909,-0.2615632237349466,400.4410971521419,359.70470111420593,40.73639603793595,79.37543697372722,57.28053512110722,22.09490185262,TB
frame_majs_1328.77_1328.97,25.65329868175968,0.0,-0.4133693298965865,424.04894592409937,376.81421670555926,47.23472921854011,60.05791620019596,39.167025378726606,20.890890821469355,NB
frame_e_1328.97_1329.03,50.90001843067577,0.0,-0.3699260449196028,416.8488259969938,374.0917941961849,42.75703180080893,1.226179166191514,0.4783657512758168,0.7478134149156972,NB
frame_li_1329.03_1329.13,38.01505904422706,0.0,-0.2615632237319947,415.7935387147349,372.3593839657568,43.43415474897808,3.313636068146053,1.6505633095500514,1.6630727585960017,NB
frame_viw_1329.13_1329.3,45.7773434512043,0.0,-0.2615632237349466,419.731999447491,373.2158645861919,46.51613486129912,22.969064436223874,5.768043750113577,17.201020686110297,NB
frame_u~_1329.3_1329.43,55.62473661879983,0.0,-0.0641725637288148,415.7212849838474,371.04071613807713,44.68056884577027,6.873325102929385,3.5237137215857217,3.349611381343664,NB
frame_i~_1329.43_1329.55,41.71730648674514,0.0,0.1963655293381296,415.148840628445,369.0239409752702,46.12489965317485,16.617468081872175,8.756237550722915,7.8612305311492605,NB
frame_dZi_1329.55_1329.73,12.58205761786013,0.0,0.9068708221656484,420.2187774379479,372.6384188330791,47.58035860486882,47.9027151258218,26.86271445650806,21.04000066931374,NB
frame_vi_1329.73_1329.89,61.90168543142376,0.0,0.6472188119661721,418.60680454847727,372.1889772774496,46.4178272710277,152.9235016596185,76.40907507170714,76.51442658791137,NB
frame_duu_1329.89_1329.95,7.748249977708383,0.0,-0.5778049101643155,402.6253090063756,361.2701651324794,41.35514387389623,41.660373903693255,13.743308506117472,27.917065397575783,NB
frame_su_1329.95_1329.98,4.050664214572748,0.0,-0.5778049101643155,392.2807710058728,350.8081731687394,41.47259783713332,5.0252688793679,2.830707194255353,2.1945616851125465,NB
frame_bi~_1329.98_1330.41,15.819219786654116,0.0,-0.3204383274687972,421.2892735391527,365.40600257987694,55.883270959275706,178.62373095255455,57.14299280602009,121.48073814653446,NB
frame_du_1330.41_1330.48,20.542714750016582,0.0,-0.4491216188165563,412.34609438674937,369.7066821849173,42.639412201832045,2.379081870263434,0.6743712741605066,1.7047105961029274,NB
frame_nu~_1330.48_1330.72,19.810360099451746,0.0,0.1588270952303337,416.8490867492215,368.7020451649717,48.14704158424979,11.220843861211108,7.058847115527868,4.16199674568324,NB
frame_pOs_1330.72_1330.96,13.0913837322297,0.0,0.0664525362810127,419.0790750356314,371.3509325993286,47.72814243630279,9.914178035919406,2.9759005377862597,6.9382774981331465,NB
frame_tSi_1330.96_1331.03,48.20881161953241,0.0,-0.5212152339344229,408.4494308596013,366.4180472494015,42.031383610199725,189.49103781291296,126.10080523323856,63.3902325796744,NB
frame_dZi_1331.03_1331.1,3.777180355531897,0.0,-0.651041239034161,409.3439414584184,368.171257363151,41.17268409526741,4.419339449255091,3.3183473952050235,1.1009920540500673,NB
frame_u~_1331.1_1331.13,128.69638152113802,0.0,-0.510171881647112,404.12100501036247,361.1690655649885,42.95193944537402,0.8468270248277747,0.3659300580407816,0.4808969667869931,NB
frame_ma_1331.13_1331.21,9.768083303891984,0.0,-0.7979952923177192,419.2311259724521,375.0055714422296,44.225554530222496,1.5485456670619726,0.5470100953764074,1.0015355716855652,NB
frame_ma_1331.21_1331.28,13.332955533602188,0.0,-0.7018388017129825,412.3444429042841,370.1941874278649,42.15025547641915,3.697682534061784,2.1543613367103944,1.5433211973513892,NB
frame_nej_1331.28_1331.38,14.890004269289449,0.0,-0.6581180713052167,415.2751461267231,371.07879841384414,44.19634771287895,3.6659109944990576,1.26221088847754,2.403700106021517,NB
frame_ra_1331.38_1331.44,70.87948641027687,0.0,-0.7979952923177192,409.5846742712538,367.970792172163,41.6138820990908,0.49035259394293,0.3181208868982281,0.1722317070447019,NB
frame_muj~_1331.44_1331.61,8.626725548238142,0.0,-0.5778049101643155,408.4213300783955,363.6957872304116,44.72554284798383,8.021498205473222,4.847985445127563,3.173512760345659,NB
frame_tu_1331.61_1331.66,7.578863747372935,0.0,-0.5778049101643155,398.4899532432248,356.4462885899,42.043664653324754,9.916104171667628,3.870937913234116,6.045166258433511,NB
frame_fa_1331.66_1331.88,344.5923305205532,0.0,0.2597261043365695,418.8126762506621,371.21002069238114,47.60265555828096,616.6568848049033,232.67573205072824,383.981152754175,NB
frame_siw_1331.88_1332.07,62.66240141887157,0.0,-0.3913892288346848,419.82147535764375,371.6753779783365,48.14609737930721,33.1676633930708,14.501360898978715,18.66630249409208,TB
frame_O_1332.07_1332.19,431.1596730346992,0.0,-0.3737955165741852,419.5433632231132,374.3512095397268,45.19215368338632,60.11404713426828,38.54874514585652,21.56530198841176,NB
frame_ra_1332.19_1332.31,334.0118900996081,0.7300000000000182,-0.2210563486892997,408.16877813113615,363.7556370982812,44.41314103285498,523.4465784247132,133.61140926324458,389.8351691614685,NB
frame_e~j~_1333.04_1333.21,50.10164261008997,0.0,-0.4824979919877624,421.6961187219809,373.5954600575899,48.100658664391005,98.15483693909736,26.98322901972212,71.17160791937525,NB
frame_to_1333.21_1333.36,45.41413605971914,0.0,0.1834934185758088,424.36239185043496,378.1502806614305,46.21211118900448,7.416030662142532,3.7803663771110223,3.6356642850315097,NB
frame_da_1333.36_1333.42,32.25545971561547,0.0,-0.7979952923177192,414.3418120873865,372.1484082552074,42.19340383217906,21.33446102218141,14.037138614500464,7.297322407680951,NB
frame_Es_1333.42_1333.54,30.6862443943717,0.0,-0.77285545652187,417.0619090395311,371.4411629120792,45.620746127451866,36.71138559234498,13.695575999043257,23.015809593301725,NB
frame_ta_1333.54_1333.65,14.84860024598811,0.0,-0.4133693298965865,416.1867475884082,371.9738859009711,44.21286168743711,6.839708353142299,4.605328082363712,2.234380270778587,NB
frame_Re_1333.65_1333.78,28.946352777528148,0.0,-0.0817340185339889,417.12939577435634,371.66473563062937,45.464660143726974,11.3578128255985,6.239109737265267,5.118703088333234,NB
frame_Zi_1333.78_1333.96,17.89179236054386,0.0,-0.5212152339344229,421.1686896595074,373.25742961883736,47.91126004067007,40.16880983843575,19.473964828981963,20.694845009453783,NB
frame_a~w~_1333.96_1334.11,8.542920684738135,0.0,-0.5375523807576557,413.2100062908106,369.9628759723083,43.247130318502286,23.84762433595833,9.88696844765775,13.96065588830058,NB
frame_ujs_1334.11_1334.22,14.644042529227676,0.0,-0.5778049101613896,405.3661739813163,362.5821311472001,42.78404283411624,21.941297082971147,8.645153881464267,13.29614320150688,NB
frame_i~_1334.22_1334.25,9.138245306026365,0.0,-0.9029056157674582,403.3169728900798,361.1873181650312,42.129654725048624,14.203284856958248,3.462396846333064,10.740888010625184,NB
frame_dZius_1334.25_1334.52,8.39869316194563,0.0,0.6472188119661721,413.7113680988384,364.575973522257,49.13539457658135,23.286675100656936,12.672285433958734,10.614389666698202,NB
frame_so_1334.52_1334.83,8.336419757742306,0.0,0.719737115969373,422.0493273438808,371.7947504323116,50.254576911569245,21.153217100979845,11.954350867423273,9.198866233556572,NB
frame_be~j~_1334.83_1334.93,49.61270014855042,0.0,-0.8391833355235736,413.2187504645033,369.2980754806419,43.92067498386143,17.490255588654804,9.7162572947269,7.773998293927903,NB
frame_e~j~_1334.93_1335.04,73.27108783037913,0.0,-0.3636028774749243,406.201298570722,363.09489083354833,43.1064077371737,48.25500381282538,13.667328939059177,34.587674873766204,NB
frame_seX_1335.04_1335.3,51.30926364838368,0.0,-0.5140220581124098,420.76858933454696,370.2971787356627,50.47141059888423,404.5461762057047,279.2493544911332,125.29682171457144,NB
frame_tas_1335.3_1335.51,54.15224395939214,0.0,-0.509525820501323,416.5793019436507,369.4985605166585,47.08074142699218,49.5680636013912,16.187165832477262,33.38089776891394,NB
frame_aR_1335.51_1335.79,27.29934290889537,0.0,1.317447500988672,416.8319394470267,368.8344470431215,47.9974924039052,7.69443757671263,2.47022780728679,5.2242097694258405,NB
frame_vo_1335.79_1335.88,83.47971121391399,0.0,-0.3527502788136909,407.1442114203633,363.6166541784294,43.52755724193389,101.09271912053993,57.73873086444232,43.3539882560976,NB
frame_ris_1335.88_1336.26,68.37416488211935,1.0399999999999636,-0.651041239034161,402.41922317512433,350.61059872656176,51.80862444856257,431.17515006842257,238.66101703440737,192.51413303401523,NB
frame_poX_1337.3_1337.42,5.003492036686026,0.0,-0.710246077076067,419.5278837854536,376.7223305358036,42.80555324965008,11.175289556027195,3.090801142703924,8.084488413323271,NB
frame_e_1337.42_1337.51,61.37024050494641,0.0,0.062361994658818,412.8709678841578,369.1088374638212,43.76213042033663,1.763486509507004,0.920418989872516,0.8430675196344879,NB
frame_ze~_1337.51_1337.75,2.1918302627942694,0.0,-0.0069175339364098,417.60796233561246,369.4404271512286,48.16753518438384,10.214730465094236,5.109455068847637,5.105275396246597,NB
frame_plu_1337.75_1338.07,22.269748458603857,1.0700000000001637,0.7090280033132756,416.5202156473874,364.7314562467245,51.78875940066291,46.40466175353234,22.936144660321688,23.46851709321065,NB
frame_seX_1339.14_1339.37,4.629626721250617,0.0,-0.0817340185339889,424.62401882129046,375.2525104266802,49.37150839461026,6.524421616535761,4.279385152700115,2.245036463835646,NB
frame_tas_1339.37_1339.67,3.645167654568724,0.0,-0.5095258205035094,420.4106240887575,368.5226318669701,51.88799222178744,125.86113235278724,88.08488277204202,37.776249580745215,NB
frame_foR_1339.67_1339.92,4.892111242029131,0.0,1.434728712494125,422.0388193874874,374.4499291090348,47.5888902784526,4.313976024200571,2.601507500022791,1.7124685241777795,NB
frame_mas_1339.92_1340.27,36.85726145148317,0.0,-0.0287433674798265,416.9615900900576,363.7385921229911,53.22299796706648,21.90449970202596,12.304286487747248,9.60021321427871,NB
frame_dZi_1340.27_1340.38,28.046332514387583,0.0,-0.1317372186322566,415.43435768027007,373.05893197899314,42.37542570127693,8.698248769927815,5.070186734032816,3.628062035894999,NB
frame_a_1340.38_1340.57,25.72878456955138,0.0,0.7405085573580661,415.64052018768825,369.5897631093948,46.050757078293486,2.1925237754012272,1.477979394890781,0.7145443805104463,NB
frame_seX_1340.57_1340.95,75.22882795358315,0.3999999999998636,-0.8022140844980237,410.05481325652585,358.6263251427205,51.42848811380537,1.1052976953634186,0.7459629834181243,0.3593347119452943,NB
frame_dZi_1341.35_1341.59,89.08724882558074,0.4700000000000273,1.685826852761125,407.0748569445824,359.659870770296,47.41498617428641,6.723030900982849,4.220497672515819,2.50253322846703,NB
frame_Sa_1342.06_1342.17,0.86571954013111,0.0,-0.7018388017129825,415.0524943020986,371.3903456692969,43.66214863280169,5.13007600211516,2.9242728005804963,2.205803201534664,NB
frame_ma_1342.17_1342.28,0.8625820044359926,0.0,-0.605682311108246,417.1008181546584,372.4475535155607,44.6532646390977,3.5982539664225754,1.95802457731682,1.640229389105755,NB
frame_zi_1342.28_1342.57,10.399188652901344,0.0,-0.651041239034161,418.1372946001118,366.9741296390665,51.16316496104531,8.720463638612799,4.629111413751815,4.091352224860984,NB
frame_e~j~_1342.57_1342.74,57.32831509741832,0.3299999999999272,-0.839183335526277,406.0400145557224,360.2199484338741,45.8200661218483,0.9469514612517642,0.3746572381853141,0.5722942230664501,NB
frame_poX_1343.07_1343.22,40.79197445028041,0.0,-0.3527502788136909,413.7705520289341,368.355157800392,45.41539422854203,37.780702418249774,14.27676513929481,23.503937278954965,NB
frame_tu_1343.22_1343.29,53.94160078900369,0.0,-0.4491216188165563,411.3274328939152,367.881868701904,43.44556419201126,16.496308111642605,7.977729759703337,8.518578351939269,NB
frame_g_1343.29_1343.36,13.997532218778588,0.0,0.0,421.2919030814619,377.9009571507891,43.39094593067279,3.0605061429376974,1.0072312499083012,2.0532748930293963,NB
frame_ejs_1343.36_1343.51,15.70819533708297,0.0,-0.3699260449163264,410.00354599002833,366.4622401476518,43.54130584237652,13.326634983686064,8.88575946360146,4.440875520084603,NB
frame_Sa_1343.51_1343.57,17.925748747753858,0.0,-0.7979952923177192,410.33091890481097,368.57787710100575,41.75304180380522,3.6125698302483897,2.1610395991327778,1.451530231115612,NB
frame_ma_1343.57_1343.65,18.08464890843203,0.0,-0.7018388017107962,405.65601374342697,362.6004562952368,43.05555744819014,7.383143301229865,3.0028035139499423,4.380339787279922,NB
frame_zi_1343.65_1343.89,72.05175025211877,0.0,0.9068708221656484,416.73081788945336,366.9918828250517,49.73893506440163,94.7518842291236,50.98404854688398,43.76783568223961,NB
frame_boR_1343.89_1344.16,20.285992053278704,0.0,1.9709724098917532,420.6328393018815,371.0041746051616,49.628664696719966,169.00747675409042,96.32868147806327,72.67879527602712,NB
frame_du_1344.16_1344.35,70.25654469249976,0.0,1.095077877356553,409.8949320684831,362.60377555026525,47.29115651821786,70.85100162622517,33.49687727565929,37.35412435056588,NB
frame_pa_1344.35_1344.47,78.55687726038924,0.0,-0.2210563486892997,410.0622507693374,365.8266556831583,44.23559508617916,6.13060282488253,2.6628027495190025,3.4678000753635274,NB
frame_re_1344.47_1344.53,79.15782014534518,0.0,-0.8022140844980237,401.1692132226685,358.648194353226,42.52101886944257,14.556557028823336,4.51525220630684,10.041304822516494,NB
frame_si_1344.53_1344.77,19.29656851219218,0.1600000000000818,-0.651041239034161,405.6426581542416,358.6816414689586,46.96101668528297,157.22585195822398,87.69883988397575,69.52701207424823,TB
frame_E_1344.93_1345.0,14.980442376837232,0.0,-0.5764592463942384,415.1777616623175,371.4503766104556,43.72738505186186,4.45734341617154,3.0491762828125104,1.408167133359029,NB
frame_u~_1345.0_1345.03,12.959499057283525,0.0,-0.5101718816481261,407.8032590912443,364.71009685331546,43.09316223792882,2.856653504464532,0.7610484023578294,2.0956051021067026,NB
frame_ma_1345.03_1345.26,0.7383097642374423,0.0,0.5481955761507793,418.17403846230206,369.421202192447,48.75283626985504,8.089910114249193,4.319956805099025,3.769953309150168,NB
frame_pla~_1345.26_1345.55,24.009751146105543,0.0,1.3614644409831542,423.0679911649329,373.6165709509781,49.451420213954805,118.71238430879148,19.846865305045213,98.86551900374626,NB
frame_ta_1345.55_1345.68,3.44671748352863,0.0,-0.1248998580823767,411.056493401904,365.29226703636726,45.76422636553673,179.79083165268352,134.92897901499484,44.861852637688685,NB
frame_ki_1345.68_1345.8,111.3121883256816,0.0,0.1279147915642677,414.9617146799232,368.74861105046193,46.213103629461216,0.7523731714088129,0.5079703111316434,0.2444028602771695,NB
frame_da_1345.8_1345.97,17.169111436628725,0.0,-0.0287433674776401,419.3258051791895,372.78207937328057,46.54372580590888,6.795771033150999,3.306979336845842,3.4887916963051566,NB
frame_u~_1345.97_1346.02,27.641648553258648,0.0,-0.4209720180644666,413.00028236353535,370.9427062575522,42.05757610598306,12.13570762178955,6.898096405358785,5.237611216430764,NB
frame_ma_1346.02_1346.15,44.65035518919146,0.0,-0.3172128392918499,407.6262218576073,363.4247359966113,44.201485860996,198.89230594157144,150.28016033742983,48.612145604141645,NB
frame_sej_1346.15_1346.56,113.062969690502,0.0,-0.5140220581124098,420.607406301008,367.5388763096031,53.06852999140489,183.8760257708861,88.61518879994401,95.26083697094208,NB
frame_va_1346.56_1346.66,40.80337084146471,0.0,-0.7979952923177192,416.1293938579772,373.73771050941343,42.391683348563845,9.32758188722822,5.256704545336859,4.070877341891361,NB
frame_a_1346.66_1346.7,36.11044931684849,0.0,-0.7018388017129825,401.7937726311428,360.525478084292,41.268294546850825,8.46117421999719,4.059088911029093,4.402085308968097,NB
frame_su_1346.7_1346.91,39.02362108608948,0.0,-0.5778049101643155,415.4489818510239,367.907343911886,47.5416379391379,9.907143798416044,3.3336008667596246,6.573542931656419,NB
frame_ka_1346.91_1347.04,53.597853658364045,0.0,-0.3172128392940362,413.5659583332816,371.1951345657843,42.37082376749737,6.525950661621579,3.917817989841325,2.608132671780254,NB
frame_ra_1347.04_1347.27,4.816953993875472,0.0,0.836665047964989,417.8293908314174,369.48173875244737,48.34765207897004,10.768272717863852,3.497998819519978,7.2702738983438735,NB
frame_da_1347.27_1347.39,81.94704989665044,0.5799999999999272,-0.2210563486871133,405.2753025517979,361.8380741493663,43.43722840243163,62.875563866073,39.01903082375186,23.85653304232114,NB
frame_da_1347.97_1348.15,12.902563248899952,0.0,0.2597261043365695,420.6453492704305,373.76777058320033,46.87757868723014,41.82638634124628,28.47666559435297,13.349720746893311,NB
frame_kwaw_1348.15_1348.22,7.802527684761173,0.0,-0.5778049101643155,421.1021279178226,377.3273289018309,43.77479901599162,3.646298027968527,0.9287112032037612,2.7175868247647657,NB
frame_si_1348.22_1348.48,75.19805153544883,0.0,-0.605682311108246,420.6101143795812,370.88747520993456,49.72263916964658,492.498662916697,347.8181163926314,144.68054652406562,NB
frame_fajs_1348.48_1348.71,9.176795056418795,0.0,-0.0287433674798265,418.7800624074014,371.3698798052849,47.41018260211644,4.224220773904648,2.357327896491938,1.8668928774127096,NB
frame_u~_1348.71_1348.74,404.746975224332,0.0,-0.5101718816481261,406.9083416677893,364.6363796883656,42.271961979423736,52.24343597207951,26.62001148043464,25.62342449164487,NB
frame_ma_1348.74_1348.91,31.608061217471946,0.0,0.0674131231270964,415.5672620181774,368.8419063353634,46.72535568281393,15.25644550992078,7.796360153921213,7.460085355999567,NB
frame_Ra_1348.91_1349.15,121.00671783754947,0.0,0.5481955761507793,421.28473367863614,372.95722604820094,48.32750763043521,475.593397137305,352.6818688294417,122.91152830786328,NB
frame_pa_1349.15_1349.35,61.14501821955062,0.0,0.5481955761485929,413.9337715622446,367.714716433454,46.219055128790615,69.91778067364694,38.43319475061702,31.484585923029925,NB
frame_du_1349.35_1349.47,64.48543062064061,0.0,0.1942948379222392,419.52746060855486,374.7254487753329,44.80201183322197,292.45453204913935,235.44163596608544,57.0128960830539,NB
frame_ra_1349.47_1349.6,260.43924409380554,0.0,-0.1248998580845631,412.1140150181574,366.2369536838473,45.8770613343101,43.21876407330484,13.012998746015398,30.20576532728944,NB
frame_ki_1349.6_1349.67,33.140667877548054,0.0,-0.5212152339344229,409.4801195115877,367.0098146842914,42.47030482729616,3.8688946077825648,1.3112271229682193,2.557667484814345,NB
frame_a_1349.67_1349.7,362.976217898182,0.0,-0.7979952923177192,409.3137790191852,366.8887835682767,42.424995450908455,3.9104301403667705,1.889562635792288,2.0208675045744826,NB
frame_li_1349.7_1349.77,7.01765575619163,0.0,-0.5212152339344229,421.0754982112731,377.7949373256267,43.28056088564642,3.981040305104642,0.9116528947271548,3.0693874103774874,NB
frame_ajs_1349.77_1349.89,11.880649671198483,0.0,-0.5095258205035094,417.76243879793066,373.4880168002658,44.27442199766483,12.051130195078912,3.560868304782531,8.490261890296381,NB
frame_E_1349.89_1349.99,253.5165124200021,0.0,-0.2818649312027908,415.34464792912667,370.8164259895748,44.52822193955189,14.510499008182876,4.905980425445364,9.604518582737512,NB
frame_de_1349.99_1350.07,17.401977405361606,0.0,-0.6581180713052167,410.9718953493614,368.6592204177299,42.31267493163142,8.195728263639992,4.4655000606544775,3.730228202985515,NB
frame_li_1350.07_1350.18,24.504950664202354,0.0,-0.2615632237319947,408.8509643424475,365.4190338972423,43.43193044520524,0.034848626047065,0.0203215881869311,0.0145270378601338,NB
frame_si_1350.18_1350.37,38.46567536556579,0.0,-0.3913892288346848,420.86261939278086,373.2588143140558,47.60380507872503,15.035848211127911,9.364855744447624,5.670992466680289,NB
frame_O_1350.37_1350.52,34.93122472318717,0.0,-0.0436094769327867,413.215905663468,369.0184949135973,44.19741074987076,2.964027781096405,1.6723253907434668,1.2917023903529383,NB
frame_za_1350.52_1350.61,54.363195729996406,0.0,-0.7979952923177192,409.7184930802863,366.3371924005922,43.38130067969405,2.313121596889559,1.85759391910608,0.4555276777834791,TB
frame_i_1350.61_1350.87,33.005762335935415,0.3300000000001546,2.334956878262768,412.6872046118425,364.3229207142637,48.36428389757873,24.374868966325835,10.767234012084458,13.607634954241377,NB
frame_u~_1351.2_1351.29,75.53097345846234,0.0,-0.2425722908971477,411.21112872951335,367.07741960829446,44.133709121218885,12.466773544229396,7.638549922983515,4.828223621245883,NB
frame_u~_1351.29_1351.34,78.95539915804662,0.0,-0.4209720180644666,407.40741330085285,364.2615412022545,43.145872098598375,1.4436572177715732,0.6406533707209405,0.8030038470506327,NB
frame_ma_1351.34_1351.61,81.81537372981842,0.0,-0.7979952923177192,406.9619656934263,357.96639143924585,48.99557425418044,30.82548892483905,13.005367308543612,17.820121616295438,NB
frame_es_1351.61_1351.76,38.074590176296056,0.0,-0.8022140844947473,417.5015133565853,371.422110020248,46.07940333633729,9.777783730740168,3.400338563882073,6.377445166858095,NB
frame_pE_1351.76_1351.83,39.32548856301817,0.0,-0.8710535615856859,410.70013245646857,367.0581045510661,43.64202790540253,9.940663376278522,2.310815981849615,7.629847394428907,NB
frame_si_1351.83_1352.12,5.829655266258129,0.0,1.296348837461911,421.99629209504445,371.7345937517927,50.26169834325174,13.289353235902922,4.774763744443362,8.51458949145956,NB
frame_dZi_1352.12_1352.23,5.502562663073633,0.0,-0.3913892288346848,417.1471541244912,372.0614595483312,45.08569457615994,11.493715822252796,5.614542992403585,5.87917282984921,NB
frame_me_1352.23_1352.36,10.433999849444549,0.0,-0.2258300317267958,420.0089702333949,374.1369406107042,45.87202962269066,27.459511656027274,16.3465376962711,11.112973959756175,NB
frame_la_1352.36_1352.72,2.618889061188725,0.0,1.2212910103839354,415.1632803742023,363.5817667550841,51.58151361911808,139.66299918288115,88.87516800173213,50.78783118114903,NB
frame_du_1352.72_1352.82,31.585469038253706,1.0199999999999818,-0.063071744773279,405.3438542997396,361.2021528787985,44.141701420941104,182.4504736054269,103.11731453428344,79.33315907114344,TB
frame_e~_1353.84_1353.97,12.361307085861228,0.0,0.349767809604808,424.702149816184,377.3889129533312,47.31323686285282,70.19395887250974,42.44011203632488,27.753846836184863,NB
frame_ta~w~_1353.97_1354.09,74.30493891781762,0.0,-0.5375523807576557,422.01362398758687,377.591320268136,44.422303719450895,26.18697511218062,11.168468495455755,15.018506616724864,NB
frame_e_1354.09_1354.18,64.49882742809314,0.0,0.0623619946620944,412.7171519982664,369.3115015628315,43.40565043543495,13.559710839431972,7.459238818084913,6.100472021347059,NB
frame_lis_1354.18_1354.43,122.98592115432965,0.0,-0.651041239034161,409.43996764466914,360.5631446850791,48.876822959590015,0.5064498634871768,0.2475163202434984,0.2589335432436783,NB
frame_so_1354.43_1354.73,19.56407262943617,0.0,2.864711905547693,422.2594481983797,371.2977713737143,50.9616768246654,68.85482648811382,19.21709296473284,49.63773352338097,NB
frame_be~j~_1354.73_1354.94,40.73913125363305,0.0,0.349767809604808,414.5363795574847,367.7541612944359,46.782218263048776,14.386667060747328,8.602337121621701,5.784329939125627,NB
frame_a_1354.94_1354.97,11.163448288641716,0.0,-0.7979952923177192,410.2279364861532,367.4967917769041,42.73114470924918,0.8967367927409668,0.5031661441109918,0.393570648629975,NB
frame_tE_1354.97_1355.11,7.919947330489236,0.0,-0.1836668261389749,416.8237426594204,371.6705306181415,45.15321204127889,8.636437964021894,4.322038971634953,4.314398992386941,NB
frame_sEX_1355.11_1355.33,4.761350667640983,0.0,-0.2818649312027908,419.4601461014503,372.4664510388667,46.99369506258358,28.039575462004308,19.300283402482904,8.739292059521404,NB
frame_ta_1355.33_1355.43,26.616040528391096,0.0,-0.4133693298965865,419.08120684454246,375.9933855105463,43.08782133399615,6.108616679539864,2.369936995097163,3.738679684442701,NB
frame_aw_1355.43_1355.58,22.595276711875044,0.0,-0.605682311108246,416.0821633005453,369.8375912806457,46.24457201989958,10.028253613706198,5.207974111091261,4.820279502614937,NB
frame_tu_1355.58_1355.76,28.38846112467101,0.0,0.9663945860117198,421.65576069937066,373.9125617960256,47.7431989033451,19.63082390991687,6.587112608469795,13.043711301447075,NB
frame_ra_1355.76_1355.85,49.37900810077721,0.0,-0.7979952923177192,413.81352559718994,370.70947121700647,43.10405438018347,1.9181266986782504,0.5094509290209714,1.408675769657279,NB
frame_da_1355.85_1356.02,21.402008009864915,0.0,0.2597261043343832,417.9363871820175,371.0003283081537,46.93605887386372,10.189787503649626,4.194059575917095,5.995727927732531,NB
frame_aR_1356.02_1356.08,14.527436929538084,0.0,-0.7979952923177192,409.3057965452178,367.5400321381416,41.76576440707623,6.104916278276221,1.5110797074628408,4.59383657081338,NB
frame_vo_1356.08_1356.14,6.849732920749801,0.0,-0.8889939762072551,409.16102837951496,366.70927394150897,42.45175443800599,33.479504911648434,16.99202983761765,16.487475074030783,NB
frame_ri_1356.14_1356.25,121.34553475149436,0.0,-0.0019112135354704,403.36188589759087,360.6506858461062,42.71120005148464,10.712671110685228,5.68444220456945,5.028228906115778,NB
frame_i_1356.25_1356.28,35.6596591695868,0.0,-0.651041239034161,397.19225646657776,355.3540484445933,41.838208021984485,7.778630213453766,3.909545510258312,3.869084703195455,NB
frame_ta_1356.28_1356.46,44.17176806123754,0.0,0.0674131231270964,419.0803119772643,372.5300809353497,46.55023104191457,43.14204899910287,26.45671617610972,16.685332822993146,NB
frame_La~w~_1356.46_1356.64,89.5592597369392,0.7400000000000091,0.2763119714156554,411.56263587393335,365.862433178845,45.70020269508831,8.315209766551064,3.78640309048798,4.528806676063084,TB
frame_su_1357.38_1357.79,37.0690091818914,0.0,1.6098110427505157,421.3927388052632,368.2686121350648,53.124126670198336,33.37475211539655,15.937919263476402,17.436832851920144,NB
frame_biX_1357.79_1358.09,42.96345728305968,0.0,1.945478862963553,419.26612258002433,368.4790446491211,50.7870779309032,41.08401755263634,19.515340616457905,21.568676936178434,NB
frame_nu~_1358.09_1358.24,17.900004781922433,0.0,-0.3317721544808072,419.5940614716039,373.4474828579834,46.14657861362048,21.518837921344076,11.809562371470465,9.70927554987361,NB
frame_ma_1358.24_1358.39,21.646905304830028,0.0,-0.1248998580823767,420.9974786902171,376.22290516616704,44.77457352405014,36.090029884346364,23.68096899242397,12.409060891922394,NB
frame_aR_1358.39_1358.64,7.614508690072455,0.0,1.028978029172276,421.8283195337264,372.2768588426201,49.55146069110623,266.9064446741461,198.2569607453269,68.64948392881925,NB
frame_vo_1358.64_1358.7,61.16671936520521,0.0,-0.8889939762113193,407.1310071337577,365.0954456665468,42.03556146721087,37.110888955981935,11.98186458184668,25.129024374135252,NB
frame_ri_1358.7_1358.76,71.50851441331386,0.0,-0.651041239034161,407.9805271451896,364.8940308213128,43.086496323876815,33.92076872682951,19.246188070663067,14.67458065616644,NB
frame_poX_1358.76_1358.85,80.81115809609082,0.4200000000000727,-0.8889939762113193,417.0481141816976,373.825575868938,43.22253831275947,3.871164012676189,1.0241315524735055,2.8470324602026835,NB
frame_mej_1359.27_1359.54,37.539859758260576,0.0,-0.5140220581124098,417.6949793426887,369.6281260192269,48.066853323461885,67.34511393871256,21.638404954219283,45.70670898449328,NB
frame_us_1359.54_1359.61,22.21177437750461,0.0,-0.5778049101643155,416.9704807301708,374.560314043274,42.41016668689679,14.12230119643479,5.887751742553519,8.234549453881272,NB
frame_Re_1359.61_1359.7,35.44741602654494,0.0,-0.6581180713052167,420.19908015013846,374.9150544756034,45.28402567453503,3.497619885649442,1.834260135947716,1.6633597497017265,NB
frame_la_1359.7_1359.88,20.60100599977025,0.0,0.1635696137318329,417.9470384574992,371.0101280246216,46.93691043287754,9.471186354207047,4.141691188680824,5.329495165526225,NB
frame_tSi_1359.88_1359.94,20.303512864269862,0.0,-0.651041239034161,411.8329329020109,369.02701443503344,42.8059184669774,9.69071145426659,3.661200050331047,6.029511403935544,NB
frame_va_1359.94_1360.0,17.466142680760953,0.0,-0.7979952923177192,418.9639781820537,375.1815732029018,43.78240497915192,2.0981353056602643,0.7808363921499222,1.317298913510342,NB
frame_me~_1360.0_1360.13,10.824315679851622,0.0,-0.3636028774722209,412.040602021628,366.610815477823,45.429786543804994,7.507898318744566,3.240923979108913,4.266974339635652,NB
frame_tSi_1360.13_1360.19,14.339142990233595,0.0,-0.651041239034161,408.588996599904,365.801401369182,42.787595230721934,0.8267489058227113,0.4139196010781631,0.4128293047445481,NB
frame_si~_1360.19_1360.25,71.69393325926183,0.0,-0.9029056157674582,406.3432321602506,364.219255148636,42.12397701161461,1.9449016316963397,0.9670521344494176,0.9778494972469218,NB
frame_plis_1360.25_1360.78,49.48038933546407,0.0,-0.651041239034161,416.0038523106885,359.35512318352414,56.6487291271643,112.41500249040968,52.80906962967588,59.6059328607338,NB
frame_ko~_1360.78_1360.85,32.9659860315045,0.0,-0.9583637394108316,409.9515936522488,367.6118334629825,42.33976018926626,9.452493415182204,7.635936219334368,1.8165571958478357,NB
frame_mu_1360.85_1360.92,38.25353535404187,0.0,-0.4491216188165563,403.6231508713348,362.3187153857834,41.30443548555138,43.42017938286091,25.100738523446665,18.319440859414243,NB
frame_se_1360.92_1361.08,17.37699642387912,0.0,-0.5140220581124098,420.8788919595024,374.371230985956,46.50766097354642,22.18186836316218,10.616188713474711,11.565679649687468,NB
frame_Za_1361.08_1361.17,29.676205688214083,0.0,-0.7979952923177192,414.055984093445,370.6090243061813,43.44695978726372,13.957231197268712,6.86497975360794,7.092251443660771,NB
frame_es_1361.17_1361.5,14.085514434913392,0.0,-0.8022140844980237,422.244358112774,369.3799327059476,52.8644254068264,127.43984013139084,89.50620221750464,37.9336379138862,NB
frame_po_1361.5_1361.63,24.71285366919849,0.0,0.3622413177110611,418.7413936517753,373.047792018863,45.69360163291231,22.36728918444436,13.972446083381756,8.394843101062605,NB
frame_ra~w~_1361.63_1361.93,4.4838487236241065,0.849999999999909,-0.1306202046710001,418.6235729211621,369.82026991277735,48.80330300838477,12.082279419873233,4.978079968777195,7.1041994510960365,NB
frame_dZi_1362.78_1362.99,48.05384570478108,0.0,1.0366968272653865,421.0938304503729,373.165222481747,47.9286079686259,169.8726147522999,58.32426572562255,111.54834902667736,NB
frame_fE_1362.99_1363.56,50.03371713657609,0.0,3.940653586545756,419.90262790206833,361.55671930114295,58.34590860092538,177.5598282235526,71.61856671795553,105.94126150559708,NB
frame_Ru_1363.56_1363.64,51.946003677584415,0.599999999999909,-0.5778049101613896,403.6883070174546,360.50748002605263,43.180826991402,1.4592160659847335,0.4750895880257388,0.9841264779589948,NB
frame_i_1364.24_1364.27,9.983242067953055,0.0,-0.651041239034161,410.59201978663145,366.4345838656825,44.15743592094901,1.429665768077342,0.7842679456975077,0.6453978223798345,NB
frame_u~_1364.27_1364.3,54.4178402203853,0.0,-0.5101718816481261,414.3429514226089,371.3246579626816,43.01829345992718,0.5028199723066109,0.245208247920857,0.2576117243857538,NB
frame_ma_1364.3_1364.5,36.173252669739696,0.0,0.3558825949413061,424.2554777076244,375.1591974186187,49.09628028900568,23.3863258875634,9.788919938279236,13.597405949284166,NB
frame_ko_1364.5_1364.77,7.7973920235850755,0.0,2.6859640064165053,423.0298718262664,373.9731074837037,49.05676434256264,29.04115474745257,14.130507628046216,14.910647119406349,NB
frame_Rej_1364.77_1364.92,23.64485782568721,0.0,-0.8022140844980237,422.9922184097516,377.1966372132558,45.79558119649579,30.530662060745414,14.007103878623838,16.523558182121576,NB
frame_a_1364.92_1364.97,244.3184877541856,0.0,-0.605682311108246,405.95468881717375,363.36782023356704,42.5868685836067,8.264681206811474,3.3384846111620163,4.926196595649458,NB
frame_dZi_1364.97_1365.18,95.13415798210406,0.0,1.2963488374648628,409.4055915014024,361.8210943456077,47.58449715579462,219.44209936196225,129.14748754636656,90.29461181559569,NB
frame_kow_1365.18_1365.4,29.08907410051381,0.0,0.0047455194446208,420.1312413009748,371.9332006574008,48.19804064357402,27.991447253057004,12.183049085987818,15.808398167069186,NB
frame_ru_1365.4_1365.53,130.24180437933336,0.0,0.3229781292699983,416.7586922442412,372.3812812763181,44.37741096792308,448.15300893235735,279.04406909400115,169.1089398383562,NB
frame_pa_1365.53_1365.68,43.54035593271598,0.0,-0.0287433674776401,414.5195026637771,370.12015629100887,44.39934637276821,1.9901695233896528,0.9149512713196088,1.0752182520700444,NB
frame_sa_1365.68_1365.84,8.110400477672243,0.0,-0.7018388017129825,420.62210140133146,373.36765245847664,47.25444894285482,17.413481964632723,13.009753750659314,4.403728213973409,NB
frame_da_1365.84_1365.97,10.941792372300938,0.0,-0.1248998580823767,416.1398850386133,371.72291902173686,44.41696601687647,5.85119476319494,2.2264843022760488,3.624710460918891,NB
frame_na_1365.97_1366.06,15.023816387219284,0.0,-0.605682311108246,406.83153192896646,364.3643701768078,42.46716175215863,8.177629592321011,4.834883055577649,3.342746536743362,NB
frame_si~_1366.06_1366.26,19.09506525499566,0.0,-0.2921994240421317,413.5299613897328,367.3570578690936,46.17290352063924,15.876459924604603,8.57034364018429,7.306116284420312,NB
frame_tu_1366.26_1366.34,33.164416600497304,0.0,-0.3204383274687972,418.4940363184851,373.41520852020767,45.078827798277416,3.5579008687783755,2.232916808268868,1.3249840605095071,NB
frame_ra_1366.34_1366.41,44.62159902135957,0.0,-0.7979952923177192,421.9593864350432,377.0603358562564,44.89905057878673,5.2675802351771495,2.6476134015005077,2.619966833676642,NB
frame_ki_1366.41_1366.47,53.24008336531966,0.0,-0.651041239034161,411.9993498346997,369.47477608039327,42.52457375430646,2.50674390741068,1.4829215220633216,1.0238223853473585,NB
frame_u_1366.47_1366.5,122.38263624095664,0.0,-0.5778049101643155,393.98605168298366,352.3474556418588,41.638596041124856,1.5428362578052344,0.909153560062542,0.6336826977426924,NB
frame_i~_1366.5_1366.55,38.12541625255008,0.0,-0.6586231390773276,414.615054214038,371.9606463851465,42.65440782889158,1.3030544383685765,0.4248172611116274,0.878237177256949,NB
frame_dZi_1366.55_1366.73,26.349416061378065,0.0,0.9068708221656484,420.9893139919426,373.1872521282405,47.802061863702136,267.57454592760314,156.4398795573416,111.13466637026151,NB
frame_vi_1366.73_1366.84,109.38067210047603,0.0,-0.0019112135354704,409.9683517755551,366.5936424086618,43.37470936689334,11.502946299135829,5.54172150399387,5.961224795141959,NB
frame_duu_1366.84_1366.9,42.31574678406295,0.0,-0.5778049101613896,405.131429433629,363.4987851602977,41.63264427333132,20.00977490377494,5.889849937799568,14.119924965975372,NB
frame_si_1366.9_1367.01,35.603757970561304,0.0,-0.5778049101643155,416.2979359672343,373.1615379623535,43.13639800488079,13.890768288920045,6.790858686076433,7.09990960284361,NB
frame_a_1367.01_1367.19,116.951580833589,0.0,0.6443520667555158,419.1540608234468,371.3812604946052,47.77280032884164,26.71586385914145,19.59742914758624,7.11843471155521,NB
frame_poj_1367.19_1367.33,102.5038637749879,0.0,-0.1740023796865671,422.0952055687377,375.5547707771891,46.540434791548535,15.143909864762804,8.855811251110026,6.288098613652778,NB
frame_a_1367.33_1367.45,93.81785300592784,0.0,0.0674131231270964,412.72563917436696,367.26709310707525,45.45854606729171,48.723278839847886,11.279665698346108,37.44361314150178,NB
frame_na_1367.45_1367.65,27.97952606361943,0.0,0.4520390855460426,417.2329740399836,369.2017221435931,48.03125189639047,90.25860125282588,34.766657033745105,55.49194421908078,NB
frame_aR_1367.65_1367.83,76.36388169806628,0.0,0.06741312312491,414.15344996308994,367.0769427747017,47.07650718838824,44.91728092970587,17.70845281851365,27.20882811119222,NB
frame_vo_1367.83_1367.89,125.2928389174424,0.0,-0.8889939762072551,409.64813787305457,366.7727852486056,42.87535262444891,5.137637538804832,2.3735051196380184,2.7641324191668133,NB
frame_ri_1367.89_1367.99,107.646926080991,1.0799999999999272,-0.2615632237349466,402.92445305885457,360.87180311503766,42.0526499438169,98.25209080122328,69.44525197207724,28.80683882914604,NB
frame_E_1369.07_1369.1,2.3286004178368387,0.0,-0.9692516666495018,402.7830135165133,360.1397489210776,42.64326459543565,6.854134938596587,3.7478579059953754,3.106277032601213,NB
frame_kwaw_1369.1_1369.19,44.96714412782149,0.0,-0.4491216188165563,422.1771891358921,379.4942355292726,42.68295360661949,7.373334010638501,2.756401985019835,4.616932025618667,NB
frame_kEX_1369.19_1369.6,34.32596313862794,0.0,-0.7018388017129825,423.0602183636104,368.1690627119061,54.89115565170425,91.7073213810064,20.008840805794733,71.69848057521168,NB
frame_koj_1369.6_1369.78,56.3736490583826,0.0,0.3622413177069969,419.17303671486286,372.7147930300444,46.45824368481851,21.426285240720247,10.108734233067338,11.31755100765291,NB
frame_za_1369.78_1369.9,98.25694695444425,0.0,-0.6056823111060596,410.1096365465176,366.0601091294277,44.04952741708985,54.77375938144634,26.50758214356385,28.266177237882488,NB
frame_ki_1369.9_1370.03,20.91511446998146,0.0,-0.651041239034161,420.2401779341056,375.2766416666808,44.96353626742479,7.510070164287441,1.9725201772156424,5.537549987071799,NB
frame_a_1370.03_1370.06,132.45213738377416,0.0,-0.7979952923177192,397.9433973838908,355.61016008370626,42.33323730018452,1.6867496938722295,0.520073345791559,1.1666763480806708,NB
frame_es_1370.06_1370.26,51.96575368134596,0.0,-0.8022140844980237,413.6353570227849,366.6407665193733,46.99459050341165,80.75412530237031,34.20754136817503,46.54658393419528,NB
frame_pe_1370.26_1370.37,5.741087108633451,0.0,-0.3699260449196028,416.51273973907786,371.0227630784561,45.48997666062178,10.109225212493328,3.2556444281912604,6.853580784302068,NB
frame_ri_1370.37_1370.54,40.574506931655776,0.0,0.7770448170629584,419.31913074610384,373.61512245792335,45.70400828818049,38.05766733398903,14.475189781328083,23.582477552660947,NB
frame_e~_1370.54_1370.57,39.160674952601966,0.0,-0.839183335526277,391.7922754742886,351.4032772469247,40.38899822736391,0.8273909184302113,0.469520063681955,0.3578708547482563,NB
frame_sia_1370.57_1370.89,0.4100446614165776,0.0,-0.651041239034161,418.18180529416,366.96792637682137,51.21387891733861,25.833726560621955,14.180744466041745,11.65298209458021,NB
frame_a~_1370.89_1370.92,104.32677997741312,0.0,-0.8088404981487594,390.9050506598677,350.2408092362774,40.66424142359028,29.018424444340667,20.49539225855358,8.523032185787088,NB
frame_te_1370.92_1370.98,19.31501770021086,0.0,-0.8022140844980237,420.4690832600722,376.8764239851664,43.59265927490583,6.735151650908449,3.0190025228883712,3.716149128020078,NB
frame_ri_1370.98_1371.23,66.63890783891979,0.0,1.6858268527640772,418.29774102669336,369.1765079312095,49.12123309548389,86.42297299375309,37.24784095281071,49.17513204094239,NB
frame_oX_1371.23_1371.47,65.94806609032553,0.0,1.7922245107605654,420.6328334039879,371.5890236323866,49.04380977160122,9.692293272812536,3.768452580567839,5.923840692244696,NB
frame_du_1371.47_1371.62,60.71975759977156,0.0,0.5803447119655165,411.9417474795992,369.1800742608909,42.76167321870832,29.731495212570067,19.11910917497269,10.612386037597377,NB
frame_i~_1371.62_1371.83,38.51430986585325,0.0,1.2956366744464949,416.25046066080506,369.4460135950934,46.80444706571171,48.20422679700954,14.771835424116375,33.432391372893164,NB
frame_dZiu_1371.83_1372.04,20.329442524571533,0.0,0.387566801763744,424.9360360570356,375.3272602879671,49.608775769068586,140.91528802459126,91.83243225938963,49.08285576520163,NB
frame_peR_1372.04_1372.29,2.132999341802332,0.0,1.21513010020455,421.9992371348861,372.5273242229215,49.47191291196458,12.304986771907068,4.225370909594318,8.07961586231275,NB
frame_mi_1372.29_1372.44,2.917518922783472,0.0,0.517392806866434,403.0425528343606,359.09666266468486,43.94589016967575,6.814730226726283,1.7876853010147045,5.027044925711579,NB
frame_tSiw_1372.44_1372.8,43.956000488142735,0.3199999999999363,0.2577407966669577,418.3651417491625,367.0108179204053,51.35432382875717,36.8184341013189,10.21251734803019,26.60591675328871,NB
frame_ki_1373.12_1373.22,34.54486518980164,0.0,-0.651041239034161,420.7892076289752,379.8941755250797,40.89503210389552,16.49865547105864,6.265286782635201,10.23336868842344,NB
frame_e_1373.22_1373.27,40.31495702916405,0.0,-0.5140220581124098,420.6509700483918,375.7311639085555,44.91980613983628,6.249496142730351,2.649299368902092,3.6001967738282588,NB
frame_li_1373.27_1373.44,42.569243055056006,0.0,0.517392806866434,414.1541995086645,368.1296168626399,46.02458264602461,12.136954723153764,3.554200158272579,8.582754564881185,NB
frame_ko~_1373.44_1373.71,49.68808450787358,0.0,0.6410823200144288,419.2588088815888,373.4287197486199,45.830089132968965,21.347610341161783,8.663599366864759,12.684010974297024,NB
frame_pre_1373.71_1374.0,33.032876288686026,0.0,0.206458007851625,419.3947502088888,368.4866366439577,50.90811356493117,33.38051991602566,14.57567950867093,18.80484040735473,NB
frame_e~_1374.0_1374.13,53.16670167235648,0.0,0.349767809604808,408.6263226790751,362.9778379475416,45.64848473153347,118.50164342266255,58.21267772225403,60.28896570040854,NB
frame_de_1374.13_1374.33,36.50735788564313,0.0,0.7828420606228528,420.0194642226896,374.1374753036338,45.8819889190558,6.176895142661834,3.131231491682684,3.045663650979151,NB
frame_si_1374.33_1374.81,30.504171705017058,0.0,-0.2615632237349466,422.0828615273883,365.16138303265694,56.92147849473133,35.41918953075074,16.787951718807477,18.631237811943265,TB
frame_e_1374.81_1374.84,131.7931626585458,0.0,-0.8022140844980237,401.23691002531336,359.8722080815148,41.364701943798536,3.8867910446508063,1.953676386344,1.9331146583068064,NB
frame_li_1374.84_1374.94,24.693831436160195,0.0,-0.1317372186322566,405.6111071585893,362.1149610294546,43.49614612913467,8.752273256919551,3.921975900905181,4.83029735601437,NB
frame_tSi~_1374.94_1375.17,22.178566479637624,0.0,0.4406480060310374,417.6805952253212,368.515203998288,49.16539122703318,32.35306265864895,4.916577300558345,27.436485358090607,NB
frame_Ja_1375.17_1375.23,0.2453294420242571,0.0,-0.7979952923177192,409.29971480124334,366.06262219473433,43.23709260650895,17.77220382966499,11.629080576548404,6.143123253116585,NB
frame_u~_1375.23_1375.29,89.477828251651,0.0,-0.3763720862726369,399.4143295748441,357.5480917936426,41.86623778120151,18.5991579837072,9.016752698699593,9.58240528500761,NB
frame_es_1375.29_1375.57,49.37382867914502,0.0,-0.8022140844980237,408.7651153669284,359.5264977253412,49.23861764158721,139.71169029096882,94.3818759650355,45.32981432593333,NB
frame_ke~_1375.57_1375.75,5.864884226973913,0.0,0.1119775805764283,418.0807719860734,371.8780361463301,46.2027358397433,128.4010239669271,78.04477468065372,50.3562492862734,NB
frame_ma_1375.75_1375.88,82.89918869215676,0.0,-0.7979952923155328,412.7888724491266,367.7095962375951,45.07927621153152,7.591988893238067,3.922907591703762,3.669081301534305,NB
frame_a~_1375.88_1375.95,110.626199967932,0.0,-0.2662642633665519,400.2619672963112,358.87320178832465,41.38876550798653,44.178608382473314,26.324847678571885,17.85376070390143,NB
frame_te_1375.95_1376.01,80.37956410460414,0.0,-0.8022140844980237,410.06155894409983,368.3775247172568,41.68403422684304,5.283187843408641,2.9829125767464006,2.30027526666224,NB
frame_ri_1376.01_1376.1,94.87226841097174,0.0,-0.3913892288346848,404.7617324196174,364.0371358752601,40.72459654435727,11.170992039856516,6.446775313477957,4.7242167263785575,NB
frame_oX_1376.1_1376.16,87.95058366237491,0.0,-0.8889939762072551,411.7664165487399,368.892881474319,42.87353507442094,3.6021595765385115,1.18730411840842,2.4148554581300914,NB
frame_nu_1376.16_1376.32,16.805968612083888,0.0,-0.5778049101643155,421.0768145136788,373.8766629284988,47.20015158518004,68.77078486548149,22.17941921702589,46.59136564845559,NB
frame_kwaw_1376.32_1376.4,1.3855958577491947,1.7300000000000182,-0.3204383274658713,408.6039312562596,366.3411261899304,42.26280506632912,9.525688540681983,6.247843224244491,3.2778453164374923,NB
frame_ujs_1378.13_1378.26,20.17659096787688,0.0,-0.063071744773279,415.8053992900451,370.57633604883017,45.22906324121493,22.596053405681342,11.294710626803637,11.30134277887771,NB
frame_es_1378.26_1378.51,35.881302438338,0.0,-0.8022140844980237,415.1900384480605,365.6642596883791,49.52577875968143,4.657728803304508,3.3548167980121377,1.3029120052923702,NB
frame_tSi_1378.51_1378.61,16.64413475386783,0.0,-0.1317372186352085,415.42110987792216,370.3644854133512,45.05662446457092,15.164301823689954,7.498423944601768,7.665877879088185,NB
frame_mu_1378.61_1378.67,0.3950738904821378,0.0,-0.5778049101643155,415.930912197287,372.67336159975696,43.25755059753004,5.28233102519954,3.442389569020804,1.8399414561787355,NB
frame_lus_1378.67_1378.92,25.662711846300624,0.0,-0.5778049101643155,415.8032621540791,366.71226287206537,49.0909992820138,36.95817647121896,16.168982202815613,20.78919426840335,NB
frame_nO_1378.92_1379.2,7.057442145421817,0.0,1.057010655205208,419.1553354771856,369.29325503574927,49.86208044143632,63.27373840050183,16.187544367602015,47.08619403289981,NB
frame_vus_1379.2_1379.52,4.614920815371875,0.0,-0.5778049101643155,418.51605825103496,368.0918237375042,50.424234513530735,14.421539272801027,4.802175680389411,9.619363592411617,NB
frame_po_1379.52_1379.58,14.960092730911724,0.0,-0.8889939762113193,404.97802429773697,363.7360250166217,41.24199928111528,0.4896610383720485,0.330006163189239,0.1596548751828095,NB
frame_dZi_1379.58_1379.71,33.34576905352802,0.0,-0.5212152339344229,419.52697876424224,374.5320782139206,44.99490055032163,25.147051773400165,9.24525914598641,15.901792627413757,NB
frame_a~w~_1379.71_1379.77,42.51337892926608,0.0,-0.8088404981487594,404.3407995224467,363.1094610568279,41.23133846561882,3.7872295014290094,2.0855444270525254,1.7016850743764849,NB
frame_seX_1379.77_1380.04,26.897111273862123,0.0,-0.5140220581124098,415.879190318422,368.0126129758705,47.866577342551466,16.498790858464076,10.34040453486014,6.158386323603935,NB
frame_e~_1380.04_1380.1,28.839671098390284,0.0,-0.4824979919877624,405.5161873680723,363.0395033017498,42.47668406632249,5.04854668938512,2.911710839389343,2.1368358499957765,NB
frame_kwa_1380.1_1380.33,16.52464099497621,0.0,0.06741312312491,417.8128266871826,369.03813641162657,48.77469027555605,69.7778797652344,16.048986563921744,53.72889320131266,NB
frame_dra_1380.33_1380.72,56.07222221457458,0.0,1.8943864446170915,414.40576903833306,362.86591799590354,51.53985104242952,18.10754667113329,11.947699246410636,6.159847424722656,NB
frame_dus_1380.72_1381.0,9.341190286648072,0.0,-0.5778049101643155,403.0696044423223,354.7536931952409,48.31591124708149,213.0019459651733,133.6599172308611,79.34202873431217,NB
frame_sEX_1381.0_1381.28,8.956275425657765,0.0,-0.4782611413304225,419.8479135445455,371.3525331004205,48.49538044412503,24.73311186441313,11.746395213726087,12.986716650687043,NB
frame_tu_1381.28_1381.36,35.80148864459372,0.9400000000000546,-0.4491216188165563,400.0610932689737,359.65605300959714,40.40504025937656,34.51175756087662,17.724866070003003,16.786891490873614,TB
frame_is_1382.3_1382.42,50.26411223925882,0.0,-0.5212152339344229,420.95116888004793,375.4472106628455,45.50395821720247,2.3293893921182587,1.3666271239490868,0.962762268169172,NB
frame_tu_1382.42_1382.5,387.75589938775,0.0,-0.4491216188165563,420.8192027412687,378.6768001719056,42.14240256936307,49.57493088558647,19.31153408161936,30.26339680396711,NB
frame_E_1382.5_1382.76,90.220842238776,1.0,1.2893047498204957,411.4663892551152,363.3096999630396,48.15668929207556,8.765191740157547,3.676269299933267,5.08892244022428,NB
frame_pa_1383.76_1383.99,45.32755025012918,0.0,0.7405085573602525,425.0581448605697,376.2498478489845,48.80829701158524,23.07604395165416,11.575431705923904,11.500612245730252,NB
frame_ra_1383.99_1384.11,42.25675850571125,0.0,-0.2210563486892997,408.65431683256185,364.85908973136463,43.79522710119721,3.1609175687093227,1.9469842044232168,1.213933364286106,NB
frame_ki_1384.11_1384.24,6.4643609687612695,0.0,-0.2615632237349466,424.34739937424087,377.7429222869464,46.604477087294526,46.923936085698585,25.01666403780945,21.907272047889137,NB
frame_a_1384.24_1384.44,46.5826159066911,0.0,0.836665047964989,415.44810852438025,369.1264673200341,46.32164120434612,7.635234886272286,3.157102075708593,4.478132810563693,NB
frame_Za_1384.44_1384.66,70.0054641209375,0.0,0.0674131231270964,411.07651584539104,364.1590750001511,46.91744084523998,3.2992454333633816,0.8028519427920457,2.496393490571336,NB
frame_peX_1384.66_1384.85,73.26655666165892,0.0,0.062361994658818,420.6686970503768,375.2153258590554,45.45337119132137,87.76379276116757,37.2644476519833,50.499345109184254,NB
frame_sep_1384.85_1385.1,75.92172674599603,0.0,-0.6581180713052167,415.1822174573121,367.12778312423626,48.05443433307579,9.933242315216177,6.26417202170822,3.669070293507957,NB
frame_sa~w~_1385.1_1385.62,5.671829709333906,0.1200000000001182,-0.4019083220590196,420.2216379724553,364.59449104291815,55.62714692953716,148.94711163745976,109.95798827479268,38.98912336266707,NB
frame_E_1385.74_1385.86,1.0102190186522932,0.0,-0.0854687210751591,419.9804284821187,374.3653951792854,45.61503330283335,4.0769764047640535,2.674728606112552,1.4022477986515014,NB
frame_ne_1385.86_1385.98,11.962729469723255,0.0,-0.2258300317267958,415.2477262334827,370.7490366784176,44.49868955506514,9.966257217598468,6.212216769337601,3.7540404482608665,NB
frame_se_1385.98_1386.13,37.37196460482369,0.0,-0.6581180713019403,415.9087157469187,371.0564327999744,44.852282946944285,23.78435133894962,14.690201124246784,9.094150214702836,NB
frame_sa_1386.13_1386.75,189.9549106410306,0.0,3.0482643318761165,420.4217798926245,361.34593051020966,59.075849382414845,637.2688491150498,357.5629979198722,279.7058511951776,NB
frame_riu_1386.75_1386.87,9.282380733911651,0.0,-0.2615632237349466,408.23215859379945,364.1635617048019,44.06859688899755,1.5269717716574007,0.8091222006467831,0.7178495710106176,NB
frame_a~_1386.87_1386.9,10.043486412478842,0.0,-0.8088404981456752,392.6387076829057,352.2606078353602,40.37809984754551,2.550213172620232,1.1848651765386364,1.3653479960815955,NB
frame_tSis_1386.9_1387.33,24.76449405342325,0.4700000000000273,-0.651041239034161,410.2742233911874,355.78961688859624,54.48460650259119,660.6251142485117,594.7774975163782,65.84761673213359,NB
frame_ki_1387.8_1387.87,25.04096601148348,0.0,-0.5212152339344229,413.3484215017994,370.9128015152701,42.43561998652928,5.419484384893138,3.0684056973610723,2.351078687532066,NB
frame_Za_1387.87_1388.2,2.945997531767972,0.0,0.6443520667555158,423.43310551388726,370.97016653126536,52.46293898262189,40.47602049883693,19.656831630925325,20.81918886791161,NB
frame_a_1388.2_1388.31,20.492171629573903,0.0,-0.0287433674798265,409.1611602148362,366.6789087545527,42.48225146028358,1.5724225653844712,0.3907405291134864,1.1816820362709848,NB
frame_Za_1388.31_1388.62,24.00662337741079,0.0,0.8366650479628026,418.44446775575193,368.2023625400692,50.242105215682784,161.0163320865924,109.20093269875028,51.81539938784212,NB
frame_u~_1388.62_1388.66,8.90912915115669,0.0,-0.4655719498552823,411.4339359960133,368.0748308854039,43.359105110609335,0.3844120314867325,0.2857605540450549,0.0986514774416775,NB
frame_ma_1388.66_1388.79,18.86055551992536,0.0,-0.7018388017129825,421.6985026031719,375.2407809734089,46.45772162976294,10.39195572056721,7.006243816907386,3.385711903659825,NB
frame_oR_1388.79_1389.13,19.36252631084278,0.0,4.115947199466009,423.0274276050534,370.9065948172832,52.12083278777016,41.76643715290814,13.405068509961012,28.361368642947127,NB
frame_ga_1389.13_1389.23,0.257719025542201,0.0,-0.7018388017129825,414.10877497266455,370.5183796402639,43.59039533240065,5.0708079215548025,3.0880273165895744,1.982780604965228,NB
frame_ni_1389.23_1389.41,7.728588957178715,0.0,-0.0019112135325185,411.8133276743823,364.9991702779989,46.81415739638339,8.724117426639452,2.120414995918111,6.603702430721341,NB
frame_za_1389.41_1389.6,27.356997329760446,0.0,-0.1248998580845631,417.60041884509735,371.4840233972468,46.11639544785055,21.20493847968025,12.043578442375122,9.16136003730513,NB
frame_sa~w~_1389.6_1389.95,3.1514807488395604,0.0,-0.4019083220621038,419.7176593147392,367.6908241850898,52.02683512964933,25.607223486726127,10.185804215608355,15.42141927111777,NB
frame_du_1389.95_1390.16,20.3571096047026,0.0,1.223761168707238,410.6535649871496,363.1159233259928,47.53764166115684,11.277045464264916,3.517423206781359,7.759622257483556,NB
frame_ka~_1390.16_1390.41,18.806802262536166,0.0,1.2258203822876024,421.4659423477332,371.5582401978426,49.90770214989061,25.28702087124032,7.027840096946136,18.25918077429418,NB
frame_pu_1390.41_1390.58,4.2397641274666,0.0,0.8377112946610348,419.5434043697648,372.0751212979642,47.46828307180056,4.395727633482522,2.631004142233735,1.7647234912487877,NB
frame_peX_1390.58_1390.74,11.115864996461426,0.0,-0.3699260449163264,410.58159330831336,365.1999372899711,45.381656018342255,3.233542192586782,1.8266318341757144,1.4069103584110678,NB
frame_sep_1390.74_1391.03,17.95126484215544,0.0,-0.8022140844980237,415.3636288833278,365.0367074609275,50.32692142240029,16.69662088101117,6.479777040716186,10.216843840294985,NB
frame_tSi_1391.03_1391.14,29.13376877942818,0.0,-0.6510412390312091,409.61909088701753,364.2343579435605,45.384732943457095,20.18847722754103,7.494183440297462,12.694293787243566,NB
frame_vu_1391.14_1391.21,103.90079528175626,0.4099999999998545,-0.4491216188165563,401.86437152677007,359.2909103275432,42.57346119922687,22.122806855791744,11.97795175937668,10.144855096415064,NB
frame_kla_1391.62_1391.95,10.479168381827634,0.0,1.4136039915934089,420.388748878474,370.365251802727,50.02349707574695,17.813238348207193,4.588609328442999,13.224629019764194,TB
frame_ru_1391.95_1392.01,13.03036487184329,1.9400000000000543,-0.5778049101643155,404.2003479642304,361.641139978175,42.55920798605541,2.41530017841194,1.4614196758153923,0.9538805025965472,NB
frame_kEX_1393.95_1394.18,57.26211994023305,0.0,0.1109274890547053,419.5138132019289,371.09093959867727,48.42287360325162,69.89513975893784,11.94611374047004,57.949026018467805,NB
frame_dZi_1394.18_1394.24,51.74085488639561,0.0,-0.651041239034161,400.6267603446152,360.16768115046415,40.45907919415106,18.788508265746785,3.2955184379732287,15.492989827773556,NB
frame_zeX_1394.24_1394.6,81.76398192857822,0.8000000000001819,-0.8022140844980237,406.14597861490427,355.3433331765597,50.80264543834454,127.31482149759358,96.00511681088236,31.309704686711207,NB
frame_E_1395.4_1395.6,25.699551014798374,0.0,0.7001161194353677,423.1499873373229,376.5122268344794,46.63776050284344,14.338946336177996,4.806031190816356,9.532915145361642,NB
frame_pre_1395.6_1395.73,14.557650927955166,0.0,-0.2258300317267958,416.7824949559038,370.876707389747,45.90578756615679,17.81610414881081,8.634870491803184,9.181233657007624,NB
frame_si_1395.73_1395.99,63.45698015467249,0.0,-0.651041239034161,416.3647767656202,368.03252184712,48.33225491850021,18.079299655805045,9.613761615274456,8.46553804053059,NB
frame_zu_1395.99_1396.34,79.83165596447373,0.6600000000000819,0.0656115465744801,406.799409010032,356.5941405130618,50.20526849697024,24.620032335359383,15.69459087022318,8.925441465136203,NB
frame_ki_1397.0_1397.18,10.52173734829742,0.0,-0.2615632237319947,426.369539028459,378.2963387244332,48.07320030402582,46.50692443757984,14.333956903974864,32.172967533604975,NB
frame_a_1397.18_1397.42,30.54823766414384,0.0,1.2212910103839354,422.4554529551219,374.6751110748064,47.780341880315575,20.771186269896248,5.852706155321698,14.91848011457455,NB
frame_Za_1397.42_1397.72,15.582808685035388,0.5699999999999363,0.0674131231270964,413.9849727276874,365.52702418898224,48.45794853870518,166.4816454300023,98.26586560772614,68.21577982227616,NB
frame_u~_1398.29_1398.47,56.89927262438681,0.0,0.1588270952303337,416.60343236087147,370.4476266785822,46.15580568228927,22.448670398624728,12.69074238557107,9.757928013053656,NB
frame_sEX_1398.47_1398.99,70.21248203454363,0.0,0.2091255941185212,425.30941989466726,367.9131837421929,57.39623615247433,172.82400805736043,136.55249972666664,36.27150833069379,NB
frame_tu_1398.99_1399.07,2.570887085904303,0.0,-0.3204383274687972,407.6255555963937,363.6775537769489,43.94800181944476,9.64960162204494,7.057733729520038,2.5918678925249026,NB
frame_mO_1399.07_1399.57,32.92281074718613,0.0,1.1670726684190076,422.8352994247072,365.9783066182386,56.85699280646861,177.246385124589,124.99474474950443,52.25164037508458,NB
frame_du_1399.57_1399.72,43.22801995552212,0.0,0.5803447119684425,403.56074802379794,360.4175955227562,43.14315250104176,271.3566909526318,193.44802654274267,77.90866440988913,NB
frame_dZi_1399.72_1399.78,9.40331060353347,0.0,-0.651041239034161,408.540523927598,366.78696125067,41.75356267692797,21.40818847642069,14.425188589681738,6.982999886738952,NB
frame_es_1399.78_1400.05,43.3795990355685,0.0,-0.8022140844980237,416.72330370965705,366.2942014809079,50.42910222874917,3.187401897198299,1.9741494567303164,1.2132524404679828,NB
frame_tru_1400.05_1400.31,67.88991978724002,0.0,1.6098110427505157,418.0049119354611,368.2515027311955,49.75340920426567,31.15110795601637,7.343911395330963,23.80719656068541,NB
frame_tu_1400.31_1400.46,9.681583961109196,0.0,0.4516614206206834,421.35103020024144,374.8530660997867,46.49796410045474,56.26608804501481,33.32265037357985,22.943437671434964,NB
frame_raX_1400.46_1400.79,9.756208684859502,0.0,1.2212910103839354,419.46976115389646,367.0920811829494,52.377679970946986,41.61748547304296,15.911055018405593,25.70643045463737,NB
frame_es_1400.79_1400.99,69.70534423800117,0.0,-0.3699260449196028,407.149998530576,361.9936233192889,45.15637521128707,0.2970006124133419,0.228497360584825,0.0685032518285169,NB
frame_tSi_1400.99_1401.14,57.57995524271232,0.0,0.1279147915672196,411.6650679794311,366.2291595314176,45.43590844801349,15.97456702195825,10.318323484136585,5.656243537821666,NB
frame_mu~_1401.14_1401.53,61.9021750721073,0.0,-0.4209720180644666,410.7660031435738,360.0009984053127,50.7650047382611,19.287797813449785,6.227969596431649,13.059828217018136,NB
frame_du_1401.53_1401.59,42.03184798635096,0.0,-0.5778049101643155,417.90511726215567,375.6512860785663,42.2538311835894,1.1721156375465398,0.3369737283534562,0.8351419091930836,NB
frame_poX_1401.59_1401.72,30.731105988968324,0.0,-0.3527502788136909,420.1284195819764,373.4788969789855,46.649522602990885,37.51829462189281,24.295718661014888,13.22257596087792,NB
frame_ki_1401.72_1401.8,21.809869861847236,0.0,-0.3913892288346848,407.3884860171135,363.6753843597663,43.71310165734718,6.0137508925215,2.0425695034196565,3.971181389101844,NB
frame_se_1401.8_1402.02,8.600468493201902,0.0,-0.8022140844980237,418.8149890434921,369.30060318857227,49.51438585491985,40.2720495418676,23.07276858083165,17.199280961035953,NB
frame_na~w~_1402.02_1402.13,10.377882559511278,0.0,-0.8088404981487594,416.0592823686461,370.9767200998814,45.08256226876466,3.4200304933854966,1.831740306436899,1.5882901869485977,NB
frame_ajs_1402.13_1402.33,8.717973935598906,0.0,-0.7979952923177192,419.3470878522137,370.3944593766991,48.95262847551464,6.36200003221083,2.6177807947192093,3.74421923749162,NB
frame_koj_1402.33_1402.42,10.851763893642383,0.0,-0.8889939762072551,414.7547674615826,370.5121568961655,44.24261056541712,3.5852773161349205,2.219565634420235,1.3657116817146857,NB
frame_zas_1402.42_1402.67,0.8098922441701859,0.0,-0.5095258205035094,415.3088115540944,367.6621815358455,47.64663001824886,45.61885883544227,31.87185048050617,13.7470083549361,NB
frame_na~w~_1402.67_1402.88,39.84809982548006,0.0,-0.6731964394532075,411.2639188825865,365.7353271715358,45.52859171105069,15.573416139401928,6.98107772666512,8.592338412736808,NB
frame_fa_1402.88_1403.17,14.56511447070102,0.0,0.5481955761507793,413.3280136341565,364.8843802045875,48.44363342956893,26.30310007248113,12.743551669914638,13.559548402566492,NB
frame_ze~j~_1403.17_1403.35,49.05090180517925,0.0,-0.839183335526277,408.5097143756524,362.9248300712858,45.58488430436654,13.334594697825338,6.842574068117642,6.492020629707696,NB
frame_se~_1403.35_1403.77,57.528712581892975,0.0,-0.4824979919877624,405.3980140808167,352.00875380029964,53.38926028051708,127.29440941458763,82.01740658085767,45.277002833729966,NB
frame_tSi_1403.77_1403.89,117.04058182903364,0.0,0.1279147915672196,403.5250723948397,359.0758602411434,44.44921215369624,10.093729215676357,4.743365040890097,5.350364174786257,NB
frame_du_1403.89_1404.06,100.35331774010965,0.9900000000000092,0.8377112946610348,398.1500703129211,353.76066859468654,44.38940171823458,62.79640902897667,36.64481234973228,26.151596679244392,TB
