frame,f0_avgutt_diff_2,p_dur,n_dur,e_range,e_maxavg_diff,e_avgmin_diff,f0_range,f0_maxavg_diff,f0_avgmin_diff
frame_pro_0.55_0.69,25.86641231884667,0.0,-0.6595654918173706,415.5073539333047,362.898413106875,52.608940826429716,142.81833352137153,49.66947938680758,93.14885413456393
frame_ku_0.69_0.83,6.039019988599662,0.0,-0.6045451718063921,416.3958729684017,361.76974474228444,54.62612822611726,2.274621957538656,0.6427925014206721,1.631829456117984
frame_ra~_0.83_0.98,27.883160624908243,0.0,-0.01144688454480757,412.9429619279242,359.41349933278246,53.52946259514175,14.318877253096133,8.966256522775993,5.35262073032014
frame_mus_0.98_1.15,34.1452884877292,0.0,-0.19030166682874017,410.05560376136873,356.1597064195688,53.89589734179992,6.758642894031155,4.203832673583591,2.554810220447564
frame_u_1.15_1.18,14.43801749682639,0.0,-0.6045451718063906,399.4718649360245,354.96294847587916,44.508916460145315,4.619041699815952,1.1390209636405473,3.4800207361754047
frame_o_1.18_1.23,27.013286186729218,0.0,-0.4856658015757503,410.202476685506,363.75529755822606,46.447179127279924,2.47428160380025,1.3753958459442117,1.0988857578560385
frame_tEw_1.23_1.46,30.095567021783623,0.0,-0.49078503725434136,413.45832863560497,351.5950279576448,61.86330067796018,10.448866512704925,7.00709100814214,3.4417755045627842
frame_se~_1.46_1.7,21.697656634331096,0.0,0.10782963672340476,413.38547022820285,350.91550608894,62.469964139262856,11.158230554472539,4.493538593066248,6.664691961406291
frame_traw_1.7_1.93,37.91331903160486,0.0,-0.2624982923620502,408.267261759004,349.1652063002916,59.102055458712414,15.031184294380083,10.26725170868258,4.763932585697503
frame_na_1.93_2.07,39.39955886296225,0.0,-0.4714133692432148,410.5163112352394,355.96096691001367,54.5553443252258,2.8139627699491854,1.577162736717625,1.2368000332315603
frame_Ru_2.07_2.18,31.07174333813522,0.0,-0.6045451718063874,410.9162763366156,359.8585807730549,51.05769556356074,12.812857294536485,5.210415675746219,7.602441618790266
frame_a_2.18_2.29,25.66332178333525,0.0,-0.05358321548088555,411.7029091023652,361.34258135852724,50.360327743837956,13.391940526473519,5.184877595514976,8.207062930958543
frame_Si_2.29_2.56,14.139586852045312,0.0,-0.07852508393423249,415.82582331238643,349.76569586669154,66.06012744569483,3.636480670251771,1.062049342342931,2.57443132790884
frame_li_2.56_2.77,9.543372630279265,0.6499999999999999,0.6530527738502799,410.9379134301586,351.16455877381884,59.773354656339734,9.091596460407331,4.865491664612648,4.226104795794683
frame_ta~_3.42_3.61,21.075986112250675,0.0,0.19214413343072778,414.3560798514599,355.54230598905934,58.81377386240058,11.134467266323767,8.197501308388325,2.936965957935442
frame_be~j~_3.61_3.76,12.886842485702644,0.0,-1.1172809282041583,417.3582544310981,361.02109168720057,56.33716274389752,21.164065787466726,6.293248803286573,14.870816984180152
frame_na~w~_3.76_4.05,9.22749781825867,0.0,1.0065082053328738,415.4654886254458,347.19002165979475,68.2754669656511,7.003711082502079,4.843526071073896,2.160185011428183
frame_te~j~_4.05_4.3,10.58100681757,0.0,0.6328770216923604,414.8788032527904,351.54355602352075,63.33524722926967,24.991159512730462,8.490388743740965,16.500770768989497
frame_va_4.3_4.54,39.075721749901135,0.0,0.5731620151626083,407.92216121057413,346.8939735667948,61.02818764377935,11.852339098718986,8.182752508715211,3.6695865900037745
frame_ga_4.54_4.65,30.922823853760647,0.0,-0.5758709076837901,409.81964312184937,359.0093031855163,50.810339936333094,3.8681794304991115,2.4138884764726782,1.4542909540264333
frame_da_4.65_4.83,12.864265745444754,0.0,0.050874322959699084,414.21679384787564,356.8023680734798,57.41442577439585,33.054438893432916,12.432322925034555,20.62211596839836
frame_i_4.83_4.86,48.80055268252735,0.0,-0.496569574096805,381.2876035009347,339.2625234912126,42.0250800097221,1.8847348363540135,0.9669916992599212,0.9177431370940923
frame_fo~_4.86_4.98,4.572185154570917,0.0,-0.9849311799090094,414.74576917103457,361.78750398851923,52.95826518251533,10.959851589563968,4.971670695562096,5.9881808940018715
frame_mus_4.98_5.07,2.7533975174977314,0.0,-0.6045451718063874,410.7108233605671,363.44057357542306,47.27024978514402,12.354997115965233,4.038696650731069,8.316300465234164
frame_pro_5.07_5.18,39.45206006232522,0.0,-0.6595654918173686,415.9155527316067,365.1852412928838,50.73031143872288,105.6029839312503,71.65672346425734,33.94626046699296
frame_ku_5.18_5.38,41.8673476877635,0.0,-0.6045451718063874,415.16609479190475,355.1530590057822,60.01303578612254,63.5462904770358,37.620341455261894,25.925949021773903
frame_raX_5.38_5.77,27.01969274512352,0.39000000000000057,0.15533186140027908,411.4756577683735,336.3295736039215,75.14608416445196,9.99485209010976,5.349454859000616,4.645397231109143
frame_kwaw_6.16_6.26,122.32323638559285,0.0,-0.6045451718063998,411.0623856649815,360.79464182956303,50.26774383541846,5.945767138979761,1.3239763606690929,4.621790778310668
frame_kEX_6.26_6.76,3.416278699205975,0.0,-0.2624982923620502,412.27453257633385,326.8938105001217,85.38072207621215,36.134835163585976,13.277567161203876,22.8572680023821
frame_o_6.76_6.79,72.55675424933523,0.0,-0.833465182058983,372.35141540823975,331.7270643974789,40.624351010760904,10.760326518103938,6.152491954405377,4.60783456369856
frame_tEw_6.79_7.01,1.5512065979727936,0.0,-0.27838965791705433,415.4915333137313,353.3721693715832,62.119363942148084,8.45725055122739,3.493910505756446,4.963340045470943
frame_ow_7.01_7.08,3.49119555920484,0.0,-0.6595654918173686,410.70721214185596,364.1505626397916,46.55664950206443,5.941280152376379,3.161011839718668,2.780268312657711
frame_pe~_7.08_7.3,13.348768253756205,0.0,-0.0671861582662471,412.8381663081516,351.0554642383412,61.78270206981034,22.897788485635218,14.588049212159603,8.309739273475614
frame_sa~w~_7.3_7.53,14.759166319185397,0.0,-0.7240154474591841,413.0902968826971,350.3102648578721,62.780032024825005,3.377167035819866,1.4949842918718161,1.88218274394805
frame_e~j~_7.53_7.59,16.92674636776202,0.0,-1.117280928204166,409.8508504698316,362.13138579035785,47.71946467947373,4.360970615143856,1.831372613013869,2.529598002129987
frame_saw_7.59_7.82,29.501405700324113,0.0,-0.5758709076837901,412.10424205661957,349.48683725511535,62.61740480150422,49.516792149093675,18.737746817512758,30.779045331580917
frame_va_7.82_7.96,20.80986381700623,0.0,-0.36695583080263017,410.8817367240583,358.2763290611381,52.60540766292024,12.789426676804737,5.397060733221267,7.392365943583471
frame_doX_7.96_8.31,55.13865716150781,0.9000000000000004,0.9055317203572077,402.86930009803206,330.1792338388168,72.69006625921526,24.284067822927454,8.135821311558857,16.148246511368598
frame_a~_9.21_9.35,21.843103165149756,0.0,0.29393964241848475,415.0038482321458,360.9639443929368,54.03990383920899,26.518571561759103,15.067699345178141,11.450872216580962
frame_da~_9.35_9.73,4.825738139653339,0.0,1.8208722772350288,416.48690791632606,340.25102406176296,76.2358838545631,35.65671884854612,12.950283970718061,22.70643487782806
frame_mus_9.73_9.83,0.32320129265329456,0.0,-0.4664640034804948,398.1497072172839,351.0526489389824,47.09705827830152,13.885663908790406,4.215237229196418,9.670426679593987
frame_de_9.83_9.93,40.9601457383573,0.25,-0.12042678869560343,407.27294464206864,358.83756787476966,48.435376767298976,100.83457157127583,44.95343961461906,55.88113195665677
frame_pra_10.18_10.36,15.454826381394327,0.0,-0.053583215480890185,415.7503287881951,358.69136052593996,57.05896826225512,16.072843249967633,5.831529806157903,10.24131344380973
frame_tSi_10.36_10.42,9.857943206083263,0.0,-0.4965695740968143,393.59861071504093,350.6858267872782,42.912783927762746,2.352803008269831,1.6449276050485935,0.7078754032212373
frame_ka_10.42_10.54,0.8037934859240465,0.0,-0.4714133692432287,416.77346366591337,364.3226512162235,52.45081244968986,23.5197062787296,10.354646475370572,13.165059803359028
frame_me~_10.54_10.72,13.06666141699425,0.0,-0.0671861582662471,415.9686106684369,357.3896738185743,58.5789368498626,7.921798233540642,3.7121506345045105,4.209647599036131
frame_tSi_10.72_10.84,30.109924394440668,0.0,-0.07852508393422786,410.2643698257949,360.0777727791986,50.18659704659632,42.782828163746444,21.779571614564617,21.003256549181827
frame_dajs_10.84_12.24,61.64561682298846,0.0,2.1400250917713453,415.1665692261724,247.6862268136124,167.48034241256,62.51657286586408,46.05469145071126,16.461881415152817
frame_oj_12.24_12.46,1.0272131067101213,0.0,1.9489298618068944,416.47583660070126,354.35931032539355,62.116526275307706,17.980883717305005,7.977103174541185,10.00378054276382
frame_tu_12.46_12.83,9.388516491091664,0.0,1.1905100164300944,408.5090546644466,339.5421542814922,68.9669003829544,72.40075806692205,21.1465610775479,51.25419698937415
frame_a_12.83_12.97,22.012639194487505,0.0,0.25978939984086835,411.43868896299165,358.770816782063,52.66787218092867,12.125149933492693,8.139864074182839,3.9852858593098546
frame_tE_12.97_13.15,4.933604845022671,0.0,-0.27838965791705433,415.71438632347883,357.1598034804047,58.554582843074115,6.050743037016488,2.957112605808092,3.093630431208396
frame_mej_13.15_13.33,5.706348427540718,0.0,-0.777215967043153,415.15104980558505,356.3111247993118,58.83992500627323,11.42089636228954,4.645507444226723,6.775388918062816
frame_a_13.33_13.45,25.7848063604236,0.0,0.050874322959689806,411.920672686283,360.1033994992832,51.817273186999785,19.25925960900112,12.124893345327521,7.1343662636735985
frame_noj_13.45_13.78,21.331699519210716,0.0,1.0794314105988223,415.9565348170002,342.87643401447633,73.08010080252387,14.067104695678921,6.405665475606639,7.661439220072282
frame_tSi_13.78_13.89,27.49835936088084,0.0,-0.49656957409679575,394.7441174556366,346.5704834180219,48.173634037614704,63.11052942001472,18.98697856567773,44.12355085433699
frame_at_13.89_14.07,24.89719487821867,0.0,-0.47141336924321015,407.8944471796641,350.89757426521896,56.996872914445134,11.78385282183227,7.589180512602113,4.194672309230157
frame_rajs_14.07_14.26,32.2400866763591,0.0,-0.15804075392147018,413.32710268108923,353.8856092971423,59.44149338394692,14.033654851071361,6.09703084425594,7.936624006815421
frame_dZi_14.26_14.32,62.09512868254606,0.0,-0.49656957409679575,411.3481007445285,363.46024099678607,47.887859747742425,6.487355171549439,4.523889139657257,1.9634660318921817
frame_u~_14.32_14.35,57.10191307765007,0.0,-0.642910757320023,394.90372466156225,350.3811743215997,44.52255033996255,3.1376790688927088,1.2770242672050074,1.8606548016877014
frame_o_14.35_14.45,43.027937183629604,0.0,0.38383264963233354,408.27836363392754,359.14676504578335,49.131598588144186,1.7327192282860864,1.3215219235609368,0.4111973047251496
frame_tEw_14.45_14.67,22.832944656523907,0.0,-0.5969827269229743,411.96522085295265,350.41594624129544,61.54927461165721,1.0256820508931952,0.417577848673389,0.6081042022198062
frame_i_14.67_14.7,20.84527414045654,0.0,-0.4965695740968143,393.4068800609057,348.8710659796849,44.53581408122079,8.214482745901421,4.37696633273697,3.837516413164451
frame_na~w~_14.7_14.97,17.103793576841767,0.0,-0.7240154474591932,411.9782049526705,345.769869156021,66.20833579664952,8.905330674423396,4.524170921865732,4.381159752557664
frame_a_14.97_15.15,32.16066041756115,0.0,0.6776195536031883,407.32967371503224,351.7898324493574,55.53984126567485,14.764455517919401,9.77063600320318,4.993819514716222
frame_vi_15.15_15.36,37.78148106979805,0.0,0.7575638963909079,410.1866198257902,349.39467431103594,60.79194551475433,16.46125317475895,5.35621574625047,11.105037428508481
frame_a_15.36_15.39,29.691614373610662,0.0,-0.8892435230055301,383.6631123382505,341.55515457309514,42.10795776515539,4.997571566435795,1.6111698392385279,3.386401727197267
frame_a_15.39_15.45,27.783942348303185,0.0,-0.5758709076838087,394.0495993733819,348.64847730750705,45.40112206587486,30.721609213751663,21.920150826762594,8.801458386989069
frame_ko_15.45_15.6,41.315312921033396,0.0,-0.8334651820589986,410.0258109616907,354.419257056148,55.60655390554268,1.521606959492118,0.7332534668690869,0.7883534926230311
frame_mo_15.6_15.75,42.642207323446755,0.0,0.20993295939071907,409.71699064465724,354.29539992100274,55.421590723654504,5.015582533930456,2.6620073744013126,2.353575159529143
frame_da_15.75_15.95,67.24351539568625,0.0,0.2597893998408498,407.83014650620163,349.03243015807095,58.79771634813068,31.179293003606297,20.945913431860497,10.2333795717458
frame_sa~w~_15.95_16.2,71.11098485129867,1.0500000000000007,-0.6222199384714091,402.01524774511455,340.15775830341335,61.857489441701205,3.5211832170724264,2.120871543548688,1.4003116735237384
frame_a_17.25_17.33,16.45554329933465,0.0,-0.3669558308026487,408.93440124852066,360.60690907719413,48.327492171326526,12.041914397038738,8.357205432542713,3.684708964496025
frame_tE_17.33_17.53,14.707734281161592,0.0,-0.27838965791703546,411.82139917674414,355.5234622356385,56.29793694110566,77.57797716403294,22.02289797459133,55.55507918944161
frame_ki_17.53_17.61,70.77681297696552,0.0,-0.49656957409679575,396.0604567577929,349.4672239769396,46.59323278085333,3.0479017201113905,1.1281929839504627,1.9197087361609277
frame_nujs_17.61_17.81,17.123352689748543,0.0,-0.1903016668287095,410.3330664864724,354.06993779003244,56.26312869643999,77.06849605230119,23.76031972230537,53.30817632999582
frame_i~_17.81_17.9,10.440722006272566,0.0,0.26804595133229653,414.3844623218796,364.451655365865,49.93280695601453,4.743727582219819,2.594022878370211,2.1497047038496078
frame_dZi_17.9_17.99,19.126615493449364,0.0,-0.18303620647488839,413.4664212025179,364.59570866661477,48.870712535903124,15.640811012660834,6.4889411281438925,9.151869884516941
frame_ka_17.99_18.18,17.487394176102242,0.0,-0.3669558308026487,413.4016595671262,354.72017977643156,58.68147979069465,23.270539170164724,10.315808518843326,12.954730651321398
frame_ra~w~_18.18_18.29,20.292358007569376,0.0,-0.724015447459157,413.03619158355457,362.3488232411192,50.68736834243538,4.61174816683635,1.882576953406769,2.7291712134295807
frame_u_18.29_18.32,21.540281886570995,0.0,-0.6045451718063752,396.39466832892197,352.7866212956317,43.60804703329029,1.1304174371788633,0.74677274030131,0.3836446968775533
frame_o_18.32_18.35,25.39069620599213,0.0,-0.8334651820589676,395.24093758358936,350.74927872827476,44.4916588553146,2.0811801365759948,1.1885651820604863,0.8926149545155084
frame_tEw_18.35_18.66,16.600988000571206,0.0,0.1464011007575245,415.62885948525275,345.3106902841106,70.31816920114215,10.760696162161352,7.294330335506629,3.466365826654723
frame_Si_18.66_19.07,20.467273469394257,0.0,0.548541651309624,415.96779332787463,337.42656130023795,78.54123202763668,12.873129633329853,5.239704621298785,7.6334250120310685
frame_li_19.07_19.36,33.76922534640687,1.2899999999999991,1.2801195090941364,412.07130010982337,345.2750602779499,66.79623983187349,5.737391569780058,3.497900665344531,2.2394909044355273
frame_o_20.65_20.76,31.815825709436382,0.0,0.5577323398740097,409.6112762562496,359.25784516857726,50.353431087672334,6.332653774275187,2.2113577226421057,4.121296051633081
frame_tEw_20.76_21.11,18.074468303206288,0.0,0.14640110075748677,416.36830808674654,342.34015755343455,74.02815053331199,71.02561939939488,17.17448121698733,53.851138182407546
frame_ki_21.11_21.26,5.608775826863081,0.0,-0.3920584515561352,410.7436318337966,357.06888478846133,53.674747045335266,12.310961635086244,4.777450709876106,7.5335109252101375
frame_ko~_21.26_21.42,20.013589683640106,0.0,-0.7300543048673375,412.90161749574736,356.281443953452,56.62017354229539,105.84413703662231,52.91851688594181,52.9256201506805
frame_mu_21.42_21.55,31.316762487596435,0.0,-0.1903016668287095,412.625043550901,359.7687774966013,52.85626605429974,11.962322043113417,3.255170144813775,8.707151898299642
frame_dZijs_21.55_21.77,24.955590500222314,0.0,0.3395194062283772,413.2929822589913,351.78735782634726,61.50562443264403,3.9558847917967057,1.9414980250149512,2.0143867667817545
frame_a_21.77_21.82,23.550875789476038,0.0,-0.6803284461243702,410.6311002937532,364.0088237605034,46.62227653324982,2.6516453800944078,1.5384207848202465,1.1132245952741613
frame_mi~_21.82_21.96,23.147901750437157,0.0,-0.7045261828942527,413.19511660039296,359.95528241513176,53.2398341852612,1.958456016157598,1.112808684412542,0.8456473317450559
frame_Ja_21.96_22.02,28.89016652438923,0.0,-0.8892435230055301,413.28980100201375,365.8400496973004,47.449751304713345,1.6406279898545506,1.2210043227609333,0.4196236670936173
frame_es_22.02_22.16,13.37983040274736,0.0,-0.777215967043153,404.93641540517115,353.5361953338137,51.40022007135747,104.799784811715,41.78512375861979,63.01466105309521
frame_pO_22.16_22.35,5.533960525034075,0.0,-0.4464567309093018,416.7689296707526,357.14905078478273,59.619878885969854,10.202009143684919,2.88267738554984,7.319331758135078
frame_za_22.35_22.47,3.178169201946332,0.0,-0.3669558308026487,414.7219890675706,363.48371878834456,51.238270279226015,14.858726473035333,6.12752862641949,8.731197846615842
frame_de_22.47_22.6,13.798113904758722,0.0,0.09850293742024643,416.08317631756444,362.82505693222316,53.258119385341274,12.97051784258754,6.012199479763979,6.958318362823562
frame_vi_22.6_22.68,24.634489751059576,0.0,-0.49656957409679575,404.27317534615486,357.1693360945196,47.103839251635236,9.343037994937148,4.922374031245354,4.420663963691794
frame_teX_22.68_22.86,26.282690048227536,0.0,-0.7772159670432308,411.3266427634729,355.4717170877017,55.8549256757712,1.7905727437330086,0.7919367436555405,0.9986360000774681
frame_si_22.86_23.03,22.907831377437034,0.0,0.02598603860643268,413.3364071521809,356.11687999670517,57.21952715547576,3.5277936652491775,1.272368849987572,2.2554248152616054
frame_du_23.03_23.14,25.77427025573752,0.0,-0.3283828351546144,411.20954588177466,360.3143910115047,50.89515487026995,10.075743645750293,4.085720528883542,5.990023116866752
frame_fej_23.14_23.42,20.78528486582063,0.0,0.09850293742024643,412.1560750134984,345.99192621669033,66.16414879680809,5.041709331438426,2.4607514878798185,2.5809578435586076
frame_tu_23.42_23.52,18.595726814327847,0.0,-0.6045451718063752,411.6188776441954,360.99949290574995,50.61938473844543,10.451194306165831,4.076254174488781,6.37494013167705
frame_pa_23.52_23.72,28.82023200307303,0.0,-0.3669558308026487,411.5897472336238,351.92318703916607,59.66656019445776,4.927715853209563,3.2642508050481354,1.6634650481614273
frame_ra_23.72_23.84,27.55942454207964,0.0,-0.47141336924321015,410.3443709568518,358.82572498758697,51.51864596926481,6.565414458591206,2.9764247208111385,3.588989737780068
frame_Re_23.84_23.9,12.692292409955655,0.0,-0.7772159670432308,389.10800043775936,346.223141022472,42.88485941528734,84.8624975244267,47.18068447652857,37.68181304789813
frame_se_23.9_24.01,28.281238002909262,0.0,-0.5582862409272643,411.5319562460725,360.21491266240326,51.31704358366926,8.244309008987798,4.7789043350013,3.465404673986498
frame_beX_24.01_24.18,30.695766073416422,0.0,-0.7772159670432308,408.3975748681329,354.34733798162335,54.05023688650954,19.989128590895433,6.906828470392952,13.082300120502481
frame_u_24.18_24.26,25.216388625357254,0.0,0.08586066982305128,394.7940349681242,349.5083259472833,45.2857090208409,6.651023408002715,3.423166820887346,3.227856587115369
frame_pe_24.26_24.39,22.292237788391944,0.0,-0.3393565148114533,415.31233198298577,361.8604743907264,53.45185759225939,3.360595981443467,2.0727660916975736,1.2878298897458933
frame_dru_24.39_24.49,32.855463664416206,0.0,-0.46646400348051936,408.8998107208282,359.75189972469434,49.147910996133874,4.337320530491084,1.5672093587907767,2.7701111717003073
frame_aw_24.49_24.63,28.622203570859384,0.0,-0.053583215480853076,412.79777939387196,358.76897727146036,54.028802122411605,8.137871002858105,2.988557797243729,5.149313205614376
frame_va_24.63_24.69,34.415904964939074,0.0,-0.8892435230055301,405.59468383227613,358.9133709213961,46.68131291088008,4.4557651736895,1.6530737896272996,2.8026913840622
frame_ris_24.69_24.85,27.264595400876345,0.0,-0.49656957409679575,405.1151681968523,354.61148244134586,50.50368575550647,8.272378550646451,4.796759469649118,3.4756190809973333
frame_ka_24.85_24.98,0.5800732671970792,0.0,-0.5758709076838087,415.48465844618113,361.5791077782287,53.90555066795247,13.75489031516824,7.186394316324495,6.568495998843744
frame_braw_24.98_25.25,32.131845067156235,1.4400000000000013,-0.47141336924321015,410.44391338177843,346.4497293173465,63.99418406443192,21.234396487083558,10.724772072257778,10.50962441482578
frame_dZi_26.69_26.86,34.19794358757005,0.0,0.44403052876900057,405.86705877115986,353.47407916613645,52.39297960502341,15.656992987047957,9.71779692122088,5.939196065827076
frame_ta~w~_26.86_27.16,16.38041755102975,0.0,0.49753066039403476,418.89984944884003,348.7881075059745,70.11174194286554,120.26391268631853,24.76771611537913,95.4961965709394
frame_vE_27.16_27.7,0.676924963541012,0.0,3.4385294804854207,417.5553763443833,325.7112527847348,91.84412355964852,35.695312288929415,18.46873496850273,17.226577320426685
frame_Lu_27.7_27.78,8.936671741156403,0.0,-0.6045451718063752,398.11031251553254,352.02918136449415,46.08113115103839,26.240657025143918,17.900521516186217,8.340135508957701
frame_ki_27.78_27.86,82.61884178822459,0.0,-0.49656957409679575,413.67766405539487,366.3862683908027,47.29139566459219,4.040647222557055,1.1701334460866235,2.870513776470432
frame_E_27.86_28.24,25.88508363110111,0.0,2.907541032142202,416.4418634783849,338.8891545288368,77.55270894954805,41.62170700759762,25.45240683069221,16.16930017690541
frame_dZi_28.24_28.36,54.94943122924488,0.0,0.1304971611470561,409.2178454227886,359.04742875435056,50.170416668438065,36.64707375016746,11.469952047819888,25.17712170234757
frame_dZi_28.36_28.42,45.50569051441096,1.0999999999999979,-0.49656957409679575,387.1400927869133,344.04535043647206,43.094742350441265,74.17570918588714,41.93477559215049,32.240933593736656
frame_to_29.52_29.68,52.272419660802996,0.0,0.557732339873948,413.3481755585168,357.2935088872091,56.0546666713077,5.125378191550851,1.7394426232206683,3.385935568330183
frame_dus_29.68_29.77,57.51715558409181,0.0,-0.6045451718064243,405.7591703613401,357.5288653687213,48.23030499261881,6.167819908088418,2.8499790342392686,3.31784087384915
frame_ujs_29.77_30.03,62.64112665827997,0.0,-0.6045451718063752,409.4714175104568,345.72691732630227,63.744500184154504,12.683712232097236,5.847591891038377,6.836120341058859
frame_mO_30.03_30.28,58.59818843296729,0.0,0.6175289362108553,413.598638806046,349.94469817720073,63.65394062884525,7.354094039005318,2.3537849119529852,5.000309127052333
frame_vejs_30.28_30.61,86.94218213780785,0.0,-0.7772159670432308,400.7538543735556,332.53765504793256,68.21619932562305,45.76151524776488,26.879984715717455,18.881530532047428
frame_dZi_30.61_30.68,64.7212552520858,0.0,-0.39205845155617236,402.431064886424,354.5292049708636,47.90185991556041,7.680788447757834,4.121519149728698,3.559269298029136
frame_Za_30.68_30.89,66.59428432099557,0.0,-0.2624982923620502,409.4207321704809,350.164696120928,59.256036049552904,8.631834334819146,5.1025011369123945,3.5293331979067517
frame_ka_30.89_31.05,68.69951697862219,0.0,-0.47141336924321015,412.8871390583405,355.9390431747381,56.948095883602434,48.32932266242687,13.909784142920898,34.41953851950597
frame_ra~_31.05_31.28,71.70526522591032,0.0,0.9047126963451348,410.04354903736595,347.29038541780653,62.753163619559416,10.199625723076096,5.4554480203173625,4.7441777027587335
frame_da_31.28_31.58,60.191074657974966,0.0,1.1999072458060698,409.52737181562867,342.71564534027914,66.81172647534953,15.717399910648894,6.818618156287698,8.898781754361195
frame_e~_31.58_31.7,69.89255432226284,0.0,0.4578612267027279,410.1030042515897,358.8066781725184,51.29632607907132,2.314191919754691,1.6447888611953374,0.6694030585593538
frame_ta_31.7_31.9,73.52045089494169,0.0,-0.15804075392148872,407.43762653128374,351.03872459568,56.39890193560376,1.789741123326806,0.9105620188451269,0.879179104481679
frame_La_31.9_32.14,70.59446810821503,0.0,0.15533186140030691,409.4911635406118,347.6382865449593,61.85287699565248,5.119521778229441,2.6854731062265813,2.4340486720028593
frame_du_32.14_32.22,62.006770482247305,0.0,-0.6045451718063752,410.186406099473,362.0611936319464,48.12521246752658,7.4619401702080665,3.5073071595706438,3.954633010637423
frame_a_32.22_32.28,66.36691098184573,0.0,-0.5758709076837716,410.48059749286,363.6406448458657,46.83995264699428,0.34120253106442533,0.21057945365267017,0.13062307741175516
frame_ma~w~_32.28_32.62,62.36653701986485,0.0,-0.31683341150812927,413.47687612194227,340.38519302663383,73.09168309530844,8.246287385635895,4.568060202569157,3.6782271830667383
frame_majs_32.62_32.97,78.02226950009081,0.13000000000000256,-0.7847859845649686,410.7407777208994,338.4794200461999,72.26135767469952,36.54909142636385,12.803952310983618,23.745139115380233
frame_ta~w~_33.1_33.34,12.828481319228658,0.0,-0.8258109564469411,411.04638389553133,349.3419433634344,61.70444053209695,11.784679259045362,3.2108705623689957,8.573808696676366
frame_su_33.34_33.75,2.690824949143888,0.0,2.571321699688898,415.0491518958513,335.73626014690785,79.31289174894346,32.9734809339121,19.83812934126533,13.13535159264677
frame_Zu_33.75_33.9,58.13652336745558,0.0,0.6381853431265238,409.07475172448557,354.35407889355497,54.720672830930596,68.21340889003599,48.351065177017574,19.86234371301842
frame_ta~w~_33.9_34.19,47.393570097810326,0.0,-0.8258109564469411,409.3373891510729,345.4746901347158,63.86269901635711,47.48484613189105,16.241433500347597,31.24341263154345
frame_su_34.19_34.52,19.85213425599818,0.0,1.6047535214078092,414.0505192277086,341.40363626758244,72.64688296012616,12.789927516533652,6.311554800272162,6.4783727162614895
frame_Zu_34.52_34.66,9.38368087935332,0.0,-0.052220498502951754,409.7824124600704,357.22115416050804,52.56125829956238,22.061776808065247,13.200888800687963,8.860888007377284
frame_ki_34.66_35.04,38.84791881020432,1.009999999999998,1.6981639992567414,412.2709484067959,336.35598206594864,75.91496634084729,65.8331034758512,31.920862415512815,33.91224106033838
frame_ew_36.05_36.2,62.44069242508924,0.0799999999999983,-0.12042678869556454,409.57686778823904,355.9978062759433,53.579061512295766,7.792754585495885,5.091731035195451,2.701023550300434
frame_fuj_36.28_36.47,54.45994054385238,0.0,-0.46646400348051936,411.849996102329,352.9805253090771,58.86947079325188,3.297728038501077,1.4536383229079206,1.8440897155931566
frame_a_36.47_36.52,53.13754169035589,0.0,-0.680328446124333,409.52436328657177,363.2627192042745,46.261644082297266,1.3149429187559747,0.6376489328276875,0.6772939859282872
frame_w_36.52_36.55,53.48696766985934,0.0,-0.6045451718064734,396.03001710168246,350.697768756702,45.332248344980485,2.709443705390271,1.886328227124892,0.8231154782653789
frame_ba_36.55_36.85,40.577135853148164,0.0,0.5731620151626269,416.65857835076287,347.27629398907396,69.3822843616889,22.08422096392006,9.342571476286366,12.741649487633694
frame_Jej_36.85_36.98,28.048114867640834,0.0,-0.777215967043153,413.8394410818794,361.2339380413871,52.60550304049224,16.950154367644146,7.362877905491132,9.587276462153014
frame_ru_36.98_37.14,29.637917268657404,1.0899999999999963,0.7762665114524778,410.9237463958649,356.557606945575,54.36613945028989,90.89596326160743,51.24398194807132,39.65198131353611
frame_kwa~_38.23_38.47,10.83579314187756,0.0,0.3957351514062507,414.2929377793058,349.9667642115755,64.32617356773034,5.036937909770359,2.2755535955337365,2.761384314236622
frame_du_38.47_38.59,5.728169982424362,0.0,0.08586066982310034,411.084441631991,359.3716768241593,51.71276480783172,6.385039673660103,1.335445245787838,5.049594427872265
frame_ew_38.59_38.77,8.880759995501663,0.0,-0.7772159670433085,411.3027555993391,353.2980118635036,58.00474373583552,6.997450481298742,4.1637568467616575,2.8336936345370844
frame_es_38.77_38.83,5.536694310547517,0.0,-0.7772159670433085,401.75811693142606,355.7070497950769,46.05106713634916,4.64111069163387,1.5623677393453619,3.0787429522885077
frame_ta_38.83_39.03,10.951448699309225,0.0,-0.053583215480890185,409.9836553054537,352.7542981839656,57.22935712148808,5.521616008548392,3.2847718840872915,2.2368441244611006
frame_va_39.03_39.15,6.506091754536271,0.0,-0.5758709076838459,408.5049465777708,358.0787117783509,50.42623479941989,15.00443918290884,4.487547405315837,10.516891777593003
frame_la_39.15_39.28,4.771001916967833,0.0,-0.680328446124333,411.13281622485033,357.99174263530324,53.14107358954715,9.446796525168864,5.216025120379584,4.23077140478928
frame_E_39.28_39.31,3.795592411324648,0.0,-0.8093781062602543,395.57452476835414,350.85711252522395,44.717412243130184,1.0731427297802014,0.5019025854021919,0.5712401443780095
frame_la_39.31_39.48,7.931251192032377,0.5300000000000011,-0.15804075392152583,408.575208938002,353.3809192333903,55.19428970461172,13.583100670816663,8.021941328163564,5.561159342653099
frame_gri_40.01_40.18,36.21802710409338,0.0,0.23500828368771662,413.985392930891,356.8249557965484,57.1604371343426,15.020732618008367,7.094989906479228,7.925742711529139
frame_tow_40.18_40.34,26.25752582541196,0.0,-0.659565491817384,415.0456767840986,359.3097702786245,55.73590650547408,9.304721984162981,5.869952123389879,3.434769860773102
frame_niw_40.34_40.63,23.024477248827907,0.0,0.6530527738502845,415.49695317382566,348.6447242707613,66.85222890306437,85.96049426579165,34.991686623185444,50.96880764260621
frame_to~_40.63_40.77,53.39286051025344,0.0,-0.984931179908998,412.7478262176918,358.3071296919353,54.44069652575649,132.17436880072046,96.6923957027126,35.48197309800785
frame_ko_40.77_40.96,27.25034741971365,0.0,-0.3117661113340934,416.18300465557843,358.3468426548597,57.83616200071873,86.81901866855654,27.981315498555375,58.837703170001156
frame_Ri_40.96_41.02,1.0670406842001512,0.0,-0.49656957409679575,412.36702824516755,367.71667107635164,44.6503571688159,23.301396369856548,8.64935656410455,14.652039805751997
frame_a_41.02_41.22,12.688157543399086,0.0,0.8865346304843111,411.4763496277492,356.5719570721351,54.904392555614095,23.639467122999847,10.947593985619335,12.691873137380512
frame_ki_41.22_41.45,65.64157585967847,0.44999999999999574,0.7575638963909822,410.8693235236092,348.5031079488528,62.36621557475638,32.7499542590465,6.608721123682102,26.141233135364395
frame_ew_41.9_42.03,90.85247409983646,0.259999999999998,-0.558286240927342,408.5580052906126,357.40373067772737,51.15427461288522,14.703757873081656,5.3903820129625615,9.313375860119095
frame_fuj_42.29_42.48,17.741066062193923,0.0,0.36202300647481206,414.34905214258094,355.83750191816057,58.51155022442032,25.23734251056588,11.02663132330099,14.210711187264891
frame_veX_42.48_42.79,40.862096221474914,0.0,-0.33935651481153106,414.11595538995584,345.3310040063927,68.78495138356317,43.850617910452094,9.153383036141719,34.697234874310375
frame_u_42.79_42.86,30.53305194625797,0.0,-0.052220498502853645,407.79383833095187,363.3134630184367,44.48037531251515,4.597143540217587,3.7466166758447343,0.8505268643728527
frame_ki_42.86_43.01,61.87075781782387,0.0,-0.2875473290155489,412.7114687243109,357.0498672010902,55.661601523220725,62.25272150616717,40.99641217729446,21.25630932887271
frame_E_43.01_43.09,18.35364326139441,0.0,-0.2783896579169977,411.22946865515746,363.4596185191881,47.769850135969364,3.7883051937579495,1.6239860827319461,2.1643191110260034
frame_i_43.09_43.27,31.222113795728504,0.0,1.0710972640128524,411.82444330317423,354.36384656261424,57.46059674055999,7.115423841030633,5.566476715363251,1.5489471256673824
frame_es_43.27_43.53,29.98162212770879,0.0,-0.7772159670433085,405.4244581534774,342.86594962404,62.558508529437404,9.1022004542194,3.8382191218857997,5.2639813323336
frame_pi_43.53_43.75,5.170969261067853,0.0,0.02598603860639555,412.34590850499995,350.76625995958744,61.57964854541251,10.534170275454287,6.196016034427316,4.33815424102697
frame_a_43.75_43.89,0.07490775491612567,0.0,0.25978939984086835,414.83892749167836,360.76815494803355,54.07077254364481,25.226983044744443,8.822897727404495,16.40408531733995
frame_ujs_43.89_44.04,14.866608406277749,0.0,-0.6045451718063752,408.4863177663363,354.0132954607457,54.473022305590575,33.892248206463805,17.931197595782663,15.961050610681141
frame_e~_44.04_44.16,27.262195434790215,0.0,0.4578612267026657,411.4900065033968,360.4549710025691,51.035035500827746,5.99369178353912,4.331501118075238,1.662190665463882
frame_ta_44.16_44.47,48.45236574690318,0.0,0.7820770920437498,413.4211080705825,343.18784354649256,70.23326452408992,45.04149010554203,15.682442589544948,29.359047515997084
frame_Lis_44.47_44.79,42.38508179575854,0.259999999999998,0.33951940622834004,410.6497379301359,341.42597046730015,69.22376746283578,5.1090674029179866,2.9786207389376216,2.130446663980365
frame_e~j~_45.05_45.14,15.536797720985575,0.0,-0.7672493382247768,411.182518942604,363.08467458462604,48.097844357977976,23.37576221720242,13.42253867881719,9.953223538385231
frame_ka_45.14_45.37,16.028331869436983,0.0,0.1553318614002327,413.9000564396666,352.75910210643224,61.14095433323433,97.69854649610639,34.665088832814604,63.03345766329179
frame_da_45.37_45.57,0.7267443086131209,0.3200000000000003,0.46870447672206544,414.3274831252602,355.07612438161857,59.251358743641674,21.59082324395996,10.85927469899093,10.73154854496903
frame_e~_45.89_45.95,11.335532376882497,0.0,-0.59223354323516,414.691404074646,366.6462956093951,48.045108465250905,4.491791559043904,2.6543034181649574,1.8374881408789463
frame_ta_45.95_46.22,20.80352296378699,0.0,0.050874322959671245,415.2016115299722,349.43088996553854,65.77072156443359,73.75276855391,28.24759809278278,45.50517046112722
frame_Li_46.22_46.29,5.449142103800369,0.0,-0.49656957409679575,408.09475371036314,364.8217668072235,43.27298690313961,8.697645337906053,6.61858550636623,2.0790598315398228
frame_a_46.29_46.39,0.8163052925035572,0.0,-0.15804075392145162,414.1308351101805,363.1429450065459,50.987890103634584,9.241609936190414,4.057022797240421,5.184587138949993
frame_vi_46.39_46.5,1.3304426807587504,0.0,-0.49656957409679575,413.09738836291103,360.8691671053207,52.22822125759029,4.97958747452995,2.00229696937555,2.9772905051544
frame_a_46.5_46.55,0.2625039178444979,0.0,-0.6803284461244072,409.84520026437593,366.11126120609214,43.733939058283795,1.427245507204134,0.4836380269547931,0.9436074802493408
frame_u~_46.55_46.58,0.552171991657147,0.0,-0.6429107573200101,396.17185815370095,351.7181370520219,44.45372110167904,2.7618245212055683,1.7142896597484452,1.0475348614571232
frame_ma_46.58_46.7,4.868309275046741,0.0,-0.26249829236201305,412.31783797204326,359.87697386579475,52.44086410624851,8.179439270490803,5.870250066837599,2.3091892036532045
frame_ba_46.7_46.91,10.65636730575882,0.0,-0.26249829236208727,414.8594858536959,353.35744873279566,61.50203712090024,20.953328335142075,8.300075905052879,12.653252430089196
frame_ra_46.91_47.16,37.54141794052761,0.0,0.9909921689248726,408.10676836074686,346.49925138115464,61.607516979592276,10.049285760863427,5.9092758437973885,4.140009917066038
frame_ta_47.16_47.4,64.10054056781725,0.259999999999998,0.25978939984086835,408.6500854126656,346.6734695897728,61.97661582289277,0.20042523454247885,0.05130538345633795,0.1491198510861409
frame_majs_47.66_47.79,6.927843159400936,0.0,-0.7847859845649686,409.9823530433846,357.5642691682933,52.41808387509133,4.631464288990642,3.0055792519426348,1.6258850370480076
frame_u~_47.79_47.82,4.87878917485304,0.0,-0.6429107573200101,392.26988980736826,347.9631750143015,44.30671479306676,2.2662498159917988,1.34357284200847,0.9226769739833287
frame_ma_47.82_47.93,6.573834443819251,0.0,-0.47141336924321015,409.05766771066874,359.264618938365,49.793048772303734,8.23755546518123,4.286344606498147,3.9512108586830834
frame_ba_47.93_48.14,27.506068837576663,0.0,-0.3669558308026487,411.1455553452347,350.3303435696913,60.81521177554339,53.34107333824334,23.22838846338263,30.11268487486071
frame_ra_48.14_48.35,6.156981349702434,0.0,0.6776195536031883,409.2175126946075,349.9139951551621,59.30351753944535,3.270346149861936,1.4626760970192265,1.8076700528427097
frame_ta_48.35_48.56,0.2660853792606872,1.8399999999999963,0.15533186140030691,410.27725625410824,350.6580994563068,59.61915679780151,13.626123876281085,8.039137039728729,5.586986836552356
frame_dZi_50.4_50.91,96.66101909265169,0.6800000000000068,4.206430940232149,411.6664290320768,324.3635958077829,87.30283322429389,43.60568786348737,18.577190021813195,25.028497841674174
frame_kwa_51.59_51.81,0.2956623924361139,0.0,0.15533186140030691,421.9297096608535,358.89289389741714,63.03681576343632,8.283294348126745,4.569208995029129,3.714085353097616
frame_zi_51.81_51.9,1.3181176825345204,0.0,-0.49656957409679575,410.66388542135144,361.8107274652736,48.85315795607784,2.611381752422602,1.143050474053254,1.468331278369348
frame_u_51.9_51.99,7.557514973629992,0.14000000000000057,0.22394183814895618,407.8343688306303,359.53680094292025,48.297567887710045,9.535946468604067,5.676392064252269,3.8595544043517975
frame_do_52.13_52.25,13.897248399405285,0.0,0.20993295939078085,416.3833833787257,364.1574891309862,52.22589424773946,9.648021916553816,4.39447441810826,5.253547498445556
frame_bru_52.25_52.41,33.01854295964327,0.0,0.08586066982300222,415.4535945016694,358.9458160064037,56.50777849526577,16.53477917746973,7.514689978153115,9.020089199316615
frame_da_52.41_52.51,45.10401443113575,0.0,-0.6803284461244072,413.4703369013984,362.9451920723563,50.52514482904212,4.764677279886129,2.0627207154453373,2.701956564440792
frame_na_52.51_52.6,41.683790867281985,0.0,-0.7847859845649686,412.9177673470041,364.1125708393747,48.805196507629375,1.7942907821545901,0.7941032643974211,1.000187517757169
frame_ba_52.6_52.79,48.76251869700164,0.0,-0.3669558308026487,413.3977521328789,353.7800321167039,59.617720016174985,14.022451565891856,7.293183958928907,6.729267606962949
frame_ra_52.79_52.92,47.42489222244777,0.0,-0.15804075392145162,411.52833291053014,358.67956679279143,52.84876611773876,4.639114359180638,3.103089176716466,1.5360251824641722
frame_ta_52.92_53.07,47.18873397683804,0.0,-0.6803284461244072,411.7043212543579,356.31548373492353,55.38883751943439,13.477332964391522,5.328161737508793,8.149171226882729
frame_ka_53.07_53.24,37.377108117817,0.0,-0.15804075392145162,413.439773286605,357.15782436401184,56.28194892259313,3.8781804464971827,3.109368297035715,0.7688121494614677
frame_zej_53.24_53.48,6.638616309549491,0.0,0.31743266353621297,415.2371182465381,353.5506500136371,61.68646823290101,63.7413456096005,24.35739156808384,39.38395404151666
frame_ra_53.48_53.64,15.508559678887238,0.259999999999998,0.15533186140030691,412.1964729752384,357.838039009781,54.35843396545738,66.62556901502724,33.86328855340865,32.76228046161859
frame_i_53.9_53.97,2.673468834783179,0.10000000000000142,-0.07852508393422786,405.49042751628207,359.37626194582685,46.114165570455214,21.533344636306566,14.154902620472782,7.378442015833784
frame_pre_54.07_54.34,2.493389961742295,0.0,2.068870472463012,414.9481079657854,349.7688521702301,65.17925579555532,71.76662584596309,7.53729276815767,64.22933307780542
frame_ta_54.34_54.63,1.8211073532567639,1.2399999999999949,0.9909921689249468,395.36643931377546,330.23480679832676,65.1316325154487,1.3759877305591033,0.5460907100824102,0.8298970204766931
frame_majs_55.87_56.0,29.90873860505137,0.0,-0.7847859845649686,411.3898339607711,358.2370163033291,53.15281765744203,11.438698383106825,5.026278314502719,6.412420068604106
frame_e_56.0_56.08,13.140216991745419,0.0,0.3174326635360574,414.1344666744215,365.1697594314142,48.9647072430073,1.2862635347537719,0.6173877629171614,0.6688757718366105
frame_ra_56.08_56.25,147.3220756514418,0.10000000000000142,0.15533186140030691,414.0109642068519,358.5603425143513,55.45062169250059,416.7704814794741,261.3420195710791,155.42846190839498
frame_u~_56.35_56.46,8.744940280298664,0.0,-0.062311760971691034,415.4642752411874,363.6325074082269,51.83176783296051,29.07673546981846,14.096337850428341,14.980397619390118
frame_ma_56.46_56.59,18.599737723998345,0.0,-0.26249829236201305,412.1693575098011,359.8044421591966,52.36491535060452,15.617557982707893,6.095697878159797,9.521860104548097
frame_ko_56.59_56.77,89.67290078255985,0.0,-0.48566580157567696,410.9552190943398,354.2571242721092,56.69809482223059,2.0473614314629174,0.686551790484188,1.3608096409787294
frame_la_56.77_56.97,21.443919760066635,0.0,-0.26249829236208727,411.7118971107913,351.1243794130027,60.5875176977886,5.629259943028927,4.011962961296959,1.6172969817319682
frame_da_56.97_57.06,21.325305306444406,0.0,-0.8892435230055301,410.76509687764786,361.52157456052817,49.2435223171197,7.990163811791319,3.2063521270238624,4.783811684767457
frame_na_57.06_57.12,28.902745034173023,0.0,-0.8892435230056043,410.5355812967018,363.60138687775424,46.934194418947584,1.8797060024351993,0.7694416625938771,1.1102643398413221
frame_ow_57.12_57.39,49.752437233341,0.0,-0.8334651820589676,410.64503754635587,345.74847836235494,64.89655918400092,17.65892231293327,8.902826751281438,8.756095561651833
frame_tra_57.39_57.55,51.36462424887452,0.44000000000000483,-0.5758709076838459,407.8764406156845,353.8979740670602,53.97846654862428,4.642180816343156,3.150909596042837,1.4912712203003196
frame_tSi~_57.99_58.09,5.626052821502242,0.0,-0.5424308271897414,414.5381922263268,363.7519883575982,50.78620386872865,1.6883460309168328,0.7404445591394762,0.9479014717773566
frame_Ja_58.09_58.51,8.579736613243682,0.7000000000000028,2.5578552455336654,415.79035312153496,336.7078169496657,79.08253617186932,43.044125681565674,14.939814393490067,28.104311288075607
frame_mej_59.21_59.34,9.843414103203685,0.0,-0.777215967043153,417.79137338358805,363.9255333245559,53.865840059032166,19.27851688379829,8.210031668162003,11.068485215636287
frame_a_59.34_59.5,1.8581617703877384,0.0,0.4687044767219912,417.02031964261784,361.1472430767826,55.87307656583522,14.528671950154887,5.779643376865522,8.749028573289365
frame_se~_59.5_59.76,7.624739326470177,0.0,0.9829086116716407,415.87369921610065,351.34499524258257,64.52870397351808,35.02855056627824,14.025057240642582,21.00349332563566
frame_te~_59.76_59.97,10.292254817369823,0.0,0.10782963672343196,418.24161817344174,356.4087472148381,61.83287095860362,6.753471666224073,4.0061087478391215,2.747362918384951
frame_na_59.97_60.55,5.546729398667381,0.0,4.542548475904703,416.71676238210466,320.84166180990655,95.87510057219811,33.682283867116894,16.139755329270216,17.542528537846678
frame_nu_60.55_60.61,25.416722634739543,0.0,-0.6045451718063752,416.1193178444508,367.214877660048,48.9044401844028,6.821661028600559,3.6738848786789333,3.1477761499216257
frame_mi_60.61_60.67,32.635686553822595,0.0,-0.49656957409679575,414.48496607946424,365.94838800110733,48.53657807835697,1.1040951878967604,0.8099154600462697,0.29417972785049074
frame_ni~_60.67_60.73,37.84733707433713,0.0,-0.7045261828943679,412.09616101898206,365.1570243266659,46.93913669231614,1.5910681026759903,0.8224352665313575,0.7686328361446328
frame_mu_60.73_60.79,39.2240332513898,0.0,-0.6045451718063752,411.57053053764923,363.6077650017143,47.96276553593492,1.5149699963896381,0.7660695415239331,0.748900454865705
frame_na_60.79_60.85,28.98149519696527,0.0,-0.8892435230055301,395.87752341174314,352.48945444801575,43.38806896372739,76.07768953119911,43.607587916025196,32.47010161517392
frame_ke_60.85_60.96,34.43693839345853,0.0,-0.777215967043153,413.1151247094067,361.1402587826156,51.9748659267911,0.456554841583241,0.16164811740121365,0.29490672418202735
frame_lis_60.96_61.14,41.68588685360305,0.0,-0.2875473290154747,410.84548225610916,355.4186841378798,55.426798118229385,11.130942264555102,6.407979675618961,4.7229625889361415
frame_mO_61.14_61.37,50.35545559554774,0.0,0.26286704717069787,408.0686565996375,346.54674230966936,61.52191428996815,3.182019081434447,0.9312418171390107,2.2507772642954365
frame_vejs_61.37_61.67,42.210477606697836,0.519999999999996,-0.558286240927342,393.4125424370774,328.1301265948483,65.282415842229,128.08970454880927,92.9834107923027,35.10629375650656
frame_i~_62.19_62.23,38.25136278512912,0.0,-0.5424308271898566,402.12250178584804,356.1151073330673,46.00739445278077,8.466407575372642,2.564260253043358,5.902147322329284
frame_me_62.23_62.35,37.96838307006068,0.0,-0.777215967043153,413.5433917882554,361.5187030273224,52.02468876093303,2.7491311141175743,0.8137631691473928,1.9353679449701815
frame_dZi_62.35_62.48,41.2327783824187,0.0,-0.2875473290155489,411.9239381304518,359.86234590835,52.06159222210181,10.753828933852091,4.314155876797869,6.439673057054222
frame_a_62.48_62.56,40.181156185433835,0.0,-0.3669558308025745,408.4360827583758,362.9223198540226,45.5137629043532,1.7688086207450198,0.6343147131071447,1.134493907637875
frame_ta_62.56_62.72,66.97683258316265,0.0,-0.47141336924321015,410.20256256692585,354.8351915941023,55.367370972823494,46.03897087005202,23.958484108981523,22.080486761070496
frame_me~_62.72_62.98,45.49199489728717,0.0,0.6328770216922827,411.6240900399753,347.56239225431466,64.06169778566061,8.073528830574148,3.995120226217395,4.078408604356753
frame_tSi_62.98_63.24,54.340902327828445,0.4199999999999946,0.4440305287690377,409.7847584368153,347.17957484778515,62.60518358903016,69.81458557563857,36.72756622162656,33.08701935401201
frame_a_63.66_63.76,51.16653762824129,0.0,-0.15804075392145162,409.65536046165204,359.9989196790603,49.656440782591744,60.9977493159432,30.131902933477008,30.865846382466195
frame_Ru~_63.76_63.87,30.21376708472883,0.0,-0.5703358827764832,410.8782728519561,360.0774959719541,50.80077688000205,12.279820520533178,7.260614880450788,5.01920564008239
frame_ma~_63.87_64.1,46.644029407574635,0.0,-0.01144688454488555,412.67603432001613,349.7032127680401,62.97282155197604,10.95173925109168,6.523160048232242,4.428579202859439
frame_mus_64.1_64.24,39.87665260616198,0.0,-0.4664640034804212,407.12336655730934,355.2151877884874,51.90817876882193,14.626820242391489,7.082894407743879,7.5439258346476095
frame_a_64.24_64.32,41.0493945547297,0.0,-0.3669558308026487,408.78596067593253,363.0141810196526,45.77177965627993,7.3477251633776035,3.925091689658757,3.4226334737188466
frame_ma_64.32_64.53,43.943636121481106,0.0,-0.26249829236201305,413.33983021668064,351.6827797746065,61.65705044207414,6.949249119323355,3.250949325626223,3.6982997936971316
frame_la_64.53_64.65,32.49661324343326,0.0,-0.5758709076837716,411.711143964241,359.42512428420986,52.28601968003113,8.435552904237454,2.966906344097609,5.468646560139845
frame_des_64.65_64.96,41.0841629346956,0.0,0.9742218418836459,412.8539984379006,343.993676561263,68.86032187663761,60.34459803247259,17.49896495580522,42.84563307666737
frame_e~_64.96_64.99,36.161584063216836,0.0,-1.117280928204135,396.1577626619106,351.5137938529981,44.64396880891246,1.076509964990251,0.8460572477781199,0.23045271721213112
frame_mus_64.99_65.16,34.02238883776157,0.0,-0.3283828351546635,413.50099516236503,355.6098181811338,57.89117698123124,7.58222277868208,3.697770874376303,3.8844519043057772
frame_i_65.16_65.2,34.948571195627764,0.0,-0.3920584515560981,404.41926372257404,358.9509545605429,45.46830916203112,1.205319756224469,0.7705018772376491,0.43481787898682
frame_fo~_65.2_65.38,30.43193870195654,0.0,-0.7300543048673828,410.9283949319158,353.110275928298,57.818119003617824,10.427206992368795,2.9157445569952785,7.511462435373517
frame_mus_65.38_65.56,32.5268215324203,0.0,0.6381853431266219,408.02713622408515,352.6024741162385,55.42466210784664,7.517679728634164,4.619385889677332,2.898293838956832
frame_pa_65.56_65.7,40.52158839442242,0.0,-0.3669558308026487,412.15479542404324,358.8292083391322,53.325587084911035,59.75222045799555,14.365743084450756,45.38647737354479
frame_ra_65.7_65.76,35.068277607176185,0.0,-0.8892435230055301,404.1370987878454,358.0978133247901,46.03928546305531,3.106066993111938,1.6121952123786798,1.493871780733258
frame_Ru_65.76_65.82,37.59375573544504,0.0,-0.6045451718065714,411.2148825562646,363.17864086601446,48.036241690250165,3.3885954292718736,1.1729849109374584,2.2156105183344152
frame_a_65.82_65.85,49.75579259871361,0.0,-0.8892435230055301,396.61123058080847,352.3444147618328,44.26681581897566,7.527335734484126,3.932068540854999,3.5952671936291267
frame_ow_65.85_65.92,43.55242252550002,0.0,-0.6595654918172605,411.40093878414734,363.3141233156003,48.08681546854706,2.427185062076049,0.7809874697515653,1.6461975923244836
frame_tra_65.92_66.13,36.024064266289145,0.0,-0.47141336924328436,412.6463280540857,351.41946043500565,61.22686761908005,21.839041115729614,13.334089353924952,8.504951761804662
frame_vejs_66.13_66.36,44.96317499347727,0.0,0.536362389652024,410.87449740845005,350.3164565965154,60.55804081193463,5.98490556643425,3.658950444148772,2.325955122285478
frame_ew_66.36_66.49,47.95068814709778,0.0,-0.777215967043153,407.5504069805256,356.90159506705385,50.648811913471775,13.411456038364946,7.7498437554002635,5.661612282964683
frame_dZi_66.49_66.64,44.28253006540534,0.0,0.33951940622834004,410.6984160385864,356.609003195783,54.089412842803426,6.617127191235298,1.6711492993683805,4.945977891866917
frame_si_66.64_66.77,30.390693609915587,0.0,-0.2875473290155489,420.7963557194204,367.1848746604728,53.61148105894762,268.97468314061877,213.85332006788798,55.12136307273079
frame_bo~_66.77_67.04,49.96440980597927,1.0899999999999892,0.41689163282015773,409.8581545272124,345.94053723814835,63.917617289064026,13.636760595480624,7.451371656927094,6.18538893855353
frame_va~_68.13_68.34,55.6361683471856,0.0,-0.7240154474591208,411.25199607909644,349.8890764182866,61.36291966080984,31.019836471885654,17.253633419961474,13.76620305192418
frame_mus_68.34_68.54,32.97331837796963,0.0,-0.3283828351546635,411.27466857567424,352.53689347403105,58.737775101643194,15.53442188798114,8.752005424918721,6.782416463062418
frame_a_68.54_68.67,22.14928727350552,0.0,0.1553318614002327,413.0253798398277,360.13572377495285,52.88965606487483,9.916272628699573,5.816160555013468,4.100112073686105
frame_w_68.67_68.7,6.18879954369261,0.0,-0.6045451718063752,389.9770770385609,345.56790799708324,44.409169041477696,21.902563468065495,10.508832033291341,11.393731434774153
frame_a_68.7_68.73,19.076452811489062,0.0,-0.8892435230055301,375.08495200973687,333.60545647228275,41.47949553745411,1.5677634617378118,0.6272002276620157,0.9405632340757961
frame_tE_68.73_69.05,15.152263435025503,0.0,1.2083779974439244,417.0381795213376,345.004151390407,72.03402813093061,14.718776100877463,8.011211198329505,6.707564902547958
frame_u_69.05_69.1,69.29250712188664,0.0,-0.3283828351546635,404.46351314849926,359.3970723463001,45.06644080219917,0.13683539200982864,0.03589866541894082,0.10093672659088782
frame_o_69.1_69.13,10.758766942112032,0.0,-0.8334651820589676,375.8666451840716,335.12627639022907,40.74036879384255,7.652018502921962,5.879408507788639,1.7726099951333225
frame_tEw_69.13_69.35,25.2006363860187,0.0,0.04020341108886564,413.93796330501607,353.00064455248844,60.937318752527574,14.134391106134359,9.677219180204148,4.457171925930211
frame_Si_69.35_69.67,33.809821526786635,0.0,0.33951940622834004,414.58486563302705,343.10205217047877,71.48281346254828,47.72093787905143,13.145468983173942,34.575468895877485
frame_li_69.67_69.78,13.812229785239069,0.0,-0.3920584515560981,413.2306844050802,362.57854991816265,50.65213448691753,12.996419374966067,3.162186508172212,9.834232866793855
frame_veX_69.78_69.98,25.158050023028153,0.0,-0.5582862409271865,414.1773770791004,353.98116143933606,60.19621563976432,5.361274283775543,3.6483056110759122,1.7129686726996312
frame_si_69.98_70.13,3.4857320148887254,0.0,-0.18303620647485128,411.5593989172015,356.53202698209316,55.02737193510836,7.26554650844318,3.9365438583758134,3.329002650067366
frame_ko~_70.13_70.27,38.4828989898798,0.0,-0.6026158673464845,412.47839611745576,358.5509958622219,53.92740025523386,47.54169713782269,16.779883595399596,30.76181354242309
frame_se_70.27_70.41,55.87951559728171,0.0,-0.12042678869556454,407.120835841649,353.94858962618673,53.17224621546228,48.74768868577418,30.22230988400983,18.525378801764347
frame_gi~_70.41_70.53,27.632010755659678,0.0,-0.056144760076438024,415.05631363281026,362.43272938028474,52.62358425252552,6.227646556403968,3.3784912024349723,2.849155353968996
frame_mus_70.53_70.67,25.586150754706566,0.0,-0.6045451718063752,415.31214025538685,359.65074968150134,55.66139057388551,5.998111707110127,2.201979493103366,3.796132214006761
frame_aw_70.67_70.73,25.80799035530177,0.0,-0.8892435230055301,410.2188159651146,363.3992851766537,46.819530788460895,1.545066939833589,0.3280059040689025,1.2170610357646865
frame_gu~_70.73_70.8,28.00262423926199,0.0,-0.6429107573200101,410.03834164171207,361.20997618849026,48.82836545322181,12.132599805449118,6.017646153809466,6.114953651639652
frame_ma_70.8_70.93,23.842894637925767,0.0,-0.26249829236201305,412.64092386566585,359.8034987133829,52.83742515228295,7.084295659071103,3.3171097394358924,3.76718591963521
frame_koj_70.93_71.11,44.31791678333191,0.0,-0.3117661113340934,412.7026585598336,354.7543554169039,57.94830314292972,35.20198333607663,6.21538876915389,28.98659456692274
frame_za_71.11_71.17,9.800991676477494,0.0,-0.8892435230055301,390.64237670729375,347.0828021919519,43.559574515341865,21.227026019274135,11.549163718076741,9.677862301197393
frame_si_71.17_71.26,60.961643044802656,0.0,-0.2875473290154004,412.16425373053954,362.595667980948,49.568585749591534,33.24636733970368,17.4080190659362,15.83834827376748
frame_na~w~_71.26_71.38,20.016869215679478,0.0,-0.8258109564469411,411.9605153898005,361.1803070038217,50.78020838597877,3.8512694034203037,2.1136960626859462,1.7375733407343574
frame_ko~_71.38_71.55,23.450474513230063,0.0,-0.34773899230486927,414.1314275066506,356.0316375479414,58.09978995870921,69.33707332981035,17.445746403405124,51.89132692640522
frame_se_71.55_71.68,7.8501840237885006,0.0,-0.5582862409271865,410.85425262832985,357.61745185745934,53.2368007708705,2.398467889506634,0.819104524503274,1.5793633650033598
frame_giX_71.68_71.85,20.03768022659321,0.0,0.1304971611469447,415.5755723966005,358.1926648965806,57.38290750001988,19.766971526307074,10.421651281061727,9.345320245245347
frame_va~_71.85_71.96,4.263841055390628,0.0,-0.6222199384714453,414.9270428122094,363.3432169672395,51.58382584496985,17.745160604482294,6.645843252022644,11.09931735245965
frame_mus_71.96_72.05,19.203740952826166,0.0,-0.6045451718063752,412.1584288059528,364.2973130697833,47.861115736169495,8.30366073969563,3.5666939242055093,4.7369668154901206
frame_fi_72.05_72.11,13.171863700083776,0.0,-0.49656957409679575,404.4926047504208,358.4440535256566,46.048551224764196,31.756231089270372,20.53235979714006,11.223871292130312
frame_kaX_72.11_72.23,6.33798498306507,0.0,-0.8892435230055301,414.2624227862592,362.50749704887403,51.75492573738518,9.70875380654698,6.231293338650403,3.4774604678965773
frame_a~_72.23_72.28,25.931856660122136,0.0,-0.6222199384714453,409.9459585981455,363.53082545270615,46.41513314543937,4.1338597788088265,2.243089054485054,1.8907707243237724
frame_da~_72.28_72.45,24.577121146130295,0.0,-0.011446884544813221,411.2085585873677,355.6202528012004,55.58830578616727,6.214507210716164,3.07195186765631,3.142555343059854
frame_du_72.45_72.52,25.369323453923514,0.0,-0.6045451718063752,411.9967058830942,363.88907109367614,48.10763478941806,7.763320655983904,1.4340222778009775,6.329298378182926
frame_a_72.52_72.57,28.044963661904234,0.0,-0.6803284461244072,407.54066656730754,361.00822600084626,46.532440566461275,3.6303492403492754,2.181707584952875,1.4486416553964006
frame_tE_72.57_72.7,69.83747934680392,0.0,-0.8093781062602543,413.38090551869703,360.2919436241886,53.08896189450843,3.476533047469921,1.0956650469445535,2.3808680005253677
frame_a_72.7_72.75,19.58726082069623,0.0,-0.6803284461244072,411.48631417482176,365.18414207835394,46.302172096467814,1.2896718290681832,0.7460186110134117,0.5436532180547715
frame_ma_72.75_72.89,19.425741676882623,0.0,-0.6803284461244072,415.96666394829,360.9248839432117,55.041780005078294,2.784455887688935,1.7211636895711422,1.063292198117793
frame_Ja~_72.89_73.08,18.69261056480245,0.0,0.2939396424185028,414.1754193302585,355.50090359385325,58.674515736405226,3.5369926220696186,1.9298651871966825,1.607127434872936
frame_a_73.08_73.14,12.780626492894669,0.0,-0.5758709076837716,423.0225959254807,374.83756118318047,48.18503474230022,0.6913242274251274,0.36579902568585965,0.3255252017392678
frame_ma_73.14_73.25,9.291412185755007,0.0,-0.7847859845648945,415.25358842273533,363.68470771653296,51.56888070620238,3.954755051703401,1.9403877538758962,2.014367297827505
frame_Ja~_73.25_73.4,5.397528761024361,0.0,0.09034862444300701,415.300575129779,360.8842046638087,54.41637046597032,5.7231588786874426,2.6001912192670886,3.122967659420354
frame_to_73.4_73.52,7.0204322909658,0.0,-0.8334651820589676,408.15851728951617,355.45628444373517,52.702232845781,10.150707625474908,4.162124530631971,5.988583094842937
frame_ma~_73.52_73.7,19.073614545809875,0.0,0.19214413343082723,416.6721866282315,358.496923537584,58.17526309064749,9.301715216320915,6.998076771530947,2.303638444789968
frame_mus_73.7_73.81,26.361035079752895,0.0,-0.4664640034804212,413.60393839001193,362.5886449866299,51.01529340338203,10.5268373974816,6.4453995318012005,4.0814378656804
frame_u~_73.81_73.84,21.82216361819343,0.0,-0.6429107573200101,398.6811326631064,354.1721290424774,44.50900362062896,1.565104173850429,0.5971779267476478,0.9679262471027812
frame_a_73.84_73.97,25.792732238596088,0.0,0.1553318614002327,416.8943809612617,362.37914315660146,54.51523780466022,8.712877711917827,3.3042435893137707,5.408634122604056
frame_vi_73.97_74.07,23.968357964825927,0.0,-0.49656957409694424,412.13513249344174,362.3998383490306,49.73529414441117,11.564016111187087,5.274672699954365,6.289343411232721
frame_a~w~_74.07_74.18,19.338120545086966,0.0,-0.3168334115079846,412.57187451831936,362.13018130849565,50.44169320982371,2.8959886261701513,1.5945914957464709,1.3013971304236804
frame_i_74.18_74.21,22.361356632579344,0.0,-0.49656957409694424,393.84273382272534,351.04450252286676,42.798231299858514,1.3009246312404485,0.8595132816367226,0.44141134960372597
frame_va~_74.21_74.3,14.447350067936924,0.0,-0.5204244294836251,413.5688165389702,363.6322342064134,49.93658233255684,1.7583678534836196,0.7430816293687315,1.0152862241148881
frame_mus_74.3_74.39,4.464724287109036,0.0,-0.6045451718063752,409.74910553016787,361.6299756119795,48.11912991818838,27.42774914096026,17.297791599274248,10.12995754168601
frame_pa_74.39_74.53,7.920782225138495,0.0,-0.26249829236201305,411.97453769899386,358.1017630315769,53.872774667416934,12.079557627904109,6.124316453698611,5.955241174205497
frame_ra_74.53_74.65,1.8256903132869837,0.0,-0.36695583080250027,413.6146619169381,361.7427235375494,51.871938379388666,7.275499600991239,3.4218361464240132,3.8536634545672257
frame_Re_74.65_74.72,64.31697549992653,0.0,-0.777215967043153,392.87266982208246,347.7131915210106,45.159478301071886,1.2783843264417598,0.7247916982461575,0.5535926281956023
frame_si_74.72_74.87,41.002920616957226,0.0,-0.0785250839341536,411.5490505904949,356.0179784147688,55.53107217572614,9.503545767736355,5.085774833883221,4.417770933853134
frame_fi_74.87_75.14,68.59188079661635,0.9500000000000028,0.8620750189315314,392.2707280929742,329.1341361437801,63.1365919491941,10.179066107891252,5.0191366697147615,5.159929438176491
frame_nu_76.09_76.16,61.73941391942594,0.0,-0.6045451718063752,410.4764843263001,363.5260393637392,46.950444962560994,7.221576934381062,1.8006655170687793,5.420911417312283
frame_o_76.16_76.21,35.76088796589393,0.0,-0.48566580157580047,409.681509649527,363.95994564229306,45.72156400723395,2.016789473873459,1.1098417291146774,0.9069477447587815
frame_tEw_76.21_76.44,10.229201164204511,0.0,-0.1721919682483766,418.3460987450683,354.50371089480126,63.842387850267016,95.1305054005683,15.230526638312199,79.8999787622561
frame_Si_76.44_76.73,13.413231617652428,0.0,0.13049716114709323,415.23133772301145,347.52568762629573,67.70565009671571,58.658980714988616,18.248801389047912,40.4101793259407
frame_li_76.73_76.94,57.48218939254372,1.5,0.4440305287690377,408.525253294462,350.723861096478,57.801392197984,10.160513387468427,6.949564478442113,3.210948909026314
frame_ko~_78.44_78.61,34.83340529061145,0.0,-0.47517742982576744,416.12002365885184,357.9345240041725,58.18549965467935,59.81179534128752,17.269712382387,42.54208295890052
frame_veX_78.61_78.86,30.721115345167036,0.0,-0.12042678869556454,413.034929207806,351.5534824713522,61.48144673645379,16.59544125447006,6.105718041216406,10.489723213253654
frame_sej_78.86_79.09,28.647452836183163,0.0,0.7552921157679905,416.3061422269102,353.0154633249714,63.290678901938804,18.202751223061398,14.721522391401265,3.4812288316601325
frame_ko~_79.09_79.52,33.735440684515964,0.0,2.4559066331534423,415.1721543002696,333.09596876370966,82.07618553655993,89.30328630128791,76.16789233135376,13.135393969934157
frame_u_79.52_79.67,48.57361670233654,0.0,1.0524288481042876,402.91667217984104,349.05121550002764,53.865456679813406,1.316704881915598,0.5159267502521772,0.8007781316634208
frame_poX_79.67_79.92,29.913574948757997,0.0,-0.3117661113340934,413.46787340432434,351.0423256974064,62.42554770691794,19.281476935596103,9.46088026482684,9.820596670769262
frame_tej_79.92_80.16,22.515867338558934,0.0,0.9742218418836459,415.46292074188943,352.1372868716402,63.32563387024925,21.154099466851264,10.774067002448646,10.380032464402618
frame_ru_80.16_80.27,7.936873562352886,0.38000000000000966,-0.1903016668287095,408.42426045966636,358.7144540522705,49.70980640739583,8.45870816824511,4.173293015626953,4.285415152618157
frame_dej_80.65_80.77,51.84729111167165,0.0,-0.7772159670434642,403.6444259555726,351.59052274508025,52.053903210492365,86.48936552802512,47.40551705092044,39.08384847710468
frame_Li_80.77_80.84,16.243423427762792,0.0,-0.49656957409679575,409.9404175250553,364.610823839593,45.32959368546227,10.873409979667997,3.0996543567859476,7.7737556228820495
frame_u~_80.84_81.51,88.53842568994231,0.3199999999999932,4.001881213466645,413.45385973032126,309.7199331874086,103.73392654291263,38.35438705088657,7.541394489384487,30.812992561502085
frame_u~_81.83_81.86,45.673392773440355,0.0,-0.6429107573200101,420.5414480918113,375.6433480078549,44.898100083956365,9.632965147616233,2.7775005009100653,6.855464646706167
frame_ma_81.86_81.95,40.28058566204743,0.0,-0.6803284461244072,410.0499399805917,360.7405909936834,49.30934898690833,4.581456704008531,0.9404790905255709,3.64097761348296
frame_goR_81.95_82.16,42.21838109210212,0.0,-0.48566580157580047,412.3642060169383,351.7800696321284,60.58413638480988,9.830553424331285,2.9038870191196935,6.926666405211591
frame_Ze_82.16_82.42,18.164591323396195,0.0,0.9742218418836459,414.73257660640786,349.11137902647647,65.62119757993133,22.75574086674007,14.287813458125555,8.467927408614514
frame_ta_82.42_82.57,69.25615757087448,0.0,-0.7847859845650429,394.93324572573977,343.56133813655305,51.37190758918672,23.038639169854576,12.42688062837879,10.611758541475787
frame_e_82.57_82.6,,0.0,-0.777215967043153,377.66679892691917,334.51094194249697,43.1558569844222,,,
frame_li_82.6_82.69,72.93364696853678,1.0400000000000063,-0.2875473290155489,400.1519147755448,351.550201440762,48.6017133347828,3.456228341419468,1.5555816999932688,1.9006466414261993
frame_nujs_83.73_83.92,20.224840303156512,0.0,-0.6045451718063752,412.4615680160868,353.53845167716753,58.92311633891927,8.050280373408683,3.896916951604041,4.153363421804642
frame_a_83.92_84.02,13.16066409058999,0.0,-0.15804075392152583,415.67591637923704,365.73940977559005,49.93650660364699,10.379996899253115,7.426327687124399,2.953669212128716
frame_Ra~_84.02_84.25,18.435987930975273,0.0,0.9047126963451348,414.90433998937897,351.6008895000458,63.30345048933316,17.882113987332644,7.224912383874539,10.657201603458105
frame_Zow_84.25_84.42,19.29103294244304,0.0,0.03603326914907374,414.43838225208447,356.9599016068336,57.47848064525084,3.803877731896094,2.310523819752305,1.4933539121437889
frame_u~_84.42_84.54,22.642761657651562,0.0,0.01026311357188753,411.8297014652498,360.7729071359865,51.05679432926331,6.636065552366091,2.1117208004557284,4.524344751910363
frame_kwaX_84.54_84.93,21.015410675391877,0.0,0.6776195536032625,416.5124379244152,339.1845134969508,77.32792442746444,77.7079985646692,26.43638067539061,51.27161788927858
frame_tu_84.93_85.0,0.6188284870500667,0.0,-0.6045451718063752,396.34114807003476,350.5322864324442,45.80886163759055,8.887298756048878,4.839033563973018,4.04826519207586
frame_ki_85.0_85.08,58.176332549257694,0.0,-0.49656957409679575,399.1116628771092,353.55820359719405,45.55345927991516,54.1623284115652,19.620233452392085,34.54209495917311
frame_es_85.08_85.14,0.37155946987070365,0.0,-0.777215967043153,389.94431455282836,346.71256196407467,43.23175258875369,1.6040152125521274,1.0243151976581117,0.5797000148940157
frame_ta_85.14_85.27,13.846251269958458,0.0,-0.2624982923621615,416.9254378880955,362.58606040971364,54.339377478381834,5.4878462618395645,2.6772150818304823,2.810631180009082
frame_va_85.27_85.35,13.383698626136422,0.0,-0.8892435230055301,412.8070012470617,365.1876580207308,47.6193432263309,5.842331935249348,2.1697833201668146,3.6725486150825333
frame_Re_85.35_85.49,8.435523729601073,0.0,0.7552921157676794,414.66456782875537,361.48542436168816,53.179143467067206,10.009215143010678,3.045383411294381,6.963831731716297
frame_zeR_85.49_85.71,20.381351391398482,0.0,-0.33935651481153106,415.0366540095332,353.02897049631054,62.00768351322273,22.258917117609045,10.405554491794064,11.853362625814981
frame_va_85.71_85.95,19.05087734063835,0.0,0.25978939984086835,414.1010845492255,351.8174426510548,62.283641898170686,25.614293749481917,11.897181625131324,13.717112124350592
frame_du_85.95_86.03,10.509484462857174,0.0,-0.6045451718063752,409.67045435421323,362.44378906382667,47.22666529038656,6.196422838617565,2.7651762011596333,3.4312466374579316
frame_pa_86.03_86.11,70.73635581683985,0.0,-0.6803284461244072,394.8294987683284,348.6439382239808,46.185560544347595,0.614267655227529,0.38719549618424054,0.22707215904328848
frame_ra_86.11_86.2,3.2511878713210365,0.0,-0.6803284461244072,414.600187163825,364.8887558244197,49.711431339405294,7.555543542757803,3.8902212467682062,3.665322295989597
frame_u_86.2_86.25,30.614897157256607,0.0,-0.3283828351546635,418.17346124808046,371.6237406599664,46.54972058811404,0.6698977469089868,0.3881795707142004,0.28171817619478645
frame_dZi_86.25_86.33,23.26284991037913,0.0,-0.3920584515562466,414.0664938897236,364.8775592059884,49.18893468373517,7.381711700404622,4.240468457301461,3.141243243103162
frame_a_86.33_86.42,13.848354641612133,0.0,-0.26249829236201305,414.543414256648,365.3464084203061,49.19700583634193,0.8860981245701254,0.42098633654262585,0.46511178802749953
frame_se_86.42_86.61,13.183016792008658,0.0,-0.5582862409271865,414.46274612504936,354.80918895425293,59.65355717079643,13.701986566431756,6.466026451018038,7.235960115413718
frame_gi~_86.61_86.93,26.659672467362,0.0,2.861571642603152,411.71592783066706,342.9751949159796,68.74073291468744,53.67480294232897,40.9631198457718,12.711683096557167
frame_tSi_86.93_87.18,5.292226252878123,0.36999999999999034,0.2350082836877909,397.44399348833133,335.44176756510484,62.00222592322649,88.46711123347626,32.49403652150215,55.9730747119741
frame_e~_87.55_87.58,59.17120627001839,0.0,-1.117280928204135,378.76532142095385,337.1733223619207,41.59199905903313,9.322305901840224,4.602691830033876,4.7196140718063475
frame_ta~w~_87.58_87.83,26.418849341055434,0.0,-0.31683341150812927,412.4429268626464,348.8940197558925,63.548907106753916,57.21419286025905,21.644042421992353,35.570150438266694
frame_ew_87.83_87.98,3.4722697729879712,0.0,0.3174326635360574,412.15212539456434,359.40272828097386,52.749397113590476,5.851662158364036,2.6945177001397838,3.157144458224252
frame_dZi_87.98_88.15,26.64680937104943,0.0,0.33951940622834004,412.637479335357,355.82745535954325,56.81002397581375,17.386482967023326,11.85775655620425,5.5287264108190755
frame_si_88.15_88.44,64.05389938114827,1.0600000000000023,0.02598603860639555,392.6534653927165,328.3457523481747,64.3077130445418,0.9065656739620849,0.42689155950048274,0.47967411446160213
frame_u_89.5_89.58,59.52936229709502,0.0,0.08586066982300222,400.49163912302686,352.450276226127,48.0413628968999,42.35998600676773,21.409380329876186,20.95060567689154
frame_dZi_89.58_89.69,34.16585405064829,0.0,-0.2875473290155489,414.3904039219469,362.7631650991075,51.627238822839445,9.787518208754037,3.3399042859250017,6.447613922829035
frame_a_89.69_89.74,30.1708324830433,0.0,-0.6803284461244072,408.21288103727915,362.97372372917147,45.23915730810768,1.1841730466750846,0.5013689666105279,0.6828040800645567
frame_se_89.74_89.92,29.576254057721144,0.0,-0.33935651481153106,413.2300432915911,354.9681819794566,58.2618613121345,4.645250681722487,2.4111746184932628,2.2340760632292245
frame_gi~_89.92_90.26,26.508316441034196,0.0,2.3752855754898485,413.5690083160356,342.93335139861347,70.63565691742212,77.56784010939553,22.639865925680112,54.92797418371542
frame_tSi_90.26_90.37,13.112420634916816,0.0,-0.49656957409679575,396.575188988619,347.0973421797786,49.47784680884041,13.514315979590705,5.095409141186138,8.418906838404567
frame_u_90.37_90.4,3.337762344829372,0.0,-0.6045451718063752,424.68253875188003,379.34112250705897,45.34141624482106,4.736146254231244,1.7258969171338379,3.010249337097406
frame_se_90.4_90.61,33.257364053429086,0.0,0.09850293742009088,414.2477880170244,353.7137770884168,60.534010928607586,60.2364210135354,21.180844929886362,39.055576083649036
frame_JoX_90.61_90.78,34.60396912368492,0.0,-0.8334651820589676,414.80988977877826,357.25400997227786,57.5558798065004,20.40348072776341,9.596284649020845,10.807196078742564
frame_mi_90.78_90.9,40.375741436798094,0.0,0.13049716114709323,407.82221350802826,357.3093106267743,50.51290288125398,2.609050654543836,1.7740685345983138,0.8349821199455221
frame_Sa~_90.9_91.38,40.58311585268709,0.0,1.7190767682472627,413.5541908665676,328.2188558585124,85.33533500805515,59.849509055879615,26.619335490850133,33.23017356502948
frame_mi_91.38_91.44,3.3928934071704475,0.0,-0.49656957409679575,413.2895563570257,365.51446361433614,47.77509274268954,2.1594047447065066,0.6479564711248429,1.5114482735816637
frame_u_91.44_91.48,2.351831017506015,0.25,-0.4664640034804212,425.9797160023029,379.48032403052196,46.49939197178088,1.007742410726138,0.609022124456061,0.39872028627007694
frame_se_91.73_91.8,84.35500275778143,0.0,-0.5582862409274976,399.6489992456195,353.1798309228437,46.46916832277583,11.134228656584206,2.859032294462338,8.275196362121868
frame_JoX_91.8_91.9,49.511182736870666,0.0,-0.6595654918172605,411.329052644271,361.5909020067771,49.7381506374939,4.0858200442812915,2.84846728530664,1.2373527589746516
frame_mi_91.9_92.0,49.38613616638828,0.0,-0.49656957409679575,413.2700861835432,363.3465708992659,49.9235152842773,1.1814687344994041,0.5595677411576077,0.6219009933417965
frame_a_92.0_92.1,55.767176888055204,0.0,-0.15804075392152583,412.36559842559814,362.36501077759294,50.000587648005194,1.3644841920840491,0.8288928279157943,0.5355913641682548
frame_vi_92.1_92.34,54.09626979110956,0.0,0.4440305287690377,414.60944941548166,350.4451190230872,64.16433039239445,19.807911097376078,6.869361954833394,12.938549142542684
frame_zi_92.34_92.47,58.47128648192847,0.0,-0.2875473290155489,405.1082700434373,353.16536898087054,51.94290106256676,12.171509527270487,9.61939129748481,2.552118229785677
frame_ko~_92.47_92.6,72.61691810787626,0.0,-0.984931179908998,413.47714474531676,359.15951337839226,54.317631366924445,50.79610611867093,29.2332259192721,21.562880199398826
frame_a~_92.6_92.64,43.89947805297683,0.0,-0.7240154474591208,405.5173282007897,360.16402313118346,45.35330506960622,3.3319496808499025,2.444651133211579,0.8872985476383235
frame_te_92.64_92.81,65.7255685732539,0.0,-0.12042678869556454,413.1781060441936,357.2388936827286,55.939212361465025,44.3121811709012,20.543630194948435,23.768550975952763
frame_se_92.81_93.01,29.06262690508278,0.0,0.09850293742040199,414.7532204175055,354.79269060536274,59.96052981214274,134.82587085739254,66.26820875885092,68.55766209854164
frame_de~_93.01_93.19,52.97842582265427,0.0,0.45786122670279006,415.264539188093,356.8124313167738,58.452107871319186,18.537874541920473,5.93394484797831,12.603929693942163
frame_sia_93.19_93.3,86.32578469084048,0.0,-0.49656957409679575,399.0900878589048,349.9849856138212,49.105102245083515,13.32362794973951,8.630122868833922,4.693505080905588
frame_kwa~_93.3_93.41,51.97402463812519,0.0,-0.8258109564469411,413.37288010068494,361.41842184165176,51.954458259033174,3.5297124759493954,2.906590434512921,0.6231220414364742
frame_du_93.41_93.47,58.18547312297632,0.0,-0.6045451718063752,416.68286060669345,369.2832364132778,47.39962419341566,2.725453402293283,1.622539464793988,1.1029139374992951
frame_a_93.47_93.51,46.75324146328188,0.0,-0.7847859845648945,401.3624406849075,355.90319478124013,45.45924590366735,19.929949702532724,13.958443184389978,5.971506518142746
frame_pe_93.51_93.67,91.9113057171512,0.0,-0.33935651481153106,415.4572477293127,359.85720320109,55.600044528222725,6.033465065117049,3.449575286413193,2.583889778703856
frame_so_93.67_93.8,6.253845900241032,0.0,-0.6595654918175076,412.99334502132706,359.23476498933724,53.75858003198982,139.59192900268883,58.052568537928835,81.53936046476
frame_a_93.8_93.83,33.54672593016326,0.0,-0.8892435230055301,396.76036515788905,352.2956908816668,44.46467427622224,9.218147938541676,5.633405992547324,3.5847419459943524
frame_Se_93.83_94.0,51.55897416408966,0.0,-0.33935651481153106,411.87178689967396,355.052078299485,56.81970860018896,7.799509742854596,4.475812288996721,3.323697453857875
frame_gaX_94.0_94.15,47.005887686859836,0.0,-0.6803284461242588,413.8025153834201,357.9843167901015,55.81819859331853,19.96903689867817,6.998239834103444,12.970797064574725
frame_e~j~_94.15_94.28,37.294341599280656,0.0,0.1078296367233076,414.92360658246344,360.9963399956104,53.92726658685302,10.486383673813279,4.102439975991288,6.383943697821991
frame_dEjs_94.28_94.54,47.27287495223128,0.0,0.1464011007574113,411.6519991786631,347.98896088957855,63.66303828908457,12.14402019074413,4.392927652067826,7.751092538676303
frame_mi~_94.54_94.73,44.18645565238597,0.0,-0.7045261828942527,415.6523548237579,355.3495976182814,60.302757205476496,17.64184933710078,14.973066949214541,2.668782387886239
frame_nu_94.73_94.81,43.961583370798266,0.0,-0.3283828351546635,412.6922726030558,363.80934027891806,48.88293232413781,2.0994954102165906,0.7892881161100433,1.3102072941065472
frame_tus_94.81_94.95,48.64646761958781,0.0,-0.6045451718063752,397.2513480638235,344.5586222810367,52.692725782786795,5.607814141284777,3.773230707338584,1.834583433946193
frame_ew_94.95_95.01,37.77057614016505,0.0,-0.777215967043153,414.02559354517575,366.4808106365001,47.54478290867564,5.466656264166048,3.5037900776270448,1.962866186539003
frame_mi_95.01_95.17,34.50457205073691,0.0,-0.49656957409679575,414.94480335633494,359.17422118698875,55.7705821693462,2.8612554923949034,1.9398352234505438,0.9214202689443596
frame_Re_95.17_95.32,34.81560603448949,0.0,0.7552921157676794,413.2171551912487,358.4343103413771,54.782844849871594,14.647624661041561,5.175874783296166,9.471749877745395
frame_tSi_95.32_95.47,20.325717810674803,0.0,-0.3920584515562466,414.53946693024545,358.8081408382026,55.73132609204288,159.26364332353455,84.41873190038817,74.8449114231464
frame_ru_95.47_95.57,23.584754942892815,0.0,-0.46646400348061745,412.94419758098104,363.3668816287727,49.57731595220838,94.83676088051008,63.587089319629726,31.24967156088036
frame_du_95.57_95.72,51.41371756196834,0.0,0.36202300647471397,408.65956328685263,356.9881552782149,51.67140800863774,7.422757434655082,2.387245206135958,5.035512228519124
frame_kwaX_95.72_96.01,67.61297858109666,0.0,-0.1580407539213774,411.0750543252824,345.6998891808951,65.37516514438727,62.985441332433616,36.22854575603748,26.75689557639614
frame_tu_96.01_96.17,59.816392919818966,0.6200000000000045,0.22394183814895618,393.6489035701162,341.1485257127048,52.50037785741142,104.5430351677054,72.35253281492582,32.19050235277958
frame_e_96.79_96.84,72.6390026267006,0.0,-0.33935651481153106,409.3201722814805,362.3793283615143,46.9408439199662,21.58923328016661,13.440460164742404,8.148773115424206
frame_si_96.84_97.03,11.802548806306532,0.0,0.02598603860639555,414.70105202058915,355.50090453853437,59.200147482054774,16.740499723941227,7.0032649736077275,9.7372347503335
frame_dZi_97.03_97.11,8.793471832074857,0.0,-0.49656957409679575,413.1936612414893,363.7187026899709,49.474958551518455,6.851728783367676,2.598061345312061,4.253667438055615
frame_a_97.11_97.2,2.424136032329912,0.0,-0.26249829236201305,415.8466653528425,366.64423996788844,49.20242538495404,2.5976242092461916,1.0476839475589372,1.5499402616872544
frame_se_97.2_97.34,42.3245816307132,0.0,-0.5582862409271865,414.3181414453857,360.0415003569346,54.27664108845113,46.18092113952066,27.116481386563635,19.06443975295703
frame_gi~_97.34_97.65,10.733032275152311,0.0,2.699476286898871,414.80844307510995,346.0481846544677,68.76025842064223,25.776177142796953,14.256850737056766,11.519326405740188
frame_tSi_97.65_97.94,24.393405636736674,0.18000000000000682,1.2801195090941735,409.49557514835465,344.2396387841741,65.25593636418057,93.15468350452025,54.24294632627786,38.9117371782424
frame_si_98.12_99.17,59.02189682497398,0.0,8.595898086939297,412.3470975390568,276.65192023766576,135.69517730139097,48.585499398918486,21.211152956535713,27.374346442382773
frame_es_99.17_99.3,60.54578930093959,0.0,-0.777215967043153,395.9984514738241,343.70829106480477,52.290160409019336,57.707655171310265,34.25010659985929,23.45754857145097
frame_te~_99.3_99.45,50.5694391122898,0.0,0.10782963672355632,413.6403757188515,357.42894814700753,56.211427571843956,7.68878938008082,5.219321041587875,2.469468338492945
frame_dew_99.45_99.57,45.076913543377756,0.0,-0.33935651481122,411.86352490538354,360.1047040335475,51.758820871836065,7.98698859755585,3.068013854571106,4.918974742984744
frame_poX_99.57_99.78,9.792405342478304,0.0,-0.6595654918175076,417.04652504370245,355.7966195551859,61.249905488516504,118.86737388104137,84.14335771130408,34.7240161697373
frame_oj_99.78_99.88,26.81290907764283,0.0,-0.1378664210926334,417.9961677406543,366.5109311439247,51.48523659672958,12.00997402722055,5.476508849372294,6.533465177848257
frame_tu_99.88_100.08,38.248566754256416,0.0,0.22394183814895618,412.14914061729235,355.2751999500543,56.87394066723806,36.88804179043379,20.135064410765466,16.752977379668323
frame_dZi_100.08_100.16,43.542131192117836,0.0,-0.49656957409679575,414.586950090314,364.96725992281114,49.61969016750288,19.74958270962246,8.833704598718498,10.91587811090396
frame_as_100.16_100.29,32.19461980904174,0.0,-0.3669558308026487,415.3042321786287,363.4100134850793,51.89421869354942,10.59885985799336,4.808375708133212,5.7904841498601485
frame_na~w~_100.29_100.38,27.17328360362626,0.0,-0.8258109564469411,416.1955380683213,366.356818061126,49.83872000719532,9.345897277969314,4.231707414218064,5.11418986375125
frame_a_100.38_100.43,34.776828139894036,0.0,-0.6803284461242588,403.1184039657147,357.7959148910116,45.32248907470313,13.893118442096608,7.821492041923634,6.071626400172974
frame_pa_100.43_100.57,46.23363224737351,0.0,-0.7847859845650429,417.48649419452227,363.47260227022383,54.013891924298434,134.90049629914515,93.14631027162595,41.7541860275192
frame_re_100.57_100.68,40.536343688639604,0.0,0.3174326635363685,414.26732421546075,362.8764817782325,51.39084243722823,9.458024006779212,5.093865967894871,4.364158038884341
frame_sew_100.68_100.85,37.19330702571027,0.0,-0.777215967043153,412.1821159263404,355.72263551454853,56.459480411791844,7.698427598489317,4.239745814853308,3.4586817836360098
frame_ni~_100.85_101.02,44.88598667379067,0.0,-0.2182401157809493,414.4962075212915,356.804770883923,57.6914366373685,12.847453006172614,6.119203473324987,6.728249532847627
frame_ge~j~_101.02_101.28,68.48906442410758,1.0100000000000051,0.45786122670279006,410.35028343372574,347.4014269719263,62.948856461799494,39.169589256251406,13.60005201661781,25.569537239633597
frame_kEX_102.29_102.73,44.103118162719824,0.0,1.2083779974439244,415.78494876812385,332.6462906743833,83.13865809374056,8.525403859773803,2.704503983120645,5.820899876653158
frame_dZi_102.73_102.79,52.01618372700655,0.0,-0.49656957409679575,413.67050365602034,366.6555798548411,47.014923801179236,1.3756238459969694,1.0025897819228646,0.3730340640741048
frame_zeX_102.79_103.03,47.649300343112046,0.0,1.412081294115579,409.04242815720556,350.27298254385255,58.769445613353014,16.61888550333424,7.368696987900137,9.250188515434104
frame_a_103.03_103.2,51.566774460485036,0.0,0.5731620151626269,407.9717224653655,353.4858561098604,54.485866355505095,22.001723653939578,15.056012338908815,6.9457113150307634
frame_koj_103.2_103.43,47.49119237140333,0.0,0.20993295939078085,414.5912665541764,350.96333390296513,63.62793265121127,25.47710882923053,9.173690193047037,16.303418636183494
frame_za_103.43_103.53,39.08484271712757,0.0,-0.7847859845648945,414.4746860806182,363.97832222119644,50.49636385942182,5.225388284052869,1.9654186797886837,3.2599696042641853
frame_Za_103.53_103.72,44.617620262273945,0.0,-0.15804075392152583,414.7828255635412,355.6277818775078,59.15504368603342,9.981012026245637,6.268829996326005,3.7121820299196315
frame_de_103.72_103.88,51.88662089109886,0.0,0.09850293742009088,412.9612877612686,356.8799881182436,56.08129964302498,7.639421927833709,4.867743875687566,2.771678052146143
frame_vi_103.88_104.02,51.84677497665264,0.0,0.02598603860639555,416.6348052339507,360.8680562040919,55.76674902985883,7.76943693518264,4.643906702088074,3.1255302330945653
frame_a_104.02_104.1,50.214840399431296,0.0,-0.3669558308026487,411.78507025171393,363.4215184165614,48.36355183515258,4.955490858442076,3.423962081518397,1.531528776923679
frame_seX_104.1_104.42,47.613438274659586,0.0,0.3174326635360574,413.95807728220024,343.6482637218943,70.30981356030594,11.932729318724299,6.870441078807474,5.062288239916825
frame_dZi_104.42_104.53,48.880258649284684,0.0,-0.2875473290155489,411.910938257131,361.2270823657002,50.683855891430824,7.0823702826007775,2.1434874106088984,4.938882871991879
frame_i~_104.53_104.7,50.44694694589707,0.0,1.564808796967753,411.8554418922512,357.5278849056286,54.3275569866226,14.277504232724013,7.175839776841315,7.101664455882698
frame_dust_104.7_105.14,42.16073221286436,0.0,1.604753521407711,416.2536840037325,335.72895796950934,80.52472603422308,77.32452775127926,61.61254973403217,15.711978017247091
frame_ria_105.14_105.44,62.411175526049576,2.6899999999999977,0.7575638963909822,410.0949639605972,342.0545191011771,68.04044485942012,8.465252416317881,5.636992640466701,2.82825977585118
frame_i_108.13_108.22,55.91832274508903,0.0,0.13049716114709323,411.0238246626178,361.2734732952681,49.75035136734965,1.5364269596059188,0.5984400723136503,0.9379868872922685
frame_ne_108.22_108.38,2.2267777097572576,0.0,0.09850293742009088,414.8365097189492,357.90681913399266,56.92969058495652,7.793272636228821,3.1597389404886513,4.633533695740169
frame_sis_108.38_108.49,1.1976380446601382,0.0,0.0,396.7828161809271,346.643829791618,50.13898638930914,9.593208353301364,3.1644509537104284,6.4287573995909355
frame_oj_108.49_108.7,3.3926491731978388,0.0,-0.49656957409679575,415.3180689162474,354.069644333101,61.2484245831464,31.3333840906853,23.267060224338138,8.066323866347162
frame_tu_108.7_108.87,1.4013302332218842,0.0,0.22394183814895618,411.39404514613494,355.660205350251,55.733839795883966,4.809938942313252,2.311541616231267,2.498397326081985
frame_dZi_108.87_108.94,11.590311653534968,0.0,-0.49656957409679575,412.63169885003623,364.137989974534,48.49370887550225,2.0885735663445644,1.6733760069645882,0.41519755937997616
frame_as_108.94_109.13,6.003551967268422,0.0,0.05087432295974547,415.43631319797817,355.92262189025996,59.513691307718204,6.415152732437178,4.371148433487917,2.044004298949261
frame_ew_109.13_109.33,2.4259065407508587,0.04999999999999716,0.3174326635360574,410.8814372189106,353.1983129125322,57.68312430637843,3.97617135036694,1.6495067557783472,2.3266645945885926
frame_ko_109.38_109.58,59.59635113482527,0.0,0.38383264963224084,411.09482678960114,351.9164215824689,59.17840520713224,8.17512261056335,3.7114404163306034,4.463682194232746
frame_Ri_109.58_109.77,73.34691358970437,0.0,0.5485416513095869,413.4029551270635,354.3941571436046,59.008797983458805,7.748576645432848,3.719430865378058,4.02914578005479
frame_to_109.77_110.05,54.60025155713916,0.0,1.253331100840282,413.77766977188736,346.3133032378871,67.46436653400025,89.86761609895815,67.78766273289702,22.079953366061133
frame_da_110.05_110.41,80.65684499637447,0.0,1.931110014890148,410.6164020983639,336.72478577380105,73.89161632456279,6.879469728631051,3.781570154311396,3.097899574319655
frame_a_110.41_110.52,77.37005146121159,0.0,-0.053583215480890185,403.11797653821026,353.24402094259403,49.87395559561622,75.98687297088483,41.00469320523338,34.98217976565145
frame_a_110.52_110.64,35.61320209513582,0.1599999999999966,0.05087432295974547,395.7868515267141,345.6970240378209,50.08982748889321,91.18511322823063,49.30905760076928,41.876055627461355
frame_si_110.8_110.89,81.02164940388872,0.0,-0.18303620647485128,391.9106793871106,344.86399725222253,47.046682134888044,29.191139897548112,15.47416312530477,13.716976772243342
frame_da_110.89_111.03,65.40756277266986,0.0,-0.3669558308026487,413.3336406767808,358.31166120975934,55.02197946702148,41.96283627431726,10.005067319445303,31.95776895487196
frame_dZi_111.03_111.09,76.72440878404109,0.0,-0.49656957409679575,406.63724699853407,360.36408827409906,46.27315872443501,35.886457596338914,20.16607623736671,15.720381358972205
frame_dZi_111.09_111.15,65.51792166781827,0.0,-0.49656957409679575,393.44076632704775,348.9164360252722,44.52433030177548,29.518766640976565,10.933283921627677,18.58548271934889
frame_saw_111.15_111.3,56.33052841131631,0.0,-0.5758709076837716,413.43999089749616,358.5554063118662,54.884584585629966,1.5530250405089134,0.8276526625357974,0.725372377973116
frame_va_111.3_111.45,46.14150512652749,0.0,-0.26249829236201305,415.83614703772224,359.52595651345996,56.31019052426228,8.738866232900605,2.560133557635652,6.178732675264953
frame_doX_111.45_111.83,51.443838552232265,0.0,2.644528622773445,412.25140750815444,337.32792234283164,74.9234851653228,17.515331239372827,7.440552757772139,10.074778481600688
frame_vi_111.83_112.47,64.98261254625487,0.0799999999999983,5.1470310430979085,409.18410837403906,310.7935347654877,98.39057360855136,49.58788192162467,20.460095267140986,29.127786654483685
frame_vi_112.55_112.69,60.158077294182945,0.0,-0.07852508393430212,412.9801585307966,358.783606138965,54.196552391831574,51.838334281522755,18.37444143216989,33.46389284935287
frame_ra~_112.69_112.89,50.0332635283428,0.0,-0.11324239353263345,413.5392687107727,352.3185980685271,61.22067064224558,7.807966626282024,2.373622362577649,5.434344263704375
frame_mus_112.89_113.05,59.753387312936724,0.0,-0.46646400348061745,408.31706816706884,353.8176429983226,54.49942516874626,7.584557019821801,2.164160175235722,5.4203968445860795
frame_i_113.05_113.09,49.296971198452454,0.0,-0.3920584515560981,401.60385636520573,356.53905340791334,45.064802957292386,10.170371167014991,5.725558967222895,4.444812199792096
frame_me_113.09_113.24,54.295827263678234,0.0,-0.12042678869587566,409.52490208088506,357.49907507942135,52.02582700146371,4.225868000956112,2.3582035951081366,1.8676644058479752
frame_Se~_113.24_113.48,53.159938199151895,0.0,-0.4172177482454187,412.2465967431598,349.60909071437516,62.63750602878463,1.8345701215353785,0.4083643554813108,1.4262057660540677
frame_mus_113.48_113.86,52.53583216279745,1.3599999999999994,0.3620230064749102,410.53891139946023,335.7960463495927,74.74286504986753,49.331444767966474,9.345722553855921,39.98572221411055
frame_u~_115.22_115.26,39.07695328136093,0.0,-0.5703358827764315,429.54812356496836,382.7152402300725,46.83288333489588,0.8764827170527667,0.447604414562619,0.4288783024901477
frame_ma_115.26_115.39,47.20798885236478,0.0,-0.26249829236201305,414.3315672671266,360.69507518624386,53.63649208088276,6.682143234327782,3.7800227660191865,2.9021204683085955
frame_noj_115.39_115.6,47.52261331264724,0.0,0.20993295939053372,415.2640868538892,354.19944701195055,61.06463984193863,13.236446420733458,2.9596422676974043,10.276804153036053
frame_tSi_115.6_115.72,46.7495323971805,0.0,-0.2875473290155489,410.476569952801,359.135807096432,51.34076285636894,2.511976402987699,1.4290689981128537,1.0829074048748453
frame_des_115.72_116.1,52.17291504228061,0.0,0.3174326635363685,415.1796842656315,338.057221301745,77.12246296388656,6.295262028409425,2.855864483691832,3.4393975447175933
frame_e~_116.1_116.18,49.90234785105787,0.0,-0.24220195325567745,414.2582298072619,364.775345058736,49.48288474852592,3.46772451965856,1.954044591700395,1.5136799279581652
frame_mus_116.18_116.4,53.402598411436315,0.0,0.3620230064749102,411.8003812725427,350.6542046498861,61.14617662265664,6.832513613236088,3.694221306815706,3.1382923064203823
frame_na_116.4_117.13,64.34031612964866,0.3100000000000023,5.691581398751103,410.15010715720945,303.70670487255063,106.44340228465884,43.69771647740385,14.5337776536999,29.16393882370395
frame_paX_117.44_117.67,76.82180458752892,0.0,-0.2624982923621615,409.5874559260633,348.7043889462028,60.88306697986047,37.32548886927656,14.26849318220259,23.05699568707397
frame_tSi_117.67_117.76,64.96542045161488,0.0,-0.3920584515560981,414.61668714573125,364.8272416110635,49.78944553466772,96.71651767554005,61.808697301312094,34.90782037422796
frame_baj_117.76_118.07,55.85661538704629,0.0,0.05087432295974547,413.2009223309619,343.91579851125925,69.28512381970262,22.211045564783603,12.487274154002577,9.723771410781026
frame_Sa_118.07_118.17,65.00440033279432,0.0,-0.8892435230055301,411.46008117536013,360.98616271768157,50.473918457678565,72.92568133131437,37.34030537180955,35.585375959504816
frame_o~_118.17_118.22,61.34978636568492,0.0,-0.7300543048673828,411.0211185675522,364.22556134642605,46.79555722112616,1.5604281304502194,0.7765353230523715,0.783892807397848
frame_dZi_118.22_118.33,67.0081311163072,0.07000000000000739,0.02598603860639555,407.7145271223102,358.2230295216398,49.491497600670414,1.5499079909250355,0.4320157319561133,1.1178922589689222
frame_tSi~_118.4_118.54,71.9624440615731,0.0,0.26804595133235415,411.29735080173725,357.5177506081796,53.779600193557656,41.19882219974981,14.187787675525257,27.011034524224556
frame_Ja_118.54_118.63,61.63976655556334,0.0,-0.8892435230055301,411.88201032457806,362.61863201323575,49.26337831134231,1.4845698735571773,0.9084823404412532,0.5760875331159241
frame_u_118.63_118.66,63.70148725138809,0.0,-0.6045451718063752,393.2763126872645,351.27861497045046,41.99769771681406,0.7140889374069417,0.3948668695609001,0.31922206784604157
frame_meX_118.66_118.76,65.14142297872712,0.0,-0.777215967043153,401.1637817586846,354.12518268201285,47.038599076671744,32.12808018966078,24.228378907047997,7.8997012826127815
frame_ka_118.76_119.04,51.20432045984737,0.0,0.7820770920438982,410.59615475617886,346.08414453519777,64.51201022098104,69.42946631192683,24.494796929321183,44.934669382605655
frame_du_119.04_119.13,96.38802128350346,1.7800000000000011,-0.46646400348061745,392.155078356509,345.78112993895456,46.37394841755446,8.870979736458438,4.147922422508572,4.723057313949866
frame_es_120.91_121.09,109.54401402769591,0.0,-0.777215967043153,392.7857065373603,336.5917250848513,56.193981452509036,5.87794967507795,4.322219170681393,1.555730504396557
frame_ku_121.09_121.27,37.27028257714983,0.0,-0.052220498502951754,414.4542784901586,356.0419231780503,58.412355312108275,97.68965943554562,36.19370160457669,61.49595783096893
frame_ru_121.27_121.43,25.465712363509795,0.0,-0.1903016668287095,414.8318894692094,360.2491988640065,54.58269060520291,63.466499424619116,28.69447592202158,34.772023502597534
frame_ko~_121.43_121.62,72.49998205048657,0.0,-0.6026158673464845,412.055410571074,353.9030012699752,58.15240930109877,5.809793708939154,2.689764907054297,3.1200288018848568
frame_mu_121.62_121.88,79.77025853972077,0.35999999999999943,2.0189970263853767,409.769329087016,346.88960938152155,62.87971970549444,11.80523298608449,6.61621576676454,5.18901721931995
frame_kaR_122.24_122.44,68.0559896575299,0.0,-0.15804075392152583,419.1178330865899,358.6011320739714,60.516701012618455,25.125088472620114,6.199257323708579,18.925831148911534
frame_va~w~_122.44_122.75,29.18212365243052,0.0,-0.6222199384714453,410.6448284171672,343.7124444398627,66.93238397730454,83.17539133780363,63.02860979976519,20.14678153803844
frame_ko~_122.75_122.88,55.04653973716792,0.0,-0.984931179908998,411.4286610065043,357.9832011492522,53.445459857252104,2.472304347397113,0.572719303826787,1.899585043570326
frame_mu_122.88_122.95,59.96680397283171,0.0,-0.4664640034804212,407.3098483153,360.36337083824185,46.946477477058124,3.186547276563246,2.0746570027683475,1.1118902737948986
frame_brew_122.95_123.37,47.061159129507374,1.0600000000000023,-0.777215967043153,411.8271842276971,333.8290232055259,77.99816102217119,34.61693004908817,19.652558158695555,14.964371890392613
frame_vej_124.43_124.65,60.81142497195063,0.0,-0.12042678869556454,412.21922587960427,350.19466582765295,62.02456005195131,8.821432826118382,5.28063975624562,3.5407930698727625
frame_u_124.65_124.69,35.33345939960455,0.0,-0.46646400348061745,402.05316201342487,357.67483997357454,44.37832203985033,3.674481717464971,2.008753756600413,1.665727960864558
frame_u~_124.69_124.77,61.035560649876686,0.0,-0.2800363846023236,408.10642912268275,360.82353092515564,47.28289819752712,4.456535993554084,1.707464998446909,2.749070995107175
frame_pre_124.77_125.09,72.57094731484308,0.0,0.536362389652024,414.56700866513665,343.7385982939857,70.82841037115094,47.449754926517855,19.96050443944121,27.489250487076646
frame_tu_125.09_125.19,53.30458335857726,0.0,-0.1903016668287095,395.4847699900595,347.12095387453184,48.36381611552764,1.404107383509114,0.8639191465295113,0.5401882369796027
frame_dZi_125.19_125.34,65.02052041228677,0.0,0.2350082836877909,407.43800898106116,353.9612490432951,53.476759937766076,19.873914371566684,14.050379959746778,5.823534411819907
frame_kwa_125.34_125.59,63.760643281165,0.0,0.15533186140038113,410.99016719022507,347.3496620574159,63.64050513280915,40.6473223230821,6.855464326475811,33.79185799660629
frame_zi_125.59_125.66,63.17157196089383,0.0,-0.3920584515562466,397.04872464397647,351.54846868764787,45.5002559563286,1.1680445928870142,0.8252208222638728,0.3428237706231414
frame_dojs_125.66_125.93,59.63721646828225,0.0,-0.3117661113340934,408.3291355356648,345.4471083481327,62.88202718753206,11.50260105134062,5.2842033040503225,6.218397747290297
frame_me_125.93_126.05,61.2482000411044,0.0,-0.777215967043153,412.069147437614,359.41081159162854,52.65833584598539,1.8077654554097933,0.8366348526505902,0.971130602759203
frame_trus_126.05_126.17,63.14524355061944,0.0,-0.6045451718063752,408.69179468441934,358.76371783878284,49.9280768456365,6.417908354929693,3.0735118700275166,3.344396484902177
frame_dZi_126.17_126.24,57.601781379187855,0.0,-0.3920584515562466,411.4551085335766,363.4304273350466,48.024681198530004,1.9894784546394249,1.1586416811561548,0.83083677348327
frame_aw_126.24_126.36,69.04212066494605,0.0,-0.7847859845648945,406.9473416864955,356.19143938077804,50.755902305717484,7.442871870650862,2.9802094349136183,4.4626624357372435
frame_tu_126.36_126.62,67.10644564901463,0.0,0.6381853431266219,411.60750447356196,347.13632395851374,64.47118051504822,54.74640454878985,24.154100157378963,30.592304391410885
frame_ra_126.62_126.79,49.33078954313429,0.46999999999999886,0.25978939984086835,408.952227812583,354.52115742624244,54.43107038634054,13.29734611574014,7.245283470400864,6.0520626453392765
frame_pEX_127.26_127.45,56.84408283740467,0.0,-0.2783896579169223,409.40113538572024,353.16356427621474,56.237571109505495,3.285724652104804,2.085637770081803,1.200086882023001
frame_tu_127.45_127.54,30.782886230998358,0.0,-0.32838283515446726,407.2471636948988,358.9844990180378,48.26266467686099,89.91342588904398,54.09738390359813,35.81604198544585
frame_dZi_127.54_127.65,64.06134876205788,0.0,-0.0785250839341536,408.19607280213796,357.6158284424027,50.580244359735275,6.724905864717499,2.8504543813281202,3.874451483389379
frame_mi~_127.65_127.78,55.18150242453838,0.0,0.26804595133235415,412.229708189078,357.7648470561257,54.46486113295231,6.044085273660457,2.5468694797313134,3.4972157939291435
frame_i_127.78_127.85,58.97787167575251,0.0,-0.07852508393430212,408.17662737152955,361.69965884516614,46.47696852636341,3.5867490984395545,1.1947669551900049,2.3919821432495496
frame_dZi_127.85_127.94,59.30861720955431,0.0,-0.18303620647485128,408.7227357841599,360.8492240136429,47.873511770516984,2.0035613429279664,0.9078931219979438,1.0956682209300226
frame_si_127.94_128.12,75.37669014875746,0.0,-0.49656957409679575,407.278527291744,349.90845933764524,57.37006795409877,116.13193697030961,89.28650661242241,26.845430357887196
frame_mo_128.12_128.27,44.75555008181698,0.0,-0.13786642109213912,413.13203319860844,357.8746050813935,55.25742811721494,16.35359104078981,5.184222662791981,11.169368377997827
frame_su_128.27_128.52,89.41905544308545,0.28999999999999204,-0.1903016668287095,395.5221199250208,334.0583234216099,61.46379650341089,52.627387845275244,43.72658082784455,8.900807017430694
frame_tu_128.81_129.02,10.085815638735511,0.0,1.0524288481042876,410.6084558180867,352.6312136681357,57.97724214995105,11.148921060780182,6.282374206550557,4.866546854229625
frame_po_129.02_129.19,13.378011934271925,0.0,0.20993295939078085,414.59896257829575,358.65629587879727,55.94266669949849,56.564506987059104,10.309632521256006,46.2548744658031
frame_dZi_129.19_129.26,15.801250598412011,0.0,-0.49656957409679575,410.1536902310682,361.6008350797574,48.55285515131078,1.8758678270792615,1.1063150354219857,0.7695527916572757
frame_mi_129.26_129.44,17.17795645969119,0.0,-0.18303620647485128,413.4064752466362,356.26839096420105,57.13808428243516,13.243535801946763,4.445366171992006,8.798169629954756
frame_dZi_129.44_129.54,20.411507778975064,0.0,-0.3920584515562466,405.31668479586335,357.01639367254063,48.30029112332272,1.9864956629347432,0.4579397116630872,1.528555951271656
frame_zeX_129.54_129.8,21.915109657149046,0.0,0.3174326635363685,411.6297694099834,346.8508728188658,64.77889659111759,11.286365994196316,6.117082187807327,5.169283806388989
frame_ajs_129.8_129.95,25.653159635304675,0.0,-0.7847859845650429,403.4623388069721,348.754892292834,54.707446514138155,5.601042426900392,2.646520334213619,2.954522092686773
frame_O_129.95_130.07,3.719609437185369,0.0,0.08553610265083968,410.65784012265357,359.2930101279553,51.364829994698255,10.372288081701655,4.9845720386103665,5.387716043091288
frame_ras_130.07_130.32,26.811140582549683,0.05000000000001137,-0.47141336924328436,408.6038800715429,346.6591503722325,61.94472969931036,69.12524161529032,34.02669455841321,35.098547056877116
frame_mi~_130.37_130.48,20.376514971476013,0.0,0.10595059562761253,398.48786834960697,348.897492182978,49.59037616662897,12.019934286788711,4.74105441472733,7.278879872061381
frame_Ja_130.48_130.6,51.12596721538395,0.0,-0.7847859845650429,405.7310286313477,355.71675214619745,50.014276485150276,51.41382270392561,26.504385844057907,24.909436859867704
frame_se_130.6_130.75,4.83977084486358,0.0,-0.777215967043153,411.8106699584786,357.6541774754022,54.15649248307642,0.2343201544790645,0.060435134511635624,0.1738850199674289
frame_Jo_130.75_130.82,5.75881391155589,0.0,-0.6595654918175076,412.44612049266345,364.46247339774743,47.98364709491602,11.286938477170878,5.561709003521273,5.725229473649605
frame_ra_130.82_130.88,11.297636335838163,0.0,-0.8892435230055301,394.445444808009,349.78990913505925,44.655535672949725,10.97746265731169,5.0560047526363405,5.92145790467535
frame_fi_130.88_130.94,1.581046750381887,0.0,-0.49656957409679575,392.2312948308332,347.11133519185097,45.11995963898221,104.67621658362593,51.98625422025961,52.68996236336632
frame_kow_130.94_131.03,15.706630669291968,0.0,-0.8334651820589676,413.28889873916665,363.73509530543106,49.553803433735595,2.0402966682075174,0.5110153586782786,1.5292813095292388
frame_majs_131.03_131.29,18.695635795184003,0.0,0.05087432295944858,414.4626529729803,349.0255268487041,65.43712612427629,23.61594389597478,12.382116158980025,11.233827736994755
frame_bra~_131.29_131.55,23.22004176858522,0.0,-0.21503790252030902,413.93768725700824,347.53391940096446,66.40376785604377,27.961845369407826,14.759768992364585,13.202076377043241
frame_ka_131.55_131.65,9.26952364080671,0.0,-0.7847859845650429,411.40793331437004,361.33783006120973,50.07010325316031,81.43794814155007,50.89144174314973,30.54650639840034
frame_du_131.65_131.74,16.08225742671317,0.0,-0.32838283515446726,410.2026458813914,360.94509286426523,49.25755301712621,15.276877163191529,8.648893011721285,6.627984151470244
frame_ki_131.74_131.85,52.922896856296944,0.0,-0.18303620647485128,393.1811098760725,345.0949850526848,48.086124823387706,44.37991974799134,29.676061902474885,14.703857845516453
frame_pa_131.85_132.0,18.55122126207415,0.0,-0.6803284461242588,408.2550186080205,355.70631205659896,52.54870655142156,126.30456796345793,72.31011034733,53.99445761612793
frame_pEw_132.0_132.27,29.38282853975251,0.0,-0.7031804165914067,411.8279028625379,347.75356060826164,64.07434225427625,57.9862389138475,15.70332797359319,42.28291094025431
frame_dZi_132.27_132.36,15.177316168898045,0.0,-0.49656957409679575,411.7643924143928,362.6271382984784,49.137254115914345,8.258727509865054,4.902024297965312,3.3567032118997417
frame_me_132.36_132.6,26.34680898410302,0.0,-0.3393565148118422,412.79040508293616,348.80503257416,63.98537250877615,11.85628916934256,4.753299970443663,7.1029891988988965
frame_du_132.6_132.7,1.8981895424097104,0.0,-0.052220498502951754,397.00359022020297,349.2951125966498,47.708477623553165,163.57304963954732,83.76762218681313,79.80542745273421
frame_poX_132.7_132.9,73.72801891864026,0.0,-0.8334651820589676,395.0350296895043,338.1577347780965,56.87729491140783,5.056645257380332,2.616343518002658,2.4403017393776736
frame_ki_132.9_132.96,63.96462262909937,0.7699999999999818,-0.49656957409679575,383.13945876035245,342.0524656085929,41.086993151759486,26.31401951065272,15.102646424354418,11.211373086298302
frame_E_133.73_133.77,75.85273595818859,0.0,-0.7031804165914067,401.4287846796213,359.3835673538386,42.04521732578269,3.4884967545912104,1.6250180221654489,1.8634787324257616
frame_la_133.77_133.9,70.75020857857129,0.0,-0.5758709076837716,411.79487162072905,358.44087360660615,53.35399801412291,5.854782652068678,2.0458814573893704,3.808901194679308
frame_sa_133.9_134.1,88.72772494890367,0.0,-0.36695583080279714,413.1450438016042,353.50422110763213,59.64082269397204,45.093829852329286,24.212146749469355,20.88168310285993
frame_bi_134.1_134.43,68.56174946690338,0.0,0.8620750189315314,414.0095530296393,342.0206871947885,71.98886583485086,20.965249424348087,10.235871141341192,10.729378283006895
frame_a_134.43_134.59,74.8780371662737,0.6599999999999966,0.4687044767219912,408.6961215642648,353.7630551614031,54.9330664028617,18.900660896713674,11.24540983735973,7.655251059353944
frame_a_135.25_135.39,4.933289459650112,0.0,0.2597893998407199,405.9481555660044,353.8520817705195,52.09607379548487,12.63021660710747,6.609920295005949,6.020296312101522
frame_fa~_135.39_135.68,2.339870262001469,0.0,-0.41862892049594946,415.8681714709079,347.1804662091465,68.68770526176138,5.222884899001315,3.387743030375532,1.835141868625783
frame_ma_135.68_135.87,5.818340075992481,0.0,-0.36695583080250027,414.43636643201296,355.83552227678064,58.60084415523232,18.532912340550723,7.8236012101289845,10.709311130421739
frame_du_135.87_136.05,20.160560565121457,1.0300000000000011,0.7762665114527721,406.220813532715,352.26416418849504,53.956649344219954,37.796070523065055,8.234344403802794,29.56172611926226
frame_du_137.08_137.16,63.94310128397865,0.0,-0.3283828351548597,410.2302264909058,362.6788771570251,47.55134933388064,4.908867676020051,2.888904784473212,2.0199628915468395
frame_baj_137.16_137.37,60.90732931929202,0.0,-0.5758709076837716,412.48031794492874,352.00362335581525,60.47669458911349,16.571215418091654,8.034357217835094,8.53685820025656
frame_a~_137.37_137.57,63.70137027111301,0.0,0.9047126963449902,412.869617692565,353.1506791836612,59.71893850890376,4.219245738071194,1.9614579512770547,2.2577877867941396
frame_nu_137.57_137.68,62.5127290573742,0.0,-0.46646400348022504,412.46007086038776,361.2388290717421,51.22124178864567,1.1357970298125224,0.7226929676731402,0.4131040621393822
frame_i_137.68_137.8,56.64684357429276,0.0,0.4440305287690377,412.71254771694527,361.1536458316277,51.55890188531754,6.745920313154343,4.4465246122430955,2.299395700911248
frame_noR_137.8_138.05,34.141141956948005,0.0,0.905531720357115,413.8926542569341,349.4323987983016,64.4602554586325,12.583775600573631,6.956480958683969,5.627294641889662
frame_maw_138.05_138.22,40.93397252501383,0.0,-0.5758709076837716,413.3889956856035,356.845208943472,56.54378674213149,14.98343412151634,9.380468838452643,5.602965283063696
frame_me~_138.22_138.49,58.82903701156454,0.0,-0.06718615826618493,412.8310612313077,348.41345541059366,64.41760582071402,7.892265956530082,3.2948289872096126,4.597436969320469
frame_tSi_138.49_138.61,33.67836624360763,0.0,-0.2875473290154004,413.1930977254866,361.09706709741107,52.09603062807554,147.13373394246335,74.9396665580567,72.19406738440665
frame_a_138.61_138.72,57.88336585703509,0.0,-0.05358321548103863,412.4676800524806,361.7853752978342,50.682304754646395,7.694094498607939,4.985236984003777,2.708857514604162
frame_zo~_138.72_138.96,60.4849397127183,0.0,0.16201475777854243,412.12524907341356,348.8990562247309,63.22619284868267,7.822205863741047,5.00192862043518,2.820277243305867
frame_na_138.96_139.13,67.03036661149919,0.0,-0.47141336924328436,412.55328725061247,354.96864515117534,57.58464209943713,7.03963464893657,3.9607542163101215,3.0788804326264483
frame_baj_139.13_139.52,68.82451146081833,0.0,0.5731620151627753,410.6960838355172,334.3303293628348,76.3657544726824,10.061342030228246,6.448038629954084,3.6133034002741624
frame_Sa_139.52_139.68,101.67890237942305,0.0,-0.8892435230055301,409.43653955997775,354.29725389025907,55.139285669718674,0.5241336252711122,0.3880768421118148,0.13605678315929737
frame_a_139.68_139.72,77.39576231859671,0.0,-0.7847859845650429,398.025461296442,353.30978929297737,44.715672003464704,3.270355664869328,2.29081859921412,0.979537065655208
frame_li_139.72_139.94,69.11291788448376,0.0,0.653052773850136,412.0232165653556,350.68654107778565,61.33667548756995,9.158336774455464,2.5967317823705685,6.561604992084895
frame_da_139.94_140.37,52.206576867631355,0.6599999999999966,2.4533977070930297,406.7559405008867,329.3116472740918,77.44429322679491,104.50404522229591,74.75346273755594,29.75058248473998
frame_pra_141.03_141.19,60.883997419842586,0.0,-0.36695583080279714,407.31119584857925,353.86251961474125,53.448676233838,5.967249867546769,3.0749340990591207,2.8923157684876486
frame_sa_141.19_141.29,85.39952760669043,0.0,-0.8892435230055301,408.05370117537564,358.0321350161464,50.021566159229224,39.494924233927186,26.455622661980797,13.039301571946389
frame_vis_141.29_141.45,71.6456635936062,0.0,-0.49656957409679575,406.1979250681584,352.1312240942292,54.06670097392919,39.18715386470445,15.312960367095172,23.874193497609276
frame_ko~_141.45_141.61,56.28052774714713,0.0,-0.09286211726289174,412.84969292205756,356.3681721806212,56.481520741436384,8.81034008522225,6.148357794706257,2.6619822905159936
frame_dZi_141.61_141.69,63.777003253305054,0.0,-0.2875473290154004,404.4636430601676,357.9874338242558,46.476209235911824,2.9104482268019893,1.8841180616601179,1.0263301651418715
frame_dZi_141.69_141.75,97.79652450240641,0.0,-0.49656957409679575,393.8979542076552,348.82865694781907,45.069297259836105,2.7290188593014406,1.2626905693240076,1.466328289977433
frame_kaj_141.75_141.94,60.57382652277971,0.0,-0.47141336924328436,414.7552837710057,354.0835426314634,60.67174113954229,11.363399731952086,7.296223836316074,4.067175895636012
frame_ru_141.94_142.08,45.01162937577516,0.0,0.5001041748008641,412.7401728962883,359.4416014182652,53.29857147802312,19.56012861958959,10.733966010039524,8.826162609550067
frame_na_142.08_142.24,55.06023737769071,0.0,-0.26249829236201305,413.21285548082403,357.4444506500077,55.76840483081634,19.992917905273785,13.049655216065347,6.943262689208439
frame_kE_142.24_142.4,53.33338212751207,0.0,-0.7031804165917086,414.5504576288177,358.2538986270202,56.296559001797505,2.142323254737434,0.8387121785604847,1.3036110761769493
frame_la_142.4_142.49,53.81279240358138,0.0,-0.8892435230055301,413.66456166868664,364.2005370225118,49.464024646174835,1.2952904964352143,0.5306914781075847,0.7645990183276297
frame_o_142.49_142.52,58.93709215130704,0.0,-0.8334651820589676,392.5958827624351,348.3028949809862,44.292987781448915,2.2649562821719798,1.545189810140613,0.7197664720313668
frame_ka_142.52_142.7,62.95785317735579,0.0,-0.36695583080279714,412.9169794723862,354.1344307907978,58.782548681588366,0.6697342253830101,0.48416012050562074,0.18557410487738935
frame_zi_142.7_142.86,61.38709079677386,0.0,-0.49656957409679575,411.16147153419934,355.0034171958643,56.158054338335035,15.041062565843646,9.862425079820213,5.178637486023433
frame_a~w~_142.86_142.96,44.53188983986449,0.0,-0.41862892049594946,410.3506837485686,361.12609608649655,49.224587662072054,8.315257322626238,3.2650360132457763,5.050221309380461
frame_sO_142.96_143.15,35.538361434103706,0.0,-0.8011186199494592,414.1893796914383,354.82250569457364,59.36687399686468,18.049328069429507,8.15064451802047,9.898683551409036
frame_da_143.15_143.37,53.4092158992632,0.0,0.05087432295974547,410.784179535696,350.2009829385072,60.58319659718882,6.8489536314159665,3.4040800733883856,3.444873558027581
frame_va_143.37_143.5,57.099044355401745,0.0,-0.5758709076837716,412.27085664756163,358.29592885088135,53.97492779668028,5.711832299929924,2.175565726765413,3.536266573164511
frame_do_143.5_143.72,45.46849537367741,0.0,0.38383264963224084,413.71206052238375,352.7457553734571,60.966305148926665,26.727721748950515,17.292400016839338,9.435321732111177
frame_kej_143.72_144.09,49.68981057524449,0.0,1.6310110202315455,416.59420507877815,340.59494680711043,75.99925827166766,17.09448264863994,12.57436927323731,4.52011337540263
frame_ru_144.09_144.17,43.38885863277234,0.0,-0.3283828351548597,413.62539252717295,363.9860174218993,49.63937510527359,1.4403728061051169,0.9066524593153105,0.5337203467898064
frame_i_144.17_144.46,50.61189198466916,0.0,2.2207196119601558,412.44116734296426,345.56777487354975,66.87339246941451,32.3025297613799,12.038078363435375,20.264451397944526
frame_pe_144.46_144.69,28.684579894579088,0.0,-0.12042678869556454,415.9881273771761,353.3500181884509,62.638109188725196,82.94964052755205,56.99777105864732,25.951869468904732
frame_so_144.69_145.04,55.42457262017571,0.0,1.7750301715649093,413.28608579877425,339.7911514236273,73.49493437514695,11.446239727681913,6.113165862913647,5.3330738647682665
frame_as_145.04_145.34,33.282057064658346,0.44999999999998863,-0.784785984564746,407.4385981930241,341.2191609528934,66.21943724013073,82.32130084462683,60.695609092418806,21.625691752208027
frame_dZi_145.79_145.93,63.26116669164787,0.0,0.13049716114709323,408.76059622617265,357.61904460819267,51.141551617979985,47.35917556490405,21.153126103664533,26.206049461239516
frame_kla_145.93_146.19,48.412604251355035,0.0,0.1553318614002327,411.8292541153799,347.5754330322066,64.2538210831733,33.73032652695838,27.3952330262383,6.3350935007200775
frame_si_146.19_146.34,57.3709729679604,0.0,-0.49656957409679575,412.2001354737695,357.7779447050922,54.42219076867724,85.60056070320266,55.924153965971556,29.676406737231098
frame_majs_146.34_146.69,39.84279236574825,0.06999999999999318,-0.36695583080250027,412.7074768696442,340.25939669718184,72.44808017246237,46.902631656939676,38.04737561180558,8.855256045134098
frame_pO_146.76_146.97,54.64286535457623,0.0,0.6175289362109182,416.2692218396155,354.5199557197262,61.749266119889285,10.33846249001671,5.188584917261778,5.1498775727549315
frame_bri_146.97_147.24,69.10983973158594,1.0199999999999818,0.13049716114709323,414.27341680521255,347.28740757372003,66.98600923149252,7.9695222190287325,3.1429149901515956,4.826607228877137
frame_majs_148.26_148.53,58.72056832619647,0.0,-0.5758709076837716,411.43280675528126,347.6506380600638,63.782168695217536,88.9057552033311,40.03032387094525,48.87543133238585
frame_fe_148.53_148.8,11.597836109905472,0.0,2.287800198579134,419.09132858936357,351.57492546741895,67.51640312194462,162.41481148436793,44.92306482588555,117.49174665848237
frame_liz_148.8_148.9,21.863639799469524,0.0,-0.49656957409679575,417.6830595789742,366.6223930540942,51.06066652488005,8.132246133614444,4.43421884706072,3.6980272865537245
frame_me~_148.9_149.12,18.268180018657205,0.0,0.9829086116717651,415.3313930604006,355.1454548218197,60.18593823858089,6.8472468056563685,2.4870617401632273,4.360185065493141
frame_tSi_149.12_149.18,18.833438988663545,0.0,-0.49656957409679575,398.8159257924758,353.1670508047888,45.648874987687066,5.314680928043941,2.987273506211352,2.3274074218325893
frame_na~w~_149.18_149.41,29.74914675288943,0.12999999999999545,-0.21503790252030902,413.8823058304822,352.7227630903373,61.1595427401449,21.894669811427917,16.758660867292747,5.13600894413517
frame_tSi_149.54_149.62,82.88376793993095,0.0,-0.2875473290154004,415.3031852794587,366.1266451516467,49.17654012781202,36.66629866225172,14.24719411969403,22.41910454255769
frame_ve~_149.62_149.79,80.22401620629076,0.0,0.1078296367233076,413.4369630450534,357.1893886509481,56.2475743941053,7.528421300662288,2.2114028305090443,5.3170184701532435
frame_mus_149.79_150.0,81.74580512356701,0.0,-0.1903016668287095,414.26658768875245,353.6526466178554,60.613941070897056,16.883564275160552,4.233761719398132,12.64980255576242
frame_na_150.0_150.29,90.23582714631992,0.0,0.9909921689247242,412.7418892378157,345.9865462291883,66.75534300862734,16.09531561047139,10.211272116718959,5.884043493752429
frame_da_150.29_150.38,59.949796565265686,0.789999999999992,-0.6803284461245557,396.24852159469947,348.85810532746757,47.3904162672319,60.611467334954085,38.373367324173515,22.23810001078057
frame_na~w~_151.17_151.3,45.267610220491406,0.0,-0.6222199384713006,411.7151996809305,360.04906344092956,51.666136240000924,9.972795345429489,7.078716236922887,2.8940791085066024
frame_a_151.3_151.33,78.38010326377933,0.0,-0.8892435230055301,410.93801152628464,367.0911923224543,43.84681920383031,9.402676400613636,1.398390929402467,8.004285471211169
frame_ko~_151.33_151.48,41.42466442997154,0.0,-0.22030055478397104,413.90680106204104,358.4193509140998,55.48745014794116,17.73527978545387,7.384652626375015,10.350627159078854
frame_te_151.48_151.64,39.16828390185985,0.0,-0.12042678869618678,413.5447080393463,357.38248697373615,56.16222106561014,17.04817772638387,10.06889823958798,6.979279486795889
frame_sew_151.64_151.89,33.633808320323084,0.0,-0.777215967043153,413.7122048782297,349.08518176551206,64.62702311271767,20.72839736497592,12.15386607758731,8.57453128738861
frame_na_151.89_152.15,34.918902391772306,0.0,0.5731620151627753,414.4695570820682,348.36786569115895,66.10169139090925,26.241842673847742,18.504645435567525,7.737197238280217
frame_da_152.15_152.27,39.536503171954706,0.0,-0.6803284461242588,410.12548958537394,358.49365859746024,51.6318309879137,37.88421012107278,20.332719889033,17.551490232039782
frame_nu_152.27_152.82,51.0472888474697,0.0,3.537889877969889,410.41280352556976,319.549211998287,90.86359152728281,16.131095543710373,5.002397480830993,11.12869806287938
frame_a_152.82_152.87,28.51089851934711,0.0,-0.6803284461242588,413.9457845629814,367.7764060177756,46.169378545205745,9.18063908038603,4.965091513303236,4.215547567082794
frame_te~_152.87_153.24,48.83278650480622,0.0,1.6829717916302327,412.8507924793442,339.8046284878604,73.04616399148381,18.73033893280514,12.07395611753104,6.6563828152741
frame_dZi_153.24_153.4,45.70182168507513,0.0,0.23500828368764237,414.43189363723576,359.30524724074706,55.126646396488695,9.598186449129315,3.4256556181853455,6.17253083094397
frame_u_153.4_153.59,55.321598875783096,0.0,1.604753521407711,412.40787498160165,352.498627548329,59.90924743327264,9.34372175423691,6.1506387492828765,3.1930830049540333
frame_o~_153.59_153.72,50.460151323986,0.0,0.28945319529925956,412.5896482974889,358.3118301736172,54.277818123871725,2.987198134195779,1.2188713908079336,1.7683267433878456
frame_me~j~_153.72_153.98,55.84026698967419,0.0,-0.59223354323516,410.2523176972188,346.2888811730615,63.963436524157316,9.963002144351165,4.5766763534430766,5.386325790908089
frame_ko~_153.98_154.19,53.743708225151096,0.0,0.16201475777854243,408.39893368890756,347.745485748056,60.65344794085155,5.400573495453983,2.726055633174653,2.6745178622793304
frame_de_154.19_154.32,48.56816361387688,0.0,0.3174326635357463,412.9149809077676,359.02134430733565,53.89363660043199,10.370142373520352,3.0669587182362363,7.303183655284116
frame_li_154.32_154.45,47.52717233132185,0.0,-0.07852508393430212,410.16149782117367,358.6941853225292,51.467312498644446,6.0853705016481,2.0356808221943936,4.0496896794537065
frame_ka_154.45_154.66,46.30790394492816,0.0,-0.15804075392152583,407.67055323403576,352.29269374220314,55.37785949183262,16.42496083185968,8.458222885958762,7.966737945900917
frame_de_154.66_154.92,47.984749151358784,0.0,2.0688704724628564,413.10124652692645,347.6038444488904,65.49740207803603,21.656457758516268,10.922593884283785,10.733863874232483
frame_za_154.92_155.1,32.08825602345307,0.0,-0.5758709076837716,412.54833363624994,354.16937034868016,58.378963287569775,30.86741744497722,12.851119725392891,18.01629771958433
frame_e_155.1_155.14,44.843313826212565,0.0,-0.5582862409274976,399.1420183727763,356.5362732515531,42.60574512122321,8.582738390992219,4.540864414224984,4.041873976767235
frame_li_155.14_155.21,47.614492609563484,0.0,-0.49656957409679575,412.258031588259,363.6432296693436,48.61480191891536,3.541159842744719,1.6098592224545172,1.9313006202902017
frame_a_155.21_155.26,46.450918058727694,0.0,-0.6803284461245557,406.86643059746666,361.13483913013664,45.73159146733002,3.6536046272295977,1.8611019248693168,1.7925027023602809
frame_gra_155.26_155.46,51.90494052671747,0.0,-0.05358321548074174,411.28711380926,352.1535847464254,59.13352906283461,41.40569887840915,12.686228551058036,28.71947032735111
frame_de_155.46_155.63,54.99669113171355,0.0,-0.777215967043153,409.09110935228773,352.43744688168886,56.65366247059893,3.0170063124522954,1.5960949848715842,1.4209113275807113
frame_sew_155.63_155.85,52.959492532547344,0.0,-0.777215967043153,411.7209775925368,350.687706234994,61.033271357542844,38.671432626891395,11.666101035079393,27.005331591812002
frame_i_155.85_155.88,5.738777316049379,0.0,-0.49656957409679575,384.1182824621284,340.51875599540676,43.59952646672161,13.915726627768208,7.691471430983796,6.224255196784412
frame_foj_155.88_156.03,41.00397923455661,0.0,0.03603326914932086,411.7820981817782,356.5845257411661,55.197572440612134,17.681138700624373,11.22811574338651,6.453022957237863
frame_e~_156.03_156.07,46.269958288627606,0.0,-0.9422651332146424,400.16295341967077,355.6413390022533,44.521614417417425,6.473334086681206,4.758759807028383,1.7145742796528225
frame_bO_156.07_156.26,72.82827377734024,0.0,0.26286704717069787,404.56993628439506,346.296707307112,58.273228977283054,3.8961831417860537,2.0891500324274688,1.807033109358585
frame_ra_156.26_156.41,71.93848970273083,0.9399999999999977,0.05087432295974547,401.9508841246869,348.053343061409,53.897541063277856,4.393015161656649,2.0947145838819097,2.2983005777747394
frame_u_157.35_157.47,20.79282921302837,0.0,0.6381853431266219,410.8149081760873,360.0431901423543,50.77171803373295,73.42745849554241,45.44309712555054,27.984361369991873
frame_dZi_157.47_157.53,2.8177694618366758,0.0,-0.49656957409679575,408.92122273975167,363.1695340689946,45.75168867075706,7.8160133143214665,3.67479635667749,4.141216957643977
frame_a_157.53_157.64,5.410132516129636,0.0,-0.05358321548103863,417.92703898818934,366.53021186049,51.39682712769934,3.580189046347769,1.4645485962854536,2.1156404500623154
frame_se_157.64_157.82,0.5311700762199365,0.0,0.3174326635357463,416.3516317415059,357.91124802433166,58.44038371717426,13.918862210606733,3.304910530907918,10.613951679698815
frame_gi~_157.82_158.03,0.6606720875773249,0.0,1.07852272985468,417.6576087062648,355.64313349966164,62.01447520660315,27.07385813375798,16.863203366077016,10.210654767680964
frame_tSi_158.03_158.16,15.328036370276493,0.0,-0.18303620647485128,414.02639809743954,361.23496515762264,52.7914329398169,23.934415439660555,13.928660569287473,10.005754870373082
frame_des_158.16_158.51,0.8582326865086003,0.0,0.9742218418833347,414.3096446249583,342.33693599935856,71.97270862559975,18.50922438134016,7.896223158673379,10.613001222666782
frame_e~_158.51_158.55,2.53502377076704,0.0,-0.942265133214145,408.82150455043575,363.1668092334043,45.65469531703144,0.6224700635368094,0.44704015205286396,0.1754299114839455
frame_mus_158.55_158.68,5.347796834240356,0.0,-0.46646400348061745,412.6894365768185,360.07809493009165,52.61134164672683,8.718095639556523,5.82364696615916,2.8944486733973633
frame_ow_158.68_158.75,8.716963255453166,0.0,-0.6595654918175076,411.51061268033413,364.0677369600971,47.442875720237055,7.148313427222462,3.300139940038264,3.848173487184198
frame_tra_158.75_158.92,21.80867283323242,0.0,-0.5758709076840685,410.7495725758247,356.090939966336,54.65863260948868,56.08647832476538,14.08954045772873,41.99693786703665
frame_vejs_158.92_159.17,7.758636710845437,0.0,-0.5582862409274976,414.0038047901449,351.90825042003746,62.095554370107436,16.71813777980249,5.185659702828474,11.532478076974016
frame_fo~_159.17_159.37,6.764483128130337,0.0,0.544330070341056,416.116975226841,355.14987782534274,60.96709740149828,12.591014260957579,3.7522017802890844,8.838812480668494
frame_mus_159.37_159.46,5.570390122368252,0.0,-0.6045451718063752,399.81840445233405,352.33853166086874,47.47987279146531,13.529757706028334,6.139226899913609,7.390530806114725
frame_vi_159.46_159.55,5.710725167719161,0.0,-0.2875473290154004,418.7913395427482,367.86257844982407,50.928761092924105,10.731640429530017,5.639317841842299,5.092322587687718
frame_zi_159.55_159.72,4.328581943548386,0.0,0.13049716114709323,414.842668749087,357.9419318748278,56.90073687425922,8.387109574514483,2.4646962543988025,5.92241332011568
frame_taX_159.72_159.92,15.860402017940132,0.0,-0.36695583080250027,418.59052007469467,356.7477833756958,61.84273669899886,59.133945967704946,9.826837970001066,49.30710799770388
frame_u_159.92_159.95,8.79755456302236,0.0,-0.6045451718063752,402.79964796060506,357.6917087859644,45.10793917464065,0.7480307576183094,0.3582193246501646,0.3898114329681448
frame_meX_159.95_160.18,25.320088237838306,0.0,0.7552921157676794,413.32983816092786,353.3926716621604,59.93716649876745,62.60458552105518,22.517631190840092,40.086954330215086
frame_ka_160.18_160.48,49.63674640052626,0.0,1.1999072458059954,412.00431003986,345.1332141722269,66.87109586763313,33.40362892468241,12.090452252529545,21.313176672152863
frame_du_160.48_160.62,55.53327590270577,1.1599999999999966,0.08586066982319844,394.5909130930676,343.2112817457443,51.37963134732331,30.494200855545536,12.888604496893592,17.605596358651944
frame_i_161.78_161.83,45.32021487185095,0.0,-0.2875473290154004,405.68814563288674,360.9573615940593,44.730784038827494,12.238849165221609,4.906290615602757,7.332558549618852
frame_u_161.83_161.87,25.249042249280393,0.0,-0.46646400348061745,418.63317585062987,372.98846849910944,45.644707351520424,1.161418795287105,0.5782111294655152,0.5832076658215897
frame_meX_161.87_162.08,1.6465889946240537,0.0,0.09850293742009088,410.3416043112585,352.81065781775885,57.53094649349964,24.417760115434845,8.612540760017652,15.805219355417194
frame_ka_162.08_162.28,31.171335537421797,0.0,-0.15804075392152583,412.7144385297224,353.8087470787984,58.905691450923996,7.76850172898159,5.979002276352077,1.7894994526295136
frame_du_162.28_162.47,2.6077943479579204,0.0,0.7762665114523797,413.30234690263234,354.0709446779773,59.23140222465503,40.09707192983322,10.769223634893734,29.327848294939486
frame_vE_162.47_162.68,11.435644507371023,0.0,0.46499416976350105,413.79079541284324,354.29739981699447,59.49339559584877,18.444468205513758,10.100175945705061,8.344292259808697
frame_Lu_162.68_162.8,1.398682040369053,0.19999999999998863,-0.6045451718063752,407.99088868204444,357.8811167903859,50.10977189165857,26.15431404737653,17.996480492137266,8.157833555239264
frame_a_163.0_163.06,30.939365077458305,0.0,-0.5758709076837716,411.9800766129318,365.3840894546149,46.59598715831686,5.331630359920396,2.7596698272536173,2.571960532666779
frame_w_163.06_163.14,31.848844852043996,0.0,0.08586066982280599,412.20135765540715,362.9342797349503,49.26707792045687,1.59139835708379,0.6233715314357084,0.9680268256480815
frame_la_163.14_163.29,41.19959295647402,0.0,-0.05358321548103863,413.02983592322744,356.8372061118148,56.1926298114127,5.834028664737559,3.2502458840316137,2.5837827807059455
frame_du_163.29_163.42,42.85184013283201,0.0,0.22394183814856375,408.2397477085816,358.5388934215099,49.70085428707171,5.983712381833925,2.266246912391523,3.717465469442402
frame_tSi~_163.42_163.48,84.55895242071256,0.0,-0.7045261828942527,399.31044244738615,353.8778279623958,45.432614484990324,1.9131703790381849,0.8311381550038703,1.0820322240343145
frame_Ja_163.48_163.54,27.5403062843462,0.0,-0.8892435230055301,410.9849386327278,364.1244131567229,46.86052547600491,2.1590077382599873,0.835611276384526,1.3233964618754612
frame_u~_163.54_163.57,33.91612009195849,0.0,-0.6429107573200101,395.1635564178024,351.6601285819628,43.503427835839545,0.6390274322835694,0.2043800356160972,0.4346473966674722
frame_mas_163.57_163.76,39.0176156666473,0.0,-0.6803284461245557,411.91899701384193,353.7649795456315,58.15401746821044,11.426671907052835,4.663885557680317,6.762786349372519
frame_ba_163.76_164.03,40.99552076072614,0.0,0.05087432295974547,413.85144975564646,347.5505231182942,66.30092663735223,18.45575600228821,9.585022406890673,8.870733595397539
frame_Ra_164.03_164.28,40.153030242761275,0.0,1.0954497073655083,411.86573882382737,349.47299534692667,62.392743476900705,17.211697125860738,6.52458336388419,10.687113761976548
frame_ki~_164.28_164.5,54.53114376709095,0.0,1.0785227298542195,411.0081309279185,349.6282817672071,61.37984916071133,8.259262199897975,5.3502540830178305,2.9090081168801447
frame_Jas_164.5_165.19,38.61790838507184,1.1599999999999966,-0.15804075392152583,406.1225215898839,304.44253505109026,101.67998653879363,125.19258208014097,81.89994752666638,43.29263455347458
frame_E_166.35_166.45,34.76737874827387,0.0,-0.06599427857983094,411.1047527509214,360.92004807832484,50.18470467259658,8.517038313195528,3.715263528302515,4.801774784893013
frame_la_166.45_166.96,45.88246001046288,1.2099999999999795,2.9756853992960592,410.2804327017024,324.0588146155599,86.22161808614248,58.717894704747295,28.729604143644764,29.98829056110253
frame_e~_168.17_168.35,59.207674785423436,0.0,1.50795599664074,410.96702338037625,353.21730384829624,57.74971953208001,18.435344717735717,10.235345974287739,8.199998743447978
frame_trow_168.35_168.69,72.25991742186116,0.0,0.7316320301156551,413.8389957338437,340.9136242935225,72.92537144032121,48.07257666527212,9.937958077414734,38.13461858785739
frame_e~j~_168.69_168.76,75.46178734595408,0.0,-0.9422651332146424,416.92118962950303,368.484558349341,48.436631280161976,2.309974592858623,1.3444151112046399,0.9655594816539832
frame_dZi_168.76_168.85,75.3995814035036,0.0,-0.18303620647485128,408.52990905517584,360.10692826980363,48.422980785372204,2.030920744682277,0.7337899775422443,1.2971307671400325
frame_veX_168.85_169.06,71.26234516998916,0.0,-0.12042678869556454,409.98114618163174,350.60308817918036,59.37805800245138,9.07345497570715,2.1847935332527584,6.888661442454392
frame_sas_169.06_169.15,103.87067123940713,0.0,0.0,393.6979889775226,346.28215192036913,47.41583705715345,3.1461906511571556,1.4604869573828196,1.685703693774336
frame_ba_169.15_169.19,63.37414411291803,0.0,-0.7847859845650429,406.29696512906236,359.79931070167845,46.49765442738391,11.296506363784061,5.504609301699702,5.7918970620843595
frame_Ra_169.19_169.4,72.32797449132154,0.0,-0.26249829236201305,411.468776521117,351.40355165663726,60.06522486447972,11.497668155285638,5.926785070227211,5.570883085058426
frame_ki~_169.4_169.85,86.22463812909821,0.0,0.364246938281504,412.5857086193076,329.64135741611,82.94435120319758,40.25314300464492,16.94117350933321,23.311969495311708
frame_Jas_169.85_170.02,72.20578913335606,0.0,-0.784785984564746,406.8798182728045,351.33700183831036,55.54281643449417,17.760531377541128,9.065101982248464,8.695429395292663
frame_pa_170.02_170.1,18.00077551995443,0.0,-0.8892435230055301,404.0396478721568,356.78627112508144,47.25337674707538,109.00161291672154,36.8416150813006,72.15999783542094
frame_ra_170.1_170.22,83.07270624493958,0.0,-0.26249829236201305,407.5175100471289,355.2815652969816,52.235944750147326,2.9272730892505763,1.3568107090814152,1.570462380169161
frame_veX_170.22_171.12,82.30772275078961,0.3299999999999841,13.453216230487515,410.8099133696344,288.6105058862932,122.19940748334116,38.12066251104936,12.136432160565988,25.984230350483372
frame_ob_171.45_171.52,28.7578685074771,0.0,-0.6595654918170134,415.78813572746196,366.8029088791153,48.985226848346656,1.950810854765848,1.554470737442756,0.39634011732309204
frame_Ze_171.52_171.74,31.954052738427436,0.0,2.0688704724628564,415.9485193483308,355.204908780928,60.743610567402754,39.522166148000935,21.663567191337563,17.85859895666337
frame_tus_171.74_171.87,63.60025011120612,0.0,-0.6045451718063752,407.31778682749757,354.8489375848372,52.46884924266038,22.03310645123581,11.17400378957251,10.8591026616633
frame_da_171.87_172.02,88.9355247546911,0.0,-0.36695583080250027,409.5709041662522,354.6800625075617,54.89084165869053,32.38554739884731,12.258777124566791,20.126770274280517
frame_aX_172.02_172.25,76.51228168759262,0.0,0.4687044767219912,408.5248924264729,347.9958172711047,60.52907515536816,7.2582170503892485,3.7203337221526454,3.537883328236603
frame_tSi_172.25_172.32,81.17542696612121,0.0,-0.3920584515562466,409.8722020103036,361.84874803150024,48.02345397880339,74.18675124363773,40.696142988652085,33.49060825498564
frame_baj_172.32_172.62,83.09854042314176,0.0,-0.5758709076837716,411.9132733699531,342.9745622743933,68.93871109555982,20.334877574057643,11.912942483684262,8.421935090373381
frame_a~_172.62_172.89,68.54164494049924,0.0,1.6172812592592978,412.9883310075619,346.1100869911238,66.87824401643815,14.249136036323605,6.711780343229762,7.5373556930938435
frame_na_172.89_173.07,82.93808402400865,0.0,-0.36695583080279714,403.65919171508676,349.12440027149773,54.53479144358903,6.330384364698062,4.345632852105979,1.9847515125920836
frame_i_173.07_173.14,82.15713858392311,0.0,-0.07852508393430212,415.2079925018838,366.97940275343694,48.228589748446836,12.071809688834648,5.657848195337621,6.413961493497027
frame_u~_173.14_173.17,12.243465262372752,0.0,-0.6429107573200101,392.8151402493399,348.28260961372166,44.53253063561823,19.49838934345118,10.756393717364404,8.741995626086776
frame_ma_173.17_173.23,82.44441522980831,0.0,-0.8892435230055301,410.35978726637995,363.66925314623995,46.69053412014,1.1697491213643048,0.4607026319508378,0.7090464894134669
frame_poX_173.23_173.45,1.8094897125936313,0.0,-0.4856658015760476,407.42728948332285,347.7362374766435,59.6910520066794,14.184023754803661,6.706563741254342,7.477460013549319
frame_sa~w~_173.45_173.63,81.79944793061901,0.0,-0.8258109564469411,407.90627568676916,350.91803465020035,56.98824103656881,6.4151299607511305,2.9683199387721118,3.4468100219790188
frame_dZi_173.63_173.76,52.45816378179221,0.0,0.13049716114709323,406.8059242048731,355.7931263668529,51.01279783802022,9.177050266261531,4.244481745221137,4.932568521040395
frame_koj_173.76_174.0,56.9028122536012,0.0,0.5577323398737009,409.607485052349,348.7630906122353,60.84439444011366,40.64283300039223,26.843486226295383,13.799346774096847
frame_za_174.0_174.15,110.89850229224437,1.210000000000008,-0.36695583080250027,389.0002481460468,339.63000397005584,49.37024417599093,1.2306093807405887,0.8311514209437476,0.39945795979684107
frame_kwa~_175.36_175.69,17.070222212593663,0.0,1.2100992233083063,417.45614142152834,344.95984507418615,72.4962963473422,21.0252790155119,4.880899372662142,16.144379642849756
frame_du_175.69_175.77,5.010284148142659,0.0,-0.6045451718063752,415.0580208010806,365.3807577485371,49.67726305254354,6.0774160795366186,1.1697594613862918,4.907656618150327
frame_es_175.77_175.91,14.94480051566481,0.0,0.09850293742009088,412.17385199272246,360.0612692481433,52.112582744579186,10.271147611935746,4.571472893489499,5.699674718446246
frame_ta_175.91_176.17,36.83031789692372,0.0,0.5731620151624784,416.9940184678803,351.74361403977576,65.25040442810456,45.207240346831306,10.98926841335522,34.217971933476086
frame_va_176.17_176.33,30.02785096861841,0.0,0.05087432295974547,415.4532313784641,358.4423126640579,57.010918714406216,8.1505023506881,2.299801981253921,5.850700369434179
frame_mus_176.33_176.42,28.82486057385097,0.0,-0.6045451718067677,395.08183845076087,348.64105164838253,46.44078680237834,5.790598700046942,4.520497203030374,1.2701014970165687
frame_nu_176.42_176.52,32.164322653433786,0.0,-0.6045451718063752,414.53830769343404,364.2550699454399,50.283237747994065,1.5088134099865442,0.7126895572251755,0.7961238527613688
frame_me_176.52_176.66,30.792301752301995,0.0,-0.12042678869556454,414.5065722904936,361.0828778318087,53.423694458684906,10.93849882375632,3.5760420970153746,7.362456726740945
frame_LOX_176.66_176.94,26.861830904679948,0.0,-0.6237876754290971,414.27603545520867,348.7166896935753,65.55934576163338,18.726814445471035,6.980959026840367,11.745855418630669
frame_da_176.94_177.18,20.308318765574256,0.0,0.6776195536032625,411.23387383337547,350.50257954045867,60.73129429291674,14.406269631215977,7.754065072762913,6.6522045584530645
frame_fEs_177.18_177.43,32.51195737332628,0.0,-0.06599427857983094,414.1579493076489,351.11631387580513,63.04163543184376,59.58847931563438,15.602168299273984,43.986311016360396
frame_ta_177.43_177.52,26.20909124982026,0.0,-0.5758709076837716,412.51026197269346,363.4139945930267,49.096267379666756,15.448202244409146,8.756442444658632,6.691759799750514
frame_dZi_177.52_177.67,19.85553547184216,0.0,0.33951940622819154,413.3095606847013,357.42079647953364,55.88876420516766,20.044083307148213,9.405762568743981,10.638320738404232
frame_si_177.67_177.82,42.595249575588596,0.0,-0.07852508393430212,411.6664681287735,356.567984059007,55.09848406976647,55.285297073474716,26.855634021952483,28.429663051522233
frame_niw_177.82_178.14,27.74611041790311,0.0,-0.49656957409679575,416.58863522359025,346.45746736438593,70.13116785920431,74.93620875442328,33.6577622408021,41.27844651362118
frame_to~_178.14_178.34,9.745713435221973,0.0,-0.857492742388281,415.8954850097311,355.18541917654295,60.71006583318814,111.10391397554272,52.86050532401799,58.24340865152473
frame_mew_178.34_178.5,1.7856608889469499,0.0,0.3174326635363685,416.3285904292049,360.7617608757961,55.56682955340881,9.513937072643856,2.511037051384079,7.0029000212597765
frame_dews_178.5_178.9,2.13963908094901,0.28999999999999204,0.536362389652024,415.2068211656592,338.6841635608677,76.5226576047915,27.491094233424448,8.99677600597785,18.4943182274466
frame_ew_179.19_179.29,104.81099889798395,0.0,-0.33935651481122,408.25437347967505,357.3222731602791,50.93210031939594,15.032609297219075,7.814310624317514,7.218298672901561
frame_dZi_179.29_179.36,56.726931508663256,0.0,-0.49656957409679575,403.9699023630996,356.671401515933,47.29850084716662,13.93276945647115,9.3017137383153,4.631055718155849
frame_si_179.36_179.44,13.741734209325955,0.0,-0.2875473290154004,401.5866131255546,355.0730984728702,46.51351465268442,7.949530713459183,4.762699943671123,3.1868307697880596
frame_ki_179.44_179.53,90.32486091855802,0.0,-0.49656957409679575,416.189040631411,365.736396426147,50.452644205263994,14.596819851416626,2.164844381693939,12.431975469722687
frame_E_179.53_179.58,92.09288416248131,0.0,-0.5969827269228611,411.09697640155355,365.823299632964,45.27367676858955,4.686662513245807,1.9153478733865938,2.771314639859213
frame_ki_179.58_179.71,79.49579895809771,0.0,-0.2875473290154004,399.7607071190047,348.1278235992088,51.63288351979588,2.332262326076176,1.1981075591081805,1.1341547669679954
frame_es_179.71_179.83,5.37653149785757,0.0,0.536362389652024,413.9101990920574,364.0300795794281,49.88011951262928,50.71318315116639,27.073010444640943,23.640172706525448
frame_ta_179.83_179.92,51.06409332353715,0.0,-0.8892435230055301,414.50540606584946,364.6854361310254,49.81996993482403,3.3103536291220337,1.9424630648898784,1.3678905642321553
frame_a_179.92_179.96,69.3033540650032,0.0,-0.784785984564746,398.11236174278747,352.52927072628336,45.58309101650411,16.60771861727956,9.010346880849823,7.597371736429736
frame_ko~_179.96_180.11,75.1400893865344,0.0,-0.6026158673464845,413.00072063972027,357.48508775035054,55.51563288936967,5.850018223151196,3.921662854432597,1.9283553687185986
frame_te_180.11_180.17,,0.0,-0.777215967043153,390.9781463435196,347.76887502740544,43.209271316114155,,,
frame_se~_180.17_180.42,77.93833029510323,0.0,0.9829086116712676,409.2025891275276,346.6723763064296,62.53021282109796,18.413668356549422,8.77939068153745,9.634277675011973
frame_du_180.42_180.5,74.34274297459305,0.8799999999999955,-0.6045451718063752,398.61767974858515,351.332444071837,47.28523567674813,4.373924423151422,1.5827404093243729,2.791184013827049
frame_E_181.38_181.41,51.10455207232667,0.0,-0.8093781062602543,395.3950792646034,350.33965354759897,45.055425717004425,7.804622107639801,1.9820724600303379,5.822549647609463
frame_la_181.41_181.48,32.83817980213247,0.0,-0.8892435230055301,405.41846573311636,358.3490669192147,47.06939881390173,21.772559255892716,10.839257994584713,10.933301261308003
frame_dZi_181.48_181.54,33.05427603670384,0.0,-0.49656957409679575,399.9130872133363,354.8602504519012,45.05283676143512,8.90145155979738,5.327757796464866,3.573693763332514
frame_si_181.54_181.68,29.313889181536936,0.0,0.13049716114709323,413.69689581366816,358.9032801924212,54.79361562124694,12.182694647047185,7.435873966807279,4.746820680239907
frame_ve_181.68_181.91,36.73343371697629,0.0,1.4120812941152678,423.35602205390416,358.95523474721267,64.40078730669148,192.1988933690731,68.13164775329102,124.06724561578207
frame_Za_181.91_182.07,46.640437894979016,0.0,-0.36695583080279714,416.501899588892,360.7279937402768,55.773905848615186,61.50064819729738,22.13142563212722,39.36922256517016
frame_sO_182.07_182.28,32.24625724810298,0.0,-0.8011186199494592,417.5619769404836,357.1747553336056,60.38722160687797,8.338326914518348,5.797881819366722,2.5404450951516253
frame_ko~_182.28_182.36,1.0507572277140582,0.0,-0.984931179908998,398.5758718233702,351.4194605978654,47.156411225504826,91.06452368234127,37.90711438138348,53.157409300957795
frame_mu_182.36_182.43,35.12271868453058,0.0,-0.6045451718063752,423.8394177447676,374.5759298530112,49.26348789175643,3.659918387530979,1.741009831485087,1.918908556045892
frame_es_182.43_182.49,29.510599367779207,0.0,-0.777215967043153,405.69156882773336,360.3924845548156,45.29908427291775,3.857260914971363,1.5815168397402317,2.275744075231131
frame_ta_182.49_182.65,4.6720301419645125,0.0,-0.47141336924328436,416.61272814154154,359.8582260463962,56.754502095145256,114.4923048011194,35.1952976747213,79.2970071263981
frame_su_182.65_182.82,16.463123100188753,0.0,-0.46646400348061745,414.32798668884834,358.39539763365036,55.93258905519798,106.58274419042715,37.064640964203804,69.51810322622335
frame_bi~_182.82_182.97,19.05752062885908,0.0,-0.7045261828942527,412.1852109710984,358.4716220426102,53.71358892848815,14.4548605026132,7.776560029533741,6.67830047307946
frame_du_182.97_183.18,24.707515233717658,0.0,1.3285911847561955,414.75826616322547,355.17933756688893,59.57892859633654,23.759034426185494,9.118103048412152,14.640931377773342
frame_pe_183.18_183.28,25.30081403976483,0.0,-0.777215967043153,415.192663921324,364.3873212386785,50.80534268264552,7.176556539677591,4.878475355038688,2.298081184638903
frame_las_183.28_183.39,33.531266789115406,0.0,-0.784785984564746,414.63749731157674,363.43956468358834,51.19793262798839,7.873793985094139,3.924442312976666,3.949351672117473
frame_mi~_183.39_183.56,34.22634462360796,0.0,-0.7045261828942527,414.40324996435106,357.40304292440777,57.00020703994329,4.290424671049692,1.8586340146984384,2.4317906563512537
frame_Jas_183.56_183.72,39.46839788536799,0.060000000000002274,-0.5758709076837716,411.68271057773507,356.6766180996118,55.00609247812332,3.630254537057411,2.294089397340926,1.3361651397164849
frame_peR_183.78_183.96,45.920542715855134,0.0,-0.12042678869618678,415.50089971534123,357.2107708167316,58.29012889860968,48.88048483329755,13.637230589601145,35.243254243696406
frame_nas_183.96_184.09,46.6473599101642,0.18000000000000682,-0.6803284461242588,412.4023383054519,360.08636632978875,52.31597197566316,5.522626319116085,2.8634881851935177,2.6591381339225677
frame_pi_184.27_184.38,23.59938599050173,0.0,-0.49656957409679575,414.1601614448568,362.97220478698426,51.18795665787252,1.387096800974831,1.0045695295474104,0.3825272714274206
frame_o_184.38_184.53,3.9714902881611636,0.0,1.2533311008405292,417.4260824598377,363.2280365067927,54.19804595304498,23.918578218031485,6.81237113607051,17.106207081960974
frame_Lu_184.53_184.64,7.1074099223268945,0.0,-0.46646400348061745,418.0239484182652,365.61950553224546,52.40444288601975,21.015825562764007,13.090885914777402,7.924939647986605
frame_dZi_184.64_184.77,27.59086428407791,0.0,-0.18303620647485128,416.1814876086546,362.8977674107091,53.28372019794551,14.49060497906872,6.189041414166454,8.301563564902267
frame_ga_184.77_184.96,53.57535299090634,0.0,-0.05358321548074174,415.5224733429497,356.68573773316143,58.83673560978826,26.559870418042053,12.871255726186504,13.688614691855548
frame_li~_184.96_185.11,65.37649379807124,0.0,0.5922366627413767,414.5478722615102,358.81006098912195,55.73781127238823,6.928340548489288,4.074963635109668,2.85337691337962
frame_Ja_185.11_185.41,68.36315289019616,0.0,-0.15804075392152583,406.5099088655079,341.15190505901796,65.35800380648999,5.831328268600188,2.8739182974603636,2.9574099711398247
frame_un_185.41_185.47,79.8866307141693,1.210000000000008,-0.6045451718063752,396.9421110301162,351.47498347589476,45.46712755422146,25.501787015121565,13.40362024405782,12.098166771063745
frame_majs_186.68_186.94,19.96196262482917,0.0,0.05087432295974547,415.63860940747935,349.98033995510707,65.65826945237228,38.47565209075795,23.31567596029717,15.159976130460777
frame_e_186.94_186.98,329.59479748032425,0.0,-0.5582862409274976,411.0314226914807,365.1408812447684,45.89054144671229,14.479188055270924,8.407726683217845,6.071461372053079
frame_ra_186.98_187.34,4.813015110144278,0.12000000000000455,2.244482630212055,415.62221854631747,342.60861358750157,73.0136049588159,89.51467218804855,23.92729931568809,65.58737287236046
frame_ta~_187.46_187.67,16.362893699801617,0.0,0.3957351514060337,424.20155683320684,361.63864449038044,62.562912342826394,18.84070753229159,7.519131455650836,11.321576076640753
frame_tu_187.67_187.87,14.347779431455308,0.0,0.36202300647471397,413.7352081480602,356.033953525486,57.7012546225742,31.063298309082313,17.103045276254647,13.960253032827666
frame_ki_187.87_187.96,125.46578476014297,0.0,-0.49656957409679575,395.6874339540552,349.25502946548744,46.432404488567784,3.0891019145340266,1.6325026625153356,1.456599252018691
frame_si_187.96_188.27,11.605539595713992,0.14999999999997726,0.4440305287690377,416.83675435266434,347.89011073269927,68.94664361996507,65.96515115683718,35.94030790528879,30.02484325154839
frame_no_188.42_188.48,13.595560800596445,0.0,-0.8334651820589676,417.9599202742456,369.56419149020314,48.39572878404243,6.782278090726351,2.8874503320048177,3.894827758721533
frame_ta_188.48_188.75,18.828487584884044,0.0,1.3043647842467796,416.2491223418296,352.34018627512677,63.908936066702836,25.508342338585038,9.093079906707487,16.41526243187755
frame_va_188.75_189.09,30.64122310443655,0.5300000000000011,1.7221949380090253,418.4656879669928,344.4834764538652,73.9822115131276,82.92561112713618,53.54616591040211,29.37944521673407
frame_u~_189.62_189.65,9.91362356119555,0.0,-0.6429107573200101,398.52173932976456,354.0507778830901,44.47096144667444,6.498784397340472,3.73100768596359,2.7677767113768823
frame_ma_189.65_189.97,0.5834050160650008,0.0,1.8266524764495125,419.2226609356603,346.922151208075,72.30050972758539,32.5225380731018,22.477240416336144,10.045297656765655
frame_ma~_189.97_190.04,1.627955024266214,0.0,-0.8258109564469411,405.25227956099656,359.8966700736336,45.35560948736298,28.124852329183014,7.941002234497432,20.18385009468558
frame_Sa_190.04_190.35,19.082571076535757,0.0,1.1999072458059954,413.3364944798948,347.11289853779954,66.22359594209524,90.1817180409765,26.56784866313309,63.613869377843415
frame_pre_190.35_190.55,7.6612115245319785,0.0,0.974221841883957,417.1994051248707,357.52165647156744,59.67774865330324,7.754964467493636,2.1301365749341983,5.624827892559438
frame_ta_190.55_190.69,10.00840464327834,0.0,-0.6803284461242588,416.437954683089,362.43082988856753,54.007124794521474,21.31216974071623,12.76205468093059,8.55011505978564
frame_su_190.69_190.87,13.193639971325439,0.0,-0.46646400348061745,415.7558480103174,357.4655990576639,58.290248952653485,22.114055744355227,14.445058170199616,7.668997574155611
frame_bi~_190.87_191.04,9.289968642182345,0.0,-0.7045261828942527,414.3383527413513,356.04422111723727,58.294131624114016,18.26753734070458,13.210831081590072,5.056706259114506
frame_du_191.04_191.12,10.7180332945439,0.0,-0.32838283515446726,415.1989566167596,367.33136421255915,47.867592404200366,6.402335687549169,3.3490535705715416,3.053282116977627
frame_najs_191.12_191.43,20.42351075107861,0.0,0.4687044767219912,415.8991307689044,345.4139061221723,70.48522464673209,9.783873952231403,3.8771977498884667,5.906676202342936
frame_peR_191.43_191.62,35.23461773307369,0.0,-0.33935651481122,416.0903723155556,357.427587833187,58.662784482368636,63.515562773777965,18.45437350986009,45.061189263917875
frame_nas_191.62_191.78,31.772785311953683,0.0,-0.4714133692429875,412.5121687927753,358.5118998289125,54.00026896386282,16.565895947748814,6.16580439146891,10.400091556279904
frame_dZi_191.78_191.84,27.325466906426456,0.0,-0.49656957409679575,410.8148632487423,363.72786091942123,47.08700232932108,5.198462034149827,3.546286287002431,1.6521757471473961
frame_mi~_191.84_191.94,35.23028348002812,0.0,-0.056144760076668375,414.25151189314215,364.206187555164,50.04532433797823,7.547347010984808,5.701636215369859,1.8457107956149486
frame_Ja_191.94_192.03,42.8180144290519,0.0,-0.6803284461242588,412.1558665159852,362.89611424724546,49.25975226873976,2.984387970014538,2.0066937554632887,0.9776942145512493
frame_se_192.03_192.26,19.632472757705443,0.0,-0.3393565148118422,406.4739919451925,345.2998804759756,61.17411146921688,134.8551107809213,72.82813890001637,62.02697188090493
frame_Jo_192.26_192.37,67.07893621944137,0.0,0.03603326914932086,405.0210177200516,355.0399112839211,49.98110643613046,44.831604276461235,23.026014090153026,21.80559018630821
frame_ra_192.37_192.57,73.15353656634457,0.5100000000000193,0.364246938281504,396.331969839478,337.969557718659,58.36241212081899,26.95662559585783,15.681179439350252,11.275446156507577
frame_E_193.08_193.11,23.303459545438102,0.0,-0.8093781062602543,379.7154209207752,336.73416309905093,42.981257821724284,6.551554942961133,2.642448268061628,3.9091066748995047
frame_la_193.11_193.23,39.8267897637035,0.0,-0.26249829236201305,412.5159480802033,361.4485877457448,51.0673603344585,5.590574363320599,2.6443343373996413,2.9462400259209574
frame_dZi_193.23_193.29,38.43158205570171,0.0,-0.49656957409679575,404.24666535774213,358.22955986275156,46.017105494990574,0.5264266031449552,0.18048932148764152,0.34593728165731363
frame_si_193.29_193.39,99.2688031494288,0.0,-0.3920584515562466,401.98494096290733,351.5664026020289,50.418538360878415,7.6803803956037555,4.3317606507091355,3.34861974489462
frame_i_193.39_193.43,29.159599888288227,0.0,-0.39205845155594954,413.07692891165584,366.98165818988895,46.095270721766894,1.5193422805766374,0.6271230410588373,0.8922192395178001
frame_a_193.43_193.57,7.169776385217773,0.0,0.2597893998407199,416.13733454404667,362.82806108228806,53.30927346175861,39.230253811989925,17.833444347441343,21.396809464548582
frame_gO_193.57_193.69,47.6004749129992,0.0,-1.3331114535095376,417.9311572053472,364.8083754488632,53.12278175648396,412.2503212474259,315.6664214453464,96.58389980207959
frame_ra_193.69_193.85,62.01831685323479,0.0,0.05087432295974547,412.8371830113092,356.5019460069026,56.33523700440662,3.658320129333262,1.2893479814758848,2.3689721478573773
frame_ew_193.85_193.91,61.73860105864564,0.0,-0.777215967043153,407.8012960205665,360.74244051366105,47.058855506905445,3.0190621197231025,1.9483867744182675,1.070675345304835
frame_dZi_193.91_193.99,49.930025856581196,0.0,-0.2875473290154004,411.51905274208355,363.9739068552184,47.54514588686516,3.1611741933734123,0.5285871489296596,2.6325870444437527
frame_gu_193.99_194.07,49.2746412584397,0.0,-0.6045451718063752,411.09857040597916,363.48543241493206,47.6131379910471,6.738867346134171,1.8325522303109665,4.906315115823205
frame_a_194.07_194.19,65.48433750697211,0.0,0.05087432295974547,408.0310295611456,357.4659144390215,50.5651151221241,9.016764530727897,6.629975032109996,2.386789498617901
frame_va~_194.19_194.38,56.694518275878664,0.0,-0.5204244294836251,414.752885563495,355.095140661771,59.657744901724016,23.653371660082698,7.364787603093575,16.288584056989123
frame_mus_194.38_194.48,48.914057699559805,0.0,-0.6045451718063752,409.9789936249844,361.56272997849226,48.416263646492155,4.415155092794905,2.0394372799010085,2.375717812893896
frame_pa_194.48_194.55,4.6904490074685725,0.0,-0.8892435230055301,416.7716018712294,367.467416337431,49.304185533798375,129.14539029068584,83.5402667480781,45.60512354260774
frame_ra_194.55_194.66,21.90725072081625,0.0,-0.36695583080279714,417.58635523273074,365.5190999188808,52.0672553138499,55.22403176742688,30.05394911815472,25.17008264927216
frame_u_194.66_194.69,,0.0,-0.6045451718063752,383.2250948779481,341.43809976508464,41.78699511286345,,,
frame_o_194.69_194.72,,0.0,-0.8334651820589676,386.7382647989226,342.7763041410299,43.96196065789269,,,
frame_tEw_194.72_194.94,29.698932828342663,0.0,0.04020341108901655,415.4827072784468,354.8730538307203,60.60965344772643,31.17631275044357,25.992898002481525,5.183414747962047
frame_dZi_194.94_195.0,62.09023185483221,0.0,-0.49656957409679575,399.49030269939385,353.4559012647717,46.03440143462217,0.5908852540132585,0.3425165069354392,0.2483687470778193
frame_si_195.0_195.1,52.223406173998086,0.0,-0.49656957409679575,417.8226192194073,367.1832924312949,50.639326788112385,107.23029577974003,36.010276839406345,71.22001894033369
frame_a_195.1_195.2,121.3651503394629,0.0,-0.15804075392152583,418.29019896746627,367.25952565629166,51.03067331117461,56.75467345344211,21.520592827141343,35.234080626300766
frame_majs_195.2_195.73,1.5622391882967577,0.0,2.4533977070933264,417.87418096898887,325.9834244646747,91.8907565043142,114.25452331000682,66.6880369247587,47.56648638524811
frame_da_195.73_195.79,14.68168260382376,0.0,-0.8892435230055301,405.1976765952904,359.003197132225,46.19447946306536,37.64838259297251,18.0231273934547,19.62525519951781
frame_i_195.79_195.82,1.5382529835254104,0.09999999999999432,-0.49656957409679575,411.2379079960617,367.35096031108185,43.88694768497987,13.615861195158772,7.0356768697417635,6.580184325417008
frame_va~_195.92_195.99,147.22818903444232,0.0,-0.7240154474589762,418.25879174730943,369.56579929282964,48.69299245447979,41.02662572989371,9.593414726480773,31.433211003412936
frame_mus_195.99_196.08,1.3288180609075653,0.0,-0.6045451718063752,412.0828193567,362.96835459517547,49.114464761524516,12.581291558429243,4.998486578520357,7.582804979908886
frame_e~_196.08_196.13,0.44970095430372226,0.0,-0.7672493382251498,393.50418080174234,349.60218811831794,43.90199268342445,27.386517531855034,8.37689126966913,19.009626262185904
frame_pes_196.13_196.23,6.18335292030099,0.0,-0.777215967043153,395.5737366903169,347.3535013252161,48.22023536510079,3.5893620217414934,2.0677224569560906,1.5216395647854029
frame_te_196.23_196.29,0.41891770013413065,0.0,-0.777215967043153,416.940883237938,369.6549082312148,47.28597500672322,4.536163791670447,2.6540650261922565,1.8820987654781902
frame_aX_196.29_196.49,18.97599763978228,0.0,0.5731620151627753,416.8091734523073,356.24540414521425,60.563769307093025,22.4691196925246,13.12453588502818,9.34458380749642
frame_u_196.49_196.52,33.239601482228494,0.0,-0.6045451718063752,395.71076305574087,352.6396455370714,43.071117518669496,1.8908480926634041,0.9122013683192023,0.9786467243442019
frame_o_196.52_196.56,34.500536989929444,0.0,-0.6595654918175076,403.2338215221778,358.747234743041,44.48658677913676,0.20785684647003677,0.13966780801301582,0.06818903845702096
frame_tEw_196.56_196.79,0.3889545409288928,0.0,-0.06599427857983094,416.3668734288409,353.2729522923588,63.093921136482095,9.092414671005855,3.795118921227214,5.297295749778641
frame_dZi_196.79_196.85,23.08526457598316,0.0,-0.49656957409679575,415.4487335795062,367.3690770865468,48.07965649295937,9.769414170482605,3.7439625892680226,6.025451581214583
frame_gu_196.85_196.98,30.0413442900838,0.0,-0.1903016668287095,417.476295812904,363.744281241049,53.73201457185502,24.0891433948363,11.498869941176395,12.590273453659904
frame_na~w~_196.98_197.27,30.5847908977034,0.7800000000000011,0.09034862444271768,413.0556597116731,347.4679191924937,65.58774051917942,59.001381416594214,35.6380690275348,23.363312389059416
frame_pa_198.05_198.34,73.55850749582477,0.0,0.364246938281504,411.56026674597035,345.8878449355577,65.67242181041269,1.809094485486682,1.0514565086588021,0.7576379768278798
frame_sej_198.34_198.46,17.148801515695084,0.0,-0.5582862409268754,419.1275823621718,365.5136351517575,53.61394721041421,14.62441776774088,10.509341715399813,4.115076052341067
frame_nu~_198.46_198.55,173.5651952780147,0.0,-0.4251861336893776,416.7787366680526,366.5016376386716,50.27709902938102,11.049739642939812,6.800475484920582,4.24926415801923
frame_ma_198.55_198.7,16.48724904985957,0.0,0.05087432295944858,413.6957024791154,360.81785623729843,52.877846241817,10.295571560464055,5.13722583701832,5.158345723445734
frame_faR_198.7_198.88,0.308527790713498,0.0,-0.26249829236201305,415.0997470635313,358.75625523502157,56.34349182850974,30.323808871169675,19.225297689405693,11.098511181763982
frame_ma_198.88_199.18,10.142753824076365,0.0,0.7820770920437498,414.7820145102137,346.28581139485266,68.49620311536103,18.843830634705625,11.038962876737017,7.8048677579686085
frame_sia_199.18_199.31,17.822235018251007,0.0,-0.49656957409679575,413.9704470536229,361.4330598506009,52.53738720302198,14.38710247083506,7.5070479350875985,6.880054535747462
frame_ko~_199.31_199.51,3.3663200663285124,0.0,0.03457632025746314,430.00353248852866,368.1024492307957,61.90108325773298,21.088549988797027,9.369512166999613,11.719037821797414
frame_prej_199.51_199.78,9.716097159921205,0.0,-0.33935651481122,414.3245190825098,348.6360163342502,65.68850274825962,25.174031003684433,14.222483267537328,10.951547736147106
frame_neosidZ_199.78_200.92,29.326902016144373,0.35000000000002274,0.09850293742009088,414.4352670458272,269.5694324161282,144.86583462969895,63.532704034811445,18.41917036541537,45.11353366939608
frame_e~j~_201.27_201.5,19.395424894596005,0.0,-0.24220195325617488,410.7133057919634,350.22178534035527,60.49152045160815,13.673007097152976,9.49124857563919,4.181758521513785
frame_pO_201.5_201.79,242.39837847149863,1.5999999999999943,1.5041836588107131,418.69144821017255,350.04275135815595,68.6486968520166,440.53878123247057,190.09454557426835,250.44423565820222
frame_e~_203.39_203.47,7.009244011051138,0.0,-0.24220195325567745,411.18734178931686,363.58096310111523,47.60637868820163,6.596773509820736,2.0105132724674775,4.586260237353258
frame_tra~_203.47_203.78,5.133443753284695,0.0,0.1921441334306826,417.59935123219645,347.37528327374844,70.22406795844802,13.844451627124897,2.7702558670158055,11.074195760109092
frame_mus_203.78_203.87,11.650752581532672,0.0,-0.6045451718063752,414.6386780453656,365.5327918141614,49.10588623120424,11.475341802177411,6.636803139752374,4.838538662425037
frame_nu_203.87_203.97,2.904017895328579,0.0,-0.46646400348061745,417.64202919043896,367.0765966112456,50.56543257919333,10.134638333237177,3.1817671539865415,6.952871179250636
frame_ba_203.97_204.17,9.518050990214178,0.0,-0.15804075392152583,418.468527960928,357.9962090740827,60.4723188868453,22.86383521988006,12.48610645740969,10.377728762470369
frame_Jej_204.17_204.36,7.984684633312739,0.0,-0.33935651481122,418.65080215657525,358.54257103710006,60.10823111947519,25.349047487818424,14.097981154816424,11.251066333002
frame_ru_204.36_204.43,16.973953697123108,0.0,-0.46646400348022504,416.6654509560514,368.32510303244504,48.34034792360637,2.3473232102971338,1.189549331854522,1.1577738784426117
frame_i_204.43_204.47,1.5581261688721924,0.0,-0.3920584515562466,395.3891470003195,350.48804108296196,44.90110591735754,6.778972666458941,3.9088139611206856,2.8701587053382553
frame_fi_204.47_204.57,20.244424070858827,0.0,-0.28754732901569746,414.3462777491918,362.8803016341269,51.465976115064905,26.893759469433903,7.934731803990928,18.959027665442974
frame_ka~_204.57_204.92,2.4405504709159374,0.0,1.6172812592592978,418.2962085568057,342.4658687609037,75.83033979590203,8.655527178130072,4.836032069639899,3.819495108490173
frame_mus_204.92_205.01,14.128722657577782,0.0,-0.6045451718063752,413.21539125571144,364.6323547626654,48.58303649304605,12.977308870646397,6.616635899559668,6.3606729710867285
frame_nOjs_205.01_205.26,16.999782493662067,0.0,-0.0917948418695225,416.3937009224593,352.7837522516462,63.60994867081308,20.258609529262415,8.340275195364,11.918334333898414
frame_dojs_205.26_205.44,1.6104077957265446,0.0,0.20993295939078085,415.30311382335196,358.1096251099719,57.19348871338008,22.83877282657339,10.414499542942352,12.424273283631038
frame_u~_205.44_205.47,43.132090516588704,0.0,-0.6429107573200101,379.31520823357454,338.57853693305714,40.7366713005174,2.64643035474964,1.6152357421318726,1.0311946126177673
frame_po~_205.47_205.67,1.6596594379906122,0.0,0.03457632025746314,417.8410929056663,356.1830641928891,61.658028712777195,7.412081814644154,1.9885880780360736,5.42349373660808
frame_du_205.67_205.77,8.7792173846736,0.0,-0.46646400348022504,415.82785383649417,365.68011622714323,50.14773760935094,7.857656395200621,2.9728734074456895,4.884782987754932
frame_neosidZ_205.77_206.34,19.789962974034708,0.0,-0.777215967043153,416.17125709780794,322.12850132013034,94.0427557776776,19.084308734272128,8.918070017889121,10.166238716383006
frame_nu_206.34_206.49,28.385912400628726,0.0,-0.46646400348022504,415.5487144791129,360.13999593608287,55.408718543030034,9.466448251584666,4.077944319273698,5.388503932310968
frame_ow_206.49_206.71,29.586088963473912,0.0,1.9489298618068636,413.54849630435024,352.30739675981204,61.2410995445382,7.798882278994483,1.7458537370130358,6.053028541981448
frame_tru_206.71_206.86,34.33769031567127,0.0,-0.32838283515446726,413.70667569427155,358.9945864771804,54.71208921709115,6.382443015128601,4.320217777004871,2.0622252381237303
frame_a_206.86_206.89,52.011970238360064,0.0,-0.889243523005827,406.436012737429,363.08958398854736,43.346428748881635,4.110513683870423,2.62774877992058,1.4827649039498425
frame_si~_206.89_207.07,17.48341929225191,0.0,0.43014130703663506,416.4352760925485,357.5337159544723,58.90156013807626,37.76825140432176,22.650553610401488,15.117697793920271
frame_ki_207.07_207.17,46.344059401515835,0.0,-0.49656957409679575,406.4559638609585,356.2883692865081,50.16759457445039,54.210336854812894,24.6055573877575,29.604779467055394
frame_ne~j~_207.17_207.42,24.804612648904254,0.0,0.9829086116717651,414.4295243439215,351.2392924378881,63.19023190603343,7.928775434711511,3.9738897687038985,3.9548856660076126
frame_taw_207.42_207.63,31.643011673628493,0.0,-0.05358321548074174,415.3934367403291,354.2162686109663,61.17716812936277,14.06886844122316,7.579833194515928,6.489035246707232
frame_ki~_207.63_208.02,47.76911676196586,0.0,1.7269041526722644,412.85823437351866,335.48456978231064,77.37366459120801,32.49645255545525,10.139402517608673,22.357050037846577
frame_Ju_208.02_208.44,47.58524217443497,1.5699999999999932,4.228295719599463,413.48884224457055,334.14378290657146,79.34505933799909,14.061948505021803,8.820293630819648,5.241654874202155
frame_pu_210.01_210.14,31.949937812121945,0.0,0.08586066982280599,410.9415112967158,359.2039879062229,51.73752339049298,3.5910796398665923,1.531059198195436,2.0600204416711563
frame_ze~_210.14_210.3,26.33172803116355,0.0,-0.24220195325567745,413.1838201657439,357.4088546459012,55.77496551984274,12.803564956820495,4.137650030889958,8.665914925930537
frame_mus_210.3_210.47,29.472587430872153,0.0,-0.6045451718063752,413.7289289770545,355.99287275915117,57.736056217903354,2.7213513112477017,1.0442427182432255,1.6771085930044762
frame_najs_210.47_210.74,32.48124329381238,0.0,0.6776195536032625,412.07465497815355,346.4241286778128,65.65052630034074,15.683167128408229,6.286020317643462,9.397146810764767
frame_no_210.74_210.9,29.270786143211396,0.0,0.20993295939078085,414.476432736133,357.23486541498414,57.241567321148864,4.0731876132902585,2.031322187389293,2.0418654259009656
frame_sas_210.9_211.01,36.00947691832903,0.0,0.0,395.28139539567695,345.298294112278,49.98310128339898,54.396990998533354,26.989271865235708,27.407719133297647
frame_Row_211.01_211.46,21.892385781152058,0.0,-0.4714133692429875,413.9665838511445,331.01461353347713,82.95197031766736,35.37050411275216,19.440859661867137,15.929644450885021
frame_pas_211.46_211.68,0.43282649556093133,0.0,-0.5758709076837716,412.09245589608963,352.3202807092714,59.77217518681823,31.247886450808622,19.451925484482075,11.795960966326547
frame_de_211.68_211.79,21.858909249308567,0.0,-0.3393565148118422,414.34054360922767,363.35230548424954,50.988238124978125,8.806316868914749,2.8487050960607974,5.9576117728539515
frame_pojs_211.79_212.16,5.717980405684202,0.0,0.38383264963224084,417.4612843342768,341.22420231368983,76.23708202058697,34.74170492715726,13.764076258906258,20.977628668251
frame_E_212.16_212.23,11.493947466354513,0.0,-0.3845873475857698,409.43956124161645,365.61406367982477,43.82549756179168,11.29010032704403,7.79811428264901,3.49198604439502
frame_ki_212.23_212.35,5.3384314190167,0.0,-0.49656957409679575,399.60969014930913,348.57284575984545,51.03684438946368,4.54076543627545,2.6467039519155833,1.8940614843598667
frame_fo~_212.35_212.51,23.312238813786863,0.0,-0.47517742982576744,414.1020976618047,357.73268827845743,56.36940938334726,5.052310903403523,3.1299788177457515,1.9223320856577715
frame_mus_212.51_212.6,26.155069766800196,0.0,-0.6045451718063752,410.26295532915015,361.3535908527806,48.90936447636955,7.30206417076532,3.8135214093891534,3.4885427613761664
frame_pa_212.6_212.66,70.63605884131724,0.0,-0.8892435230055301,412.74723338291125,365.2783217241322,47.468911658779064,5.450422558115044,2.752880777506384,2.6975417806086597
frame_ra_212.66_212.72,34.3324527330921,0.0,-0.8892435230055301,410.85948672942226,364.2959523825465,46.56353434687577,2.6543283838809373,0.6858274964551043,1.968500887425833
frame_u_212.72_212.78,56.94494813069265,0.0,-0.1903016668287095,403.7235322270929,357.7269814045854,45.996550822507515,13.450043346404563,2.7858009349404114,10.664242411464151
frame_kwaX_212.78_213.05,19.59791244278101,0.0,-0.784785984564746,410.4160636827328,346.71921531370094,63.696848369031784,157.43727242250378,99.19024192001483,58.24703050248895
frame_tu_213.05_213.34,73.15873411898991,1.3599999999999852,1.3285911847561955,411.5349806495742,345.04553799509216,66.48944265448205,12.452325695597025,7.094264846104046,5.358060849492979
frame_E_214.7_214.85,44.58216657569186,0.0,0.46499416976350105,412.2007282871082,355.9899290640525,56.21079922305569,7.12836153443898,4.485917119416712,2.6424444150222683
frame_sa_214.85_215.07,56.35693996203656,0.0,0.05087432295974547,411.48467871157715,352.61046875660554,58.874209954971604,68.80012314292883,39.03682654257216,29.763296600356668
frame_foj_215.07_215.52,43.87814186377618,0.29999999999998295,2.9923280032566124,412.8185577471314,332.30442294080984,80.51413480632158,34.88840413615236,17.13916066824109,17.74924346791127
frame_ajs_215.82_216.0,77.58195866293231,0.0,-0.26249829236201305,411.36784161565845,354.9576749200322,56.41016669562623,22.34016306737324,10.299008782717493,12.041154284655747
frame_du_216.0_216.19,77.90377771599124,0.0,0.6381853431266219,412.1880616698719,354.7161933979573,57.471868271914616,10.935934535826732,2.3822537549620932,8.553680780864639
frame_as_216.19_216.34,80.54822769697923,0.0,-0.6803284461242588,410.5287756094201,356.53794455840597,53.99083105101414,0.48712729809993505,0.3623355376572448,0.12479176044269025
frame_pe_216.34_216.52,36.40363700127719,0.0,-0.12042678869556454,414.8037484500442,357.80999951965174,56.993748930392485,85.38626748513397,54.04985480924472,31.33641267588925
frame_ri_216.52_216.73,77.17691813813407,0.0,0.9665861414720804,414.1309803596016,354.22711060279346,59.90386975680815,8.599018211956988,3.015020787498514,5.583997424458474
frame_pE_216.73_216.96,92.18617806049566,0.0,-0.06599427857983094,416.8421979319784,353.51236838023254,63.32982955174583,44.49018961406999,16.042674050230858,28.447515563839133
frame_sias_216.96_217.05,73.29681548611343,0.0,0.0,392.6855071986684,345.7040953242172,46.981411874451226,97.84942200346104,76.26025929423473,21.589162709226315
frame_da_217.05_217.11,73.64708269281701,0.0,-0.49656957409679575,412.3490430966548,364.5055631781658,47.84347991848898,1.1030354779665998,0.7930984451972023,0.30993703276939755
frame_nO_217.11_217.41,81.36226352205011,0.0,-0.5758709076837716,412.84953171712664,343.18899517640597,69.66053654072067,6.055922445525695,2.1345622210855595,3.9213602244401358
frame_sa_217.41_217.59,82.5268188108829,0.0,-0.36695583080250027,413.31874011652735,355.54454157788507,57.77419853864228,3.9131556020354594,2.3816813999251565,1.531474202110303
frame_vi_217.59_217.74,84.39482777829322,0.0,-0.39205845155594954,413.68329740815716,359.4007936994152,54.2825037087419,16.163904478357182,7.904082098988582,8.2598223793686
frame_a_217.74_217.83,85.43982425614503,0.0,-0.26249829236201305,411.5835227066082,362.2479352878149,49.335587418793295,1.7918408666174628,1.2551167559569336,0.5367241106605292
frame_Ze~j~_217.83_218.02,80.77402511505224,0.0,-0.7672493382251498,409.66789172486676,350.18050001714573,59.48739170772103,9.641696806830652,6.673966502390002,2.96773030444065
frame_nup_218.02_218.27,95.10167304628567,0.0,0.22394183814895618,408.6364266715516,348.12263759400895,60.51378907754264,32.6559082809045,10.11989400513204,22.53601427577246
frame_sias_218.27_218.39,114.91791531662545,3.7600000000000193,0.0,403.33180100531223,351.1255005002453,52.206300505066906,4.33863320845083,1.9981880823084452,2.3404451261423844
frame_ew_222.15_222.29,56.337643104910796,0.0,-0.12042678869556454,413.07989576225145,361.3961386440229,51.68375711822847,11.883291243984274,5.458864080273003,6.424427163711272
frame_ke_222.29_222.38,80.59141487946405,0.0,-0.5582862409274976,416.09847449166614,366.52025534279096,49.578219148875235,12.037218224277865,2.3608540486015386,9.676364175676326
frame_ri_222.38_222.51,115.29633657570818,0.0,0.23500828368764237,414.3305878745986,361.6158899632206,52.71469791137804,10.071889764441835,3.780832723300705,6.29105704114113
frame_a_222.51_222.65,58.413115254617225,0.0,0.2597893998410168,412.40743968347147,361.2427300274761,51.16470965599535,37.68490136999867,20.345582048755887,17.339319321242783
frame_sa_222.65_222.94,0.41602017451558027,0.0,1.1999072458059954,414.35618883744974,346.42006941548743,67.9361194219623,54.543665244533,37.28067568225728,17.26298956227572
frame_beX_222.94_223.3,20.893454846446758,0.0,3.163519103041756,414.77167068106934,341.95732263028003,72.8143480507893,49.960015464659904,22.401145391968043,27.55887007269186
frame_u_223.3_223.39,8.706009355338011,0.0,0.22394183814856375,411.45905818477917,363.7170818506824,47.74197633409676,22.48418131771598,11.456557000654442,11.027624317061537
frame_ki_223.39_223.51,25.478469067715764,0.0,-0.49656957409679575,415.9252911002295,362.83551610712925,53.089774993100264,219.95689760664067,55.47537412128443,164.48152348535623
frame_ki_223.51_223.6,70.56593530140898,0.0,-0.18303620647485128,410.4773554253097,362.8417657539603,47.63558967134941,21.953708825883155,10.503226560920666,11.450482264962488
frame_u_223.6_223.63,,0.0,-0.6045451718063752,382.3304079327893,338.7576370060742,43.572770926715066,,,
frame_se_223.63_223.84,62.85759592513034,0.0,-0.5582862409274976,415.18880008060535,354.6376345631843,60.551165517421055,190.38346864086614,112.8066618543356,77.57680678653054
frame_JoX_223.84_223.96,7.087906605795865,0.0,-0.4856658015760476,414.17825748235475,361.7626706469513,52.415586835403474,11.204617387587348,8.090736641025273,3.1138807465620744
frame_a_223.96_224.28,1.4875588482558442,0.0,2.140025091771271,414.48478730880834,343.29094120993216,71.19384609887624,23.211784956166838,11.461946405941063,11.749838550225775
frame_Sa_224.28_224.6,16.45844869432011,0.0,-0.36695583080279714,409.6303427021822,339.51590326132674,70.11443944085545,65.71330963294164,42.78629330276627,22.927016330175377
frame_poX_224.6_224.96,37.53244131504522,0.0,0.7316320301151609,417.82670808907653,341.6777588828978,76.14894920617871,164.86200355221757,59.616463587943144,105.24553996427443
frame_e_224.96_225.03,8.309896308049218,0.0,0.09850293742009088,415.30481148855444,366.86883245994426,48.43597902861018,5.910738865725335,4.389038323451217,1.521700542274118
frame_ze~_225.03_225.09,12.005614494995143,0.0,-1.117280928204135,414.7665700395545,366.82278609778075,47.943783941773745,0.5869732498364613,0.29953000102008787,0.2874432488163734
frame_plu_225.09_225.18,31.351938742771836,0.0,-0.6045451718063752,407.38094511442296,358.45563782439785,48.925307290025046,11.133579521529214,6.928253978766975,4.205325542762239
frame_da_225.18_225.46,3.5390742393591665,0.0,1.0954497073655083,416.86502462422345,348.7579028700262,68.10712175419724,14.163431738835442,5.50671226927787,8.656719469557572
frame_mo_225.46_225.64,4.2499631746501905,0.0,-0.31176611133458765,413.7418339954851,357.390597958194,56.35123603729113,20.763161358889676,10.817767131455383,9.945394227434292
frame_si_225.64_225.81,137.0873541981837,0.0,-0.49656957409679575,399.0116849409916,343.4938212004217,55.51786374056991,2.7419274547472696,1.6399355878513688,1.1019918668959008
frame_da_225.81_226.09,13.02465241679306,0.0,0.5731620151627753,416.0766223963351,348.49297773695537,67.58364465937973,29.496937370154967,15.57594802946059,13.920989340694376
frame_dZi_226.09_226.15,17.042138241539362,0.0,-0.49656957409679575,410.3787144475027,364.7548904972764,45.623823950226324,9.54469902225702,3.207723836705128,6.336975185551893
frame_a_226.15_226.24,17.84119472795993,0.0,-0.26249829236201305,406.0918795082961,358.8711171333857,47.22076237491035,3.4533924349796905,1.4722887523062127,1.9811036826734778
frame_tu_226.24_226.38,4.74228895929167,0.0,-0.3283828351548597,411.94400241124345,358.17958316084673,53.76441925039666,18.67736000565185,13.108539501365414,5.568820504286435
frame_aw_226.38_226.71,6.749177147747275,0.0,1.617737399568538,411.80027994523425,344.0607516845661,67.73952826066812,25.43214035856974,13.358976874727603,12.073163483842137
frame_ko~_226.71_226.94,11.637622080732399,0.0,0.28945319529925956,412.8683193736663,349.8963638951584,62.97195547850788,134.38492396539226,16.00991176821978,118.37501219717247
frame_pa_226.94_227.14,3.740295220516657,0.0,0.1553318614002327,414.8086610206143,354.20823144798385,60.600429572630446,44.086106732096795,32.726573212660185,11.35953351943661
frame_ra_227.14_227.29,6.340384215830426,0.0,-0.05358321548103863,413.6813230598095,358.393761049969,55.287562009840485,9.134623073541405,3.684796494502308,5.449826579039097
frame_da_227.29_227.39,8.044572643806447,0.0,-0.47141336924328436,412.92102069542557,363.4742170432608,49.44680365216476,16.73818734447775,7.64308260634337,9.095104738134381
frame_ko~_227.39_227.61,16.900857991401182,0.0,0.28945319529962177,413.4160942410904,351.34079317158626,62.07530106950412,39.393249272518545,23.448927346307357,15.944321926211188
frame_a_227.61_227.65,131.77930764287618,0.0,-0.7847859845650429,381.0550770097176,338.58471318000284,42.470363829714756,4.679044442439491,2.3096556692103576,2.369388773229133
frame_du_227.65_227.71,22.19767952046243,0.0,-0.6045451718063752,393.30991641389,348.37318094761565,44.93673546627434,5.831488062460124,3.9879177386821993,1.843570323777925
frame_se_227.71_227.88,81.37923583220888,0.0,-0.777215967043153,410.2481217653717,355.099083743312,55.1490380220597,157.72058250962553,97.70703280993496,60.01354969969057
frame_JoX_227.88_228.2,27.046858637021842,0.0700000000000216,2.296729242289784,410.35804784946185,340.37752594786303,69.98052190159882,31.3477793416844,11.94495039574548,19.40282894593892
frame_u_228.27_228.31,,0.21000000000000796,-0.46646400348061745,402.2115773895445,358.3245460813991,43.887031308145424,0.9143438501110737,0.4159704628496854,0.49837338726138825
frame_se_228.52_228.6,26.08058520950425,0.0,-0.777215967043153,410.6237227081273,361.9284253307899,48.6952973773374,25.310257756006223,15.241818890734379,10.068438865271844
frame_JoX_228.6_228.69,14.610816451773132,0.0,-0.8334651820589676,412.1589573356649,363.04115940593323,49.117797929731694,7.900699871229762,4.39751759965759,3.5031822715721717
frame_a_228.69_228.82,17.66913481284695,0.0,0.1553318614002327,415.7612872376476,361.34350513446606,54.41778210318154,5.716375750762438,2.314676889027737,3.401698861734701
frame_Sa_228.82_228.94,120.22206839433889,0.0,-0.8892435230055301,393.67128118863144,343.7406760226151,49.930605166016335,0.5872512173423061,0.21768507267513115,0.36956614466717497
frame_ki_228.94_229.03,39.694687270045705,0.0,-0.49656957409679575,414.25287486980125,364.5856243852375,49.66725048456374,7.065548626077998,3.7030212549639145,3.3625273711140835
frame_a_229.03_229.09,3.321537044753825,0.0,-0.5758709076837716,413.61214364619127,367.42560497187463,46.18653867431664,6.291977339803907,4.558147206728307,1.7338301330755996
frame_aw_229.09_229.19,2.439755047918567,0.0,-0.47141336924328436,415.0771881686265,365.4360813259852,49.64110684264131,10.7173923731674,4.743012839390019,5.97437953377738
frame_gu~_229.19_229.29,0.10502464395884203,0.0,-0.35261125914590213,413.0202632676883,362.2191676274549,50.80109564023337,5.330722186684483,1.6788007898096282,3.6519213968748545
frame_ma_229.29_229.4,7.212294441429151,0.0,-0.47141336924328436,413.4126716675651,361.43494809836506,51.977723569200066,10.540805066212812,5.909388782169287,4.6314162840435245
frame_dZi_229.4_229.49,123.13388739217042,0.0,-0.49656957409679575,393.3630534116353,346.0793808688469,47.283672542788395,8.416021687674657,3.2005844266130126,5.215437261061645
frame_fe_229.49_229.71,4.151707150727418,0.0,0.536362389652024,412.32143555787707,351.609640875522,60.711794682355105,38.55684910480824,29.37983382396314,9.177015280845097
frame_re~_229.71_230.05,7.3659180954904855,0.0,3.60814553651664,415.36855408628156,341.8822958655145,73.48625822076707,28.001580289680476,9.581642398348777,18.4199378913317
frame_sa_230.05_230.25,31.969943474307968,0.0,-0.6803284461242588,410.36307353142354,352.1388388282411,58.22423470318245,154.06081192362956,60.13012322022732,93.93068870340224
frame_dujs_230.25_230.48,14.023074141827323,0.0,0.36202300647471397,409.02026010065265,347.203880917154,61.81637918349867,9.993548535410412,3.8934565237373704,6.100092011673041
frame_Zo_230.48_230.6,1.4050324703960086,0.0,-0.8334651820589676,413.4798393297001,361.4116387127946,52.06820061690547,16.710400072434453,5.314355463853957,11.396044608580496
frame_ve~s_230.6_231.05,6.586238626636458,0.0,4.483224511465098,412.90761266119193,331.9195428391655,80.98806982202643,34.611527293071134,26.086944116470846,8.524583176600288
frame_u_231.05_231.1,4.739005653530199,0.0,-0.3283828351548597,384.33232899073687,342.4599041734814,41.87242481725548,9.754548972473259,5.556886005481886,4.197662966991373
frame_ki_231.1_231.23,48.59071890539525,0.0,-0.3920584515562466,416.035052200913,363.0796566136254,52.95539558728768,14.917217610238964,4.9827144725107075,9.934503137728257
frame_ki_231.23_231.32,122.18592581837416,0.0,-0.49656957409679575,396.35776910070024,349.82283008226705,46.53493901843319,12.119335913649984,8.032008604106501,4.087327309543483
frame_u_231.32_231.35,57.24675252541556,0.0,-0.6045451718063752,375.60195058863826,336.26994394312453,39.33200664551373,14.66517907134849,11.119829847154762,3.5453492241937283
frame_se_231.35_231.46,33.036183621818395,0.0,-0.777215967043153,416.0271799787944,365.2074458075947,50.819734171199684,6.993934738868774,2.60641179877004,4.387522940098734
frame_JoX_231.46_231.55,10.24313809880411,0.0,-0.8334651820589676,414.17276677383774,364.5722323405308,49.60053443330696,11.932483439443558,7.97500786556509,3.957475573878469
frame_nO_231.55_231.73,3.373124836445953,0.0,-0.2691257863893807,414.3028437492099,355.8658431616534,58.4370005875565,8.33176594880456,5.5734458051405795,2.7583201436639797
frame_ta_231.73_231.88,15.353407648398331,0.0,-0.5758709076837716,412.1742529843482,358.8672913428157,53.306961641532496,145.66677151038584,41.21660300632459,104.45016850406125
frame_dZi_231.88_231.95,8.557801416330193,0.0,-0.49656957409679575,408.431536836755,361.94233543310025,46.48920140365476,12.002650470827177,5.263024940673347,6.73962553015383
frame_majs_231.95_232.18,9.390537551848496,0.0,-0.47141336924328436,413.03187609125234,350.39775278892466,62.63412330232762,6.456861711897375,3.0500702447908736,3.406791467106501
frame_dZi_232.18_232.31,124.47403060338952,0.0,0.13049716114709323,396.7472070777831,345.15691002357266,51.59029705421045,16.588331452267774,10.038032305727995,6.550299146539778
frame_fe_232.31_232.51,14.687167497868103,0.0,0.9742218418833347,410.26692720059805,351.1799519095541,59.08697529104387,56.51478437118834,42.71335564799054,13.801428723197802
frame_re~_232.51_232.67,61.35621264007331,0.0,0.4578612267022927,409.0129605807243,353.0430653940524,55.96989518667192,88.62782704665885,34.89217697318527,53.73565007347358
frame_tSi_232.67_232.73,15.11086619614835,1.6000000000000227,-0.49656957409679575,403.93590168132835,358.4774384604659,45.45846322086243,9.894661065698273,3.382088072532582,6.512572993165691
frame_bo~_234.33_234.39,121.71961051736096,1.8500000000000227,-0.9849311799093602,409.1360218573424,362.3069416018227,46.82908025551973,7.660865965982104,3.8601226041118935,3.800743361870211
frame_a_236.24_236.5,75.5547190892592,0.2599999999999909,1.513279861127754,414.5951436805291,351.43682649884914,63.158317181679934,54.80407063671227,26.977653663408972,27.826416973303296
frame_mo_236.76_236.96,46.26150892030731,0.0,0.20993295939078085,412.80442453059203,353.5868152756242,59.21760925496784,3.4731405273137312,1.8940167261207392,1.579123801192992
frame_si_236.96_237.19,52.065798249064244,0.0,0.4440305287690377,412.16858747221613,350.2271273523758,61.941460119840315,7.175104201238156,4.514246105909308,2.660858095328848
frame_da_237.19_237.4,42.610258917460285,0.0,0.364246938281504,413.126322463488,353.26735816838135,59.85896429510666,17.426832774713418,4.851870412268198,12.57496236244522
frame_dZi_237.4_237.59,50.507616002734835,0.0,0.8620750189315314,412.2541293595651,353.89827557761816,58.35585378194702,8.121745094636367,4.547763683476191,3.573981411160176
frame_dZi_237.59_237.65,48.128136292261956,0.0,-0.49656957409679575,411.42643270617526,363.8558533080105,47.57057939816474,5.624403725921354,2.0843975213290804,3.5400062045922738
frame_o_237.65_237.86,5.100909615746929,0.0,2.296729242290278,417.54004391424183,355.8105723334518,61.72947158079006,73.5267512093015,30.37082585805979,43.155925351241706
frame_Zi_237.86_237.93,73.25409291697295,0.5300000000000011,-0.49656957409679575,404.34669114618646,357.2561243029861,47.09056684320035,1.1232545858349,0.775808108249052,0.3474464775858479
frame_E_238.46_238.55,21.04963360906413,0.0,-0.1721919682483766,414.982169329892,365.9516054238351,49.0305639060569,113.7130531941316,61.46869933847958,52.24435385565202
frame_ko~_238.55_238.63,98.7027229689838,0.0,-0.984931179908998,402.591112388553,354.7986275127411,47.79248487581185,0.48172515749034517,0.3402555954904969,0.14146956199984828
frame_mu_238.63_238.69,77.38883118237803,0.0,-0.6045451718063752,417.0841289531434,369.6407817993956,47.44334715374782,8.630683944882975,6.0837581113596,2.5469258335233746
frame_a_238.69_238.76,64.01897356181587,0.0,-0.47141336924328436,418.3175728062523,368.96408765581094,49.35348515044137,8.374240425931106,4.412174334580612,3.9620660913504935
frame_mo_238.76_238.91,51.65663807189614,0.0,-0.3117661113340934,418.1210532314066,361.49085159804224,56.63020163336438,17.402542752309188,6.720872533178607,10.68167021913058
frame_si_238.91_239.08,24.267442471869686,0.0,-0.49656957409679575,416.8245015751493,359.3005101217934,57.523991453355904,54.93173514170218,19.678694408385752,35.253040733316425
frame_da_239.08_239.32,48.210977657970574,0.0,0.364246938281504,412.54867747690184,352.8401646868199,59.70851279008201,13.340468527023702,8.42318961978873,4.917278907234973
frame_dZi_239.32_239.79,72.3771048381885,0.0,3.788386450069581,410.3622958577606,328.56365350620825,81.79864235155236,14.575021019650066,7.30415396274816,7.270867056901906
frame_mi~_239.79_239.85,62.33802084084056,0.0,-0.7045261828942527,412.73762082623597,365.108977903016,47.62864292321996,1.5338672631040424,0.8223116269337396,0.7115556361703028
frame_Ja_239.85_240.29,26.003539364478513,0.0,2.3489401686525424,415.4081211504591,334.6265096631885,80.78161148727065,60.57963235929732,30.366686729838193,30.212945629459128
frame_ko~_240.29_240.45,31.80953802531573,0.0,-0.857492742388281,411.5457306819125,355.7620366233601,55.78369405855244,59.719261266012396,28.723976551970566,30.99528471404183
frame_mu_240.45_240.51,66.84055017469846,0.0,-0.6045451718063752,405.73413134087093,364.16219928267276,41.57193205819817,1.1723163430576165,0.3283721844662182,0.8439441585913983
frame_a_240.51_240.54,66.31374735157983,0.0,-0.8892435230055301,397.72226998527776,354.10737455524236,43.6148954300354,0.3963408559026078,0.21462729772322575,0.18171355817938206
frame_mo_240.54_240.67,67.65597882239801,0.0,-0.1378664210926334,411.88121447869014,358.80155209284766,53.07966238584248,1.8388134324018495,1.297842500530507,0.5409709318713425
frame_si_240.67_240.85,91.93086859378535,0.0,-0.07852508393430212,408.1008873103609,354.45126201679875,53.64962529356217,40.693160101926495,26.605806572209147,14.087353529717348
frame_da_240.85_241.04,67.33446090907624,0.0,-0.15804075392152583,410.4264719309265,352.5530761226771,57.87339580824937,15.208315783447532,5.97156311200483,9.236752671442702
frame_dZi_241.04_241.1,75.27930132836342,0.0,-0.49656957409679575,399.23447764588286,353.77452329955975,45.459954346323116,0.7601373633801103,0.5664913008312595,0.19364606254885075
frame_dZi_241.1_241.16,60.63024450126839,0.0,-0.49656957409679575,405.5765797819081,360.1673375295369,45.4092422523712,25.381366223819356,7.923319237998783,17.458046985820573
frame_do~_241.16_241.29,71.74887169796976,0.0,-0.09286211726325395,405.5701529306705,355.62803155654996,49.94212137412052,2.792176215711379,1.7081094796427578,1.0840667360686211
frame_pe_241.29_241.44,78.89721731306192,0.0,-0.33935651481122,414.4045759386171,360.266692012916,54.13788392570109,28.19227810913496,11.268065196136533,16.924212912998428
frame_dru_241.44_241.54,70.01268964187226,0.0,-0.6045451718063752,407.2796459976625,358.2643349453965,49.015311052265986,8.228795780236922,3.4621314984149336,4.766664281821988
frame_pri~_241.54_241.7,30.24617197333248,0.0,-0.7045261828942527,415.3491176750046,360.10130058579546,55.24781708920915,123.37425243401185,55.779226858560435,67.59502557545142
frame_mej_241.7_242.03,50.84648302238402,0.0,-0.5582862409274976,415.43967772771487,344.9463043497404,70.49337337797448,48.26967243582895,29.519803051621906,18.749869384207045
frame_ru_242.03_242.1,13.727131155012302,0.0,-0.6045451718063752,414.7304835062781,368.1121622740394,46.61832123223871,10.092717993960406,4.71747776563646,5.375240228323946
frame_ow_242.1_242.21,61.23084906278331,0.0,-0.8334651820589676,414.13500322158956,363.34168546385104,50.79331775773852,30.203100427987692,20.879573958916964,9.323526469070728
frame_a_242.21_242.27,73.07594272524327,0.0,-0.5758709076837716,407.95799366525273,362.853001770647,45.104991894605746,2.083859488866551,1.017609252796035,1.0662502360705162
frame_mo_242.27_242.44,69.22450406599664,0.0,-0.3117661113340934,409.85291711297566,354.8908708327192,54.9620462802564,1.5189867342769077,0.7162791292334134,0.8027076050434943
frame_si_242.44_242.6,67.79628335813408,0.0,-0.28754732901569746,411.0850095346655,355.13498535580715,55.95002417885837,87.07341618975357,50.98525994413566,36.08815624561791
frame_da_242.6_242.81,68.72433248659136,0.0,0.2597893998410168,411.89357471967355,352.40273018454843,59.49084453512506,14.653952445146558,4.040887509925284,10.613064935221274
frame_dZi_242.81_242.87,70.10662149197307,0.0,-0.49656957409679575,398.5960877952371,352.4552504938314,46.140837301405725,20.667275295020303,11.323394853097327,9.343880441922977
frame_dZi_242.87_242.93,2.3335224085806203,0.0,-0.49656957409679575,393.1529003647889,349.4466424383118,43.706257926477065,4.089476975490101,2.734612266636276,1.3548647088538246
frame_pe_242.93_243.07,68.41261988684758,0.0,0.536362389652024,412.91042344261473,360.3778857391268,52.53253770348795,6.164093805439549,4.594046085408635,1.5700477200309138
frame_dru_243.07_243.19,68.2542111596161,0.0,-0.6045451718063752,410.56300022194375,358.98265478769105,51.580345434252706,7.885866182522108,3.8908632771032643,3.9950029054188434
frame_aw_243.19_243.32,73.49990464850327,0.0,-0.47141336924328436,406.79397818143804,355.0528262258945,51.74115195554356,5.434460299934585,2.8972646090121685,2.5371956909224167
frame_va_243.32_243.38,55.79346424673173,0.0,-0.8892435230055301,402.74910409018094,357.3434064450602,45.40569764512071,48.86574345836999,28.574473977369337,20.291269481000654
frame_ris_243.38_243.47,7.482965539750609,0.0,-0.49656957409679575,392.4472988289475,345.9394210565963,46.50787777235121,57.82119222976728,27.06392175874015,30.757270471027127
frame_ka_243.47_243.59,71.64806319571927,0.0,-0.47141336924328436,412.2037470117696,359.5074434375641,52.6963035742055,14.486957989935362,8.47889461821184,6.008063371723523
frame_braw_243.59_243.97,72.95723367601353,0.21999999999999886,-0.6803284461245557,410.5680317071378,334.6439305012204,75.9241012059174,9.792671379405405,5.382101188091042,4.410570191314363
frame_ka_244.19_244.33,54.96747535316909,0.0,-0.5758709076837716,408.1472660323168,355.0334045325007,53.113861499816096,53.63194905617862,30.267151110650417,23.364797945528203
frame_da_244.33_244.5,34.88247075741921,0.0,-0.15804075392152583,414.4186282888626,356.7026289051615,57.7159993837011,10.966229823194922,8.038307705148839,2.9279221180460837
frame_u~_244.5_244.62,0.8046163139968314,0.0,0.01026311357188753,411.8123832715353,360.68844400989997,51.12393926163526,13.347225586931415,4.146533201990508,9.200692384940908
frame_de~_244.62_244.78,8.24554313581362,0.0,-0.59223354323516,415.6631871747066,359.48131719396633,56.18186998074026,35.2453798286907,17.035958306416944,18.209421522273757
frame_tru_244.78_244.89,11.14713519517278,0.0,-0.46646400348061745,413.1053194068986,361.38859873050257,51.71672067639605,19.082728795034427,8.474124151582373,10.608604643452054
frame_da_244.89_245.06,2.8190319485851774,0.0,-0.15804075392152583,414.20721173165947,357.29082004762154,56.91639168403793,28.547876836655703,5.981985066327468,22.565891770328236
frame_su_245.06_245.28,17.790557333314553,0.0,-0.6045451718063752,415.8911742389541,353.9459238397867,61.94525039916738,71.60409818685218,19.319332541479156,52.28476564537302
frame_a_245.28_245.54,78.93353174078726,0.0,1.513279861127754,414.47399908615927,351.35859283140155,63.115406254757715,513.0116712502347,425.18375189405975,87.8279193561749
frame_E_245.54_245.7,49.77444869791137,0.0,0.5711918594320468,414.29120157824354,359.7382485684358,54.552953009807766,52.32383414101818,20.241447853829214,32.08238628718897
frame_po_245.7_245.85,43.60439466370089,0.0,-0.8334651820589676,415.6280635763419,361.7663032899403,53.86176028640159,85.49110810340201,46.34293026751719,39.14817783588482
frame_ka_245.85_246.16,51.59132627198197,1.0,0.5731620151624784,397.57637350042677,329.5999343053837,67.97643919504304,144.3086479170542,112.3124694531911,31.996178463863096
frame_u_247.16_247.29,43.343209511534354,0.0,0.7762665114523797,409.96407539583413,359.9492364126021,50.01483898323204,28.846902413739727,16.86164186421901,11.985260549520717
frame_ki_247.29_247.42,31.236334438938,0.0,-0.49656957409679575,415.9650090908457,362.88357119792374,53.08143789292194,4.103103225439355,2.015585555320172,2.0875176701191833
frame_a_247.42_247.52,16.927910642666546,0.0,-0.15804075392122896,412.82823411148536,363.1203487331724,49.70788537831294,14.254942496335133,10.866973370232984,3.387969126102149
frame_ko~_247.52_247.71,4.830187771037259,0.0,0.034576320257825345,415.16325932362577,357.1048677785726,58.058391545053155,24.121560632438673,18.837383907037264,5.284176725401409
frame_te_247.71_247.9,0.24703657985941163,0.0,0.536362389652024,418.3114936471988,358.16307997124585,60.14841367595295,8.503351298462519,3.393597778491653,5.109753519970866
frame_si_247.9_247.99,0.9605260750570892,0.0,-0.49656957409679575,397.63529616355214,349.6011494863703,48.034146677181866,8.39837624997216,5.003645428927257,3.3947308210449023
frame_E_247.99_248.04,13.776547629684728,0.0,-0.5969827269231629,421.6532434496754,374.6622789434098,46.99096450626564,4.530137881539474,3.5417814084270844,0.9883564731123897
frame_ki_248.04_248.12,0.7987885554190939,0.0,-0.49656957409679575,396.0704434224363,349.5676134215941,46.50283000084221,14.579150810031564,8.254534290293662,6.324616519737901
frame_E_248.12_248.17,15.78676417668754,0.0,-0.5969827269231629,414.81925094256053,367.4735508495754,47.34570009298511,5.338047377153032,3.9811013564984137,1.3569460206546182
frame_sas_248.17_248.27,15.67342561935638,0.0,0.0,396.32265541385755,348.0869251432652,48.23573027059234,9.292272435368545,3.0821963633904375,6.210076071978108
frame_E_248.27_248.6,8.27626520624429,0.0,0.05087432295944858,413.8373906892071,345.1417367141283,68.69565397507881,36.53629590105686,16.160105195871523,20.376190705185337
frame_po_248.6_248.71,13.660161750433673,0.0,-0.8334651820589676,417.89811674727764,365.10818506553153,52.78993168174611,25.53602469046166,13.211740141560284,12.324284548901375
frame_kas_248.71_249.08,5.007822363738853,0.0,0.7820770920437498,417.98599181208624,341.65348495987723,76.33250685220895,14.27799694495937,8.726997530980356,5.550999413979014
frame_es_249.08_249.18,22.579099709642975,0.0,0.09850293742009088,419.26317835146915,367.7652478385394,51.49793051292977,5.993338138204592,1.990424585281346,4.002913552923246
frame_ta~w~_249.18_249.45,10.89648205137047,0.0,1.0065082053326657,418.8032285841589,351.96519468206185,66.83803390209704,50.961095461230386,27.806759600285886,23.1543358609445
frame_e_249.45_249.48,37.833297001111674,0.0,-0.777215967043153,400.08992125387726,354.68277322985796,45.40714802401925,1.426210501179483,0.804715734361281,0.621494766818202
frame_vo_249.48_249.57,27.87855144894911,0.0,-0.8334651820589676,403.0796658517886,354.98644829665665,48.09321755513196,64.04546342626928,30.63630509562256,33.40915833064672
frame_lui~_249.57_249.8,28.191812372600907,0.0,1.3285911847561955,409.2421574017544,348.32571347086605,60.91644393088836,18.91614686484006,10.252033720440437,8.664113144399622
frame_du_249.8_250.18,48.731241228737275,1.6999999999999886,3.814052214621797,406.2060003918167,330.9088737925071,75.29712659930959,50.90004732559689,31.34521898068033,19.554828344916558
frame_a~_251.88_252.0,32.36519797522422,0.0,0.09034862444300701,411.0391521758419,360.00456652206657,51.03458565377531,13.924004002322988,6.026919802050017,7.897084200272971
frame_tSi_252.0_252.16,7.704466643871115,0.0,-0.18303620647485128,416.7730489811593,360.9014918213857,55.8715571597736,58.607770464557476,15.373426705903483,43.23434375865399
frame_ga_252.16_252.57,7.599966402914333,0.0,2.4533977070930297,417.77137675223975,337.71784294170527,80.05353381053447,48.47312266471741,27.321453295574543,21.151669369142866
frame_me~_252.57_252.63,3.9850928844505518,0.0,-1.117280928204135,402.98160552194173,357.13754283204526,45.844062689896475,5.170045124749464,2.630574124948481,2.539470999800983
frame_tSi_252.63_252.71,4.884670197195277,0.0,-0.2875473290154004,394.86368806820303,349.3927993562009,45.470888712002136,6.899952806721586,4.109798570286927,2.7901542364346597
frame_kwa~_252.71_253.35,41.11787204928237,0.0,3.0424183850882027,416.8459499410671,314.5922228107985,102.2537271302686,23.631957045306294,11.319676753073153,12.31228029223314
frame_du_253.35_253.41,62.59361396334691,0.14000000000001478,-0.6045451718063752,395.56293169466255,350.19459190386044,45.36833979080211,88.38462180264375,68.42070896490526,19.963912837738498
frame_ew_253.55_253.61,15.678634632875543,0.0,-0.777215967043153,413.62369380595044,368.0064767360019,45.61721706994854,7.215281938251536,3.3270670017616624,3.8882149364898737
frame_na_253.61_253.79,16.223497503047028,0.0,0.364246938281504,414.84165296962954,357.5051767326649,57.33647623696464,102.213077218219,39.63236714730375,62.580710070915245
frame_si_253.79_253.85,1.9547520058532655,0.8100000000000023,-0.49656957409679575,401.6946892561664,355.9478498439921,45.74683941217427,27.04270916311718,12.074204583622105,14.968504579495075
frame_pa_254.66_254.86,77.12112991309857,0.0,-0.4714133692429875,413.1335715396363,353.2674096843492,59.86616185528709,9.45271407224454,3.1082555523200526,6.344458519924487
frame_ra_254.86_254.94,78.99183785544355,0.0,-0.6803284461242588,396.364536608172,350.3845841040768,45.979952504095195,5.721779433083327,4.118764522425124,1.603014910658203
frame_si_254.94_255.04,70.4855480316379,0.0,-0.3920584515562466,395.66213850335924,346.5942283140863,49.067910189272936,2.366888896348513,1.043420942513393,1.3234679538351202
frame_iX_255.04_255.1,23.917175601188447,0.0,-0.49656957409679575,415.49985344280356,367.3866545990228,48.11319884378082,6.808225846984087,4.5253898018840175,2.282836045100069
frame_a_255.1_255.42,27.75287709829074,0.0,2.140025091771271,416.0652329488171,344.8649301816123,71.20030276720479,19.774045226178742,8.908943823736948,10.865101402441795
frame_tE_255.42_255.53,19.263595091369808,0.0,-0.7031804165917086,414.8809575171691,364.2343517610733,50.64660575609582,145.59878466040306,85.06608762378795,60.532697036615104
frame_a_255.53_255.78,31.62721186690105,0.0,1.4088223226872667,416.8153181354462,351.6621005636721,65.15321757177418,18.752915964038166,12.828832041615271,5.924083922422895
frame_ew_255.78_255.87,10.20816914389637,0.0,-0.12042678869556454,409.74997289948715,361.9828606858189,47.76711221366827,1.3016032659560608,0.7749001980062928,0.526703067949768
frame_rO_255.87_255.97,63.154027121682816,0.0,-1.1557805089891755,418.1367307241355,366.10239558697293,52.03433513716254,2.694610114373859,1.4883538368804068,1.206256277493452
frame_pa_255.97_256.06,65.69035936111047,0.0,-0.8892435230052332,396.4676541394444,349.36493579667285,47.10271834277154,21.0138184122358,13.893823003860149,7.119995408375651
frame_tSi~_256.06_256.12,19.003039045133434,0.0,-0.704526182893792,427.64878759790736,379.0290209284081,48.619766669499256,131.1643644412867,66.13106275189845,65.03330168938824
frame_Ja_256.12_256.2,13.68418493022287,0.0,-0.6803284461242588,414.3542335036743,365.77604193438617,48.578191569288094,14.546712950652392,11.780077135303259,2.766635815349133
frame_ki_256.2_256.31,51.80214972352253,0.0,-0.39205845155594954,398.5628245685393,348.1371780822744,50.42564648626495,33.442359209606636,20.951415037573966,12.49094417203267
frame_si_256.31_256.49,14.742782467602098,0.0,-0.2875473290154004,414.93790864539267,357.5862976073756,57.3516110380171,6.427665279411897,3.4616782529322023,2.965987026479695
frame_iX_256.49_256.58,28.6246976411381,0.0,-0.2875473290154004,404.29684926483174,356.34130354052087,47.955545724310866,7.367085216296346,3.36276077232894,4.0043244439674055
frame_dZi_256.58_257.1,39.31870307385638,0.0,3.3703419599073845,414.9130930781961,324.69185482374655,90.22123825444953,22.000310333460348,14.509908669122595,7.490401664337753
frame_na_257.1_257.31,41.621440152401576,0.0,0.2597893998407199,412.8441030125474,352.9278041266599,59.91629888588744,10.459556271253149,6.200308198691388,4.2592480725617605
frame_vi_257.31_257.49,44.65533406285827,0.0,-0.4965695740964987,414.97303232398997,356.4167251668066,58.55630715718337,36.829610494350945,22.170030956551486,14.659579537799459
frame_u_257.49_257.61,2.1261146251963794,0.0,0.6381853431266219,415.81639068174843,362.36314780801695,53.45324287373154,31.283175907584294,14.821864039047483,16.46131186853681
frame_i_257.61_257.64,12.673143001891447,0.0,-0.4965695740970928,396.936447051956,352.6912223731161,44.24522467883992,15.541455263500637,3.5804227034971348,11.961032560003503
frame_le_257.64_257.79,10.045537047838508,0.0,0.31743266353699073,414.45262054030775,360.7618381724636,53.690782367844065,28.53456610312861,9.91884021905156,18.61572588407705
frame_va_257.79_258.03,22.482003405951033,0.0,0.4687044767216943,413.5697836480344,350.20754442741213,63.36223922062226,23.22191902202269,11.129135975241425,12.092783046781264
frame_va_258.03_258.23,47.50286014709792,0.37000000000000455,0.3642469382818009,412.73509808411313,353.3032593596404,59.43183872447281,39.47331450236342,10.938822628099231,28.53449187426419
frame_muj~_258.6_259.16,18.74659081817873,0.0,1.0524288481038953,414.1034436027473,322.62436209219,91.47908151055731,53.579089531446584,35.80893207426652,17.770157457180062
frame_tus_259.16_259.34,1.1318507157766646,0.0,0.3620230064751064,423.50641395627576,364.12009537043434,59.386318585841366,30.192398998139936,14.988977612412668,15.203421385727268
frame_dZi_259.34_259.63,47.607680773633035,0.0,1.9071862443379142,414.8581889005605,346.1198708146054,68.73831808595509,17.192019010117207,8.876039540848154,8.315979469269053
frame_as_259.63_260.05,20.68992567325013,0.9200000000000159,0.886534630484237,413.2819198756483,336.36585927717965,76.91606059846868,121.18588370311844,73.17740486594649,48.00847883717195
frame_o_260.97_261.1,24.603817316237084,0.0,0.905531720357115,414.2601902442531,360.1739569186914,54.08623332556175,15.581289334949815,6.564777810605818,9.016511524343997
frame_Zi_261.1_261.23,3.430670373862114,0.0,-0.18303620647485128,414.83626520635084,362.3120296373725,52.52423556897833,18.8232026182813,7.929216455595366,10.893986162685934
frame_vaj_261.23_261.47,8.15730277169871,0.0,0.05087432295974547,415.25151888940144,352.4955526276095,62.75596626179191,24.46911135630306,11.309531741056361,13.159579615246699
frame_zi_261.47_261.57,71.81420309465372,0.0,-0.07852508393430212,392.8215637572118,344.65484679318973,48.166716964022044,7.542292703700362,2.7643547454766733,4.7779379582236885
frame_dZi_261.57_261.65,25.7244026473966,0.0,-0.4965695740970928,412.93541543856554,363.5950948995812,49.34032053898437,7.331043092028324,3.0607985179383377,4.270244574089986
frame_a_261.65_261.76,29.226104410405682,0.0,-0.05358321548074174,414.1352274056389,362.01532634634043,52.119901059298456,4.710528701292844,2.16160733244908,2.5489213688437644
frame_vi_261.76_261.92,28.654479734374462,0.0,-0.4965695740964987,413.973423448285,357.3366690185211,56.636754429763926,8.89491477994413,4.8992649263654044,3.995649853578726
frame_a~w~_261.92_262.11,1.5206811329064465,0.0,-0.21503790252059835,415.0774999402068,354.52789614398336,60.54960379622344,46.82521000823054,22.412493130607515,24.412716877623026
frame_i_262.11_262.14,49.32419148245691,0.0,-0.4965695740970928,398.823566835559,356.6596072559913,42.16395957956769,0.736320253476535,0.3342858060637468,0.40203444741278815
frame_le_262.14_262.28,10.112618790338942,0.0,0.5363623896514017,415.11929040296525,360.9652922452558,54.15399815770945,37.6452649785726,23.68777999337864,13.957484985193958
frame_va_262.28_262.68,36.35008537439282,0.0,2.2444826302117584,409.3156460383737,336.01548153967207,73.30016449870163,21.95728041728428,11.830691891637528,10.126588525646753
frame_mej_262.68_262.84,26.831447383041365,0.0,-0.7772159670425308,414.263047275765,358.43777324439475,55.82527403137027,4.122120304443527,1.9273877290211203,2.1947325754224067
frame_a_262.84_262.97,39.238721613195054,0.0,0.15533186140082644,411.6545261845853,359.87529752614546,51.77922865843976,7.500488578862033,4.1045544414429855,3.3959341374190473
frame_du_262.97_263.09,30.494121991638465,0.0,0.08586066982280599,411.51886447015795,359.3023097929009,52.21655467725702,1.902432891534815,0.7261504067459725,1.1762824847888425
frame_zia_263.09_263.23,39.77562642123904,0.0,-0.4965695740964987,410.405949353212,357.38870946648126,53.017239886730806,0.4931180676246498,0.2955994996206357,0.19751856800401413
frame_dZi_263.23_263.36,44.25059413879484,0.0,-0.39205845155594954,409.66911316517,356.2292806288434,53.439832536326605,11.544131776105559,7.425367769604378,4.118764006501181
frame_O_263.36_263.51,31.36474004413469,0.0,0.6175289362104142,412.4667008916738,358.30583131095466,54.16086958071912,11.749523170975593,4.342562408800546,7.406960762175046
frame_ras_263.51_263.81,29.71112023913109,2.1299999999999955,0.2597893998407199,405.87846291788605,339.0663465472735,66.81211637061256,128.6564244629741,82.21545204269485,46.44097242027923
frame_ajs_265.94_266.31,62.81476856964747,0.0,1.7221949380093222,412.4459730956954,336.748683983167,75.6972891125285,22.218042090672398,9.889598869680043,12.328443220992355
frame_no_266.31_266.51,30.6474072171535,0.0,0.905531720357115,415.26899852880297,356.4183153552546,58.85068317354836,14.83228233340489,4.49494078777397,10.33734154563092
frame_tSi_266.51_266.69,23.04431595358733,0.0,0.025986038606247035,417.5752592609466,359.45751218944935,58.11774707149726,69.83988621573319,13.557844657702816,56.28204155803037
frame_sias_266.69_266.79,27.78745255145975,0.5999999999999659,0.0,401.5932057188952,352.25492570736725,49.33828001152796,4.52466770545098,1.4243770766347552,3.100290628816225
frame_da_267.39_267.54,40.97756810361376,0.0,-0.3669558308022034,415.1117313256521,360.49047144011746,54.62125988553464,10.345165059446089,4.239630204838122,6.105534854607967
frame_ew_267.54_267.6,48.98826735132242,0.0,-0.7772159670437753,412.88552323989285,365.36287536500606,47.522647874886786,1.6304767304122265,0.8719025969746923,0.7585741334375342
frame_rO_267.6_267.8,8.372846074524688,0.0,0.6175289362114222,415.91044321867014,357.3251989001717,58.58524431849844,43.5977531216534,22.320397231530706,21.277355890122692
frame_pa_267.8_267.91,63.108575313848846,0.0,-0.5758709076837716,415.0418551970424,364.20941802490563,50.83243717213679,48.39165702978166,30.218903045115994,18.17275398466567
frame_na_267.91_268.06,54.38590658704916,0.0,-0.15804075392122896,410.58543234787015,356.8483427517279,53.737089596142255,5.130762157881975,3.5816335536498514,1.5491286042321235
frame_kE_268.06_268.19,36.568360773496195,0.0,-0.7031804165914067,413.1629211644049,360.22951100711583,52.933410157289075,4.688835357415385,3.151973155759478,1.5368622016559073
frame_la_268.19_268.27,39.67804319410028,0.0,-0.889243523005827,410.49321104458903,361.7601112964408,48.73309974814822,3.597445986495188,1.774162267729082,1.8232837187661062
frame_o_268.27_268.31,49.82678951115726,0.0,-0.6595654918170134,399.02240626301784,357.0522497139816,41.970156549036176,6.695290357550135,5.106519816274513,1.588770541275622
frame_ka_268.31_268.51,58.35509912324726,0.0,-0.2624982923623099,413.0169636941861,352.85078179168545,60.166181902500625,3.9646297683152767,2.2757952199752225,1.6888345483400542
frame_zi_268.51_268.75,44.384137732908044,0.0,0.025986038606247035,412.9599221446883,350.4954138438218,62.4645083008665,41.36573931957271,25.184659734932296,16.181079584640415
frame_a~w~_268.75_269.01,63.50583351353306,0.19999999999998863,0.1921441334306826,415.27727428590737,351.27579033253375,64.00148395337362,35.21433300743962,13.666671768502738,21.547661238936882
frame_ne~j~_269.21_269.52,12.680902015191577,0.0,1.857987586619725,416.85307197100764,348.3212741625611,68.53179780844653,114.85670854745662,39.799689978372754,75.05701856908387
frame_poX_269.52_269.66,22.597126097497693,0.0,-0.4856658015755534,417.64406207634045,362.7907032459435,54.85335883039693,181.5697075096005,63.0616593721405,118.50804813746001
frame_Ra_269.66_270.05,51.02520018770048,0.0,1.9311100148902967,414.2206423809618,338.59822751734333,75.62241486361847,143.73219856332574,100.49205161114733,43.24014695217841
frame_dZiu_270.05_270.26,124.48823423125914,0.7400000000000091,-0.2875473290159945,399.5154140355884,344.2470449103743,55.268369125214065,0.20633196517113106,0.09946247455264512,0.10686949061848594
frame_o_271.0_271.22,4.404307385060065,0.0,2.4706289325322324,420.3023161236269,356.6140943028861,63.68822182074081,60.88249278063182,27.836509294393892,33.04598348623793
frame_Zi_271.22_271.56,5.694324526329865,0.36000000000001364,0.2350082836879394,403.18523831047776,334.0346435778361,69.15059473264165,13.867951631323791,5.671535949578669,8.196415681745123
frame_a_271.92_271.97,3.8995046343691513,0.0,-0.6803284461242588,426.0972462457601,378.5783065642792,47.5189396814809,6.738937848003729,3.7999179254665023,2.939019922537227
frame_Ze~_271.97_272.15,1.528898269327101,0.0,-0.24220195325617488,416.85371889753696,358.6867169119425,58.16700198559448,111.4396080244005,35.959960993275814,75.47964703112468
frame_tSi_272.15_272.26,28.69197040034379,0.0,-0.3920584515565436,414.26689282023233,362.17671058698613,52.090182233246196,23.34133466217739,9.996686898140126,13.344647764037262
frame_Za_272.26_272.52,3.599857302863967,0.0,0.9909921689247242,416.34621922640343,351.1551022924246,65.19111693397883,74.2285073931153,30.081164981828067,44.14734241128723
frame_li_272.52_272.59,47.407188799812104,0.0,-0.4965695740970928,412.8292596083942,365.55105525248825,47.27820435590587,2.1843035627455265,1.2252499390933878,0.9590536236521388
frame_ga_272.59_272.71,33.26239738338218,0.0,-0.2624982923623099,415.2272058387954,364.3418473089327,50.885358529862685,10.314425149572031,3.682816034096561,6.63160911547547
frame_a_272.71_272.8,38.61879510899979,0.0,-0.2624982923617162,414.37595486514624,365.97011397733746,48.40584088780878,4.7710162502958156,2.3088163335494443,2.4621999167463713
frame_te_272.8_272.9,35.10171012167936,0.0,-0.7772159670437753,411.75355891550686,362.0758265758491,49.67773233965778,1.1222373813322974,0.6890371903999295,0.43320019093236795
frame_le_272.9_273.04,34.81619789920572,0.0,0.5363623896526462,415.9545767637073,362.2412156403403,53.71336112336701,4.591107411002994,1.8891115539857282,2.701995857017266
frame_vi_273.04_273.15,37.38347556182383,0.0,-0.4965695740970928,411.9528352805737,361.09816249317146,50.854672787402194,4.623478657687059,2.39020668768552,2.233271970001539
frame_za~w~_273.15_273.4,6.5453774881198115,0.0,0.09034862444300701,417.9263215516042,352.0155560396237,65.91076551198051,66.46168110732194,35.611288444042515,30.850392663279422
frame_i_273.4_273.43,31.814229600020525,0.0,-0.4965695740964987,401.73715486821015,357.79305011248357,43.944104755726585,1.061820881353981,0.6002497398771709,0.46157114147681
frame_ve_273.43_273.59,42.263649009207285,0.0,-0.5582862409281198,419.05864206466134,361.6299910072261,57.42865105743522,31.533240804140405,18.572145207426445,12.96109559671396
frame_a_273.59_273.66,47.720710509709676,0.0,-0.4714133692426906,416.02686962878636,368.79639179269316,47.2304778360932,10.601931764171752,6.9016049114425755,3.7003268527291766
frame_ko_273.66_273.81,8.646531161242763,0.0,-0.8334651820584733,414.9817389240599,361.50025862217086,53.481480301889064,139.80330149361563,49.53262225650337,90.27067923711226
frame_Ri_273.81_273.87,69.99557478273057,0.0,-0.4965695740964987,408.0830503623122,361.1964350380729,46.8866153242393,36.802959119154366,21.33089185124328,15.472067267911086
frame_da_273.87_274.1,36.22273157849669,0.0,0.8865346304848307,413.67018122166917,353.95454423689705,59.71563698477212,20.571372053715606,6.02961451551289,14.541757538202717
frame_du_274.1_274.37,60.438974846730616,0.0,1.8809158580592265,415.1652400298225,348.2290425459254,66.9361974838971,12.270927936904059,5.939584409987077,6.3313435269169815
frame_e_274.37_274.43,43.382458821846996,0.0,-0.12042678869556454,413.3681686100691,366.80956277476344,46.55860583530563,3.5043782873975715,1.7679056958676682,1.7364725915299033
frame_meX_274.43_274.62,50.37675175400575,0.0,-0.7772159670437753,412.9579273546029,356.5250683774571,56.43285897714577,21.199509914089006,11.0134538234106,10.186056090678406
frame_so~_274.62_274.77,52.03024310397646,0.0,-0.34773899230505034,411.8815864132227,356.38122960966507,55.50035680355762,6.4507321077661715,2.8208567473540143,3.629875360412157
frame_fitStSipawdZi_274.77_274.94,53.42231523599921,0.7099999999999795,0.1304971611467962,410.4808052390382,355.1035890377649,55.37721620127326,5.706223981914107,4.140753695196537,1.56547028671757
frame_kwaw_275.65_275.76,16.680464606409686,0.0,-0.6045451718067677,408.9096910380131,358.09860377207104,50.811087265942035,19.7057644228027,10.409213692449697,9.296550730353005
frame_kEX_275.76_275.98,72.69717545337846,0.0,-0.8892435230052332,409.49711625471843,349.11632898803003,60.3807872666884,4.020197659122772,1.2435646117267254,2.7766330473960465
frame_paX_275.98_276.22,78.12598917482731,0.0,-0.47141336924328436,410.35930667925743,350.30854452532435,60.05076215393308,29.867665861337386,10.593784980700917,19.27388088063647
frame_tSi_276.22_276.31,71.78300293405279,0.0,-0.39205845155594954,409.85516382851347,361.36390998736357,48.4912538411499,76.54280649983286,48.96096170986225,27.581844789970624
frame_da_276.31_276.41,71.45022118348133,0.0,-0.784785984564746,408.9243093532001,358.8258813830864,50.09842797011362,3.295954420850819,1.3886415956232838,1.9073128252275353
frame_ew_276.41_276.47,97.59818176881367,0.0,-0.7772159670437753,404.3157876380691,359.9445903925209,44.3711972455481,2.248213183200562,1.1467991281150702,1.1014140550854918
frame_rO_276.47_276.61,56.2434877531057,0.0,-0.2691257863888767,412.78732746977175,358.14299923223524,54.64432823753651,5.488368856353787,2.0078260988228465,3.480542757530941
frame_pa_276.61_276.77,98.66675684916615,0.0,-0.6803284461248525,416.4818857318753,359.6692548285033,56.81263090337205,7.05550377896725,4.018228281524024,3.0372754974432254
frame_dZi_276.77_276.88,62.48172152997735,0.0,-0.07852508393430212,407.4229160397623,357.2385435491359,50.1843724906264,10.350047220982788,4.86778218431742,5.482265036665368
frame_ma_276.88_277.03,63.27909525240533,0.0,-0.6803284461248525,409.03288255225084,355.4443721985546,53.58851035369622,5.90849256248876,3.093085407071399,2.815407155417361
frame_nej_277.03_277.2,49.36294450229049,0.0,-0.5582862409268754,411.705660508699,354.61369532347175,57.09196518522725,27.5549878280073,15.504900008643915,12.050087819363384
frame_ra_277.2_277.31,37.520860683160564,0.0,-0.36695583080279714,415.86495598644126,363.94360891098086,51.9213470754604,76.81026612011352,40.16455847458978,36.64570764552374
frame_ki_277.31_277.61,12.963640366551033,1.240000000000009,0.653052773850136,412.83401166277406,346.94024004298257,65.8937716197915,143.0179247485821,25.338411723423093,117.679513025159
frame_a_278.85_279.51,59.1262223610632,0.8100000000000023,5.691581398750806,409.6342483478109,311.6741420285745,97.96010631923636,51.512908808696785,22.352060312050057,29.16084849664673
frame_a_280.32_280.36,68.1955284380527,0.0,-0.784785984564746,402.95217666582903,357.0798866751719,45.87228999065712,2.607648355153586,0.5300054993855099,2.077642855768076
frame_mo_280.36_280.56,35.12424479588667,0.0,0.2099329593902866,417.69068589483595,356.21348369195005,61.477202202885906,41.01518127624419,20.08878676753035,20.92639450871384
frame_si_280.56_280.72,3.248945724591948,0.0,0.02598603860684111,415.77048213568196,361.1774799635566,54.593002172125296,36.77644563623642,17.57584795687407,19.200597679362346
frame_da_280.72_281.0,1.245556742460849,0.0,0.9909921689247242,419.09742280736896,350.6597016445893,68.43772116277967,12.48414863310299,7.536374354437697,4.9477742786652925
frame_dZi_281.0_281.06,4.958319857683989,0.0,-0.4965695740964987,408.8116672269379,361.82777011016026,46.983897116777655,2.978673045646701,2.033452012292855,0.945221033353846
frame_dZi_281.06_281.12,7.832857229942448,0.0,-0.4965695740964987,415.9732637100908,368.0357142948434,47.93754941524742,3.500555641209047,0.8841811821571071,2.61637445905194
frame_o_281.12_281.28,1.3502608113765007,0.0,1.427230791081495,415.18447837862834,360.6711031660469,54.51337521258142,18.8376741610586,6.757459002005959,12.080215159052642
frame_Zi_281.28_281.34,17.19543060368261,0.0,-0.4965695740970928,413.5169986665778,366.29723564304794,47.21976302352988,8.342446509767228,2.9813755686125205,5.361070941154708
frame_es_281.34_281.47,28.05177330608808,0.0,-0.33935651481122,412.742864623831,361.7291964159665,51.0136682078645,24.15486230036089,9.240769686122945,14.914092614237944
frame_ta_281.47_281.69,13.768350196817579,0.0,0.36424693828120713,416.32771087967365,353.8293846415495,62.49832623812409,106.67208970858785,47.55951728855712,59.11257242003073
frame_vi_281.69_281.81,23.142116320675342,0.0,-0.39205845155594954,416.63859133041245,363.40541737982966,53.233173950582795,33.73105582126311,13.693912072656389,20.037143748606724
frame_ve~_281.81_282.06,4.595246100925124,0.0,0.10782963672380502,416.4344491927068,351.46121117059454,64.97323802211224,19.441951674568827,15.2131864673581,4.228765207210728
frame_du_282.06_282.16,4.42006348131423,0.0,-0.46646400348022504,414.9500527864606,364.21461189661505,50.73544088984556,5.587093017491895,2.9918308914540717,2.5952621260378237
frame_e_282.16_282.19,1.312287884525091,0.0,-0.7772159670437753,397.3989227373519,354.2563431615923,43.142579575759555,0.2552102584755005,0.1788956898494689,0.07631456862603159
frame_za_282.19_282.48,0.9374324286571039,0.0,0.8865346304848307,416.6838414769508,349.59778198504125,67.08605949190957,31.68632961418453,16.088168582904387,15.598161031280142
frame_ta_282.48_282.55,16.590717145737074,0.0,-0.784785984564746,412.7891162847353,365.49316577746356,47.295950507271755,6.4343551962358845,4.257020218235311,2.177334978000573
frame_me~_282.55_282.82,6.095352563373808,0.0,1.50795599664074,414.33949686610026,349.2569679231993,65.08252894290098,42.63733339558429,22.373886064197904,20.263447331386388
frame_tSi_282.82_283.03,7.816608582382656,0.1300000000000523,0.5485416513095869,404.95199248625346,345.40331126242955,59.548681223823905,1.3007239440607634,0.42091528872714434,0.8798086553336191
frame_a_283.16_283.34,3.485572302547297,0.09000000000003183,0.6776195536026688,415.08310710553604,358.67540562363126,56.40770148190478,26.932674696765048,9.208342316005826,17.724332380759222
frame_E_283.43_283.57,11.255900235957085,0.0,0.35879648009465354,415.48666583011203,362.7067460291232,52.77991980098881,30.852530277395715,23.06513602402768,7.787394253368035
frame_po_283.57_283.68,15.50970689142136,0.0,-0.8334651820584733,417.331155282094,364.40811922962394,52.92303605247008,45.24094905141523,21.247701996480316,23.993247054934912
frame_ka_283.68_283.8,31.215601773696832,0.0,-0.5758709076837716,416.0554689660137,363.7441156330674,52.31135333294628,94.42989692475432,66.91813469835118,27.511762226403135
frame_dZi_283.8_283.88,15.882655704550274,0.0,-0.2875473290154004,396.1310874601678,348.61559081413554,47.51549664603226,23.31829874238298,13.468956899470925,9.849341842912054
frame_o_283.88_284.07,27.84918052282434,0.0,1.9489298618068636,414.62137479200123,355.5431342902849,59.07824050171638,86.44511103048134,60.59041687898123,25.854694151500112
frame_Zi_284.07_284.26,47.32937400373643,1.6200000000000045,-0.4965695740970928,399.0082217287577,343.28041346406036,55.72780826469733,9.918260521791069,5.173573712216026,4.744686809575043
frame_lO_285.88_286.15,10.15145566140086,0.0,0.26286704717069787,415.8261110573288,350.5795209166979,65.24659014063087,48.54230799634766,22.980832369608663,25.561475626738996
frame_Zi_286.15_286.27,3.3483288953771932,0.0,0.025986038606247035,403.6521265659581,353.49157899047873,50.16054757547937,46.12478517027053,10.432139805845651,35.69264536442488
frame_ku_286.27_286.37,33.832884057267506,0.0,-0.32838283515446726,405.5420461190105,356.5393237487893,49.00272237022119,74.21111924995594,42.83927056450577,31.371848685450175
frame_ki_286.37_286.51,79.48128407612218,0.0,-0.4965695740970928,411.3273416098797,356.930668429414,54.396673180465655,37.414136339431565,22.643085972345645,14.77105036708592
frame_E_286.51_286.74,52.86896593206667,0.0,1.3145756871127718,411.97265124790874,350.2280833664444,61.74456788146432,11.601202481009707,6.72814961812368,4.873052862886027
frame_sa_286.74_287.39,55.457053295477664,0.0,4.229175860582797,411.48628475392934,311.5404960762062,99.94578867772319,11.151710952274328,4.122767082261433,7.0289438700128954
frame_mo_287.39_287.61,43.585531178044235,0.0,0.2099329593912751,414.08739116550964,352.0144059135581,62.07298525195159,7.51013632209272,2.6015803345130024,4.908555987579717
frame_si_287.61_287.76,45.88456978769736,0.0,-0.2875473290154004,407.68791404530197,353.8830634444997,53.80485060080224,1.0821327333676436,0.4475625198429469,0.6345702135246967
frame_da_287.76_288.04,43.99145963557194,0.0,0.4687044767222881,413.46553429586186,345.7807403168482,67.68479397901365,41.173754273968925,26.16906478824994,15.004689485718984
frame_dZi_288.04_288.15,38.089858758869696,0.0,-0.18303620647485128,416.12016992305604,364.4815441489853,51.63862577407076,23.720369717979622,9.584473276041678,14.135896441937945
frame_te~j~_288.15_288.34,3.3744735305548375,0.0,-0.7672493382246525,416.8194351286814,357.3122115210282,59.5072236076532,98.24218298591467,45.98228155935013,52.25990142656454
frame_ki_288.34_288.43,92.93384086747831,0.0,-0.4965695740964987,397.7737942434233,351.03897963095466,46.734814612468654,0.5292673400902999,0.15123310799653922,0.37803423209376064
frame_seX_288.43_288.58,41.961171548564934,0.0,-0.5582862409268754,414.6357478604168,359.28699156308295,55.348756297333864,8.04072207585503,3.3028803452854163,4.737841730569613
frame_dZi_288.58_288.67,42.24825927424975,0.0,-0.18303620647485128,412.74080307093,364.01846686564375,48.72233620528624,2.1492457955352933,0.8792261801452668,1.2700196153900265
frame_fe_288.67_288.84,43.68215224630295,0.0,-0.5582862409281198,412.6303930030797,355.80385453511406,56.826538467965634,5.976152515321516,3.0376343457908774,2.9385181695306386
frame_re~_288.84_289.0,35.97490690044117,0.0,-0.24220195325617488,417.4971255464659,360.86602789438336,56.63109765208259,111.56927919005655,40.38303403616044,71.18624515389611
frame_tSi_289.0_289.11,67.5542160176283,0.0,-0.18303620647485128,413.90665898370656,363.16156784401727,50.74509113968929,3.445062945983352,1.2854750219161133,2.159587924067239
frame_da_289.11_289.22,42.121122811765915,0.0,-0.5758709076837716,413.83587154124825,362.2501981650654,51.585673376182854,12.905375215311295,8.579150302209456,4.326224913101839
frame_mi~_289.22_289.32,33.95537492021249,0.0,-0.7045261828947134,415.58073858386695,364.81501045515927,50.76572812870762,4.242115884228909,2.131126022474845,2.1109898617540637
frame_Ja_289.32_289.4,39.07427600472691,0.0,-0.6803284461248525,413.95835077695085,365.09769188127643,48.86065889567442,9.169852311203485,4.94986641299198,4.219985898211505
frame_mo_289.4_289.56,46.221659027178475,0.0,-0.3117661113340934,414.2027015828465,357.99228796658167,56.210413616264816,6.099966263817379,3.4690484327633726,2.6309178310540062
frame_si_289.56_289.75,57.43528523909325,0.0,0.1304971611467962,413.53186599399487,354.90721541896767,58.624650575027204,12.95695368592557,5.207493264464617,7.749460421460952
frame_da_289.75_289.98,18.84811198769505,0.0,0.3642469382818009,414.8190610391332,351.79100309197213,63.028057947161074,85.03921951798823,53.94627813229057,31.092941385697657
frame_dZi_289.98_290.04,45.27427107579817,0.0,-0.4965695740964987,416.4881919276007,368.3227117354834,48.16548019211734,2.8631348901115814,1.149572699685848,1.7135621904257334
frame_i_290.04_290.07,13.4873948284974,0.0,-0.4965695740970928,398.6966039521169,353.9560651939854,44.74053875813149,13.00985482967738,6.822749433121345,6.187105396556035
frame_a_290.07_290.1,15.541897171944925,0.0,-0.8892435230052332,394.53161753852913,349.7495958516095,44.78202168691962,9.182503877546395,6.591094816980785,2.59140906056561
frame_dujs_290.1_290.25,49.342944338035,0.0,-0.6045451718067677,410.1841310941172,356.76955517054955,53.41457592356761,27.434438130577902,21.067560200375326,6.366877930202577
frame_mews_290.25_290.51,49.46479338065228,0.0,-0.7772159670425308,412.87218626378285,348.2460593757513,64.62612688803154,17.606002466943167,7.246651791546682,10.359350675396485
frame_a_290.51_290.59,60.522362689058426,0.0,-0.36695583080279714,408.62342761937964,361.44913974636654,47.17428787301316,3.2658778383408418,2.3590891667279976,0.9067886716128442
frame_vOjs_290.59_291.12,77.01844831541214,0.6499999999999773,1.1495217697709967,409.2043199529878,321.1875460967546,88.01677385623321,35.68067993554093,21.641336105716405,14.039343829824524
frame_na~w~_291.77_291.86,3.1762671154518216,0.2899999999999636,-0.8258109564472305,419.8090015935205,368.4691185327407,51.33988306077981,25.019817620109492,9.237850992418146,15.781966627691347
frame_poX_292.15_292.42,38.28038144710197,0.0,-0.8334651820584733,417.2324927530073,351.6152107013571,65.6172820516502,168.285502156213,100.82071210571559,67.4647900504974
frame_seX_292.42_292.74,40.10006106458782,0.0,0.974221841883957,416.148939629299,346.3201958003391,69.82874382895989,47.37895843805187,27.455016805934022,19.923941632117845
frame_mo_292.74_292.95,56.18490755236424,0.0,0.03603326914882661,424.30325740910047,361.91142744678893,62.39182996231153,6.461715471153383,3.9323926381909047,2.529322832962478
frame_si_292.95_293.17,59.27420800593519,0.0,0.13049716114739027,410.804965858751,352.39594682344716,58.40901903530386,19.80077655257699,5.320568580008668,14.480207972568323
frame_da_293.17_293.46,69.9308797097596,0.0,0.7820770920437498,412.8913269483734,345.4974201434689,67.39390680490447,21.04588317958344,8.18379119837698,12.862091981206461
frame_dZi_293.46_293.55,63.77188296003389,0.0,-0.2875473290154004,412.17022990681096,362.6016995176547,49.56853038915625,3.8025540296321196,1.3090060058634378,2.493548023768682
frame_majs_293.55_293.79,63.162637322355664,0.0,-0.36695583080279714,409.7100657338666,348.9969451739221,60.713120559944514,5.074325530675878,3.018795083173444,2.0555304475024343
frame_si~_293.79_293.98,25.52668335785816,0.0,0.9164273741499385,415.53678275975733,358.1847051700712,57.35207758968613,180.7096155486052,50.11024079857626,130.59937475002894
frame_poX_293.98_294.24,8.645012363221866,0.08999999999997499,-0.6595654918170134,416.0535419851247,352.91129139812614,63.14225058699856,151.8054009142893,61.31170986855233,90.49369104573698
frame_de_294.33_294.52,69.89516576428188,0.0,0.3174326635357463,426.62847299621774,366.1801912652005,60.44828173101723,66.27470971405282,19.060180951976633,47.21452876207619
frame_vi_294.52_294.86,33.96445797927177,0.0,0.9665861414723775,415.56277467465065,343.6493634957984,71.91341117885224,151.69222033463254,102.28511403283659,49.40710630179595
frame_du_294.86_295.22,13.581491133312028,0.1099999999999568,2.433240531363042,414.99210505263994,342.8697396659156,72.12236538672437,191.72530565739643,93.60009062104157,98.12521503635486
frame_a_295.33_296.11,37.53196717187143,0.0999999999999659,6.945071860038434,411.97364994516573,300.6193963736507,111.35425357151502,29.063488249641807,15.713993196464727,13.34949505317708
frame_dZi_296.21_296.3,6.067892392783477,0.0,-0.2875473290154004,415.00006917060426,365.7744447777082,49.225624392896066,53.062273117461615,20.083198256373635,32.97907486108798
frame_fe_296.3_296.57,5.278644123198859,0.0,0.5363623896514017,414.1992333444175,348.31489180916645,65.88434153525105,96.95997647951323,38.75529624786088,58.20468023165235
frame_re~_296.57_296.79,31.895053658678762,0.0,1.6829717916302327,414.66443253759036,351.8919170271779,62.77251551041246,55.99777417273026,28.285703426956786,27.712070745773474
frame_sa_296.79_297.14,4.151606713062733,0.13999999999998636,0.7820770920437498,414.77995110946813,342.0864031156467,72.69354799382143,35.385439522846866,21.134986368284615,14.250453154562251
frame_da_297.28_297.65,29.40890576397355,0.0,2.140025091771271,413.6787266531096,337.5528639392322,76.12586271387738,74.96696554619909,39.40585776959104,35.561107776608054
frame_E_297.65_297.82,12.310891572048419,0.0,0.6773895491008942,411.19657051135556,355.66712597006034,55.52944454129522,18.561444287378507,9.373916168911919,9.187528118466588
frame_po_297.82_297.94,72.99793248042067,0.0,-0.8334651820594619,394.4596761017371,343.32395648080046,51.13571962093664,3.893305183831174,0.7506668042729174,3.1426383795582566
frame_ka_297.94_298.05,59.14368061333917,0.0,-0.8892435230052332,414.168905006911,362.93533823694827,51.23356676996275,0.2236077621289212,0.15209387639660576,0.07151388573231543
frame_e~j~_298.05_298.12,23.448508843754638,0.0,-0.9422651332151398,414.9374067666271,366.12721818255034,48.8101885840768,4.497515690004178,1.906994245485322,2.5905214445188562
frame_ki_298.12_298.3,31.289118124643267,0.0,-0.2875473290154004,425.6828216048518,366.46670679298006,59.21611481187176,15.125504846382626,7.532071196193101,7.5934336501895245
frame_vi_298.3_298.61,20.52428898459813,0.0,1.0710972640129266,412.7144053279994,343.736367960476,68.97803736752337,48.880656269754596,31.955281884505112,16.925374385249484
frame_vi_298.61_298.87,37.63437655775016,1.2900000000000205,1.5936528767162665,393.66368444250077,331.03098200354066,62.63270243896005,140.1794367675117,97.70523966350547,42.47419710400624
frame_o_300.16_300.34,36.487266581470166,0.0,1.775030171564415,414.3195919409744,355.7938721739247,58.525719767049736,16.687279486092933,8.730729238002937,7.956550248089997
frame_Zi_300.34_300.93,54.13234378263738,0.0,3.9974086951506793,408.85213447207275,316.33924573256496,92.51288873950782,78.92301660648971,50.43905212574228,28.48396448074743
frame_si_300.93_301.05,80.17520684795409,0.0,-0.4965695740964987,392.1802128027919,343.42145395735577,48.75875884543615,8.197250174856755,5.401177393348362,2.796072781508393
frame_a_301.05_301.19,47.315233514972064,0.0,0.2597893998407199,411.10972437269254,358.3364880524595,52.773236320233025,14.666822134254346,10.39907587832991,4.267746255924436
frame_pre~_301.19_301.46,44.296112088122214,0.0,0.6328770216922827,413.7517331516857,349.5828332818619,64.1688998698238,6.763302812039768,2.1824570263141823,4.580845785725586
frame_dZi_301.46_301.58,51.34145274231324,0.0,0.1304971611467962,409.29055426963464,357.49034572086185,51.80020854877279,6.8392905282535565,3.0039606446721336,3.835329883581423
frame_muj~_301.58_301.78,34.13367336577309,0.0,0.9143476797781375,411.5812415703091,352.8492036668198,58.73203790348924,16.73673325660593,5.175063392848841,11.56166986375709
frame_tu_301.78_301.88,67.83619366888232,0.0,-0.46646400348022504,411.196141138727,360.5748165519327,50.62132458679429,54.70738026404474,36.532253733727444,18.175126530317293
frame_majs_301.88_302.12,47.466623847551006,0.0,-0.47141336924328436,408.5124032397837,346.54267269702063,61.969730542763045,11.344046844806869,7.489360968524437,3.8546858762824314
frame_Ra_302.12_302.31,41.45413465799115,0.0,-0.15804075392122896,410.22232261322836,351.4582053234728,58.764117289755575,7.2735344807628195,4.162922436669177,3.1106120440936422
frame_pi_302.31_302.44,34.229793957715685,0.0,-0.4965695740970928,409.90156333222825,357.51762515662506,52.38393817560319,3.4132436110765383,0.944225958010648,2.4690176530658903
frame_da_302.44_302.58,43.62293103710405,0.0,-0.36695583080279714,410.6023953080205,356.87362707085936,53.72876823716115,3.862807534335431,2.640633279292132,1.2221742550432992
frame_me~_302.58_302.86,29.714202384647436,0.0,1.1579244066617551,410.9389368136017,346.3252062889331,64.6137305246686,16.6303191846839,7.168332827143203,9.461986357540695
frame_tSi_302.86_302.98,63.16416199504607,0.0,-0.4965695740964987,412.7256834578609,360.97813839551077,51.74754506235013,57.23284271670065,34.373300772779416,22.859541943921236
frame_E_302.98_303.06,28.297107243408263,0.0,-0.2783896579172241,413.343398510901,364.1206341686248,49.22276434227621,2.8893969471031227,1.2786613301434073,1.6107356169597153
frame_u_303.06_303.12,30.468853363232625,0.0,-0.1903016668287095,409.37904803856003,362.9463431693768,46.432704869183226,0.5063744797915319,0.36685378607703,0.13952069371450193
frame_gra_303.12_303.39,27.335222307290763,0.0,0.1553318614002327,414.3296905425337,348.7958301568571,65.53386038567658,17.676328102563403,7.367398861736945,10.308929240826458
frame_va_303.39_303.61,25.816504095097073,0.0,0.5731620151627753,415.14992749817225,354.5409722811929,60.608955216979325,17.88889740994084,9.600957696277504,8.287939713663334
frame_doX_303.61_303.92,32.64426727043421,0.0,2.122829552049312,414.13453614240433,344.1503035810519,69.98423256135243,20.704765333046495,8.691680088120862,12.013085244925634
frame_E_303.92_303.95,45.8974446466957,0.0,-0.8093781062605561,397.82033393914264,352.5951771034415,45.22515683570117,1.7654432533973363,1.349745883254812,0.4156973701425244
frame_a_303.95_304.01,44.25368443657254,0.0,-0.5758709076837716,404.90609236988803,359.44206631159693,45.464026058291154,0.4309752943263021,0.1526473847772536,0.2783279095490485
frame_te_304.01_304.18,39.9656276224527,0.0,0.09850293742009088,412.0701581874622,356.5307393060076,55.539418881454594,9.242586173226343,5.04710241869509,4.195483754531253
frame_le_304.18_304.29,43.44256217741554,0.0,-0.7772159670425308,414.14558371271244,362.21440098375126,51.931182728961176,2.855292097504119,1.4027284324644569,1.452563665039662
frame_vi_304.29_304.48,38.78218506667517,0.0,-0.07852508393430212,414.37879501394576,354.9595371612497,59.419257852696035,9.800210094567063,5.6344190010929935,4.16579109347407
frame_za~w~_304.48_304.96,39.06061934417352,0.0,0.1921441334306826,414.2670525677852,328.5622180982749,85.70483446951022,23.95396782335503,15.300970820158454,8.652997003196575
frame_E_304.96_304.99,45.01763252497544,0.0,-0.8093781062599524,395.7412002957481,351.25465226827055,44.48654802747757,0.6224313816595952,0.32510064063426114,0.2973307410253341
frame_u_304.99_305.06,37.60580795935931,0.0,-0.052220498502951754,403.630467957878,358.14491368168876,45.48555427618925,134.16329954099882,86.86795481577937,47.29534472521944
frame_si~_305.06_305.23,79.26721646190904,0.0,-0.704526182893792,413.4768308833129,355.73743522603235,57.73939565728057,2.2547123692838156,1.0692881643825487,1.1854242049012669
frame_ne~_305.23_305.29,42.24383331217882,0.0,-1.1172809282036376,415.0061339958944,366.4251566288898,48.58097736700461,0.801356627965319,0.3551922494372519,0.4461643785280671
frame_ma_305.29_305.73,33.40546795447598,0.0,-0.784785984564746,413.33731817919727,330.76601111979,82.57130705940727,14.549812330433568,3.701632259381327,10.84818007105224
frame_nu_305.73_305.81,31.732951955423687,1.3100000000000023,-0.46646400348022504,399.07262158751945,352.5362386628073,46.53638292471214,4.9076551905396,3.3603078041987686,1.5473473863408316
frame_mew_307.12_307.29,36.320959696719754,0.0,-0.7772159670437753,414.50516638323427,356.1048389556036,58.40032742763066,22.051514284292978,6.819279965124181,15.232234319168796
frame_te~_307.29_307.48,1.8159643539137562,0.0,-0.59223354323516,414.69836792506794,357.36153616193803,57.33683176312991,8.783752067950559,3.8700742066325233,4.913677861318035
frame_pu_307.48_307.6,3.6740962079861674,0.0,0.22394183814934865,400.8319219110182,349.4275909470392,51.404330963978964,8.950926785923684,4.323514408226572,4.627412377697112
frame_dZi_307.6_307.71,24.596762934307876,0.0,-0.18303620647485128,414.04716584712264,362.6631334930268,51.38403235409584,71.44063848475884,19.2238772643271,52.216761220431735
frame_kri_307.71_307.88,15.308659065404754,0.0,-0.4965695740970928,415.366048000093,357.32308721333413,58.04296078675884,8.125323816304956,3.2601386719463648,4.865185144358591
frame_a~_307.88_308.09,17.04223326602795,0.0,1.0065082053326657,415.55157486740706,354.0480199094234,61.50355495798368,19.212236035329923,8.62219422973348,10.590041805596442
frame_sa_308.09_308.3,25.616496393543827,0.0,-0.5758709076837716,416.5862422139048,354.55325837292423,62.03298384098059,61.366507753165465,22.52154382949621,38.844963923669255
frame_na_308.3_308.51,41.26758937254979,0.0,-0.7847859845653398,415.45749490726655,353.4107225829148,62.046772324351764,26.972552859003798,14.839835050028142,12.132717808975656
frame_Za_308.51_308.69,32.941484535449334,0.0,-0.15804075392122896,415.05917018251637,358.589041971892,56.47012821062435,39.460439967598845,28.094532642402342,11.365907325196503
frame_majs_308.69_309.08,26.402593120300963,0.0,0.886534630484237,417.0119073253703,337.7919350561358,79.21997226923452,26.69720903311989,12.793620177566225,13.903588855553664
frame_ow_309.08_309.2,9.11580060829661,0.0,0.2099329593912751,417.0964709525244,365.16595763907355,51.93051331345083,10.31878213326074,3.761207724011456,6.557574409249284
frame_vi_309.2_309.31,0.44209762006221354,0.0,-0.4965695740964987,412.1892601705554,360.73854723083537,51.450712939720006,9.735962195746623,5.166136545487575,4.569825650259048
frame_si~_309.31_309.49,17.837312300404392,0.0,-0.704526182893792,412.8270413156418,356.05762823798807,56.769413077653724,58.1634541202549,23.829409533173788,34.33404458708111
frame_ne~_309.49_309.64,0.8430067204254499,0.0,-0.24220195325617488,415.3562072615226,359.39492787488336,55.96127938663926,36.89836229773843,20.260348862861775,16.638013434876655
frame_ma_309.64_309.77,40.9011106730819,0.0,-0.889243523005827,414.0681845091408,359.7846017573827,54.28358275175816,21.265940197239985,12.699570174602627,8.566370022637358
frame_na_309.77_309.85,51.95936146654077,0.0,-0.8892435230052332,408.4381974779198,361.2363332031454,47.20186427477438,5.129266976948529,2.500856749780425,2.6284102271681036
frame_es_309.85_310.0,55.14755946763648,0.0,-0.12042678869556454,405.068881656088,352.4054528918108,52.66342876427723,0.23240406159166582,0.0686417211917103,0.16376234039995552
frame_kO_310.0_310.22,39.22650206063588,0.0,0.26286704717170584,414.7340497838144,352.50921797380664,62.22483181000774,55.935069579611735,11.856962308234444,44.07810727137729
frame_la_310.22_310.41,74.33312943518976,1.4799999999999613,0.05087432295974547,401.7592526838418,347.2108803621376,54.54837232170422,32.39027260238458,18.347568227537238,14.04270437484734
frame_o_311.89_312.05,13.042708406610373,0.0,1.4272307910824835,415.8192506549461,359.65252876599646,56.16672188894961,36.127731403213886,18.85783582810943,17.269895575104456
frame_Zi_312.05_312.2,26.56628670549813,0.0,0.025986038606247035,416.7922389869739,360.6999078219603,56.092331165013604,45.590194926368696,22.399165342296328,23.191029584072368
frame_kwaw_312.2_312.31,327.4853942193516,0.0,-0.6045451718059828,417.0680182924316,365.05280864410355,52.01520964832804,9.242579747392426,3.9908634416265727,5.251716305765854
frame_kEX_312.31_312.64,36.724097257654236,0.0,-0.2624982923623099,410.9958747939504,341.56364899110406,69.43222580284635,13.992384552752242,6.550869350433004,7.441515202319238
frame_kla_312.64_312.92,25.29964516494745,0.0,0.4687044767222881,412.74323141114394,345.45248492573603,67.29074648540796,32.764101440386284,22.220924772516256,10.543176667870028
frame_si_312.92_313.0,25.786512356799676,0.0,-0.4965695740970928,399.4987999097247,353.22744490849163,46.271355001233076,42.859302495528596,21.611864964824974,21.24743753070362
frame_e_313.0_313.03,45.119250697310065,0.0,-0.7772159670437753,397.8490204835275,352.5158507376708,45.33316974585671,10.853979055422116,4.411438482480634,6.442540572941482
frame_lis_313.03_313.19,22.4326008205486,0.0,-0.4965695740970928,406.06413694666463,353.1995136901892,52.864623256475454,131.3754271164045,77.91953382747013,53.455893288934355
frame_fa_313.19_313.4,86.72084998765985,0.0,0.36424693828120713,414.19920622014774,354.11992595492063,60.07928026522711,431.9884514494611,326.63155263204254,105.35689881741853
frame_ze~j~_313.4_313.49,27.506337824979326,0.0,-1.1172809282046323,412.332589646471,362.57900771838644,49.75358192808454,9.323390367520815,5.382156320303693,3.9412340472171223
frame_se_313.49_313.65,29.909749914085197,0.0,0.09850293742009088,412.7200466313904,356.3975966914445,56.3224499399459,2.823668783900274,0.6856805910792474,2.1379881928210267
frame_sa~w~_313.65_313.91,32.685728952261,0.0,-0.21503790252059835,415.27173416695456,350.3845903376901,64.88714382926446,12.785797903301358,5.438772078299337,7.347025825002021
frame_dZi_313.91_313.97,36.769355858493086,0.0,-0.4965695740964987,397.1397884402167,351.58389310765506,45.55589533256165,8.537510476387013,5.302690788882231,3.234819687504782
frame_si~_313.97_314.1,48.178301840121804,0.0,-0.5424308271895111,417.638987043146,363.24512605127495,54.39386099187112,15.317840122887304,9.732486139582363,5.585353983304941
frame_ne~_314.1_314.32,15.589082696459684,0.0,-0.06718615826668235,415.8613062984791,353.56379862765175,62.29750767082737,56.35311748057029,44.28369110872228,12.06942637184801
frame_ma_314.32_314.46,35.76420189534622,0.0,-0.6803284461248525,414.81756216981796,359.8544248112094,54.96313735860855,12.313733577575647,7.342412530941786,4.971321046633861
frame_te~j~_314.46_314.65,22.601886856981437,0.0,-1.1172809282036376,414.7126479980783,355.64175459064785,59.07089340743045,6.693612795324,4.2139871486630085,2.479625646660992
frame_u_314.65_314.68,21.03320787904582,0.0,-0.6045451718059828,399.9440337455721,356.46819542654646,43.47583831902563,1.2449828767380637,0.8923431428139423,0.3526397339241214
frame_RE_314.68_315.03,27.399098210640673,0.0,0.35879648009465354,411.57388426245836,340.60942939493333,70.96445486752503,15.386225718400809,7.510288196382092,7.875937522018717
frame_tru_315.03_315.53,46.53385818556323,0.0,4.36637688792522,410.1590369198993,323.8899819460907,86.26905497380855,7.772217334329994,4.699212762197988,3.0730045721320067
frame_vi_315.53_315.68,24.71282725931279,0.0,0.13049716114739027,416.7304198335478,360.452556251712,56.27786358183579,2.7745283585065437,1.2790641603419743,1.4954641981645693
frame_zoX_315.68_316.25,34.14935670849849,0.060000000000002274,3.6879267642234406,412.8687214741245,321.6191793447798,91.24954212934475,62.40603363051051,15.884734208131405,46.5212994223791
frame_ki_316.31_316.4,72.64781207515509,0.0,-0.4965695740970928,398.04666359105073,350.0266145260542,48.020049064996556,12.90193622761796,6.242622002649497,6.659314224968462
frame_E_316.4_316.47,51.220636508102984,0.0,-0.3845873475851661,405.9224542250405,359.35395557636537,46.56849864867513,4.354853859678428,1.9411810102898954,2.413672849388533
frame_muj~_316.47_316.77,41.468229808232365,0.0,-0.1903016668287095,412.326037723524,344.2944733703754,68.03156435314867,16.985367107907223,9.20551829307449,7.779848814832732
frame_tu_316.77_316.84,64.58764436646807,0.0,-0.4664640034810099,408.19575743712676,359.5519902790986,48.6437671580282,40.01356790263382,21.75100512947857,18.262562773155246
frame_majs_316.84_317.18,40.09328171956777,0.060000000000002274,-0.5758709076837716,409.99814915108635,338.80736315818973,71.19078599289662,43.20165469076542,32.24308056869678,10.95857412206864
frame_pra_317.24_317.47,16.31400456441935,0.0,0.15533186140082644,411.67962536164544,349.6541592123849,62.025466149260524,11.768431103837315,2.9483933065953494,8.820037797241966
frame_tSi_317.47_317.53,37.41969371646333,0.0,-0.4965695740970928,394.9679048024033,349.96543712373386,45.00246767866946,94.34665157032549,64.36140861953734,29.985242950788155
frame_ku_317.53_317.59,27.342441638132627,0.060000000000002274,-0.6045451718067677,406.692747919765,360.4317219682214,46.261025951543616,92.09167135577377,60.112148079398594,31.979523276375176
frame_pa_317.65_317.71,84.38044664544596,0.0,-0.889243523005827,403.0789971341138,355.85096291255,47.22803422156386,6.064570021296575,4.261875812551779,1.8026942087447964
frame_ra_317.71_317.88,86.41237859867496,0.38999999999998636,0.2597893998407199,405.76534226635715,350.22084984275983,55.54449242359732,1.558691895795377,0.7697318384532252,0.7889600573421518
frame_pa_318.27_318.33,35.06270997322085,0.0,-0.889243523005827,407.7832415329226,359.94915216828986,47.834089364632746,2.9851062853162773,1.2677250561300468,1.7173812291862305
frame_ra_318.33_318.39,8.401987000316325,0.0,-0.889243523005827,403.8376114407476,357.903440959551,45.93417048119659,97.51744316018802,57.40122888799314,40.11621427219488
frame_pe_318.39_318.51,52.76878836236233,0.0,0.09850293742009088,407.91627992265944,357.3182725747593,50.598007347900136,34.67573725409965,9.492291211933903,25.18344604216575
frame_so_318.51_318.7,42.93956247099918,0.0,-0.1378664210926334,411.67416688040805,352.160327719106,59.51383916130203,31.846047131456544,15.082941614007495,16.76310551744905
frame_a_318.7_318.73,33.54946388284628,0.0,-0.8892435230052332,394.0061121425324,349.3929453567043,44.61316678582813,14.929723969977431,10.46635782998365,4.463366139993781
frame_le_318.73_318.86,39.064466208551096,0.0,-0.5582862409268754,411.1371784170985,358.43441112493247,52.702767292166016,4.7183054401846505,1.7704050719264899,2.9479003682581606
frame_si_318.86_319.02,67.00529819296172,0.0,-0.4965695740970928,406.41372629659065,350.70244329709203,55.71128299949862,41.53132332074171,26.84476113730922,14.686562183432493
frame_o_319.02_319.11,26.847937893680907,0.0,0.2099329593912751,410.64655236540267,360.8507680574991,49.795784307903546,3.235870502684463,1.65973837555984,1.5761321271246231
frame_naX_319.11_319.44,23.276219598867968,1.420000000000016,0.6776195536026688,410.5121703111197,339.865632626771,70.64653768434869,16.532374301136187,13.572482815417885,2.959891485718302
frame_te~j~_320.86_321.41,21.04243767858202,0.0,3.4331297415271473,415.2341492985382,322.72631995419636,92.50782934434181,44.24444675548645,16.409597783622047,27.834848971864403
frame_is_321.41_321.65,30.369911433390953,0.0,0.653052773850136,408.34482740004967,346.82758043499143,61.517246965058234,6.014091255975615,2.584659675795976,3.4294315801796387
frame_tO_321.65_321.79,13.55846310581687,0.0,-1.1557805089891755,418.69872955185195,364.6685855225173,54.03014402933468,13.572722769026484,9.463377533701163,4.109345235325321
frame_ria_321.79_321.9,0.6053099811609002,0.0,-0.4965695740964987,416.51601047858594,366.2986859664687,50.217324512117216,13.31351099419166,7.408820179742648,5.904690814449012
frame_du_321.9_321.99,4.458272653156428,0.0,-0.1903016668287095,417.86181939815907,368.29219259368523,49.56962680447384,16.693649683846658,9.050131261605799,7.643518422240859
frame_bra_321.99_322.26,16.185505475160824,0.0,0.36424693828120713,415.3150165548859,350.2395072910545,65.0755092638314,19.403774840255338,12.236519358734611,7.167255481520726
frame_ziw_322.26_322.39,6.9669008587195975,0.0,-0.2875473290154004,417.2110048635916,363.0617346216126,54.149270241979025,24.7484065106393,7.278487446009095,17.469919064630204
frame_e~j~_322.39_322.51,19.836439291935633,0.0,-0.0671861582656875,412.6680246900581,361.3879188317558,51.28010585830225,14.611586293867447,8.272836340542113,6.338749953325333
frame_kwa_322.51_322.72,6.550622231300409,0.0,-0.05358321548074174,418.26354411688885,356.28527618526914,61.97826793161971,26.412019291236106,16.551066211396716,9.86095307983939
frame_dri~_322.72_322.81,24.402653524932532,0.0,-0.704526182893792,412.2645639862234,362.9163233115531,49.34824067467025,1.4333881707087954,1.0596078309547607,0.3737803397540347
frame_Jus_322.81_323.19,2.966149828524493,0.2599999999999909,0.9143476797781375,413.33773013699914,339.5908899296088,73.74684020739033,13.807739367536854,8.33912096980815,5.468618397728704
frame_koj_323.45_323.59,53.72109909997029,0.0,-0.1378664210926334,411.390078199234,357.2028811869898,54.187197012244155,6.2231702213164795,4.156248748381103,2.066921472935377
frame_za_323.59_323.7,60.66924932660379,0.0,-0.47141336924328436,406.97640964961147,356.83225218067906,50.144157468932406,6.047881986250985,2.217545365013194,3.830336621237791
frame_ki_323.7_323.85,39.85613478859662,0.0,-0.2875473290154004,410.02788233829983,356.5183817487609,53.50950058953896,18.992460926179348,8.292965614802227,10.69949531137712
frame_na~w~_323.85_324.14,49.23496910270249,0.0,-0.8258109564472305,411.2116246875769,343.69627953294525,67.51534515463169,14.385351977685247,6.654706317010806,7.7306456606744405
frame_ow_324.14_324.44,67.50524828020164,0.0,0.3838326496327351,412.056124598492,343.8047312373239,68.25139336116808,45.65953337723765,19.958871587330577,25.700661789907073
frame_na~w~_324.44_324.58,45.584590086265734,0.0,-0.8258109564466518,412.69812037048666,357.5328394821204,55.16528088836628,6.571152768189762,4.74017602664577,1.8309767415439921
frame_a_324.58_324.85,55.191098941638785,0.0,1.6177373995688349,411.96356618524334,346.4808835635173,65.48268262172604,49.568584222998744,8.902871182131307,40.66571304086744
frame_vi_324.85_325.08,1.62994458280221,0.0,0.7575638963906851,413.65585975348756,351.03031118360207,62.625548569885495,45.534435674181,16.2230113357125,29.3114243384685
frame_a_325.08_325.29,71.0106519969023,0.13999999999998636,0.9909921689253179,405.18593690611925,349.9783575901842,55.20757931593505,0.6579221463680085,0.3761972526999102,0.2817248936680983
frame_na_325.43_325.53,87.48532631415326,0.0,-0.47141336924328436,402.4593461958939,354.1173367334569,48.34200946243698,50.472988860356814,23.511590791351196,26.961398069005618
frame_kE_325.53_325.69,79.13739090254887,0.0,-0.7031804165914067,408.6362404755958,353.0731925106247,55.56304796497108,1.647133225654997,0.6848777787249389,0.9622554469300582
frame_la_325.69_325.87,85.65321562291845,0.0,0.1553318614002327,403.8103128534133,347.1107405376573,56.69957231575597,9.006413272692697,4.357960427478147,4.64845284521455
frame_nu_325.87_325.97,73.52335635221375,0.0999999999999659,-0.46646400348022504,398.5747260534126,349.9225883963989,48.65213765701367,4.009158455430466,1.237301948859411,2.771856506571055
frame_mew_326.07_326.31,38.897909524132885,0.0,-0.5582862409281198,411.4104205241813,349.18836330742556,62.222057216755786,11.934952406770634,8.458512842658507,3.476439564112127
frame_te~_326.31_326.53,40.87402652246999,0.0,0.2828454317123027,412.9555324036315,351.10145744899955,61.854074954631926,18.16577772169805,11.039743790154247,7.126033931543802
frame_pu_326.53_326.64,41.9429138231628,0.0,-0.32838283515446726,411.6293035955592,360.2313234818589,51.39798011370027,6.368908503613966,3.3722659341424333,2.9966425694715326
frame_dZi_326.64_326.74,48.11950662416815,0.0,-0.2875473290154004,408.4109002675306,360.3453016322398,48.065598635290826,8.591996381719042,2.9309236095588176,5.6610727721602245
frame_kri_326.74_327.02,50.769962006280394,0.0,0.5485416513095869,412.782956933331,345.6326374345372,67.15031949879375,10.167284316110639,7.536989554991436,2.6302947611192025
frame_a~_327.02_327.15,46.14683159185168,0.0,0.1921441334306826,401.98542358494694,350.60811985454586,51.37730373040108,32.33036003300607,18.69101457807257,13.639345454933505
frame_sa_327.15_327.36,83.18679703178276,1.339999999999975,-0.8892435230052332,409.48267902409566,349.55168268982874,59.93099633426692,5.2030497352004375,3.7474162289674027,1.4556335062330348
frame_i_328.7_328.75,,0.17000000000001592,-0.2875473290154004,399.30583860819047,354.83146649568164,44.47437211250883,124.21425932389785,63.142840963808865,61.071418360088984
frame_a_328.92_329.16,1.1262647300905826,0.0,1.3043647842467796,411.0208511690115,350.36484946087495,60.65600170813656,15.86713476629724,7.93737789169208,7.929756874605161
frame_ta~_329.16_329.27,9.084981310830841,0.0,-0.31683341150827393,417.76434637453957,365.0221461053324,52.74220026920716,95.64688080592762,54.288946804421755,41.35793400150587
frame_be~j~_329.27_329.43,13.496079607391806,0.0,-0.59223354323516,415.5722113866973,359.50859820728766,56.06361317940963,13.373176828321533,4.760990698160555,8.612186130160978
frame_muj~_329.43_329.58,7.153853105215774,0.0,-0.6045451718059828,415.3513341923973,359.9940467106416,55.35728748175569,38.394117989943624,29.655570736763508,8.738547253180116
frame_tu_329.58_329.7,10.585152296190273,0.0,-0.4664640034810099,412.21170074798624,359.5552601185875,52.65644062939873,14.233992135734155,11.197316061496736,3.0366760742374197
frame_majs_329.7_329.99,7.0087742909407496,0.0,-0.47141336924328436,411.5902601388724,346.17949354841016,65.41076659046223,18.457881691038153,9.132311942651114,9.32556974838704
frame_fa_329.99_330.11,11.27548078359024,0.0,-0.47141336924328436,412.18666951836565,360.62331375508336,51.563355763282345,8.852076367734298,5.768950418526941,3.083125949207357
frame_si_330.11_330.26,11.715865499090427,0.0,-0.07852508393430212,397.2356143198135,343.401398967016,53.834215352797514,8.124253704190664,3.3472160093350567,4.777037694855608
frame_li_330.26_330.45,8.189001127247408,0.0,0.7575638963906851,409.7021939066711,352.5021705245459,57.20002338212521,38.659219354086446,16.586669681505057,22.07254967258139
frame_da_330.45_330.7,27.35845604851147,0.0,0.4687044767216943,412.8294547586075,348.83969454666686,63.98976021194062,31.048131547768406,23.393748608728714,7.654382939039692
frame_dZi_330.7_330.78,2.470178792634016,0.0,-0.2875473290159945,411.3407402144442,363.99392487110975,47.34681534333447,1.0894749904250034,0.5149561099029825,0.5745188805220209
frame_pa_330.78_330.94,5.368685151863531,0.0,-0.784785984564746,414.0078066992249,358.1760028080918,55.83180389113306,20.467162751352532,10.192073724162725,10.275089027189807
frame_ra_330.94_331.0,11.577436310870041,0.0,-0.889243523005827,404.86321253363053,358.8379381218032,46.025274411827354,12.688296150400845,4.550148013687959,8.138148136712886
frame_kri_331.0_331.09,10.240525659757964,0.0,-0.4965695740970928,412.83219302740656,363.72577477979087,49.106418247615636,1.0165154214077319,0.3859043058603504,0.6306111155473815
frame_a~_331.09_331.26,28.602386966788046,0.0,0.5993261693819635,413.32248591765773,355.3136134352769,58.00887248238081,4.186421876509726,1.7160561425640708,2.4703657339456555
frame_sa_331.26_331.39,80.68608122061858,0.0,-0.7847859845653398,410.61476502959874,357.10551834240977,53.50924668718898,1.2028221932149066,0.8096267647800772,0.39319542843482935
frame_si_331.39_331.59,56.37309320337708,0.0,0.4440305287684436,405.3497018319321,346.4710808455585,58.87862098637362,39.266414558850315,19.35442759074637,19.911986968103946
frame_dZis_331.59_331.81,21.24273090226326,0.0,-0.07852508393430212,414.04797156026757,353.7050045851553,60.34296697511235,11.011992658368172,4.520825455212389,6.491167203155783
frame_tra_331.81_332.03,37.012680586621286,0.0,-0.05358321548133552,420.21409698744446,357.4008969448287,62.81320004261573,8.351195904351854,4.879625410839367,3.4715704935124876
frame_jX_332.03_332.3,15.364825953733728,1.099999999999966,0.548541651310181,411.7011835204244,347.891878768415,63.80930475200944,60.413125082456844,35.4064683888236,25.006656693633246
frame_i_333.4_333.53,94.32738049815953,0.0,0.5485416513095869,406.5221691694326,355.16118128632525,51.36098788310733,14.82387420060303,8.20853942993309,6.615334770669939
frame_pa_333.53_333.7,52.255808079278054,0.0,-0.05358321548074174,412.6054341777712,355.8797282744911,56.72570590328013,67.93867605728829,26.241435856591536,41.69724020069676
frame_ra_333.7_333.76,89.23569923776164,0.0,-0.889243523005827,394.96118445910247,349.4360894722714,45.52509498683105,14.480127426240422,5.711788666689785,8.768338759550637
frame_kri_333.76_333.92,54.7379156099601,0.0,-0.07852508393430212,412.7555142753764,357.3336931055469,55.421821169829514,10.510203451078155,5.99596802165992,4.514235429418235
frame_a~_333.92_334.09,50.40699470381074,0.0,0.5993261693813848,412.67884131409005,354.9018879275441,57.77695338654593,10.36247944322858,5.711829809785854,4.650649633442725
frame_sa_334.09_334.26,40.89813670958506,0.0,-0.5758709076837716,410.9894547037192,354.721499753734,56.26795494998521,25.98827425607402,16.80982084681392,9.1784534092601
frame_pe~_334.26_334.51,62.507371039848834,0.0,0.28284543171329757,411.8642223931245,348.119051613232,63.74517077989253,59.195695217590895,20.05189594001456,39.143799277576335
frame_saX_334.51_334.71,48.65779076159323,0.0,-0.5758709076837716,423.98450283890645,363.0039863010679,60.98051653783858,2.345835248998526,1.6991205062045651,0.6467147427939608
frame_e~j~_334.71_334.82,56.197830712786725,0.0,-0.41721774824566743,411.605837349053,362.6681473759465,48.9376899731065,6.127341303790033,2.9316793648728776,3.195661938917155
frame_bri~_334.82_335.07,56.071501511953215,0.0,0.9164273741499385,412.664880682446,348.82290923322347,63.84197144922251,15.903723200879512,9.865116732652737,6.038606468226774
frame_ke_335.07_335.38,56.34019357461361,0.0,1.8499407463465787,411.0649866168677,342.8389236632055,68.22606295366222,17.330584366716366,7.879283518447281,9.451300848269085
frame_dus_335.38_335.68,52.29519327197109,0.0,0.6381853431266219,408.16142231115253,341.66276622457815,66.49865608657439,150.61689412419486,103.34811578548182,47.26877833871302
frame_fa_335.68_335.95,59.30827592802133,0.0,0.36424693828120713,413.10368862808394,346.5514174394505,66.55227118863343,5.8073496630242545,2.1742426617817046,3.63310700124255
frame_Ras_335.95_336.14,53.3567165703801,0.0,-0.36695583080279714,410.80234508152625,352.98469760248366,57.81764747904259,6.004016492593436,2.320003512022325,3.6840129805711115
frame_i_336.14_336.17,43.44668340740749,0.0,-0.4965695740964987,395.5454497680273,351.6842059851101,43.8612437829172,5.29089992259226,1.61760565767257,3.67329426491969
frame_ow_336.17_336.23,57.80244769723184,0.0,-0.8334651820594619,406.1920271280345,359.7782482202578,46.4137789077767,1.272887835366177,0.9081121204932714,0.3647757148729056
frame_tras_336.23_336.5,64.70481071123565,0.0,-0.5758709076837716,405.9396795237002,342.7090485878315,63.2306309358687,4.8594063139665735,2.169834962252665,2.6895713517139086
frame_koj_336.5_336.7,95.80232942951633,0.0,-0.3117661113340934,406.55124657752725,348.44584823736295,58.1053983401643,1.196406153738664,0.8024289892524124,0.39397716448625175
frame_zas_336.7_337.11,72.77159245650036,0.6999999999999886,-0.889243523005827,399.0420249614029,323.1016238176707,75.94040114373217,110.74610987652812,87.38650556308515,23.359604313442972
frame_koj_337.81_338.03,60.26717998510652,0.0,0.03603326914882661,409.3783410415027,349.842205919001,59.53613512250172,41.41096971340544,16.832659984357306,24.578309729048136
frame_za_338.03_338.11,46.14472339895039,0.0,-0.6803284461242588,408.49053828562086,362.6709348904116,45.81960339520924,2.275818637404228,1.491163449948104,0.7846551874561243
frame_ki_338.11_338.24,61.77233071939726,0.0,-0.39205845155594954,413.1223774403037,359.9150624160872,53.207315024216484,58.31433779589379,33.46099965783739,24.8533381380564
frame_nu_338.24_338.36,45.077942570506266,0.0,-0.6045451718059828,413.4554124016277,360.8687977823342,52.58661461929353,3.3815968898240527,2.1763676063368536,1.2052292834871992
frame_mew_338.36_338.45,54.21334758869054,0.0,-0.7772159670425308,410.76464299365693,361.91442058586176,48.85022240779517,3.550571382955013,1.7675977334992012,1.782973649455812
frame_te~_338.45_338.56,67.67877592645071,0.0,-1.1172809282036376,398.8274681569974,348.78762438978714,50.03984376721024,46.90933717461205,30.02538288476036,16.883954289851687
frame_pu_338.56_338.69,34.339429226646914,0.0,0.3620230064751064,409.6502061237865,358.2281844187685,51.42202170501804,19.219664139991295,10.760696581680008,8.458967558311286
frame_ta~_338.69_338.82,65.5037459543696,0.0,-0.6222199384713006,414.7098685115736,360.98888951835175,53.72097899322182,61.28951029603279,36.433731315485915,24.855778980546873
frame_be~j~_338.82_339.05,48.8641731488343,0.0,-0.41721774824566743,412.0441665292292,349.846302574494,62.19786395473517,21.879447238955933,10.95643243500976,10.923014803946174
frame_na~w~_339.05_339.25,45.429687268180444,0.0,-0.8258109564466518,410.12250404704105,350.9447166485001,59.17778739854094,16.151693779312623,6.653242696590397,9.498451082722227
frame_a_339.25_339.28,56.558680873662226,0.0,-0.889243523005827,394.32243219710296,350.0433119224842,44.279120274618776,2.3611871852099853,1.0398395376548706,1.3213476475551147
frame_vi_339.28_339.53,52.9289596898263,0.0,0.3395194062278945,412.28255858006617,348.559614246304,63.722944333762086,15.493570663246743,5.944283668672028,9.549286994574715
frame_a_339.53_339.58,54.187856319693324,0.0,-0.6803284461242588,405.99085620015194,360.72935804148403,45.261498158667905,1.8217963780530368,1.1680532486840889,0.653743129368948
frame_na~w~_339.58_339.73,49.36437193020157,0.0,-0.7240154474589762,406.54871227450906,351.58230166070337,54.96641061380569,3.7960341312809476,1.4402440073379807,2.355790123942967
frame_mew_339.73_339.95,45.14404472984455,0.0,-0.33935651481122,410.28407981101805,350.12575379803627,60.15832601298183,8.325454185371882,5.044387023791373,3.281067161580509
frame_paj_339.95_340.13,38.28878296927442,0.0,-0.47141336924328436,410.1397836408701,355.8203803599514,54.31940328091872,1.6048469074708294,0.640629361683196,0.9642175457876334
frame_se~_340.13_340.29,23.870741160309066,0.0,-0.24220195325518004,416.2223138020709,359.6531283988347,56.56918540323619,12.585738180148752,6.438371751889065,6.147366428259687
frame_pri_340.29_340.4,31.616963333360317,0.0,-0.4965695740970928,396.24398117227946,348.0594362251978,48.18454494708163,76.10287454884903,25.146247668669886,50.956626880179144
frame_foj_340.4_340.51,44.95393696183392,0.0,-0.4856658015755534,416.14400919001616,363.88470062549356,52.2593085645226,14.343649451685053,9.07724980006384,5.266399651621214
frame_muj~_340.51_340.71,40.91853680718357,0.0,-0.052220498502951754,414.32572869593037,354.3454777748726,59.980250921057745,25.537872745440183,10.876661348431995,14.661211397008188
frame_tu_340.71_340.84,40.88543876009406,0.0,-0.1903016668287095,414.4697981699943,360.65551251226503,53.81428565772927,12.011845343005874,6.961255367666652,5.050589975339221
frame_e_340.84_340.88,50.651179136937856,0.0,-0.5582862409268754,402.96035934187205,359.40390301664695,43.5564563252251,0.28800019650040554,0.1534521834852285,0.13454801301517705
frame_nER_340.88_341.17,31.2446148017672,0.0,0.46499416976319924,414.4643970027844,347.27870808967566,67.18568891310872,34.960479853885246,14.868642238569109,20.091837615316138
frame_Zi_341.17_341.37,74.20008103899579,0.0,0.7575638963906851,401.1540587872996,345.8120665064227,55.34199228087692,5.798676311769192,1.8715516100267706,3.9271247017424216
frame_ku_341.37_341.46,31.56870876668185,1.0300000000000296,-0.6045451718067677,396.5688456324609,348.3709022019437,48.19794343051723,16.822958963649768,6.563812735636986,10.259146228012781
frame_a_342.49_342.66,4.262842823751285,0.6899999999999977,0.5731620151627753,413.04116477477584,359.08862317808024,53.952541596695596,29.125566883188682,18.559152519027947,10.566414364160735
frame_po~_343.35_343.57,0.9052911007511852,0.0,0.41689163281997665,418.5281121770031,355.7122998858724,62.81581229113061,50.48569583545613,17.595038794836256,32.89065704061987
frame_tu_343.57_343.9,60.175529260056855,0.0,3.123646372991831,399.16384479252923,329.79558259566124,69.36826219686799,2.8212292009373456,1.455421797471196,1.3658074034661496
frame_dZi_343.9_344.01,1.24783824583713,0.0,-0.07852508393430212,415.3535726649429,363.99435448351016,51.35921818143271,4.0653469544140535,2.355237295067141,1.7101096593469123
frame_ew_344.01_344.11,2.457200903327248,0.0,0.09850293742009088,415.58047132667673,365.0043371509895,50.57613417568717,2.1513043430456946,0.7454659344095091,1.4058384086361855
frame_ko~_344.11_344.38,3.7408266163609767,0.0,0.41689163281997665,412.5828482351002,347.48266893913427,65.10017929596592,23.888264658240075,11.698649668321437,12.189614989918638
frame_de_344.38_344.44,14.788532812607002,0.0,-0.7772159670437753,401.7141201696786,358.05883294231137,43.65528722736724,1.5924957146183232,1.0990065956061414,0.49348911901218173
frame_ze_344.44_344.57,15.43700817262473,0.0,-0.7772159670437753,408.4817511821421,355.0765133529125,53.40523782922958,5.724387526981445,3.4399448303474998,2.2844426966339455
frame_sejs_344.57_344.6,7.771614518202554,0.0,0.0,398.64284537694266,356.1154199457986,42.52742543114408,4.132833996486028,1.997247790899877,2.1355862055861508
frame_a~_344.6_344.95,11.669696926961649,0.0,-0.3393565148124644,416.81933139680564,341.90174662805305,74.91758476875259,28.02392287380553,19.947740047863007,8.076182825942524
frame_nus_344.95_345.12,13.597215755489728,1.7199999999999704,-0.1903016668287095,425.23471640982166,367.0105431597764,58.22417325004528,5.30139656765472,1.5547576977540558,3.7466388699006643
frame_kijs_346.84_347.37,48.09486282130352,0.0,1.3846306316345742,414.88643436078144,325.2322400975294,89.65419426325204,55.69474271941886,18.16259493494023,37.53214778447863
frame_u~_347.37_347.8,39.93146946345411,0.0,2.2600842244216883,414.45952975732644,333.5745781066079,80.8849516507185,15.709538785012754,8.235951728245055,7.473587056767698
frame_dZi_347.8_347.86,42.40007964476936,0.0,-0.4965695740964987,409.5028871515883,362.812279083208,46.6906080683803,3.8271086123422293,2.3035202438870783,1.523588368455151
frame_a_347.86_347.95,6.540383817747852,0.10000000000002274,-0.2624982923623099,399.8764773671887,352.44827403265873,47.42820333453,95.44337930896131,48.861597956038764,46.58178135292255
frame_iX_348.05_348.29,60.40120077651429,0.0,1.1756083865534759,413.0611436294565,349.3476850680503,63.71345856140624,9.586681078707343,2.883769225148484,6.702911853558859
frame_a_348.29_348.34,64.58607068262444,0.0,-0.6803284461248525,410.0953164283843,362.93834648007294,47.15696994831137,0.6069829791926225,0.4463749293310002,0.16060804986162225
frame_w_348.34_348.62,67.4186842892807,0.0,2.8474840363411005,409.4334097791092,343.7530408318049,65.68036894730426,6.524370494296178,2.545851980088571,3.9785185142076074
frame_te_348.62_348.84,79.85011284639053,0.0,-0.5582862409281198,412.3997141200342,352.07366229547335,60.326051824560864,46.62345097366679,23.49036239282249,23.1330885808443
frame_a_348.84_348.99,68.29661559926282,0.0,0.3642469382818009,411.89210285003287,356.70731113137094,55.18479171866193,3.7505471996576745,2.575658782626178,1.1748884170314966
frame_tru_348.99_349.17,62.564469660393115,0.0,-0.052220498502951754,411.5726608415852,354.64279132604287,56.92986951554235,5.2543321178349345,2.3331071574257436,2.921224960409191
frame_mu~_349.17_349.28,61.29956684478577,0.0,-0.35261125914590213,411.386042598644,360.494141439539,50.891901159104975,2.6835281536309026,1.3416476797690677,1.3418804738618348
frame_ni_349.28_349.38,65.64572763801483,0.0,-0.07852508393430212,412.1752929357824,361.88249207795934,50.29280085782307,7.6695307738184795,3.1105900080897158,4.558940765728764
frame_si_349.38_349.61,104.10063504093486,0.0,0.4440305287690377,394.82424857669093,337.4781283452756,57.34612023141534,2.780244431826432,1.940264214684241,0.8399802171421911
frame_paw_349.61_349.81,61.61234348830048,0.0,-0.5758709076837716,414.46476369861443,354.42350079336745,60.041262905246924,12.327096825563217,8.851007832638942,3.476088992924275
frame_a_349.81_349.88,67.71236007410003,0.0,-0.47141336924328436,409.18108657633957,361.77812449953007,47.4029620768095,3.9371201762067614,0.9467064748359917,2.9904137013707697
frame_sis_349.88_349.91,62.52101222807843,0.0,0.0,375.2465029814689,335.4600535577839,39.78644942368504,16.048928476970303,5.877257537400865,10.171670939569438
frame_tSiX_349.91_350.11,80.72221604278211,0.0,-0.4965695740970928,414.5861570613479,353.8391218787352,60.74703518261259,61.81426895711435,37.489278219402266,24.324990737712085
frame_u~_350.11_350.2,60.67856913416195,0.0,-0.2074615100589513,405.3634354797482,357.85005590357025,47.513379576177954,7.12386974379487,2.8849695809928875,4.238900162801983
frame_ko~_350.2_350.38,58.64484191732406,0.0,-0.34773899230505034,411.5230248057137,353.1848039763718,58.33822082934188,14.11703879544065,9.534280440215241,4.582758355225408
frame_seX_350.38_350.71,31.954638549885544,0.0,0.09850293742009088,410.7006854419323,343.8461445520297,66.85454088990258,8.510208603376682,3.0524756697588202,5.457732933617862
frame_tu_350.71_350.81,98.32369304314646,0.0,-0.6045451718059828,394.4252212518298,345.29320193300015,49.132019318829634,0.7716617146491629,0.6122023527073921,0.1594593619417708
frame_ki_350.81_350.92,72.7204488745154,0.0,-0.4965695740964987,411.9837722480781,360.998544057613,50.98522819046508,97.57651480290416,66.7090480839801,30.867466718924064
frame_a_350.92_350.95,75.5844081937006,0.0,-0.889243523005827,395.29867179805046,351.78744130755865,43.51123049049187,1.7527338043871339,0.7804185497985543,0.9723152545885796
frame_mi~_350.95_351.07,72.93930390154914,0.0,-0.7045261828947134,409.8671190785691,358.0990400030121,51.768079075556955,1.1590019282968314,0.651963687044713,0.5070382412521184
frame_Ja_351.07_351.2,72.68753533154785,0.0,-0.7847859845653398,410.7941791818517,358.192608600922,52.60157058092972,2.9538107850925144,1.2039168067782668,1.7498939783142475
frame_gra~_351.2_351.44,64.27707339135473,0.0,-0.011446884544668561,411.74557053547596,348.5616767557365,63.183893779739435,17.710645213583163,3.8361972792736623,13.8744479343095
frame_dZi_351.44_351.58,69.22029881351541,0.0,0.23500828368734533,407.86175189160804,354.55868739069354,53.3030645009145,2.681649635696772,2.0113363721395814,0.6703132635571905
frame_paj_351.58_351.77,73.0741945454565,0.0,-0.36695583080279714,409.6710765956017,352.16990978115155,57.50116681445007,1.467036517520711,0.6643749215231622,0.8026615959975487
frame_Sa~w~_351.77_352.04,66.15600669583667,0.0,-0.6222199384713006,412.0398175300355,345.3977682965703,66.64204923346523,10.673229304060342,8.116106998321385,2.5571223057389574
frame_E_352.04_352.1,71.69829626606675,0.0,-0.49078503725431544,417.5155086323632,369.96428056315995,47.55122806920326,2.335846865929952,1.3924438436006739,0.943403022329278
frame_mu_352.1_352.38,64.65767048260471,0.0,1.190510016429653,410.7823636472738,345.1041329431443,65.67823070412953,12.051000854266391,7.047525499473238,5.003475354793153
frame_zi_352.38_352.49,93.67250753291594,0.0,-0.39205845155594954,396.6962874343062,348.36533417748353,48.33095325682268,8.788843402042659,3.1256928500034604,5.663150552039198
frame_ka_352.49_352.61,63.7237799980055,0.0,-0.5758709076837716,409.43367799027294,358.39693568354414,51.0367423067288,6.398535711852176,4.4197188911312395,1.9788168207209367
frame_kla_352.61_352.94,16.689362774885865,0.0,0.4687044767222881,415.6663982341659,342.8541377344121,72.81226049975379,26.773563375770067,15.051627488175939,11.721935887594128
frame_si_352.94_353.01,49.21763901650918,0.0,-0.3920584515565436,397.54018751120503,351.6915352515601,45.84865225964495,98.12312626356783,38.68623820488175,59.43688805868608
frame_ka_353.01_353.09,103.09605211003692,1.1200000000000045,-0.889243523005827,391.08749345668275,345.14351506432195,45.943978392360805,5.974542952650566,3.6774356567048443,2.2971072959457217
frame_i_354.21_354.24,17.53384086670728,0.0,-0.4965695740964987,424.7883528393744,379.4538853069,45.33446753247438,7.809548835547048,3.4845874157599326,4.324961419787115
frame_u_354.24_354.32,27.239182735243745,0.0,0.08586066982280599,409.20534554717943,361.9621453989743,47.24320014820512,5.379196462779035,2.761375854237528,2.617820608541507
frame_vE_354.32_354.5,21.5034848269612,0.0,-0.3845873475857698,414.9784238754891,357.34536398785934,57.63305988762977,14.493657258150847,5.504471890745393,8.989185367405454
frame_Lu_354.5_354.61,13.09639306381544,0.0,-0.32838283515446726,414.93694901163184,364.2618029246643,50.675146086967516,6.79727094712517,3.8779690247801426,2.919301922345028
frame_mi_354.61_354.8,20.038111254848673,0.0,0.025986038606247035,413.66864475057093,355.9506889153677,57.71795583520321,21.371569145143468,7.713200951422323,13.658368193721145
frame_dZi_354.8_354.98,29.97344561415626,0.0,0.6530527738507301,414.03798938810314,356.80736848501704,57.23062090308605,6.851633040641005,3.3739676862249297,3.477665354416075
frame_si_354.98_355.21,14.16949305020563,0.0,0.23500828368734533,395.7480532944415,335.4593052803175,60.288748014123996,139.11022088890175,78.54250594323884,60.567714945662914
frame_po_355.21_355.38,8.636172068882104,0.0,0.2099329593902866,416.44004991464067,360.0155774882691,56.42447242637155,13.12941836518442,6.87187642971476,6.257541935469661
frame_dZi_355.38_355.55,18.337161899711575,0.0,0.13049716114739027,414.8034400308467,357.7704934926212,57.032946538225474,25.264842472895026,14.660346663480809,10.604495809414217
frame_iX_355.55_355.69,53.82761494757375,0.410000000000025,0.1304971611467962,411.58639729340973,359.50571764207166,52.08067965133807,3.394398462019467,2.1407445036790875,1.2536539583403794
frame_majs_356.1_356.24,50.10030043680996,0.0,-0.6803284461242588,410.5774705330572,357.1002985024435,53.4771720306137,6.021703453187314,3.188645520650013,2.833057932537301
frame_ajs_356.24_356.59,51.99297913658748,0.4399999999999977,-0.2624982923623099,409.21778498006717,336.83952910462096,72.3782558754462,12.709902654871811,6.342166135931265,6.367736518940546
frame_dEjs_357.03_357.35,18.309519012413674,0.0,0.35879648009465354,412.0247762497396,343.1240277147528,68.9007485349868,18.991252462848365,4.835270911911337,14.155981550937028
frame_O_357.35_357.44,13.54575055359409,0.0,-0.44645673090974286,413.66041212725355,364.7007956891105,48.95961643814303,5.073967782436256,2.7376500432960285,2.3363177391402274
frame_ras_357.44_357.65,13.335848019858489,0.0,-0.36695583080279714,416.46242207823923,355.246042777591,61.21637930064827,12.47945700910239,6.684779898667415,5.794677110434975
frame_e~j~_357.65_357.75,12.949598890215512,0.0,-0.59223354323516,411.36403723087767,361.9847239698255,49.379313261052175,9.83995140544394,5.317863134352109,4.522088271091832
frame_ka_357.75_357.92,29.154817859646286,0.0,-0.3669558308022034,410.99791166653046,354.55923693088823,56.43867473564222,4.070450327988155,2.296350863054897,1.7740994649332578
frame_za_357.92_357.98,28.363398155582317,0.0,-0.8892435230052332,405.90638715446187,359.7823048659148,46.12408228854707,2.1334503934918416,1.4464366349289577,0.6870137585628839
frame_ew_357.98_358.04,30.37170821120209,0.0,-0.7772159670437753,404.2917045889858,358.3538574381513,45.9378471508345,1.1376882349624253,0.8590923300442483,0.278595904918177
frame_dZi_358.04_358.1,22.800172419658068,0.0,-0.4965695740964987,409.1673959114828,362.9531406131742,46.214255298308615,4.697807866030729,1.5727874943185611,3.125020371712168
frame_gu_358.1_358.18,5.293572364301966,0.0,-0.6045451718059828,409.22913841378045,360.4361629998698,48.79297541391065,24.525558147077902,1.9291407236164417,22.59641742346146
frame_majs_358.18_358.41,10.50643007614218,0.08999999999997499,-0.05358321548074174,413.25242145458066,351.5820618699804,61.67035958460025,16.900962594088995,7.946100842453177,8.954861751635818
frame_paj_358.5_358.84,50.18605155817323,0.4000000000000341,0.1553318614002327,414.7197258607907,343.074909925747,71.64481593504365,492.4733362542942,370.6855503306101,121.78778592368413
frame_e~_359.24_359.27,17.376792663996213,0.0,-1.1172809282046323,375.4139974450584,334.55565229321064,40.85834515184774,17.89124721159007,6.787975436525585,11.103271775064485
frame_ta~w~_359.27_359.44,9.67773131754194,0.0,-0.2150379025200197,414.48458261026906,356.92197084953665,57.56261176073241,25.76117981202546,14.701939433316142,11.059240378709319
frame_na~w~_359.44_359.62,42.26783638358171,0.0,-0.5204244294842038,414.72617348273377,356.9187115690032,57.80746191373049,59.60473866187618,19.01689546977053,40.58784319210565
frame_vow_359.62_359.98,26.982766819746587,0.6399999999999864,1.253331100840035,417.02585724061754,343.1067391263613,73.91911811425626,17.845801527959665,6.7425928979074,11.103208630052265
frame_e_360.62_360.65,84.27886110501652,0.0,-0.7772159670437753,399.3584082639818,356.1175385103534,43.240869753628374,0.082332097536991,0.0616866991413616,0.0206453983956294
frame_li_360.65_360.71,26.060775290568444,0.0,-0.4965695740970928,409.7104945828492,362.4517538483183,47.25874073453093,0.5976352248877248,0.3346125239275466,0.2630227009601782
frame_dZi_360.71_360.79,79.31634231907358,0.0,-0.4965695740964987,397.31395170003736,350.6995051139206,46.61444658611674,7.670884334758867,4.420559776526517,3.25032455823235
frame_si_360.79_360.85,53.356330354841646,0.0,-0.4965695740964987,392.0821457835736,347.4986713848222,44.58347439875138,81.76775531939553,48.14930225246499,33.61845306693054
frame_ko~_360.85_361.0,66.42593919899934,0.0,-0.47517742982576744,419.37404663520755,363.3361410161772,56.03790561903037,55.35178260382057,20.96715240623965,34.38463019758092
frame_mu_361.0_361.1,8.736795227015477,0.0,-0.6045451718059828,416.6296576697417,366.77582518411634,49.85383248562533,26.24925133190898,13.15359739915931,13.09565393274967
frame_na~w~_361.1_361.25,36.72046162604714,0.0,-0.3168334115076953,413.2512558942193,359.74113702758683,53.51011886663247,18.211930474052465,9.769493776628593,8.442436697423872
frame_vaj_361.25_361.45,52.6025301508766,0.0,-0.3669558308022034,412.4270980224504,352.2157900571787,60.211307965271715,9.794075317175668,6.191735416837645,3.6023399003380234
frame_vo_361.45_361.51,58.51671905163859,0.0,-0.8334651820594619,407.5239800592576,361.0736002683717,46.450379790885904,29.375462831930705,13.815399716238431,15.560063115692273
frame_se_361.51_361.59,13.787357294826165,0.0,-0.7772159670437753,412.73330414417785,364.14078015578417,48.59252398839368,24.122522263370698,12.748694365509408,11.37382789786129
frame_na~w~_361.59_361.68,15.884404672481452,0.0,-0.8258109564472305,415.5244823140633,365.88604950884604,49.638432805217235,5.809210339339614,3.7835009180512174,2.025709421288397
frame_es_361.68_361.74,18.944140279438884,0.0,-0.7772159670437753,408.08551592608376,361.79865237387986,46.2868635522039,10.541098689314111,6.534213593819516,4.006885095494596
frame_ta_361.74_361.89,8.402431900871562,0.0,-0.15804075392182274,415.06192405000263,361.9942893434975,53.067634706505146,6.47528832765164,3.827888445187625,2.647399882464015
frame_ke_361.89_361.98,8.283756421898147,0.0,-0.5582862409268754,419.17285245583525,368.361486962916,50.811365492919265,10.176394325442018,6.166379531385132,4.010014794056886
frame_re~_361.98_362.15,26.15770540246035,0.0,0.8078928166817751,418.22494842287267,359.73400088163817,58.490947541234505,17.83511647830035,10.218104276020256,7.617012202280094
frame_du_362.15_362.25,7.3945223926317,0.0,-0.32838283515446726,418.86149591277837,367.84913163029273,51.012364282485635,24.684629028893085,9.811011300901782,14.873617727991302
frame_iX_362.25_362.34,53.919239279042756,0.0,-0.18303620647485128,416.5938411868707,366.91063748582087,49.68320370104988,18.532844373577092,4.950667516464108,13.582176857112984
frame_vaj_362.34_362.78,0.30281885515131535,0.37000000000000455,1.513279861127754,416.35001883367147,335.688579987396,80.66143884627547,77.44724075997857,52.70023850518453,24.74700225479404
frame_dZi_363.15_363.26,25.3788827921787,0.0,-0.18303620647485128,414.80059745553024,362.2312763412442,52.569321114286026,10.282933384788265,2.527556581202475,7.75537680358579
frame_gu_363.26_363.36,1.6936835068463552,0.0,-0.6045451718059828,415.93442821301437,364.52441448210266,51.410013730911714,29.18076905665788,11.331625816687847,17.849143239970033
frame_majs_363.36_363.53,18.078372110400124,0.10000000000002274,-0.6803284461242588,415.20002353053343,358.41275845078394,56.78726507974949,7.881178265726305,2.5258391801909568,5.355339085535348
frame_paj_363.63_363.92,4.984195109070356,0.0,0.9909921689247242,410.3010702014067,345.9502705075785,64.35079969382815,86.77345778671867,40.26684598174597,46.50661180497269
frame_si_363.92_364.0,1.9652730246205294,0.0,-0.2875473290154004,408.1362417918996,360.46201570158325,47.67422609031638,30.864072124581412,14.9209007557576,15.943171368823812
frame_ko_364.0_364.15,1.6002041066780919,0.0,-0.8334651820594619,414.00213586438025,360.21460245021717,53.78753341416308,7.125220297589095,3.715511943034244,3.4097083545548514
frame_me_364.15_364.37,47.24090706129212,0.0,0.5363623896526462,414.21132787404815,352.4323264434601,61.77900143058804,121.6286551517309,89.12904518760885,32.499609964122044
frame_sa_364.37_364.51,41.16871600505107,0.0,-0.7847859845653398,415.87588465470185,360.6072311334374,55.26865352126441,28.314169268933284,17.872132440993994,10.44203682793929
frame_ajs_364.51_364.63,0.9728558866506773,0.0,-0.784785984564746,411.39621144941253,360.8301162070259,50.56609524238661,28.772550338402425,12.513432673414371,16.259117664988054
frame_nO_364.63_364.7,5.799577207576249,0.0,-1.5104423980299,414.0019130013959,366.5276444390888,47.47426856230709,12.578614124728887,9.612416500184622,2.9661976245442645
frame_vi_364.7_364.76,4.987605272999787,0.0,-0.4965695740970928,415.5467400953875,367.68145938244015,47.86528071294737,1.2105389220064922,0.7303772624461828,0.4801616595603093
frame_O_364.76_364.92,33.3264748085403,0.0,0.7948598807312803,414.30962819016383,359.46032560233067,54.849302587833165,45.483815164145255,22.778789398741566,22.70502576540369
frame_ras_364.92_365.42,16.29701039544375,0.0,2.5578552455338137,417.1953185201829,330.041544308134,87.15377421204892,69.88751610818342,52.55727232419514,17.33024378398828
frame_u~_365.42_365.53,10.457660241771805,0.0,-0.06231176097200044,415.24518675782883,363.59959299919785,51.64559375863098,9.256557027786812,4.013742213804591,5.242814813982221
frame_ko~_365.53_365.71,8.651916041937795,0.0,-0.09286211726361615,429.03442305793476,369.2176868030748,59.81673625486002,32.00453134547382,17.42959817256832,14.574933172905503
frame_seX_365.71_366.16,43.52703174710206,0.0,0.974221841883957,412.3204196767555,331.5764899161195,80.74392976063598,71.1731350085847,34.16634107311452,37.00679393547017
frame_tu_366.16_366.26,102.01474753442855,1.410000000000025,-0.052220498502951754,391.3314086469513,342.36953997119065,48.96186867576063,2.792749218580802,1.5318627847373918,1.2608864338434103
frame_ew_367.67_367.75,34.28871191602559,0.0,-0.7772159670437753,404.57877017700366,356.80060652028953,47.77816365671413,12.242957573098494,6.0078068829022016,6.235150690196292
frame_vow_367.75_367.88,20.435328293932784,0.0,-0.8334651820584733,408.3146298371003,356.62905075117794,51.68557908592237,7.68994857375516,6.264248943112136,1.4256996306430239
frame_teX_367.88_368.04,37.531908496349246,0.0,-0.7772159670437753,414.7665767539109,359.01467234485386,55.75190440905703,12.119380964273603,8.618017451430205,3.5013635128433975
frame_ki_368.04_368.14,76.98524368458445,0.0,-0.4965695740970928,397.01258325932594,350.09500359114344,46.9175796681825,0.5131113727145333,0.13331286782528196,0.3797985048892514
frame_sa_368.14_368.29,17.941143046216553,0.0,-0.2624982923617162,415.8111704481636,360.78305975622936,55.02811069193422,38.70813152590952,28.308213752008413,10.399917773901109
frame_jX_368.29_368.35,5.6300234584960265,0.0,-0.4965695740970928,413.04919815114886,366.0410856188245,47.00811253232433,3.2855312247809536,2.3163873520362586,0.969143872744695
frame_dZi_368.35_368.44,5.032536433848065,0.0,-0.2875473290154004,414.0371360955898,365.13265378570526,48.90448230988454,5.682665148797412,2.8807331430646173,2.8019320057327946
frame_la_368.44_368.63,26.586546314534033,0.0,-0.05358321548074174,412.6834690842081,353.7230953324735,58.96037375173461,18.921814456027178,11.275142129220782,7.646672326806396
frame_nO_368.63_368.95,7.242344006810612,0.0,1.6815146033305712,414.56319480705406,344.7003385507795,69.86285625627454,58.99076922990838,22.762686440459987,36.22808278944839
frame_vi_368.95_369.09,6.938456569947164,0.09000000000003183,0.025986038606247035,412.62389759183804,359.67232159394996,52.951575997888085,29.924920082122867,19.149319956712787,10.77560012541008
frame_i_369.18_369.21,75.47592614393966,0.0,-0.4965695740970928,405.58372974601707,362.34072637333884,43.24300337267829,4.23965419865597,1.6787572752307724,2.5608969234251973
frame_ki~_369.21_369.39,52.149388879579476,0.0,0.5922366627413767,416.0738275783492,358.3426000656958,57.731227512653334,17.78767789698449,4.853143566684025,12.934534330300465
frame_zi_369.39_369.59,2.4612904167210274,0.0,0.1304971611467962,409.88765012323853,351.3718779473553,58.51577217588323,31.166074565749653,19.014301226881173,12.15177333886848
frame_pa_369.59_369.69,16.93521984823232,0.0,-0.784785984564746,414.65979716211893,364.21569322803646,50.44410393408248,3.3937867306491114,1.6413701727582009,1.7524165578909106
frame_ra_369.69_369.75,16.30837812617996,0.0,-0.889243523005827,410.6353969252881,363.9628830653485,46.67251385993961,2.614121520480964,0.7683589048363899,1.8457626156445741
frame_Se_369.75_369.87,26.60648632988017,0.0,-0.12042678869556454,412.2138895064942,359.9401564624582,52.273733044035964,3.2004489037788204,1.9206258399844671,1.2798230637943533
frame_gaX_369.87_370.03,26.86334029814985,0.0,-0.36695583080279714,413.2821348328264,357.57751533231306,55.704619500513274,11.922902797661948,6.124251228081661,5.7986515695802865
frame_a_370.03_370.07,25.627380042702512,0.0,-0.784785984564746,388.12776227312605,343.9285474838654,44.19921478926068,4.269761852017069,1.6074115813223813,2.662350270694688
frame_ki_370.07_370.27,5.934716315361982,0.0,-0.3920584515565436,411.81609847033747,353.9992619523906,57.816836517946854,23.207453773185165,14.30338620232132,8.904067570863845
frame_ajs_370.27_370.47,35.19088486975669,0.0,0.25978939984131366,410.99602436667044,352.1110756204019,58.88494874626855,27.410482870079704,19.32610757234569,8.084375297734013
frame_dEjs_370.47_370.79,31.437163987303236,0.0,-0.49078503725431544,413.6908015249188,341.98486966397223,71.70593186094658,30.351275632057593,21.63386012509224,8.717415506965352
frame_O_370.79_370.95,11.3516626195088,0.0,0.7948598807302724,414.89247756112127,359.1788384985193,55.71363906260194,37.30436495218392,13.721355812411645,23.583009139772273
frame_ras_370.95_371.15,34.77727642891713,0.6700000000000159,-0.2624982923623099,408.2891657079207,350.45203743146715,57.8371282764536,8.518931794478547,3.968139305336692,4.550792489141855
frame_e~_371.82_371.88,13.935472664123324,0.0,-0.59223354323516,412.5467462760455,365.64201033355255,46.90473594249295,0.9173239886779925,0.3126149860226519,0.6047090026553406
frame_ta~w~_371.88_372.08,18.97932607686994,0.0,-0.6222199384713006,417.34743801462537,357.5784140777572,59.769023936868166,58.86884831686501,25.018636492266523,33.85021182459849
frame_ki_372.08_372.23,36.40952442601173,0.0,-0.2875473290154004,414.31597028993076,361.69384495688814,52.62212533304256,17.420958790029346,11.012931292640445,6.4080274973889
frame_ew_372.23_372.29,92.09395752961944,0.0,-0.7772159670437753,400.9673984950256,353.7479495983714,47.21944889665423,12.34073352296992,7.6257112471497095,4.7150222758202105
frame_ew_372.29_372.35,1.1337864266617999,0.0,-0.7772159670437753,421.17604691662575,373.2854294483359,47.89061746828986,9.839417807158583,5.7843463874544625,4.05507141970412
frame_vow_372.35_372.48,11.892364349387577,0.0,-0.6595654918170134,412.5714538103085,361.64628747996403,50.92516633034455,14.371953082355674,7.831877170202233,6.540075912153441
frame_fa_372.48_372.64,27.296029595719915,0.0,-0.05358321548074174,414.8388663519663,359.6889311231132,55.14993522885305,69.99188899867984,47.2805200175396,22.71136898114024
frame_zeX_372.64_372.8,60.78333769813328,0.0,-0.7772159670437753,413.28819856743644,356.2037665361822,57.084432031254266,10.271923964717757,5.413431258197349,4.858492706520408
frame_la_372.8_373.04,74.0307559358622,1.419999999999959,0.4687044767222881,404.080110978037,344.38794717071914,59.692163807317854,3.2952100154229242,1.086353247635941,2.2088567677869833
frame_e~_374.46_374.49,135.12358464365934,0.0,-1.1172809282036376,402.43771876224156,359.51494669222257,42.92277207001899,2.526250010604599,0.986616621711569,1.53963338889303
frame_ta~w~_374.49_374.63,5.511347465749338,0.0,-0.7240154474595548,414.0297179216502,360.5203348969686,53.5093830246816,39.09446464812905,16.743587532231345,22.350877115897703
frame_E_374.63_374.66,34.83139212106755,0.0,-0.8093781062599524,394.84616698344735,353.15829642559675,41.6878705578506,5.3304805360770615,2.946949406430292,2.3835311296467694
frame_bo_374.66_374.82,34.9487803979014,0.0,-0.6595654918170134,416.62195155607213,359.7931153778917,56.82883617818044,66.54093969552662,30.070728627597134,36.47021106792948
frame_ba_374.82_375.12,19.255305101530382,0.0,0.5731620151627753,413.24957554804007,347.01525519046487,66.2343203575752,166.74915750654992,58.26901363388416,108.48014387266576
frame_Ze~j~_375.12_375.29,8.826998734479474,0.0,-0.59223354323516,413.7411800825516,357.9911927872774,55.749987295274195,57.06816434037074,25.241781129468677,31.826383210902065
frame_ew_375.29_375.43,54.01774418553745,0.8700000000000045,0.5363623896514017,409.71566729121406,358.53273437574563,51.18293291546843,9.223960346959075,5.104729876251298,4.119230470707777
frame_iX_376.3_376.42,68.78781789855385,0.0,0.1304971611467962,392.1543041320737,343.4795113261215,48.67479280595222,3.3505441213805796,1.8479567743704592,1.5025873470101203
frame_da_376.42_376.67,13.085849159532899,0.0,0.6776195536032625,417.18798359715686,351.8743581739026,65.31362542325434,15.097626800615302,9.66591335858186,5.431713442033441
frame_i_376.67_376.7,28.136922738964245,0.0,-0.4965695740970928,397.3268312855577,354.49158067197476,42.83525061358296,4.189394005508859,1.8406010216145887,2.3487929838942705
frame_mi~_376.7_376.79,32.0924609448125,0.0,-0.704526182893792,413.9879456761633,364.5023377101964,49.48560796596689,3.3642622015968584,1.7148563700579302,1.6494058315389282
frame_Ja_376.79_376.94,15.807669940075073,0.0,0.05087432295974547,414.74469367532595,359.0129062635731,55.73178741175286,16.62735732584281,10.585343873537425,6.042013452305383
frame_ma~j~_376.94_378.01,8.404141646158024,0.0,6.808852217635382,414.2912307057879,273.9592877877484,140.33194291803946,49.95676322638322,21.191324678528446,28.76543854785477
frame_i~_378.01_378.14,14.786315179463244,0.0,0.9164273741499385,415.55068576174045,362.18520131976646,53.36548444197399,6.626676028504747,2.4569141538287624,4.169761874675984
frame_teX_378.14_378.41,14.823451906220441,0.0,0.3174326635357463,415.75589767574337,351.359615873124,64.39628180261934,65.47981308977143,12.814800906961636,52.66501218280978
frame_fe_378.41_378.56,14.986024373987348,0.0,-0.12042678869556454,415.67651822260393,360.3638094731955,55.31270874940844,24.49519716219173,9.72281763680887,14.77237952538286
frame_riw_378.56_378.92,0.8693397602552864,0.589999999999975,0.23500828368734533,412.6471429754366,340.16003033617926,72.48711263925736,42.71428676762716,18.634117323610297,24.08016944401686
frame_i_379.51_379.56,74.9552452408171,0.0,-0.2875473290154004,428.0423090310144,380.4130280106989,47.62928102031549,3.057877752004586,0.7985192058719477,2.2593585461326384
frame_u_379.56_379.68,26.280327824971124,0.0,0.6381853431266219,410.5832044543156,358.19659150733423,52.38661294698136,8.550130335864807,3.1705964307700327,5.379533905094775
frame_vE_379.68_379.85,22.35416282748126,0.0,-0.27838965791662046,414.3841317733957,357.63664588063085,56.74748589276487,10.771124214988873,5.4667905716120515,5.304333643376822
frame_Lu_379.85_379.97,25.858864825570024,0.0,-0.1903016668287095,411.80383066981835,359.11693682435714,52.68689384546121,6.531857839637638,3.4140782282477176,3.1177796113899205
frame_dej_379.97_380.2,29.033149158626657,0.0,0.09850293742133534,410.64527682153584,350.2541828533599,60.391093968175994,12.980230438306648,8.380869902321336,4.599360535985312
frame_Sow_380.2_380.37,15.636821205193883,0.0,-0.6595654918170134,408.7942516182206,352.9524691935687,55.84178242465191,104.0501879903809,70.85367918715292,33.196508803227985
frame_i_380.37_380.4,47.70002487355262,0.0,-0.4965695740970928,392.9265614623751,349.42199400576953,43.50456745660557,6.970602688100257,4.416740540031071,2.553862148069186
frame_ne_380.4_380.54,34.218345361656944,0.0,-0.5582862409268754,412.6706092785718,359.1414307114134,53.5291785671584,6.243880145345855,3.663099524413269,2.580780620932586
frame_si_380.54_380.65,31.7946255503864,0.0,-0.4965695740970928,395.8623538263921,345.7128011060329,50.149552720359225,9.27499415779414,4.671298732839304,4.603695424954836
frame_dZi_380.65_380.79,29.583845093157564,0.0,0.33951940622848853,413.1337715908388,358.9901191300221,54.143652460816725,17.008800936975433,5.305337012537365,11.703463924438068
frame_a_380.79_380.83,24.157755845444598,0.0,-0.7847859845653398,400.8783824187464,356.53424558052546,44.34413683822095,0.7077513094705097,0.5079242831490802,0.19982702632142946
frame_Se_380.83_381.12,40.01140717988079,0.0,2.0688704724634785,409.8247876676403,342.6812742783134,67.14351338932687,55.29978272084031,17.852649731962273,37.44713298887804
frame_foj_381.12_381.38,29.047893954323513,0.0,0.7316320301156551,411.53309137317177,347.5608119734714,63.97227939970037,18.331662363229967,11.317915240449679,7.013747122780288
frame_taw_381.38_381.58,34.1648267577193,0.0,-0.36695583080279714,408.5953595026068,351.9939326177467,56.60142688486013,5.026484253880184,2.858325896424219,2.1681583574559653
frame_vejs_381.58_381.77,25.74147454630001,0.0,-0.33935651481122,407.7771417545157,352.7223342845251,55.05480746999058,6.872240390686926,1.8238660375041462,5.04837435318278
frame_a_381.77_381.83,30.24391009352911,0.0,-0.5758709076837716,409.90326457663207,362.4062138710598,47.49705070557229,3.395653672331818,1.7488269748151026,1.6468266975167154
frame_pri~_381.83_381.98,47.385943813199276,0.0,-0.5424308271895111,410.3227723040805,356.8650799859598,53.45769231812068,49.136689213863754,18.52879548954465,30.607893724319105
frame_mej_381.98_382.15,26.83020828069749,0.0,-0.5582862409268754,415.1096325408272,356.8857047605891,58.22392778023817,5.338872975239397,2.5307334142905944,2.8081395609488027
frame_ra_382.15_382.23,30.64049961375744,0.0,-0.6803284461242588,413.4009498569311,364.2646932348868,49.1362566220443,0.5152645971331964,0.2543923723845154,0.260872224748681
frame_vejs_382.23_382.4,24.20178125146772,0.0,-0.7772159670437753,426.3367199145173,367.8972083127657,58.439511601751576,19.231525854027566,7.836713404954125,11.394812449073441
frame_ki_382.4_382.46,18.518584414351096,0.0,-0.4965695740970928,394.4754339832942,349.22606416786545,45.249369815428736,35.8446110644565,20.30587342995284,15.538737634503661
frame_ew_382.46_382.52,60.07951389060722,0.0,-0.7772159670425308,394.4325485870512,349.6588395213925,44.77370906565869,17.91310072973036,7.932359504689373,9.980741225040987
frame_Se_382.52_382.65,27.001432246978112,0.0,-0.5582862409281198,414.0593892844365,360.27566866282507,53.78372062161145,7.214704341740031,3.207788098595472,4.006916243144559
frame_gej_382.65_382.74,27.29477082905379,0.0,-0.7772159670437753,414.27125044766456,364.7940844633563,49.47716598430827,5.0717811850288115,2.1478691275025596,2.923912057526252
frame_e~j~_382.74_382.85,33.147178431458414,0.0,-0.7672493382246525,409.39527931530563,359.33358256738705,50.061696747918575,3.8096270873773648,2.261263722690984,1.5483633646863808
frame_ka_382.85_383.08,31.18467881643427,0.0,0.36424693828120713,412.2586575285588,349.2747409455308,62.98391658302796,2.359059926071396,1.0911000314543315,1.2679598946170643
frame_za_383.08_383.39,37.98331359526942,0.6700000000000159,0.886534630484237,408.64859638615985,342.48153352814916,66.1670628580107,19.325202339232476,10.676145273106712,8.649057066125764
frame_mej_384.06_384.22,39.741442324413455,0.0,-0.7772159670437753,414.01739480412647,357.87571973989105,56.141675064235415,10.620597491650386,4.677657813123915,5.942939678526471
frame_a_384.22_384.3,52.542019954410094,0.0,-0.36695583080279714,409.45468255044545,361.3744153759395,48.080267174505934,2.499234904442588,1.7477899771229914,0.7514449273195964
frame_noj_384.3_384.6,41.261800326736605,0.0,-0.1378664210926334,410.43482650086605,344.15053303716047,66.28429346370552,17.084984191740745,6.336196399134977,10.748787792605768
frame_tSi_384.6_384.72,44.93546250447302,0.0,-0.4965695740964987,415.0121649972608,361.56448576427863,53.44767923298218,3.8504446608851595,1.8573179103970432,1.9931267504881163
frame_i_384.72_385.19,56.34696079089167,0.0,4.101919817691228,411.35249077126684,329.19490794073243,82.15758283053441,14.18810640244402,6.7292030444692585,7.458903357974762
frame_ki~_385.19_385.69,46.29474488107142,0.0,5.455097333874411,412.62548523885204,326.41071791165484,86.21476732719717,50.61801184978256,9.09138493487545,41.52662691490711
frame_zi_385.69_385.86,53.304876425820495,0.0,-0.18303620647485128,407.64925739973967,350.6666507659316,56.982606633808075,8.832892584852075,6.392312506886626,2.44058007796545
frame_mej_385.86_385.98,52.21084364822357,0.0,-0.7772159670437753,411.50437233006596,359.04497563048415,52.459396699581816,1.7137430236369937,0.7447649204552675,0.9689781031817262
frame_a_385.98_386.01,51.70098645304772,0.0,-0.889243523005827,394.56851490556426,351.25367028586396,43.314844619700295,0.77937764092799,0.3589090363831815,0.4204686045448085
frame_noj_386.01_386.18,51.0278000868834,0.0,-0.6595654918170134,409.99299633486925,353.24622558173024,56.746770753139,3.285109847154601,1.7199085873776596,1.5652012597769414
frame_tSi_386.18_386.27,80.54339899539649,0.0,-0.4965695740970928,390.6359430352058,343.9041057616349,46.731837273570875,14.123075801855492,5.692384703763992,8.4306910980915
frame_i_386.27_386.3,85.9114940086049,0.0,-0.4965695740964987,367.70996287925914,326.77397696217093,40.9359859170882,3.1185546483968807,1.6631124056873716,1.455442242709509
frame_kwaw_386.3_386.37,47.00545072906624,0.0,-0.6045451718059828,407.484319815614,360.03705206938236,47.44726774623166,57.60201296952545,28.535410039085065,29.066602930440382
frame_kEX_386.37_386.59,71.44049347679993,0.0,-0.889243523005827,403.4079269067154,347.61970097347097,55.788225933244405,33.06229393967876,19.22286938715466,13.8394245525241
frame_koj_386.59_386.81,79.88490215335666,0.0,-0.1378664210926334,405.3842276607333,345.9183036568481,59.46592400388522,23.315958167007736,10.730856161222988,12.585102005784748
frame_za_386.81_387.06,74.58166799135127,1.2199999999999704,0.36424693828120713,399.86073982055217,338.3502677202224,61.510472100329764,56.016394463717305,41.66457378349163,14.351820680225671
frame_majs_388.28_388.59,1.504318641100042,0.29000000000002046,-0.2624982923617162,412.12285110911256,343.8163749286494,68.30647618046316,11.633852588482767,6.40584172577482,5.228010862707947
frame_lO_388.88_389.11,8.489400204911533,0.0,-0.0917948418690185,417.4556303584677,353.98409717638356,63.47153318208416,9.718890409183004,3.694375829961615,6.024514579221389
frame_gu_389.11_389.22,7.437011670404999,0.0,-0.32838283515446726,415.5112890524142,364.2447830642725,51.266505988141716,6.664548476611657,1.8018479955192106,4.862700481092446
frame_de_389.22_389.34,11.550600503066605,0.0,-0.12042678869556454,414.7714228346989,363.0298460402709,51.741576794428,7.355266216578357,1.6609218983927718,5.6943443181855855
frame_pojs_389.34_389.7,31.849784356624255,0.0,0.2099329593902866,414.9449876199682,340.2006718049888,74.74431581497936,52.79824214990512,16.404094781186572,36.39414736871855
frame_u~s_389.7_389.94,26.436000665498497,0.0,0.08283798811536296,409.175682548492,347.95886975260873,61.21681279588324,4.7300323412548835,2.072541883558344,2.6574904576965395
frame_kwa_389.94_390.14,13.560277008510724,0.0,-0.2624982923623099,412.71809378551643,353.10127984129724,59.61681394421919,21.17993780455609,15.475387579173713,5.704550225382377
frame_tru_390.14_390.32,55.74163384437789,0.0,-0.6045451718067677,409.83247006389064,353.0490446963136,56.783425367577024,4.870482811604035,2.133600419249831,2.736882392354204
frame_ow_390.32_390.39,27.820202009969336,0.0,-0.6595654918170134,411.49052227623224,362.50115627824306,48.98936599798918,1.9928502160043422,1.394354864066429,0.5984953519379133
frame_si~_390.39_390.45,21.146731022368243,0.0,-0.7045261828947134,397.11935235077686,351.4088643895227,45.71048796125416,2.2105592233371283,0.7420490143743734,1.4685102089627549
frame_ku_390.45_390.51,81.17388730021018,0.0,-0.6045451718067677,411.49842080913544,363.93306048073555,47.56536032839989,12.791100213244107,7.420309849903816,5.370790363340291
frame_a~_390.51_390.62,24.093173585761335,0.0,-0.011446884544668561,410.8547266777873,360.36231452157125,50.49241215621606,2.990839228441544,2.104843949400376,0.8859952790411683
frame_nus_390.62_390.76,31.495326602042354,0.0,-0.6045451718059828,402.4914221924877,349.65654589062524,52.83487630186244,5.1139190356909126,1.9379312162791962,3.1759878194117164
frame_e_390.76_390.79,21.819588756047736,0.0,-0.7772159670425308,392.34953844581594,348.34551334821464,44.0040250976013,3.3283839639658908,1.35008652518664,1.9782974387792507
frame_li_390.79_390.98,28.075274945763667,0.37000000000000455,0.6530527738507301,409.1045853763811,351.27686523604075,57.827720140340375,7.308447003032683,2.488943414380614,4.8195035886520685
frame_a~_391.35_391.41,36.06872975667585,0.0,-0.5204244294836251,410.47928437154235,362.36417603244774,48.11510833909466,3.8821624572333917,2.3389658137524947,1.543196643480897
frame_nus_391.41_391.6,43.12632035909172,0.0,-0.3283828351552522,408.21398858568426,349.9096525409144,58.304336044769855,5.5477052672921445,2.6870706478860455,2.860634619406099
frame_de_391.6_391.67,39.60410805499511,0.0,-0.5582862409268754,410.147851945203,361.41329853306524,48.734553412137814,0.9298322146314746,0.21884480503193515,0.7109874095995394
frame_pojs_391.67_392.01,47.08317133233132,0.0,0.03603326914981512,413.0818224152047,340.8643540110063,72.21746840419843,66.07796252923367,26.790012088155393,39.28795044107827
frame_e_392.01_392.05,27.03044508297488,0.0,-0.5582862409268754,404.4717340146093,359.28228068908015,45.18945332552914,1.2519783496031351,0.674422604317698,0.5775557452854372
frame_li_392.05_392.24,33.378338625761,0.0,0.7575638963912792,406.6381105121077,351.9562869870989,54.681823525008724,20.21631476249098,15.190460510845355,5.025854251645626
frame_foj_392.24_392.43,44.5938021865437,0.0,0.2099329593902866,409.66825802326787,351.7508742489862,57.91738377428169,51.778493946036214,15.172690262636777,36.60580368339944
frame_pa_392.43_392.55,61.81891165832576,0.0,-0.784785984564746,409.0066051036388,356.974206436879,52.032398666759775,53.75930520806965,27.898172854376952,25.861132353692696
frame_ra_392.55_392.7,43.01635005195941,0.0,0.05087432295974547,408.79967820431233,355.44874598362173,53.350932220690595,10.993086615052661,6.586004906357218,4.4070817086954435
frame_fa_392.7_392.9,41.656421767290155,0.0,-0.47141336924328436,411.0775766356599,350.70040048434834,60.37717615131157,2.6507077062836686,1.4815139632507055,1.169193743032963
frame_ze~_392.9_393.2,4.3815212110788195,0.0,1.3329402016512475,415.5101785886453,347.05467809837717,68.45550049026815,79.75333228329453,36.39587290387152,43.357459379423005
frame_da_393.2_393.39,40.56726489186289,1.2200000000000273,0.2597893998407199,410.769649818218,353.67079889066554,57.098850927552405,13.492854556928876,8.900259820556485,4.592594736372391
frame_i_394.61_394.64,43.63556330358077,0.0,-0.4965695740970928,395.8729015442584,352.8647188802809,43.00818266397749,1.0313808116819132,0.5739337315203272,0.457447080161586
frame_ew_394.64_394.73,37.96070405377998,0.0,-0.7772159670425308,407.4689069762512,359.24069213459995,48.228214841651265,1.7116861972129271,0.8793929948770796,0.8322932023358476
frame_fi_394.73_394.8,58.31444462072038,0.0,-0.4965695740964987,389.3973962770118,345.8597262245187,43.53767005249313,42.412160390507616,20.674622621974137,21.73753776853348
frame_kej_394.8_394.97,15.124424775106363,0.0,-0.33935651481122,417.65677948701824,360.0755021488998,57.58127733811847,9.198986685261644,7.138972569332324,2.06001411592932
frame_so_394.97_395.2,19.415262003621905,0.0,0.905531720357115,421.81416017355855,357.7366480052659,64.07751216829257,76.1925108891896,19.302522130020435,56.88998875916917
frame_zi~_395.2_395.31,8.715759486072798,0.0,-0.704526182893792,416.0832590312215,364.07890270268285,52.00435632853862,18.51877487980552,7.6697389844605794,10.84903589534494
frame_Ju_395.31_395.38,5.346958771027317,0.0,-0.6045451718067677,417.0646408303352,368.1231260139345,48.941514816400684,6.697487449610264,4.977883469723253,1.7196039798870117
frame_mo_395.38_395.58,6.849603373710778,0.0,-0.4856658015755534,417.8874198543404,357.0785303160621,60.80888953827832,10.2812064138231,4.58685507861918,5.694351335203919
frame_ra~_395.58_395.67,0.6711472478272356,0.0,-0.7240154474589762,418.30616771837697,368.2683789800542,50.03778873832272,5.46315060083603,3.407139538107316,2.0560110627287145
frame_du_395.67_395.73,7.363680853352889,0.0,-0.6045451718059828,414.2590549880789,366.99761396419683,47.26144102388213,4.054953405674695,0.7809838475963602,3.273969558078335
frame_nu~_395.73_395.79,5.518061799526606,0.0,-0.6429107573198038,413.89133887372424,366.20614838248474,47.685190491239496,1.9983008717670714,1.4536413468755711,0.5446595248915003
frame_ma_395.79_395.93,4.983391442498771,0.0,-0.15804075392122896,413.72015265530786,360.86811766761684,52.852034987690956,7.818440681211769,5.615374253960397,2.203066427251372
frame_pe~_395.93_396.11,2.4414134900143267,0.0,0.10782963672380502,416.8642942800637,358.7376606494898,58.126633630573906,13.360673774459656,8.115716524281368,5.244957250178288
frame_sa~w~_396.11_396.43,17.978491252543265,1.0699999999999932,-0.41862892049594946,413.06472494007534,343.8696665423856,69.19505839768976,58.01431717766283,22.866409059855542,35.14790811780729
frame_e~_397.5_397.53,,0.0,-1.1172809282046323,387.0919546029486,344.04514917993583,43.046805423012756,,,
frame_ta~w~_397.53_397.78,20.396015003435366,0.0,-0.7240154474589762,416.63257144472874,351.0295541529239,65.60301729180486,63.08910603771878,17.810990827141694,45.278115210577084
frame_muj~_397.78_397.94,10.30925586528781,0.0,-0.32838283515446726,413.4240415602457,358.599869110861,54.82417244938472,35.80425218601894,15.398089698804256,20.406162487214687
frame_tus_397.94_398.13,3.412625222747778,0.0,0.08586066982359089,412.7552584500072,353.4879305945333,59.26732785547392,29.54960932417586,19.453665654258828,10.095943669917034
frame_dZi_398.13_398.22,7.830413834025151,0.0,-0.2875473290154004,416.1424490924169,365.7377122611257,50.40473683129119,2.596294656161035,1.2827433492284683,1.3135513069325668
frame_as_398.22_398.32,5.936566771487918,0.0,-0.47141336924328436,414.3853732648136,364.3191711232307,50.06620214158289,9.993171929849467,6.106197370404402,3.886974559445065
frame_ew_398.32_398.39,16.10117254393333,0.0,-0.7772159670425308,424.8154238438942,375.4765173341383,49.33890650975593,2.1312551588121664,1.0724735960909868,1.0587815627211796
frame_Se_398.39_398.56,9.714215913041556,0.0,1.1931515679996125,413.70724565423654,356.66252884507276,57.04471680916379,9.968801660711591,3.796004450548139,6.172797210163452
frame_ga_398.56_398.75,4.410214537861563,0.0,0.1553318614002327,413.29536649126,356.17344219005804,57.121924301202,19.939782829395867,10.795222967214741,9.144559862181126
frame_va_398.75_398.82,18.11513671118118,0.0,-0.889243523005827,410.77554058604835,362.64359540437465,48.1319451816737,2.051682871324104,1.359428356125406,0.6922545151986981
frame_e~j~_398.82_398.9,23.501587806326526,0.0,-1.1172809282036376,409.8295144283278,361.9004186705793,47.929095757748485,5.595942537993352,4.443196371849567,1.1527461661437854
frame_ka_398.9_399.1,12.909344877754535,0.0,-0.05358321548074174,413.5856294844238,353.09097013835617,60.494659346067635,13.317949139736072,4.397612779535677,8.920336360200395
frame_za_399.1_399.19,5.254804914196228,0.0,-0.6803284461242588,411.20381179207743,362.08473632653477,49.119075465542664,4.495852710788057,2.002676118196021,2.493176592592036
frame_kwa~_399.19_399.36,3.0375046284109146,0.0,-0.8258109564466518,410.0832876884229,354.493725018501,55.58956266992192,7.670855537057534,4.7438274695848435,2.9270280674726905
frame_du_399.36_399.42,4.317258936664629,0.0,-0.6045451718059828,406.9383423433079,359.37654491525814,47.56179742804977,3.5515318978789168,1.1097232821536522,2.4418086157252645
frame_u_399.42_399.45,11.517069342934164,0.0,-0.6045451718067677,391.81857095585997,347.3368571157896,44.48171384007037,3.250834397806642,1.254094130910886,1.9967402668957561
frame_sOw_399.45_399.69,10.946840285973593,0.0,-0.8011186199494592,412.6758115616093,349.4319219853366,63.24388957627269,17.705838409038904,14.268058263775188,3.437780145263716
frame_Za_399.69_399.78,11.696016091567145,0.0,-0.5758709076843653,410.7369499932793,362.25100642041747,48.485943572861856,3.222861897061705,2.1441878483417725,1.0786740487199324
frame_es_399.78_399.85,66.9109815865759,0.0,-0.7772159670425308,397.46157716012686,351.2565648840162,46.205012276110665,0.16052474302455266,0.055591235154906826,0.10493350786964584
frame_ta_399.85_399.97,11.82087391321005,0.0,-0.2624982923617162,413.30716578555484,361.2908659733683,52.01629981218656,8.884279246436122,2.9712135522096617,5.913065694226461
frame_va_399.97_400.23,31.118462482719877,0.9300000000000068,0.8865346304848307,411.75640761533566,347.358298252679,64.39810936265667,56.3526885550838,14.669451062859636,41.683237492224166
frame_Za_401.16_401.28,2.1898877888328627,0.0,-0.6803284461248525,412.417920653058,360.91049103539245,51.50742961766554,6.914848759909418,3.272128527925048,3.64272023198437
frame_es_401.28_401.34,8.846778840389163,0.0,-0.7772159670425308,405.14049362522496,358.63263656933947,46.507857055885495,8.678218852706038,4.835560211644932,3.8426586410611066
frame_ta_401.34_401.48,22.341328107231334,0.0,-0.47141336924328436,413.6982792490311,359.7654277767914,53.93285147223969,59.71535509545371,26.681723453381522,33.03363164207219
frame_va_401.48_401.67,1.4561453795891168,0.20999999999997954,0.25978939984131366,413.19675778006075,354.48968626606535,58.7070715139954,8.028870390325665,3.6791974200129545,4.34967297031271
frame_fO_401.88_402.16,59.44381022794633,0.0,0.08553610265083968,414.47108203245523,347.6819831715219,66.78909886093334,54.78090764347951,24.151128292902456,30.629779350577053
frame_ra_402.16_402.37,59.70967581733184,0.5600000000000023,0.5731620151627753,404.73200226933295,346.4250251640261,58.30697710530683,0.32031675225867673,0.10046258645814987,0.21985416580052686
frame_na~w~_402.93_403.03,33.52596680561928,0.0,-0.8258109564472305,418.3496972834689,367.3876924485147,50.9620048349542,6.430178927873911,4.76625350600608,1.6639254218678303
frame_ki_403.03_403.09,12.010635897750234,0.0,-0.4965695740970928,416.75903804795445,369.6892554843148,47.06978256363965,5.014905976759934,2.074836319521893,2.940069657238041
frame_ew_403.09_403.27,29.26852667566584,0.12999999999999545,1.6310110202321677,417.4549669196475,359.0784655733637,58.37650134628382,38.07848037353395,13.825465058945127,24.253015314588822
frame_vi_403.4_403.58,42.13335728333581,0.0,-0.07852508393430212,416.70089760311,358.35670834906307,58.34418925404691,26.644256524841353,12.848870702241328,13.795385822600025
frame_ve_403.58_403.77,10.216140093434632,0.0,0.9742218418827125,414.733640982707,357.06023110752074,57.67340987518628,45.30997152658577,30.072706620382434,15.237264906203336
frame_si_403.77_403.9,8.389691312170811,0.0,-0.4965695740970928,410.1261290728636,357.68700059061,52.43912848225358,31.036984919674012,18.349495098095474,12.687489821578538
frame_na_403.9_404.09,7.5552229169489635,0.0,0.2597893998407199,410.0942324611849,353.72142701146754,56.37280544971736,16.335319292408343,9.282119628464244,7.053199663944099
frame_fa_404.09_404.38,65.69894863374381,0.0,0.7820770920437498,412.8142697182455,345.6363836917158,67.17788602652968,78.53170456791224,58.777020292012764,19.75468427589948
frame_Ra_404.38_404.59,95.68229442928272,0.22000000000002728,0.5731620151621816,400.3954443304871,342.9993602420404,57.39608408844674,101.51204848513228,80.98554200786039,20.526506477271894
frame_ki_404.81_404.87,97.08651275274124,0.0,-0.4965695740964987,404.0573758321292,356.1337633112703,47.92361252085885,2.172514057653963,1.033188857802287,1.139325199851676
frame_ew_404.87_404.93,68.01255730507442,0.0,-0.7772159670437753,409.3224534708185,362.2271400620001,47.09531340881841,2.790498110641394,2.044781198032794,0.7457169126086001
frame_nu~_404.93_405.08,60.43634191062897,0.0,-0.2074615100589513,411.15319257652664,355.5952899985008,55.557902578025846,9.678805929518077,5.005748658491086,4.673057271026991
frame_ka_405.08_405.76,72.46699065586635,0.2400000000000091,4.5425484759048524,410.7505519551762,308.6992904289183,102.05126152625792,56.54572018089302,27.525543704893863,29.020176475999158
frame_fuj_406.0_406.43,51.19833265870204,0.0,1.1905100164304379,410.55489897356694,332.0675260544519,78.48737291911505,50.95714934678585,12.056939554395512,38.900209792390335
frame_dZi_406.43_406.74,58.110487418427695,0.0,1.9071862443379142,409.00579720578986,339.48935766748247,69.5164395383074,8.190667155039051,3.7480020049836327,4.442665150055419
frame_fo_406.74_406.98,61.275135890817424,0.0,-0.6595654918170134,409.121348623107,348.36240762444277,60.758940998664286,55.97134086375018,26.193850513425033,29.777490350325145
frame_li_406.98_407.39,46.10543355566905,0.0,2.638764102122352,412.8984311477568,334.2025528216582,78.69587832609864,6.229314345655567,3.0030070349366866,3.22630731071888
frame_a_407.39_407.44,54.95655417874738,0.0,-0.6803284461242588,406.6229139694433,360.31649658731607,46.30641738212722,0.36295846681564115,0.2789991093326165,0.08395935748302463
frame_dZi_407.44_408.15,73.31383005572388,0.7100000000000364,6.192142268503994,405.1547607287164,301.5379687869588,103.61679194175764,39.27353434941497,17.284936981376077,21.988597368038896
frame_dZi_408.86_409.05,67.15929497788814,0.0,0.7575638963912792,418.50588623652345,359.0978823488721,59.408003887651375,5.568513951962856,2.158618064807129,3.4098958871557272
frame_baj_409.05_409.49,62.50132615023114,0.0,1.8266524764492156,414.0213203022369,331.0167044896389,83.00461581259799,12.79537785367215,7.14374581760876,5.65163203606339
frame_lis_409.49_409.73,69.7308724697098,0.0,0.4440305287690377,409.8605959889968,347.35438237081996,62.506213618176844,5.82044052950144,2.224556755043352,3.5958837744580876
frame_ow_409.73_409.85,70.6346664846089,0.0,-0.4856658015765419,407.91120860931863,356.8626012611353,51.04860734818334,7.378060485038418,2.465100700217164,4.912959784821254
frame_dZi_409.85_410.29,76.94907048443072,0.0,3.3703419599073845,405.19421643689134,324.7874768816031,80.40673955528831,9.004955889067304,4.444635174698533,4.560320714368771
frame_be_410.29_410.42,58.19443990959314,0.0,0.31743266353699073,410.259143913182,357.9995084721735,52.25963544100853,14.975531243770291,5.011133982857459,9.964397260912833
frame_be_410.42_410.58,61.854031444464766,0.0,0.09850293742009088,411.0304984394341,354.5750014916134,56.45549694782068,13.38845725250232,7.830692695761641,5.557764556740679
frame_dej_410.58_410.9,67.00240705027943,0.0,2.0688704724634785,409.58267364003467,339.4913282466327,70.09134539340198,19.808187321114758,5.091995146509902,14.716192174604856
frame_ras_410.9_411.04,68.28349304280532,0.0,-0.47141336924328436,405.31841886983466,351.83104914547084,53.487369724363816,4.7869179439951495,2.7931186329482784,1.993799311046871
frame_ow_411.04_411.1,60.05629509508488,0.0,-0.8334651820594619,401.4237639017886,354.8383367389853,46.58542716280334,5.946316330384036,3.5688120860768606,2.3775042443071754
frame_kwaw_411.1_411.19,104.85594130713987,0.0,-0.6045451718067677,406.0830986633208,357.2127188650198,48.87037979830103,10.594161903839485,5.865760860514676,4.7284010433248085
frame_kEX_411.19_411.42,63.240048768659264,0.08999999999997499,-0.8892435230052332,408.0562961184732,346.5229379640329,61.53335815444029,4.234938377256199,2.0989620994985927,2.1359762777576066
frame_koj_411.51_411.7,66.42203773883442,0.0,-0.4856658015755534,402.11982766540274,344.6184935386085,57.501334126794234,2.933281550756334,1.1369802223435954,1.7963013284127385
frame_za_411.7_411.88,83.45319257997463,0.060000000000002274,-0.889243523005827,391.2414534717827,336.0831862643976,55.15826720738505,6.157952818180291,2.7455336888817854,3.412419129298506
frame_majs_411.94_412.49,6.957772468677959,0.0,0.4687044767222881,410.72886444069,320.3982560621914,90.3306083784986,47.0780584594569,14.893674612098721,32.18438384735818
frame_ew_412.49_412.82,7.372449506584914,0.0,-0.7772159670437753,410.7811436786349,339.5877961271736,71.19334755146133,22.896167729659993,11.594016822590902,11.302150907069091
frame_gos_412.82_413.05,15.455139911695213,0.0,-0.1378664210926334,407.7280673608482,347.7415517050458,59.98651565580235,11.81627650534999,6.142823277346437,5.673453228003552
frame_ta_413.05_413.22,19.245973652329383,0.0,0.05087432295974547,409.91610463279835,354.11451666402917,55.801587968769184,13.416240796570932,9.308943431744197,4.107297364826735
frame_ri_413.22_413.51,19.882405587320008,0.0,1.9071862443379142,411.1483659418544,344.60147555165724,66.54689039019718,13.351887249873002,3.8314884167569403,9.520398833116062
frame_gos_413.51_413.73,17.643650184121327,0.0,0.2099329593912751,408.8402472830294,349.5840380058819,59.25620927714749,8.854583475954755,5.376623063029058,3.4779604129256967
frame_ta_413.73_413.92,20.242857440707922,0.0,-0.15804075392122896,411.0839699367492,352.39971780179246,58.68425213495675,11.06477444881267,2.146867986328502,8.917906462484169
frame_va_413.92_414.06,21.698278326411753,0.0,-0.47141336924328436,411.3388490311135,356.8853644509227,54.45348458019083,5.970679341056098,2.466015613357456,3.5046637276986417
frame_muj~_414.06_414.45,21.472229859410746,0.0,-0.1903016668287095,405.2301219657804,333.02795922813544,72.20216273764498,23.1079080636449,16.512299042353476,6.595609021291423
frame_tu_414.45_414.54,68.19935961386187,0.7699999999999818,-0.6045451718059828,389.73331891552965,342.4656849583005,47.26763395722912,2.008143511269104,1.0139872575732767,0.9941562536958273
frame_dZi_415.31_416.06,78.88213298312935,0.4900000000000091,6.401164513585686,404.95502857840745,298.04413241009036,106.91089616831707,45.529837532625905,15.142779944849451,30.387057587776454
frame_iX_416.55_416.63,59.67087721916522,0.0,-0.2875473290154004,405.837270910069,359.2520471322532,46.58522377781577,2.016286026445428,0.9647366191838529,1.0515494072615752
frame_a_416.63_416.66,64.22182020240717,0.0,-0.8892435230052332,386.38329772802115,342.1258676503277,44.25743007769353,9.0037457648898,1.7660033318447148,7.237742433045085
frame_ka_416.66_416.89,65.59566122979126,0.0,-0.05358321548074174,404.0183558797812,346.826191386209,57.19216449357219,47.27585044155438,16.0152515057341,31.260598935820283
frame_za_416.89_416.99,56.576033089499575,0.0,-0.47141336924328436,409.2234744878538,359.7070902833113,49.51638420454253,4.405775504257647,1.616037057468347,2.7897384467893005
frame_dZi_416.99_417.09,58.021817286371515,0.0,-0.07852508393430212,407.6503093810859,358.48598634667525,49.16432303441064,5.74336691186285,2.077263158132439,3.666103753730411
frame_u~_417.09_417.19,51.36490288001005,0.0,-0.13488663551506333,409.96587107569314,360.38644210743206,49.579428968261084,3.620651897100217,1.659373007238301,1.9612788898619158
frame_a_417.19_417.25,56.13001296094352,0.0,-0.5758709076837716,409.9344970263161,362.4162079389026,47.51828908741351,2.3940389753049516,1.1120390100440432,1.2819999652609084
frame_mi_417.25_417.47,56.80432553589806,0.0,-0.2875473290154004,413.9260840310576,350.7393942708662,63.18668976019137,5.863309157721744,2.3894188209621205,3.4738903367596237
frame_gu_417.47_417.57,65.16013967076923,0.0,-0.052220498502951754,407.9830558656033,358.4690746542475,49.513981211355826,2.492722098645885,1.5981760273644738,0.8945460712814111
frame_ki_417.57_417.69,92.07854165987057,0.0,-0.4965695740970928,409.3752023297268,358.4670624337924,50.90813989593437,46.17112289674579,35.004412015565435,11.166710881180357
frame_E_417.69_417.74,58.50943410569137,0.0,-0.5969827269228611,408.76210163353574,362.1881156907677,46.57398594276805,0.23524260290813004,0.1595018138454094,0.07574078906272064
frame_Ra_417.74_417.94,62.312722603580795,0.0,0.05087432295974547,405.81997633678293,350.31806203810413,55.5019142986788,9.96095965288221,6.166713738969975,3.794245913912235
frame_dZi_417.94_418.01,59.392531586971685,0.0,-0.4965695740970928,408.971579144887,360.5704914789258,48.4010876659612,11.857116285803727,4.975153836410712,6.881962449393015
frame_o_418.01_418.04,54.46820548179356,0.0,-0.8334651820584733,396.707320610856,351.94678897230693,44.76053163854908,6.038930406962308,1.5990032009679425,4.4399272059943655
frame_a_418.04_418.07,47.17595832195647,0.0,-0.889243523005827,398.6062747477012,353.6418252570922,44.96444949060901,5.306030754948651,2.542053242065492,2.7639775128831587
frame_ma_418.07_418.21,40.70311513122982,0.0,-0.2624982923623099,412.1755804112392,358.8166876392092,53.35889277203,4.019586921267518,1.9225593471753228,2.097027574092195
frame_doX_418.21_418.54,4.793595756239142,1.3799999999999955,-0.1378664210926334,415.264056008099,345.3204976658149,69.94355834228406,40.228586684348386,10.344847071259892,29.883739613088494
frame_ko~_419.92_420.07,62.22789149467462,0.0,-0.34773899230505034,411.3718702555831,356.58184672227566,54.79002353330742,50.71232162231286,15.302375346381567,35.40994627593129
frame_e_420.07_420.12,59.005974973385506,0.0,-0.33935651481122,403.62172844477504,360.66952572312294,42.9522027216521,1.825007430905302,0.8678307920866359,0.957176638818666
frame_ki_420.12_420.32,54.66079575664641,0.0,0.33951940622848853,412.3221017105078,353.74074742192283,58.581354288584976,13.700997916584598,7.006632467047723,6.694365449536875
frame_pa_420.32_420.45,67.75250417928137,0.0,-0.47141336924328436,410.63099230630576,357.474217213475,53.15677509283074,5.208252237541927,2.966212696619266,2.2420395409226614
frame_me~_420.45_420.66,59.557322877194466,0.0,0.45786122670279006,407.15986169947945,347.7784929962608,59.38136870321864,13.405532220232018,6.2973786584139475,7.108153561818071
frame_tu_420.66_420.84,83.81462037509448,0.0,-0.052220498502951754,402.47375398997127,346.97597305013295,55.49778093983832,47.264326895444626,32.391487945421545,14.87283895002308
frame_dZi_420.84_421.07,60.165624061741966,0.0,1.280119509094025,406.4550610197669,347.0674668072278,59.38759421253911,10.890219028851092,3.0879933175794605,7.802225711271632
frame_pri~_421.07_421.25,60.88062961168289,0.0,-0.056144760076668375,412.0280126539477,353.72064650858886,58.307366145358856,43.96496850727182,9.100333948235004,34.864634559036816
frame_mej_421.25_421.44,54.33953134592545,0.0,-0.7772159670425308,411.2102977974107,352.015112551246,59.195185246164726,14.35342807056918,5.882225221598517,8.471202848970663
frame_ra_421.44_421.53,62.48681893328087,0.0,-0.5758709076843653,408.15713968858654,359.93585136358956,48.221288324996976,5.867352869906995,4.020963741813219,1.8463891280937759
frame_kwa_421.53_421.68,59.66361207295097,0.0,-0.8892435230052332,409.5535393470682,354.2247419825155,55.328797364552656,0.9756431529561951,0.33149652821516895,0.6441466247410261
frame_li_421.68_421.83,44.9112962582135,0.0,0.1304971611467962,409.07610815880287,356.1297792529389,52.94632890586399,96.18962579115657,77.75379850888467,18.4358272822719
frame_da_421.83_422.13,43.061675460095216,0.0,1.3043647842467796,410.9194887098082,344.1396762565231,66.77981245328516,25.5560812655948,4.1527398439133805,21.403341421681418
frame_dZi_422.13_422.19,46.90196281487084,0.0,-0.4965695740970928,403.14647388466966,357.78180636595374,45.36466751871592,4.156759668789519,2.927272889904671,1.2294867788848478
frame_tu_422.19_422.28,96.67453342773315,0.0,-0.1903016668294944,394.395520817261,347.63373773034704,46.761783086913965,6.023762911424718,2.8691274181136635,3.154635493311055
frame_du_422.28_422.35,96.5668182718376,0.0,-0.46646400348022504,405.29714527403206,357.2519726254949,48.045172648537175,8.544353014078503,3.504099637888899,5.040253376189604
frame_majs_422.35_422.7,51.77869179818394,0.0,-0.2624982923617162,409.01698970175363,337.110342153312,71.90664754844164,20.32563591965082,9.240467140527471,11.08516877912335
frame_pojs_422.7_423.0,63.698808477034675,0.0,1.4272307910824835,407.0681006521357,339.48193213789926,67.58616851423642,8.699738725889219,6.2408148854161,2.458923840473119
frame_e_423.0_423.04,65.13981100861568,0.0,-0.5582862409268754,399.47279162033163,354.3699791936817,45.10281242664996,0.336742847474909,0.24604002096826605,0.09070282650664296
frame_li_423.04_423.14,65.72186800404674,0.0,-0.18303620647485128,403.6957519378725,354.1811383659733,49.51461357189919,8.177725506944753,4.815266706068272,3.3624588008764817
frame_fa_423.14_423.28,75.86505878082822,0.0,-0.6803284461248525,410.3795748602646,356.6654508724597,53.714123987804896,45.745955734458235,25.854428610579163,19.891527123879072
frame_la_423.28_423.45,52.97449936323375,0.0,-0.36695583080279714,409.36594651419676,352.5849907017536,56.78095581244315,3.8197191317366475,1.6408460559251097,2.1788730758115378
frame_va_423.45_423.55,56.915513885548705,0.0,-0.6803284461242588,409.2189137450885,360.16745286798977,49.05146087709875,5.103990385224492,2.002381642398774,3.101608742825718
frame_muj~_423.55_423.7,58.86359608352525,0.0,-0.46646400348022504,410.209742783471,356.25882088583353,53.95092189763744,5.507072112622836,3.0000293805694724,2.507042732053364
frame_tu_423.7_423.81,53.448257790675584,0.0,-0.32838283515446726,410.6162545560532,359.8392735809268,50.776980975126435,2.2584717745533,0.9313587210955632,1.3271130534577367
frame_be~j~_423.81_424.1,58.96508685320546,0.0,-0.41721774824467256,412.54965443159637,344.49046587416416,68.05918855743221,14.65732247342045,3.6100503008380542,11.047272172582396
frame_u_424.1_424.13,57.401451136943024,0.0,-0.6045451718067677,391.81325141905444,350.0915956416114,41.72165577744306,3.353189007390583,2.9172553792752467,0.4359336281153361
frame_i~g_424.13_424.25,62.768862113057665,0.0,-0.2182401157809493,406.10916090301106,354.8266418303755,51.28251907263558,4.042643229649855,2.001016770098701,2.0416264595511535
frame_lejs_424.25_424.56,54.509393888681714,0.0,0.5363623896514017,409.02666725075125,343.7605925643182,65.26607468643306,12.143568004469671,5.727487623582903,6.416080380886768
frame_fra~_424.56_424.75,67.6016799677513,0.0,-0.21503790252059835,402.7322241125652,346.25687276452766,56.47535134803752,1.4367196420675583,0.6532188089980338,0.7835008330695246
frame_sejs_424.75_424.88,89.0701652397608,1.259999999999991,0.0,395.71446327749334,344.52907191408354,51.18539136340979,19.130402065060174,10.141977533297613,8.988424531762561
frame_e~_426.14_426.19,40.525684635873134,0.0,-0.7672493382246525,402.88308439303773,357.2703272188477,45.61275717419005,0.8537274142771452,0.6517991923347353,0.2019282219424099
frame_ta~w~_426.19_426.37,36.509986920259806,0.0,-0.5204244294836251,424.03197908160655,364.9406381686168,59.09134091298978,66.40580270433529,26.07241778573521,40.33338491860007
frame_fi_426.37_426.43,13.292437456702913,0.0,-0.4965695740964987,396.5337530726305,352.2709401588853,44.262812913745165,4.3598095676536985,2.1836361377621216,2.176173429891577
frame_ka_426.43_426.5,11.381369472174953,0.0,-0.889243523005827,408.14797983396585,362.5946016085696,45.55337822539627,4.426160759643949,3.43120463175768,0.9949561278862689
frame_va_426.5_426.69,13.25605185364418,0.0,0.05087432295974547,416.6937558221419,356.930109093057,59.76364672908488,19.37385195067465,10.969816794108908,8.40403515656574
frame_mus_426.69_426.87,19.38031638850792,0.0,-0.052220498502951754,410.5271070494646,354.4419369005084,56.08517014895614,8.933786154702887,6.334313096610359,2.599473058092528
frame_ko~_426.87_427.01,12.267174783811711,0.0,-0.47517742982576744,412.45411472464525,359.2105165685783,53.24359815606692,9.970784696289812,5.916197409152744,4.054587287137068
frame_veX_427.01_427.22,20.46231938337567,0.0,0.09850293742009088,411.849271858023,351.5234869706841,60.3257848873389,27.3505618588609,14.05337190082156,13.29718995803934
frame_sa~_427.22_427.5,5.894501504712608,0.0,0.49753066039428795,413.68422752153117,347.4125922914553,66.2716352300759,13.364870371089935,6.37417119489028,6.990699176199655
frame_du_427.5_427.58,5.657696653176117,0.0,-0.6045451718067677,406.8644053424822,357.9332269451913,48.93117839729092,5.816833793842079,2.489506806073024,3.3273269877690552
frame_i_427.58_427.73,37.354922733921555,0.0,0.7575638963912792,410.9240874204059,356.08680761694774,54.83727980345816,17.622032188827603,11.706667325801135,5.915364863026468
frame_bri~_427.73_428.02,36.19550904335097,0.0,0.9164273741499385,411.6677586017241,344.09045496834545,67.57730363337862,44.203633934213684,10.938152494063985,33.2654814401497
frame_ka~_428.02_428.26,25.23020289498021,0.0,-0.11324239353292277,409.86075083908565,347.76729012442684,62.093460714658875,66.11834628366746,22.490313375802316,43.62803290786515
frame_du_428.26_428.34,11.964562528467525,0.0,-0.3283828351552522,408.3002158977922,361.61150346081195,46.688712436980325,5.499580964007691,3.3878234397542286,2.1117575242534627
frame_ko~_428.34_428.5,22.326089076107635,0.0,-0.6026158673464845,410.25011227687,355.43529063617916,54.81482164069092,4.83738983785004,2.5720239765530835,2.2653658612969565
frame_u_428.5_428.76,40.0411579156242,0.11000000000001364,2.5713216996888,407.63443166979016,345.43130502777007,62.203126642020095,23.1937632795552,7.604107811664363,15.589655467890836
frame_mu~_428.87_429.1,1.525266571556159,0.0,0.590862109920516,415.0674426169698,351.7684852182726,63.29895739869721,52.48513206054474,20.536191383240777,31.948940677303966
frame_du_429.1_429.26,32.13085747331368,0.0,0.6381853431266219,401.8294129722281,347.85829893111406,53.97111404111405,108.36966020585422,41.33469228090348,67.03496792495073
frame_to_429.26_429.45,22.873297083167444,0.0,0.7316320301156551,412.7741716890729,354.4695745116599,58.30459717741297,17.62066577568305,7.121995720209043,10.498670055474008
frame_du_429.45_429.62,93.5358549950823,1.4099999999999682,-0.052220498502951754,396.3124029382887,341.6178820223301,54.694520915958606,1.510967267447235,0.8318807538822952,0.6790865135649398
frame_o~_431.03_431.13,4.384463109671643,0.0,-0.09286211726289174,414.7638482742708,363.83835688633053,50.925491387940326,12.975441706874761,3.930727038303573,9.044714668571189
frame_me~j~_431.13_431.38,0.3464899742372154,0.0,-0.41721774824566743,416.4456465093152,352.4819444327966,63.96370207651864,4.332183701564404,1.647242008537603,2.6849416930268006
frame_ki_431.38_431.49,60.769386829463876,0.11000000000001364,-0.2875473290154004,402.1369779645142,353.6642462236827,48.47273174083148,2.3310444635977987,1.1842005995993716,1.146843863998427
frame_tSi~_431.6_431.7,10.862516716098341,0.0,-0.2182401157809493,412.4624455161073,362.7271607037459,49.735284812361385,3.594162358779215,1.615419083487879,1.978743275291336
frame_Ja_431.7_432.35,17.51644197937469,0.38999999999998636,2.348940168652839,410.14176821999035,310.68794734034225,99.45382087964816,24.061052579819673,6.32558214146141,17.735470438358263
frame_Za_432.74_433.09,83.02458596136401,0.4800000000000182,1.6177373995682411,409.4145378690406,336.6816150352893,72.73292283375127,12.189414197972965,6.196173977044438,5.993240220928527
frame_kwa_433.57_433.77,42.32590583561556,0.0,-0.05358321548133552,412.8615426089665,352.8285435952074,60.03299901375908,11.011214098426237,7.589616719197821,3.421597379228416
frame_zi_433.77_433.92,48.381169279834864,0.0,0.13049716114739027,407.133970994632,353.6627530373129,53.47121795731914,8.027851356625433,3.627776154679779,4.400075201945654
frame_kwa_433.92_434.1,44.32512250412107,0.0,-0.3669558308022034,412.4857381841986,354.63519516384935,57.85054302034928,6.621115556198788,3.7731623786880846,2.8479531775107034
frame_re~_434.1_434.31,21.48209162406701,0.0,1.3329402016512475,415.60560849953293,353.7749596215506,61.830648877982355,18.20616765528257,7.790709995486793,10.415457659795777
frame_ta_434.31_434.45,23.27756539076755,0.0,-0.889243523005827,413.5454078442089,359.0633178506019,54.48208999360702,22.667189201452672,9.778480963892193,12.88870823756048
frame_a~_434.45_434.59,42.91410981488359,0.0,0.2939396424183582,410.8315775317797,356.94337678133525,53.88820075044447,7.0081494741481976,4.432540760434193,2.5756087137140042
frame_nus_434.59_434.75,50.746507308945084,0.0,0.08586066982280599,408.9278536869704,354.0692033418055,54.858650345164904,4.98864722240711,2.2004234889870986,2.7882237334200113
frame_dZi_434.75_434.88,41.79724201648641,0.0,0.025986038606247035,410.6259284836304,358.2933471192909,52.33258136433949,8.564833062435824,4.555244815169431,4.009588247266393
frame_Ra_434.88_435.22,36.09882482722823,0.0,1.4088223226872667,406.84188619891194,338.68923258746156,68.15265361145038,15.249611922698975,6.444457309210307,8.805154613488668
frame_dZiu_435.22_435.37,84.51457432697867,1.240000000000009,-0.2875473290154004,392.2717220418896,340.4904417990102,51.78128024287935,3.3826708441959923,1.8515493137093912,1.531121530486601
frame_e~_436.61_436.67,48.500919493613395,0.0,-0.59223354323516,402.04016119260274,358.0101767200012,44.02998447260154,1.0218196971512015,0.5732780220924383,0.4485416750587632
frame_ta~w~_436.67_436.96,37.44151833910699,0.0,-0.011446884544668561,409.5919286667379,343.36236767620653,66.22956099053135,26.768495524663805,9.011820487077898,17.756675037585907
frame_tSi~_436.96_437.07,86.09998224863895,0.0,-0.5424308271895111,412.0722653449481,361.14195271564273,50.93031262930538,0.9490845264301697,0.28482024107918136,0.6642642853509884
frame_Ja_437.07_437.19,29.324421740299016,0.0,-0.889243523005827,411.1055486345486,359.59205762822603,51.51349100632257,3.4317577195628672,1.7244267351847498,1.7073309843781175
frame_a_437.19_437.23,34.86037702462913,0.0,-0.784785984564746,404.9997093191661,359.18590304472696,45.813806274439116,0.5818456865472115,0.35060346981194357,0.2312422167352679
frame_mi_437.23_437.49,42.140011490621575,0.0,-0.18303620647485128,412.9719478355461,347.72579843547805,65.24614940006802,8.368713487856041,4.87731993168083,3.491393556175211
frame_gu_437.49_437.63,79.59836045708224,0.8100000000000023,-0.052220498502951754,396.7200783684297,344.20533745179125,52.51474091663846,2.138887737458532,1.165365381276132,0.9735223561824
frame_e~j~_438.44_438.76,49.80226367109819,0.0,1.1579244066617551,411.1419181573963,341.8837315281214,69.2581866292748,22.493307326090203,13.058090060973967,9.435217265116236
frame_to_438.76_438.94,20.863915547227407,0.0,0.7316320301156551,411.0723921624179,353.9566588489652,57.115733313452665,13.953598124639882,7.235755586324984,6.717842538314898
frame_das_438.94_439.1,33.955583998268835,0.0,-0.47141336924328436,408.8970661055427,354.5549515191769,54.342114586365824,25.469056183347917,17.076041644242665,8.393014539105252
frame_ajs_439.1_439.26,48.509584863458386,0.0,-0.47141336924328436,409.42570461697824,354.1566852210485,55.26901939592966,5.275200614666076,3.6894067511429967,1.5857938635230795
frame_paX_439.26_439.49,52.96227284983334,0.0,-0.36695583080279714,412.5530170216892,350.5512975671857,62.00171945450347,5.063466985161085,3.4560801457131447,1.6073868394479405
frame_tSis_439.49_439.6,88.9566857280468,0.0,-0.4965695740970928,393.74015663232234,344.30487053871695,49.435286093605384,0.4174215513584869,0.30453295641449785,0.11288859494398906
frame_du_439.6_439.68,39.25564807772528,0.0,-0.46646400348022504,408.8280157541451,360.90796988283665,47.920045871308446,0.8698946515093553,0.6268829925608657,0.24301165894848964
frame_mu~_439.68_439.93,41.461241052000815,0.0,0.22798773720272636,412.39998841638266,348.56861972815904,63.83136868822362,27.906074732331376,15.169327885064945,12.736746847266431
frame_du_439.93_440.01,27.153372463430685,0.0,-0.6045451718067677,411.7555174367702,362.27104586173976,49.484471575030454,7.328324078107286,3.260219911092321,4.068104167014965
frame_i_440.01_440.05,26.675020768247705,0.0,-0.39205845155594954,389.32013061933714,348.77210095074327,40.54802966859387,1.7674029672334939,1.15692521538368,0.6104777518498139
frame_fi_440.05_440.14,86.84960652190334,0.0,-0.18303620647485128,395.65419885017,346.94748524052557,48.70671360964445,20.260629982110054,15.877192252473748,4.383437729636306
frame_ka_440.14_440.27,54.74127717883404,0.0,-0.5758709076837716,412.9833495622124,359.30044255849396,53.68290700371847,4.245381581667402,2.886045317504653,1.3593362641627493
frame_va_440.27_440.36,52.7078256266048,0.0,-0.5758709076837716,410.9971074107862,362.84379082453717,48.15331658624905,1.376411302633656,0.9679745038663725,0.40843679876728345
frame_ko~_440.36_440.54,47.32775124376775,0.0,-0.22030055478360885,409.1656023130793,353.4133041320702,55.75229818100911,0.5659717382437037,0.25436107185659296,0.31161066638711077
frame_veX_440.54_440.63,53.77532939939155,0.0,-0.7772159670425308,405.36971662785334,357.87775715104453,47.4919594768088,0.7288595556771043,0.48086934685281335,0.2479902088242909
frame_sa~_440.63_440.78,61.35363136527148,0.0,-0.21503790252059835,409.1936097378572,355.7965871928328,53.397022545024356,40.04639198105163,16.025093329837404,24.021298651214224
frame_du_440.78_440.86,50.66404679446413,0.0,-0.32838283515446726,405.808197084045,358.2758028824567,47.53239420158826,6.625849967882488,2.029253875792037,4.596596092090451
frame_ko~_440.86_441.0,33.8130821505724,0.0,-0.9849311799093602,409.16045446543853,355.2840610291279,53.87639343631065,11.770600102764746,4.134656384134132,7.635943718630614
frame_u~_441.0_441.24,51.054200114449046,0.2599999999999909,0.8811616080944177,406.93021962236367,345.18866419485386,61.74155542750981,7.862630571612698,2.9516257195444666,4.911004852068231
frame_ko~_441.5_441.61,55.83879964696416,0.0,-0.3477389923043259,409.90638280734345,359.41934369250356,50.48703911483989,5.994455316216687,2.284443621681376,3.7100116945353108
frame_ow_441.61_441.76,49.28153505868492,0.0,-0.4856658015755534,407.41230732396735,353.4230959749052,53.989211349062145,3.839742918600095,1.5753497766605733,2.2643931419395216
frame_tru_441.76_441.97,64.01933820853186,0.0,0.08586066982359089,413.92717877781024,353.23021401078813,60.69696476702211,5.021138074292594,1.7399133679626573,3.2812247063299367
frame_seR_441.97_442.24,67.20095630864091,0.0,1.1931515679996125,412.3932474794982,347.63902834354883,64.75421913594937,49.4205509445548,21.755994106235548,27.66455683831925
frame_vi~_442.24_442.51,54.10555727969755,0.0,1.8889995083765454,414.33258329308615,347.5180739748288,66.81450931825736,17.109778879213735,4.467695786951296,12.642083092262439
frame_du_442.51_442.57,55.370985502472735,0.0,-0.6045451718067677,409.665800402465,362.6874106054088,46.978389797056195,1.3771869649282706,0.359450814497535,1.0177361504307356
frame_a_442.57_442.66,61.9423153671098,0.0,-0.2624982923617162,410.2596551730919,360.86213254663977,49.397522626452144,1.4723858045521894,0.9648419701538558,0.5075438343983336
frame_u~_442.66_442.87,54.134167938865275,0.0,0.6634369844635789,409.5002701883419,349.55833050162414,59.94193968671772,12.849604905593395,5.289817514246039,7.559787391347356
frame_seR_442.87_443.09,75.04340255434961,0.0,0.5363623896514017,403.6902597624067,347.2084837785609,56.48177598384581,15.633409925167655,8.632949641795435,7.00046028337222
frame_vi~_443.09_443.3,58.80426501360097,0.0,0.5922366627413767,409.9533807744232,349.2470053489293,60.70637542549389,15.570024746627794,7.746879842071422,7.823144904556372
frame_du_443.3_443.37,59.181924028004715,0.0,-0.6045451718059828,417.57514330799745,369.08556217609913,48.48958113189832,8.992256593539963,2.0013285342778175,6.990928059262146
frame_a_443.37_443.42,64.69901863123201,0.0,-0.6803284461242588,402.1220434681421,357.10643179842145,45.01561166972067,0.9096891558661611,0.4994104570006215,0.4102786988655396
frame_ow_443.42_443.74,49.67655521756235,0.0,3.1662276934980724,408.57539334272985,338.25112433988414,70.32426900284571,44.705369994559916,24.199245235953285,20.50612475860663
frame_trus_443.74_444.15,60.98845736681986,0.0,0.6381853431266219,407.6860787861186,331.05059668772645,76.63548209839217,56.53014961500369,20.83517536338944,35.69497425161425
frame_i_444.15_444.6,62.24106820160688,0.0,3.892897572610724,408.72930649992776,326.5670766650239,82.16222983490388,44.15305455926402,13.248919493377244,30.904135065886777
frame_ew_444.6_444.7,44.16749361233491,0.0,-0.12042678869556454,410.3278676899231,359.8158713519406,50.51199633798245,1.2701353216386764,0.539400121150095,0.7307352004885814
frame_fi_444.7_444.87,66.21441028943545,0.0,0.13049716114739027,402.9215159445494,347.15929836383583,55.76221758071358,84.00226693573931,51.815066455082416,32.1872004806569
frame_ka_444.87_445.05,39.52657063404342,0.0,-0.05358321548074174,409.0347756658699,353.3517384923526,55.683037173517334,2.181528273750544,1.0151295733731018,1.1663987003774423
frame_va_445.05_445.13,45.22183520079703,0.0,-0.6803284461242588,411.0113736844228,362.043129527416,48.96824415700678,3.671610823941961,2.789581613665817,0.8820292102761442
frame_la_445.13_445.36,59.88899983053186,0.0,0.2597893998407199,407.66340818499975,347.13547561789244,60.527932567107314,14.529441723950399,7.441095513265836,7.088346210684563
frame_e~_445.36_445.41,52.7704941157276,0.0,-0.7672493382246525,402.7266039175451,357.13367693543034,45.59292698211476,2.674705974983752,0.7585371006299653,1.9161688743537866
frame_ta~w~_445.41_445.63,41.953700901327736,0.0,-0.7240154474589762,409.86988168713674,349.3642328545883,60.505648832548445,110.38369639597968,55.34836628558544,55.035330110394234
frame_kwa~_445.63_446.05,32.31865079574315,0.0,1.311894732296271,414.17711095477273,334.28626911047,79.89084184430266,149.3051950030263,117.17929405520566,32.12590094782064
frame_du_446.05_446.14,43.033166256773924,1.420000000000016,-0.1903016668287095,397.81295335621047,349.82232735603486,47.99062600017561,54.63521188491954,42.51538448990853,12.119827395011015
frame_ajs_447.56_447.67,41.75090231539966,0.0,-0.6803284461242588,410.6046753098545,359.26503223918434,51.33964307067015,10.08944772879606,4.2115711911441025,5.877876537651957
frame_ve_447.67_447.86,23.56362202383056,0.0,1.1931515679996125,413.82892392112035,355.089787717352,58.739136203768396,19.975540448762715,6.576878786967399,13.398661661795316
frame_zis_447.86_447.96,36.487087928029936,0.0,-0.39205845155594954,408.2570485877386,358.7105893793522,49.54645920838641,4.814277386563219,2.6632133613397713,2.151064025223448
frame_du_447.96_448.16,13.901321615777789,0.0,0.9143476797789223,413.99888374068144,353.581508559885,60.417375180796455,20.11096399771172,10.59009029914455,9.520873698567172
frame_as_448.16_448.32,33.15283452845348,0.0,-0.36695583080279714,409.3017618241969,356.4050690094885,52.89669281470839,15.788605260624124,9.758326015100394,6.0302792455237295
frame_trejs_448.32_448.69,22.284498632176238,0.0,0.5363623896514017,414.1454965676713,339.499847506786,74.64564906088526,59.741231103940066,10.566312625055332,49.174918478884734
frame_kwa_448.69_448.98,11.292381494009817,0.0,0.4687044767222881,415.2922303740486,348.51484213273477,66.77738824131376,108.01391714305883,39.30483928654874,68.70907785651009
frame_tru_448.98_449.11,54.61852806993892,0.0,-0.6045451718059828,414.1496298053946,361.38599474828663,52.76363505710799,84.69384151676522,55.3503409546359,29.34350056212933
frame_O_449.11_449.15,18.49659279185991,0.0,-1.3331114535100417,411.04255337439236,365.4247558996096,45.617797474782776,0.29464731809463274,0.19163876087394272,0.10300855722069002
frame_ras_449.15_449.37,14.299721752862439,0.0,0.4687044767216943,419.5336388063149,356.1650471161363,63.368591690178675,11.85613398434593,3.6316848278396776,8.224449156506253
frame_da_449.37_449.46,18.199483481564783,0.0,-0.5758709076837716,418.7932004112795,368.41421960877153,50.378980802507954,10.56679295116244,4.302167484018511,6.264625467143929
frame_ma_449.46_449.63,22.529308637608693,0.0,-0.15804075392122896,415.97544205141014,358.71660268173696,57.25883936967318,11.504495497254126,6.248886093503373,5.2556094037507535
frame_Ja~_449.63_449.83,8.11105420798117,0.0,0.4975306603937093,415.17281297537477,355.09232625739594,60.08048671797877,54.04464686043892,30.034800645396814,24.009846215042103
frame_sa_449.83_449.92,60.09078240875394,0.0,-0.8892435230052332,399.540732610161,352.09645842002465,47.444274190136355,2.1253739658397137,1.1578989901966281,0.9674749756430856
frame_i_449.92_449.95,84.1834898960249,0.0,-0.4965695740970928,386.0565346210102,343.40576351394407,42.650771107066134,0.4045079917796883,0.18578203158562445,0.21872596019406387
frame_a_449.95_450.12,19.679616842833752,0.0,0.5731620151627753,413.5866067250819,358.3313438319741,55.25526289310784,8.615384527868656,3.2952238252414645,5.3201607026271915
frame_da_450.12_450.25,16.095512913155176,0.0,-0.36695583080279714,414.1551510289874,359.9942485882361,54.16090244075133,8.224164195516693,4.299220724503499,3.9249434710131936
frame_ka_450.25_450.45,25.418421828412136,0.0,-0.05358321548074174,414.7445479858016,354.5618399254045,60.18270806039709,84.97501557562566,25.407873232981302,59.56714234264437
frame_za_450.45_450.63,32.94181755481583,0.0,0.1553318614002327,412.46848240168504,355.93016935994217,56.53831304174287,26.34771951932717,14.953414666353808,11.394304852973363
frame_de_450.63_450.81,34.20586360474864,0.0,0.974221841883957,414.84393187368744,355.62158726252864,59.2223446111588,21.444694812030917,11.711542613515135,9.733152198515782
frame_li_450.81_450.9,4.841387051053999,0.0,-0.4965695740970928,414.2986581674714,364.08392216161485,50.21473600585654,11.604271266089555,5.177895496867308,6.426375769222247
frame_i_450.9_451.02,0.4768042334181928,0.0,0.4440305287690377,414.7458556199422,362.0966144441559,52.64924117578636,2.064576866735507,0.8671406616575155,1.1974362050779916
frame_a_451.02_451.07,1.269921016168695,0.0,-0.6803284461242588,408.73940965754696,362.40653797695626,46.3328716805907,5.713027144069429,3.9209469540531643,1.7920801900162644
frame_pa_451.07_451.16,2.3544656348950355,0.0,-0.8892435230052332,415.4436793524364,364.5318018775779,50.9118774748585,6.03292222535859,3.65403760567591,2.3788846196826796
frame_ra_451.16_451.22,6.597721335513853,0.0,-0.8892435230052332,410.5397652780291,364.14749149212156,46.39227378590755,5.294233454757958,2.82971982899619,2.464513625761768
frame_mi~_451.22_451.35,70.95529463238053,0.0,-0.704526182893792,413.78654741470035,359.8985587252474,53.887988689452925,0.6362621520386256,0.23309584581123488,0.4031663062273907
frame_Ja_451.35_451.45,37.6923893024383,0.0,-0.47141336924328436,409.3652116385723,360.68838939466025,48.676822243912056,63.04101549620555,26.451273158257067,36.589742337948486
frame_ka_451.45_451.66,39.217993195054504,0.0,-0.2624982923617162,411.03638371484885,349.9783592372994,61.05802447754945,1.607782551417145,0.7559308212723721,0.851851730144773
frame_za_451.66_451.74,42.69513239875516,0.0,-0.6803284461242588,406.29287224881034,361.02924097409993,45.263631274710406,4.7736877725984215,2.4212141799232683,2.352473592675153
frame_e_451.74_451.77,52.17446020975052,0.0,-0.7772159670437753,392.3620483087975,348.1363063850779,44.225741923719625,5.212836215231675,2.8936058377197753,2.3192303775119
frame_ra_451.77_451.88,35.37384716507438,0.0,-0.36695583080279714,409.7227832343291,359.35038726416803,50.372395970160994,8.217199044976454,4.447205637476131,3.7699934075003227
frame_a_451.88_451.91,19.130092936121358,0.0,-0.8892435230052332,397.5253897140888,354.1836494554197,43.34174025866912,5.220497406011447,1.845756290832668,3.3747411151787787
frame_i_451.91_451.94,13.390757359522624,0.0,-0.4965695740970928,421.67462851156074,376.7022736374021,44.97235487415867,9.710493104570645,7.796440762694786,1.914052341875859
frame_ki_451.94_452.08,31.556705642238114,0.0,-0.4965695740970928,412.35439097702624,359.0505891471465,53.30380182987972,144.11980487864912,92.77265251389187,51.34715236475725
frame_ew_452.08_452.15,2.3554250251361566,0.0,-0.5582862409268754,413.35090612692557,365.91614229251206,47.4347638344135,4.154214834048844,2.272924581806535,1.8812902522423087
frame_i_452.15_452.18,3.7820493887624025,0.0,-0.4965695740964987,395.415147210075,351.78613040893697,43.62901680113805,2.1749636695259085,1.308002225971137,0.8669614435547714
frame_a_452.18_452.24,3.1379268308882615,0.0,-0.5758709076837716,416.1716261935769,368.7867339592084,47.38489223436852,0.8147091667508164,0.40390926065038,0.4107999061004364
frame_doR_452.24_452.38,6.160190244790584,0.0,-0.3117661113340934,411.9150778874872,358.48495120402,53.43012668346722,17.078043538140435,7.314196546471408,9.763846991669027
frame_miX_452.38_452.62,42.54467658970459,0.4200000000000159,0.3395194062278945,408.83696468183854,348.47481191686524,60.3621527649733,22.389245227016033,15.718644703420068,6.670600523595965
frame_majs_453.04_453.32,12.573333829041971,0.2599999999999909,0.05087432295974547,412.019420983636,346.5546924794538,65.46472850418223,61.95711007818237,14.69028562878151,47.26682444940086
frame_e_453.58_453.66,13.251095770179973,0.0,0.31743266353699073,414.218160934708,365.4348630360949,48.783297898613114,2.0923111010929034,1.4212586010721822,0.6710525000207213
frame_ra_453.66_453.81,8.683507384439707,0.0,-0.05358321548074174,415.07145034019453,361.25259387360114,53.81885646659339,15.727334745283898,7.153557342772103,8.573777402511794
frame_koj_453.81_453.99,7.794565454760914,0.0,-0.3117661113340934,416.13086587599423,357.05796286769464,59.072903008299534,5.5687012546971175,2.6984967600321568,2.8702044946649607
frame_za_453.99_454.06,2.4005915419691632,0.0,-0.784785984564746,412.84978529388223,365.08536635239597,47.76441894148627,3.371718334879148,1.892459759427254,1.4792585754518939
frame_ki_454.06_454.16,18.312989605483864,0.0,-0.4965695740964987,410.46826577743377,360.40725582884795,50.06100994858582,59.6822390696029,41.670429005222786,18.011810064380114
frame_ew_454.16_454.22,14.984211796562647,0.0,-0.7772159670437753,411.8060462369448,364.20265310102894,47.60339313591584,4.4638946502722945,1.2702052111281148,3.1936894391441797
frame_se~_454.22_454.44,1.2967266090957423,0.0,-0.24220195325617488,425.03301802049054,361.9144345112369,63.11858350925371,6.9254141169109005,3.828173696403809,3.0972404205070916
frame_pri_454.44_454.56,7.527082181943371,0.07999999999998408,-0.39205845155594954,391.5188781607449,341.4174232815633,50.10145487918163,12.282793933830874,9.682434295205923,2.6003596386249512
frame_fijs_454.64_454.99,30.668865522073332,0.8000000000000114,0.025986038606247035,409.89798577505957,339.4079816637855,70.49000411127406,81.13739627660232,36.17564204859693,44.96175422800538
frame_dZi_455.79_455.98,24.42936770761085,0.0,0.5485416513095869,412.6548105398446,354.9978331718784,57.65697736796619,12.01225827033987,6.781001677922632,5.231256592417239
frame_ses_455.98_456.14,80.96235511628205,0.0,0.0,396.7826166513618,343.67224987235835,53.11036677900347,1.1595226495034154,0.8080114731983201,0.3515111763050953
frame_ta_456.14_456.41,3.260305503115262,0.0,0.5363623896526462,414.51118180532967,350.86944113727986,63.64174066804986,24.648963813265752,9.490683694604144,15.158280118661608
frame_pa_456.41_456.5,29.605511273521202,0.0,-0.889243523005827,411.9585614650458,362.89675877662273,49.06180268842314,126.11383994131191,78.20105362716434,47.912786314147574
frame_ra_456.5_456.63,30.81154510556324,0.0,-0.15804075392122896,409.54648400921735,357.74954129625706,51.79694271296029,0.6440710513637242,0.4039406558830194,0.2401303954807048
frame_sa_456.63_456.93,5.350510411216689,0.0,0.7820770920437498,413.84988874154124,345.80527897299083,68.0446097685504,9.606191211739997,4.154948031653319,5.451243180086678
frame_ba_456.93_457.06,1.5601630580837593,0.0,-0.36695583080279714,403.23058065701986,352.15860262074324,51.07197803627662,7.94980906422478,2.701931957571958,5.2478771066528225
frame_du_457.06_457.14,1.083728564422188,0.0,-0.4664640034810099,394.5685093878723,350.40844536211694,44.16006402575539,5.291434838758207,2.5113153614676946,2.780119477290512
frame_dZi_457.14_457.2,2.943366624127151,0.0,-0.4965695740970928,391.38763045196515,346.76469295284505,44.622937499120155,4.001751136420921,2.4468537984438967,1.5548973379770246
frame_sa_457.2_457.39,25.679130001620237,0.0,-0.05358321548074174,414.19494630864654,354.6834897053882,59.51145660325835,8.852500127505309,5.643395641871308,3.2091044856340005
frame_ba_457.39_457.45,12.811762907313152,0.0,-0.889243523005827,410.0712165251542,362.7411678734562,47.33004865169801,1.4250245500959409,0.2528521841404654,1.1721723659554755
frame_du_457.45_457.51,20.88545395679286,0.0,-0.6045451718067677,416.7998457879638,369.3961741920057,47.403671595958144,7.049765217870203,4.077595801106824,2.9721694167633785
frame_pa_457.51_457.61,79.81193866836993,0.0,-0.8892435230052332,395.8198178976278,347.96804769551534,47.851770202112505,3.4446916591701964,2.4922670254154653,0.9524246337547311
frame_ra_457.61_457.69,19.860994555313653,0.0,-0.6803284461242588,413.3471273943632,364.79175353483834,48.55537385952488,8.344018088363882,5.259480834499627,3.084537253864255
frame_do_457.69_457.79,23.598340416038596,0.0,-0.6595654918170134,409.60020329593164,360.3574911432623,49.242712152669355,6.761334602553347,4.08115382525628,2.6801807772970676
frame_mi~_457.79_457.85,27.266871762095832,0.0,-0.704526182893792,412.70600864357107,364.75951726101766,47.94649138255346,1.9976115047626877,1.4712230982204773,0.5263884065422104
frame_gu_457.85_458.14,16.232054133292436,0.0,2.433240531363042,412.67341350151196,345.26021025443197,67.41320324707993,12.651200334122365,4.804321352960059,7.846878981162305
frame_ki_458.14_458.25,74.27741153709711,0.0,-0.4965695740970928,408.8882663277358,358.1166661606203,50.77160016711542,3.1733455754070476,2.0641146093740943,1.1092309660329533
frame_e_458.25_458.28,12.135628256395066,0.0,-0.7772159670437753,397.01980218226606,352.0975085379313,44.922293644334786,5.08267283794433,2.4050511439156423,2.677621694028687
frame_ra_458.28_458.55,32.82266512741707,0.0,1.1999072458062923,410.31653824486114,344.58197023137393,65.7345680134872,17.033020755138168,9.21830582523846,7.814714929899708
frame_ujs_458.55_458.75,31.679822949116257,0.0,0.9143476797781375,406.4724583141368,348.86160982503117,57.61084848910565,9.6779679843157,4.468720442513344,5.209247541802355
frame_dZi_458.75_458.84,23.74521166597451,0.0,-0.3920584515565436,414.4351926417355,365.35240827673204,49.08278436500348,4.634585674852303,1.4922101540510369,3.1423755208012665
frame_as_458.84_458.93,20.238464555610264,0.0,-0.5758709076837716,411.5597198725362,362.28783322451204,49.27188664802418,6.8931715100772095,4.539382420513434,2.353789089563776
frame_ki_458.93_458.99,74.05972940429336,0.0,-0.4965695740964987,388.73935577332514,346.0667380532647,42.67261772006043,15.514623538360794,8.707208431286091,6.8074151070747035
frame_ew_458.99_459.06,11.936190677759555,0.0,-0.7772159670437753,410.2421065438883,363.58034561308773,46.6617609308006,1.993402615197894,0.4623381343806585,1.5310644808172356
frame_po_459.06_459.19,18.078607375835247,0.0,-0.6595654918170134,411.10766771338257,358.2029311096408,52.90473660374175,4.454011760755051,1.7795153362164484,2.674496424538603
frame_dZi_459.19_459.32,30.967919994275277,0.0,-0.07852508393430212,412.5411622665238,359.7051304005011,52.83603186602272,2.738794357440895,1.3488431054872478,1.3899512519536472
frame_a_459.32_459.37,35.70610327561933,0.0,-0.6803284461242588,421.7719490129992,374.80567360438823,46.966275408610954,4.49308220315622,2.3505069458576884,2.1425752572985317
frame_doR_459.37_459.52,37.340021429118636,0.0,-0.8334651820584733,409.5531790026611,355.83070875389967,53.722470248761454,9.807317053814955,4.515755887302063,5.291561166512892
frame_miX_459.52_459.73,38.070668069399346,0.0,-0.3920584515565436,416.2336923911061,354.77786186027373,61.45583053083237,7.020932788226489,3.0831209372559414,3.9378118509705473
frame_a_459.73_459.79,44.77483142498865,0.0,-0.5758709076837716,404.86371916328096,358.94244001728146,45.92127914599956,0.12787910880717845,0.08956405384178368,0.03831505496539478
frame_tE_459.79_460.37,39.7705801924961,0.060000000000002274,3.757122549491133,411.4476715208288,318.2028893281463,93.24478219268252,19.86972127903229,10.609027895964758,9.260693383067533
frame_mej_460.43_460.68,50.92265324974673,0.0,-0.7772159670437753,410.6410220609031,348.25856098627025,62.38246107463283,15.14280114933048,7.3447152913403215,7.798085857990159
frame_o_460.68_460.71,,0.0,-0.8334651820594619,382.2378971877426,340.44255494085246,41.79534224689013,,,
frame_dZi_460.71_460.87,45.40141340822994,0.0,0.33951940622848853,414.3098483771471,356.8100743251456,57.4997740520015,9.315412665888744,4.737636551162481,4.577776114726262
frame_a_460.87_460.9,47.284600197508055,0.0,-0.889243523005827,395.88946541324884,351.0983974942756,44.791067918973226,1.6365563155289777,0.8151298962475266,0.8214264192814511
frame_u~_460.9_460.93,52.23449966031316,0.0,-0.6429107573198038,390.57840380641414,347.8333566579286,42.745047148485526,2.406977143401008,1.0827150437979185,1.3242620996030894
frame_ma_460.93_461.04,50.29971332933491,0.0,-0.8892435230052332,411.22324902101496,359.43664195384383,51.78660706717113,4.4454799446895095,2.502012806045286,1.9434671386442233
frame_O_461.04_461.12,48.32378739570578,0.0,-0.623787675429601,404.5957526963357,358.37697658985826,46.218776106477435,2.010340543446759,0.8901202271243989,1.12022031632236
frame_ra_461.12_461.19,46.66092444403445,0.0,-0.784785984564746,407.09504430056177,360.3478851991167,46.74715910144505,4.478667290576297,1.6003734474800382,2.878293843096259
frame_da_461.19_461.3,57.87121666996741,0.0,-0.6803284461242588,406.6830107468751,355.6129860415583,51.07002470531671,12.221688302129067,5.25412897410358,6.967559328025487
frame_taR_461.3_461.64,77.76396490287497,0.0,0.4687044767222881,400.5659760179553,333.77116250514683,66.79481351280845,29.22703192519181,16.659107424593785,12.567924500598025
frame_dZi_461.64_461.85,89.14238057932334,1.329999999999984,0.6530527738507301,390.8427202509466,333.1210170186771,57.72170323226953,7.74213259090201,3.4884825988313395,4.25364999207067
frame_a_463.18_463.21,,0.0,-0.889243523005827,377.483150281391,339.0174584934456,38.46569178794539,,,
frame_gO_463.21_463.37,55.00591634972734,0.0,-0.623787675429601,408.0444402530493,353.36911750311725,54.675322749932036,8.071681995647637,2.4706199024215607,5.601062093226076
frame_ra_463.37_463.45,63.674336565101385,0.0,-0.6803284461242588,403.6998528869984,356.2741495700447,47.42570331695373,1.9885200127372116,0.886672594101924,1.1018474186352876
frame_fO_463.45_463.65,60.5984805141469,0.0,-0.8011186199494592,411.009976669126,350.70438938950554,60.305587279620454,71.80979128541566,37.274067542270984,34.535723743144665
frame_ra_463.65_463.77,45.000700371637336,0.0,-0.2624982923623099,409.8037868316455,358.0500472701277,51.75373956151776,22.20900937288151,12.460951371556845,9.748058001324665
frame_dZi_463.77_463.91,44.60971091569907,0.0,0.33951940622848853,411.38247524738955,356.9138203682646,54.46865487912493,20.26811928237325,7.454106260620449,12.8140130217528
frame_su_463.91_464.06,91.29296715113472,0.0,-0.1903016668287095,395.61350228171136,342.50398918681503,53.10951309489633,6.368539295026984,2.6157826594566984,3.752756635570286
frame_na~w~_464.06_464.28,64.23044575147124,0.0,-0.6222199384718793,407.9905656151468,347.33722350599817,60.653342109148696,15.261147551270653,10.720299630344414,4.54084792092624
frame_fO_464.28_464.44,23.498891736876445,0.0,-0.9784495644693174,410.26052181145167,356.3192373986941,53.94128441275757,57.78613108833582,35.84327057638946,21.942860511946364
frame_ra_464.44_464.83,57.76237417902962,0.08000000000004093,2.55785524553322,407.84666972300033,332.56354274247985,75.28312698052048,13.404845024979977,8.422693870129905,4.982151154850072
frame_dZi_464.91_465.05,20.478942193164897,0.0,0.13049716114739027,412.70689462947206,358.0795621615334,54.627332467938686,4.104072228459941,1.6217145842181395,2.4823576442418016
frame_su_465.05_465.16,71.2461516007291,0.0,-0.6045451718059828,393.8971413300173,343.503146339415,50.393994990602266,4.89248659036263,2.8535410660305374,2.0389455243320924
frame_a_465.16_465.44,33.20645379207177,0.6399999999999864,1.7221949380087285,408.22454010368824,345.3162797382172,62.90826036547105,35.01674150573068,22.480190056742273,12.536551448988405
frame_mo_466.08_466.26,31.98239184212214,0.0,-0.4856658015755534,413.98766546586637,354.31084182260315,59.67682364326322,23.593454865627635,8.846804815030325,14.74665005059731
frame_si_466.26_466.46,62.92668865838243,0.0,-0.2875473290159945,412.2670376353566,353.5496106368292,58.7174269985274,48.68782573337051,26.064072681853347,22.623753051517163
frame_da_466.46_466.74,35.60657688909777,0.0,0.5731620151627753,415.43223162553227,348.53052248504684,66.90170914048537,63.705866696525746,13.43542627330757,50.270440423218176
frame_dZi_466.74_466.92,37.09496923071241,0.0,0.7575638963912792,412.30129264577204,357.2396702696051,55.06162237616695,12.111793512262778,6.046648907291782,6.065144604970996
frame_dZi_466.92_467.06,41.44380667270913,0.0,0.33951940622848853,414.72173442880796,360.24586091689935,54.47587351190862,5.008889225623335,2.7627131019766296,2.2461761236467055
frame_o_467.06_467.2,23.240857387506026,0.0,1.0794314105985752,416.4240336279687,360.7510379583192,55.67299566964954,14.788061414788658,4.673141161733568,10.11492025305509
frame_Zi_467.2_467.32,30.81760505792974,0.0,0.025986038606247035,411.07027061524457,358.65229740059397,52.4179732146506,3.9328045568171603,2.4750826016421428,1.4577219551750176
frame_pa_467.32_467.43,31.180393680595557,0.0,-0.8892435230052332,412.51594964924686,361.7491444529089,50.76680519633794,108.72988484381739,68.37962203227886,40.35026281153853
frame_re_467.43_467.51,32.48438348369491,0.0,-0.33935651481122,411.738097110931,364.01492178593355,47.72317532499744,5.029489449133166,2.7869881142818684,2.2425013348512977
frame_si_467.51_467.61,29.07151448779753,0.0,-0.4965695740964987,395.2955017560764,346.32347743374794,48.97202432232848,2.6299804988081377,2.0535799743998666,0.576400524408271
frame_majs_467.61_468.32,39.989609218805796,0.0,0.886534630484237,410.92157180105687,305.77094179491974,105.15063000613708,58.40377361497938,15.870765165108963,42.533008449870415
frame_i_468.32_468.37,49.8118609792927,0.0,-0.2875473290154004,430.47900384337754,382.56286840235697,47.91613544102057,14.288753637516123,9.114874658738472,5.173878978777651
frame_Ri_468.37_468.73,9.18124817467519,0.0,0.13049716114739027,416.743466962402,342.1065486441666,74.63691831823542,39.28147578982808,16.057779758032567,23.223696031795512
frame_ki_468.73_468.86,8.207073255045572,0.0,-0.4965695740964987,418.4343755706368,364.76912885504515,53.66524671559165,9.245841863710538,5.497827008284304,3.7480148554262342
frame_e_468.86_468.95,4.664593683322806,0.0,0.5363623896514017,415.0136004716758,367.00844591694545,48.00515455473038,2.469940954471781,1.1955652790048816,1.2743756754668993
frame_ta_468.95_469.07,7.575942385796395,0.0,-0.5758709076837716,415.7461205056002,363.50065047872965,52.24547002687052,12.474213925487632,7.271939796601345,5.2022741288862875
frame_du_469.07_469.17,27.247195610509877,0.0,-0.32838283515446726,412.1924997997371,361.67789964818706,50.51460015155004,14.456325700638018,8.251225612156759,6.2051000884812595
frame_ki_469.17_469.33,32.065830513391774,0.0,-0.2875473290154004,415.3164695185212,358.8220005373771,56.49446898114411,13.46227462513761,7.7853088745472405,5.6769657505903695
frame_a_469.33_469.44,43.01340776483359,0.0,-0.05358321548074174,411.93528866928017,361.1336359870014,50.80165268227876,2.5383244259333395,1.9154992984712607,0.6228251274620789
frame_mo_469.44_469.62,33.262468172086855,0.0,-0.1378664210926334,414.79199953988393,355.32137834173557,59.47062119814831,13.107675912878491,7.467692431325759,5.639983481552733
frame_si_469.62_469.81,38.329111502500524,0.0,0.33951940622848853,411.7908000766439,353.9503402081025,57.840459868541416,18.059387478164766,7.682905885847504,10.376481592317262
frame_da_469.81_470.0,40.03957350691368,0.0,-0.05358321548074174,412.7677387152385,352.99273675543157,59.77500195980696,4.367575901834968,2.555094380315566,1.812481521519402
frame_dZi_470.0_470.07,40.18231393978492,0.0,-0.39205845155594954,406.8030826740974,362.36002489677685,44.443057777320575,1.7570757378104531,0.6641552600581662,1.092920477752287
frame_du_470.07_470.38,52.84186079666175,0.0,1.8809158580592265,406.80092653264524,339.1949075968454,67.60601893579985,36.71829692980491,8.441988524059354,28.276308405745553
frame_dujs_470.38_470.57,45.48010602614596,0.0,-0.32838283515446726,404.6507783314882,348.6705530999541,55.98022523153412,52.4335135433483,17.6392973023776,34.7942162409707
frame_mews_470.57_470.83,43.409082551863065,0.0,-0.7772159670437753,410.6929535259611,348.76906876002556,61.923884765935554,14.630605893775979,8.303641048217315,6.326964845558663
frame_te~_470.83_471.03,44.49856496811671,0.0,0.6328770216922827,411.9434533563215,353.0361799433236,58.90727341299794,48.1399738101682,13.25039725853324,34.88957655163496
frame_pus_471.03_471.15,83.79798350214071,0.0,-0.6045451718059828,396.86205041603046,346.50685107075185,50.355199345278606,2.9116623744052106,1.2720425635410493,1.6396198108641613
frame_ow_471.15_471.22,36.819976747727466,0.0,-0.6595654918170134,411.44900946526195,363.1819007468682,48.26710871839373,5.883529261006444,3.2628754736256695,2.6206537873807747
frame_dujs_471.22_471.34,41.789099958735974,0.0,-0.6045451718067677,412.3205561241351,358.9513779796673,53.36917814446775,3.0168866367449283,2.4124835649909784,0.6044030717539499
frame_mews_471.34_471.79,57.18428224710516,0.0,-0.7772159670425308,410.5176948545931,330.21522891598835,80.30246593860477,37.348500295435,14.885471189592892,22.46302910584211
frame_pajs_471.79_472.28,59.281074025294146,4.020000000000039,-0.36695583080279714,406.2477938619735,322.21304096223764,84.03475289973588,116.3726395061247,94.96197209386361,21.41066741226109
frame_majs_476.3_476.51,72.83716606753516,0.0,-0.5758709076837716,417.06819789029123,355.79458420074513,61.273613689546096,5.1243603315006965,2.21193081596617,2.9124295155345266
frame_aw_476.51_476.62,76.76361210420066,0.0,-0.5758709076837716,407.35953885916376,357.0205672797583,50.33897157940544,6.579395267892991,3.5654753264669807,3.0139199414260105
frame_gu~_476.62_476.72,77.43723370832922,0.0,-0.6429107573198038,408.75004090100117,358.22285973152293,50.52718116947824,6.037617771140333,3.2357271724173984,2.8018905987229346
frame_ma_476.72_476.81,79.4489945188083,0.0,-0.8892435230052332,406.96545364196453,359.1419820391468,47.82347160281773,2.1923912229049876,1.5159009863561153,0.6764902365488723
frame_peR_476.81_477.02,86.50938124630086,0.0,0.09850293742009088,405.28538353259916,344.4341390998879,60.85124443271127,37.33626398350695,13.910272917280423,23.42599106622653
frame_gu~_477.02_477.19,12.790838351132862,0.0,-0.2074615100589513,412.16731396384046,355.2790147358986,56.88829922794184,71.68402510693508,22.053163980015654,49.63086112691943
frame_ta_477.19_477.29,40.992424241547255,1.3899999999999864,-0.8892435230052332,398.13392734807314,349.2036445161173,48.93028283195582,115.07652978229942,39.293092291490055,75.78343749080938
frame_sew_478.68_478.84,91.06617168345124,0.37000000000000455,-0.12042678869556454,408.80500457977763,352.7467012664067,56.058303313370914,0.8283393323355668,0.603943565675209,0.22439576666035776
frame_niw_479.21_479.34,129.60043973759022,0.0,-0.07852508393430212,394.7616391969345,345.8148960575151,48.94674313941937,3.2868077763378167,2.141525454457856,1.1452823218799608
frame_to~_479.34_479.9,21.730139327930317,0.0,1.8187144455493136,418.27552553510196,325.07971386171903,93.19581167338293,207.31201038446432,94.6929594991191,112.61905088534522
frame_u_479.9_479.94,34.14867525675868,0.0,-0.46646400348022504,405.8622158806988,360.8838081287079,44.97840775199086,3.9803309441342947,2.5700137858272,1.4103171583070946
frame_ki_479.94_480.08,52.79297665817799,0.0,-0.07852508393430212,417.2596148138482,362.5723095902843,54.6873052235639,8.456894146684164,5.807140581093364,2.6497535655907996
frame_ki_480.08_480.23,156.73256326236893,0.0,0.13049716114739027,412.69695377942236,361.3952011744778,51.30175260494457,14.105751946406087,3.3319645639597297,10.773787382446358
frame_u_480.23_480.26,21.616974290322787,0.0,-0.6045451718067677,404.6489299191372,361.50614846459143,43.14278145454574,6.617897861140506,4.545759539042649,2.0721383220978566
frame_se_480.26_480.32,90.72042210343903,0.0,-0.7772159670437753,389.49467288888906,344.6641786854179,44.830494203471176,108.04956093542759,70.3558308058399,37.6937301295877
frame_JoX_480.32_480.42,92.4609536450445,0.0,-0.6595654918180018,416.64529979451976,366.84488811186554,49.800411682654214,95.4618706756799,35.6445429992275,59.81732767645241
frame_te_480.42_480.6,52.483758174554,0.0,0.5363623896526462,417.3926671845802,359.6455921516922,57.747075032888006,99.56665533940983,66.60253680488299,32.96411853452685
frame_ri_480.6_480.66,3.3449429474862598,0.0,-0.4965695740964987,415.0571106838782,367.1261850848347,47.93092559904352,2.1025833055923613,1.4057304718805312,0.69685283371183
frame_a_480.66_480.82,2.1718627936937196,0.0,0.4687044767216943,415.598756747168,360.3630764512628,55.23568029590518,14.696666989854549,5.014438211981286,9.682228777873263
frame_dZi_480.82_480.95,18.858564584041858,0.0,-0.4965695740970928,412.1985411412988,358.50042778058946,53.69811336070933,14.339046737569987,6.782687702669591,7.556359034900396
frame_i~_480.95_481.3,27.77835041749654,0.0,4.482525199647805,413.30717761167904,339.77372150762574,73.5334561040533,19.13754547234703,10.334186538812816,8.803358933534213
frame_te_481.3_481.44,5.4879713699783395,0.0,-0.12042678869556454,415.720496215907,361.2436439446558,54.47685227125123,39.11723458198054,18.20145559904256,20.91577898293798
frame_re_481.44_481.55,10.674195517734574,0.0,0.3174326635357463,415.2004971607163,362.88194141479096,52.31855574592538,14.519141807391037,5.816100732850288,8.70304107454075
frame_sa~_481.55_481.82,21.458926303803565,0.0,-0.011446884544668561,415.7915466938397,349.1117117009725,66.67983499286714,135.69900249058526,30.178859225097227,105.52014326548803
frame_tSi_481.82_481.9,8.71740335207727,0.0,-0.4965695740970928,395.563068283192,351.51962042137916,44.04344786181281,7.2181595934538905,4.020919775352098,3.1972398181017923
frame_pa_481.9_481.96,119.28953868149844,0.0,-0.889243523005827,385.86931650951,341.46504020706175,44.40427630244824,16.145052119336135,8.250955004766169,7.894097114569966
frame_ra_481.96_482.04,10.471186942736978,0.0,-0.6803284461242588,411.5611004237204,362.8225416757846,48.73855874793577,11.826921084172625,8.741974447574762,3.084946636597863
frame_fa_482.04_482.24,25.697349498737964,0.0,-0.5758709076837716,411.6512478019398,351.53369062920694,60.11755717273286,100.72197815377626,32.911681786710034,67.81029636706623
frame_laX_482.24_482.45,16.90320338160882,0.0,-0.15804075392122896,410.7703889800614,350.80627984964497,59.96410913041643,11.691307144161698,4.864798139848688,6.82650900431301
frame_pa_482.45_482.51,82.32175123076435,0.0,-0.889243523005827,389.6969065859836,346.7969211388265,42.899985447157064,119.43592459585308,71.57052455375991,47.86540004209317
frame_ra_482.51_482.63,8.810557979508815,0.0,-0.36695583080279714,406.9694376299464,354.53226487880147,52.43717275114494,18.838036398499128,13.421404338763011,5.416632059736116
frame_Ze~_482.63_482.95,11.937749441119479,0.0,1.6829717916302327,414.58620186679536,344.62009143583987,69.9661104309555,158.55007682324373,39.87791704454219,118.67215977870153
frame_tSi_482.95_483.04,13.674239935644124,0.0,-0.4965695740964987,396.9617389776844,348.94643896970115,48.01530000798323,3.0508273862253077,1.2023745465991738,1.848452839626134
frame_a_483.04_483.07,5.433122975709921,0.0,-0.889243523005827,399.80221247628816,355.4677125024423,44.33449997384588,1.69824359997898,1.1883980002759245,0.5098455997030555
frame_Res_483.07_483.22,6.59064952615563,0.0,-0.12042678869556454,412.4793416528235,361.1976841344775,51.28165751834598,16.455025761889715,6.25232866622639,10.202697095663325
frame_pej_483.22_483.38,12.80256856996752,0.0,-0.12042678869556454,415.6641262845243,360.43030519166814,55.23382109285615,10.070655095381682,5.098337965320155,4.972317130061526
frame_tu_483.38_483.47,10.140984308178218,0.0,-0.32838283515446726,400.360027498514,351.3351853851167,49.02484211339737,4.232417543223704,2.5617243279941135,1.6706932152295906
frame_dujs_483.47_483.61,66.22430455034554,0.0,-0.6045451718059828,399.05438790831056,347.04501949306393,52.00936841524663,123.80180086887565,58.68070501579102,65.12109585308463
frame_sews_483.61_483.68,129.58881009076717,0.0,0.0,390.5314767148152,344.9160740110453,45.61540270376992,10.942499703055873,7.180013758567888,3.7624859444879846
frame_fi_483.68_484.42,51.57494821178116,0.0,-0.7772159670437753,410.6591539421774,304.06407789098466,106.59507605119273,142.0535180807322,62.49438360598484,79.55913447474735
frame_Lus_484.42_484.69,5.091787461157935,0.0,1.3285911847561955,414.58529054828,349.9287842407326,64.65650630754743,33.025618945437856,20.154441460976386,12.87117748446147
frame_dez_484.69_484.85,15.543720365222583,0.0,0.5363623896514017,412.89085710597044,359.36312471135136,53.52773239461908,6.598090580192263,4.526182131958905,2.0719084482333585
frame_dZi_484.85_484.91,87.6053856552995,0.1199999999999477,-0.4965695740964987,413.60391791827305,365.72552659375015,47.87839132452291,2.3567053130447277,1.6355602929256605,0.7211450201190672
frame_a_485.03_485.09,4.098109578861511,0.0,-0.5758709076837716,424.7572233200114,376.45376723869083,48.303456081320576,2.6575922182205147,2.0072618604493186,0.6503303577711961
frame_E_485.09_485.17,7.111709000180468,0.0,-0.27838965791662046,414.667008962997,365.6922889737985,48.97471998919849,3.9832840228712882,1.9146652846789323,2.068618738192356
frame_po_485.17_485.24,120.46397233666625,0.0,-0.8334651820584733,412.34596534767616,364.1930447229383,48.152920624737874,1.176766361334444,0.5344131395562002,0.6423532217782437
frame_ka_485.24_485.4,7.744511824292971,0.0,-0.05358321548133552,412.7507620527125,358.5546051285804,54.19615692413214,34.817986562322744,25.39452110243235,9.423465459890394
frame_ki_485.4_485.5,50.480458370812215,0.0,-0.07852508393430212,394.9018176438347,346.2752223967665,48.626595247068224,174.31553253593654,104.40872248066051,69.90681005527603
frame_e_485.5_485.53,59.17109672650788,0.0,-0.7772159670437753,399.6641276139231,357.0242898454466,42.63983776847647,15.731561210308698,9.921147578163456,5.8104136321452415
frame_lis_485.53_485.63,118.14995869131434,0.0,-0.4965695740970928,400.0621977710255,351.4459569704231,48.61624080060244,9.97807923733184,5.128027382620452,4.850051854711388
frame_na_485.63_486.09,9.08092673913174,0.0,3.289058014617224,415.9364023334332,331.6711917373204,84.26521059611281,22.503994086178636,9.461130829977492,13.042863256201144
frame_si_486.09_486.15,4.561153170133508,0.0,-0.4965695740970928,421.9142240897995,373.9652776599097,47.948946429889816,8.160568947141144,4.772948023354502,3.387620923786642
frame_Ra~w~_486.15_486.39,14.336291528977313,0.8100000000000023,-0.7240154474589762,410.73897139051786,348.2280350587427,62.510936331775156,11.907365835833048,8.150361079336761,3.7570047564962863
frame_ko~_487.2_487.44,14.840841215003849,0.0,0.41689163281997665,413.1428591158651,353.81036718154655,59.33249193431857,143.448433232029,37.36666174558948,106.08177148643952
frame_mu_487.44_487.5,84.24548228360233,0.0,-0.6045451718067677,400.0836237336537,353.90600962416937,46.17761410948435,5.358714994122124,3.603437134707235,1.755277859414889
frame_E_487.5_487.53,6.678794514256765,0.0,-0.8093781062605561,384.9494448560764,342.24571693889465,42.703727917181766,3.2031459514031155,1.7826421291084955,1.42050382229462
frame_ki_487.53_487.59,9.000367287069253,0.0,-0.4965695740970928,394.93705184062816,350.03354574927164,44.90350609135652,7.582539518486868,5.093832897269351,2.488706621217517
frame_foj_487.59_487.72,22.513605548011896,0.0,-0.8334651820594619,418.46819299190463,364.0944629621853,54.37373002971941,7.855631168098,1.6150972690728338,6.240533899025166
frame_a_487.72_487.82,9.331300909579653,0.0,-0.15804075392182274,416.2364347825202,366.2463427898232,49.99009199269699,22.43686309997821,9.388110157199378,13.048752942778833
frame_gra_487.82_488.02,1.2357608088191228,0.0,-0.36695583080279714,415.16835892010397,355.6044816489856,59.56387727111837,35.38029953533271,17.641748761364056,17.738550773968655
frame_vi_488.02_488.11,10.942891008232834,0.0,-0.39205845155594954,410.8092981732122,361.5645383049321,49.244759868280084,10.292740303249701,2.0081799039926693,8.284560399257032
frame_dejs_488.11_488.31,5.0248322685517905,0.0,0.09850293742009088,414.77191133360265,356.22459217301616,58.54731916058648,22.717583179428004,8.116741130966943,14.600842048461061
frame_da_488.31_488.39,5.033358603696456,0.0,-0.7847859845653398,413.7274765297797,364.582730358052,49.14474617172772,11.12679057179929,4.219710652425789,6.907079919373501
frame_su_488.39_488.5,54.84747330683466,0.0,-0.6045451718067677,391.736565370763,343.54743188217446,48.18913348858854,116.55008816120579,50.8971598057132,65.65292835549259
frame_a_488.5_488.53,,0.0,-0.889243523005827,372.78323929617903,332.83134995277726,39.951889343401774,,,
frame_es_488.53_488.72,17.245450088317682,0.0,-0.33935651481122,407.81473437288446,351.49713518622775,56.31759918665671,13.106457721205658,7.4970460164123836,5.609411704793274
frame_pO_488.72_489.16,13.847206083628521,0.0,3.454824048531169,413.86730029286457,332.20090839298825,81.66639189987632,140.34077765886005,32.584947953606445,107.7558297052536
frame_za_489.16_489.36,8.120837136738942,0.0,-0.47141336924328436,411.7721974329569,351.88921455643936,59.88298287651753,15.488683794894769,7.490391496937804,7.998292297956965
frame_tu_489.36_489.61,54.31912853263553,0.0,0.5001041748008641,409.78190121159537,347.3281936316493,62.45370757994607,143.37210855791724,76.49355165219158,66.87855690572566
frame_du_489.61_489.73,16.81933717499797,1.3100000000000023,-0.6045451718059828,405.9107479179032,354.1328279328026,51.777919985100596,14.01623417165419,9.376631264508688,4.639602907145502
frame_bo~_491.04_491.11,71.65209559884129,2.269999999999982,-0.8574927423879187,412.70308897028326,365.3266797538291,47.37640921645408,6.940721152381961,3.6775868816740314,3.26313427070793
frame_lO_493.38_493.6,37.61885496605906,0.0,0.08553610265083968,414.84854702036955,352.9711938063612,61.87735321400834,61.44709016314741,15.348311752236157,46.09877841091125
frame_Zi_493.6_493.66,30.38268427085883,0.0,-0.4965695740964987,399.78485182728707,354.72814567198276,45.05670615530431,2.1255931580999174,0.8292844674548263,1.2963086906450911
frame_ku_493.66_493.75,12.252072327390167,0.0,-0.46646400348022504,412.7763438467215,362.54626482359396,50.23007902312753,3.9420385029260387,1.1511599103335044,2.7908785925925343
frame_ki_493.75_493.83,83.00373523031207,0.0,-0.4965695740970928,405.69790110440533,357.76357789761994,47.93432320678539,1.5364995626656253,0.7816900869455949,0.7548094757200303
frame_a_493.83_493.87,21.968609906208272,0.0,-0.784785984564746,403.27215777425397,357.81898877716753,45.453168997086436,12.91750881557472,7.283207586289393,5.634301229285327
frame_is_493.87_493.94,68.74172730271307,0.0,-0.4965695740970928,392.03236307042914,347.05541087714033,44.97695219328881,22.013968555069866,12.80478288651706,9.209185668552806
frame_tO_493.94_494.03,34.306013094737224,0.0,-1.5104423980299,414.0153119054378,364.4528722956344,49.56243960980339,68.100115229148,19.40849168748477,48.69162354166323
frame_ria_494.03_494.12,37.70263952324653,0.0,-0.4965695740970928,413.7127943755786,364.59126992404015,49.12152445153845,4.179520387153346,2.4176735790169346,1.7618468081364114
frame_dujs_494.12_494.24,39.99908485299741,0.0,-0.6045451718059828,414.0658558524795,360.75548414896815,53.31037170351135,2.398911095756688,1.1975025885550679,1.20140850720162
frame_mews_494.24_494.4,46.29681220080741,0.0,-0.7772159670425308,409.03963841534716,355.8443752056376,53.19526320970954,3.962048373793934,3.1400406037786865,0.8220077700152473
frame_fi_494.4_494.53,31.459903469327216,0.0,-0.4965695740970928,413.2764369939721,359.9772872843516,53.29914970962051,23.091734448868436,7.769938979942438,15.321795468925998
frame_Lus_494.53_494.72,0.5232872157350812,0.1199999999999477,0.5001041748008641,409.71468450543625,353.9021646616177,55.81251984381856,15.445428770480788,5.621724965811353,9.823703804669435
frame_te~j~_494.84_495.04,32.01125819653646,0.0,-0.41721774824566743,416.25493994582956,355.5404478099152,60.714492135914384,6.750900986413669,4.588797956085841,2.1621030303278275
frame_ki_495.04_495.11,76.81562102951271,0.0,-0.4965695740964987,390.21462312086334,349.5756011313921,40.639021989471246,8.03095748647835,5.0946773996017996,2.9362800868765504
frame_ko_495.11_495.18,56.03475676355262,0.0,-0.6595654918170134,412.70087887405504,365.5417061986771,47.15917267537793,2.8211901040987186,2.004711896768015,0.8164782073307038
frame_me_495.18_495.34,41.84487035176501,0.0,0.5363623896514017,412.43713127270894,357.3391596213083,55.097971651400655,2.0594387016288778,1.3427910083575512,0.7166476932713266
frame_saX_495.34_495.5,26.493772026297947,0.0,-0.6803284461242588,412.38517580601035,356.13301409616986,56.25216170984049,9.530260186527784,5.657688941463945,3.8725712450638383
frame_na_495.5_495.59,9.426795521698565,0.0,-0.6803284461248525,412.6889275251011,363.0587553411713,49.6301721839298,2.82209290969206,1.4198143837354564,1.4022785259566035
frame_gra_495.59_495.83,33.28983266187355,0.0,-0.15804075392182274,412.0605903596377,349.56102424947295,62.49956611016472,40.922469636935304,22.05269612578087,18.869773511154435
frame_vi_495.83_495.9,36.95249897076465,0.0,-0.3920584515565436,399.0085041304439,354.63761553968527,44.370888590758625,3.1450799753024796,0.8271430350865927,2.317936940215887
frame_dejs_495.9_496.11,34.68909358712466,0.0,0.09850293742009088,414.23747090724015,354.29388840020255,59.943582507037604,8.404110052360977,4.336678590623677,4.0674314617373
frame_da_496.11_496.19,23.227496557343898,0.0,-0.6803284461242588,410.50827344155914,364.90356960250534,45.6047038390538,6.526411901106528,2.3545893015054133,4.171822599601114
frame_mi~_496.19_496.28,32.865798292302784,0.0,-0.7045261828947134,414.956680329404,365.36980131194986,49.58687901745412,6.272999232754913,2.8546848008260923,3.4183144319288203
frame_Ja_496.28_496.38,31.075228374861453,0.0,-0.784785984564746,412.772804445119,362.82313420759584,49.94967023752315,5.26854102527345,1.705982574325418,3.562558450948032
frame_se_496.38_496.6,22.002229854622584,0.0,-0.7772159670425308,414.34607103681833,351.82115803033207,62.5249130064862,23.873904515240127,13.734265190428317,10.13963932481181
frame_Jo_496.6_496.66,31.776004545899966,0.0,-0.8334651820584733,421.94561886775034,373.9549454857466,47.99067338200376,38.125950327238286,23.544717938076474,14.581232389161812
frame_ra_496.66_496.82,42.83567834195661,0.0,0.1553318614002327,403.211843396954,347.79250987832006,55.41933351863395,0.6989799266246735,0.21629784570737343,0.4826820809173
frame_nE_496.82_497.05,19.620973036240727,1.4399999999999977,0.1464011007575622,409.14247833970666,349.89561273883015,59.246865600876504,23.789609380620746,11.827951438844707,11.96165794177604
frame_E_498.49_498.67,74.10786326726986,0.0,0.7835872387694399,412.0055058509976,354.31249836922785,57.69300748176977,3.5298547775706908,2.202137093016063,1.327717684554628
frame_e_498.67_498.83,71.2800809735588,0.0,2.068870472462234,415.6077108292495,358.69556401976394,56.91214680948559,5.412709067326645,1.6829780062006279,3.7297310611260173
frame_vi_498.83_499.06,55.061143412137525,0.0,-0.07852508393430212,412.81248235866803,352.3338945322644,60.47858782640361,33.16216340391847,15.163735076073394,17.998428327845076
frame_de~_499.06_499.31,60.29057189701828,0.0,0.9829086116712676,414.80646611978807,351.166982663611,63.63948345617706,45.21794016210035,19.728094057540886,25.48984610455946
frame_tSi_499.31_500.4,38.95138769197138,0.0,8.17785359677621,411.75201974299944,272.7877184344895,138.96430130850996,185.752075121983,34.91277344679773,150.83930167518525
frame_a_500.4_500.66,1.0126720285138333,1.3999999999999773,1.5132798611283478,416.62389006001445,353.08271639296794,63.54117366704651,110.53602849019263,66.457205953738,44.07882253645464
frame_mi~_502.06_502.16,48.143170571196194,0.0,-0.704526182893792,411.8582423375229,361.9339192890258,49.92432304849706,68.125888826815,31.998670545868762,36.12721828094624
frame_Ja_502.16_502.38,13.274893787913527,0.0,-0.05358321548074174,425.8798778171114,362.1624731913598,63.71740462575161,34.140799636918445,11.985845187969744,22.1549544489487
frame_se_502.38_502.65,16.00890796021531,0.0,-0.12042678869556454,416.8485039462772,350.8782630504094,65.97024089586785,109.4384596929195,29.66827574452006,79.77018394839943
frame_Jo_502.65_502.73,17.264415081270442,0.0,-0.4856658015755534,417.70800381702634,367.93826585229476,49.76973796473152,1.504322723136994,0.8019993377051549,0.7023233854318391
frame_ra_502.73_502.98,0.7251328277824882,0.9300000000000068,0.8865346304848307,413.92368413190053,351.4702338113038,62.453450320596744,12.989594244047396,6.06868247418268,6.920911769864716
frame_lO_503.91_504.1,28.670678004153487,0.0,-0.2691257863888767,415.20938984972156,356.5639577229816,58.645432126739934,4.337057424782728,1.8983820917398617,2.438675333042866
frame_gu_504.1_504.2,32.67152249422675,0.0,-0.1903016668287095,414.04472842849935,363.5192987339684,50.52542969453094,8.689233173880353,2.895969954239632,5.793263219640721
frame_de_504.2_504.31,20.852948624968477,0.0,-0.33935651481122,414.0211836881802,362.02789335699697,51.99329033118323,94.54908393136729,71.33815095932563,23.21093297204166
frame_pojs_504.31_504.68,38.16495574407237,0.0,-0.1378664210926334,412.50024004659974,339.71902305410686,72.78121699249289,9.455205916909264,3.4250487935619987,6.030157123347266
frame_ki_504.68_504.78,37.144732014658956,0.0,-0.2875473290159945,412.35364099278434,362.61158902858307,49.742051964201266,13.28678702892806,7.691267394887646,5.595519634040414
frame_ka_504.78_505.03,46.5389313767819,0.0,0.2597893998407199,412.66241409442296,349.1118157728344,63.55059832158855,7.409582492687193,3.238376875995016,4.171205616692177
frame_za~_505.03_505.28,36.5079367869393,0.0,0.09034862444242837,413.28670365306266,348.98262019065373,64.30408346240898,14.177687994548464,6.023741177807594,8.15394681674087
frame_mus_505.28_505.73,49.22546755043797,0.6499999999999773,-0.1903016668287095,411.6042037481939,330.7989754769084,80.8052282712855,74.85209520312571,40.55306222026816,34.29903298285756
frame_taw_506.38_506.55,64.45645970875857,0.0,-0.889243523005827,408.9485768082662,351.83278092949575,57.11579587877043,8.600266693282066,3.873478317089706,4.72678837619236
frame_vejs_506.55_506.78,49.716982952594165,0.0,0.09850293742009088,412.86796695729345,350.10531651467113,62.762650442622316,7.8495886377207,3.8602711438464468,3.9893174938742533
frame_u~s_506.78_507.34,67.83988998354872,0.29000000000002046,1.752060102616948,409.7327152671103,319.49866089224724,90.23405437486309,44.779427068549566,15.435962819238966,29.3434642493106
frame_trejs_507.63_507.94,55.90069556015838,0.0,0.974221841883957,414.3345132155244,343.8757394768669,70.4587737386575,12.502197221541422,5.005509109688688,7.496688111852734
frame_ow_507.94_508.05,64.48095994158919,0.0,-0.6595654918170134,406.9177854695833,358.85689172671783,48.06089374286546,4.829895399365725,3.276732215088032,1.5531631842776932
frame_kwa_508.05_508.25,64.0083662095531,0.0,-0.2624982923623099,411.41023366477793,351.9968600880002,59.413373576777815,18.72946732419186,13.133810337486764,5.5956569867050945
frame_tru_508.25_508.41,72.64912842844171,0.0,-0.1903016668287095,408.68671601516775,354.0546441428107,54.63207187235707,37.1223211754425,12.044180955407327,25.078140220035174
frame_me_508.41_508.58,61.641300293516025,0.0,0.3174326635357463,413.1872999521321,355.85341600492063,57.333883947211405,6.301180321135874,2.4582827261875195,3.8428975949483544
frame_zis_508.58_508.71,60.28247763721511,0.0,-0.4965695740964987,401.78912468647695,350.2208039467727,51.568320739704234,2.9022185147904196,1.8093763526620705,1.092842162128349
frame_fi_508.71_508.77,60.9509099756784,0.0,-0.4965695740970928,398.1532931279836,352.748070897254,45.405222230729635,14.2310476966869,8.919007545456964,5.312040151229937
frame_kow_508.77_508.93,61.395314768226626,0.0,-0.3117661113340934,413.32347105187694,358.6683853155172,54.65508573635975,16.868658513406345,11.26923918744913,5.599419325957214
frame_gra_508.93_509.21,57.81528685480035,0.0,0.1553318614002327,414.821834329687,346.69139237641116,68.13044195327586,18.76979731326476,5.79561885390568,12.97417845935908
frame_vi_509.21_509.29,58.82984203857603,0.0,-0.4965695740964987,404.2840882011767,359.05010163340876,45.23398656776794,5.410496710423274,2.9026950261783497,2.5078016842449244
frame_da_509.29_509.41,50.60599289487551,0.0,-0.4714133692426906,412.96941138146246,360.97076336597075,51.99864801549171,10.05786366727338,2.3542470480312545,7.703616619242126
frame_majs_509.41_509.72,57.71920290867938,0.0,-0.2624982923623099,413.0333844578299,343.54439409442614,69.48899036340379,57.458476261268814,11.388919268132696,46.06955699313612
frame_E_509.72_509.91,61.55551592480087,0.0,0.8897849284379855,414.72252623365637,355.01666245882427,59.705863774832096,10.148595742403288,5.0494853634928205,5.099110378910467
frame_foj_509.91_510.12,81.53910109587353,0.0,-0.8334651820594619,413.0617413681826,351.9220279202313,61.139713447951294,48.30701456170721,29.253024412993284,19.05399014871393
frame_u~_510.12_510.16,59.9902957871614,0.0,-0.5703358827763284,405.9264527665739,359.71686871932144,46.20958404725246,0.31943582133504833,0.1502740962461644,0.16916172508888394
frame_ma_510.16_510.3,59.2219378052113,0.0,-0.5758709076837716,413.16666827111646,358.40138066933116,54.7652876017853,1.9087251784067405,1.306692285938297,0.6020328924684435
frame_gra_510.3_510.51,58.36377859733585,0.0,-0.36695583080279714,412.3341797114687,351.55086443314275,60.78331527832597,10.548948101997723,4.020471858237826,6.528476243759897
frame_vi_510.51_510.61,62.40992587667604,0.0,-0.4965695740964987,401.11393288076675,352.2485915848743,48.86534129589245,6.829217678955601,2.9007564307995324,3.9284612481560686
frame_dejs_510.61_510.81,54.75160968935975,0.0,0.3174326635357463,412.91884570638535,353.8686771802864,59.05016852609896,12.517705913354717,2.7908785256198883,9.72682738773483
frame_a_510.81_510.87,64.15372129497788,0.0,-0.5758709076837716,411.28282726405496,364.165620104416,47.11720715963901,1.3962773889775661,1.00386665473863,0.39241073423893624
frame_si~_510.87_511.09,23.052315786392654,0.0,0.7543320184447362,413.95041257114195,352.2092653276193,61.741147243522676,94.7364890531857,59.84623817696044,34.89025087622525
frame_fO_511.09_511.31,68.06369889474547,0.0,-1.1557805089891755,414.54378093127536,353.6841722778622,60.859608653413204,43.08711391179691,17.805841581978655,25.281272329818258
frame_ra_511.31_511.42,56.566152043447076,0.0,-0.47141336924328436,413.13495773625834,363.0957747924839,50.03918294377445,7.288256869573459,4.050540639846588,3.237716229726871
frame_du_511.42_511.51,55.49874834627413,0.0,-0.32838283515446726,412.1655851080239,363.5888990043392,48.576686103684665,6.298250122085079,2.0929637178718536,4.205286404213226
frame_pro_511.51_511.68,55.88590829005018,0.0,-0.4856658015755534,413.58824000842986,356.09247109062505,57.49576891780481,6.431262790136174,3.842571601956635,2.5886911881795385
frame_gra~_511.68_511.91,70.5732952177881,0.0,0.5993261693819635,410.13857372836435,349.22382025013525,60.9147534782291,11.955128245771931,6.681264873405453,5.273863372366478
frame_ma_511.91_512.11,75.29235295542365,1.92999999999995,0.05087432295974547,402.2668562147634,345.0740320081994,57.192824206563955,2.362119187014727,1.5345069341393724,0.8276122528753547
frame_E_514.04_514.07,29.405019168687573,0.0,-0.8093781062593488,394.79426458872786,350.00475978711455,44.789504801613305,3.3964288787523174,1.4433537100383944,1.953075168713923
frame_la_514.07_514.2,22.270246783848606,0.0,-0.4714133692426906,409.60624288673284,358.29203222599824,51.3142106607346,7.782145913107229,5.344669006860741,2.437476906246488
frame_ko_514.2_514.32,36.40469887902067,0.0,-0.8334651820574849,411.7438151811991,360.3705959266922,51.373219254506864,45.30921983832084,23.35849905559651,21.950720782724332
frame_me_514.32_514.48,16.03289710315029,0.0,0.09850293742133534,414.30342324471707,357.8239852505335,56.47943799418357,12.90352858485231,3.4846162263178257,9.418912358534484
frame_sow_514.48_515.09,18.84415920624251,0.32999999999992724,2.4706289325322324,412.88267582890796,317.05546546707484,95.8272103618331,60.58127912544212,20.84042061610181,39.74085850934031
frame_se~_515.42_515.9,26.67527207522552,0.0,3.25811394653666,414.66598804003866,329.92708066911746,84.73890737092125,47.70498812377245,28.580227992336873,19.12476013143558
frame_tSiX_515.9_516.42,31.867057815599253,1.240000000000009,2.011697366878463,414.09660839578237,325.1806326384418,88.91597575734056,67.36953574611393,39.026115844865075,28.34341990124885
frame_to_517.66_517.83,33.65976929076159,0.0,0.3838326496327351,417.045557108755,360.66787343847216,56.37768367028286,14.342431822630942,5.9044542172761965,8.437977605354746
frame_dus_517.83_517.96,12.94620238691381,0.0,-0.4664640034810099,410.35878707160066,357.9175183776276,52.441268693973086,17.485046354606084,12.399053049245396,5.085993305360688
frame_ujs_517.96_518.06,4.4091278706206225,0.0,-0.4664640034810099,409.7109616187425,361.76216900939164,47.948792609350846,8.980511517347722,5.181076531376547,3.7994349859711747
frame_si~_518.06_518.23,13.820050547707169,0.0,0.26804595133281484,417.3359615216909,359.3149200214274,58.02104150026349,16.234982415893356,8.488622021086087,7.746360394807269
frame_to~_518.23_518.38,6.627056352479798,0.0,-0.475177429825043,413.5601625995545,359.40521282014504,54.15494977940949,8.92195372248085,6.9750177622187834,1.946935960262067
frame_mas_518.38_518.62,10.027231694387652,0.0,-0.26249829236290373,412.86868906128285,350.50991164370873,62.35877741757412,18.11468411797263,7.3609695730695535,10.753714544903076
frame_dZi_518.62_518.71,6.337028343292857,0.0,-0.49656957409590463,412.14297626924537,362.10349772088614,50.03947854835923,8.523042956973967,5.910734897366439,2.6123080596075283
frame_u~_518.71_519.0,16.50388606521389,0.0,1.244035980811795,413.8505856220589,344.8331020850178,69.01748353704107,14.213424293739436,6.758484867103832,7.454939426635605
frame_Res_519.0_519.3,9.681157169625308,0.0,0.0985029374188464,413.4227162899402,346.4133436358159,67.00937265412426,18.7716892015021,6.450334180766333,12.321355020735766
frame_fri_519.3_519.48,36.34915576512657,0.0,-0.3920584515565436,414.4257456831167,355.6416103198238,58.784135363292876,64.43606981071954,32.61676529192074,31.81930451879881
frame_a_519.48_519.98,39.21630499100371,0.0,4.020260783701822,411.823582145313,326.2943120201516,85.52927012516139,49.98966935054222,23.32504523039607,26.66462412014615
frame_du_519.98_520.05,15.822342299360201,1.740000000000009,-0.4664640034810099,393.9997059067937,347.94240846756713,46.057297439226545,113.25739407171356,54.74013364520708,58.51726042650648
frame_Res_521.79_522.06,28.189774043061902,0.0,0.31743266353699073,408.193325889672,345.1251853665817,63.06814052309028,11.082202722675405,5.213669966898607,5.868532755776798
frame_fri_522.06_522.15,48.49951612628092,0.0,-0.4965695740970928,410.87081367078406,364.15892303976864,46.71189063101542,60.09857630592795,29.806503915457384,30.292072390470565
frame_a_522.15_522.26,33.37417367848687,0.0,-0.05358321548074174,415.73881147443626,363.89364739028696,51.8451640841493,4.643665387484205,1.3489789482764536,3.2946864392077515
frame_du_522.26_522.34,39.358052364320216,0.0,-0.4664640034794401,410.0088269122397,361.93201402153693,48.0768128907028,6.814180157978555,2.1066738444225024,4.707506313556053
frame_muj~_522.34_522.5,29.83290199041491,0.0,-0.1903016668279246,413.83291449631116,356.9951665774906,56.83774791882058,6.006937275017819,2.50380833948077,3.503128935537049
frame_tu_522.5_522.6,42.54919772806778,0.0,-0.6045451718067677,396.7099305155414,347.65205731509,49.057873200451354,96.60855497981184,59.6620102806213,36.94654469919054
frame_fOX_522.6_522.97,32.40098530423934,0.0,0.26286704717069787,412.9393552287171,340.51967794130405,72.4196772874131,71.90749564270868,26.95748065327524,44.950014989433434
frame_tSi_522.97_523.18,72.48071293509744,1.2100000000000364,-0.18303620647544533,390.8731800800234,334.3258323994442,56.54734768057921,4.834338395292605,1.8162602935530572,3.0180781017395475
frame_ko_524.39_524.48,38.42480633771514,0.0,-0.8334651820594619,412.5904953069886,363.5192118013467,49.071283505641816,2.5369643512545537,0.8458362060934519,1.6911281451611018
frame_me_524.48_524.62,47.194512304092115,0.0,0.31743266353699073,410.28228359933973,357.9525238128143,52.329759786525415,16.93206404118108,9.564374991385563,7.367689049795516
frame_sow_524.62_524.82,7.000692927632457,0.0,-0.4856658015765419,412.7628933426115,353.9678443847045,58.795048957907,86.72258355240112,49.85760096843006,36.864982583971056
frame_a_524.82_524.85,45.997984115144774,0.0,-0.889243523005827,394.6620880788594,350.04424634921236,44.61784172964707,1.6257291754325536,0.94351417021457,0.6822150052179836
frame_i~_524.85_524.89,42.5880427222757,0.0,-0.5424308271904325,396.03432256484996,351.15810312373816,44.8762194411118,17.52843622672887,12.689308659788367,4.839127566940505
frame_ko_524.89_525.0,45.63265547437888,0.0,-0.8334651820594619,412.1235346216763,360.86171310236523,51.26182151931107,3.9306813818328976,2.412599877857062,1.5180815039758357
frame_mo_525.0_525.19,50.50959262636836,0.0,-0.13786642109164488,411.5399158609668,352.83577475049333,58.70414111047347,4.937736687679973,1.8900212301458765,3.047715457534096
frame_daX_525.19_525.4,47.20020629178508,0.0,-0.05358321548074174,411.46207188631274,351.70840019766456,59.753671688648126,17.092034473265244,11.070994022371607,6.021040450893636
frame_muj~_525.4_525.61,42.36727101036928,0.0,0.22394183814934865,411.69650733453574,350.5104775160571,61.18602981847863,15.81321617871572,7.094662780409138,8.718553398306582
frame_tu_525.61_525.71,79.25527205174052,0.0,-0.6045451718051978,402.5108661634505,352.85857783088625,49.65228833256424,24.48771525814179,15.111371078553688,9.376344179588102
frame_E_525.71_525.75,32.777311296196274,0.0,-0.7031804165920105,405.162460961355,361.5324969096889,43.62996405166609,0.27705456314158994,0.19058499882795843,0.08646956431363151
frame_la_525.75_525.88,43.45816082076769,0.0,-0.4714133692426906,412.07602334963707,359.61157014325806,52.464453206379005,10.388563419698357,5.069030249743349,5.319533169955008
frame_sa_525.88_526.13,51.792334742161046,0.0,0.1553318614002327,414.6626612701535,351.75922860664076,62.90343266351272,18.210639428680665,11.369070603548195,6.8415688251324696
frame_bi_526.13_526.26,50.81858344540001,0.0,-0.4965695740970928,413.2412770020793,359.9005352047393,53.340741797339945,9.3975153580256,5.007054842527467,4.390460515498134
frame_a_526.26_526.49,42.232144851031336,0.0,1.1999072458062923,414.8689676176489,352.48323304850555,62.385734569143324,9.348542947992087,3.699330967060874,5.649211980931213
frame_ki_526.49_527.36,56.311175023559116,0.12000000000000455,6.714697881207927,411.2003753544571,293.12198045776245,118.07839489669468,34.519771006635466,15.704965834020783,18.814805172614683
frame_kwaw_527.48_527.61,91.6324003935195,0.0,-0.3283828351536824,413.80850517853037,360.7935243254264,53.014980853103964,2.4745839830989027,0.7276426546272248,1.746941328471678
frame_kEX_527.61_527.97,66.56007736469603,0.0,-0.2624982923617162,413.26075598587977,339.89044850145433,73.37030748442544,56.32981723956315,25.143161250134696,31.186655989428452
frame_ko~_527.97_528.21,29.73685929027046,0.0,0.16201475777854243,413.27566174768236,350.44308429141824,62.83257745626412,17.29121728878637,11.839387447542592,5.451829841243779
frame_pri~_528.21_528.42,50.00904255181442,0.0,0.10595059562669112,413.82515117737205,353.0993900555724,60.72576112179962,18.41352276673679,11.874842789485456,6.538679977251334
frame_mi_528.42_528.74,42.73568269305326,0.0,0.653052773850136,410.2998999612918,343.1804272924876,67.11947266880424,97.55297517087045,82.30138617710628,15.251588993764173
frame_du_528.74_528.83,84.37706051706974,0.5299999999999727,-0.6045451718051978,393.6871330448411,345.32448648986804,48.36264655497308,23.431651228136104,7.7561718739932815,15.675479354142823
frame_me_529.36_529.49,73.7256835113846,0.0,-0.3393565148124644,415.126022352147,361.04815377887513,54.07786857327187,7.354112675325382,3.0205543646633544,4.333558310662028
frame_Si_529.49_529.87,40.231034586559474,0.0,0.653052773850136,414.67105400943564,338.3436544199979,76.32739958943773,101.24894365444582,61.55367951333335,39.695264141112474
frame_a_529.87_529.96,82.64173146843761,0.0,-0.2624982923617162,411.20534564628883,363.0629202313803,48.14242541490853,4.0204507841907,2.827428510581413,1.1930222736092873
frame_ko~_529.96_530.29,82.55326988701746,0.0,1.054083820423562,410.98939899599867,341.10950381752366,69.87989517847501,9.215469158267936,5.036206011981108,4.179263146286829
frame_u_530.29_530.52,90.56031088481177,0.0,2.1570781947115267,408.1905004997818,347.4295976973397,60.760902802442104,2.648814454958213,1.0442503371268117,1.6045641178314014
frame_u_530.52_530.6,77.82602067874306,0.17999999999994998,0.08586066982359089,400.44292190146695,356.3303777896549,44.11254411181204,2.123520908356724,0.9304778690356557,1.1930430393210685
frame_a_530.78_530.82,53.76240649018247,0.0,-0.7847859845641523,397.71871058612703,353.05203986353985,44.666670722587185,2.3826848687561437,1.559791319929431,0.8228935488267126
frame_pa_530.82_531.04,75.47626074274237,0.0,-0.47141336924387817,415.4805458110551,352.8462476432195,62.634298167835595,42.16234689793326,23.022052205460355,19.140294692472906
frame_re_531.04_531.19,62.45896626164729,0.0,1.1931515679996125,410.93784479060906,357.00290458200254,53.93494020860652,2.6214994751867806,1.0939449257840863,1.5275545494026943
frame_Lu_531.19_531.32,61.43488864962785,0.0,-0.1903016668279246,411.48980068113684,357.9668252966607,53.522975384476126,5.619305822403845,2.5597257778358795,3.0595800445679657
frame_Ze_531.32_531.5,60.429464609812726,0.0,-0.120426788696809,414.86715184568214,355.84880133162403,59.01835051405811,15.318807289534547,5.524634978605562,9.794172310928985
frame_ni_531.5_531.73,57.70151706865613,0.0,0.7575638963906851,410.50029036243427,350.1408590714866,60.35943129094767,71.79369754556451,35.937392620485255,35.85630492507926
frame_taw_531.73_531.97,32.55787280541233,0.8799999999999955,-0.05358321548074174,409.28516782525475,350.1524281863322,59.132739638922544,7.329121440815683,3.413128480472949,3.9159929603427344
frame_majs_532.85_533.49,11.117889534800682,0.0,1.931110014889703,415.9318711753624,316.62102550601537,99.31084566934703,25.42489553004073,6.675599954610064,18.749295575430665
frame_mez_533.49_533.59,7.092837026295825,0.0,-0.7772159670437753,417.30915725341947,366.3683830617282,50.940774191691276,4.2673518424256685,2.5779491769487777,1.6894026654768908
frame_mu_533.59_533.66,2.22842591933383,0.0,-0.6045451718067677,414.1883468825806,366.6420322031298,47.5463146794508,3.374644792194502,2.343228027590385,1.031416764604117
frame_a_533.66_534.28,16.464538216234047,0.0,5.273751244988857,413.7949184007324,316.58626071764945,97.20865768308292,97.1178203398723,71.11726326575487,26.000557074117424
frame_si~_534.28_534.34,22.75520894034952,0.0,-0.7045261828928706,397.295114946367,350.7871867097745,46.50792823659248,110.64972076429243,60.57813420854049,50.07158655575194
frame_E_534.34_534.37,11.843151826029299,0.0,-0.8093781062605561,392.7310353826289,347.8718403133971,44.85919506923176,2.2441282266041043,1.3298505184932736,0.9142777081108306
frame_la_534.37_534.43,13.05384039716158,0.0,-0.889243523005827,413.62773850019505,365.77112075331905,47.856617746876,2.5267129633789693,1.0484642637531607,1.4782486996258086
frame_Re_534.43_534.55,11.313738426536744,0.0,0.5363623896501573,416.48275386979077,364.3065959429686,52.17615792682216,6.817271126876406,2.208504190067927,4.608766936808479
frame_zow_534.55_534.71,25.474383769968,0.0,-0.13786642109362188,413.80275637761065,357.78842641641484,56.01432996119581,11.733480130811301,5.4032541011426645,6.330226029668637
frame_vew_534.71_534.92,25.798371999631385,0.0,0.974221841883957,414.5276878667851,354.91527804649326,59.612409820291816,12.69378367245804,3.621200684136511,9.072582988321528
frame_to_534.92_535.03,24.800373483028153,0.0,-0.4856658015765419,414.3179168949181,362.9856144656464,51.33230242927169,10.063172611712758,5.061792853726956,5.001379757985802
frame_maX_535.03_535.44,34.945147546498674,0.0,1.4088223226872667,413.53198573772556,335.06526567493404,78.46672006279152,11.075613996383169,6.1841535693342,4.891460427048969
frame_dojs_535.44_535.74,27.609983503760517,0.0,0.5577323398741951,413.7992382280169,346.75995656933986,67.03928165867706,18.95752942644009,8.184402824526984,10.773126601913106
frame_ko~_535.74_535.89,28.350915816285507,0.0,-0.47517742982649186,411.02103092551624,357.0906148985439,53.93041602697235,63.784273959421924,13.091785918971851,50.69248804045007
frame_pri~_535.89_536.06,39.160107983295376,0.0,-0.3803354714861516,415.1112196270495,357.1345537032255,57.97666592382399,65.72528397629493,24.612796412015726,41.112487564279206
frame_mi_536.06_536.3,32.92714157076507,0.0,0.23500828368675125,414.22018804923204,350.83079594679197,63.38939210244007,5.851015038836238,1.3524153026434504,4.498599736192787
frame_dus_536.3_536.51,36.73073007870505,0.08000000000004093,0.08586066982359089,408.9268001389381,349.2607686721634,59.66603146677471,11.220362469879092,4.970120644878975,6.250241825000117
frame_dZi_536.59_537.1,60.21004641308305,0.0,4.101919817691822,406.59849735339753,321.6488046685994,84.94969268479815,106.03895626598144,92.27013982765597,13.768816438325473
frame_a~_537.1_537.19,47.14477480900244,0.0,-0.2150379025200197,413.3886814636955,363.98846855777657,49.40021290591892,13.508449503632576,7.046257413457013,6.462192090175563
frame_tSi_537.19_537.31,93.61958327904088,0.0,-0.3920584515565436,406.2986996055258,353.63760981906984,52.66108978645599,1.3178410005566406,0.4477597151109549,0.8700812854456856
frame_gri_537.31_537.47,57.360005791866115,0.0,0.13049716114739027,411.7078125738348,355.1239905239734,56.583822049861396,21.773669648708136,16.479151266209442,5.294518382498694
frame_paw_537.47_537.76,93.2146100033132,2.1100000000000136,-0.889243523005827,402.10579761416454,336.2712158584254,65.83458175573918,5.438713247573801,3.887294050175335,1.5514191973984666
frame_to_539.87_539.97,56.8266008913545,0.0,-0.6595654918160249,414.05470698675384,363.87054196934355,50.184165017410294,19.96736228813686,8.836972423579653,11.130389864557209
frame_mow_539.97_540.17,5.328211267632781,0.0,-0.31176611133508186,414.584670729991,356.9249871118206,57.65968361817039,16.254905283523257,7.95073414874571,8.304171134777548
frame_dojs_540.17_540.4,15.168840677449452,0.0,0.03603326914981512,415.66423687057903,354.65761229262336,61.00662457795568,11.252587874687038,4.91183303260425,6.340754842082788
frame_ko~_540.4_540.56,12.825506434614965,0.0,-0.47517742982649186,417.3160488682567,361.07746248387485,56.23858638438185,15.340686163378507,7.043480687505564,8.297205475872943
frame_pri~_540.56_540.71,5.302848420697401,0.0,-0.7045261828928706,417.29992966422316,360.92738851650813,56.372541147715026,12.422888274884727,7.420343973703254,5.002544301181473
frame_mi_540.71_540.91,0.6081016401330714,0.0,-0.2875473290159945,421.95107569901006,360.7611093090014,61.189966390008635,14.64487322439932,8.109395991056942,6.535477233342377
frame_dus_540.91_541.05,8.827703223351278,0.0,-0.4664640034810099,412.9926161409309,360.0203306100847,52.97228553084619,12.291203835434004,3.965947339626325,8.325256495807679
frame_a_541.05_541.13,0.05680315239618494,0.0,-0.3669558308022034,415.6153241190903,367.1279025721851,48.48742154690518,10.895430962411865,5.318815566671702,5.576615395740163
frame_li_541.13_541.2,0.12093822651465302,0.0,-0.49656957409590463,413.57835538897154,366.0675189032993,47.51083648567226,5.450480006995392,1.722499980843537,3.7279800261518545
frame_majs_541.2_541.34,9.157351515867504,0.0,-0.889243523005827,415.5234922404244,360.6151311290113,54.908361111413114,7.208055503934688,2.9118363648487815,4.296219139085906
frame_aw_541.34_541.55,9.213131726458357,0.0,0.1553318614002327,415.02499046829865,354.24482214755164,60.78016832074701,7.007848236055111,3.0811024520819217,3.926745783973189
frame_gu~s_541.55_541.85,16.89741800195675,0.049999999999954525,0.6634369844631663,412.5764342821109,344.9484128549941,67.62802142711678,12.644889647869945,5.99814113828937,6.646748509580576
frame_dZi_541.9_541.99,25.159398506608085,0.0,-0.3920584515565436,416.374927648666,365.2890058813209,51.0859217673451,57.47764809444361,16.722730146021533,40.754917948422076
frame_as_541.99_542.22,29.256405942371615,2.409999999999968,-0.15804075392122896,412.4969150017663,353.0853709461334,59.41154405563287,60.15980056399346,25.307201311753545,34.85259925223991
frame_se~_544.63_544.95,50.14443952551652,0.0,0.9829086116732574,413.8910809497895,345.0567141479086,68.83436680188089,51.449484583709896,28.843181109811496,22.6063034738984
frame_tSiw_544.95_545.11,33.467973073767936,0.0,-0.3920584515565436,413.58669421326454,358.1037523076948,55.4829419055697,37.60775132142054,8.834475630400505,28.773275691020032
frame_zi_545.11_545.31,41.95311364486031,0.0,-0.18303620647544533,413.89573907723474,354.9334509830371,58.96228809419762,62.67608178818483,34.29692864081237,28.379153147372463
frame_maw_545.31_546.01,15.214103141261873,0.11000000000001364,1.4088223226872667,412.43652631501357,307.0040145927623,105.43251172225129,99.9485821370497,52.54109196133848,47.40749017571122
frame_vow_546.12_546.34,25.34635623605118,0.0,-0.13786642109362188,413.4153271482718,351.7601377155175,61.6551894327543,10.443301180598212,4.328457275162705,6.114843905435507
frame_tow_546.34_546.65,42.03504209696621,0.08000000000004093,-0.13786642109362188,412.3363679136581,344.30854520797385,68.02782270568423,41.371300594363305,16.674829074417588,24.696471519945717
frame_es_546.73_546.83,49.97226706802478,0.0,-0.7772159670437753,406.7555693124028,358.2241039486829,48.53146536371986,36.40869786566589,22.161299069931047,14.247398795734846
frame_ta_546.83_546.97,25.44672381389057,0.0,-0.2624982923617162,412.7996762213417,360.1609537926553,52.638722428686435,1.3098834759897358,0.7400407356426939,0.5698427403470419
frame_va_546.97_547.08,22.168401748678463,0.0,-0.680328446123665,414.1974332359537,363.145376506163,51.052056729790706,7.89911130831598,2.9399924537012794,4.959118854614701
frame_na_547.08_547.26,16.283939388602192,0.0,0.36424693828120713,413.91038909498667,356.22923645737217,57.6811526376145,4.521849515364096,2.4978670336837894,2.0239824816803065
frame_Ru_547.26_547.34,10.771661645852319,0.0,-0.6045451718051978,412.5083125349686,363.3630805219954,49.14523201297317,15.914793871585033,7.171207748489195,8.743586123095838
frame_a_547.34_547.47,4.110200246477817,0.0,0.1553318614002327,415.16711544116,361.4305963343245,53.73651910683549,6.708622612623671,2.8525095743887903,3.8561130382348807
frame_vow_547.47_547.62,13.683582888226994,0.0,-0.6595654918180018,413.49681554886365,357.15874650015087,56.338069048712725,22.468525768576683,8.858075290781073,13.61045047779561
frame_tow_547.62_547.8,16.686641190220186,0.0,-0.8334651820594619,413.90738320542323,355.1174120526943,58.789971152728924,12.510770874109795,5.410852245330062,7.099918628779733
frame_pa_547.8_547.91,17.34247683617744,0.0,-0.889243523005827,413.5835363274507,362.11281503498174,51.470721292468966,6.58987481642103,1.7513827474447652,4.838492068976265
frame_ra_547.91_548.04,28.2283267439348,0.0,-0.1580407539224165,411.3546273073594,359.6220059331688,51.732621374190614,51.3102137275495,10.599538984622583,40.71067474292692
frame_ka_548.04_548.3,20.15872717197128,0.0,0.5731620151621816,412.86883242715817,348.47058044161327,64.39825198554485,3.406359610794354,2.217709303389725,1.1886503074046288
frame_za_548.3_548.51,40.026954882416334,0.0,0.2597893998407199,411.11871892296097,351.67637629992834,59.44234262303263,48.4126997764066,23.305966350201032,25.106733426205565
frame_i_548.51_548.6,13.797633327714394,0.0,0.13049716114739027,412.1036990444717,363.73235293382197,48.37134611064971,5.102574715023948,2.2630735327446274,2.839501182279321
frame_te_548.6_548.84,21.753382883096066,0.0,0.5363623896526462,414.6878129511837,350.6331302208645,64.05468273031926,9.073630767549162,5.7925157961284555,3.281114971420706
frame_vi_548.84_548.98,25.069064457606615,0.0,-0.3920584515565436,411.34539855035484,358.61208609968605,52.733312450668734,8.676509382000617,5.477452545966955,3.1990568360336624
frame_u~_548.98_549.28,23.179694227903738,0.0,1.3166108553552702,412.178278009616,343.49421912405666,68.68405888555935,5.177317721818113,2.59096372302767,2.586353998790443
frame_a_549.28_549.37,28.018445805215535,0.0,-0.2624982923617162,409.82368407801795,361.2727872867433,48.550896791274624,3.240826889884744,1.4649217808754287,1.7759051090093152
frame_boX_549.37_549.97,43.62005540965863,0.0,0.5577323398741951,411.50716413025765,318.96194149104815,92.54522263920947,51.04510428901784,27.000411818570626,24.044692470447217
frame_tu_549.97_550.05,19.54771363303614,1.9400000000000546,-0.3283828351552522,405.795027145923,358.23103595519024,47.563991190732736,53.70691701214925,36.96857874153528,16.738338270613966
frame_Sa_551.99_552.15,78.05712389053055,0.0,-0.5758709076843653,413.20960652213904,355.98542195125214,57.224184570886905,5.3045079146065675,2.96708289053489,2.3374250240716776
frame_ma~_552.15_552.34,38.6175908554671,0.0,-0.2150379025200197,414.25693857184035,353.9673752924791,60.28956327936123,7.137692577354272,3.8333545245274365,3.304338052826836
frame_mus_552.34_552.54,34.256218364437075,0.0,-0.3283828351536824,409.6931729721429,352.0556179026755,57.637555069467396,7.463491912514897,4.148645305695041,3.314846606819856
frame_u_552.54_552.62,19.248416596323665,0.0,0.08586066982359089,411.84591654659647,362.9883167052057,48.857599841390766,4.918351793064119,1.6688409894242824,3.2495108036398364
frame_mE_552.62_552.87,28.731839100636392,0.0,0.7835872387688362,413.66330989678596,350.1544070440284,63.50890285275756,8.334444087274008,3.26122183621834,5.073222251055668
frame_dZi_552.87_552.93,80.81590493981588,0.0,-0.4965695740970928,401.72260152061875,356.0244944618694,45.69810705874937,1.326937432581694,0.5935396672731201,0.7333977653085739
frame_ku_552.93_553.05,27.42547790027166,0.0,-0.6045451718067677,415.0463446090264,361.8921828010254,53.15416180800099,5.034282440241512,2.3248502811140668,2.709432159127445
frame_u_553.05_553.09,53.971117455286276,0.0,-0.4664640034794401,404.3220797380139,361.03116592580807,43.290913812205815,6.019324796303351,3.5200023086152896,2.4993224876880618
frame_mE_553.09_553.21,45.2098823808838,0.0,-0.17219196824807478,411.8320638679589,361.33764943511903,50.49441443283985,3.716680346443326,1.7634137263697056,1.9532666200736202
frame_dZi_553.21_553.29,57.31007255136113,0.0,-0.4965695740970928,391.16385249625773,346.1963647234494,44.96748777280834,36.51673127744765,17.387228045199976,19.12950323224767
frame_ku_553.29_553.59,62.42524040992281,0.0,0.22394183814934865,412.3097005470291,343.226314797833,69.08338574919605,34.322716908137714,16.217130522531605,18.10558638560611
frame_e_553.59_553.64,45.699482975162695,0.0,-0.3393565148124644,406.4204195299447,360.74966210984724,45.67075742009746,1.177031368998854,0.6621855300426631,0.514845838956191
frame_za_553.64_553.8,36.85512964953821,0.0,-0.47141336924387817,411.90358420279335,357.2368444233507,54.66673977944265,5.922269467245073,3.4582186506604984,2.4640508165845745
frame_mi~_553.8_553.96,33.713083842159904,0.0,-0.7045261828928706,411.1931284059732,357.0370380657122,54.15609034026102,3.5057857639197323,2.1407480020514527,1.3650377618682796
frame_now_553.96_554.23,35.43739477996614,0.0,0.5577323398741951,410.96850926188415,346.5595527884187,64.40895647346542,5.7488258094139155,3.5574208591134067,2.191404950300509
frame_ko~s_554.23_554.43,28.17162986751218,0.0,-0.3477389923043259,411.0826451471561,352.3973951383821,58.685250008774005,3.0847821096389794,1.2358442994205774,1.848937810218402
frame_ta_554.43_554.58,10.523745079895107,0.0,-0.3669558308022034,412.8943704026908,357.20921635913544,55.68515404355537,8.959031574975725,5.332345330477139,3.626686244498586
frame_tow_554.58_554.77,39.57768757698726,0.0,-0.3117661113331049,411.51007042678475,352.13875552323066,59.37131490355404,5.411807302005997,2.3348101066731886,3.076997195332808
frame_ki_554.77_554.92,31.876158628310094,0.0,-0.4965695740970928,409.8707730956109,355.89119076971446,53.979582325896445,3.1097509433849098,2.298783084181437,0.8109678592034726
frame_Re_554.92_555.01,38.78663328791869,0.0,-0.5582862409281198,407.07350935092376,357.8718088662227,49.201700484701064,3.7635915719459234,2.2345183763410716,1.5290731956048518
frame_aw_555.01_555.31,28.325119852397123,0.0,1.513279861127754,416.7794744923118,345.80312730562173,70.97634718669008,23.51164989690858,8.955963218742568,14.555686678166012
frame_me~_555.31_555.41,44.302124042217045,0.0,-0.41721774824666225,413.4852807616796,363.9958249577845,49.489455803895055,2.346637267889278,1.0054441799282472,1.341193087961031
frame_tSi_555.41_555.55,75.03704317755725,0.04000000000007731,-0.2875473290159945,407.90707632448965,354.7803748064048,53.12670151808487,1.6518721632073294,1.0727529957924276,0.5791191674149019
frame_tSi~_555.59_555.65,40.169621213229135,0.0,-0.7045261828947134,409.80360449879606,366.4791151427976,43.32448935599848,68.45821089878234,32.964180700412214,35.494030198370126
frame_Ja_555.65_555.73,5.854328491850254,0.0,-0.680328446123665,413.9995165497205,365.89529969783666,48.10421685188385,9.530453719290321,3.851428074952892,5.679025644337429
frame_a_555.73_555.77,25.048963673520674,0.0,-0.7847859845653398,403.2245194353771,358.4163508678912,44.80816856748589,12.907471394392616,8.5815673351604,4.325904059232215
frame_ko~_555.77_555.88,69.35800734018875,0.0,-0.9849311799093602,396.98158880905044,347.9236752131793,49.057913595871184,3.4316350018415207,1.3845327214568783,2.0471022803846424
frame_te_555.88_555.99,69.54694753271471,0.0,-0.7772159670437753,395.4301937139178,345.68331120138265,49.74688251253514,2.30763406126151,0.9776423661306737,1.3299916951308361
frame_si_555.99_556.27,55.294600089350766,0.0,0.2350082836879394,411.40838815180376,346.397405738369,65.01098241343476,38.45595771361477,17.217646134902026,21.238311578712747
frame_du_556.27_556.38,31.02705113774148,0.0,-0.052220498502166854,411.12840668823156,360.8032098754646,50.32519681276699,4.585436741169801,2.707941991468644,1.8774947497011567
frame_u~_556.38_556.44,15.506635524463874,0.0,-0.425186133688965,411.964763487013,364.86621951487825,47.098543972134735,4.642613311636893,2.0235689798177248,2.6190443318191683
frame_a_556.44_556.55,7.610168929920064,0.0,-0.053583215481929285,414.00501998920396,362.7869787898293,51.21804119937468,7.455291688851531,2.3871942578769847,5.068097430974547
frame_boX_556.55_556.85,19.78769495720651,0.0,0.5577323398741951,409.4925230986956,344.7406456901325,64.75187740856308,25.465255726701727,14.520645402455685,10.944610324246042
frame_tu_556.85_556.97,72.49868287217024,0.8399999999999181,-0.3283828351536824,395.633678737575,345.83618146673905,49.79749727083595,1.5376966539987365,0.9199809647857862,0.6177156892129503
frame_majs_557.81_558.09,57.711614405150215,0.0,-0.6803284461248525,409.7349395588127,345.7103182317593,64.02462132705341,67.56142305067382,34.038821199827964,33.52260185084587
frame_ki_558.09_558.15,16.509730159120977,0.0,-0.4965695740970928,415.18971665728264,367.1586375350779,48.031079122204744,3.1642082910416036,1.8431312990973368,1.3210769919442669
frame_na~w~_558.15_558.45,31.19270835427176,0.0,0.5993261693813848,416.6901179067456,346.3463945523826,70.34372335436302,12.669960415712978,5.129749260942532,7.5402111547704465
frame_a_558.45_558.57,12.099950682988066,0.0,0.05087432295974547,415.71420177402257,362.9380301144092,52.7761716596134,22.62141800858373,13.009597934426097,9.611820074157635
frame_vi_558.57_558.69,1.6031544477963564,0.0,-0.49656957409590463,416.67802873154636,363.3058316682574,53.37219706328898,11.394212966186132,3.6821494820651424,7.712063484120989
frame_a_558.69_558.75,20.85530066938921,0.0,-0.5758709076843653,411.13730292492477,365.5573822618986,45.579920663026144,10.34613540724689,5.423196020294085,4.922939386952805
frame_na_558.75_558.92,38.34070249810449,0.0,-0.05358321548074174,413.174204737987,356.83420431354125,56.34000042444575,7.306869392235228,4.830809353544552,2.476060038690676
frame_da_558.92_559.02,40.02692136358482,0.0,-0.6803284461248525,413.4869637198102,363.00257549429887,50.48438822551134,5.071785709828731,2.545681949186445,2.526103760642286
frame_dZi_559.02_559.08,43.49427158348162,0.0,-0.49656957409590463,413.6811651392876,365.5418271168835,48.139338022404104,1.8780462974657723,0.691671395554323,1.1863749019114493
frame_majs_559.08_559.35,53.21346975608206,0.0,-0.26249829236290373,412.7190899183117,346.6560009849006,66.06308893341111,11.91321741508007,6.89209563604409,5.02112177903598
frame_e_559.35_559.41,46.746910960643106,0.0,-0.120426788696809,410.17732041413916,365.2487199407609,44.92860047337825,1.1464221324560668,0.3406140127622166,0.8058081196938502
frame_li_559.41_559.5,48.407643911442335,0.0,-0.4965695740970928,410.52007306093617,361.54089776189693,48.97917529903924,1.1118235864030055,0.48137292220471295,0.6304506641982925
frame_dZijs_559.5_559.69,45.11792831298865,0.0,0.2350082836879394,413.83995800174387,355.4399089173911,58.40004908435276,7.681410474055156,5.096220522873324,2.5851899511818317
frame_O_559.69_559.82,41.009701185499665,0.0,0.26286704717069787,412.3138935827309,360.06388500418905,52.250008578541895,7.923009300719201,3.48981164697112,4.433197653748081
frame_La_559.82_559.92,50.86374562689139,0.0,-0.6803284461248525,411.54076213357826,361.88358772423834,49.657174409339916,6.127753067821743,3.1918719053382034,2.9358811624835397
frame_fe_559.92_560.1,40.76486769866682,0.0,-0.558286240925631,415.107310514988,357.58197519334936,57.525335321638636,49.22482898721471,23.920184214404074,25.304644772810633
frame_liz_560.1_560.27,28.948536739180327,0.0,-0.28754732901480634,414.58711360905687,356.9395520051731,57.64756160388379,16.727900413645244,12.22805982916087,4.4998405844843745
frame_me~_560.27_560.51,21.649206504877455,0.0,0.28284543171329757,414.8824535964368,351.8717438678941,63.01070972854268,13.235824237387732,8.067648928270003,5.1681753091177285
frame_tSi_560.51_560.61,18.393656457172497,0.0,-0.3920584515565436,399.28653455913053,350.626056997743,48.66047756138755,6.039599159585279,3.611060261302768,2.428538898282511
frame_foj_560.61_560.82,61.131087937767106,0.0,-0.8334651820594619,414.65222620091913,353.16149232922595,61.49073387169318,51.15620290462512,26.401230054677967,24.75497284994715
frame_u~_560.82_560.92,43.04371343225671,0.0,-0.1348866355158884,413.6006042098345,363.26166875301465,50.3389354568198,9.503514207760318,5.00128390533645,4.502230302423868
frame_ma_560.92_561.04,44.30605063118223,0.0,-0.5758709076843653,413.5632353428534,360.70868449463734,52.854550848216036,1.4655382204764464,0.6293754561640554,0.836162764312391
frame_gra_561.04_561.24,42.127784449394795,0.0,0.05087432295974547,414.6160462987424,353.9242764044679,60.6917698942745,13.966797346452424,7.837318876159372,6.129478470293051
frame_vi_561.24_561.37,51.858450498903,0.0,-0.2875473290159945,404.40572986213897,353.17571705402446,51.23001280811451,9.879462536499943,5.3144998680105715,4.564962668489372
frame_dejs_561.37_561.73,49.99118687521033,0.09000000000003183,0.7552921157658127,413.48278935517396,339.71623710733456,73.76655224783934,6.759478464533331,4.034956220310988,2.7245222442223422
frame_ta~w~_561.82_562.35,11.866720582698235,0.0,3.3478049120520974,419.00408705204893,326.8323489713085,92.17173808074048,80.02132981347427,45.883540415861404,34.13778939761286
frame_i~_562.35_562.38,22.010019145617434,0.0,-0.7045261828947134,399.3830728333404,355.1480206490214,44.23505218431893,2.9708656233619877,2.079564625453173,0.8913009979088145
frame_ni_562.38_562.44,14.551392979472581,0.0,-0.49656957409590463,413.1992363315001,366.1105548753133,47.088681456186805,20.384245067778338,9.717076873899984,10.667168193878354
frame_si_562.44_562.68,31.624354345351747,0.0,-0.2875473290159945,415.78240764180356,352.16488094642847,63.61752669537509,43.189221841373026,13.985446988437559,29.203774852935467
frame_aw_562.68_563.11,19.66965225784773,1.5199999999999818,2.97568539929695,413.40501371527034,334.9997191609767,78.40529455429356,64.971252296114,12.640100283834926,52.33115201227908
frame_ki_564.63_564.7,29.787827232655175,0.0,-0.49656957409590463,414.3917511586505,365.40642277722486,48.98532838142563,8.81574706610094,5.133272118246666,3.682474947854274
frame_na~w~_564.7_565.49,35.61343198630996,0.4800000000000182,2.8388273671125623,413.47204595703454,299.45042720396617,114.02161875306837,25.366574749648407,12.289340046842398,13.07723470280601
frame_na~w~_565.97_566.17,30.96196236154441,0.0,-0.8258109564472305,411.80294919502535,352.8080355820513,58.994913612974074,22.145917482242254,6.256832484648427,15.889084997593827
frame_a_566.17_566.35,26.77768654496353,0.0,0.6776195536038563,412.4650340417167,356.067588811751,56.39744522996568,15.097572218824652,8.389871232504802,6.70770098631985
frame_fe_566.35_566.5,30.52227549215462,0.0,0.31743266353699073,415.2084613436969,359.3309565773129,55.87750476638399,13.692977909527698,5.9957275958962555,7.697250313631443
frame_tow_566.5_566.82,29.018124375086018,0.0,0.905531720357115,412.06983706019463,342.4812843188017,69.5885527413929,2.298025385967364,1.3558040437949472,0.9422213421724166
frame_e~j~_566.82_566.89,27.476346148195148,0.0,-0.9422651332151398,413.46244298051124,365.5215483344548,47.94089464605645,1.29134285233377,0.3350962562968931,0.9562465960368769
frame_ab_566.89_567.19,24.579948247363106,0.0,0.2597893998407199,415.009913353181,345.8504378590226,69.15947549415841,20.51621804100624,9.021014714708343,11.495203326297897
frame_so_567.19_567.46,31.525619926405113,0.0,0.5577323398741951,413.69639078010266,347.0493197829812,66.64707099712149,14.434711807559239,7.496829249042747,6.937882558516492
frame_lu_567.46_567.65,40.78146299660946,0.0,1.190510016429653,411.0775295677031,353.27810698001247,57.79942258769063,3.6546871087607258,1.900468598271928,1.7542185104887977
frame_tu_567.65_567.76,37.2505334889435,0.0,-0.3283828351552522,412.1889312639732,360.51352471467084,51.67540654930235,0.8883289665614313,0.30957078379319114,0.5787581827682402
frame_a_567.76_567.95,42.811022898696294,0.0,0.7820770920443435,413.87752665252003,354.88719561795233,58.9903310345677,7.586897097925956,2.774004278961442,4.812892818964514
frame_su_567.95_568.15,74.12867079300966,0.0,-0.1903016668294944,409.6653212136863,349.51436672374234,60.150954489943956,4.158539359082454,2.3459655866394726,1.8125737724429811
frame_a_568.15_568.21,38.5021680724531,0.0,-0.5758709076831778,405.2871201506107,359.54539432939214,45.74172582121861,36.154225897203645,24.696869378607374,11.45735651859627
frame_sa_568.21_568.39,66.09443003121278,0.0,-0.6803284461248525,409.91386520570495,352.31376521622144,57.60009998948351,38.94680808265216,21.41686680305729,17.529941279594873
frame_u_568.39_568.65,54.47840335883478,0.0,2.5713216996888,406.462120328973,343.91823895656387,62.5438813724092,25.96617315463726,16.51070424637848,9.45546890825878
frame_dZi_568.65_568.9,71.47650314936516,0.0,1.1756083865528817,397.8525128183441,335.6125726580439,62.23994016030019,1.2941368657287526,0.8875065545075245,0.40663031122122817
frame_ma~_568.9_569.65,28.9035392856711,0.0,5.689101618769793,416.6124401561982,304.0037577232656,112.60868243293254,31.864190179855896,15.403780865576593,16.460409314279303
frame_dow_569.65_570.14,55.867279891681164,0.0,-0.48566580157456485,411.02971302055306,325.588516790806,85.44119622974702,67.26336987163211,42.26606067453757,24.99730919709453
frame_fa_570.14_570.33,12.841913475734003,0.0,-0.2624982923617162,414.796254572528,355.47477209721933,59.3214824753087,28.261191128231147,13.084950417411989,15.176240710819158
frame_zeX_570.33_570.55,10.327967507854467,0.0,0.7552921157683016,416.4620354534933,354.0503764950761,62.411658958417206,16.804569177605046,7.261227864918752,9.543341312686294
frame_Re_570.55_570.7,10.46515672708145,0.0,0.5363623896526462,413.3475015839322,359.7838660193956,53.56363556453664,28.84746672956021,7.9357527839596855,20.911713945600525
frame_pow_570.7_570.97,3.5080842825998673,0.0,0.3838326496327351,417.18481465526656,350.772136040713,66.4126786145535,95.44199298997229,21.774310188021644,73.66768280195065
frame_zu_570.97_571.21,2.797097467153833,1.3700000000000045,0.5001041748008641,397.8803483851021,339.63965763660076,58.24069074850132,100.15377457712412,30.93933579698063,69.2144387801435
frame_i_572.58_572.63,70.95874454625667,0.0,-0.2875473290159945,407.49981158171903,361.38207342604755,46.117738155671475,47.0627599769939,34.5258535476366,12.536906429357302
frame_dZi_572.63_572.78,27.812991554024435,0.0,0.025986038605652958,413.6904737542418,358.35348717023135,55.33698658401039,3.188747717147322,1.7785801454269716,1.4101675717203506
frame_si_572.78_572.89,57.184086184389244,0.0,-0.4965695740970928,396.6746660994303,347.97836927982144,48.69629681960879,0.5608488803903242,0.2695916385386852,0.29125724185163904
frame_O_572.89_572.93,102.12629995113429,0.0,-1.3331114535100417,407.77186773461017,363.07009463134204,44.701773103268124,3.731110014581958,2.486382494370048,1.2447275202119101
frame_La_572.93_573.02,33.18617329613117,0.0,-0.5758709076843653,412.83935576343583,364.1466675147567,48.69268824867913,3.560939583441666,1.852199979849658,1.708739603592008
frame_da_573.02_573.18,0.5611305970667217,0.0,-0.053583215481929285,415.31025000984806,359.9533502588416,55.35689975100644,21.27637439757524,4.204321817177259,17.07205258039798
frame_ki_573.18_573.3,12.41187351602656,0.0,-0.3920584515565436,417.9156367442903,365.0983138407763,52.81732290351391,6.142678667704715,1.8327590487255208,4.309919618979194
frame_majs_573.3_573.53,39.196616685058316,0.0,-0.2624982923617162,412.3402912324017,351.6221471076004,60.71814412480131,13.230667530310654,8.955489140825762,4.275178389484893
frame_ow_573.53_573.6,40.867123467057496,0.0,-0.8334651820594619,412.0984710161687,363.6817535723703,48.41671744379835,6.394098515847261,2.8993941989939316,3.49470431685333
frame_me~_573.6_573.66,48.206004913204296,0.0,-1.1172809282046323,406.9072405444299,364.1839679677855,42.72327257664443,0.7489138488733289,0.6114647970538698,0.1374490518194591
frame_nus_573.66_573.91,47.044738402259924,0.09000000000003183,-0.1903016668294944,409.20799579413665,347.5954081607862,61.61258763335047,15.393206752052663,11.205663987618479,4.187542764434184
frame_trejs_574.0_574.33,28.507437563679815,0.0,0.7552921157683016,412.5032108013138,342.59990974308226,69.90330105823153,114.5185585986465,81.69861058464465,32.81994801400184
frame_kwa_574.33_574.53,44.024162334231406,0.0,-0.15804075392122896,412.5961147332615,353.6800209228818,58.91609381037972,102.74132575382296,84.26495191612186,18.476373837701104
frame_tru_574.53_574.67,30.417372530258376,0.0,-0.6045451718067677,411.2202103736411,356.4533036680078,54.766906705633346,17.25640187269161,7.6204470939981945,9.635954778693417
frame_me_574.67_574.78,57.31223974324617,0.0,-0.7772159670437753,412.15382268653826,361.531051189885,50.622771496653286,1.5274099117963829,0.6683587066801664,0.8590512051162165
frame_zis_574.78_574.88,57.14386630870892,0.0,-0.49656957409590463,410.5732487008038,360.7255489411551,49.84769975964866,2.808681494482869,1.9477287172401248,0.8609527772427441
frame_a_574.88_574.94,57.444961040169574,0.0,-0.5758709076831778,411.22983683337804,363.37739896127806,47.85243787209998,2.301422268323421,1.7104135093575366,0.5910087589658843
frame_se_574.94_575.0,51.6520385175706,0.0,-0.7772159670437753,391.9997871114937,350.7666579048506,41.23312920664313,3.2194186876572672,2.4828110188307164,0.7366076688265508
frame_Jo_575.0_575.11,45.31195876065917,0.0,-0.3117661113331049,412.16336638218917,361.50765347944133,50.65571290274784,2.403039494264249,1.2776439900850676,1.1253955041791812
frame_ra_575.11_575.2,49.91722906691926,0.0,-0.680328446123665,412.5584515439213,363.7306491584389,48.827802385482414,5.6783314354825905,2.3487074434692943,3.329623992013296
frame_si_575.2_575.43,69.56514712836031,0.0,-0.18303620647544533,410.3750207831539,349.77446807930437,60.60055270384953,50.06443315250136,22.613853013102826,27.450580139398532
frame_ki_575.43_575.62,77.77127039530286,0.0,0.13049716114739027,411.84858633972266,353.8691171230236,57.979469216699044,34.42324243614005,13.528324350944203,20.894918085195847
frame_zeX_575.62_575.79,63.87879204893406,0.0,-0.5582862409281198,411.9068712924383,356.2830605407688,55.62381075166951,4.912617399219769,3.4320400468692043,1.480577352350565
frame_a_575.79_575.85,62.618308498538795,0.0,-0.5758709076831778,409.28519603183395,363.02897681284287,46.25621921899102,3.3921788409119387,1.5894036220379917,1.802775218873947
frame_se_575.85_575.91,91.2889578437848,0.0,-0.7772159670437753,391.8928904720351,347.3651580548943,44.52773241714078,0.6743896378671081,0.24139670593182672,0.43299293193528143
frame_Jo_575.91_575.97,97.75083167963871,0.0,-0.8334651820594619,411.13178418075984,363.51116214877106,47.62062203198877,2.9664933954536963,2.1323626438995333,0.8341307515541629
frame_ra_575.97_576.05,51.8412978864998,0.0,-0.6803284461248525,411.028357758703,363.13799045721214,47.89036730149087,6.277763663490347,2.428774897050914,3.848988766439433
frame_po_576.05_576.27,61.487890869106835,0.0,-0.13786642109362188,411.45402815481697,350.90868825250135,60.54533990231562,12.35768218476187,7.880018385241186,4.477663799520684
frame_dZi_576.27_576.33,0.2511590732959519,0.0,-0.49656957409590463,389.2480359043911,347.5310242489229,41.717011655468184,105.15325067138947,47.01078372703779,58.14246694435168
frame_te~_576.33_576.53,44.78846748318348,0.0,0.28284543171329757,414.86400530520245,354.0705261736216,60.79347913158091,8.377992857067412,3.6697602772025846,4.708232579864827
frame_taX_576.53_576.73,61.15436191837205,0.0,-0.3669558308022034,411.85367823999314,351.7902504386884,60.06342780130473,9.16175630275525,5.890368463264224,3.2713878394910267
frame_nO_576.73_576.87,63.47589488759658,0.0,-0.623787675428593,409.7562019434519,355.2282063698936,54.527995573558314,4.315253569460566,2.2366429318195884,2.0786106376409776
frame_va_576.87_576.95,59.746503776511545,0.0,-0.7847859845641523,409.1766344334236,360.8108082754575,48.365826157966126,2.665915311752002,0.5978439546476153,2.0680713571043867
frame_gra_576.95_577.13,58.404739217047435,0.0,-0.2624982923617162,412.30234835374233,353.30472061128376,58.997627742458576,8.336144792775343,2.646569200931282,5.689575591844061
frame_vi_577.13_577.23,54.1854376366901,0.0,-0.3920584515565436,410.3050047507744,361.1209332157947,49.184071534979694,2.709880750733319,2.0158781466287934,0.6940026041045257
frame_dejs_577.23_577.53,63.60011493390222,0.0,0.31743266353450184,413.68527013406367,344.46769764702844,69.21757248703523,10.479396729201113,5.961124903041139,4.518271826159975
frame_na~w~_577.53_577.72,45.00264216843516,0.0,-0.8258109564472305,413.1006398103816,353.4281351699485,59.67250464043309,21.273881428654008,7.251324589931315,14.022556838722693
frame_a_577.72_577.99,67.982834976326,0.10000000000002274,1.6177373995682411,409.053020471808,344.65171851696874,64.40130195483925,7.87871919096203,4.835584363823656,3.043134827138374
frame_pro_578.09_578.21,65.48751991491385,0.0,-0.3117661113331049,412.93151829511794,360.38168911774835,52.54982917736959,7.78085977760108,4.41100689702462,3.3698528805764596
frame_ble~_578.21_578.46,65.11845381109991,0.0,-0.24220195325518004,405.21635356628775,342.2497464780854,62.96660708820235,17.085855624592043,5.643467453044607,11.442388171547435
frame_ma_578.46_578.64,51.9545415291678,1.4300000000000637,-0.3669558308022034,409.29996098250695,352.17901355977455,57.1209474227324,28.07931862533988,9.989632266549421,18.08968635879046
frame_i_580.07_580.1,3.587652884733984,1.5,-0.4965695740970928,368.18074392359586,327.8423722169142,40.33837170668164,15.875166842634343,5.317219617048693,10.55794722558565
frame_a_581.6_581.69,14.753542864917762,0.0,-0.2624982923617162,416.0629392492824,365.65611460759607,50.40682464168634,11.548258504018492,4.005580050555892,7.5426784534625995
frame_si~_581.69_581.9,13.97536418023708,0.0,-0.2182401157818707,423.6062654851835,361.605753533407,62.0005119517765,32.384848017725375,21.7148333960547,10.670014621670674
frame_foj_581.9_582.13,15.75496532062553,0.0,-0.13786642109164488,415.3237600504576,352.2969488230233,63.02681122743439,32.30635476936229,15.621016797758386,16.6853379716039
frame_fej_582.13_582.45,23.255228213982406,0.0,-0.12042678869432007,414.9978033596255,344.6768497712393,70.3209535883862,81.57857688035133,41.30285112540517,40.275725754946166
frame_ta_582.45_582.55,50.37356648083379,0.0,-0.7847859845653398,409.5736382651228,359.9943547963872,49.57928346873558,3.755455962453752,2.519996262972384,1.2354596994813676
frame_de_582.55_582.66,31.88551144499938,0.0,-0.120426788696809,412.6935933742052,362.29162382244795,50.40196955175725,13.714321875039289,3.6877349040640013,10.026586970975288
frame_pojs_582.66_582.94,54.729792045359744,0.0,-0.8334651820594619,413.9648743385216,348.49550846668274,65.46936587183887,92.82606605019245,56.147172566819364,36.678893483373095
frame_dZi_582.94_583.17,24.93339271508725,0.0,0.5485416513095869,414.23429476878766,351.14809292070134,63.08620184808632,34.62516524948312,17.108775628406107,17.51638962107701
frame_mej_583.17_583.34,33.53782041348832,0.0,-0.7772159670437753,414.36069364630106,358.60173096348336,55.758962682817696,14.77489760442377,6.083328585206573,8.691569019217198
frame_a_583.34_583.51,46.13203319868475,0.0,0.5731620151621816,413.0610044897577,356.642778608275,56.41822588148267,20.41010447556397,12.178043086204724,8.232061389359245
frame_du_583.51_583.71,49.63018381265033,0.0,0.5001041748008641,411.8282102335488,352.03093229933063,59.79727793421819,10.777660071855223,4.614857115581955,6.162802956273268
frame_zia_583.71_583.85,49.2940774395349,0.0,-0.3920584515565436,413.12864834734876,358.32764303251685,54.80100531483191,8.498016894949004,3.3626661720260955,5.135350722922908
frame_dZi_583.85_583.97,53.09766578120316,0.0,-0.1830362064742572,412.28052143936605,359.99231489420123,52.288206545164826,5.276837609011366,2.517885743710366,2.7589518653010003
frame_me_583.97_584.26,37.826318403202706,0.0,1.8499407463465787,413.9846636534905,346.5974381846644,67.3872254688261,24.254839999334138,9.47982486341138,14.775015135922757
frame_zis_584.26_584.67,64.17650186144137,1.1100000000000136,-0.18303620647544533,406.14224783222244,329.59755354839797,76.54469428382441,48.917738583389756,21.631723276616427,27.28601530677333
frame_te~_585.78_585.97,52.68388166304884,0.0,0.10782963672380502,413.6581472900775,353.8336570860279,59.824490204049596,58.35982454864171,13.666251764274193,44.69357278436752
frame_ta~_585.97_586.19,72.299824819692,0.0,-0.11324239353234414,413.6090701303324,350.8626581585279,62.74641197180449,44.020310331671396,18.32817202783832,25.692138303833076
frame_mus_586.19_586.76,70.68656095191092,0.06000000000005912,-0.3283828351552522,411.33854374679606,320.5069897016432,90.8315540451529,49.602198609547095,21.29049024495187,28.311708364595226
frame_nO_586.82_587.0,69.25597983281997,0.0,-0.2691257863888767,411.8138137005815,353.23708158640125,58.57673211418023,7.641678237252236,3.266132352884938,4.375545884367298
frame_va_587.0_587.16,70.81920529733021,0.0,-0.5758709076843653,413.21523081510384,356.56268184238246,56.65254897272138,10.905141242366057,3.6200161339726264,7.28512510839343
frame_me~_587.16_587.48,71.0649191773549,0.0,1.6829717916312275,411.881545938493,341.97348607745243,69.90805986104061,19.430936688474176,13.829535404707613,5.601401283766563
frame_tSi_587.48_587.79,93.78882821632507,0.3300000000000409,0.33951940622848853,395.8967311062172,328.90223423113713,66.99449687508007,117.02327688886717,97.94325511734104,19.08002177152614
frame_majs_588.12_588.35,18.52020815755631,0.0,-0.2624982923617162,411.26160333737573,349.22922963430824,62.032373703067435,12.252603361209268,4.69356789352868,7.559035467680587
frame_a_588.35_588.52,22.74656363127926,0.0,0.5731620151621816,412.09300150089774,354.6251586284505,57.46784287244725,7.863598079218363,4.0402104723636825,3.8233876068546806
frame_i_588.52_588.55,15.306563620295705,0.0,-0.4965695740970928,394.50375881292075,349.52829547521424,44.975463337706515,2.313356511107301,1.5529148730090299,0.7604416380982713
frame_Za_588.55_588.77,4.320533850942709,0.0,-0.05358321548074174,411.9314402754635,350.30311948419387,61.62832079126963,15.187724458888823,6.8570477473911495,8.330676711497674
frame_e_588.77_588.82,18.905452175793613,0.0,-0.3393565148099755,410.1726923907552,363.9932766685671,46.17941572218808,1.371224253306849,0.7374336771027146,0.6337905762041345
frame_ra_588.82_589.43,20.100836029263434,0.15000000000009095,4.85592109122572,410.44766044299035,316.2601347797998,94.1875256631906,6.797103833485778,2.8510767249528897,3.9460271085328884
frame_u~_589.58_589.65,77.87925481955044,0.0,-0.3526112591463147,403.9032516276681,358.28902857476345,45.61422305290466,4.310606306951982,2.4992026675358687,1.8114036394161133
frame_ma_589.65_590.05,80.80008809371341,0.0,2.3489401686516516,407.25243711272526,330.4558567821484,76.79658033057689,13.260687790600258,6.228908091823854,7.031779698776404
frame_gra_590.05_590.28,69.31731049043343,0.0,0.36424693828120713,406.9432670034747,348.4592281239078,58.484038879566924,9.773850245048479,4.795806154728879,4.9780440903195995
frame_vi_590.28_590.45,79.48858657189646,0.0,0.2350082836879394,405.5354054715221,352.02300856941423,53.51239690210787,5.763888761765401,3.2755188807455653,2.4883698810198354
frame_dejs_590.45_591.12,79.68947427360546,0.7699999999999818,1.6310110202309231,410.13805248621816,309.6572877616661,100.4807647245521,122.29461744310126,86.46026660567902,35.83435083742224
frame_ko~_591.89_592.13,114.2608055875825,0.9800000000000182,1.054083820423562,406.11517241209583,345.5897683068432,60.52540410525256,7.794815172919662,5.2727613254417065,2.522053847477956
frame_poX_593.11_593.24,17.298622051074233,0.0,-0.3117661113331049,413.66852076721534,359.09701084528035,54.57150992193493,12.2419408975653,7.534244125910533,4.707696771654767
frame_nO_593.24_593.4,16.455358768710212,0.0,-0.2691257863888767,414.916396422807,358.3137284915928,56.60266793121417,1.1966728499166095,0.5221820232746097,0.6744908266419998
frame_sa_593.4_593.62,21.63925980828185,0.0,-0.05358321548074174,411.53132635090947,352.0583408384515,59.47298551245791,16.932341518015534,9.653061267829145,7.279280250186389
frame_vo~_593.62_593.8,5.140815290227039,0.0,0.16201475777854243,410.89673654334456,354.3777566379837,56.51897990536088,8.976620777872384,2.4810134035264184,6.4956073743459655
frame_ta_593.8_594.15,53.13566944985743,0.0,1.1999072458062923,408.76579252952763,337.4323200132669,71.33347251626071,14.063942546135642,7.587875205769848,6.476067340365795
frame_dZi_594.15_594.21,13.857423739599597,0.17999999999994998,-0.49656957409590463,386.5214548665103,343.5478169372819,42.9736379292284,121.75002065135692,72.15374627616696,49.59627437518996
frame_Za_594.39_594.59,82.32400791525647,0.0,0.2597893998407199,409.5197362194532,351.8229369735517,57.69679924590156,32.412365561465705,8.945165521796866,23.46720003966884
frame_pro_594.59_594.75,67.59937760226396,0.0,-0.31176611133508186,413.04295223230355,356.6286040489099,56.414348183393656,53.6718039474429,15.924657754344238,37.747146193098665
frame_gra_594.75_594.94,66.93384351727647,0.0,0.15533186140142022,410.59935257970506,353.8386549262285,56.76069765347654,8.72540283962499,4.01673282071657,4.708670018908421
frame_ma_594.94_595.3,78.0294088458395,0.0,1.513279861127754,409.0657220656839,337.59615327869045,71.46956878699342,17.7009344568593,7.682682744277116,10.018251712582185
frame_da_595.3_595.62,156.88990912237463,2.3700000000000045,1.7221949380087285,397.502140719069,329.1331747358389,68.36896598323011,715.1830451144842,448.194335437496,266.9887096769882
frame_a_597.99_598.12,6.568662547495791,0.0,0.1553318614002327,415.08198538469014,363.58271718979984,51.499268194890305,31.749002128921873,13.773423535444891,17.975578593476982
frame_pa_598.12_598.38,6.161944742922884,0.0,0.782077092043156,419.03214699805574,352.68139244754616,66.35075455050963,11.648296877526889,5.651794673835894,5.996502203690994
frame_re_598.38_598.44,61.42135364699884,0.0,-0.7772159670412863,410.95210731198085,364.13957523693864,46.81253207504227,0.4591845771942502,0.3065789354073871,0.1526056417868631
frame_se_598.44_598.51,3.0199670250749193,0.0,-0.7772159670437753,398.7651554769636,353.7371483888686,45.02800708809502,1.8845888374028732,1.0823708531685554,0.8022179842343178
frame_ra~w~_598.51_598.83,4.017357324465479,0.0,1.0065082053332444,416.5245230963764,346.1395573067759,70.38496578960053,6.184961392050951,2.828188065273565,3.356773326777386
frame_nO_598.83_599.03,3.7543164388394246,0.0,0.26286704717069787,420.4199657181574,359.3867348531353,61.033230865022176,6.656745799087318,2.6642479248201596,3.9924978742671584
frame_va_599.03_599.41,9.164110218473908,0.0,2.03556755333019,414.4117256086539,339.20169807244065,75.21002753621332,22.72793372342815,14.920525628976904,7.807408094451247
frame_me~_599.41_599.47,11.104537023964198,0.0,-1.1172809282046323,407.0138942928845,360.6426105444201,46.37128374846435,10.550535107032076,6.7572251232666645,3.793309983765411
frame_tSi_599.47_599.54,4.714775593531172,0.0,-0.4965695740970928,412.4211785660585,363.5703378688776,48.8508406971809,27.28945206271557,18.32440911126473,8.96504295145084
frame_ujs_599.54_599.65,10.955070092010928,0.0,-0.6045451718051978,410.6132437889471,360.0227253650849,50.59051842386219,3.818400605210641,1.8839022646078263,1.934498340602815
frame_mez_599.65_599.97,3.2437135717257206,0.0,1.4120812941152678,415.849653430319,346.6634735453275,69.18617988499147,19.061114138852744,7.613141528825281,11.447972610027463
frame_mus_599.97_600.13,10.800672045349017,0.0,0.22394183814934865,416.17450631126974,360.11155157624967,56.06295473502007,18.258591468629092,3.641553877579071,14.617037591050021
frame_si~_600.13_600.39,1.8436938340781381,0.0,0.5922366627413767,416.40828611594816,350.7140936298015,65.69419248614662,90.94942857152748,22.057402840415804,68.89202573111167
frame_to~_600.39_600.61,34.09873690863884,0.0,-0.22030055478360885,425.22131032829395,361.96306755005963,63.25824277823432,63.38775684359761,25.187708261906593,38.200048581691014
frame_mas_600.61_601.06,18.050563838977965,0.11000000000001364,-0.15804075392122896,412.6698994438687,332.6286922221388,80.0412072217299,120.81892677328655,68.89330979463783,51.92561697864872
frame_dZi_601.17_602.16,50.21595827601824,0.0,9.013942577101197,412.36342828957453,281.16468939844833,131.19873889112617,48.060421180713774,30.38604323380666,17.674377946907114
frame_Res_602.16_602.51,31.306543118830334,0.0,-0.12042678869432007,414.3176119664386,341.8998801711316,72.41773179530702,11.04380557704512,4.305560503752147,6.738245073292973
frame_fri_602.51_602.68,88.05350237280598,0.0,-0.0785250839348962,411.3721171899399,354.0302926337783,57.34182455616161,6.627016986273183,4.6477373636076535,1.9792796226655298
frame_a_602.68_602.83,575.3945546545965,0.0,0.36424693828239463,403.55329345328124,349.7203353845201,53.832958068761116,37.468961730400565,28.63358225895979,8.835379471440774
frame_dus_602.83_603.17,84.87920614504435,0.0,-0.6045451718067677,403.32812894022095,332.5382814893536,70.78984745086734,6.418640955400811,2.2634782759081418,4.155162679492669
frame_e~_603.17_603.24,41.027972228034855,0.0,-0.41721774824467256,409.2793237450913,362.61961146647405,46.659712278617235,1.109674795718547,0.7998927843851078,0.3097820113334393
frame_ta~w~_603.24_603.43,41.52211280407731,0.0,-0.7240154474595548,408.1095253541647,351.9040074902473,56.205517863917464,4.990646503224298,2.74456765352933,2.2460788496949675
frame_ew_603.43_603.54,44.27532382029503,0.0,-0.7772159670412863,408.2978051941212,358.78824368838457,49.5095615057366,13.299074576571869,7.8359667641893935,5.463107812382475
frame_dZi_603.54_603.67,53.547504547845335,0.0,0.1304971611462021,409.6470684138311,356.68770580026387,52.95936261356724,5.699194118435258,3.454082383343163,2.2451117350920953
frame_si_603.67_603.81,60.10129257369246,0.0,-0.3920584515565436,409.8876746092768,355.21457399772567,54.67310061155115,52.368253526161986,31.002959170228678,21.365294355933308
frame_va~_603.81_604.03,47.192610812439355,0.0,-0.215037902521177,414.1213364448852,351.2869497358921,62.83438670899312,8.098062808850145,3.9227192285502497,4.175343580299895
frame_mus_604.03_604.12,48.28841631619483,0.0,-0.6045451718051978,409.89539595251233,362.22901589704963,47.666380055462696,1.4838069029016765,0.46367537326682395,1.0201315296348525
frame_pri~_604.12_604.25,37.08534714964783,0.0,-0.7045261828947134,413.6686487913627,359.543443556319,54.12520523504372,3.597246272678049,1.4572538736447456,2.1399923990333036
frame_mej_604.25_604.44,42.922605947510235,0.0,-0.7772159670437753,413.8294469230652,355.0033681193024,58.826078803762755,6.185031604310026,3.2853450486681197,2.8996865556419067
frame_ru_604.44_604.51,38.25350104801639,0.0,-0.4664640034810099,411.68698006657604,363.7003836988444,47.986596367731636,1.5108771796190723,0.3668503593732453,1.144026820245827
frame_fa_604.51_604.72,4.582768552162776,0.0,-0.05358321548074174,425.1226975360339,362.7596899648195,62.36300757121438,7.382444751877301,3.6784167280513316,3.7040280238259697
frame_zeX_604.72_604.89,12.790763382923899,0.0,-0.5582862409281198,416.13968501087624,358.0023100260249,58.13737498485136,20.5436262593401,10.524436801361333,10.019189457978769
frame_u~_604.89_605.04,12.336902105277574,0.0,0.2279877372023138,414.2093080129006,359.9775941304243,54.2317138824763,5.694982192943314,2.5058963828581113,3.189085810085203
frame_e_605.04_605.07,2.0602594394500784,0.0,-0.7772159670412863,429.2588230771694,383.44791854738486,45.81090452978452,3.423645604142024,2.1663007119032898,1.2573448922387342
frame_za~_605.07_605.24,41.75956242728827,0.0,-0.11324239353234414,413.6550998873509,356.51499678919504,57.14010309815586,27.139688111022537,17.554880149011197,9.58480796201134
frame_mi_605.24_605.5,40.60137182884361,0.0,-0.4965695740970928,414.2802920473325,349.39720938623356,64.88308266109897,16.982046415655958,10.438240279898977,6.543806135756981
frame_mE_605.5_605.65,81.80154185239238,0.0,-0.06599427857952911,414.59953225901097,360.17957532897094,54.41995693003997,443.14448839098407,303.0990412689173,140.04544712206675
frame_dZi_605.65_605.81,31.187828601511512,0.0,-0.0785250839348962,398.6144881307578,344.3276869607478,54.286801170009994,16.264310189363528,8.556426806140848,7.707883383222679
frame_ku_605.81_606.19,17.893978780245746,0.6399999999999864,3.8140522146221896,410.2880589617374,334.7031502451986,75.5849087165389,122.05148406980639,101.71098592046972,20.340498149336668
frame_pa_606.83_606.91,378.38289485603093,0.0,-0.889243523005827,416.2097797211829,367.19911631905325,49.01066340212964,33.77744455004745,20.700693291397556,13.076751258649892
frame_ra_606.91_607.02,28.334119276100225,0.0,-0.36695583080339095,416.2514768841903,364.7629034084255,51.488573475764895,27.33251076560326,12.529349130742787,14.803161634860473
frame_veX_607.02_607.29,38.7621669210986,0.0,0.5363623896501573,415.4044906822803,349.91640438786834,65.48808629441197,9.650304245976173,3.8717303707124415,5.7785738752637315
frame_si_607.29_607.43,37.81890126085365,0.0,0.025986038605652958,415.8613555235613,361.2653811467611,54.5959743768002,7.261733923119792,5.42399669364427,1.8377372294755219
frame_i_607.43_607.47,34.999440855401915,0.0,-0.39205845155535546,401.9698583442165,358.03380368197315,43.93605466224335,13.924953805911557,7.925437956812374,5.999515849099183
frame_su_607.47_607.65,69.29650389083139,0.0,-0.4664640034810099,413.54953826217263,355.6144304679974,57.935107794175224,6.410319640402761,4.7676217506597,1.6426978897430615
frame_E_607.65_607.82,33.07341756710068,0.0,0.6773895491014978,414.03206937928303,357.47062525836316,56.56144412091987,7.992317603839169,2.9861791613273283,5.0061384425118405
frame_Res_607.82_608.03,36.698731374559145,0.0,0.31743266353699073,412.78986599701307,352.534616920272,60.25524907674105,6.849343311623116,3.1817553175048374,3.6675879941182785
frame_fri_608.03_608.29,48.173093080440864,0.0,-0.2875473290159945,413.24178100645094,348.6436132347573,64.59816777169362,55.146396507123434,18.06247485476186,37.083921652361575
frame_a_608.29_608.54,17.526251209741247,0.0,1.4088223226872667,413.1929390534258,348.8814534771292,64.3114855762966,50.94433048193855,33.84636089578268,17.09796958615587
frame_du_608.54_608.62,18.193505621651752,0.0,-0.6045451718067677,414.2847382683721,365.13562291065114,49.14911535772097,15.140267119353723,4.379448090475506,10.760819028878217
frame_ow_608.62_608.69,14.427572751917921,0.0,-0.6595654918180018,416.88233313354016,367.63705920857115,49.24527392496901,8.879151775796629,4.706948048967291,4.172203726829338
frame_E_608.69_609.13,35.69823951860978,0.11000000000001364,3.544727170153438,415.2929880827699,334.7297537537859,80.56323432898404,46.840608066468135,27.174661779673656,19.66594628679448
frame_u_609.24_609.28,2.978734798654699,0.0,-0.4664640034810099,408.695135221683,363.17617636263395,45.518958859049064,0.295656166862841,0.17149961985207085,0.12415654701077017
frame_Res_609.28_609.45,8.424423285967578,0.0,-0.120426788696809,413.7274801755336,358.8382039480868,54.88927622744677,9.96709657274998,3.4724731644337083,6.494623408316272
frame_fri_609.45_609.72,10.66473896139874,0.0,-0.4965695740970928,416.45688869907883,349.9570166441174,66.49987205496143,7.9760200591714465,5.078049783730407,2.8979702754410397
frame_a_609.72_609.86,15.008406711182545,0.0,0.2597893998407199,415.4315474755373,360.2151439708739,55.21640350466339,4.862512450446559,3.2383467956299654,1.6241656548165935
frame_du_609.86_609.95,23.045881245343878,0.0,-0.6045451718051978,412.5288964575925,363.0402205448969,49.48867591269561,15.671035547015578,7.150398619458102,8.520636927557476
frame_a~_609.95_610.11,19.142355196267545,0.0,0.4975306603937093,413.770047813623,358.6103472315117,55.15970058211127,11.775529923818667,4.072846212496529,7.702683711322138
frame_te_610.11_610.25,14.523923440983666,0.0,-0.3393565148124644,416.109242936455,361.17143843508444,54.93780450137058,19.12078269939134,12.914098237567941,6.2066844618234
frame_ri_610.25_610.4,26.624093014166846,0.0,0.4440305287690377,414.9750363407805,359.06249051236966,55.91254582841083,5.454220110373342,2.98002898402207,2.474191126351272
frame_oX_610.4_610.56,31.079646433920203,0.0,0.905531720357115,412.51321140214935,356.68888022635474,55.82433117579461,9.976420119806207,5.505754722520095,4.470665397286112
frame_nE_610.56_610.62,31.2287433544749,0.0,-0.8093781062605561,405.5730532207082,360.44092648348,45.13212673722819,1.7869368891694961,1.1114862855988576,0.6754506035706385
frame_un_610.62_610.71,19.089618587804807,0.9099999999999682,-0.1903016668294944,410.51872824674336,362.1862065698893,48.33252167685407,1.1495789811150274,0.5017262520840831,0.6478527290309444
frame_un_611.62_611.82,8.8536084010004,0.0,-0.3283828351552522,405.76249361961374,348.6643567426724,57.09813687694134,145.42664785593976,37.08321640250048,108.34343145343928
frame_foj_611.82_612.66,15.260125132920734,0.0,0.03603326914981512,420.105061934133,300.70582795461604,119.39923397951699,109.7149316853445,26.724853824237073,82.99007786110742
frame_fej_612.66_613.0,41.7999247652339,0.0,2.944589376927345,417.4017579238391,345.66599731536303,71.73576060847608,40.910407098099284,28.718092713674764,12.19231438442452
frame_tu_613.0_613.2,45.365199714693574,0.35999999999989996,0.6381853431266219,416.2010053166079,357.02765040996724,59.17335490664067,25.387158925181424,15.433024364277856,9.954134560903569
frame_u_613.56_613.67,3.973143891263703,0.0,0.5001041748008641,404.7771528981043,354.0833314559433,50.69382144216098,91.89200230814963,58.331736215594646,33.56026609255498
frame_tEs_613.67_613.92,26.143460482898462,0.0,0.2525987904261079,416.77501068896026,353.7433303921814,63.0316802967788,15.877564512394457,9.67931299817333,6.198251514221127
frame_tSi_613.92_614.0,23.059833860019012,0.0,-0.2875473290159945,409.62240259937425,361.55252441245295,48.0698781869213,54.55360409020284,30.98956608677767,23.564038003425168
frame_dZi_614.0_614.11,16.197538862771893,0.0,-0.1830362064742572,414.71945063141646,365.11381372667546,49.605636904741004,11.837007322602872,4.184455218881681,7.652552103721192
frame_gaw_614.11_614.3,25.90999709485675,0.0,-0.2624982923617162,414.9958754711106,357.20666950206805,57.78920596904254,23.739609239349946,11.941920460578402,11.797688778771544
frame_li~_614.3_614.37,34.09160418783436,0.0,-0.7045261828947134,413.9341095670289,365.2716162262624,48.6624933407665,5.534300482559544,2.8565280242607543,2.67777245829879
frame_mai~_614.37_614.74,18.372581481407124,0.0,1.3043647842467796,414.33724026232073,339.7329451070839,74.60429515523685,15.61224095084765,9.541123820644543,6.071117130203106
frame_ni~_614.74_614.8,13.933289255258572,0.0,-0.7045261828947134,414.9820984165416,367.1248703029813,47.85722811356027,1.7278359211978795,0.4705442316691233,1.2572916895287563
frame_ni_614.8_614.86,2.5841899658813645,0.0,-0.4965695740970928,423.09484108494996,375.0016977561965,48.093143328753456,4.4042587421621135,2.1161789177294565,2.288079824432657
frame_i_614.86_614.89,9.35720330457572,0.0,-0.4965695740970928,417.12794036981614,372.54047489850575,44.587465471310395,7.489126850058213,3.854175382330496,3.634951467727717
frame_dew_614.89_615.05,25.157074475392918,0.0,0.5363623896526462,415.2801487008195,359.9726831246003,55.30746557621916,23.720046840405686,10.719206135928815,13.000840704476872
frame_po_615.05_615.26,25.917459785503993,0.0,-0.31176611133508186,425.0452423218908,362.8297221643824,62.215520157508365,16.25194088291451,6.8660671300123255,9.385873752902185
frame_zi_615.26_615.51,27.693890906955843,0.0,0.9665861414717835,412.60107211757696,350.9157590698941,61.68531304768288,67.63124183230542,23.471019451088708,44.16022238121671
frame_tSi_615.51_615.69,61.718666079761164,0.0,-0.1830362064742572,412.3675239257056,356.13819239205145,56.22933153365415,35.38927126454773,17.7665689266055,17.62270233794223
frame_vu_615.69_615.82,50.38756490143186,0.0,-0.6045451718051978,407.0791800229566,356.0713675730859,51.0078124498707,7.215491648154924,3.8611472900582555,3.354344358096668
frame_da_615.82_615.93,47.245533151594714,0.0,-0.36695583080339095,412.0058660294754,360.00609036533956,51.999775664135825,2.8998423415042396,1.9596786168839913,0.9401637246202483
frame_i_615.93_615.96,42.268386081241474,0.0,-0.49656957409590463,397.7054387519392,352.57437232648124,45.13106642545796,1.4338684657726475,0.7032023107823022,0.7306661549903453
frame_ew_615.96_616.02,47.687797343672145,0.0,-0.7772159670437753,410.31797659266596,365.7158810356736,44.60209555699237,5.63566470719374,2.2132535813617835,3.4224111258319567
frame_dZi_616.02_616.12,38.708223250510216,0.0,-0.2875473290159945,413.7814279056897,363.5666023845091,50.214825521180614,4.186709126343402,1.871428451192088,2.315280675151314
frame_gu_616.12_616.22,38.71268563027863,0.0,-0.4664640034794401,411.4458686760876,361.7739610017989,49.67190767428872,4.634190602655636,1.9618628272001217,2.672327775455514
frame_bo~_616.22_616.58,49.55884371360908,0.0,1.8187144455493136,412.34737574750187,336.8486373225662,75.49873842493565,22.342327165805557,9.472553272182452,12.869773893623105
frame_e~_616.58_616.67,33.55082435516873,0.0,-0.0671861582676772,410.62120833238964,362.4272824661474,48.19392586624224,5.514443136428611,4.102163509396277,1.4122796270323335
frame_ta~w~_616.67_616.94,34.22332251715926,0.0,-0.7240154474583975,413.34930938358775,347.6424341816361,65.70687520195173,12.22118093205215,5.472892412826653,6.748288519225497
frame_vo_616.94_617.0,30.409006993810948,0.0,-0.8334651820594619,394.73971626064235,348.96131331973737,45.77840294090498,3.1738579944111223,1.2023732197060468,1.9714847747050754
frame_se_617.0_617.08,10.640369198012806,0.0,-0.7772159670412863,410.4665484357233,362.3736191249457,48.092929310777606,1.5039124409353661,0.7096759530936083,0.7942364878417578
frame_na~w~_617.08_617.24,12.357416640113698,0.0,-0.11324239353234414,413.06964425128285,356.16478390689025,56.9048603443926,7.696322640199,2.0075763464022174,5.6887462937967825
frame_vaj_617.24_617.42,28.252163079460402,0.0,-0.2624982923617162,413.84671426680467,355.61432090815333,58.232393358651336,20.27443644102297,11.831744792941038,8.442691648081933
frame_to_617.42_617.56,27.80370728618901,0.0,-0.31176611133508186,412.0016525681048,358.64132757040863,53.36032499769618,5.692568714544521,3.4440649690114356,2.2485037455330854
frame_maX_617.56_617.77,43.56209040027406,0.0,-0.2624982923617162,412.1230327992654,352.3035891569254,59.81944364233999,16.297970539172297,11.094750489877043,5.203220049295254
frame_koj_617.77_618.02,40.94588540145361,0.0,0.03603326914981512,415.72974496484994,352.01320362461684,63.71654134023305,54.71481541419074,19.016813886100266,35.69800152809047
frame_za_618.02_618.14,18.157285541061313,0.0,-0.47141336924387817,415.8222254792198,364.14252782161554,51.679697657604265,12.975309798896149,6.606794837248316,6.368514961647833
frame_ne_618.14_618.22,8.71682079029138,0.0,-0.7772159670437753,413.4444475231195,364.30719614920224,49.13725137391731,4.389813017836502,1.4114368999071587,2.9783761179293435
frame_J_618.22_618.25,2.0770706928225025,0.0,-0.7772159670437753,401.12895076263993,356.389279768961,44.73967099367894,3.8234660599593724,1.5881256837646163,2.235340376194756
frame_u~ma_618.25_618.64,27.94895450946143,0.0,-0.6429107573202164,415.0176357408377,338.7482015832568,76.26943415758092,47.621228712702106,27.868474340290277,19.75275437241183
frame_vaj_618.64_618.89,42.68964553541318,0.0,0.5731620151621816,412.8376381987687,350.09314000199674,62.74449819677193,12.630003053037527,10.259930985233723,2.370072067803804
frame_ko~_618.89_619.01,28.63289062207842,0.0,-0.47517742982649186,412.1776262232695,359.8103062397785,52.36731998349097,11.54587385488685,7.595038035494696,3.950835819392154
frame_suw_619.01_619.24,15.631285000683008,0.0,-0.6045451718067677,411.0725181184904,351.45209691681805,59.62042120167234,32.36751319010996,17.30442433354328,15.06308885656668
frame_taX_619.24_619.5,34.845402566418514,0.0,0.36424693828120713,414.1836168242139,349.3255599461011,64.85805687811279,8.735772829593927,5.996189290182528,2.7395835394113988
frame_u_619.5_619.53,83.6595842455246,0.0,-0.6045451718067677,395.67330254277493,351.4034375342486,44.269865008526324,0.2984491980955539,0.16372923227610414,0.13471996581944978
frame_Zi~_619.53_619.65,31.411319225802643,0.0,-0.3803354714861516,413.8451078567024,360.71503874847986,53.13006910822253,15.935447495089235,8.462096200971828,7.473351294117407
frame_ne_619.65_619.78,36.473114778605265,0.0,-0.120426788696809,413.60105845125145,360.76387023356085,52.837188217690596,7.569768499302128,3.2718059514307924,4.297962547871336
frame_ko_619.78_619.94,40.43276666410175,0.0,-0.6595654918160249,415.66415261628896,358.58330179833456,57.0808508179544,65.95874726697517,25.24313325624449,40.71561401073067
frame_lo_619.94_620.09,12.919508689040939,0.0,0.2099329593912751,417.31691942081864,360.68192769224015,56.63499172857843,9.018679977381666,3.187914259685172,5.830765717696494
frame_Zis_620.09_620.41,13.85699559651917,0.0,0.33951940622848853,413.6878589044622,344.28207844167656,69.40578046278563,18.534777164304018,9.839531248047791,8.695245916256226
frame_ta_620.41_620.62,76.85928804070338,0.6599999999999682,0.4687044767216943,396.6713350244513,336.9431954552698,59.72813956918151,1.380737961893324,0.7840381072544957,0.5966998546388282
frame_i_621.28_621.33,93.34425872143439,0.0,-0.28754732901480634,416.9325900317858,369.6150130856329,47.31757694615294,7.66182928864373,5.459535822396674,2.202293466247056
frame_e_621.33_621.68,66.0490400525404,0.0,6.228535268662176,417.8568415520451,342.76505021831804,75.09179133372703,66.03117705475863,30.182724579537407,35.84845247522122
frame_li_621.68_622.27,56.85784429674581,0.0,-0.4965695740970928,416.55682763843333,320.68588793416785,95.87093970426551,105.67942107862146,35.45905572285483,70.22036535576663
frame_ki_622.27_622.44,4.827887186326279,0.0,0.6530527738513242,408.6725946220126,351.9761905620931,56.69640405991947,8.315913374613586,1.9132174149831656,6.402695959630421
frame_tSi_622.44_622.81,100.11422178030105,0.4900000000000091,2.743275224662307,398.6071455645366,327.5835536609772,71.0235919035594,37.414772131343405,20.29879101074185,17.115981120601553
frame_Re_623.3_623.49,15.966899465518196,0.0,0.31743266353699073,416.215329467695,357.14463813265206,59.070691335042966,46.275744040301916,23.475178676054895,22.80056536424702
frame_sej_623.49_623.81,26.798989973452464,0.0,0.974221841883957,415.72780303772674,346.28861476861823,69.43918826910851,49.30657740017942,29.249298207799555,20.057279192379866
frame_tSi_623.81_623.89,69.55897710347728,0.0,-0.4965695740970928,402.385509710069,353.5290030647815,48.85650664528754,55.51452032398385,28.41053156978164,27.103988754202213
frame_u_623.89_623.92,37.94783914582217,0.0,-0.6045451718067677,392.76660365588776,349.2610505958644,43.505553060023374,3.9731853477227617,2.34177558166823,1.6314097660545315
frame_ki_623.92_624.03,74.08516944314712,0.0,-0.3920584515565436,415.2997799640371,363.57360937672263,51.72617058731447,26.166929118470534,11.066710527517188,15.100218590953347
frame_de_624.03_624.27,9.297887015434299,0.0,1.6310110202309231,415.76637875572993,353.68105980385485,62.08531895187508,80.77469699413359,61.91003125535255,18.864665738781042
frame_vi_624.27_624.36,0.7282933960163973,0.0,-0.3920584515565436,407.08519801080894,358.50717423712075,48.57802377368819,18.155360506077017,11.774584669169997,6.38077583690702
frame_seX_624.36_624.58,47.582176274146775,0.0,-0.7772159670437753,415.49586739391106,354.86710612811606,60.62876126579499,66.90894213668196,17.74808899417596,49.160853142506
frame_fej_624.58_624.75,23.16419513659099,0.0,0.31743266353699073,417.45215434366537,359.32072537504393,58.13142896862149,93.51604044570027,70.26869534094848,23.247345104751787
frame_tu_624.75_624.93,96.3530372324757,0.0,-0.4664640034810099,396.4163876919119,342.9991390261065,53.4172486658054,2.0595899791887575,1.1712719742669222,0.8883180049218353
frame_a_624.93_625.02,89.44471265251099,0.0,-0.2624982923617162,393.7049776279833,347.6650869091332,46.039890718850074,18.906164899068443,13.706612282257304,5.19955261681114
frame_i_625.02_625.05,25.682292401919852,2.1900000000000546,-0.4965695740970928,372.44830901345483,331.75138093719727,40.696928076257564,37.21483138035282,13.559564347840848,23.655267032511972
frame_E_627.24_627.36,29.891577317242664,0.0,0.1464011007575622,417.0224979147509,363.62392317279574,53.398574741955144,18.23830171200916,10.244466695985167,7.9938350160239935
frame_la_627.36_627.52,42.87503154347466,0.0,-0.05358321548074174,413.3193831446152,359.2213579890147,54.09802515560051,45.86363841212136,14.89979915154376,30.9638392605776
frame_foj_627.52_627.68,19.61617469666048,0.0,-0.8334651820594619,414.97200160596424,359.73627667315907,55.23572493280517,8.420623486029768,3.771743831969985,4.648879654059783
frame_a_627.68_627.79,7.1851684611932,0.0,-0.05358321548074174,415.37390967087424,364.4327169758242,50.94119269505012,15.392600931201756,8.448766689977376,6.94383424122438
frame_w_627.79_627.82,21.622246310240527,0.0,-0.6045451718051978,399.3834170119686,353.8181403903028,45.56527662166582,1.944473135264289,1.4696486306113883,0.4748245046529007
frame_Zi~_627.82_627.95,7.690572157651644,0.0,-0.5424308271885897,411.51441680065983,359.18043234419946,52.33398445646037,26.154702844810814,7.9153157015514495,18.239387143259364
frame_ne_627.95_628.07,1.580380943397671,0.0,-0.3393565148099755,413.2175808025779,360.9686862220656,52.248894580512285,7.375033394016256,2.0527340344115004,5.322299359604756
frame_ko_628.07_628.21,21.750060395367655,0.0,-0.6595654918160249,413.8703962478247,360.44684703709993,53.42354921072479,74.94734422669072,29.999132109618884,44.948212117071826
frame_lo_628.21_628.39,3.7140030830923507,0.0,1.253331100840035,415.4638084290211,357.07558922409265,58.388219204928475,17.719922944744738,8.08471345574452,9.635209489000218
frame_Zis_628.39_628.66,1.3344242177360996,0.0,0.02598603860684111,413.9019874264454,348.12187937539437,65.780108051051,27.70864689315755,9.689676075577438,18.01897081758011
frame_ta_628.66_628.72,19.842369984253494,0.0,-0.889243523005827,389.3454483281829,344.36805151723416,44.97739681094873,117.56824994803239,63.54514531942425,54.02310462860814
frame_i_628.72_628.75,47.90248275886064,0.0,-0.4965695740970928,397.7272226493095,352.9593132669896,44.76790938231994,37.961131207684076,10.602467493630314,27.358663714053762
frame_e_628.75_628.81,18.113677955862826,0.0,-0.120426788696809,412.6688459870775,367.54460637118854,45.12423961588894,2.511001392313119,1.0749626802218586,1.4360387120912605
frame_li_628.81_628.9,21.457637272406302,0.0,-0.3920584515565436,415.269031948387,364.95221990038135,50.3168120480056,18.771709409592518,15.02127194719634,3.750437462396178
frame_ko_628.9_629.02,28.88362772933401,0.0,-0.8334651820594619,412.85426535785524,360.6100354377304,52.24422992012484,21.48855255139523,10.915878080766817,10.572674470628414
frame_me_629.02_629.17,18.39690281187181,0.0,-0.7772159670437753,414.76480398078684,360.0152997444277,54.749504236359144,8.79962125568926,4.228915705421883,4.570705550267377
frame_sow_629.17_629.38,1.1723489756911079,0.0,-0.3117661113331049,412.99827091454716,352.5622869908557,60.43598392369148,46.85571071623809,25.679626327841405,21.17608438839669
frame_a_629.38_629.41,21.138721655963494,0.0,-0.889243523005827,407.18465355687715,363.7766206648605,43.40803289201665,5.139511076378724,2.8367461364366164,2.302764939942108
frame_tra_629.41_629.64,32.14936408747813,0.0,0.05087432295974547,412.8079193078005,351.2748273744354,61.533091933365085,65.96154939918748,29.253494082077125,36.70805531711035
frame_taX_629.64_630.18,17.667311656693286,0.0,1.6177373995682411,413.6485628081428,323.81077147850624,89.83779132963656,25.851280807579954,13.57327949639145,12.278001311188504
frame_u_630.18_630.21,11.007491618954262,0.0,-0.6045451718051978,399.33679701621963,354.44175311982315,44.89504389639649,5.684154605250853,1.4765851719625118,4.2075694332883415
frame_Res_630.21_630.64,18.730648974278438,0.0,2.944589376924856,415.0560559804963,334.0330500781306,81.0230059023657,13.238891477657205,9.48131608191008,3.757575395747125
frame_fri_630.64_630.88,47.119696988645345,0.0,-0.4965695740970928,412.26659783455347,349.5742563367823,62.69234149777117,71.71913183640038,49.596197054632796,22.122934781767583
frame_a_630.88_631.4,14.74699503722934,0.0,4.229175860582797,414.52213906866575,324.3071922341525,90.21494683451326,31.169796410761847,12.123196495900004,19.046599914861844
frame_du_631.4_631.79,30.856870509765713,0.5099999999999909,3.9521333829479475,408.8093141870738,333.42606107565985,75.38325311141392,11.2463222032534,4.785562442902503,6.460759760350896
frame_ko~_632.3_632.45,21.583040421851138,0.0,-0.475177429825043,416.39167717266747,360.79327387807615,55.59840329459132,64.65680472766063,11.063289150568721,53.59351557709191
frame_i~_632.45_632.48,14.955625649617474,0.0,-0.7045261828947134,429.0773486552971,383.2730953881264,45.80425326717068,4.622471722928111,1.6871007597437142,2.935370963184397
frame_Ze_632.48_632.64,10.952300535245499,0.0,-0.120426788696809,416.2803218897848,360.3186415684706,55.96168032131419,31.388746566337332,6.3788274660761175,25.009919100261214
frame_so~j~s_632.64_632.81,8.403667602425983,0.6800000000000637,0.0,397.8843672074398,342.6841622141652,55.20020499327461,8.07545222180137,4.300682952158795,3.774769269642576
frame_poX_633.49_633.59,33.242912037352255,0.0,-0.8334651820594619,391.86846167918156,344.4501122826489,47.41834939653262,130.02163540752719,102.1430907335282,27.878544673998974
frame_ki_633.59_633.65,32.530324299277794,0.0,-0.4965695740970928,413.74584975909545,365.8813491795357,47.864500579559774,131.99347327966666,58.11364442701367,73.87982885265299
frame_a_633.65_633.71,8.623495384745425,0.0,-0.5758709076831778,425.82637847088915,377.3984190175056,48.42795945338361,4.404467616478087,2.3734744492059434,2.0309931672721433
frame_i~_633.71_633.78,4.035383014145594,0.0,-0.05614476007758978,429.40781488088635,379.55094655729897,49.85686832358738,0.6806770181907638,0.212469774946058,0.46820724324470575
frame_Ze_633.78_633.97,6.496698326945676,0.0,0.5363623896526462,416.7355968902943,357.06377721868625,59.671819671608034,17.02621483009669,7.982918012051329,9.043296818045363
frame_sa~w~_633.97_634.6,15.913192076576962,0.2699999999999818,-0.11324239353234414,413.83276864131886,314.8459028161554,98.98686582516345,89.89307936037278,41.31116188321249,48.58191747716028
frame_na~w~_634.87_635.41,23.29690432139742,0.0,2.5334408401495354,421.40413701390014,328.2452373893998,93.1588996245003,23.45468160493624,11.668319093182333,11.786362511753907
frame_na~w~_635.41_635.58,29.546242379932025,0.0,-0.8258109564472305,414.91179580163754,356.50942189363235,58.40237390800519,12.795237394511304,6.007881054128404,6.7873563403829
frame_e_635.58_635.61,25.02807712025495,0.0,-0.7772159670437753,397.63986236978843,352.939217415543,44.70064495424543,5.57955952112215,3.948927324828844,1.6306321962933055
frame_zeX_635.61_636.22,25.530495604169275,0.0,1.4120812941152678,413.09435560368513,318.6711417340461,94.42321386963906,15.264643569532211,8.635953296055803,6.628690273476408
frame_si_636.22_636.29,28.145758373867523,0.0,-0.4965695740970928,401.9989352123047,356.91406871387653,45.08486649842814,122.28293660100903,75.6723171103882,46.61061949062083
frame_a_636.29_636.34,25.44639529227743,0.0,-0.680328446123665,412.0599103868655,364.57399817987573,47.48591220698978,1.917061294209745,0.7921286843583317,1.1249326098514132
frame_i~_636.34_636.45,21.104400669713485,0.0,0.5922366627413767,411.97030709512575,361.12720925828165,50.843097836844095,8.218774275521923,5.36480657877091,2.8539676967510132
frame_flu_636.45_636.83,26.482832705817188,0.0,1.7428346897342535,413.1399029215675,336.1228596288487,77.01704329271882,21.40357225512642,16.181384441054803,5.222187814071617
frame_e~_636.83_636.91,23.329066915826786,0.0,-0.24220195325716973,411.45997606332116,363.10376385935723,48.356212203963935,8.971054893763807,6.875149842365488,2.0959050513983186
frame_sia_636.91_637.23,19.613537730967508,0.7599999999999909,-0.4965695740970928,407.3721735553339,340.8974861196722,66.47468743566174,18.03472351509805,8.396469638462492,9.63825387663556
frame_du_637.99_638.82,62.34879635070817,0.0,8.923055442679935,409.68396072252665,294.34281519646606,115.34114552606061,55.83783764212923,13.164064093858528,42.6737735482707
frame_ko~_638.82_639.02,43.976826407413256,0.0,0.034576320257825345,413.8285266751997,354.1299964312136,59.69853024398611,10.939320836393037,5.732088978421061,5.207231857971976
frame_pri~_639.02_639.15,48.91917993381985,0.0,-0.7045261828947134,414.8606568600985,361.20577664854824,53.65488021155028,4.697404180467146,1.7239166423825623,2.9734875380845835
frame_mi_639.15_639.44,67.81597606715492,0.0,0.548541651310775,413.5099447275077,346.6775699304329,66.83237479707469,17.982776557163533,11.378311111529513,6.60446544563402
frame_du_639.44_639.56,79.1712442847875,1.650000000000091,-0.05222049850373666,392.43853442560584,341.6572782509274,50.78125617467845,132.89229776210615,111.75226863391852,21.140029128187628
frame_i_641.21_641.29,24.34748983745658,0.36000000000001364,0.025986038605652958,411.81530229776877,366.0139213173232,45.80138098044557,76.6548886656604,36.776572735024104,39.87831593063629
frame_tO_641.65_641.87,25.847470278391413,0.0,0.6175289362104142,416.7987994602526,355.161173058085,61.6376264021676,14.70532466072099,6.183118943755787,8.522205716965203
frame_ka_641.87_642.13,27.926798072619846,0.0,0.4687044767216943,411.6465106955086,346.91643113331094,64.73007956219766,106.09941874996696,67.8498227828585,38.24959596710846
frame_i~_642.13_642.24,47.628322125676206,0.0,0.5922366627413767,414.0691473466609,363.10935392404053,50.959793422620294,2.0518681168947808,0.9332934492305043,1.1185746676642765
frame_Ze_642.24_642.45,57.04096917938513,0.0,0.974221841883957,413.16986503444605,352.1963247557675,60.97354027867857,22.866264164087468,8.09861244957412,14.767651714513349
frame_sa~w~_642.45_642.89,35.82381265687718,0.0,0.2939396424183582,413.56434263220524,331.7305843756401,81.83375825656515,89.78537542557032,72.32886343292776,17.45651199264256
frame_i~_642.89_642.92,56.56530346069104,0.0,-0.7045261828947134,396.16024061481323,351.2042124682605,44.95602814655274,3.303829737536603,2.1498586867685248,1.153971050768078
frame_Ze_642.92_643.08,59.971529489186594,0.0,0.7552921157683016,413.9577705835395,357.70847855197417,56.249292031565346,7.625511281640698,3.1998941930413025,4.425617088599395
frame_sa~w~_643.08_643.41,40.486435807398294,0.0,-0.011446884544668561,413.3296225289025,341.16737708484493,72.16224544405759,17.162926934909123,11.534454115672645,5.628472819236478
frame_i~_643.41_643.44,21.161731793767814,0.0,-0.7045261828928706,398.5545379007284,353.49046303295864,45.06407486776976,3.9868922747668876,1.136934127709253,2.8499581470576345
frame_Ze_643.44_643.57,76.02222389445139,0.0,0.5363623896526462,414.29985337667335,360.9446149321198,53.35523844455355,2.5951918197451107,0.5658820261880919,2.029309793557019
frame_sa~w~_643.57_644.16,58.914926786875384,0.0,1.311894732296271,415.80035911708586,320.02446501277325,95.77589410431261,255.56906170976544,123.10177514884373,132.4672865609217
frame_i_644.16_644.3,97.44041669711794,0.3000000000000682,0.653052773850136,392.0083346326599,339.8994724943884,52.10886213827149,2.3493757917323848,1.0319586417676803,1.3174171499647045
frame_na~w~_644.6_644.83,38.239619446646046,0.0,0.09034862444300701,415.82881925884254,352.157878683818,63.67094057502453,14.40994414295713,6.598029891042515,7.811914251914615
frame_Re_644.83_644.97,45.95560977956613,0.0,0.7552921157683016,416.5664254426317,362.53434942575234,54.03207601687939,15.045973240972046,5.904800113849305,9.141173127122741
frame_zow_644.97_645.15,60.64645715726931,0.0,0.03603326914981512,413.8235551405803,355.1215810590634,58.70197408151694,13.24112989729666,5.566041078212805,7.675088819083854
frame_vi_645.15_645.29,61.07716354759721,0.0,-0.3920584515565436,412.14840646817925,358.1309075813492,54.017498886830026,18.637326702030236,10.316152656934477,8.32117404509576
frame_a_645.29_645.42,57.58157269335453,0.0,0.1553318614002327,414.6686825739411,361.6419996171392,53.02668295680189,16.579270819471418,9.966768668996863,6.612502150474555
frame_koj_645.42_645.65,58.32676450178941,0.0,0.03603326914981512,414.22308045586175,351.26844947726966,62.95463097859209,6.174203128529655,4.185411800027353,1.9887913285023018
frame_za_645.65_645.77,60.26072754878534,0.0,-0.36695583080339095,412.87622221787535,360.23535606269104,52.64086615518431,7.141375020083572,3.6155300061969484,3.5258450138866237
frame_ne_645.77_645.86,61.341292861030865,0.0,-0.7772159670437753,413.3125079808232,364.14180417363326,49.170703807189966,3.8564001192915214,2.113432970980128,1.7429671483113935
frame_J_645.86_646.05,70.35068134992974,0.0,2.7256596508092,412.44771109045973,353.5978543365001,58.849856753959614,6.371128711324033,3.3538284883249503,3.017300222999083
frame_u~ma_646.05_646.32,71.70431461372102,0.09999999999990905,-0.425186133688965,407.244483690247,342.573921172553,64.67056251769401,3.4079325988151794,2.198257390809218,1.2096752080059616
frame_u~_646.42_646.56,0.9287332793523007,0.05000000000006821,0.15541286265883839,415.5263407610787,361.45964104908046,54.06669971199818,7.933192907833188,2.734348364050419,5.198844543782769
frame_dZi_646.61_646.76,2.8378680860708982,0.0,0.33951940622848853,414.5572171195735,360.45732709461583,54.09989002495769,27.4551100851764,11.91631792723527,15.538792157941131
frame_a_646.76_646.99,6.440101497591968,0.21000000000003638,1.1999072458062923,411.6246669614295,351.4201275443588,60.20453941707069,5.671678064963373,3.0256242674890927,2.6460537974742806
frame_e~_647.2_647.24,40.52619699686507,0.0,-0.9422651332151398,405.7688846977044,360.4442413528108,45.32464334489356,0.9772771613421867,0.5116510286333096,0.4656261327088771
frame_ko~_647.24_647.44,26.818119801617286,0.0,0.16201475777854243,414.65949032994916,354.3936435820033,60.265846747945886,29.99606769615903,15.412507813425464,14.583559882733567
frame_tra~_647.44_647.63,65.42042766100282,0.0,-0.5204244294842038,411.9387669498243,352.97904852200315,58.959718427821144,5.029790867668794,2.308263779004861,2.721527088663933
frame_mus_647.63_647.86,81.3766853738198,0.0,-0.4664640034810099,410.3894999879376,348.9652285525067,61.42427143543091,44.08692600715042,17.686686426161728,26.40023958098869
frame_ko~_647.86_648.12,61.1597222294138,0.0,0.6717685078614108,412.62462092766657,347.479646495624,65.14497443204255,6.878118383597723,3.2969959120220835,3.5811224715756396
frame_u~_648.12_648.29,66.96799379444417,0.0,0.3731374862892647,411.89344630109923,354.5645131852405,57.32893311585872,6.935462701406266,3.8329638157489114,3.1024988856573543
frame_mE_648.29_648.55,67.73684149588898,0.0,0.46499416976319924,413.0701232341681,349.1176049551914,63.9525182789767,9.322352805486148,4.068513945545547,5.2538388599406005
frame_dZi_648.55_648.63,81.50487625510921,0.0,-0.4965695740970928,385.4084727070388,344.6054218762702,40.8030508307686,46.1626704064397,17.274910262721406,28.887760143718296
frame_ku_648.63_648.71,101.85509920506175,0.0,-0.6045451718051978,393.3451880294982,347.09719355468485,46.247994474813424,22.11133089330385,16.548102877386917,5.563228015916934
frame_baj_648.71_648.87,63.70751633921964,0.0,-0.8892435230046395,413.0234528590338,357.35375592899965,55.66969693003415,7.117109982855823,3.7439121237449626,3.37319785911086
frame_a~_648.87_649.1,50.881150516641284,0.0,1.2100992233085957,414.68124166528065,350.62790906851967,64.05333259676098,22.940831167294945,10.541556640476713,12.399274526818232
frame_nu_649.1_649.21,40.16412920261659,0.2799999999999727,0.08586066982359089,400.7225593335509,352.339635626469,48.38292370708194,2.3792578059452154,1.3104161489781632,1.0688416569670522
frame_nO_649.49_649.64,66.74034470746399,0.0,0.08553610265083968,409.1246081075625,355.3825806999402,53.74202740762229,10.91522425854275,6.486894521115005,4.428329737427745
frame_su_649.64_649.75,99.29173146921548,0.0,-0.6045451718067677,406.5663477940179,355.56439088902016,51.00195690499771,3.338849419524358,1.7828034363577885,1.5560459831665696
frame_a_649.75_649.78,61.581665276625316,0.0,-0.889243523005827,395.2752297264585,350.73405227940174,44.54117744705678,3.501079964574231,2.64035693297582,0.8607230315984111
frame_mi_649.78_650.02,50.29734258681519,0.0,-0.18303620647544533,411.93795437886286,348.9543169578436,62.98363742101924,30.48902351745639,21.412776584484916,9.076246932971472
frame_gu_650.02_650.12,90.60280970156724,0.6499999999999773,-0.4664640034810099,394.2436917644657,346.3490398623254,47.89465190214031,21.213964241833928,13.520314264923243,7.6936499769106845
frame_ka_650.77_651.02,12.119331308791743,0.0,0.4687044767216943,415.5389804043251,351.51267994300065,64.02630046132447,25.398710224093776,8.335994785716963,17.062715438376813
frame_za_651.02_651.28,42.25259365646737,0.0,0.6776195536026688,416.0342520203394,350.8830560498184,65.15119597052109,21.773033610735965,11.698915744257974,10.074117866477991
frame_du_651.28_651.4,51.35446494210302,0.06000000000005912,-0.05222049850373666,410.0415330815538,358.26335295490946,51.778180126644315,1.1670850069952792,0.5564610458414734,0.6106239611538058
frame_ko~_651.46_651.61,24.232847126498157,0.0,0.034576320257825345,412.7555157056483,357.71425069962555,55.04126500602274,17.610887241064916,9.159360479011184,8.451526762053732
frame_u~_651.61_651.68,33.418979116059845,0.0,-0.3526112591463147,413.24110891550276,365.10024037516,48.14086854034275,3.6429308348784843,1.735076846241924,1.9078539886365604
frame_ma_651.68_651.81,58.44108183614121,0.11000000000001364,-0.1580407539224165,406.98625863981124,356.36486303192794,50.621395607883244,37.34554025177737,14.377761178156547,22.967779073620825
frame_pri~_651.92_652.1,59.620437561329254,0.0,0.26804595133281484,413.99456518557747,356.01914655871724,57.97541862686023,17.47395597412222,9.254886661339839,8.21906931278238
frame_ma_652.1_652.24,71.21999995151361,0.0,-0.5758709076831778,410.190392844879,356.01047581507555,54.17991702980345,5.291088775032989,2.6916509553730634,2.5994378196599257
frame_da_652.24_652.37,74.8520416786546,0.0,-0.3669558308022034,409.14907309553985,356.27046596356786,52.87860713197199,2.318001713581637,1.7441881263302577,0.5738135872513794
frame_mi~_652.37_652.48,73.692301894524,0.0,-0.7045261828947134,410.10534697166713,358.74705288071414,51.358294090952995,3.3602938345132998,2.0875902543784974,1.2727035801348023
frame_Ja_652.48_652.56,75.08612702440182,0.0,-0.889243523005827,408.88164169657546,360.6959617011047,48.185679995470764,4.139191964561988,1.642808316391708,2.49638364817028
frame_es_652.56_652.71,68.87563453842911,0.0,-0.3393565148099755,408.8382639967848,356.54687390254,52.29139009424472,2.5335199801964023,1.018175504484006,1.5153444757123964
frame_pO_652.71_652.94,61.05723762863562,0.0,-0.44645673090873483,414.3974426056419,351.7852030639534,62.61223954168855,95.26289005810713,50.16491333596264,45.097976722144494
frame_za_652.94_653.21,15.719584960932025,1.3799999999999955,0.36424693828239463,403.0037793066356,339.79841176870355,63.205367537932034,46.92573894086868,15.79554982165618,31.130189119212503
frame_i_654.59_654.63,1.2135659482979122,0.0,-0.3920584515565436,407.7164522618981,361.44969568473215,46.26675657716595,1.6158367083754968,0.9983995908312977,0.617437117544199
frame_e_654.63_654.74,59.80282003505904,0.0,0.974221841883957,414.5694984447179,363.15248904305355,51.41700940166436,16.411873179327074,9.19658368521165,7.215289494115424
frame_li_654.74_654.93,71.14153123037232,0.0,0.23500828368675125,412.2970854973994,353.4222589445285,58.8748265528709,7.804160991457536,3.488179967675663,4.315981023781873
frame_vi_654.93_655.1,65.70734544378658,0.0,0.33951940622848853,412.86570900381906,356.04975253107204,56.81595647274702,6.674434332709055,2.5758580695122646,4.09857626319679
frame_row_655.1_655.28,58.53388430505558,0.0,0.2099329593912751,414.0981818138332,354.5944707725628,59.503711041270435,7.306235249180119,2.8932003287381605,4.413034920441959
frame_i_655.28_655.44,74.53889629372986,0.0,0.8620750189324224,410.22289581910167,356.385643550661,53.83725226844069,6.682795784661579,4.255960626815494,2.426835157846085
frame_dZi_655.44_655.61,68.83753337751654,0.0,0.4440305287690377,411.1975727867481,354.57109239303554,56.62648039371254,9.110897168522598,3.708671887405103,5.402225281117495
frame_si_655.61_655.74,99.30120477650215,0.0,-0.4965695740970928,393.1870053242259,341.6664817302634,51.52052359396248,1.4708352367247102,0.6153235976722797,0.8555116390524304
frame_ki_655.74_655.98,78.99533581107451,0.0,1.3846306316351684,408.8553769995229,346.08644007702503,62.76893692249786,33.48475550383072,9.426982682674335,24.057772821156384
frame_ki_655.98_656.13,4.399252272566628,0.0,-0.3920584515565436,417.4721437005785,361.1240667420446,56.34807695853391,142.46483177697039,35.87544555099694,106.58938622597344
frame_vo_656.13_656.21,34.780248585325296,0.0,-0.8334651820574849,395.1097221013056,348.28213597071374,46.82758613059184,1.727228268449835,0.8881975818496812,0.8390306866001538
frame_se_656.21_656.37,5.710683463708079,0.0,-0.12042678869432007,415.75905406043114,359.01268411505373,56.74636994537741,82.01164140476635,40.22392786809198,41.787713536674374
frame_es_656.37_656.43,46.51430954913813,0.0,-0.7772159670437753,393.650906334449,349.06749352695476,44.583412807494256,9.166259127415586,2.4067168754927195,6.759542251922866
frame_ta_656.43_656.55,17.66368917351005,0.0,-0.36695583080339095,413.1946287684054,360.58947767593185,52.605151092473534,12.131907055974665,4.067838448935163,8.064068607039502
frame_to_656.55_656.71,29.68818342999026,0.0,-0.13786642109164488,408.24463894474763,353.7135512763452,54.53108766840245,93.23064699827397,47.01182292167826,46.21882407659571
frame_ma~_656.71_656.81,75.37517822253614,0.0,-0.4186289204965281,404.52364757115913,356.01320232282467,48.51044524833446,3.8427082127077767,2.254000323192656,1.5887078895151205
frame_du_656.81_657.01,82.33414452859614,0.0,1.3285911847554106,401.1717197097078,343.5827527716289,57.5889669380789,66.852105327655,45.06509131700386,21.787014010651134
frame_E_657.01_657.04,15.89049294575571,0.0,-0.8093781062605561,377.42114783291686,334.86477642814725,42.55637140476961,7.468996542293496,3.3378086861658858,4.13118785612761
frame_la_657.04_657.1,106.67847208844987,0.0,-0.889243523005827,408.44351117852864,360.87981055194314,47.5637006265855,0.5180271494476969,0.2889287280195987,0.22909842142809822
frame_dZi_657.1_657.19,91.90660786234852,0.0,-0.39205845155535546,410.6436008820544,360.5450688931908,50.09853198886361,11.355499360183522,5.158520595993906,6.196978764189616
frame_si_657.19_657.3,103.11394231666381,0.0,-0.4965695740970928,394.7119346624429,344.92605998049385,49.78587468194905,1.991797384593788,1.369900925064556,0.621896459529232
frame_es_657.3_657.38,25.298075465011323,0.0,-0.558286240925631,402.77448531964717,357.8967992477284,44.87768607191879,1.5057607976877705,0.5149969719467435,0.990763825741027
frame_tow_657.38_657.52,38.214921377099074,0.0,-0.3117661113331049,413.50611862763446,359.62404531273626,53.88207331489821,27.00437366820401,16.629914854081107,10.374458814122903
frame_to_657.52_657.58,25.945760497361874,0.0,-0.8334651820574849,414.05546251051913,365.9001391134928,48.155323397026336,7.0711342351753785,3.047488766221221,4.023645468954157
frame_ma~_657.58_657.7,28.367014459486057,0.0,-0.2150379025200197,412.3101155487419,361.1411787560346,51.16893679270731,81.33483606385285,34.327364895287616,47.00747116856523
frame_du_657.7_657.81,80.68398507543972,0.07000000000005002,-0.05222049850373666,405.0936559797648,354.61503940454446,50.478616575220315,82.8478783108168,61.565315424950626,21.28256288586617
frame_tajs_657.88_658.14,43.045797219505246,0.0,0.1553318614002327,410.2855633959149,348.3808865517603,61.90467684415461,5.731251520018191,3.0345947813933805,2.69665673862481
frame_tajs_658.14_658.41,59.80941870956258,0.0,0.05087432295974547,409.94679120354317,345.4757708441396,64.47102035940355,7.503346080289859,5.024661884746251,2.4786841955436074
frame_i_658.41_658.44,73.62126469076652,0.0,-0.49656957409590463,379.3984648122775,337.8728494454505,41.52561536682697,7.49181374932769,5.557808453148084,1.9340052961796061
frame_tajs_658.44_658.64,61.585002256545025,0.0,-0.4714133692426906,411.6398535961735,352.50855820900836,59.13129538716515,4.9155875376859655,1.553389440864592,3.3621980968213734
frame_i~_658.64_658.77,59.39324266279097,0.0,0.9164273741499385,411.74071114116856,358.32506084328236,53.4156502978862,3.6170430869658645,2.5333759806683673,1.0836671062974972
frame_Ze_658.77_658.93,65.42611947586757,0.0,0.7552921157658127,407.23286139053295,352.8423323903342,54.39052900019874,12.136804297821513,8.788644728517369,3.348159569304144
frame_so~j~s_658.93_659.08,91.79228146146394,0.0,0.0,390.3509226646232,338.9841337618559,51.366788902767325,5.36014450872073,2.542730882908188,2.8174136258125415
frame_e_659.08_659.49,83.88425675805742,0.0,-0.34773899230577476,401.1379219801863,326.3733481430982,74.76457383708811,37.44135915138462,24.75940136501393,12.681957786370688
frame_li_659.49_659.63,65.0078127040157,0.0,0.33951940622848853,404.43388513064065,352.54024150885095,51.89364362178975,3.447730406609921,1.4324254350963344,2.0153049715135865
frame_dZi_659.63_659.71,62.75720050338761,0.0,-0.28754732901480634,406.4071070052399,358.3046992461216,48.10240775911831,5.066530639623636,3.1592375073373944,1.9072931322862416
frame_si_659.71_659.94,94.04761698835875,0.0,0.33951940622848853,407.63085027498164,347.5052846064599,60.125565668521745,12.912500448682444,5.689623632240071,7.222876816442373
frame_na~w~_659.94_660.09,62.83286992975211,0.0,-0.7240154474595548,401.3291358905685,348.0263062670639,53.302829623504635,56.95470521876584,22.800981919594363,34.153723299171475
frame_teEsise_660.09_660.15,78.63887049055049,0.0,-0.7772159670437753,392.92324069496647,347.7987113682528,45.124529326713684,14.271689513452571,9.48420184511481,4.787487668337761
frame_teEsise_660.15_660.4,18.45217740341343,1.2799999999999727,-0.8093781062605561,391.8607450067511,330.3813074956171,61.479437511133995,111.7297952854716,36.93443020558948,74.79536507988212
frame_teEsise_661.68_661.8,3.64574038683557,1.7900000000000773,0.5363623896501573,417.67444105707926,366.20094619107437,51.4734948660049,12.00499184740093,3.081496469348309,8.923495378052621
frame_teEsise_663.59_663.65,30.98946954400816,0.0,-0.7772159670437753,409.4191754346348,363.1387102774012,46.28046515723361,4.414370994457499,1.9027683404107734,2.511602654046726
frame_teEsise_663.65_663.85,0.7509332860861804,0.0,-0.8093781062605561,415.64236243130034,356.8783118724318,58.76405055886852,13.711210303699275,7.939740417804231,5.771469885895044
frame_na_663.85_664.62,16.881637470953393,0.0,-0.5582862409281198,416.21235558846763,302.7224265123403,113.48992907612734,39.32687018305238,26.157665518633024,13.169204664419354
frame_da_664.62_664.73,23.949951510758538,0.0,-0.3669558308022034,413.8918963815079,362.6354517174858,51.25644466402207,4.581257229627752,2.14998863991498,2.431268589712772
frame_dZi_664.73_664.79,74.1661408116862,0.0,-0.4965695740970928,397.70237674907764,352.98958337919333,44.71279336988431,5.585209307050675,3.384533536293034,2.200675770757641
frame_su_664.79_664.94,56.230604759658604,0.0,-0.4664640034794401,395.1760449626261,341.91160660275864,53.26443835986748,52.784942026334974,33.656686839439786,19.12825518689519
frame_vo_664.94_665.15,24.894981872717864,0.0,1.253331100840035,413.8813547334331,354.4073851450253,59.47396958840784,4.159075640362829,2.0129266583215184,2.1461489820413107
frame_se_665.15_665.24,23.7842977525753,0.0,-0.12042678869432007,413.6661809254849,363.5188619378845,50.14731898760044,0.5392387976781237,0.3628132634897838,0.17642553418833984
frame_na~w~_665.24_665.71,28.50912317769034,0.0,1.2100992233085957,411.27523052333345,329.2346908870426,82.04053963629087,24.753907470426867,15.948249702979638,8.80565776744723
frame_te~j~_665.71_665.87,29.33561873645104,0.0,-1.1172809282026426,413.20564253905087,357.23886898954953,55.96677354950134,4.371831483756196,2.70458311311684,1.6672483706393564
frame_Res_665.87_666.03,17.656367593275277,0.0,-0.3393565148099755,409.3979023308666,354.9037177567815,54.494184574085125,8.017653324839102,1.984257152786796,6.033396172052306
frame_fri_666.03_666.12,43.32370790240317,0.0,-0.4965695740970928,415.5891474287018,364.9567904095467,50.63235701915505,76.8386659352123,44.80883745977364,32.02982847543866
frame_a_666.12_666.15,18.446471306249123,0.0,-0.889243523005827,398.34540971459074,353.52311061356966,44.82229910102109,2.547509446874173,1.3029196115247714,1.2445898353494016
frame_du_666.15_666.24,62.190862328543076,0.08000000000004093,-0.1903016668279246,395.3706696849791,347.08898259260815,48.28168709237093,63.51212898081796,51.70177452971181,11.81035445110615
frame_ne_666.32_666.38,54.05384782891356,0.0,-0.7772159670437753,416.3797750068193,368.4885672694717,47.8912077373476,69.45992958931068,44.329623239355655,25.13030634995502
frame_Ju~_666.38_666.48,3.1788679520895755,0.0,-0.35261125914548963,415.11418106877767,365.00137674496506,50.11280432381261,10.745460573644891,4.134939016540471,6.61052155710442
frame_u_666.48_666.54,68.54358754999329,0.4600000000000364,-0.1903016668294944,411.9750361109274,365.0286938654104,46.94634224551703,7.184139104921336,3.851459834070951,3.3326792708503845
frame_ki_667.0_667.06,72.86929687257819,0.0,-0.4965695740970928,405.97638173111443,359.8783701758111,46.098011555303344,5.977566840757689,2.2357687920681215,3.7417980486895672
frame_vo_667.06_667.23,28.951670388876025,0.0,1.0794314105985752,412.6390960969826,355.3894037528125,57.249692344170114,8.099586504159902,4.37139500500939,3.728191499150512
frame_se_667.23_667.29,24.817937011852976,0.0,-0.7772159670437753,413.8349630218286,365.67633034154585,48.15863268028278,2.65300054528376,1.1104299542357126,1.5425705910480474
frame_te~j~_667.29_667.42,25.073960015571473,0.0,-0.7672493382256473,409.06775562585176,357.2044863714792,51.86326925437254,3.3039445321021788,1.8351417383454844,1.4688027937566943
frame_E_667.42_667.45,49.83991232932098,0.0,-0.8093781062593488,382.47895824140534,339.20072138718115,43.27823685422419,2.257751112027833,0.8684919734271688,1.3892591386006643
frame_u~_667.45_667.48,16.931469990214595,0.0,-0.6429107573202164,399.7360500437123,354.32114423814767,45.414905805564615,11.33835852168778,6.572683786527449,4.7656747351603315
frame_ma_667.48_667.54,24.13104402424716,0.0,-0.889243523005827,424.9177752281409,376.5454500291135,48.37232519902739,17.38218186323121,9.685640267801915,7.696541595429295
frame_i~_667.54_667.6,23.649358831015974,0.0,-0.2182401157800279,414.22427790164204,367.0054633766361,47.21881452500594,10.22757720384763,3.6306770399301627,6.596900163917468
frame_to_667.6_667.72,18.441442749036497,0.0,-0.8334651820594619,416.4262510416928,364.37741049321943,52.04884054847338,17.0603225018516,7.386848636655799,9.673473865195803
frame_ksi_667.72_668.03,2.0695284116810058,0.0,0.1304971611462021,411.0075862363781,343.64164682801277,67.3659394083653,39.41854120236739,22.493416524038963,16.92512467832843
frame_ka_668.03_668.19,29.19807516481569,0.0,-0.3669558308022034,411.6510946192053,356.6034464930989,55.04764812610648,8.49549986635212,4.353084887037937,4.142414979314182
frame_sa~w~_668.19_668.44,16.138817835254216,0.0,-0.7240154474583975,415.3452545299212,350.0578045637221,65.28744996619912,5.410032555839791,2.277771836290867,3.132260719548924
frame_gra_668.44_668.7,21.76053489529093,0.0,0.36424693828239463,414.11925644956597,349.94189467708554,64.17736177248042,24.905606353367176,10.325560987137834,14.580045366229342
frame_vi_668.7_668.94,39.693927482014715,0.0,0.7575638963918733,411.94834203962967,350.4232142618477,61.52512777778196,18.014634711831576,5.268588502422915,12.74604620940866
frame_tSi_668.94_669.05,66.59715773258529,0.0,-0.4965695740970928,395.0537283067577,346.33916804266175,48.71456026409595,24.1689741069234,14.837788570980031,9.33118553594337
frame_ka_669.05_669.35,57.276609944089614,1.1599999999999682,0.6776195536038563,404.78526895427217,338.335581683388,66.44968727088417,25.013180722211764,14.585983640799327,10.427197081412437
frame_ki_670.51_670.57,114.3065100285007,0.0,-0.49656957409590463,401.06895477271286,355.391242653717,45.677712118995885,1.7660252252286028,0.5392754001668223,1.2267498250617805
frame_E_670.57_670.6,76.84874711111058,0.0,-0.8093781062605561,387.78754618145535,344.8021857997753,42.985360381680096,3.1649312665432774,1.7029032082325557,1.4620280583107217
frame_u~_670.6_670.63,73.28378385231747,0.0,-0.6429107573202164,385.1344284464546,341.86208890704506,43.27233953940953,3.340440262972308,1.505933186889635,1.834507076082673
frame_ma_670.63_670.77,86.94836182496257,0.07000000000005002,-0.6803284461248525,406.7722156780188,353.5960920902083,53.17612358781054,27.086361877689285,13.44008060370102,13.646281273988265
frame_koj_670.84_671.02,61.08010817472244,0.0,0.2099329593912751,410.96018138988524,355.6636204652807,55.296560924604535,6.6358491353391145,4.672874727975966,1.9629744073631485
frame_za_671.02_671.18,63.0897737874441,0.0,-0.053583215481929285,411.7750862169354,357.1791186694771,54.595967547458315,5.492918435634152,2.6058093542579996,2.8871090813761526
frame_noR_671.18_671.48,53.88926732258156,0.0,0.2099329593912751,414.35844790761735,345.0824279820232,69.27601992559408,16.933750447439266,6.979770059438607,9.953980388000659
frame_maw_671.48_671.94,69.25871526690678,0.6299999999999955,0.782077092043156,413.37842158876504,330.95445072314317,82.42397086562187,51.544930631638486,14.205904989299725,37.33902564233876
frame_najs_672.57_672.85,81.25563831018246,0.0,-0.3669558308022034,410.1893968368373,344.5465042372421,65.6428925995952,19.262994397770584,14.411539145185941,4.851455252584643
frame_mu_672.85_672.97,79.06762399651778,0.0,-0.052220498502166854,410.44493822403194,358.5595142151332,51.885424008898724,2.587342872687401,1.5474770912583438,1.0398657814290573
frame_Le_672.97_673.19,85.97150274220233,0.0,2.068870472464723,410.6638615130727,350.2628817265693,60.4009797865034,4.50002083912031,2.0621287657000664,2.437892073420244
frame_ris_673.19_673.53,82.44070441502107,1.5,0.1304971611462021,410.14968141936254,339.23368362927954,70.91599779008294,5.987603092692893,2.3527100150739955,3.634893077618898
frame_da_675.03_675.37,73.09675072757962,0.0,1.4088223226872667,412.5666820651739,339.49563978152463,73.07104228364926,9.070171065222482,5.77909074149315,3.2910803237293322
frame_u~_675.37_675.4,76.75511744452093,0.0,-0.6429107573202164,392.12777659209655,347.54077704051883,44.586999551577776,5.405236026872032,3.16841210411728,2.236823922754752
frame_ma_675.4_675.52,69.20454444403798,0.0,-0.6803284461248525,412.27669315020836,360.33639366106456,51.9402994891438,3.3526273160714055,2.221162199294639,1.1314651167767664
frame_es_675.52_675.63,28.575376100343533,0.0,-0.7772159670437753,402.5557974590357,352.33503937001444,50.22075808902122,14.125798629860114,6.126275960049753,7.999522669810361
frame_pE_675.63_675.87,86.5460321215074,0.0,-0.06599427857952911,412.7387837812571,349.50347760035163,63.23530618090547,41.70138042221996,22.197189631667655,19.504190790552308
frame_si_675.87_676.04,82.19328052288215,0.0,0.025986038605652958,411.4061247660453,355.23887461875097,56.16725014729428,29.763938810355306,13.153169250047583,16.610769560307723
frame_dZi_676.04_676.17,68.89620578859197,0.0,0.025986038605652958,412.7358511990535,359.24615528151486,53.489695917538654,3.3606658350976346,1.3343430292625982,2.0263228058350364
frame_a_676.17_676.22,65.19775533391733,0.0,-0.680328446123665,408.1925344663815,364.34016871343977,43.85236575294175,1.6920908868837614,0.7958018706707435,0.8962890162130179
frame_leR_676.22_676.52,63.51785329259529,0.0,1.1931515679996125,413.9261895504455,344.84678634146877,69.07940320897671,8.724451689681118,3.457176150350037,5.267275539331081
frame_Zi_676.52_677.03,70.90464475638277,0.0,2.743275224662307,413.4082328602674,325.4512849289514,87.956947931316,24.447963392704068,11.496023942694592,12.951939450009476
frame_a_677.03_677.13,73.73771726395405,0.9500000000000455,-0.15804075392122896,395.79677245433504,347.6380326251405,48.15873982919453,110.70584490629372,73.6356755922702,37.07016931402351
frame_e~_678.08_678.11,67.73342776266907,0.0,-1.1172809282046323,386.4619065260463,345.1512211489388,41.31068537710752,5.243257836413449,2.9751352707649517,2.268122565648497
frame_ta~w~_678.11_678.53,12.515984603657401,0.0,-0.11324239353234414,415.6873636641519,336.80120089834054,78.88616276581132,133.52940747053032,75.04889417480992,58.480513295720385
frame_vo_678.53_678.59,19.180141194340536,0.0,-0.8334651820574849,409.5465964930902,362.7341936952793,46.812402797810876,1.9321794741038332,0.5774030659988938,1.3547764081049394
frame_se_678.59_678.75,12.501353062052772,0.0,0.09850293742133534,414.9732865990261,359.1207147878839,55.852571811142184,11.902926116091578,6.099269209408675,5.803656906682903
frame_vaj_678.75_678.91,15.259471442472048,0.0,-0.4714133692426906,414.21425459054217,359.1656247378637,55.048629852678516,12.006932954768487,6.31070723181449,5.696225722953997
frame_to_678.91_679.04,14.773764262428912,0.0,-0.8334651820594619,414.0447781994865,361.09933060034683,52.94544759913964,6.986812804376257,4.361520820612128,2.6252919837641286
frame_maX_679.04_679.29,35.30175563490366,0.09000000000003183,0.2597893998407199,411.4199644125787,349.02086302183636,62.39910139074226,26.56615207613237,15.555128903922537,11.011023172209832
frame_a~_679.38_679.52,11.551066094709086,0.0,0.2939396424183582,414.3315095343851,361.5401060383218,52.79140349606331,11.752614319039111,6.461323938739497,5.291290380299614
frame_tSi_679.52_679.61,369.4332563523662,0.0,-0.3920584515565436,417.66507203684625,367.52474135293346,50.140330683912794,2.2404750062465837,0.4746663419027186,1.765808664343865
frame_a_679.61_679.83,0.5367425886042838,0.0,1.0954497073658052,418.4941476989293,354.8534994834293,63.64064821549999,34.536084458701154,21.6770480066578,12.859036452043355
frame_lER_679.83_680.0,27.168841417388293,0.0,0.04020341108901655,415.01526275684483,358.5885727807114,56.426689976133446,16.59110798880539,9.008905120081664,7.582202868723726
frame_Zi_680.0_680.08,8.397700313844723,0.0,-0.39205845155535546,398.36473555567784,351.8765135612292,46.48822199444862,93.82985773291456,41.32712561316069,52.50273211975387
frame_ku_680.08_680.17,72.04907843634311,0.0,-0.3283828351552522,394.50568659492876,346.6252087022408,47.88047789268796,2.684148008933171,2.0450293025587385,0.6391187063744326
frame_trejs_680.17_680.47,0.12235584828783885,0.0,0.5363623896501573,416.14094143161583,348.3779110901579,67.76303034145786,26.19434570923275,10.27938796886636,15.91495774036639
frame_ve_680.47_680.59,20.212077596526328,0.0,0.5363623896526462,416.79064424232115,364.44968179234047,52.340962449980736,8.76471416161344,4.855715486508672,3.908998675104769
frame_zis_680.59_680.74,16.998862065699484,0.0,0.02598603860684111,403.94410066546124,349.7198674941407,54.22423317132052,3.5135194269440433,1.284550409043419,2.2289690179006243
frame_poX_680.74_680.89,9.871562201786489,0.0,-0.8334651820574849,412.565638290457,358.5343716039663,54.03126668649071,38.519010563575165,21.821989357586162,16.697021205989003
frame_dZi_680.89_681.03,37.45846654719776,0.0,-0.18303620647544533,413.22814419279666,358.64321747643726,54.58492671635935,63.76518405060036,24.638088316552953,39.12709573404741
frame_a_681.03_681.19,13.419645869738986,0.8399999999999181,0.46870447672288185,412.65611781086795,358.8597225119249,53.79639529894308,25.04239173831789,11.780100356125843,13.262291382192046
frame_i_682.03_682.15,108.09586797615603,0.17000000000007276,0.4440305287690377,390.8345494954115,341.2043171132947,49.630232382116844,4.534443726387096,1.958045256614568,2.5763984697725277
frame_u~_682.32_682.38,15.548885762956047,0.0,-0.42518613368979014,413.22662039323774,366.4781882453026,46.74843214793515,0.6823980278132638,0.3773112449648721,0.30508678284839164
frame_ma_682.38_682.62,2.5992977561654556,0.0,0.05087432295974547,416.35511736440446,352.7241162181663,63.63100114623819,29.857921047382263,12.858400881234985,16.999520166147278
frame_i~_682.62_682.65,0.40652732461121843,0.0,-0.7045261828947134,393.7681566034314,348.85466562975074,44.913490973680666,9.828058488780144,4.686283490698429,5.141774998081715
frame_Ze_682.65_682.78,19.159129263439226,0.0,-0.120426788696809,417.3080074575631,363.65821183893183,53.649795618631344,17.794805795581638,3.970361562251213,13.824444233330425
frame_sa~w~_682.78_683.1,6.2682232162690354,0.0,0.1921441334306826,415.61747089140414,345.07961670121273,70.53785419019141,48.55183515228633,23.80266543770891,24.74916971457742
frame_pa_683.1_683.26,5.515754302381751,0.0,-0.47141336924387817,412.63390668348205,358.7208143710789,53.91309231240314,24.53373474953439,11.763936597522587,12.769798152011802
frame_ra_683.26_683.33,0.34857355605690543,0.0,-0.7847859845641523,397.08856960197375,350.4883684766837,46.60020112529003,0.10212075702379764,0.04632964652611804,0.0557911104976796
frame_u_683.33_683.37,110.01367465206793,0.0,-0.4664640034810099,381.6990788855872,340.91289664389575,40.78618224169145,18.27014753723489,8.001357678054859,10.268789859180032
frame_fi_683.37_683.52,10.717104938178778,0.0,-0.0785250839348962,414.3286120557375,359.9968416773003,54.33177037843717,10.374729862014476,8.005356212242148,2.369373649772328
frame_ga_683.52_683.68,0.49814082728092046,0.0,-0.26249829236290373,414.8024237039049,359.0218008682527,55.780622835652196,15.212424672722449,5.197595606637833,10.014829066084616
frame_du_683.68_683.93,2.6408705690565597,1.9100000000000819,1.6047535214069262,411.61262891409257,349.0736035136624,62.53902540043015,9.083296423297284,3.593648206909222,5.489648216388062
frame_u~_685.84_685.94,9.206800686737225,0.0,-0.13488663551506333,414.6629127056533,364.446475765208,50.216436940445305,4.9240877476449185,1.4838134768660325,3.440274270778886
frame_dZi_685.94_686.0,8.870075212027075,0.0,-0.4965695740970928,414.0327697953706,366.2643772122412,47.76839258312941,8.02252322161921,3.5979476520337954,4.424575569585414
frame_a_686.0_686.11,12.127703220507485,0.0,-0.05358321548074174,413.9368348935932,362.02895427088833,51.90788062270485,5.331769629855714,4.2149682053556745,1.1168014245000393
frame_si~_686.11_686.26,64.91229726829255,0.0,-0.7045261828947134,409.833978521696,355.5708875763788,54.263090945317174,3.8564692473936475,2.4181475239463808,1.4383217234472667
frame_u~_686.26_686.39,9.863605262388873,0.0,0.08283798811536296,415.73721443919754,361.95307994140893,53.784134497788614,2.060305967499886,0.8065631478272337,1.2537428196726523
frame_dZi_686.39_686.47,0.8226316633290764,0.0,-0.4965695740970928,416.1047987789093,366.33785325886294,49.76694552004636,12.505067348410307,4.255210522698562,8.249856825711746
frame_a_686.47_686.62,6.241402882908716,0.0,0.36424693828120713,415.39841561994774,360.1889210755313,55.20949454441643,21.217325362927085,8.719357446032504,12.49796791689458
frame_na~w~_686.62_686.8,38.82490800141953,0.0,-0.2150379025200197,410.49517664507414,352.51207581778084,57.9831008272933,8.020442008444263,6.880708212596076,1.139733795848187
frame_poX_686.8_686.89,25.872197567505793,1.0600000000000591,-0.8334651820594619,393.68630882511025,346.39864783845906,47.28766098665119,116.54254417588513,77.39107033925768,39.15147383662745
frame_si~_687.95_688.15,67.42925427803873,0.0,-0.5424308271904325,411.2729481681748,352.0423197539947,59.2306284141801,54.01125857126273,33.36668733200568,20.644571239257047
frame_naw_688.15_688.32,40.21068738795708,0.0,-0.26249829236290373,413.85320357011517,356.24424547310167,57.6089580970135,10.662638628567422,7.2304494238277215,3.4321892047397
frame_ki_688.32_688.46,36.26981495811063,0.0,-0.39205845155535546,415.24755868168324,360.34841106220597,54.89914761947733,20.915038890302142,10.022713768979912,10.89232512132223
frame_da_688.46_688.94,37.19041456668485,0.0,3.0801429377374374,416.2164013464955,328.6670118316747,87.5493895148208,34.82507235839293,21.69246498787828,13.132607370514648
frame_i_688.94_688.97,50.52185488626537,0.0,-0.4965695740970928,399.3187887393115,354.7893306811136,44.52945805819792,1.363940430107803,0.7613324798497985,0.6026079502580046
frame_ew_688.97_689.12,51.80711522760065,0.4700000000000273,-0.7772159670437753,409.24810546137934,355.67152453753744,53.5765809238419,14.794359992779505,8.102740900251874,6.691619092527631
frame_pa_689.59_689.72,75.08330101522512,0.0,-0.3669558308022034,412.8937637736161,360.5915286193607,52.30223515425541,1.8522531175610766,1.3722205455134144,0.48003257204766214
frame_sej_689.72_690.06,86.41537689941968,0.0,0.5363623896526462,411.3155246509509,340.63943573619474,70.67608891475618,46.35032017581675,10.644859819005589,35.70546035681116
frame_a_690.06_690.44,90.45816931157857,0.0,2.766770322414788,407.14033180493294,331.8493429089626,75.29098889597032,45.28837246071772,12.183466111024003,33.104906349693714
frame_Esi_690.44_690.78,8.858433463867073,0.6200000000000045,-0.8093781062605561,402.64398737521196,330.91378332627613,71.73020404893583,14.357096640014959,3.6522844744321503,10.704812165582808
frame_a_691.4_691.55,52.63197100690202,0.0,0.36424693828120713,412.89593367209926,356.3177424407372,56.57819123136204,4.017084177456084,2.0697376716210982,1.947346505834986
frame_e~_691.55_691.61,54.81507315104932,0.0,-0.5922335432341651,413.27841261353126,364.8581700584523,48.420242555078914,1.0916050340613879,0.3597633181384623,0.7318417159229256
frame_feR_691.61_691.88,60.77579183808719,0.0,0.31743266353699073,415.200220780966,348.4603862571305,66.7398345238355,23.18668127791274,15.911847834979511,7.274833442933229
frame_mej_691.88_692.07,65.98177052367927,0.0,0.31743266353450184,406.92900559174564,350.97779719799155,55.95120839375414,4.696246539396796,1.855786255161803,2.840460284234993
frame_ra_692.07_692.13,43.023305782567235,0.0,-0.889243523005827,410.49629452432924,363.9022545416117,46.59403998271756,7.324125346310069,4.604590251666849,2.71953509464322
frame_ew_692.13_692.2,46.09497620440642,0.0,-0.5582862409281198,411.83862283939914,364.4272713748953,47.41135146450381,8.741944366154385,3.781464840473376,4.960479525681009
frame_ki_692.2_692.3,43.81877645348264,0.0,-0.4965695740970928,412.09332656068955,362.45380971238603,49.639516848303515,55.97816960096257,35.0601546880829,20.91801491287967
frame_da_692.3_692.44,49.46812195600671,0.0,-0.2624982923617162,414.32268872254843,359.53980971192425,54.782879010624185,8.553774209574698,5.714059874945647,2.8397143346290505
frame_va_692.44_692.51,51.73880543358675,0.0,-0.889243523005827,412.5026295268418,363.37146041500046,49.1311691118413,3.616811997065483,0.8305888592918222,2.7862231377736606
frame_ajs_692.51_692.6,60.840350329136825,0.0,-0.889243523005827,409.8549156591406,361.0990503908145,48.75586526832609,5.364491912934923,4.161158888246675,1.2033330246882485
frame_i~_692.6_692.68,53.47896861789886,0.0,0.10595059562669112,409.5293567376653,363.42691204439836,46.10244469326693,4.267846060488623,2.3476739701247595,1.920172090363863
frame_Ze_692.68_692.83,60.61906110746462,0.0,0.31743266353699073,412.5426737504105,357.5843229720259,54.958350778384556,5.778125096852406,3.351578910630863,2.426546186221543
frame_so~j~s_692.83_692.95,79.05616107965031,0.0,0.0,394.67285605029406,344.2658146624471,50.40704138784696,38.684319646935336,21.334781665266746,17.34953798166859
frame_nE_692.95_693.41,65.55073597606506,0.0,-0.22030055478505767,410.9836917341795,328.61935441573627,82.36433731844323,28.18471611402198,14.570494506125698,13.614221607896283
frame_la_693.41_693.82,4.20047049798174,1.5799999999999272,0.6776195536038563,410.4746602289085,331.7984903074622,78.67616992144627,119.13785136216767,73.19445248546191,45.94339887670576
frame_E_695.4_695.63,4.057210639916505,0.0,1.3145756871127718,414.01587368658113,354.69145975361823,59.3244139329629,7.4927928645065265,3.262873102916828,4.229919761589699
frame_la_695.63_696.2,14.261901530680163,1.1399999999999864,4.229175860583984,415.91369480826233,323.0682053485216,92.84548945974072,44.90208967998126,24.9374088445971,19.964680835384158
frame_to_697.34_697.4,6.518267243920377,0.0,-0.8334651820594619,424.36291024347025,376.0602776138709,48.30263262959937,4.1691024022515535,0.9504450697657205,3.218657332485833
frame_mow_697.4_697.75,16.79518893931811,0.0,3.687926764224429,412.6817086521724,340.4870832582624,72.19462539391003,457.29804439111643,375.3190745573353,81.97896983378112
frame_u_697.75_697.78,52.829910663771415,0.0,-0.6045451718067677,381.90347138428757,338.7393998617152,43.164071522572385,2.542929926876525,1.1676183796791264,1.3753115471973985
frame_a~_697.78_697.81,49.27705921014255,0.0,-0.8258109564472305,395.7411963615188,353.09092237648747,42.65027398503133,4.750381605406403,3.938415217196024,0.8119663882103794
frame_u_697.81_697.84,49.32077503705669,0.0,-0.6045451718067677,397.58371732134157,353.4828683018515,44.100849019490056,1.1962588111022399,0.658460950231671,0.5377978608705689
frame_a~_697.84_698.12,55.254889492186734,0.0,1.6172812592592978,411.98413927162665,346.37228725251157,65.61185201911508,34.503933158711035,26.518532592348635,7.985400566362401
frame_tSi_698.12_698.22,87.46587249447131,0.0,-0.39205845155535546,416.03761681439306,364.9896083307539,51.04800848363914,5.9920381620016485,1.8035517450664713,4.188486416935177
frame_a_698.22_698.28,44.37231105439058,0.0,-0.5758709076843653,411.7504837738433,364.43910932142427,47.311374452419045,3.555145695379295,2.3307291093466347,1.2244165860326603
frame_lER_698.28_698.57,37.50126729318194,0.0,0.6773895491002906,413.4227484825596,347.26291332797217,66.15983515458743,91.72067222386737,47.50173887070565,44.21893335316172
frame_Zi_698.57_698.65,95.49354024250079,0.0,-0.2875473290159945,392.9793451340939,346.3181973915991,46.66114774249479,2.559836415305611,1.4661014644630086,1.0937349508426024
frame_ku_698.65_698.73,91.81683292417205,1.1100000000000136,-0.6045451718067677,387.2798231409681,344.6031399198872,42.67668322108091,10.389299217794473,4.8220347551202565,5.567264462674217
frame_to_699.84_699.97,41.16615881315981,0.0,-0.48566580157456485,418.70349942800397,364.8175656905422,53.885933737461755,13.833825668182897,4.754612525681111,9.079213142501786
frame_mow_699.97_700.26,60.097535502649876,0.0,0.0360332691478381,415.41561126934175,348.39910451548275,67.016506753859,15.301489158215418,8.512811858843435,6.788677299371983
frame_du_700.26_700.37,43.192402394607115,0.0,-0.6045451718067677,415.80015491198077,365.08878424399035,50.71137066799042,26.352580785727014,9.6431821827384,16.709398602988614
frame_as_700.37_700.94,46.17689381386184,0.8899999999999864,1.513279861127754,415.2292707677665,323.5560437297594,91.67322703800707,35.98449393660886,15.730106746129891,20.254387190478965
frame_i~_701.83_701.9,32.317958724836686,0.0,-0.05614476007758978,415.3796343808952,366.81774413693915,48.56189024395604,5.172843680053447,3.0144925272388576,2.158351152814589
frame_Ze_701.9_702.08,43.66416553964089,0.0,0.5363623896526462,415.687320573323,356.8507909651077,58.8365296082153,12.579970043773784,5.91658516251654,6.663384881257244
frame_so~j~s_702.08_702.23,36.430163219512195,0.0,0.0,395.195689344348,341.26896370128054,53.92672564306747,2.619133160757258,0.7995975852961692,1.8195355754610887
frame_pa_702.23_702.56,50.59949517555775,0.0,-0.09286211726289174,416.47988851460104,343.3568244728185,73.12306404178253,51.81646066945825,14.6142828928499,37.20217777660835
frame_ra_702.56_702.62,34.39778709250663,0.0,-0.889243523005827,412.20065300622684,366.91361144840846,45.287041557818384,0.7676506926054714,0.27492639038442235,0.492724302221049
frame_u_702.62_702.65,25.14302929229318,0.0,-0.6045451718067677,392.60419605664987,348.29513426679523,44.30906178985464,25.276993549687305,11.852401436264174,13.424592113423131
frame_fi_702.65_702.87,36.58036784780825,0.0,-0.3920584515565436,413.07050897521674,354.4285154028149,58.64199357240187,87.02883097566252,35.53358147717739,51.49524949848513
frame_ga_702.87_702.98,9.849408296426617,0.0,-0.680328446123665,415.4747078940693,364.4782875029176,50.99642039115167,16.464001852963634,6.9968189546767405,9.467182898286893
frame_du_702.98_703.07,28.87970435763873,0.0,-0.3283828351536824,415.18324426226354,365.46926624345326,49.71397801881028,11.261265962983003,6.245520634827869,5.015745328155134
frame_e~j~_703.07_703.42,47.33141176607978,0.0,-0.9422651332151398,412.9214503259152,338.7784970602081,74.14295326570709,13.269169477738856,6.930679656299873,6.3384898214389835
frame_dZi_703.42_703.51,43.60324544216283,0.0,-0.18303620647544533,413.482849575878,364.2089776080348,49.273871967843206,4.7749416594876095,1.7442773388787316,3.030664320608878
frame_as_703.51_703.68,46.347100737298874,0.0,-0.4714133692426906,410.0930941312977,353.1312892142722,56.96180491702546,18.98853771747703,14.4088492469117,4.57968847056533
frame_aw_703.68_703.78,46.78764825198478,0.0,-0.7847859845641523,408.98898031379076,360.90807530444965,48.08090500934111,2.4614498310806283,1.6074381951087275,0.8540116359719008
frame_teR_703.78_703.99,34.426701068181444,0.0,-0.3393565148099755,414.0953006559466,352.6456683749942,61.44963228095236,13.224101983759624,7.584912014443049,5.6391899693165755
frame_na_703.99_704.27,54.38047638291161,0.0,0.4687044767216943,410.80473490764024,346.2321957551629,64.57253915247736,57.39287798399232,31.905997644860406,25.486880339131915
frame_dus_704.27_704.8,88.42451218544231,0.8500000000000227,4.7806203929024935,408.8958304582569,321.7977690376178,87.09806142063914,1.3024098242405984,0.6421003189939185,0.6603095052466799
frame_na~w~_705.65_705.86,6.378541082793404,0.0,-0.2150379025200197,417.0659694230786,355.37951080588107,61.68645861719756,21.71518377286168,12.104028012072405,9.611155760789273
frame_pre_705.86_705.98,40.037977361102406,0.0,-0.7772159670437753,399.27313411633395,349.74466880455225,49.5284653117817,4.1487024096078216,2.235459310028574,1.9132430995792475
frame_si_705.98_706.08,3.5552007385554987,0.0,-0.28754732901480634,412.69219405853335,362.7892063957311,49.90298766280222,17.710981802429032,11.065561762114086,6.645420040314946
frame_zow_706.08_706.27,14.571134509866184,0.0,0.03603326914981512,416.1421106034817,356.9477439387515,59.19436666473018,8.755558230065375,4.24486566897896,4.510692561086415
frame_to_706.27_706.4,36.364046510031855,0.0,-0.8334651820594619,413.09636752273866,359.89137551762303,53.20499200511563,60.05813025308347,29.288478646946714,30.769651606136755
frame_maX_706.4_706.59,16.61511637323659,0.0,-0.36695583080339095,412.2115678437804,355.43472734335427,56.77684050042615,4.202441734465154,3.050788989767966,1.1516527446971878
frame_a_706.59_706.64,69.68832294398418,0.0,-0.6803284461248525,388.91539573825264,346.04040655147713,42.87498918677551,1.3891700998363632,0.6982851367964855,0.6908849630398777
frame_teX_706.64_706.89,19.66829154450963,0.0,-0.120426788696809,412.3002812854751,350.4471496037501,61.85313168172496,8.097504737523337,3.9514530521296933,4.146051685393644
frame_sej_706.89_707.03,13.626031813379967,0.0,-0.5582862409281198,415.2389810365656,360.73560790075584,54.50337313580974,4.64363453304378,1.3710749510791373,3.272559581964643
frame_ra_707.03_707.13,9.649178500776813,0.0,-0.4714133692426906,412.5252713518056,363.55848138449096,48.96678996731464,8.691004287644972,4.6059359378299405,4.085068349815032
frame_poX_707.13_707.3,4.860195552522555,0.0,-0.6595654918180018,410.68542330026094,354.69123152820276,55.99419177205817,15.392750893155807,5.954216440470319,9.438534452685488
frame_ki_707.3_707.43,25.12803007614943,0.0,-0.4965695740970928,412.4642175732668,360.17253051179233,52.29168706147448,2.0317405448938786,1.1369176265704084,0.8948229183234702
frame_de_707.43_707.5,19.104236846073917,0.0,-0.7772159670437753,400.9765100512911,354.0032725842653,46.9732374670258,6.7560762819953055,2.664221537117683,4.091854744877622
frame_za_707.5_707.72,2.6722149843878213,0.0,0.2597893998407199,413.59475692151847,353.5432583121815,60.05149860933699,31.40663195367,17.309697535340575,14.096934418329425
frame_pa_707.72_707.85,8.914870259420354,0.0,-0.5758709076831778,413.79651628630927,361.2304566057277,52.566059680581645,10.722302343821298,5.342876909356605,5.379425434464693
frame_re_707.85_707.96,21.159551434503456,0.0,0.09850293742133534,411.1444223876937,360.2925655189255,50.85185686876815,10.243494336537921,4.751682662239176,5.491811674298745
frame_se_707.96_708.17,24.46301987725448,0.0,-0.3393565148124644,411.8288246254336,351.9299604000294,59.89886422540417,2.587546323078726,1.1294834092044397,1.4580629138742864
frame_ra~w~_708.17_708.34,26.159725967739632,0.14999999999997726,-0.6222199384718793,410.57137773666335,354.15352890803297,56.41784882863038,3.5560338696099194,1.8680692694822767,1.6879646001276427
frame_to_708.49_708.63,18.975480179710473,0.0,0.2099329593912751,417.68380086882695,363.11698200266517,54.56681886616178,100.00598997999798,56.74307602975742,43.26291395024056
frame_dus_708.63_708.74,13.877507866732714,0.0,-0.6045451718051978,409.9196312189434,358.04893486733204,51.87069635161134,13.406250691981626,6.148336166127933,7.257914525853693
frame_ujs_708.74_708.85,37.362581119535776,0.0,-0.3283828351552522,407.46128613176234,358.796104865982,48.665181265780404,16.71039362811527,10.038018166974382,6.672375461140888
frame_si~_708.85_709.02,63.875192067662226,0.0,0.43014130703709574,411.88190036199677,355.3908369701746,56.491063391822195,1.988267261036512,0.9869715435714852,1.0012957174650268
frame_to~_709.02_709.19,65.81427629556701,0.0,-0.475177429825043,410.4674994463975,355.7749405285715,54.69255891782598,48.251365890172664,13.084773972973693,35.16659191719897
frame_mas_709.19_709.42,60.1689562781783,0.0,-0.3669558308022034,411.06737265834875,349.7403009732614,61.32707168508733,8.004407324780274,4.403519097192344,3.60088822758793
frame_dZi_709.42_709.67,68.56984428234588,0.0,0.8620750189312343,411.47042843124825,347.2884815124935,64.18194691875476,8.250522891104879,4.620545661210116,3.629977229894763
frame_Res_709.67_709.92,75.86797641879909,0.0,0.09850293742133534,408.1587666161896,346.9249255425933,61.233841073596295,37.10336485625383,10.048189181647558,27.055175674606275
frame_fri_709.92_710.13,77.76433501666263,0.0,-0.4965695740970928,412.67918589734046,352.18428495724584,60.494900940094624,38.313228892753195,16.064512468966342,22.248716423786853
frame_a_710.13_710.29,64.23280978573126,0.0,0.4687044767216943,408.18944928553844,355.62493869549974,52.564510590038765,4.637721480093305,1.7157592121702834,2.9219622679230213
frame_du_710.29_710.4,98.81092563233128,0.11000000000001364,-0.4664640034810099,395.6895177742806,346.01796588695765,49.67155188732295,6.069036489988498,3.147976877832619,2.9210596121558794
frame_i_710.51_710.54,40.03103090886536,0.0,-0.4965695740970928,397.5275044869386,353.2217849674593,44.30571951947928,2.1294936825805877,0.9810043712946737,1.148489311285914
frame_E_710.54_710.6,46.286334638699586,0.0,-0.49078503725371175,412.555936552169,364.60649235721735,47.94944419495158,4.167799352427167,2.7819212790809473,1.3858780733462197
frame_la_710.6_710.73,42.44130424415552,0.0,-0.4714133692426906,409.1335594776847,357.65800447589635,51.47555500178834,30.837726412965594,23.001359686017523,7.8363667269480715
frame_te_710.73_710.98,49.96653243118192,0.0,0.974221841883957,412.6478904024626,349.58706261900073,63.06082778346189,8.548994936372836,5.5164280894627495,3.032566846910086
frame_vi_710.98_711.07,44.24776656628437,0.0,-0.49656957409590463,412.04371394162035,362.8705906899205,49.17312325169985,6.118022882053211,1.0242094793059806,5.09381340274723
frame_u~_711.07_711.12,49.014543733664595,0.0,-0.4977610082332655,411.9624673500228,365.3390671094902,46.62340024053259,0.43693059414965774,0.15036657326808722,0.2865640208815705
frame_ma_711.12_711.29,49.809806207538756,0.0,-0.36695583080339095,411.497130949395,356.7915270536468,54.7056038957482,3.4109037884470723,1.816905930386838,1.5939978580602343
frame_gra_711.29_711.51,47.70213683990387,0.0,-0.2624982923617162,410.99310045080534,351.0320855972314,59.96101485357394,6.415885484789783,2.335563985324967,4.080321499464816
frame_vi_711.51_711.71,47.33719206085755,0.0,0.33951940622848853,408.9550691510624,352.988675477028,55.96639367403441,11.527252668127076,6.582613558602233,4.944639109524843
frame_dejs_711.71_711.98,56.81288604762523,0.0,0.09850293742133534,413.40769599567983,348.60711558432894,64.8005804113509,13.195358422967232,6.566689537000528,6.628668885966704
frame_noR_711.98_712.32,33.9429237878708,0.0,0.2099329593912751,416.37055939755965,342.1296266272467,74.24093277031295,26.939229419048687,12.106282346903896,14.83294707214479
frame_maw_712.32_712.73,44.1730141495765,0.22000000000002728,0.7820770920443435,411.1831576214355,334.0162144696459,77.16694315178961,73.85334600540014,34.24346234240541,39.609883662994726
frame_a_712.95_713.02,21.72295416298205,0.0,-0.47141336924387817,407.37842184618955,360.37039215650066,47.00802968968884,24.645383345813443,12.601750555207303,12.04363279060614
frame_tE_713.02_713.27,18.132619368713122,0.0,0.04020341108901655,414.6054468929684,351.6606945411481,62.94475235182034,64.60190816615697,12.950772392483358,51.651135773673616
frame_u_713.27_713.33,70.55287430354146,0.0,-0.1903016668279246,388.525668380493,346.3755677216708,42.150100658822225,9.138653309259801,3.317985605561759,5.820667703698042
frame_fi~_713.33_713.53,41.243519618812,2.519999999999982,0.7543320184456576,411.3304055174313,353.04670173845534,58.28370377897596,7.067614566346421,4.376565391579419,2.6910491747670022
frame_lo_716.05_716.19,22.23802506902733,0.0,0.03603326914981512,415.43529725399,360.0767969037974,55.35850035019257,15.48372552235945,7.8942654919836315,7.589460030375818
frame_Zi_716.19_716.3,41.55274378728578,0.0,-0.2875473290159945,396.77667938076127,347.5429123943953,49.23376698636599,48.00555445573241,26.655025794268454,21.350528661463954
frame_ka_716.3_716.42,32.43192251626297,0.0,-0.5758709076843653,414.8730199169246,361.890726555735,52.98229336118965,12.40346178767524,5.491131755136962,6.912330032538279
frame_me~_716.42_716.64,19.26369930831399,0.0,0.8078928166817751,412.7050928360089,352.03315897721143,60.671933858797445,47.797268514633515,33.43304564448593,14.364222870147586
frame_tSi_716.64_716.75,28.82287885221288,0.0,-0.4965695740970928,408.31847053836776,356.566357470779,51.752113067588766,8.10292768820895,2.547190352569757,5.5557373356391935
frame_nu_716.75_716.88,3.13097944604786,0.0,-0.4664640034810099,411.96239013358064,359.2274361236828,52.73495400989782,19.102203211565623,6.283463772052642,12.818739439512981
frame_fi~_716.88_717.43,19.304892337460032,0.0,4.806715911056366,411.775361453525,321.2398846718128,90.53547678171228,39.569986036805616,28.8785053002956,10.691480736510016
frame_dew_717.43_717.73,31.978134077161528,0.0,0.974221841883957,414.0725856156473,345.52805644182985,68.54452917381747,5.408753090124506,3.178752235787897,2.230000854336609
frame_e_717.73_717.82,36.095780960826886,0.0,0.5363623896526462,411.00395002914104,362.73137125732444,48.2725787718166,5.58239653005343,3.8757247681174363,1.7066717619359935
frame_sis_717.82_718.01,38.24939387339951,0.0,0.0,403.88307702777655,346.558113714262,57.32496331351456,118.20883674103457,81.94448566962852,36.264351071406054
frame_i~_718.01_718.74,62.37142356766472,0.0,0.2350082836879394,413.3122362407652,306.09995062661915,107.21228561414605,59.094827393283836,42.077290326366935,17.0175370669169
frame_Sa_718.74_719.08,41.440494369623835,0.0,0.46870447672288185,411.7604263431771,340.1207450932775,71.63968124989958,48.39426966198441,10.909508469986193,37.48476119199822
frame_su_719.08_719.22,73.07701244438337,0.0,-0.6045451718067677,393.74675312921255,342.22900767844226,51.51774545077029,7.836912651626989,3.8471567060021883,3.9897559456248004
frame_dZi_719.22_719.31,37.26521088755291,0.11000000000001364,-0.2875473290159945,407.2505204028215,359.68830269354396,47.562217709277604,7.151889217981164,2.761633833293672,4.390255384687492
frame_pi_719.42_719.5,14.242213991516351,0.0,-0.3920584515565436,415.9853034341795,366.76785247522787,49.217450958951645,12.687860703800524,6.391592268751822,6.296268435048702
frame_Rna_719.5_720.12,31.070146297658496,0.39999999999997726,4.229175860582797,410.4439097007685,315.47059636551626,94.97331333525219,91.91885841006281,70.67102206210934,21.247836347953466
frame_e~_720.52_720.55,14.72032727510964,0.0,-1.1172809282046323,373.2004964384454,331.7900647903176,41.41043164812777,14.71563835991708,5.117344386237562,9.598293973679517
frame_ta~w~_720.55_720.79,71.60467855176366,0.0,-0.6222199384718793,410.90783813529913,349.2827369258208,61.625101209478316,56.17529634438421,24.595002831170632,31.580293513213576
frame_tSi~_720.79_720.85,52.82143769525236,0.0,-0.7045261828947134,411.1601217942933,365.03803974731244,46.122082046980836,27.672121758650988,10.8093882198024,16.862733538848588
frame_Ja_720.85_720.93,59.69076081259119,0.0,-0.6803284461248525,409.25111551532257,362.86379574257387,46.3873197727487,4.657744361040017,2.138931755401501,2.518812605638516
frame_ki_720.93_721.04,50.76038133973182,0.0,-0.4965695740970928,404.86466569520985,356.0729605418619,48.79170515334795,102.75304937599913,60.04645329999758,42.70659607600154
frame_doR_721.04_721.21,59.09288915060584,0.0,-0.31176611133508186,413.11132399870326,355.29994599964607,57.81137799905713,12.98141025156805,5.581280098665289,7.400130152902761
frame_miX_721.21_721.42,63.70938469230204,0.0,-0.0785250839348962,410.2066403982738,352.27509909247755,57.93154130579626,5.928221203777255,4.0879713482331965,1.8402498555440587
frame_ko~_721.42_721.52,53.00703854438045,0.0,-0.8574927423886431,411.42147247594187,361.295155891134,50.12631658480785,41.90386805593481,30.53389974876059,11.369968307174219
frame_a_721.52_721.56,64.49238356958453,0.0,-0.7847859845653398,397.3859171144532,352.6391717988889,44.74674531556428,6.587389025421729,3.778316973389579,2.8090720520321497
frame_ka~_721.56_721.8,61.1808848745039,0.0,-0.3168334115088526,412.5798132533674,348.60651177831863,63.97330147504874,17.882287208598484,7.9743992122726866,9.907887996325798
frame_ma_721.8_721.93,63.24856350853689,0.0,-0.889243523005827,412.5393025765852,359.659865319671,52.87943725691423,2.996060875392317,1.1898471363796972,1.8062137390126196
frame_li_721.93_722.09,65.03111927992748,0.0,0.2350082836879394,410.5448084208998,356.766565227931,53.77824319296883,4.555786602844435,1.4565474902878748,3.0992391125565604
frame_Zej_722.09_722.28,59.55746251628007,0.0,-0.3393565148124644,413.9569120545552,354.4252160238113,59.53169603074389,13.566017086830911,4.626559761119651,8.93945732571126
frame_ra_722.28_722.38,64.58799353137728,0.0,-0.5758709076843653,411.1096387204716,361.2648892070159,49.844749513455724,5.000184284663121,3.204088357933969,1.7960959267291514
frame_me~_722.38_722.63,63.87469493198533,0.0,0.8078928166817751,412.68264695884244,349.38343607329585,63.299210885546586,3.9063884256999586,2.4492200619860967,1.457168363713862
frame_tSi_722.63_722.71,97.61653128894582,0.0,-0.49656957409590463,393.9648243841691,347.7521725149987,46.21265186917043,4.948303301433313,2.9323545482365887,2.0159487531967244
frame_i~_722.71_722.79,61.765897079061745,0.0,0.10595059562669112,408.67654306827376,361.96033036811474,46.71621270015902,3.6566061489026396,1.8605110077189408,1.7960951411836987
frame_kli~_722.79_723.02,68.15954791483665,0.0,0.26804595133281484,412.91514868305745,350.2517943985343,62.663354284523166,33.34862349249639,8.298778302067674,25.049845190428712
frame_na_723.02_723.51,53.94338534794426,0.0,2.8712278608552753,412.61404023195865,326.0041068430565,86.60993338890219,24.458471616650257,10.103793490862444,14.354678125787814
frame_da_723.51_723.79,84.19196672144793,0.7400000000000091,0.8865346304836432,403.80606789537137,339.1964471816934,64.609620713678,20.298732278745028,12.173055071530598,8.12567720721443
frame_majs_724.53_724.74,22.337002723111468,0.0,-0.15804075392122896,412.9160014261479,351.0920867742491,61.82391465189875,20.34911764927776,11.088128782401228,9.26098886687653
frame_i_724.74_724.84,30.673789769539496,0.0,0.2350082836879394,413.4858411837812,363.69538381312077,49.79045737066042,7.27656275487962,3.861183200722337,3.4153795541572833
frame_su_724.84_725.0,22.538388623580914,0.0,-0.6045451718067677,415.8139647657125,359.2568631599154,56.55710160579713,23.502540839917344,13.994067334956455,9.50847350496089
frame_E_725.0_725.22,16.37833170411595,0.0,1.2083779974442261,410.8464818048174,351.7440430647357,59.10243874008171,105.70532847845557,89.07074131553485,16.634587162920724
frame_noR_725.22_725.5,28.740160860772974,0.0,0.3838326496307581,412.70790558299717,346.4211758248427,66.28672975815448,16.411875644323032,7.08396701330102,9.327908631022012
frame_maw_725.5_725.93,35.059495452188585,0.0,0.36424693828120713,412.27938298803826,331.4652811658025,80.81410182223578,11.08337110877602,6.399778352070584,4.683592756705437
frame_e~j~_725.93_726.05,37.59182360232454,0.0,-1.1172809282026426,407.9591536626895,357.11077761425355,50.848376048435966,2.218720468530094,1.6586160085253852,0.5601044600047089
frame_to_726.05_726.24,42.60387384019026,0.0,0.5577323398741951,407.87332161522204,351.7028852364811,56.17043637874093,1.781924926850536,1.004290095361796,0.77763483148874
frame_da_726.24_726.78,46.90441331248232,0.08000000000004093,3.289058014617224,405.88913737970904,317.34722349548935,88.54191388421967,4.91780382870401,2.5021337236811974,2.415670105022812
frame_se_726.86_727.04,51.28538217251611,0.0,-0.7772159670437753,413.841798566731,354.94032347995153,58.90147508677944,115.452224102271,82.64338599724906,32.808838105021955
frame_Jo_727.04_727.1,43.10413404328685,0.0,-0.8334651820594619,413.5379307269129,365.3216339150018,48.21629681191109,2.720077483835013,1.570630409071768,1.1494470747632448
frame_ra_727.1_727.33,50.203665898853174,0.0,0.8865346304848307,410.23216610346157,350.5407355471115,59.69143055635004,11.204001740560201,5.3500300989710325,5.853971641589169
frame_gra_727.33_727.59,42.351048578516526,0.0,0.2597893998407199,411.5741735563021,347.50460237150025,64.06957118480187,19.247689201064517,9.465471860757788,9.78221734030673
frame_vi_727.59_727.7,25.009905495827667,0.0,-0.39205845155535546,412.39461718891926,361.7573240403424,50.63729314857687,12.605935746239908,4.56711418371458,8.038821562525328
frame_da_727.7_727.76,65.96021795886395,0.0,-0.889243523005827,397.3651182557663,352.0744491142128,45.29066914155345,59.44089945259571,42.68706976146018,16.75382969113553
frame_es_727.76_727.84,60.487159569830595,0.0,-0.7772159670437753,388.4266641061317,342.5745774617756,45.85208664435606,119.45613853162936,97.90777916247603,21.54835936915333
frame_pe_727.84_727.96,38.73785295646179,0.0,-0.12042678869432007,412.3609028125086,361.65133168469725,50.70957112781133,4.80012793853146,1.894111428043061,2.9060165104883993
frame_si_727.96_728.09,64.78168628026796,0.0,-0.49656957409590463,409.15240360701233,356.09433075777883,53.0580728492335,41.68130221138165,26.738588291476802,14.942713919904847
frame_aw_728.09_728.18,48.1954385336965,0.0,-0.5758709076843653,412.8357030192968,363.6825024326263,49.15320058667049,4.993057212603688,2.660266875057431,2.332790337546257
frame_me~_728.18_728.43,46.58608156572666,0.0,-0.24220195325716973,412.47034824806826,349.44216270893486,63.0281855391334,3.468449490543776,1.522344168783917,1.946105321759859
frame_tSi_728.43_728.54,32.942642964927714,0.0,-0.3920584515565436,414.00648382404245,362.50293188625074,51.50355193779171,5.1774112059130175,3.2208327546623963,1.9565784512506212
frame_nu_728.54_728.79,46.74583484614921,0.0,1.0524288481038953,412.2354445100633,348.22759967653167,64.00784483353164,17.231857190201893,9.666398695557717,7.565458494644176
frame_uw_728.79_729.02,50.73252712337354,0.0,1.1905100164312228,413.5879245083341,351.3033662235801,62.284558284753984,51.98927749859854,13.721633899271055,38.267643599327485
frame_tSi~_729.02_729.14,48.86697720927714,0.0,-0.3803354714861516,411.3777449959597,360.41367185328625,50.96407314267344,41.84990082865076,16.97434433483481,24.87555649381595
frame_mu_729.14_729.25,31.36996456465765,0.0,-0.6045451718067677,412.37466887389263,362.17979386581334,50.19487500807929,3.0480382550023677,1.167473446954304,1.8805648080480637
frame_mejs_729.25_729.74,44.00755571707792,0.9099999999999682,-0.7772159670437753,413.39431153068983,328.6610919723564,84.73321955833345,27.94381363893369,10.855367676250864,17.088445962682826
frame_poX_730.65_730.78,74.37799848358254,0.0,-0.6595654918160249,404.49900870512283,354.3310575973469,50.16795110777588,0.5779472726645309,0.29608275338964063,0.2818645192748903
frame_ki_730.78_730.88,68.48778041882643,0.0,-0.3920584515565436,411.0773913245826,360.75727782367505,50.32011350090755,61.74551075474973,20.3901926733851,41.35531808136463
frame_u_730.88_731.0,73.38520116135814,0.12000000000000455,0.6381853431266219,402.9146343443115,353.6530087559369,49.26162558837456,3.450029296095977,1.9134880704540365,1.5365412256419404
frame_pe_731.12_731.34,36.56656985276797,0.0,1.6310110202309231,416.55143031507646,355.28398860184893,61.26744171322753,27.42559551626819,10.29894055761963,17.126654958648558
frame_zu_731.34_731.48,64.53274737286412,0.0,0.3620230064751064,409.5686663391116,356.3085567404237,53.260109598687905,6.409940892121568,1.8936251029847142,4.516315789136854
frame_da_731.48_731.62,58.30635972939568,0.0,-0.3669558308022034,410.2962968232859,357.0608009654471,53.23549585783883,6.901301558350681,2.5123299811647968,4.388971577185885
frame_kri_731.62_731.87,64.77034902047377,0.0,0.02598603860684111,412.6255875900909,348.2121694335165,64.41341815657438,43.0558867081455,13.157838457462404,29.898048250683097
frame_a~_731.87_732.02,45.709101481447675,0.0,0.3957351514060337,411.74954026580633,356.5649327447706,55.18460752103573,23.450674580691256,14.544337300840837,8.906337279850419
frame_sa_732.02_732.21,84.52894196580313,0.0,-0.680328446123665,411.20358434237266,353.71660210564374,57.48698223672892,5.670673072497266,3.7426250571231066,1.9280480153741593
frame_so_732.21_732.55,57.07527911166572,0.0,0.557732339872218,414.6858137833087,343.07085511520023,71.61495866810844,58.74586322751532,19.163642666417857,39.582220561097465
frame_bri_732.55_732.8,58.03660121432952,0.0,-0.3920584515565436,413.1443930967754,349.4726546922169,63.67173840455848,10.592888566072162,6.191047363791256,4.401841202280906
frame_a_732.8_732.89,43.29108269638044,0.12000000000000455,-0.2624982923617162,403.12138583598244,355.34266401143555,47.77872182454689,50.94199254061354,32.1983576435959,18.743634897017643
frame_pER_733.01_733.22,13.104579498044657,0.0,0.3587964800958609,415.4484261483487,353.1932149233434,62.25521122500527,10.229405521086747,6.921823609562651,3.307581911524096
frame_na_733.22_733.48,3.7951078750451046,0.4199999999999591,1.1999072458062923,412.4280644675596,349.17522250239807,63.25284196516151,13.695637748065352,4.503198430269222,9.19243931779613
frame_dZi_733.9_733.97,0.39548848647811496,0.0,-0.39205845155535546,417.21848380685185,368.49812695322987,48.72035685362192,3.7097909771837863,1.336525099255752,2.3732658779280342
frame_fi_733.97_734.26,4.929032570958782,0.0,0.7575638963906851,416.18829699278575,349.05922977533294,67.12906721745281,20.47623979796964,12.630388320322496,7.845851477647145
frame_kuw_734.26_734.44,12.456500968025807,0.0,-0.6045451718067677,412.4667436592762,355.5503560584094,56.916387600866756,15.13859937683145,6.622321731806323,8.516277645025127
frame_ta_734.44_734.52,15.125000262632412,0.0,-0.889243523005827,409.9845209272466,362.25758685791084,47.726934069335755,59.07288688051149,22.882320209317882,36.19056667119361
frame_a_734.52_734.55,,0.0,-0.889243523005827,425.14166415315003,379.79888713732413,45.3427770158259,,,
frame_siX_734.55_734.79,7.308639601556422,0.0,-0.07852508393370804,409.9688659544248,349.44072618985956,60.52813976456525,8.159099679357269,4.079514957710856,4.0795847216464125
frame_ku_734.79_734.94,0.2523897671443507,0.0,-0.6045451718051978,414.4311235908378,358.9108285362217,55.5202950546161,5.831125880115678,2.341300580907671,3.4898252992080074
frame_la_734.94_735.16,4.51913626477014,0.0,0.1553318614002327,413.5178059587734,353.21440399984436,60.303401958929044,8.828078301754601,3.77807035812161,5.050007943632991
frame_sa~w~_735.16_735.47,12.628489499918459,1.42999999999995,0.09034862444300701,416.42648317076197,346.0869793754322,70.33950379532979,11.947994693338629,5.6450894039139285,6.3029052894247
frame_nu_736.9_737.5,70.88399451932358,0.0,1.3285911847554106,409.58931930678125,315.0534266476912,94.53589265909005,89.3139858223936,73.74718742115769,15.566798401235914
frame_Esi_737.5_737.61,73.89524406903818,0.0,-0.8093781062605561,405.20403124650244,354.24591227791046,50.958118968591975,2.071340819513523,1.4002741082097714,0.6710667113037516
frame_me_737.61_737.78,67.56376232670549,0.8799999999999955,-0.120426788696809,411.75574859605166,358.377805673392,53.377942922659656,8.853609594478684,2.9947219957258113,5.858887598752872
frame_nujs_738.66_738.81,11.314021963833326,0.0,-0.4664640034810099,413.7173873759911,357.87077112454523,55.84661625144588,19.00450722373273,7.985403562543652,11.019103661189078
frame_me~_738.81_739.05,8.534275825483306,0.0,0.2828454317113078,415.4934362270952,352.02887279678026,63.46456343031491,14.098775648710003,6.291092258696651,7.807683390013352
frame_brus_739.05_739.27,9.601177988459767,0.0,-0.3283828351536824,414.16229806052047,352.657032956175,61.50526510434548,20.409953838710067,8.962540161185416,11.44741367752465
frame_i~_739.27_739.35,0.010621155147944705,0.0,0.10595059562853394,412.0574310045778,365.8882753994552,46.16915560512251,8.965699711680372,4.709916894846728,4.255782816833644
frame_fe_739.35_739.56,2.031723261443247,0.0,0.0985029374188464,417.029896010584,355.5103085126823,61.51958749790174,9.034098926485356,4.942390003545725,4.091708922939631
frame_ri_739.56_739.68,8.35605784290513,0.0,0.025986038605652958,415.6158786235195,363.35826486046415,52.25761376305536,16.644118173250405,5.977244744063569,10.666873429186836
frame_o_739.68_739.84,34.00782587832114,0.0,1.427230791083472,412.11258438214134,356.9277439663672,55.18484041577415,12.118980487480385,7.090096353355889,5.028884134124496
frame_ris_739.84_739.97,38.6433807784306,0.35000000000002274,-0.07852508393370804,407.3497371350905,355.8942137058362,51.4555234292543,1.3526415246235075,0.9013947519989216,0.4512467726245859
frame_e~_740.32_740.41,27.561304567638132,0.0,-0.0671861582676772,408.45935866837635,361.5137304942806,46.94562817409576,1.5664786484576183,0.48756586987515504,1.0789127785824633
frame_ta~w~_740.41_740.64,19.18864914057761,0.0,-0.011446884544668561,411.8670285897913,350.2802761252108,61.58675246458051,3.971741093519185,1.5697905123962954,2.4019505811228896
frame_E_740.64_740.68,17.725151472941675,0.0,-0.7031804165920105,403.86375970483334,357.45301406965325,46.41074563518009,4.150217104142996,0.9382351239044198,3.2119819802385763
frame_ko_740.68_740.84,1.1781638750263141,0.0,-0.8334651820574849,410.7594822726622,356.6808410416349,54.07864123102729,8.261376731802613,5.953075414617928,2.308301317184686
frame_mu~_740.84_741.12,18.371435440057695,0.0,0.9537364826378931,413.3416164064515,346.92305745311745,66.41855895333407,17.091868846511005,6.224859233584766,10.867009612926239
frame_daX_741.12_741.48,32.64854461159655,0.15999999999996817,1.513279861127754,410.05434077083714,337.16203626737104,72.89230450346611,46.64631275871733,5.183081189932821,41.46323156878451
frame_i~_741.64_741.71,57.97578117750089,0.0,-0.056144760075746966,410.62312930178564,362.2201505458423,48.402978755943366,3.8173034840354063,1.7114408689537015,2.105862615081705
frame_Sa_741.71_742.03,59.98234832192996,0.0,0.36424693828120713,407.15159667135043,339.23272888187296,67.91886778947747,2.749922556387986,1.9198656801318918,0.8300568762560943
frame_su_742.03_742.2,82.30561927560059,0.0,-0.3283828351536824,408.8909383373259,352.55742818901365,56.33351014831226,39.52525374947625,20.22728817032545,19.297965579150798
frame_du_742.2_742.4,66.7880697163224,0.0,1.0524288481038953,408.1199027423522,351.4031825462148,56.71672019613743,5.512519681263001,1.7392712311133067,3.773248450149694
frame_dujs_742.4_742.7,57.11058491375488,0.0,0.08586066982359089,398.20799031345587,332.8088121874191,65.39917812603676,123.59852107122478,75.86259827418064,47.73592279704414
frame_pEjs_742.7_743.05,65.57992811837543,0.0,0.46499416976319924,411.4558356236109,338.6309780260681,72.8248575975428,8.53684385683357,5.13307751457711,3.4037663422564606
frame_dajs_743.05_743.24,96.63600924260452,0.0,-0.889243523005827,395.15040315901695,340.76005640319374,54.3903467558232,3.0245689038969985,1.3306206701609327,1.6939482337360658
frame_peR_743.24_743.44,61.4683012735686,0.0,1.1931515679996125,400.91009633804134,343.36352313534087,57.54657320270047,1.3504324242260566,0.4386504269403986,0.911781997285658
frame_nas_743.44_743.65,97.6672961961882,1.9099999999999682,-0.36695583080339095,388.93386546287826,331.61136607557074,57.322499387307516,9.61623262202059,4.833242304117512,4.782990317903078
frame_a_745.56_745.64,474.7638364476635,0.0,-0.3669558308022034,404.1820601793282,357.604519925483,46.5775402538452,117.82564912004659,85.09467081095715,32.73097830908944
frame_gO_745.64_745.87,84.88606353422082,0.0,0.26286704717069787,407.1618791227403,346.7259533833747,60.43592573936559,0.27329555555971297,0.09601517481141286,0.1772803807483001
frame_ra_745.87_746.12,39.38470538382485,0.6499999999999773,0.9909921689253179,405.9707570314514,344.93542726317196,61.03532976827944,108.89144024856242,62.603097180020214,46.288343068542204
frame_noR_746.77_747.08,2.3491482783345248,0.0,0.5577323398741951,413.46456193140267,344.9501521636562,68.51440976774649,14.57165677216706,5.4640225075561375,9.107634264610923
frame_maw_747.08_747.39,10.77932679807715,0.0,0.05087432295855793,415.17189703853074,343.5279384276833,71.64395861084745,7.069519747870444,4.707334546074392,2.362185201796052
frame_me~_747.39_747.84,3.943308500925056,0.0,1.3329402016522425,411.71023311275735,330.5319871487683,81.17824596398907,16.102509557033287,8.77599408533223,7.326515471701057
frame_tSi_747.84_748.11,12.420080187408374,1.0299999999999727,0.653052773850136,411.69037249180093,347.7687701564526,63.921602335348325,96.93513048566885,26.38070735531207,70.55442313035678
frame_E_749.14_749.24,13.697379577748663,0.0,-0.06599427857952911,407.91763689493104,358.7245315554384,49.19310533949266,8.938867265605438,5.243169469975754,3.695697795629684
frame_la_749.24_749.36,17.96865334275529,0.0,-0.4714133692426906,410.0220958595213,359.4733852406368,50.54871061888451,2.6809748311597303,1.2929301753089106,1.3880446558508197
frame_de_749.36_749.51,17.97939778901251,0.0,0.31743266353699073,409.97724735510656,357.2132327983316,52.76401455677495,2.8553054977365093,1.6592037957040588,1.1961017020324505
frame_vi_749.51_749.7,22.087193351012687,0.0,-0.49656957409590463,414.0731304390405,354.1923617389027,59.880768700137764,6.811962177421265,2.3230911055088512,4.488871071912413
frame_a_749.7_749.74,18.23472902921972,0.0,-0.7847859845653398,396.09476538817825,351.89440531704145,44.2003600711368,5.315493093748856,3.653557214090526,1.66193587965833
frame_teX_749.74_749.95,41.24800598543143,0.0,-0.7772159670437753,412.7670946688362,351.6545379111721,61.112556757664095,59.543908026550184,34.210355674036066,25.33355235251412
frame_u~_749.95_750.34,25.29801382157717,0.37999999999999545,1.969784726247374,407.8623658524546,332.8410613032672,75.02130454918739,60.693260180381486,18.878076859809696,41.81518332057179
frame_u~_750.72_750.75,,0.5199999999999818,-0.6429107573202164,374.7389618890286,332.49429029728714,42.24467159174145,1.5675342646533181,1.1819517840745348,0.3855824805787833
frame_paX_751.27_751.61,70.72896170662331,0.0,0.2597893998407199,408.9850708138447,339.9604024219057,69.02466839193897,41.421259203021,14.046702375596453,27.37455682742455
frame_tu_751.61_751.7,74.20208284971676,0.0,-0.1903016668279246,408.38121453975214,359.00291947070855,49.37829506904359,31.717788790325706,13.99890909972251,17.718879690603195
frame_noR_751.7_751.86,42.3775147105098,0.0,-0.3117661113331049,411.9006015479211,355.40020426183696,56.50039728608414,16.142394385199992,5.02157213939698,11.120822245803012
frame_maw_751.86_752.23,53.67765705243713,0.05999999999994543,0.36424693828120713,410.8117011158506,336.95505056820195,73.85665054764866,23.82089533310267,15.05104728718328,8.769848045919389
frame_majs_752.29_752.53,24.985471029890334,0.0,-0.2624982923617162,409.7103233808473,347.16924909072316,62.54107429012413,8.724373342387992,5.00431036611306,3.7200629762749315
frame_na~w~_752.53_752.7,3.4267339559443144,0.0,-0.7240154474595548,412.5157683243472,355.4314838589177,57.084284465429505,19.409201078751607,5.6969964493718095,13.712204629379798
frame_na~w~_752.7_752.86,7.247855916850639,0.0,-0.4186289204965281,414.3989121738603,357.2933810792026,57.10553109465769,6.4920566515321525,2.7222302670580802,3.7698263844740723
frame_a_752.86_752.96,6.818897903780282,0.0,-0.15804075392122896,413.75092065716103,363.5821211866216,50.168799470539454,13.361776760426821,6.914648101850773,6.447128658576048
frame_vi_752.96_753.14,13.261532430241616,0.0,-0.18303620647544533,414.42448949586134,356.6456597039601,57.77882979190122,12.913869341036545,6.011009248910426,6.902860092126119
frame_a_753.14_753.29,9.895707285446065,0.0,0.36424693828120713,413.6815575104981,360.1686167812651,53.51294072923304,7.022340498316879,3.315049746025437,3.707290752291442
frame_dZi_753.29_753.39,5.893385881200359,0.0,-0.3920584515565436,416.50945753833366,366.0095380647888,50.49991947354488,3.541701679386918,0.8030434832232629,2.738658196163655
frame_la_753.39_753.62,14.506407698440114,0.0,0.05087432295974547,410.6858607674927,351.32674011625033,59.35912065124239,75.64307809598321,23.640921344305482,52.00215675167773
frame_ta_753.62_753.84,40.62709321156919,0.0,0.2597893998407199,412.9778897351025,352.0513266678486,60.92656306725388,60.68193625523607,33.00777521182144,27.674161043414628
frame_sa~w~_753.84_754.07,17.845895086916684,1.259999999999991,-0.622219938470722,412.89014789868787,351.75035899826116,61.13978890042671,6.296634776520975,3.6376448927622818,2.658989883758693
frame_pa_755.33_755.51,74.40820939858475,0.0,-0.2624982923617162,409.24277555755395,353.6553004592371,55.58747509831693,43.776011784054354,10.92526085405163,32.850750930002725
frame_ra_755.51_755.77,77.31591528696325,0.0,0.9909921689253179,411.0442258492809,346.9295818421297,64.11464400715118,7.329321741583868,4.104676671437872,3.2246450701459963
frame_u_755.77_755.82,91.58521476067322,0.10999999999989996,-0.3283828351536824,390.512987815408,346.3883464864232,44.124641328984865,38.250420909579255,19.13035032821918,19.120070581360075
frame_paX_755.93_756.16,54.6345772822162,0.0,-0.15804075392122896,408.23530729867514,348.0115792785828,60.223728020092324,10.581176840348704,5.582092762009552,4.999084078339152
frame_tu_756.16_756.24,44.60788738872293,0.0,-0.3283828351552522,410.92358724310174,362.2310685476414,48.69251869546031,9.642026363832798,6.942087584338026,2.6999387794947722
frame_e~_756.24_756.28,45.94505682965327,0.0,-0.9422651332151398,397.83860498635124,354.29994424187186,43.53866074447939,4.5540739439719005,0.817244218475139,3.7368297254967615
frame_ta~w~_756.28_756.47,31.251490331937802,0.0,-0.5204244294842038,410.6244778378785,351.4107716277505,59.21370621012801,8.737004555082123,4.8495239027173795,3.8874806523647436
frame_foj_756.47_756.67,14.655582936969722,0.0,-0.6595654918180018,422.5007407130261,361.69910196699635,60.80163874602977,14.032369956916384,7.277085672590317,6.755284284326066
frame_fej_756.67_756.93,48.783197479437504,0.0,-0.7772159670437753,410.3477845367167,347.0230986363339,63.3246859003828,45.8895899816928,12.407335220433765,33.482254761259036
frame_tu_756.93_757.11,80.10678502529123,0.0,0.08586066982359089,408.06310678779244,351.4471150174203,56.61599177037209,1.664658010178826,0.9484240368513355,0.7162339733274905
frame_a_757.11_757.25,29.96260048658074,0.0,0.2597893998407199,412.4468424116217,357.41245014582216,55.03439226579951,6.5190647338477135,4.348725866879377,2.1703388669683363
frame_i~_757.25_757.35,28.77791691651089,0.0,0.43014130703709574,411.83553431976145,361.73576378836293,50.09977053139852,7.471328260908933,4.894180245783602,2.5771480151253314
frame_du_757.35_757.48,27.62102727986155,0.0,0.22394183814934865,408.614245518061,357.248366643071,51.365878874990074,7.652992638869904,2.159360519336701,5.493632119533203
frame_sa~w~_757.48_757.83,51.54697434410801,0.0,-0.622219938470722,409.99392646859667,339.50102897393253,70.49289749466419,63.92653836150654,32.76802281078412,31.15851555072242
frame_poX_757.83_758.0,42.65508992857339,0.0,-0.8334651820594619,413.33606124023197,356.0801573770484,57.25590386318356,71.82188461886619,28.260170641418227,43.56171397744796
frame_mej_758.0_758.42,36.90115617987598,0.0,-0.7772159670437753,414.4783720231917,333.9009358833715,80.57743613982018,12.155585593372436,8.196441852714102,3.959143740658334
frame_u_758.42_758.53,37.011936832016886,0.07000000000005002,0.5001041748008641,405.9198803770429,356.1399784096059,49.77990196743701,3.061474820135487,1.7187417792568453,1.3427330408786418
frame_dZi_758.6_759.24,46.313475626338246,0.049999999999954525,5.565075533260699,412.20155211693,312.9211346737769,99.28041744315303,80.05247817735398,63.815429817447225,16.23704835990675
frame_oR_759.29_759.46,7.985268471957028,0.0,0.5577323398741951,416.7042308476492,358.8217288356533,57.88250201199594,17.471022639190636,10.962646685282436,6.5083759539082
frame_mo~_759.46_759.78,5.651251785567425,0.0,2.328468195632182,416.4420405190713,344.0679348027119,72.37410571635945,10.45895475910065,6.420611695451427,4.038343063649222
frame_niu_759.78_760.06,14.237479536248074,0.5,-0.4965695740970928,414.7206815889956,349.4456499177668,65.27503167122882,62.32298102458691,18.638400788113657,43.68458023647325
frame_i~_760.56_760.59,92.13559175119664,0.0,-0.7045261828928706,399.07369758148474,353.6365410159442,45.43715656554053,3.2822996300780716,1.7370041794675473,1.5452954506105243
frame_Ze_760.59_760.78,92.67409511556309,0.0,0.0985029374188464,413.8977954573245,355.9016058326917,57.99618962463279,10.886867666317855,6.268517993412033,4.618349672905822
frame_ta_760.78_761.03,97.64479218511951,0.0,0.1553318614002327,413.260720180155,350.07302666705164,63.1876935131034,16.745309273246207,9.471851948846378,7.273457324399828
frame_du_761.03_761.13,100.01069511764243,0.0,-0.4664640034810099,411.42026724641977,361.2005829733859,50.21968427303386,6.2032403053478475,1.560813600510798,4.6424267048370496
frame_na_761.13_761.34,98.70042668526213,0.0,0.1553318614002327,412.462645815471,351.12037377120294,61.34227204426804,9.210614047894381,4.0136616223892645,5.196952425505117
frame_vej_761.34_761.72,103.58187167056893,0.0,-0.7772159670437753,407.6499412853302,333.4079610105674,74.2419802747628,30.941845788598727,14.666443493639704,16.275402294959022
frame_a_761.72_761.85,137.72672591768796,1.169999999999959,0.1553318614002327,391.0375973393386,340.4071797582844,50.63041758105419,5.228264825329546,3.7528399275299833,1.475424897799563
frame_a_763.02_763.05,62.38596258478545,0.0,-0.889243523005827,382.4433462690275,340.54638417383,41.896962095197466,1.9346993145708211,1.2279413735607037,0.7067579410101175
frame_dZi_763.05_763.18,15.947712651307071,0.0,-0.2875473290159945,411.9135094577259,358.9289158261252,52.98459363160072,10.690581638424902,4.669493138026027,6.021088500398875
frame_la_763.18_763.35,5.249930373979112,0.0,-0.15804075392122896,411.08948019947206,356.6026364045449,54.486843794927154,5.295796232955979,2.406974201250037,2.888822031705942
frame_ta_763.35_763.56,13.116672458173738,0.0,0.2597893998407199,410.95249217421787,352.2609082466466,58.69158392757129,13.812507976229327,8.313367094617135,5.499140881612192
frame_sa~w~_763.56_763.87,6.357127341327342,0.0,-0.011446884544668561,412.1375158414448,344.01921647919846,68.11829936224632,75.4103015655366,19.863277149016795,55.5470244165198
frame_sO_763.87_764.13,0.38203280118095506,0.0,1.1495217697699887,413.75949099286333,348.9502849489461,64.80920604391724,4.949895422544245,2.642020729690202,2.3078746928540426
frame_vej_764.13_764.62,9.4822089188078,0.0,4.039238007505622,416.44659463843334,328.2852368814419,88.16135775699144,21.312233032983627,8.90083119510399,12.411401837879637
frame_u_764.62_764.92,0.1624149336644365,0.12999999999999545,3.123646372991831,413.7009630340552,346.6108256750831,67.09013735897207,7.486289136338854,3.2373552407848365,4.248933895554018
frame_nu_765.05_765.29,16.051839583648885,0.10000000000002274,0.9143476797781375,406.4027808370297,347.04230755091965,59.36047328610999,17.194307755989527,10.063202434291043,7.1311053216984845
frame_dZi_765.39_765.83,78.4965631284176,0.0,3.265830837366241,412.83437737886914,330.81860054931303,82.0157768295561,6.009070785698995,3.565948050331272,2.443122735367723
frame_a_765.83_766.2,87.14591676084365,1.3899999999999864,2.662312783974301,409.187974645281,335.99531208885566,73.19266255642532,44.940148081766736,6.586170337116741,38.353977744649995
frame_tre_767.59_767.87,10.61276570826142,0.0,1.1931515679996125,415.57813844004227,349.08146551584736,66.49667292419491,66.32950023454228,9.812228028619998,56.51727220592229
frame_zi_767.87_768.04,23.08269753360328,0.0,0.23500828368675125,414.249044530644,356.93525447338857,57.31379005725546,7.774766507540278,3.9623033287856657,3.812463178754612
frame_dZi_768.04_768.1,20.32876446508527,0.0,-0.4965695740970928,412.87486411530455,365.08320081782153,47.79166329748301,2.66879949861395,0.8525712293411942,1.8162282692727558
frame_ow_768.1_768.28,26.817116757358022,0.0,-0.13786642109362188,411.4482164435661,356.3227888740192,55.1254275695469,11.926778135550038,4.233713561082638,7.6930645744673996
frame_tu_768.28_768.45,8.22427370234972,0.0,0.5001041748008641,416.1958882027542,358.1796370908004,58.01625111195386,19.62131727469348,11.762472352449294,7.858844922244188
frame_bru_768.45_768.6,13.279784853258931,0.4599999999999227,-0.4664640034794401,415.1861069349313,360.327921625138,54.85818530979327,4.289502047256548,1.7712002843852872,2.5183017628712605
frame_dZi_769.06_769.21,77.2984519812372,0.0,0.4440305287690377,408.6097905218017,353.80164918675155,54.80814133505015,2.7078917465540826,1.3483044613298176,1.359587285224265
frame_miw_769.21_769.33,66.2734026499619,0.0,-0.4965695740970928,412.3588877377464,361.3883008266906,50.97058691105576,2.9091836739545016,1.9751386667627742,0.9340450071917274
frame_nO_769.33_769.46,70.2038548016793,0.0,-0.2691257863888767,408.720614549037,357.3586795044072,51.36193504462983,10.794220016889753,5.574860853071968,5.219359163817785
frame_ve_769.46_769.65,86.77530467232629,0.0,-0.5582862409281198,409.7607419525203,351.9103275203254,57.850414432194896,33.903459060550304,15.197581168036507,18.705877892513797
frame_se~_769.65_769.73,101.69625114808514,0.0,-1.1172809282046323,401.15503462533144,355.07930259965804,46.0757320256734,1.9045658020925273,0.6079145333899234,1.296651268702604
frame_tus_769.73_769.93,61.85254792325719,0.0,-0.1903016668279246,406.7566250763571,351.0744630828829,55.68216199347421,3.855629739352665,1.6366968097295285,2.2189329296231364
frame_i_769.93_769.96,97.49287805517238,0.0,-0.49656957409590463,368.50353224200364,327.09611514635316,41.40741709565049,4.198370625041207,3.1353854030867723,1.0629852219544347
frame_se_769.96_770.06,60.47413510945515,0.0,-0.7772159670437753,411.5879819016944,361.7573522906934,49.83062961100097,62.12651386804432,17.089916802205877,45.03659706583844
frame_se~_770.06_770.16,32.82664254051943,0.0,-0.41721774824666225,412.1385007366107,361.2043794955523,50.93412124105839,12.549099734416856,9.277399829848832,3.271699904568024
frame_ta_770.16_770.29,8.557488593846017,1.4300000000000637,-0.7847859845653398,394.8807127386178,343.01390715906086,51.86680557955691,12.691195886303205,4.588109185187079,8.103086701116126
frame_ko~_771.72_772.12,55.575453815681826,0.0,2.583345070675065,410.6750926012368,333.4583472175978,77.21674538363902,9.08266726832477,4.634640285349633,4.448026982975136
frame_majs_772.12_772.76,70.57749384655007,1.5600000000000591,-0.889243523005827,408.3795668735953,311.1574138231003,97.222153050495,17.884498660641768,9.823214917734902,8.061283742906866
frame_ow_774.32_774.58,73.26962157667361,0.0,0.3838326496307581,411.77792917114107,347.0220023754576,64.75592679568348,10.86260398281452,3.0908081526294495,7.77179583018507
frame_me~_774.58_774.77,73.64316692512081,0.0,-0.5922335432361547,412.342002125703,352.70196027680214,59.640041848900864,2.981376690126197,1.2947635155026802,1.686613174623517
frame_nus_774.77_775.01,72.848900013989,0.0,1.0524288481038953,408.2139511072759,346.81667765179225,61.39727345548357,8.292253155694894,4.389790880692075,3.9024622750028186
frame_dEjs_775.01_775.26,72.18442614130328,0.0,-0.17219196824807478,412.0686420914483,348.6361743402863,63.432467751161994,15.072763333807131,11.38688837242124,3.685874961385892
frame_pa_775.26_775.44,83.56151937504771,0.0,-0.5758709076831778,412.6704663427761,355.2367871329512,57.4336792098249,41.55165941881444,12.147677327469964,29.403982091344474
frame_ra_775.44_775.5,114.34401304687081,0.0,-0.889243523005827,390.04789234045495,345.1313776023978,44.916514738057174,2.758702067683288,0.9726396940086701,1.7860623736746177
frame_ajs_775.5_775.6,87.49757890757836,0.0,-0.7847859845653398,390.75826835252377,342.60211096014564,48.156157392378134,130.97227198550917,102.03405512016222,28.938216865346938
frame_kwa_775.6_775.9,85.40222990153981,0.0,0.8865346304836432,412.71968173041364,345.0024223444256,67.71725938598803,43.78618657502431,10.154297875080232,33.63188869994408
frame_tru_775.9_776.15,108.38624882864474,0.6599999999999682,0.6381853431266219,393.79845336553456,332.6795749791711,61.11887838636346,6.58634585887809,3.6464058746558763,2.939939984222214
frame_ki~_776.81_777.05,64.14859213885858,0.0,0.9164273741499385,413.48768166477373,349.82033782571295,63.66734383906078,5.026169816568597,3.530994164266829,1.4951756523017679
frame_zi_777.05_777.18,70.30223174453153,0.0,-0.3920584515565436,407.13788309670497,355.21501865340093,51.922864443304036,5.642625392277807,3.695176072330554,1.9474493199472533
frame_pa_777.18_777.31,79.70562528808661,0.0,-0.889243523005827,401.66963835460336,350.9564389263207,50.71319942828268,114.21416935332141,89.23629254799765,24.977876805323767
frame_ra_777.31_777.37,78.94380409253583,0.0,-0.889243523005827,409.44161168394163,362.56986723055553,46.8717444533861,1.6952053985417592,0.7897752567242975,0.9054301418174617
frame_ajs_777.37_777.52,102.76340516140104,0.0,-0.889243523005827,389.6168516470005,338.4379664286884,51.178885218312075,20.72183876403661,12.779044697134424,7.942794066902188
frame_kwa_777.52_777.82,86.94182438357784,0.0,0.6776195536038563,410.4385702713147,344.29962979852905,66.13894047278563,34.214379017658636,15.082533366305967,19.13184565135267
frame_tru_777.82_778.05,104.24967329238817,0.5,-0.05222049850373666,393.55770854964146,333.3414665796515,60.21624196998994,7.391601213483746,3.8002249755177786,3.5913762379659673
frame_i_778.55_778.59,38.80921924604179,0.0,-0.39205845155535546,404.1899650195266,359.8168754801758,44.373089539350815,1.2129999941608958,0.6106446164803003,0.6023553776805954
frame_u_778.59_778.73,40.52427552932804,0.0,0.9143476797781375,400.2510776856845,350.10728445234975,50.14379323333475,7.356507333683808,3.684013205515768,3.67249412816804
frame_paX_778.73_779.02,42.734737405952814,0.0,0.36424693828239463,411.74765905679027,345.36922355658805,66.37843550020222,22.780636647572265,17.51413186290536,5.266504784666907
frame_tu_779.02_779.11,34.837303612320284,0.17999999999994998,-0.6045451718067677,392.855366187595,346.32357259127224,46.53179359632276,3.093251006000429,0.508580740725165,2.584670265275264
frame_o_779.29_779.34,59.56109958918435,0.0,-0.48566580157456485,401.8711390855274,357.0480120299913,44.82312705553608,0.985012422599155,0.3479445656227682,0.6370678569763868
frame_ko_779.34_779.52,52.99024567880703,0.0,-0.31176611133508186,417.43151933758276,359.12609346539085,58.305425872191904,13.476492620590946,7.876039349278912,5.600453271312034
frame_Rew_779.52_779.73,59.21194133864137,0.0,-0.7772159670437753,410.1724733568034,351.036120706827,59.1363526499764,10.75802084731039,6.434050973624252,4.3239698736861385
frame_ne_779.73_779.94,59.77781816079123,0.0,-0.12042678869432007,412.7527242777416,352.3245572822105,60.428166995531114,11.099206316602505,8.076936631114222,3.0222696854882827
frame_sa_779.94_780.12,100.9066433075705,0.0,-0.7847859845653398,412.6288618114646,354.53765406494324,58.09120774652138,3.4477501489414237,2.132649296327081,1.3151008526143428
frame_O_780.12_780.35,76.41061653632293,0.0,2.0361764923712955,408.3788615842819,349.160590248023,59.21827133625885,20.949595369892265,13.271580888742733,7.678014481149532
frame_ra_780.35_780.58,100.75876005916805,1.1999999999999318,0.7820770920443435,399.5470876455511,339.8477030671414,59.69938457840959,6.622022990977385,2.6458737263907963,3.9761492645865886
frame_la_781.78_782.2,0.8879826648560538,0.0,2.4533977070933264,417.77693700270953,336.6502531820487,81.12668382066084,57.66647771783012,20.668536195575342,36.99794152225478
frame_me~_782.2_782.26,0.5257530281417075,0.0,-1.1172809282046323,395.93524132576556,351.34923058855827,44.58601073720729,2.1658404818782344,1.1996870330095533,0.9661534488686812
frame_ta_782.26_782.49,1.2426836279412612,0.0,0.5731620151621816,417.6885616232943,354.52291325649026,63.16564836680402,9.078466223936601,3.8521769035398847,5.226289320396717
frame_vew_782.49_782.61,0.49032814782762557,0.0,-0.558286240925631,416.4067943956791,364.2255858695845,52.18120852609462,9.148242921489896,4.144251449871433,5.003991471618463
frame_me~_782.61_782.96,50.29950396770664,0.0,2.208019176599705,413.4636879990836,341.462792455661,72.00089554342264,49.564813547432706,34.60366484881851,14.961148698614195
frame_tSi_782.96_783.3,88.00565026913694,0.0,1.9071862443379142,402.136207825789,331.57651071704885,70.55969710874012,8.007674628961226,4.027165976954805,3.980508652006421
frame_u_783.3_783.59,47.29419924517724,0.0,2.985565204667643,410.9470039251476,342.9877788715156,67.959225053632,92.56432420367129,80.80771084386627,11.756613359805016
frame_mE_783.59_783.88,29.77519072841156,0.0,0.5711918594317449,415.63246637526765,348.3525799193022,67.27988645596548,30.541544944636527,10.411973282278865,20.129571662357662
frame_dZi_783.88_783.97,20.950096829825952,0.0,-0.1830362064742572,397.59096468778694,350.03867241614887,47.552292271638066,3.091358035115533,1.0924108691241088,1.9989471659914244
frame_ku_783.97_784.03,81.68631777861808,0.0,-0.6045451718067677,392.2331490009811,347.95911985660973,44.274029144371355,3.2125627214994807,1.9691759980827896,1.243386723416691
frame_ki_784.03_784.09,64.12522533709924,0.0,-0.49656957409590463,413.41174208272497,366.4020877999799,47.00965428274509,86.75693113027606,35.4024230694919,51.354508060784156
frame_a_784.09_784.13,47.5820602589544,0.0,-0.7847859845653398,398.16720939934123,352.8552372799135,45.31197211942771,10.219296849999395,5.918244992089058,4.301051857910338
frame_te~_784.13_784.37,53.673206362732174,0.0,0.9829086116712676,412.6150040640567,349.7344584676374,62.88054559641927,8.653112020284425,3.8293566477607186,4.823755372523706
frame_dew_784.37_784.7,47.24239968711956,1.5399999999999636,0.09850293742133534,412.5475543575343,342.02113041134265,70.52642394619164,63.247031663963114,19.91532096852751,43.3317106954356
frame_ki_786.24_786.33,74.16471085660494,0.0,-0.49656957409590463,411.5410273358951,362.55792943361274,48.98309790228234,48.84833660951781,26.047741873924267,22.800594735593542
frame_a_786.33_786.36,41.898642848372276,0.0,-0.889243523005827,386.88073303385045,343.21397377272984,43.6667592611206,31.526175463931907,17.095598670373846,14.43057679355806
frame_pe_786.36_786.56,47.12946742896942,0.0,0.31743266353450184,414.58366611955057,354.1314224377494,60.45224368180118,4.877628126663353,3.341562752348267,1.5360653743150863
frame_zaX_786.56_786.92,48.6646443877096,0.0,0.9909921689253179,413.83827576596417,341.13566217734046,72.7026135886237,19.42920085646894,7.462028477517762,11.967172378951176
frame_dZi_786.92_787.33,61.566237738981116,0.0,3.161319714825692,413.075043591859,334.94306538871854,78.13197820314048,12.849427584520853,8.120911418256199,4.728516166264654
frame_pro_787.33_787.58,67.95189249254257,0.0,-0.48566580157456485,412.08387914008637,348.33638472938134,63.74749441070503,58.160217558100605,33.36041144071591,24.799806117384698
frame_fe_787.58_787.74,51.0922190627262,0.0,-0.3393565148124644,412.00470676838523,355.93999096355697,56.06471580482827,9.190510142529234,5.685670005186864,3.50484013734237
frame_soX_787.74_787.99,38.20133849628061,0.0,0.03603326914981512,412.91994687926996,348.8464835158881,64.07346336338185,17.87749400143575,10.959761766469555,6.917732234966195
frame_a_787.99_788.05,46.7513871356924,0.0,-0.5758709076843653,406.6970687243811,360.18784306059365,46.509225663787504,0.9333522704321098,0.5450361371785135,0.38831613325359626
frame_sis_788.05_788.16,69.50218119593741,0.0,0.0,396.2775668017756,345.58572604175555,50.69184076002006,65.89464377523744,38.0963993212882,27.798244453949238
frame_te~_788.16_788.46,44.53025132115816,0.0,-0.49656957409590463,413.42084844226156,344.844592835527,68.57625560673455,14.029598322946896,5.338581804037375,8.691016518909521
frame_tSi_788.46_788.55,45.522966152089765,0.0,-0.2875473290159945,411.8677704658104,363.10012080122334,48.767649664587054,20.546023549165454,14.68532218710169,5.8607013620637645
frame_da_788.55_788.64,56.04149602214426,0.0,-0.6803284461248525,412.10121542459467,363.26113427302795,48.84008115156672,2.2926211534284278,1.027642472991971,1.2649786804364567
frame_fa_788.64_788.79,60.143304634684156,0.0,-0.6803284461248525,411.118154988646,357.66199072811725,53.45616426052874,1.3432896665993042,0.6909801719233428,0.6523094946759613
frame_kuw_788.79_788.89,76.64563182793607,0.0,-0.6045451718067677,405.89384891402784,356.94937202641813,48.94447688760971,50.59997776559172,30.856259479374884,19.743718286216833
frame_da_788.89_789.03,51.38592842106897,0.0,-0.36695583080339095,413.33505537623853,359.32733470374353,54.007720672495,12.15802874463482,4.096266477657792,8.061762266977027
frame_dZi_789.03_789.09,54.55824060930108,0.0,-0.49656957409590463,409.9926027250294,363.45136400650574,46.54123871852369,2.650889698363571,0.9463423685764525,1.7045473297871183
frame_dZi_789.09_789.15,53.27238720105247,0.0,-0.4965695740970928,413.7853458489743,365.5489523669297,48.236393482044605,3.246223537320901,1.6366886309354527,1.6095349063854485
frame_me_789.15_789.25,54.07274621924236,0.0,0.09850293742133534,410.7960458488137,362.1974771559743,48.59856869283942,5.217467246554051,2.8810082216286617,2.3364590249253894
frame_dZi_789.25_789.31,50.18960974630441,0.0,-0.4965695740970928,395.7963727611043,350.14991542479424,45.64645733631005,13.507453075340976,7.995581821288852,5.511871254052124
frame_si~_789.31_789.57,53.33557852422727,0.0,0.9164273741499385,415.40285811854255,350.24450229381836,65.1583558247242,49.86667451980971,13.584560335622896,36.28211418418682
frame_na_789.57_789.7,50.52813021653455,0.0,-0.8892435230046395,412.11343341851966,359.28448719580695,52.828946222712716,4.617484578976388,2.92411604428041,1.6933685346959777
frame_i_789.7_789.73,33.64254165265393,0.0,-0.4965695740970928,395.46665272182224,350.8250595363462,44.64159318547604,14.237171983678905,4.786532052669287,9.450639931009619
frame_me~_789.73_790.01,41.584008567762965,0.0,0.6328770216922827,414.4556380709834,347.8959318700878,66.55970620089562,21.463302691981113,8.976579647038363,12.48672304494275
frame_bru_790.01_790.11,43.529687085111476,0.0,-0.6045451718067677,410.6763319128069,360.7918022593093,49.88452965349762,7.163489159526776,3.159942509792373,4.003546649734403
frame_du_790.11_790.18,47.329908524644125,0.0,-0.4664640034810099,409.55607320187687,362.1253170297117,47.430756172165104,5.6970031132862715,2.65869713990854,3.0383059733777316
frame_ko_790.18_790.38,50.77036640470291,0.0,0.2099329593912751,412.8310281910192,352.55447907330256,60.27654911771663,12.421446299735905,7.470774385789014,4.950671913946891
frame_lE_790.38_790.58,61.28219221552446,0.0,0.1464011007575622,410.61102601907066,350.27877272058333,60.332253298487274,5.532074611156389,4.280790834782479,1.25128377637391
frame_Ziu_790.58_790.89,68.06947420029587,0.09000000000003183,-0.07852508393370804,401.0686147224543,333.99850248741416,67.07011223504014,47.869472424202286,19.17140223839496,28.698070185807325
frame_i~_790.98_791.09,29.56650620240353,0.0,0.5922366627413767,413.71579741720075,362.3018943242082,51.41390309299254,8.511201875247849,4.13188527030222,4.379316604945629
frame_teR_791.09_791.25,36.554666107936086,0.0,-0.558286240925631,414.7554759256941,358.3254410045714,56.43003492112274,11.082583615534745,5.999213864609672,5.083369750925073
frame_na_791.25_791.42,42.95616812582931,0.0,-0.1580407539224165,413.02604068944595,355.9980273971718,57.028013292274125,10.028156895263436,6.876570807545278,3.151586087718158
frame_si_791.42_791.52,80.14770722150625,0.0,-0.4965695740970928,400.04228124857985,350.7909653027128,49.25131594586708,13.506845406719286,6.628273902250967,6.878571504468319
frame_o_791.52_791.58,40.29703150406934,0.0,-0.3117661113331049,412.76897919688895,364.8128086955604,47.956170501328586,5.594208560263027,3.5623026036421237,2.0319059566209035
frame_naw_791.58_791.82,51.76605552982832,0.0,-0.4714133692426906,408.97636046217383,348.3844585673123,60.59190189486151,11.268781568129981,5.414868326000288,5.853913242129693
frame_dZi_791.82_791.89,54.00428857418957,0.0,-0.3920584515565436,405.25118751229377,359.1731818590623,46.07800565323146,0.6053346155364068,0.44762466076745966,0.1577099547689471
frame_si_791.89_792.07,72.77413129591903,0.0,-0.28754732901480634,406.12098891594434,350.27238577879183,55.84860313715251,36.176525999247694,24.895454210174123,11.281071789073572
frame_ruR_792.07_792.21,39.86976048176133,0.0,-0.05222049850373666,410.4213480743265,356.4700259292615,53.95132214506498,4.648744907667691,1.2033865939982462,3.445358313669445
frame_Zi_792.21_792.31,38.50647980774066,0.0,-0.0785250839348962,409.44616451382046,359.8139455575955,49.63221895622496,5.6835373603283585,3.128966371907751,2.5545709884206076
frame_o~j~s_792.31_792.63,11.978178725129268,0.0,0.5443300703421425,411.04933751584804,341.3656645421322,69.68367297371583,26.649462992145487,11.726477975524162,14.922985016621325
frame_na~w~_792.63_792.76,22.355430164686084,0.0,-0.8258109564460732,410.7897846979983,358.7730646406967,52.0167200573016,23.137450009254096,15.443069407943256,7.69438060131084
frame_pa_792.76_792.91,30.286387266684898,0.0,-0.5758709076843653,410.968839636681,357.1337376604121,53.8351019762689,12.62566257085949,9.902967425431186,2.722695145428304
frame_sa_792.91_793.11,27.94074520889282,0.0,-0.4714133692426906,413.8436054863747,353.2039018626063,60.63970362376841,3.263455913129505,1.5334473646045836,1.7300085485249213
frame_va_793.11_793.27,25.778417066701962,0.0,-0.15804075392122896,412.5674442989018,356.84674934022496,55.7206949586768,5.877747057219906,1.4278609438658378,4.449886113354069
frame_du~_793.27_793.49,30.571783121199815,0.0,0.3731374862892647,412.3028489088651,350.9191294215174,61.38371948734766,19.701608486626398,8.799882602920277,10.90172588370612
frame_vi_793.49_793.61,38.193036219081506,0.0,-0.1830362064742572,415.23138141907293,362.204237944194,53.027143474878926,4.690226444479961,3.5084648812506884,1.1817615632292728
frame_ga_793.61_793.79,41.164635326297,0.0,0.05087432295974547,414.8428525191919,356.2671279590015,58.575724560190395,6.189229710971404,2.6193939655225336,3.56983574544887
frame_ris_793.79_794.08,36.08502900349386,0.0,0.653052773850136,411.47126260556854,345.2076326568399,66.26362994872869,19.356785791262297,8.954679115120044,10.402106676142253
frame_ta_794.08_794.19,79.8296723445167,1.0,-0.7847859845641523,392.52315579554084,344.3555983917394,48.167557403801425,14.302493717512291,6.895287731674372,7.407205985837919
frame_du~_795.19_795.36,28.67326815499962,0.0,0.01026311357188753,403.75464034105903,349.53882257298466,54.21581776807437,8.232006438465675,4.403331899559163,3.8286745389065118
frame_SaX_795.36_795.56,42.36864619254577,0.0,-0.36695583080339095,411.7956752774704,351.54886085777537,60.246814419695056,16.86103374172562,13.273550062796247,3.587483678929374
frame_la_795.56_795.71,43.73058354618924,0.0,-0.4714133692426906,411.99959166271344,356.91270517902655,55.0868864836869,6.240318445539401,4.225558076399565,2.014760369139836
frame_ta~w~_795.71_796.14,29.966373970878507,0.9600000000000364,-0.2150379025200197,412.5365944059643,334.43392758370203,78.10266682226228,14.912027997213428,8.981374570887084,5.930653426326344
frame_e~_797.1_797.27,11.44613991470743,0.0,1.3329402016502527,406.7268221974596,354.807684909654,51.919137287805654,5.352234747191602,1.691460692724874,3.660774054466728
frame_ta~w~_797.27_797.71,1.6358956140366985,0.2699999999999818,1.6172812592592978,413.09188825654843,332.4650004242634,80.62688783228504,15.023025183948903,6.844351158322766,8.178674025626137
frame_ko~_797.98_798.16,34.92239379554282,0.0,0.034576320257825345,416.00339325917855,357.13231037370736,58.87108288547125,7.998995237585973,4.256877771092334,3.7421174664936387
frame_mu_798.16_798.22,29.331054698815663,0.0,-0.6045451718067677,413.5286370474872,365.8290978614107,47.699539186076606,0.5508105526222238,0.2742163658889467,0.27659418673327707
frame_u_798.22_798.36,33.59513076037523,0.0,0.9143476797781375,403.0000571952554,351.8317409765475,51.1683162187079,8.75620470919445,5.2157537381990835,3.5404509709953658
frame_paX_798.36_798.65,50.088401158570946,0.0,0.36424693828120713,413.85831185521323,348.54646772355676,65.31184413165647,18.566677317730694,12.366048261301245,6.200629056429449
frame_tu_798.65_798.76,83.5587064917586,0.0,0.08586066982359089,395.01115256409605,344.82623390121995,50.1849186628761,10.343100893135258,6.898825762587805,3.444275130547453
frame_foj_798.76_799.03,60.413667784285366,0.0,0.3838326496327351,411.26303527496464,346.3389814544085,64.92405382055614,43.24762754983648,14.34971414189701,28.89791340793947
frame_ajs_799.03_799.28,63.72548066135303,0.4800000000000182,-0.5758709076831778,403.5563104042994,341.40018994178854,62.15612046251084,108.18993243660151,79.73700697365527,28.45292546294624
frame_majs_799.76_799.98,44.34368550252046,0.0,-0.36695583080339095,412.8704076721484,352.64487116155567,60.22553651059275,10.024687066028463,2.4826621260772725,7.54202493995119
frame_ow_799.98_800.04,48.335891123872,0.0,-0.8334651820594619,411.3174490809453,363.3073389086959,48.010110172249426,8.305483332394545,4.810485900381323,3.4949974320132213
frame_me~_800.04_800.18,51.65693580007195,0.0,-1.1172809282046323,413.1431689095345,358.6748034737232,54.46836543581128,3.0135445106280514,1.2191859769651359,1.7943585336629155
frame_nus_800.18_800.37,62.169289541403884,0.0,-0.3283828351552522,411.115435104894,353.8439445869479,57.27149051794612,40.81870491160705,12.27507861016494,28.54362630144211
frame_kwa_800.37_800.61,22.02320041914743,0.0,0.2597893998407199,414.3955981844728,353.2880171434161,61.10758104105673,12.68637212615262,7.306604988954632,5.379767137197987
frame_tru_800.61_800.75,35.046089993674826,0.0,-0.6045451718067677,412.74559385070665,358.3775849532218,54.368008897484856,5.437611765098623,2.23647955551246,3.201132209586163
frame_O_800.75_800.91,51.216486718585244,0.0,0.7948598807302724,410.45498909306855,356.0502692658763,54.40471982719225,14.281104363840697,5.878078160337736,8.40302620350296
frame_ras_800.91_801.06,54.44735833481637,0.0,-0.26249829236290373,408.9734498141147,355.4623755685004,53.51107424561428,7.00720376711871,1.6979077197557757,5.309296047362935
frame_da_801.06_801.19,46.784193908545234,0.0,-0.2624982923617162,410.31123568773336,358.3051971665011,52.006038521232256,3.852962113634277,2.2930817021118486,1.5598804115224283
frame_taR_801.19_801.58,44.51612096503992,0.0,1.1999072458051048,410.7998787145602,336.3627656498077,74.43711306475245,76.71557539029054,27.601597727114736,49.1139776631758
frame_dZi_801.58_801.69,79.78527132494774,0.0,-0.07852508393370804,393.7274268216398,345.18790894152335,48.53951788011648,40.666672155885806,27.892825326012556,12.77384682987325
frame_O_801.69_801.72,93.98116765855688,0.0,-1.5104423980299,382.4765490127541,339.28005968957706,43.19648932317705,0.5166653640283059,0.33785110209890945,0.17881426192939642
frame_ra_801.72_802.03,31.9772750842439,0.0,1.7221949380087285,417.2625810533493,347.9796829684322,69.28289808491712,67.80593309922881,16.085799937221452,51.72013316200735
frame_ki_802.03_802.11,25.695973871796497,0.0,-0.4965695740970928,411.75749979047094,362.8969415712308,48.86055821924015,18.9209536685986,7.095307570793523,11.825646097805077
frame_e_802.11_802.14,42.89844335050732,0.0,-0.7772159670437753,393.8592075144071,351.60443882278577,42.25476869162134,2.7463073519364514,1.6486267407697852,1.0976806111666662
frame_li_802.14_802.2,40.95773246391414,0.0,-0.49656957409590463,411.20294494136175,364.84372181061923,46.35922313074252,2.7377901546730214,1.2786159504684491,1.4591742042045723
frame_es_802.2_802.32,37.30277019733522,0.0,-0.7772159670437753,396.31854851208334,346.53478840432706,49.78376010775628,131.80451694758483,76.45571508134769,55.34880186623715
frame_ta_802.32_802.5,44.589185602271925,0.0,-0.05358321548074174,413.376032620357,355.28667047663794,58.089362143719086,11.234915118613728,5.46351158341821,5.7714035351955175
frame_va_802.5_802.69,55.47652309032867,0.0,0.05087432295974547,408.8315349364858,351.92259270601,56.908942230475816,2.5178850812123414,1.3524547944889491,1.1654302867233923
frame_ko~_802.69_803.4,51.58453025393794,1.4200000000000728,6.5339366338201925,411.1053769227959,304.526886021902,106.57849090089388,30.158722553815537,16.66964352658202,13.489079027233515
frame_u_804.82_804.85,,0.12999999999999545,-0.6045451718067677,370.80628856813735,330.3208290969302,40.48545947120715,2.1597404840744545,1.4785361271181756,0.6812043569562789
frame_ko~_804.98_805.15,33.94531365054934,0.0,0.034576320257825345,412.481180950928,356.79245757226386,55.68872337866412,3.447501592274179,1.887604452447178,1.559897139827001
frame_suw_805.15_805.35,37.00736023749393,0.0,-0.6045451718067677,411.6379367231517,353.5855601039019,58.0523766192498,66.18977365416623,14.392933504465233,51.796840149701005
frame_tO_805.35_805.53,48.904548666570875,0.0,-0.2691257863888767,414.03647892171637,356.7188908276687,57.31758809404772,9.88207304082131,6.577452222181435,3.304620818639876
frame_riu_805.53_805.62,44.61376576677917,0.0,-0.49656957409590463,413.17644758591587,363.8691739532243,49.30727363269165,2.2586022424262353,1.232163192394225,1.0264390500320104
frame_Sej_805.62_805.95,6.752090738493479,0.0,1.1931515679996125,418.44309833859285,345.47746015565866,72.96563818293419,63.572590723407444,21.920240450255164,41.65235027315228
frame_u_805.95_806.17,37.50461867681989,0.6299999999999955,2.0189970263841994,410.37885032139434,350.5273935464535,59.8514567749408,4.100209283642073,2.028113421402651,2.072095862239422
frame_u_806.8_806.86,27.160210283967828,0.0,-0.1903016668279246,408.2051914120048,362.35871110784075,45.84648030416406,10.2319555402958,5.163792589929457,5.068162950366343
frame_ki_806.86_807.01,9.542225201685966,0.0,-0.4965695740970928,417.20522799244617,363.1913568804352,54.013871112010975,29.58412962481117,16.307401646837434,13.276727977973735
frame_e_807.01_807.05,3.061897597685231,0.0,-0.5582862409281198,408.3208806947426,365.5360070521604,42.78487364258217,9.726605720032154,4.85784371276614,4.868762007266014
frame_li_807.05_807.16,6.835715805261827,0.0,-0.2875473290159945,419.47587432545674,367.081867575342,52.39400675011467,14.908133405402737,8.762066080163606,6.14606732523913
frame_fejs_807.16_807.82,37.00962738888843,0.75,1.4120812941177567,415.6798036383653,315.452133873517,100.22766976484826,79.35596037465372,43.81180083971087,35.54415953494285
frame_e_808.57_808.82,17.169862614046437,0.0,4.039238007505622,415.5221077931435,350.08211000935603,65.43999778378748,7.314538928511666,2.0372863933153127,5.277252535196354
frame_li_808.82_809.15,13.51106557801738,0.44000000000005457,1.3846306316339803,411.60380488053426,343.2494026022855,68.35440227824876,158.2056477554676,105.39300772202805,52.81264003343956
frame_fejs_809.59_809.88,15.965041325533932,0.0,0.5363623896501573,413.29230977883225,346.3712798808213,66.92102989801094,59.39866347240535,14.214896628653975,45.18376684375138
frame_u_809.88_809.99,4.165967499022216,0.0,0.5001041748008641,405.38781719137404,355.2211592976338,50.16665789374025,3.362964343784938,2.3115391322820784,1.0514252115028597
frame_paX_809.99_810.57,18.138009845863863,0.0,1.8266524764492156,412.36032020385784,320.484025914443,91.8762942894148,87.92191586360185,43.72468846687856,44.19722739672329
frame_tu_810.57_810.63,58.05941702277227,0.44000000000005457,-0.6045451718067677,404.38560193452975,358.3886043781201,45.99699755640967,13.548239885201554,9.30515726021057,4.243082624990983
frame_fejs_811.07_811.41,86.57880643672725,0.0,1.1931515679996125,413.99762368034334,341.1030356075641,72.89458807277924,41.013701455396,12.219335079629204,28.7943663757668
frame_a_811.41_811.98,42.482204329497335,0.4399999999999409,4.75146355278642,409.3459962730344,318.88119320470344,90.46480306833098,619.9039582819161,460.7653200926811,159.13863818923497
frame_u_812.42_812.48,8.364695584575358,0.10000000000002274,-0.1903016668279246,396.24158675995875,352.3807349046558,43.86085185530294,26.604898588279255,15.597495524035025,11.00740306424423
frame_kOX_812.58_812.94,98.71732233186026,0.0,0.7948598807322884,407.80562008389205,337.24304941337124,70.56257067052081,35.6720225097225,11.973671263480412,23.69835124624209
frame_tSi_812.94_813.05,124.15500469925625,0.0,-0.4965695740970928,389.4017289563361,341.27261028218174,48.12911867415437,2.579538617374112,0.9651863127180036,1.6143523046561086
frame_noR_813.05_813.32,87.45039683734477,0.0,-0.13786642109362188,410.12095850955205,345.8624718414508,64.25848666810123,7.603854342413939,3.480023529136645,4.123830813277294
frame_maw_813.32_813.69,89.88302796334935,0.8299999999999272,0.05087432295974547,410.5434223419332,337.84021907643904,72.70320326549415,16.48001627341813,5.183306844470366,11.296709428947764
frame_ki_814.52_814.66,101.51050117345204,0.0,-0.18303620647544533,410.9016849685781,356.59683362407037,54.30485134450771,2.4950167974895407,0.6370509463370908,1.85796585115245
frame_fa_814.66_815.0,62.7384866014246,0.0,0.36424693828120713,410.7258514527998,339.8493383253079,70.87651312749193,6.67906861286761,4.493442829513626,2.1856257833539843
frame_ze~j~_815.0_815.17,69.0874272875762,0.0,-1.1172809282046323,410.4031037622583,354.0769301564909,56.326173605767394,7.061572286765454,4.830020792139038,2.231551494626416
frame_nu_815.17_815.28,63.6654620433536,0.0,-0.1903016668294944,408.0301362779354,358.3701165524924,49.66001972544308,13.051543532266962,10.408963104270228,2.6425804279967338
frame_pe_815.28_815.46,66.96684449089881,0.0,-0.12042678869432007,414.3434403118394,356.84904307740896,57.49439723443044,59.42454310674328,29.349100149342377,30.075442957400902
frame_ri_815.46_815.52,39.42094854086163,0.0,-0.4965695740970928,414.95678306890164,367.31148600791226,47.64529706098938,1.3388310622845978,0.5458849952529619,0.792946067031636
frame_neu_815.52_815.74,16.821911971704623,1.240000000000009,-0.7772159670437753,415.85319826180825,354.57117337225714,61.28202488955111,49.49980737984774,14.614087872912563,34.885719506935175
frame_de_816.98_817.06,5.732584789522718,0.0,-0.3393565148124644,410.77408499844944,365.1019272160602,45.67215778238926,6.735947643489482,4.330209426843368,2.405738216646114
frame_pojs_817.06_817.52,3.167589190302863,0.07000000000005002,0.2099329593912751,416.51650326187587,334.2886969696784,82.22780629219744,9.798522044745795,4.038647096891623,5.759874947854172
frame_a_817.59_817.68,3.5812291346932597,0.0,-0.26249829236290373,415.3602421543749,365.3573953812634,50.00284677311146,9.732502493784665,5.0274343081075585,4.705068185677106
frame_gra_817.68_817.98,7.515662082031653,0.0,1.3043647842467796,416.1923265637266,347.4241831247677,68.76814343895893,13.211213840737727,6.125345705466714,7.085868135271014
frame_fi_817.98_818.22,61.64089157673655,0.0,-0.4965695740970928,393.9359342920066,333.25712837810886,60.67880591389775,29.470096731769885,22.041149749076638,7.4289469826932475
frame_ki_818.22_818.28,50.0560349171968,0.5600000000000591,-0.4965695740970928,392.09548260584995,347.17925541226714,44.91622719358281,14.577409640461035,7.169814381725132,7.407595258735903
frame_e_818.84_818.87,26.39086865817687,0.0,-0.7772159670437753,391.35704106044585,347.53257789294764,43.82446316749821,18.37659620754711,11.336791671882366,7.039804535664743
frame_si_818.87_819.03,58.58713146049017,0.0,-0.2875473290159945,414.49171728193033,358.36584415197257,56.12587312995777,61.53669199451911,35.01533699231864,26.521355002200472
frame_po~_819.03_819.3,37.731840741358624,0.0,0.16201475777854243,413.88407547558677,348.51971144238723,65.36436403319954,59.82089483919748,13.853255723816773,45.967639115380706
frame_tu_819.3_819.44,85.29544633103377,0.0,-0.4664640034794401,396.6076676756304,343.8840688587039,52.72359881692648,1.3163271203308966,0.6562660707113679,0.6600610496195287
frame_me_819.44_819.67,27.566550495770258,0.0,0.5363623896501573,414.57358859618176,353.1120686715083,61.46151992467344,12.25947642721745,5.593590508044159,6.6658859191732915
frame_ta_819.67_820.01,61.01677046137485,0.0,0.6776195536026688,414.1253840389332,340.09363377461074,74.03175026432245,34.510902050343525,11.316654716403136,23.19424733394039
frame_li_820.01_820.16,51.753636707746466,0.0,0.025986038605652958,411.74984242661424,357.31755597481583,54.43228645179846,3.4174667484196988,1.593118830975925,1.8243479174437738
frame_ku_820.16_820.44,85.33607703096035,1.3199999999999363,0.3620230064751064,407.65583320161943,342.8421712188753,64.81366198274412,7.247232852063149,3.527119160922865,3.720113691140284
frame_sa~w~_821.76_821.94,48.65170257346669,0.0,-0.215037902521177,411.8154791779613,352.9132018494558,58.902277328505534,13.167221198872028,7.5427015322607645,5.624519666611263
frame_u~_821.94_821.99,42.08546427245257,0.0,-0.4977610082332655,409.54036984922215,363.3797081277984,46.160661721423764,0.6042202239533054,0.44543325134348777,0.15878697260981767
frame_mas_821.99_822.19,47.4791134689314,0.0,-0.2624982923617162,410.94140602642415,351.6131111953541,59.328294831070025,15.39150975643561,8.935084432294957,6.456425324140653
frame_la_822.19_822.49,44.21602081826964,0.0,0.7820770920443435,411.10452020742036,344.13193462658074,66.97258558083962,7.534762848728093,3.614277728776159,3.920485119951934
frame_tSi~_822.49_822.65,11.271842001167045,0.0,0.10595059562669112,416.805266943421,359.5727295126288,57.23253743079215,154.58873293275872,60.87368250334151,93.7150504294172
frame_Jas_822.65_822.85,30.04068864610872,0.0,-0.7847859845653398,412.84175401230846,354.42804469356594,58.41370931874252,9.010686712903166,5.130040291718359,3.8806464211848066
frame_ki_822.85_822.94,58.35935076278476,0.0,-0.49656957409590463,411.5230742017355,362.81338464157955,48.70968956015594,66.10084342819277,38.834485479101616,27.26635794909115
frame_e_822.94_822.97,33.5125459114294,0.0,-0.7772159670437753,398.34546249398824,353.20768465061883,45.137777843369406,2.9460071555477896,2.031561417532103,0.9144457380156865
frame_li_822.97_823.09,25.72294398536846,0.08999999999991815,0.02598603860684111,411.7855600118423,360.7931093595893,50.992450652252955,12.736990161049334,6.894237014841991,5.842753146207343
frame_po~j~_823.18_823.39,19.201154857293815,0.0,0.16201475777854243,411.9627370654871,352.2529523067452,59.70978475874182,8.265438410826519,4.869081154150351,3.3963572566761684
frame_pa_823.39_823.53,68.53526820645621,0.0,-0.889243523005827,409.76015454580806,356.9746823514301,52.785472194377974,1.4830091705216546,0.78542762028232,0.6975815502393345
frame_ra_823.53_823.81,16.617880317018447,0.6700000000000728,1.304364784245592,410.38191952605564,345.38615412814283,64.99576539791275,14.315930014469657,9.082285943192943,5.233644071276714
frame_se_824.48_824.66,57.71055015524128,0.0,-0.3393565148124644,414.8551701370096,356.2726919288624,58.58247820814722,56.55051043631483,31.28964062705728,25.26086980925755
frame_gu_824.66_824.79,28.0668454059995,0.0,0.3620230064735366,412.6045856858711,359.4491057171667,53.15547996870441,2.963038493673494,1.1007800164836965,1.8622584771897976
frame_raX_824.79_825.0,40.58541194680896,0.0,-0.15804075392122896,410.49535972414367,351.4444994368482,59.05086028729545,21.339123609368983,14.403968475691414,6.9351551336775685
frame_a_825.0_825.06,34.53886028860241,0.0,-0.5758709076843653,393.40544934576457,349.27062300294546,44.13482634281911,10.370841085333197,5.679353288693122,4.691487796640075
frame_kaR_825.06_825.37,95.69051157102987,0.0,0.7820770920443435,412.2267365105523,342.902692437739,69.32404407281331,604.143248907211,442.7467432803177,161.39650562689332
frame_ni_825.37_825.43,33.56911338771998,1.4600000000000364,-0.4965695740970928,388.86664357020027,344.8536979116652,44.01294565853499,11.39996685597842,3.820170065911256,7.579796790067164
frame_i_826.89_827.02,7.506472303099514,0.0,0.5485416513095869,410.9771325904731,359.79968916287,51.17744342760312,7.17857816550449,2.920845670973577,4.257732494530913
frame_tSi_827.02_827.19,5.872878439674565,0.0,-0.07852508393370804,419.1341729872072,361.38624917055745,57.747923816649745,110.26842072185403,37.63234821598343,72.6360725058706
frame_row_827.19_827.38,2.9226759036668994,0.0,0.3838326496327351,416.5658608503428,358.31760149675733,58.24825935358541,8.53398864709699,4.512863260377131,4.021125386719859
frame_si~_827.38_827.63,16.331490746106113,0.0,0.10595059562853394,418.2826818214997,354.17525315977963,64.10742866172006,38.676048915705906,26.025877025658076,12.65017189004783
frame_ku_827.63_827.75,1.767109716860105,0.0,-0.4664640034810099,415.866406194815,364.1007106629753,51.765695531839754,135.33431850918535,64.39739046736626,70.93692804181907
frame_dZi_827.75_827.84,5.7463600836643565,0.0,-0.49656957409590463,416.3344157816777,366.478903420794,49.85551236088372,1.5546889076371286,0.6891064928553021,0.8655824147818265
frame_as_827.84_827.97,7.216980139878132,0.0,-0.15804075392122896,416.29504806922756,363.7008984568968,52.59414961233074,10.580710662223709,4.91980820050091,5.660902461722799
frame_de_827.97_828.05,4.044452325012003,0.0,-0.3393565148124644,414.02864695812775,366.40624895580345,47.6223980023243,2.086191118350726,0.986027287046781,1.100163831303945
frame_pojs_828.05_828.37,1.4903809309422655,0.0,0.0360332691478381,414.0968056921837,345.29469134407316,68.80211434811054,8.551339366417977,2.97118487271608,5.580154493701897
frame_ma~_828.37_828.51,1.7777296830804374,0.0,-0.011446884544668561,413.68131102135504,360.18862918677553,53.492681834579514,10.981108498708778,5.648810170376649,5.332298328332129
frame_dow_828.51_828.62,1.5880442542457587,0.0,-0.8334651820574849,415.4194041583695,363.6313728029772,51.78803135539232,9.364981472460059,4.53252067313629,4.832460799323769
frame_mi~_828.62_828.68,3.4427950860913796,0.0,-0.7045261828947134,413.7881342218241,367.0298105969403,46.758323624883815,0.9990645007168126,0.6033776295139575,0.3956868712028552
frame_Ja_828.68_828.78,10.090825156782287,0.0,-0.47141336924387817,412.6543137041125,362.3389680757989,50.315345628313594,4.98064512291171,3.6886614298740312,1.291983693037679
frame_se_828.78_828.84,58.43908969996966,0.0,-0.7772159670412863,395.90294678619074,350.5402288879505,45.36271789824025,16.49653872360812,11.067809768250527,5.428728955357592
frame_Jo_828.84_828.92,11.406110385143293,0.0,-0.4856658015765419,414.3254131633462,365.23133231855263,49.09408084479355,2.762861452911366,1.0796988279352462,1.68316262497612
frame_ra_828.92_829.03,12.149707229736336,0.0,-0.47141336924387817,413.06074082452255,363.3458969499368,49.71484387458577,26.011601628813608,16.17773459190134,9.833867036912267
frame_pa_829.03_829.1,28.579101114062553,0.0,-0.889243523005827,397.49142847295633,350.5030350287091,46.98839344424721,40.76858071532985,23.330657144990056,17.43792357033979
frame_ra_829.1_829.2,8.845304068916462,0.0,-0.4714133692426906,412.3890118000794,362.64336727946704,49.74564452061236,29.848880274239903,21.364471570951494,8.484408703288409
frame_ka_829.2_829.44,54.68818856020924,0.0,0.15533186140142022,406.6295375727059,346.8522476748627,59.77728989784316,43.7463335027194,28.72632674800782,15.02000675471158
frame_za_829.44_829.76,65.99632239210341,1.2100000000000364,0.782077092043156,396.8865147821231,327.90801619712124,68.97849858500183,6.7091161513352375,2.7376939533981997,3.971422197937038
frame_ne_830.97_831.13,10.498027636802107,0.0,-0.120426788696809,418.1138881381752,360.89186518005573,57.22202295811945,23.58703905870469,7.7923015819979184,15.794737476706771
frame_sa_831.13_831.22,67.7096320122096,0.0,-0.5758709076831778,399.9372333271963,351.01720415151703,48.92002917567925,0.4168529842056401,0.24907712427638273,0.16777585992925736
frame_o_831.22_831.26,12.632099944842508,0.0,-0.6595654918180018,415.8639510690815,370.5041103704942,45.359840698587334,11.886759341997191,5.160503351140505,6.726255990856686
frame_ka_831.26_831.52,1.2617905105911262,0.0,0.4687044767216943,416.21960207758747,352.6723284279079,63.54727364967954,27.143427254144598,12.856983160928607,14.28644409321599
frame_zi_831.52_831.62,8.450913181508525,0.0,-0.4965695740970928,415.4937113466366,364.3926432762677,51.10106807036891,1.018565098755488,0.6442582549361617,0.3743068438193262
frame_a~w~_831.62_831.94,5.420237726647812,1.3199999999999363,1.311894732296271,414.1097133603915,345.0930031520224,69.01671020836909,14.792066137468524,5.042508688020035,9.749557449448488
frame_mi~_833.26_833.32,14.723365384911247,0.0,-0.7045261828928706,427.2598595225463,378.66769285524083,48.59216666730549,3.432784266873469,1.290525630335921,2.142258636537548
frame_Ja_833.32_833.69,20.924700111778535,0.0,2.348940168652839,414.1053325650097,340.3351898088621,73.7701427561476,16.703494327652905,5.775356432605179,10.928137895047726
frame_sO_833.69_833.94,25.7073359251454,0.0,-0.0917948418690185,416.1419220591375,352.0908842985111,64.05103776062646,6.673423533259935,3.9927940490662337,2.6806294841937017
frame_gra_833.94_834.13,16.730394240788655,0.0,0.05087432295974547,414.72863524927226,355.39816793819733,59.330467311074926,19.859740575956295,9.21119844194564,10.648542134010654
frame_vej_834.13_834.39,29.118778944264847,0.0,0.7552921157658127,415.74824204195,350.4346365537896,65.31360548816048,17.76445152492684,12.91666743005112,4.8477840948757205
frame_u_834.39_834.45,35.42192971384782,0.0,-0.1903016668279246,405.61742288572015,360.26443251195616,45.35299037376399,4.639524632670216,2.7447530664585997,1.8947715662116167
frame_fi_834.45_834.65,42.494330312532156,0.5500000000000682,-0.18303620647544533,400.2804191505471,343.40584917960166,56.87456997094546,50.2286770897969,19.995145474282793,30.23353161551411
frame_doR_835.2_835.34,10.71991021267064,0.0,-0.13786642109362188,414.896622652303,359.4144222781712,55.48220037413182,96.60252250583056,75.61208307026905,20.990439435561512
frame_miX_835.34_835.5,36.978215564324714,0.0,-0.4965695740970928,412.5163376095492,357.800366402906,54.715971206643246,4.230522638051269,2.7261936191512888,1.5043290188999805
frame_e~j~_835.5_835.56,66.26957573420768,0.0,-1.1172809282046323,413.72975698067705,366.054270384393,47.67548659628403,12.864199951898513,6.203025013302323,6.66117493859619
frame_mi~_835.56_835.72,19.204670629227977,0.0,-0.7045261828947134,414.5362694523539,358.91331035406625,55.62295909828765,19.594842743596857,8.173669368232382,11.421173375364475
frame_Ja_835.72_835.83,19.599962380954835,0.0,-0.4714133692426906,411.86468068873864,361.0159065411282,50.84877414761053,12.221977853448081,8.339588042841172,3.8823898106069095
frame_ka_835.83_836.11,24.002753153085663,0.0,0.4687044767216943,413.29103259732443,348.019054008273,65.27197858905146,62.20747232940712,18.35277720647143,43.85469512293569
frame_za_836.11_836.17,21.33929251612645,0.0,-0.889243523005827,411.3396396316906,363.47318003872056,47.866459592970045,2.2998104196329194,1.3630243013060266,0.9367861183268928
frame_e_836.17_836.2,26.008761598622556,0.0,-0.7772159670412863,391.962888927664,348.7980186043524,43.16487032331156,2.7683876819731665,2.1687855129636517,0.5996021690095148
frame_za_836.2_836.35,18.71007449947824,0.0,-0.2624982923617162,411.15463134223535,358.9123720995332,52.24225924270223,6.396308364805009,3.762899114848068,2.633409249956941
frame_ta_836.35_836.48,35.45479931503361,0.0,-0.7847859845653398,411.5960651197867,359.21252197448376,52.38354314530295,71.77206781710017,32.59628402104457,39.1757837960556
frame_me~_836.48_836.68,21.1555793281986,0.0,0.10782963672181532,409.96123781060885,353.54118705788187,56.42005075272698,16.00845035270558,10.651101857571575,5.357348495134005
frame_tSi_836.68_836.74,58.945601080735344,0.0,-0.4965695740970928,394.79409496852526,350.0966671028797,44.69742786564558,25.875273869011693,12.322980410820165,13.552293458191528
frame_pa_836.74_836.87,21.509172306838806,0.0,-0.5758709076831778,410.44988405093994,358.4602103094547,51.98967374148526,73.83527283702455,19.64899704858331,54.18627578844124
frame_ra_836.87_836.93,72.53256410958903,0.0,-0.889243523005827,392.3328001873362,346.61438148727575,45.718418700060454,2.6160141811388726,1.5313772793758602,1.0846369017630124
frame_fa_836.93_837.04,16.164352399913724,0.0,-0.36695583080339095,411.8556068426448,361.7271431605966,50.12846368204822,4.044380305091039,1.688759872846262,2.355620432244777
frame_zeX_837.04_837.22,14.387919030006842,0.0,-0.120426788696809,413.41718491975564,357.0440482838768,56.37313663587878,26.456220562575382,17.78103869379784,8.675181868777543
frame_a_837.22_837.3,70.92181879384984,0.0,-0.36695583080339095,393.1228152195721,346.52148549121824,46.601329728353846,8.02137517548514,2.6537664296128014,5.367608745872339
frame_paX_837.3_837.51,31.03528413094712,0.0,0.05087432295974547,408.22348542837,353.1519013589385,55.07158406943148,14.103922843232056,7.518833411133912,6.585089432098144
frame_tSi_837.51_837.64,25.00554274959461,0.0,0.13049716114739027,412.6783237350691,359.43364021248357,53.24468352258555,6.693116241560503,3.032300587932582,3.660815653627921
frame_dZi_837.64_837.7,12.662634726649827,0.0,-0.49656957409590463,408.61903914725093,363.7454514302661,44.873587716984844,7.162071729066568,3.66326098353656,3.498810745530008
frame_i_837.7_837.79,16.785777910287976,0.0,0.1304971611462021,411.71423292304655,363.0349634230701,48.67926949997644,9.623605676498073,5.081495425163737,4.542110251334336
frame_Zi_837.79_837.93,24.32160686976809,0.0,-0.4965695740970928,415.7273388627864,360.9453055326766,54.782033330109755,13.545837240311727,5.814274126162147,7.73156311414958
frame_e_837.93_837.97,18.509792696265677,0.0,-0.558286240925631,427.48253890484347,380.85325291928956,46.629285985553906,0.3388928558721318,0.19354601983519615,0.14534683603693566
frame_ni_837.97_838.3,30.170658591379166,0.0,-0.0785250839348962,413.6667617444846,342.0523508981376,71.61441084634697,23.541115703332167,13.102462982531222,10.438652720800945
frame_paX_838.3_838.59,5.8193226386420065,0.0,-0.26249829236290373,410.29226523512637,344.1537228049831,66.13854243014327,96.6032530688058,60.807466766288,35.7957863025178
frame_tSi_838.59_838.68,46.047814211504075,0.0,-0.3920584515565436,403.7796253832514,354.48520431001083,49.294421073240585,14.984924634853996,4.516284640308655,10.468639994545342
frame_dZi_838.68_838.75,66.35294905494973,0.0,-0.4965695740970928,409.13040261069045,362.5248933204682,46.60550929022219,7.980447725593081,2.2530009055418816,5.727446820051199
frame_a_838.75_838.83,31.817632134032735,0.0,-0.3669558308022034,401.96939646244533,359.1368025809533,42.832593881492016,0.29488616543814317,0.1942493506592058,0.10063681477893738
frame_sej_838.83_839.11,37.16978451542353,0.0,-0.5582862409281198,413.10111597453187,345.33312171121156,67.7679942633203,43.26148563861254,11.142449420782441,32.1190362178301
frame_u_839.11_839.14,37.613395745825585,0.0,-0.6045451718067677,390.48961690513846,347.0790048715884,43.41061203355008,2.052597238489412,0.952831634412405,1.0997656040770067
frame_dZi_839.14_839.21,32.42059599403534,0.0,-0.39205845155535546,411.2748081122903,363.553824694169,47.72098341812131,2.7141056253262406,1.4565707081170416,1.257534917209199
frame_mi~_839.21_839.28,26.948146697170927,0.0,-0.5424308271904325,413.1745621216845,364.52021032604426,48.65435179564025,2.045376966087062,1.2178474502542542,0.8275295158328078
frame_Ja_839.28_839.45,26.357250041579377,0.0,-0.4714133692426906,413.49573528530306,355.9312170742525,57.56451821105054,6.581623734241887,2.4079740276133634,4.173649706628524
frame_es_839.45_839.58,30.048646554124986,0.0,0.31743266353450184,397.81929659199193,347.36699837191395,50.452298220078035,7.155843814154977,3.026255398283922,4.129588415871055
frame_pO_839.58_839.75,24.598048444675072,0.0,-0.44645673090873483,405.1787778187606,351.5248743324023,53.653903486358274,156.1032201372255,106.15085961018704,49.95236052703844
frame_za_839.75_840.08,70.72304983913966,1.1200000000000045,0.46870447672288185,392.1147835452656,323.81610740320247,68.29867614206313,5.494503551080278,3.5875077222427265,1.9069958288375517
frame_u~_841.2_841.38,7.46795137874561,0.0,0.4457123608327401,411.12514663307206,353.10767275240056,58.0174738806715,14.421761457816785,5.070845313061213,9.350916144755573
frame_dZi_841.38_841.44,0.6784993731132687,0.0,-0.49656957409590463,413.18795759127073,366.5679315213268,46.62002606994395,3.169605125025754,1.1914248781277905,1.9781802468979635
frame_a_841.44_841.48,1.5891460491150298,0.0,-0.7847859845653398,407.8045231576996,362.02103924393765,45.78348391376193,0.6471953821574772,0.4316444179780632,0.215550964179414
frame_E_841.48_841.52,0.749495477077275,0.0,-0.7031804165920105,405.90413318176155,361.2067532336653,44.69737994809623,0.4804981746425341,0.23458453635176113,0.24591363829077295
frame_la_841.52_841.63,0.05711608644146793,0.0,-0.6803284461248525,413.5826238204503,361.94146166828284,51.64116215216745,8.279442174263536,3.0338948098177383,5.245547364445798
frame_mi_841.63_841.73,1.0663651728819303,0.0,-0.4965695740970928,414.3470621470334,364.2548253093013,50.092236837732116,2.0151440124535895,0.7963455544743283,1.2187984579792612
frame_Sa_841.73_841.91,30.07516725667199,0.0,-0.6803284461248525,412.02630809934647,354.88571432314683,57.14059377619964,58.16751991156674,28.723492911931586,29.444026999635156
frame_mow_841.91_842.13,2.8379499966024184,0.0,0.2099329593912751,413.2987840688719,351.8992495309485,61.39953453792339,12.460362459318716,6.139125608336414,6.321236850982302
frame_i_842.13_842.16,6.543157276517434,0.0,-0.4965695740970928,387.8525429040356,343.8990863192545,43.95345658478112,2.0383844917581797,1.0288013749703424,1.0095831167878373
frame_dZi_842.16_842.26,13.297504035917484,0.0,-0.0785250839348962,413.57677731680496,363.80137298294426,49.775404333860706,6.1134517186317225,3.3258285856335874,2.787623132998135
frame_si_842.26_842.39,27.015318189660377,0.0,-0.4965695740970928,395.7179265057139,344.1319498965125,51.585976609201396,45.09547296975973,15.81154321437431,29.283929755385422
frame_niw_842.39_842.71,11.764641650129434,0.0,-0.49656957409590463,413.03860606975667,344.3139069494321,68.72469912032454,16.84350728276111,6.1894889899739525,10.654018292787157
frame_to~_842.71_842.85,31.431218008840304,0.30999999999994543,-0.9849311799093602,397.2028310641166,346.1297203928221,51.0731106712945,132.4692522252858,100.9420944795883,31.527157745697494
frame_O_843.16_843.19,157.93922179184807,0.0,-1.5104423980278838,401.7330734623749,356.8946129526203,44.838460509754555,2.362187552335911,1.2575665852918974,1.1046209670440135
frame_La_843.19_843.43,21.169981606768403,0.0,0.782077092043156,416.4418757568084,354.90065001125635,61.541225745552026,16.22691369172989,7.898827407896135,8.328086283833755
frame_poX_843.43_843.57,10.792252439753042,0.0,-0.8334651820594619,412.83864292018103,359.8078661581867,53.03077676199433,42.44218622266651,31.299957987049027,11.14222823561748
frame_ki_843.57_843.68,50.22454105097245,0.0,-0.2875473290159945,392.62902693954294,343.94227050686874,48.6867564326742,119.4786427634267,89.70933377178812,29.76930899163859
frame_ew_843.68_843.74,12.524978743710165,0.0,-0.7772159670412863,416.32273275327873,368.286723634424,48.036009118854736,1.5613965468387931,1.038847332951633,0.5225492138871601
frame_a_843.74_844.16,21.43085028104437,0.0,3.184600476176737,414.4817197645993,335.3013501973155,79.18036956728378,18.105137595198542,10.074721166715165,8.030416428483377
frame_Su_844.16_844.26,10.88744008506005,0.0,-0.4664640034810099,408.63513543101334,359.4279275625593,49.20720786845402,2.5871047885452327,0.8884424800775719,1.6986623084676609
frame_ki_844.26_844.35,65.71864160329635,0.0,-0.4965695740970928,404.140059667716,355.32486881826793,48.81519084944807,74.8634281201711,60.088616634684385,14.774811485486708
frame_u_844.35_844.39,22.430439445999085,0.0,-0.4664640034810099,404.60437140503876,358.9071593703431,45.69721203469567,16.51622068640536,7.200885104347975,9.315335582057386
frame_ne_844.39_844.53,27.202260566281538,0.0,0.0985029374188464,414.7102531148621,360.5193764136143,54.19087670124782,15.26621620638808,7.806877446051814,7.459338760336266
frame_gO_844.53_844.76,32.06830860113878,0.0,0.440197991690556,413.85182563475234,351.7903700307534,62.06145560399892,10.454663938972132,3.9306220416188182,6.524041897353314
frame_siu_844.76_844.85,27.595424963395928,0.0,-0.49656957409590463,395.8592488650885,350.0716937608698,45.78755510421871,15.569882366612703,9.608357469190452,5.961524897422251
frame_es_844.85_844.91,63.97982604587777,0.0,-0.7772159670437753,390.6666815953847,345.9879810333879,44.678700561996834,32.46468796347419,18.10730582295305,14.357382140521139
frame_ta_844.91_845.06,46.74541706747905,0.0,-0.053583215481929285,411.89129862639857,357.6722226632378,54.219075963160776,53.54653460045272,24.82742064916644,28.719113951286282
frame_e_845.06_845.09,75.59364700464505,0.0,-0.7772159670412863,387.18052045514776,343.74583790996076,43.434682545187,1.4972961270736604,0.6542263105519126,0.8430698165217478
frame_Ra_845.09_845.31,45.89673926104879,0.0,0.6776195536026688,407.27428733907783,349.2238261347169,58.05046120436094,0.973203901187432,0.5759884476569965,0.3972154535304355
frame_du_845.31_845.44,71.08932390002005,0.0,0.22394183814934865,397.09297995392683,348.1630629630346,48.92991699089225,4.164346561848646,2.9198515294225444,1.2444950324261015
frame_kwa~_845.44_845.61,27.009353282671697,0.0,-0.41862892049537087,413.76786362078303,358.1777218522444,55.59014176853856,44.411371664194405,22.846829769021582,21.564541895172823
frame_du_845.61_845.67,45.614791022557085,0.0,-0.6045451718067677,415.9993995544876,368.20432697043486,47.795072584052775,2.5874975491469456,1.4733259556510347,1.1141715934959109
frame_ew_845.67_845.84,4.511283437515402,0.6100000000000136,-0.558286240925631,408.27577755351865,355.09190131674177,53.18387623677688,57.32238051861678,26.52874780581803,30.793632712798754
frame_fuj_846.45_846.7,42.650900454263294,0.0,1.3285911847554106,413.0989796679728,349.7423524091693,63.356627258803485,63.53018334092923,33.790599877990076,29.73958346293915
frame_e_846.7_846.77,12.453838109942666,0.0,0.0985029374188464,407.27359568026225,365.2703126506425,42.003283029619695,7.3883605451595,4.294154693762067,3.094205851397433
frame_za_846.77_846.95,11.922198111417245,0.0,-0.3669558308022034,415.22096085912847,358.0988195999191,57.12214125920934,17.46779703062755,7.574481972294151,9.8933150583334
frame_mi~_846.95_847.14,15.640998338175834,0.0,-0.7045261828947134,415.88761686856526,356.38152738040696,59.50608948815835,9.050754497907604,6.158863842478695,2.8918906554289094
frame_naX_847.14_847.33,8.587195381928652,0.0,-0.053583215481929285,415.8966879186512,355.7913459892123,60.10534192943891,16.519853226296263,5.442385296257925,11.077467930038338
frame_mi~_847.33_847.4,7.819981829919342,0.0,-0.7045261828947134,414.09278666456834,366.6710062076072,47.42178045696113,3.7194513384702645,2.3756125516074746,1.34383878686279
frame_Ja_847.4_847.52,2.4219912309458067,0.0,-0.36695583080339095,413.48884090800107,362.26825593557425,51.22058497242682,9.627132502702892,6.515408980887344,3.1117235218155486
frame_se_847.52_847.7,8.862462481120716,0.0,-0.3393565148099755,414.48208872029727,355.98745711725053,58.49463160304674,50.14773247667381,35.912342573713914,14.235389902959895
frame_Jo_847.7_847.78,3.43584535126719,0.0,-0.4856658015765419,412.1728097649219,363.9106061718518,48.26220359307018,2.8242668463747407,1.6803292458598662,1.1439376005148745
frame_ra_847.78_847.88,66.057680726998,0.0,-0.5758709076843653,393.9088044404,346.71926339897067,47.18954104142932,0.9623574085917141,0.3890235649242726,0.5733338436674416
frame_tSi~_847.88_847.94,53.99343809579062,0.0,-0.7045261828928706,399.5755206186779,352.756856665359,46.81866395331889,25.28571327917134,12.93946179145047,12.34625148772087
frame_Ja_847.94_848.0,3.495739235079867,0.0,-0.889243523005827,429.02976404229673,380.19367286720114,48.83609117509553,1.5112013129117372,0.5042934074006808,1.0069079055110564
frame_u~_848.0_848.17,1.4290708447223466,0.0,0.3731374862892647,414.50261270672695,356.4341426543525,58.06847005237444,12.068811522050154,3.8319215775191537,8.236889944531
frame_Ro~_848.17_848.5,23.181647935238303,0.0,0.926645382902845,413.3497097620287,342.7528682973456,70.59684146468311,16.39354747060628,9.178745154052478,7.214802316553801
frame_bu_848.5_848.59,26.163778331785863,0.0,-0.4664640034794401,413.00839199741426,363.91155709385725,49.09683490355701,4.52412512685224,0.5514517717229381,3.9726733551293023
frame_nu_848.59_848.75,22.6890271477604,0.0,0.5001041748008641,411.52741426583566,357.36743064326356,54.15998362257204,15.932760669708188,7.486500421191579,8.446260248516609
frame_pe_848.75_848.89,19.670530808591934,0.0,0.31743266353699073,415.55455681261446,361.4581434176288,54.09641339498569,14.926544508056423,9.283213522431694,5.643330985624729
frame_ri_848.89_848.95,22.36029782118608,0.0,-0.49656957409590463,414.66846719442503,366.75167557228946,47.91679162213558,3.629213644469459,1.1088603540978568,2.5203532903716024
frame_neu_848.95_849.29,7.523057813804996,0.7599999999999909,-0.7772159670412863,412.044233989671,343.0678604219417,68.9763735677293,14.932026120007762,5.4096373227253025,9.52238879728246
frame_ka_850.05_850.3,17.265679668017384,0.0,0.36424693828120713,415.9363275153611,352.13122464851085,63.805102866850234,14.182688642081729,7.278002559213192,6.904686082868537
frame_bi_850.3_850.37,6.799782134227456,0.0,-0.4965695740970928,417.68783709591844,368.2943893439462,49.393447751972246,3.4063801086942647,0.6118429161969345,2.79453719249733
frame_a_850.37_850.54,16.186533539241367,0.0,0.5731620151621816,416.167045530554,358.5555172326083,57.61152829794571,5.659736152446982,2.0735570799846386,3.5861790724623432
frame_u~_850.54_850.59,20.211581828198803,0.0,-0.49776100823244046,426.1713688809973,378.6741820729376,47.49718680805972,2.2461317504527045,0.9675532815720658,1.2785784688806388
frame_o_850.59_850.62,26.488234616573564,0.0,-0.8334651820594619,397.2430461726109,351.8209871448494,45.42205902776146,1.5062469298030692,0.8867155598917833,0.6195313699112859
frame_vu_850.62_850.71,24.90187821442504,0.0,-0.6045451718051978,411.1812723289713,362.4096981258152,48.77157420315609,2.735562392650351,1.1318840477250376,1.6036783449253136
frame_dZi_850.71_850.79,29.079965249525017,0.0,-0.4965695740970928,410.46279315495286,363.696855819987,46.765937334965884,0.6147919321084885,0.27973703708509845,0.33505489502339003
frame_ga_850.79_850.93,32.10662595929401,0.0,-0.26249829236290373,413.07033283720733,358.4025517194391,54.66778111776824,14.20901054857849,6.77603334390723,7.4329772046712606
frame_li~_850.93_851.07,45.88651880860586,0.0,0.43014130703709574,409.0394055454299,355.52225085930843,53.517154686121444,13.907863185157325,4.864379245076904,9.04348394008042
frame_Ja_851.07_851.23,65.64289535320299,1.4600000000000364,-0.5758709076831778,396.53724156165043,344.45455347150363,52.0826880901468,3.5644401513913024,1.705934351025391,1.8585058003659114
frame_Sa_852.69_853.2,1.598963082209167,0.0,3.2890580146184116,419.64383713721617,328.68800461361616,90.95583252360004,28.61975499004859,11.874232092964007,16.745522897084584
frame_mej_853.2_853.38,6.0089399181305225,0.0,1.1931515679996125,416.8073489578073,359.3072921823016,57.5000567755057,10.211655990879876,3.863808035239856,6.34784795564002
frame_u_853.38_853.41,0.07634815436574627,0.0,-0.6045451718067677,420.16142960647073,375.3546730022124,44.80675660425834,2.1582050196806506,1.0497642151744628,1.1084408045061878
frame_mE_853.41_853.51,150.2953724239951,0.0,-0.3845873475863734,400.57033935490915,353.47090288196426,47.09943647294489,1.1227919843786935,0.2891075220948096,0.8336844622838839
frame_dZi_853.51_853.57,14.435946042705979,0.0,-0.49656957409590463,408.83126317502695,362.2075512817074,46.62371189331947,21.258780014297315,12.232324073398416,9.026455940898899
frame_ku_853.57_853.65,4.955962614614862,0.0,-0.6045451718067677,415.7473813544039,367.7000302922032,48.047351062200676,8.078434467817885,5.615814362168663,2.462620105649222
frame_e_853.65_853.73,1.6405134236583194,0.0,0.31743266353699073,413.3003701340023,364.30071115299313,48.99965898100919,1.713368186295611,0.8991402367796297,0.8142279495159812
frame_li_853.73_853.86,5.918694196189023,0.0,0.13049716114739027,413.71987170519014,360.2063630073849,53.513508697805264,15.348758679175262,6.209227691540235,9.139530987635027
frame_e~ni_853.86_853.99,28.65362444793311,0.06999999999993634,-1.1172809282046323,408.5519118871103,356.2430258042193,52.30888608289098,57.495546043268774,33.20290061867996,24.292645424588812
frame_na~w~_854.06_854.29,4.998306229700248,0.0,-0.5204244294830465,414.65281988708335,353.49981369473784,61.153006192345515,6.372373086090079,3.5358363845432024,2.8365367015468763
frame_kijs_854.29_854.5,22.883408217326348,0.0,-0.39205845155535546,416.70861041353487,355.05914382325244,61.64946659028243,10.516660438412629,6.681309932615903,3.8353505057967254
frame_viX_854.5_854.63,22.89527330826293,0.0,-0.4965695740970928,415.1715161043885,362.2045931638636,52.96692294052497,9.00661762406122,3.955777874357821,5.0508397497034
frame_e~j~_854.63_854.73,23.70767565545188,0.0,-0.41721774824467256,413.64138859535615,363.3404459558842,50.300942639471884,10.157914551280442,3.9929698450858524,6.164944706194589
frame_ka_854.73_855.01,7.704326237290644,0.0,0.6776195536026688,413.48103920771405,347.46404912825017,66.01699007946382,16.466480824005487,4.777430846148263,11.689049977857223
frame_za_855.01_855.12,12.669908929703169,0.0,-0.6803284461248525,412.7616491303361,362.3535544481741,50.40809468216196,3.6687552573217204,1.6216152368811976,2.047140020440523
frame_dZi_855.12_855.18,7.282386986476524,0.0,-0.4965695740970928,393.84553279042734,349.44470935941257,44.40082343101477,31.95891371119866,27.666572244667805,4.292341466530857
frame_si_855.18_855.24,60.85833276405815,0.0,-0.4965695740970928,411.3133119795686,363.507001477836,47.80631050173258,12.674630541881392,5.112777312504278,7.561853229377114
frame_a_855.24_855.45,41.719348762774814,0.0,0.9909921689253179,416.54935410017475,355.2629035994246,61.28645050075016,21.84156002889148,11.284293015709437,10.557267013182042
frame_i_855.45_855.48,32.46438379647515,0.0,-0.4965695740970928,424.89656492427036,379.53917535792664,45.357389566343784,21.346442150998598,12.207326833660858,9.13911531733774
frame_su_855.48_855.64,33.996293373966125,0.0,-0.4664640034810099,413.2849146977128,357.03798440583705,56.24693029187574,52.991142035281456,18.060567995160966,34.93057404012049
frame_foj_855.64_855.92,4.164351770439751,0.0,0.3838326496327351,416.5470536341252,348.81045716540564,67.73659646871954,64.39563238558192,17.4401511610602,46.95548122452172
frame_aw_855.92_856.08,12.99353594063524,0.0,0.1553318614002327,422.768889470168,365.54315472568095,57.225734744487056,13.516068178220877,7.64020349857627,5.875864679644607
frame_gu~_856.08_856.15,8.554574414726645,0.0,-0.6429107573202164,397.16727114078503,350.3577627187956,46.80950842198945,15.193863669527758,9.085175863730925,6.1086878057968335
frame_po~_856.15_856.38,15.485122041099544,0.0,0.41689163281997665,415.82587029479737,353.26419520324134,62.561675091556026,18.95082879621151,8.595299757948013,10.355529038263498
frame_tu_856.38_856.49,72.83258396924327,0.0,-0.6045451718067677,398.21058035417036,348.2547051000214,49.955875254148964,0.8301039095959908,0.258360290647893,0.5717436189480978
frame_ki_856.49_856.59,38.18863722939477,0.0,-0.49656957409590463,415.6357229963666,364.69041821796395,50.94530477840266,64.02547411347182,27.00812165188728,37.01735246158454
frame_a_856.59_856.67,24.35789119020754,0.0,-0.36695583080339095,410.1396511098135,362.4610843485849,47.67856676122858,0.6630934969012969,0.3635207170769661,0.29957277982433084
frame_Re_856.67_856.76,29.726702579439007,0.0,-0.120426788696809,414.80501888988715,365.15885272284606,49.64616616704109,9.152280901801802,5.397479946838672,3.7548009549631303
frame_be~_856.76_856.94,27.82035028710729,0.0,0.45786122670279006,415.41510505497166,356.39563905811923,59.01946599685243,9.724783900476979,3.7538540495035733,5.9709298509734055
frame_tow_856.94_857.15,9.969518565542614,0.0,-0.6595654918160249,412.20459058702045,353.78587281965474,58.418717767365706,23.521736414709125,7.215293173603072,16.306443241106052
frame_u_857.15_857.19,7.14750693464525,0.0,-0.4664640034794401,386.93653067577446,344.02532639066936,42.9112042851051,5.203696143993369,2.963994878387581,2.239701265605788
frame_se_857.19_857.36,7.647146153802879,0.0,0.09850293742133534,414.53287071592706,358.91633520032974,55.61653551559738,18.574487830043395,10.405019285700348,8.169468544343047
frame_JoX_857.36_857.53,28.65325315191818,0.0,-0.6595654918180018,412.37438982907065,355.8670313220049,56.50735850706576,9.589060290871231,5.408165440243167,4.180894850628064
frame_le_857.53_857.67,29.86702679453431,0.0,0.5363623896501573,412.74239570110876,359.90149850018526,52.84089720092351,5.70678534003936,3.1778217132316655,2.5289636268076947
frame_va_857.67_857.8,30.229354293591257,0.0,-0.5758709076843653,411.3733872293356,360.4542913190533,50.919095910282294,8.669765759569188,2.7622848597208502,5.907480899848338
frame_pa_857.8_857.9,24.655727681377527,0.0,-0.889243523005827,396.3666665124583,347.74020949881265,48.62645701364568,5.362675797273312,3.7943590957827524,1.5683167014905592
frame_ra_857.9_857.96,26.692049618446205,0.0,-0.8892435230046395,410.08396065103494,362.9490351692014,47.134925481833534,1.5623011586151563,0.3429798669906887,1.2193212916244676
frame_u_857.96_857.99,22.36537208401367,0.0,-0.6045451718067677,380.97122648144335,337.6452997031005,43.325926778342875,18.86313975040791,13.487700655100127,5.375439095307783
frame_os_857.99_858.07,52.08729132942513,0.0,-0.8334651820594619,393.5475525435365,348.3420010645037,45.205551479032806,59.62364955032242,32.59890829816335,27.024741252159068
frame_pi_858.07_858.19,55.92120053915244,0.0,-0.49656957409590463,400.21149870588073,349.530246940226,50.681251765654736,53.06800642299928,32.0623773372173,21.005629085781983
frame_taw_858.19_858.4,38.19195634485074,0.0,-0.5758709076831778,413.2025310994227,352.90720908424703,60.2953220151756,51.64453913538127,18.101667032897268,33.542872102484004
frame_ew_858.4_858.46,24.310502280407647,0.0,-0.7772159670437753,417.3353128234213,369.7894787986892,47.54583402473219,1.777911266957119,1.1771918627766098,0.6007194041805093
frame_fa_858.46_858.73,35.030254291562684,0.0,-0.05358321548074174,410.8313130508343,346.9230223881291,63.90829066270521,10.206577320549428,6.353071961021612,3.8535053595278157
frame_su_858.73_858.86,72.05634153406378,0.0,-0.6045451718067677,391.4783314318254,341.4411220164215,50.03720941540388,2.4792854689854096,1.9338718979523435,0.5454135710330661
frame_u~_858.86_858.92,32.91964947282675,0.0,-0.42518613368979014,407.7184001682028,364.53750230448566,43.18089786371712,2.551641948660901,1.7988058212815048,0.7528361273793962
frame_ma_858.92_859.18,40.90183865212377,0.0,0.782077092043156,408.0396959198705,346.0070054000731,62.03269051979737,10.096704522741575,6.67689871809732,3.4198058046442554
frame_se_859.18_859.35,56.28293827533709,0.0,-0.558286240925631,411.187968371906,354.1061739476935,57.08179442421249,42.98139007161033,26.508349536596384,16.473040535013943
frame_gu~_859.35_859.62,36.38775585040109,0.0,0.30056261174578924,413.42179152180137,346.57195913906764,66.84983238273372,9.906484107243898,5.128999889729968,4.77748421751393
frame_da_859.62_859.88,37.3010405629681,0.0,1.0954497073658052,410.06015177503957,346.487712146258,63.57243962878158,2.396527046880763,1.0063512715001934,1.3901757753805697
frame_su_859.88_860.12,71.75774610367934,0.0,0.7762665114523797,402.88347837626225,344.23791129194836,58.64556708431388,2.079142703168422,1.0618708399151444,1.0172718632532778
frame_tu_860.12_860.31,32.450746190405766,0.0,0.3620230064735366,404.7506400645497,349.41485858276843,55.33578148178128,5.226273042932405,3.365361813230166,1.8609112297022392
frame_ra_860.31_860.49,73.65220983687296,0.5900000000000318,0.36424693828120713,394.4304863660299,341.8511122604679,52.57937410556201,2.6272354389398345,1.4568792175534782,1.1703562213863563
frame_le_861.08_861.14,72.80477445571249,0.0,-0.7772159670437753,383.3721890439857,341.6321498441627,41.740039199823,1.5388481768883295,0.7427464978344744,0.7961016790538551
frame_vej_861.14_861.36,22.550922342934086,0.0,0.5363623896526462,415.0560866885693,353.12476545246295,61.931321236106385,12.167220170781647,5.109404324617046,7.057815846164601
frame_pa_861.36_861.53,24.548935065217933,0.0,0.2597893998407199,415.3780505740102,358.78399222068197,56.59405835332831,19.03671539661184,7.828929229288107,11.207786167323732
frame_ra_861.53_861.6,28.576595455167634,0.0,-0.889243523005827,393.65618346487406,348.2470500698064,45.40913339506767,4.411558851133947,2.288297248556347,2.1232616025775997
frame_u_861.6_861.63,33.062404435596335,0.0,-0.6045451718067677,412.78314420754145,368.7380043043611,44.04513990318037,8.12763623319502,1.9747036258952733,6.152932607299746
frame_os_861.63_861.76,20.592377177529485,0.0,-0.3117661113331049,408.9621375222987,358.30728082642906,50.654856695869626,5.1184173156101025,2.5315812920422047,2.5868360235678978
frame_pi_861.76_861.9,21.765007039717204,0.0,-0.2875473290159945,411.8182191039666,359.95644587000925,51.861773233957365,1.6927520865466619,1.099268478075004,0.5934836084716579
frame_taw_861.9_862.24,9.256590374282183,0.0,0.6776195536038563,416.4345359344643,342.73863448730594,73.69590144715835,100.23377105265814,12.10342658488949,88.13034446776865
frame_e_862.24_862.27,10.068093420453806,0.0,-0.7772159670437753,389.8657787966562,345.5875571831027,44.27822161355351,18.06603817396153,8.061153532852273,10.004884641109257
frame_li_862.27_862.33,16.447020087271397,0.0,-0.49656957409590463,395.43460811024175,350.183973229835,45.25063488040678,1.0240956686611469,0.5477812881626676,0.4763143804984793
frame_fejs_862.33_862.55,27.641119054772687,0.0,-0.7772159670412863,413.7949923975323,352.68062483846535,61.11436755906698,53.480166454288124,45.70949757861463,7.770668875673493
frame_a_862.55_862.65,29.661608710437918,0.0,-0.15804075392122896,411.28390172564036,362.25140595125947,49.03249577438089,3.5429249906659095,1.1093513468554335,2.433573643810476
frame_su_862.65_862.81,62.54475120556718,0.0,-0.3283828351552522,405.6402884697018,351.56548529719225,54.07480317250952,51.51075241805009,30.60257427152881,20.90817814652128
frame_tu_862.81_863.05,1.1346001581636642,0.0,0.6381853431266219,413.5367028843478,351.5435405031094,61.99316238123839,107.27790869531313,32.05853846680844,75.21937022850469
frame_ra_863.05_863.21,38.07577807885582,1.0399999999999636,0.05087432295974547,414.7416143087649,359.70509752291434,55.03651678585055,4.180515027086528,2.5478094822726405,1.6327055448138879
frame_pojs_864.25_864.52,28.263267216447773,0.0,1.253331100842012,416.8347751475984,350.4679304266015,66.36684472099688,11.883315266530815,6.3278034103515495,5.555511856179265
frame_na_864.52_864.77,18.71260310833256,0.0,0.8865346304836432,413.3790010221205,350.2057409390253,63.173260083095215,13.818945338283427,6.880661901384215,6.938283436899212
frame_ka~_864.77_864.98,2.5932240730583658,0.0,-0.011446884544668561,426.1733133614176,363.5733701432066,62.599943218211024,12.726023253108679,6.947168961514393,5.7788542915942855
frame_ma_864.98_865.68,16.128499223122816,1.3700000000000045,5.0648361681066945,414.1621444610441,309.5876081771402,104.57453628390385,70.83098881594694,20.370605673158536,50.4603831427884
frame_kwa_867.05_867.26,2.1937643150953647,0.0,0.05087432295974547,418.0242330686995,357.0081498577316,61.016083210967906,5.360814700577279,3.404078493104606,1.956736207472673
frame_tru_867.26_867.42,9.513365357452344,0.0,0.08586066982202109,414.70246617273216,358.9187611925496,55.78370498018256,11.594478770668758,8.027264258559285,3.567214512109473
frame_dZi_867.42_867.48,7.888405854069262,0.0,-0.4965695740970928,416.11079030737005,368.13490397930263,47.97588632806736,4.568145677359325,2.493129682460264,2.0750159948990614
frame_as_867.48_867.6,14.54403386072957,0.0,-0.2624982923617162,416.18496980792753,363.80844928892583,52.3765205190017,17.505864313294126,9.11068488958341,8.395179423710715
frame_de_867.6_867.68,18.870023340644536,0.0,-0.3393565148124644,412.4389965930004,364.23235621364216,48.20664037935825,15.407294043756792,5.454227992062144,9.953066051694648
frame_pojs_867.68_867.99,30.932951062645444,0.0,0.3838326496307581,413.37207116880006,345.3588324214444,68.01323874735567,57.452465579603725,17.457951228015432,39.99451435158829
frame_sa_867.99_868.18,18.830689474035836,0.0,-0.053583215481929285,413.60778287006093,355.30679029121995,58.300992578840976,6.376867442417719,5.405479251102335,0.9713881913153841
frame_i_868.18_868.21,18.43409711720639,0.0,-0.49656957409590463,396.4863139722928,354.0320672200527,42.454246752240124,1.2021095000244628,0.364519106504531,0.8375903935199318
frame_mus_868.21_868.35,18.170086827161228,0.0,-0.6045451718051978,413.908759382073,358.6339213438047,55.27483803826834,5.986525263172595,2.2709785624106615,3.7155467007619336
frame_du_868.35_868.42,14.5320424246151,0.0,-0.6045451718067677,410.3719002185543,364.35798701801536,46.01391320053892,2.943125542234924,0.42539748499963537,2.5177280572352885
frame_os_868.42_868.54,15.461395603447244,0.0,-0.6595654918160249,403.3204648384276,353.6624951882684,49.65796965015926,5.63352489210304,3.4311388628339614,2.2023860292690784
frame_pi_868.54_868.7,27.980692422704706,0.0,-0.28754732901480634,408.86232145135784,355.90514581881905,52.95717563253879,150.06842752855954,109.45674928982415,40.611678238735394
frame_taw_868.7_869.09,11.815087697224328,0.6100000000000136,0.2597893998407199,414.5846164341248,338.3941210285942,76.19049540553061,97.03314741039111,41.825544097916975,55.207603312474134
frame_i_869.7_870.01,25.874073485371994,0.0,2.4297418570406597,412.02176301982524,343.8060660551472,68.21569696467799,59.46418618283651,12.308563330331097,47.15562285250541
frame_fuj_870.01_870.24,20.37586170781013,0.0,-0.3283828351536824,410.62239822082336,348.5454033457494,62.076994875074035,10.82963011248745,7.651354148312393,3.1782759641750573
frame_pa_870.24_870.35,71.62886805358539,0.0,-0.889243523005827,410.04594212397114,359.3760898943505,50.66985222962063,1.2119490623367568,0.4350784350416461,0.7768706272951107
frame_ra_870.35_870.51,9.518965805738006,0.0,0.1553318614002327,408.5178706956467,355.04921545227074,53.46865524337596,26.129961949843818,18.065063413263445,8.064898536580372
frame_ka_870.51_870.75,282.67148144397845,0.0,0.36424693828120713,403.46308516847677,343.4880341829038,59.97505098557298,600.7737369105561,247.19437051452348,353.5793663960326
frame_za_870.75_871.08,66.69126640598799,1.1899999999999409,0.46870447672288185,389.55249010601545,321.64743048482416,67.9050596211913,12.440297869915668,5.74683406023329,6.6934638096823775
frame_majs_872.27_872.44,5.4890108980088,0.0,-0.6803284461248525,411.68195357345274,355.0243455112058,56.657608062246936,7.532224876593119,3.932387153827733,3.599837722765386
frame_mi~_872.44_872.5,2.087571643151634,0.0,-0.7045261828947134,415.42640776923747,368.1444752199344,47.281932549303065,0.4699039255744424,0.24535466672283235,0.22454925885161003
frame_Ja_872.5_872.62,1.890547982988096,0.0,-0.4714133692426906,415.7749210209054,363.6310933409943,52.14382767991111,3.0529457253372243,0.7116708721834328,2.3412748531537915
frame_se_872.62_872.83,23.834177731762082,0.0,-0.12042678869432007,416.0209294860774,354.8387397615254,61.182189724552074,70.33138923813311,35.76918588641388,34.56220335171923
frame_Jo_872.83_872.89,0.27820591565645714,0.0,-0.8334651820594619,412.83538792577895,366.0036969754448,46.83169095033412,2.05454428126734,1.354186887197244,0.700357394070096
frame_ra_872.89_872.95,2.871782165702598,0.0,-0.8892435230046395,410.19035575794067,366.2705545975937,43.919801160346935,1.4011615029350395,0.8446467724315596,0.5565147305034799
frame_na~w~_872.95_873.09,8.598757469009513,0.0,-0.4186289204965281,413.75549874647567,359.87030808225694,53.885190664218726,5.950925491762149,2.773273721321445,3.177651770440704
frame_fi_873.09_873.2,4.8640579230715275,0.0,-0.28754732901480634,412.4459596826832,362.060938225741,50.385021456942184,5.3034855466734285,3.0278894859941943,2.2755960606792343
frame_ka_873.2_873.43,19.963550126032573,0.0,-0.053583215481929285,413.7889547344405,351.37317942318066,62.415775311259836,56.10836370864263,20.848321749097863,35.260041959544765
frame_va_873.43_873.55,4.857253710121,0.0,-0.36695583080339095,410.0255570632573,359.7124653925461,50.313091670711174,3.1219815077394912,1.68671643089219,1.4352650768473012
frame_dZi_873.55_873.63,1.2550022904602258,0.11000000000001364,-0.2875473290159945,410.07539051220465,363.2164521877939,46.85893832441076,10.78627025450389,7.260041646279589,3.526228608224301
frame_pE_873.74_873.93,48.2232813111344,1.2800000000000864,0.46499416976319924,409.6589832819976,353.17501042835795,56.48397285363973,8.804863919026047,5.941891549376365,2.8629723696496825
frame_na~w~_875.21_875.45,45.3922610437523,0.0,-0.3168334115076953,409.5440106542109,348.8231656238583,60.72084503035262,10.845347735243621,7.004782602347106,3.840565132896515
frame_e_875.45_875.48,48.75157562299901,0.0,-0.7772159670437753,388.62260844658005,344.7910204624652,43.83158798411483,4.632912604289615,3.443611147226676,1.189301457062939
frame_va_875.48_875.66,46.49231208805466,0.0,0.1553318614002327,410.2302870546618,355.03355031433625,55.19673674032555,8.205243239060252,4.086425593520119,4.118817645540133
frame_ku_875.66_875.76,22.770355660566537,0.0,-0.3283828351552522,405.5405410788204,355.5426485783479,49.997892500472574,84.78265098292476,33.2654489713903,51.517202011534465
frame_a_875.76_875.97,32.16525693296589,0.0,0.9909921689253179,413.061687061462,352.757506111223,60.304180950239015,66.6304422766006,46.89026010050034,19.740182176100262
frame_va_875.97_876.21,92.54186728730697,1.7999999999999545,0.6776195536038563,393.13826848198255,334.6716684688509,58.466600013131654,3.6083272989956825,1.933831103539866,1.6744961954558164
frame_i_878.01_878.09,23.82833143931194,0.0,0.02598603860684111,414.6683458779998,365.51373518522144,49.15461069277836,1.035775051827386,0.6533125319458293,0.3824625198815568
frame_Ze_878.09_878.23,27.862825369395324,0.0,-0.7772159670437753,414.73743890244737,359.83929276997503,54.898146132472334,8.25044641341222,3.982040678995645,4.268405734416575
frame_mi_878.23_878.53,27.386904315682116,0.0,-0.3920584515565436,415.65762537822485,345.69002889356045,69.9675964846644,10.754413896051588,5.73513449099147,5.019279405060118
frame_a_878.53_878.56,59.14066865586699,0.0,-0.889243523005827,396.34196380219345,352.83383526077665,43.508128541416795,4.929151489600912,2.152355651441809,2.776795838159103
frame_u_878.56_878.68,38.57655755061687,0.0,0.6381853431266219,411.04384805232985,359.369091435327,51.674756617002856,4.257238363899745,2.0912360429668553,2.16600232093289
frame_dZi_878.68_878.78,26.325775974748083,0.0,-0.0785250839348962,414.48191717906275,364.28506299922134,50.19685417984141,10.550246608298494,4.857240032584173,5.693006575714321
frame_a_878.78_878.81,16.918488670274186,0.0,-0.889243523005827,399.74103442174317,354.5157140255683,45.22532039617488,1.8414805340420486,1.1176046977957839,0.7238758362462647
frame_i~_878.81_878.9,23.091227424291375,0.0,0.26804595133281484,412.8935785342128,363.2233617853766,49.67021674883625,8.01531512652403,4.345589169641528,3.669725956882502
frame_tej_878.9_879.16,44.53683224464359,0.0,-0.12042678869432007,414.80828917274835,350.0390241706465,64.76926500210186,10.640564441195295,5.175438103670288,5.465126337525007
frame_ru_879.16_879.31,1.0126189202468368,0.3000000000000682,0.6381853431250522,401.3047226871647,348.4965738955118,52.808148791652854,2.937858371050055,1.8433650830930048,1.0944932879570501
frame_pe_879.61_879.7,34.21004325007314,0.0,-0.3393565148099755,417.01824278253713,366.9911132866335,50.02712949590364,25.02409918506939,12.39885806104742,12.625241124021969
frame_dZi_879.7_879.83,42.03731235120371,0.0,-0.49656957409590463,413.31123944531333,360.123670275377,53.18756916993635,21.328655340816994,11.629721846368952,9.698933494448042
frame_a_879.83_879.95,29.571203565831368,0.0,0.05087432295974547,416.72661034597184,364.5344990814754,52.19211126449642,11.192925079861709,5.526014676045946,5.666910403815763
frame_e_879.95_879.98,46.40365372049196,0.0,-0.7772159670437753,397.1642677977792,352.00483243304836,45.15943536473077,9.157099687947706,6.341419593101435,2.8156800948462717
frame_li_879.98_880.07,35.291871301064205,0.0,-0.1830362064742572,411.41767780365,363.7725719746762,47.645105828973726,10.594642717046895,7.136454368674848,3.4581883483720475
frame_ki_880.07_880.2,32.1599793248313,0.0,-0.39205845155535546,414.5064056916946,361.09775871982754,53.408646971867086,2.2371789166000866,0.7864902327827252,1.4506886838173614
frame_fo_880.2_880.5,38.25912270695207,0.0,0.7316320301156551,411.9109351728943,345.0787348828807,66.83220029001359,6.304544669441157,4.402805425861175,1.901739243579982
frame_si_880.5_880.69,41.430634510164694,0.0,0.13049716114739027,410.40614372416445,352.67428043819046,57.731863285973986,7.4490171472224915,3.059078277563657,4.389938869658835
frame_nu_880.69_881.24,53.23310831434134,0.0,5.471026234532853,408.20755282470157,319.49678774242267,88.71076508227887,10.058434408282508,4.6919897501926755,5.366444658089833
frame_e~j~_881.24_881.35,39.256043412306866,0.0,-0.7672493382256473,410.029953933304,359.8979075418209,50.13204639148307,6.972505332589236,2.8760225047156354,4.096482827873601
frame_ka_881.35_881.67,58.97494795493306,0.0,0.8865346304836432,411.8194532532608,340.3734061339942,71.44604711926661,40.97798231844091,11.99701183847047,28.980970479970438
frame_za_881.67_881.79,46.11342479455284,0.0,-0.47141336924387817,411.280554241501,360.0226912485683,51.2578629929327,3.087605702757841,1.634324577810716,1.4532811249471251
frame_ve_881.79_882.03,26.749631771283447,0.0,0.974221841883957,414.32947757481344,351.922961015682,62.40651655913143,33.60514612356505,10.034164203317587,23.570981920247462
frame_la_882.03_882.26,16.05406996109302,0.049999999999954525,0.5731620151621816,410.74271581262315,349.25711169595036,61.48560411667279,17.745558725371893,7.0233129134752375,10.722245811896656
frame_e_882.31_882.35,22.842329416456863,0.0,-0.558286240925631,400.5259789028413,358.5171054747856,42.00887342805572,4.433939723010255,2.2041689868934498,2.229770736116805
frame_li_882.35_882.51,25.607138182255184,0.0,-0.18303620647544533,413.8337817352664,356.55186138861967,57.28192034664676,6.075376251193006,2.5401615057399596,3.5352147454530467
frame_dZi_882.51_882.59,8.62832388843833,0.0,-0.39205845155535546,391.40094443853883,345.5265926434205,45.87435179511834,40.69439187064377,20.64866231483856,20.04572955580521
frame_si_882.59_882.65,75.3197317884904,0.0,-0.4965695740970928,392.7800247737688,348.3932875585406,44.38673721522821,0.9669505205440956,0.31517025019368106,0.6517802703504145
frame_a_882.65_882.92,27.28706275605316,0.0,1.6177373995682411,415.5813988332927,349.7276872075255,65.85371162576718,39.04680792844658,18.233329452756692,20.81347847568989
frame_i_882.92_882.95,40.33625393766968,0.0,-0.49656957409590463,381.0002985773821,338.09783182276686,42.90246675461526,12.073370995004154,8.958196975266048,3.115174019738106
frame_su_882.95_883.1,17.5293361361325,0.0,-0.4664640034794401,412.24282756473923,358.956356540409,53.28647102433024,92.27409666302553,28.387966440392447,63.886130222633085
frame_E_883.1_883.79,28.447475983258656,0.32000000000005,6.199669411869494,413.6981493031437,309.6243628697127,104.07378643343097,56.143058682149615,30.27583381993209,25.867224862217526
frame_pre_884.11_884.21,60.90672071988405,0.0,-0.7772159670412863,391.29436260627665,342.7850927379113,48.50926986836538,3.0727317009847397,1.2518494473902422,1.8208822535944975
frame_si_884.21_884.37,45.61545639208481,0.0,0.02598603860684111,393.7220818412119,339.9607455184238,53.76133632278811,5.60660533615561,2.28695462560367,3.31965071055194
frame_za_884.37_884.65,5.944165800489415,0.0,0.05087432295974547,413.0945220503429,348.975239135983,64.11928291435993,9.210299965544237,6.224880635458717,2.98541933008552
frame_tSi_884.65_884.75,4.793047284710653,0.0,-0.3920584515565436,417.965732941019,366.416066259393,51.54966668162598,6.383813332150652,3.2447361570361153,3.1390771751145365
frame_raX_884.75_884.98,3.6204249355565423,0.0,-0.05358321548074174,416.5442496028698,354.5348239098021,62.00942569306767,13.86570068840308,9.015406099675488,4.850294588727593
frame_ujs_884.98_885.07,57.26494707487471,0.049999999999954525,-0.6045451718067677,396.83153184036985,350.35633466320746,46.47519717716244,3.08932520049958,1.2687864152317019,1.8205387852678783
frame_po~_885.12_885.3,15.467688253408085,0.0,0.16201475777854243,421.5635777067835,362.49473924947347,59.06883845731005,19.25376423345395,10.006565803820422,9.247198429633528
frame_tus_885.3_885.42,16.97731656575648,0.0,-0.6045451718067677,411.1724129274453,358.2723783253614,52.900034602083906,2.3598603679282064,1.1786932321873707,1.1811671357408358
frame_E_885.42_885.59,14.564622921679018,0.0,0.6773895491014978,415.877704275425,357.80799208580913,58.06971218961587,10.17279155177117,4.575070178833542,5.597721372937627
frame_i_885.59_885.62,16.160626995373804,0.0,-0.4965695740970928,381.73788637924235,338.89515902685565,42.8427273523867,5.879420779798693,2.888182976857408,2.991237802941285
frame_su_885.62_885.76,66.20381771473328,0.0,-0.6045451718067677,397.93974052184126,345.7909547957496,52.14878572609166,2.3298001643783266,1.6006337568436422,0.7291664075346844
frame_ki_885.76_885.84,4.83661883265971,0.0,-0.49656957409590463,416.2561206202793,367.08696333993464,49.16915728034468,5.035555212329243,1.9474184912055108,3.088136721123732
frame_i~_885.84_885.87,7.667908554620027,0.0,-0.7045261828947134,391.8921964199966,349.9463561796779,41.94584024031866,14.103510009755198,8.820141111519163,5.283368898236034
frame_ko_885.87_886.04,18.4807169310005,0.0,-0.13786642109362188,415.87219644608,358.0534511553474,57.818745290732636,103.92224472894755,71.71422546927951,32.208019259668035
frame_mo_886.04_886.34,35.38630439647753,0.0,1.948929861807852,412.74244293953836,345.6718456875389,67.07059725199946,21.266451123021156,10.882987303409877,10.38346381961128
frame_da_886.34_886.58,39.557752043258475,0.5299999999999727,0.5731620151633691,395.3127287392367,335.4564715979649,59.85625714127184,120.74341134572437,93.58064893362781,27.162762412096555
frame_ew_887.11_887.18,24.15123796753541,0.0,-0.7772159670437753,410.8096986036884,363.06786256570683,47.74183603798156,3.095098326814238,1.4908113827477791,1.6042869440664589
frame_dZi_887.18_887.29,5.205601799425551,0.0,-0.18303620647544533,414.07374626505674,363.2349940267225,50.83875223833422,10.39536062724801,3.0667440019983303,7.32861662524968
frame_gu_887.29_887.39,0.6750201427385321,0.0,-0.6045451718067677,415.27746826814723,363.9896455980921,51.287822670055164,4.2254812615241235,2.63275685467886,1.5927244068452637
frame_majs_887.39_887.6,1.0725390975736673,0.0,-0.36695583080339095,415.0425897071427,354.4275511150761,60.615038592066696,11.814843612173007,5.357339626351575,6.4575039858214325
frame_dow_887.6_887.82,22.11563936792443,0.0,-0.3117661113331049,409.1846314539502,352.6670444458681,56.5175870080821,14.532724233330981,10.50673762317409,4.025986610156892
frame_toX_887.82_888.18,46.1973344183335,1.3500000000000227,0.7316320301156551,415.44743046536183,342.4613645764621,72.98606588889976,38.848587811145734,10.008667410805202,28.83992040034053
frame_si_889.53_889.6,13.438771031402922,0.0,-0.4965695740970928,401.8014686057856,353.3465629499244,48.45490565586118,9.963554388704864,5.121243412719878,4.8423109759849865
frame_a_889.6_889.64,24.08281653449906,0.0,-0.7847859845653398,406.34951518845,360.2658409390332,46.0836742494169,4.732917246316717,2.028824881372543,2.7040923649441737
frame_mi~_889.64_889.7,15.006404323309056,0.0,-0.7045261828928706,415.8398297554381,367.87396745525047,47.96586230018761,3.1393230455690713,1.3800288851055313,1.75929416046354
frame_Ja_889.7_889.88,13.504494617643843,0.0,0.36424693828120713,417.4719236642571,358.84912367476966,58.62279998948742,21.426055819976796,8.140316397100321,13.285739422876475
frame_se_889.88_889.94,18.084379591997077,0.0,-0.7772159670412863,410.9507957475544,364.11154284535706,46.83925290219736,4.219308788149675,2.8855431990124316,1.3337655891372435
frame_Jo_889.94_890.0,17.213633694622814,0.0,-0.8334651820594619,389.73165910131576,347.9182688638742,41.81339023744158,1.1998927099911043,0.6369061814267525,0.5629865285643518
frame_ra_890.0_890.33,29.741299288184678,0.0,1.722194938009916,416.74512491541486,345.16912519965285,71.57599971576195,82.01062489754068,62.51615075634186,19.494474141198822
frame_na~w~_890.33_890.52,10.217317644674722,0.0,-0.3168334115076953,416.8338203716722,356.54915700820027,60.28466336347191,33.60395976547994,12.500260143061297,21.103699622418645
frame_fi_890.52_890.82,24.816941958625094,0.0,0.13049716114739027,411.1689585574287,346.0524388791782,65.11651967825048,83.42509591187294,54.64858501775082,28.776510894122126
frame_ka_890.82_890.96,55.74870643103888,0.0,-0.5758709076831778,409.68713044299807,357.36069634892937,52.3264340940687,3.5577737507940412,2.467518438626726,1.090255312167315
frame_dZi_890.96_891.14,51.98192965265093,0.12000000000000455,-0.0785250839348962,409.2352894591296,353.5175361750785,55.71775328405113,16.962607943693286,12.791522244764508,4.171085698928778
frame_pE_891.26_891.55,6.603823626852815,0.4700000000000273,1.3145756871115646,414.56750699018414,347.83988589287463,66.72762109730951,33.640961684005276,9.579050102359531,24.061911581645745
frame_ko~_892.02_892.32,7.362937669235691,0.0,1.181522257945728,416.59768519908005,346.16866015035583,70.42902504872421,37.83803991792364,15.269504811531903,22.568535106391735
frame_mu_892.32_892.38,35.49893196082243,0.0,-0.6045451718067677,414.19244773513543,366.0638973916679,48.12855034346751,1.5302697958941565,1.1769119075292451,0.35335788836491133
frame_ew_892.38_892.44,41.31526409124655,0.0,-0.7772159670437753,407.76238671855793,360.7434576480562,47.01892907050171,0.7105861081816869,0.19034045989664605,0.5202456482850408
frame_vow_892.44_892.6,29.555775045460194,0.0,-0.8334651820574849,417.0160370538485,360.1346473591008,56.88138969474767,4.904072453668036,1.4745968376210499,3.429475616046986
frame_le_892.6_892.73,40.13422602863611,0.0,0.31743266353699073,415.8644737844694,361.54261148236213,54.32186230210726,8.027282933055005,4.360925342783929,3.666357590271076
frame_va_892.73_892.98,37.147575503799104,0.0,0.05087432295974547,416.2652475621881,351.6869689165222,64.57827864566593,10.960704259447908,2.5077974545039865,8.452906804943922
frame_la_892.98_893.08,40.21300542559665,0.0,-0.4714133692426906,413.3106984392104,363.32449003559486,49.986208403615535,6.937581839448981,3.5695625355700713,3.36801930387891
frame_nu_893.08_893.18,36.301602633789145,0.0,-0.4664640034810099,413.0745503684623,362.72450902503147,50.35004134343086,18.50995232504745,13.158737420331263,5.351214904716187
frame_sew_893.18_893.37,30.23088684342912,0.0,-0.7772159670437753,417.4508892208925,358.15780178731103,59.29308743358149,14.749136710805033,7.2171071844923205,7.532029526312712
frame_ko~_893.37_893.55,30.756694968000986,0.0,-0.602615867347209,413.86675432916616,354.6604922466984,59.20626208246773,9.86472400809653,7.527597118543241,2.3371268895532893
frame_suw_893.55_893.77,51.058954218876195,0.0,-0.6045451718051978,410.09811534542865,350.33791821547385,59.760197129954804,48.17767900444144,15.023122968285492,33.154556036155945
frame_tO_893.77_893.94,40.35802444051217,0.0,-0.2691257863888767,414.72012881060783,357.15067837284687,57.56945043776096,5.119289339163359,4.232303431381453,0.8869859077819058
frame_riu_893.94_894.05,40.94180333063197,0.0,-0.4965695740970928,410.82854073568166,361.28367290888343,49.544867826798225,2.4963985435621083,1.3108947243526359,1.1855038192094725
frame_pa_894.05_894.18,43.432311580352405,0.0,-0.36695583080339095,409.4699896150776,359.10938766961755,50.360601945460076,2.2775261208651187,1.3047859591098216,0.9727401617552971
frame_ra_894.18_894.24,79.95902958162422,0.0,-0.889243523005827,391.3810649210242,347.22479845843475,44.15626646258943,8.144103348585098,3.3700193814811144,4.774083967103984
frame_tSi_894.24_894.31,43.29382026991716,0.0,-0.3920584515565436,411.884275280887,363.42293158258616,48.46134369830082,11.758861587792921,4.780798465724018,6.978063122068903
frame_raX_894.31_894.51,41.534030415595296,0.0,-0.2624982923617162,411.1306163703438,352.2378380118538,58.89277835848998,2.8750115023252647,1.5391848055993194,1.3358266967259453
frame_ujs_894.51_894.6,43.15510310429512,0.07999999999992724,-0.6045451718067677,394.698932823916,347.36882283283296,47.33010999108302,107.58146028316679,70.93091621515465,36.65054406801214
frame_po~_894.68_894.82,53.37613611952999,0.0,0.034576320257825345,407.86647926407386,355.51638352608984,52.35009573798402,4.235236494504065,1.1908882347427863,3.0443482597612785
frame_tus_894.82_895.01,74.12618274294502,0.0,-0.3283828351552522,423.1168500040517,363.614212034868,59.502637969183695,26.796985436205425,17.46539935510725,9.331586081098173
frame_e_895.01_895.05,40.000706815775985,0.0,-0.5582862409281198,403.7863013068005,357.7793760961321,46.006925210668385,0.7696912904177253,0.5571764701490309,0.2125148202686944
frame_li_895.05_895.15,34.79034352823048,0.0,-0.3920584515565436,408.11385053716117,359.01845544763796,49.095395089523265,2.661609894454486,1.28606663229246,1.3755432621620258
frame_dZi_895.15_895.21,5.954574751710652,0.0,-0.49656957409590463,395.32858195618905,350.2989616888568,45.029620267332234,140.5039945403053,63.959563389573304,76.544431150732
frame_si_895.21_895.27,85.56229571750714,0.0,-0.4965695740970928,409.6808576870656,362.4036244690806,47.277233217984985,0.7198872391533229,0.29455249600523814,0.4253347431480847
frame_e~_895.27_895.35,0.38643862877970037,0.0,-0.24220195325518004,409.2395198000206,364.33724126370953,44.90227853631103,9.074536923604569,4.812081497620255,4.262455425984314
frame_ta~w~_895.35_895.56,1.2930314980711444,0.0,-0.2150379025200197,414.03532756074696,353.3755762617106,60.65975129903637,4.753323291498646,2.3881411932538015,2.365182098244844
frame_da_895.56_895.69,3.257888939179537,0.0,-0.2624982923617162,413.79382579045216,361.070435578964,52.72339021148815,4.008704972659814,2.4868612814596247,1.5218436912001891
frame_e~_895.69_895.76,2.823400941619724,0.0,-0.41721774824666225,406.57468601725935,364.4555764061854,42.11910961107395,7.111934929828948,3.359754436455688,3.7521804933732597
frame_tra_895.76_896.0,16.71511198372272,0.0,0.2597893998407199,410.38587828937,349.6719739809608,60.71390430840921,27.758449575097586,19.449050680385596,8.30939889471199
frame_da_896.0_896.08,24.435491397779174,0.0,-0.7847859845641523,411.4305164126645,363.0843170365173,48.34619937614718,2.026043488989913,1.4379879598587308,0.5880555291311822
frame_nu_896.08_896.15,24.511188777505396,0.0,-0.6045451718067677,409.06140143951023,364.77742271754954,44.28397872196069,1.9664682650128782,0.5756813280922302,1.390786936920648
frame_os_896.15_896.34,22.825156731924395,0.0,0.2099329593912751,406.59591383462316,352.22480587474786,54.3711079598753,12.097382007418048,7.744314329639508,4.35306767777854
frame_pi_896.34_896.48,54.48885967614815,0.0,-0.3920584515565436,409.03937175321397,356.54146891022674,52.49790284298723,55.618434750733776,29.624648696686407,25.99378605404737
frame_taw_896.48_896.83,58.181799022377774,1.8600000000000136,-0.6803284461248525,411.2457330278316,339.56226701015333,71.68346601767826,32.86542347163004,11.603287455464269,21.26213601616577
frame_ne_898.69_898.9,13.989665202152452,0.0,1.1931515679996125,418.75683293552595,357.7048226637367,61.05201027178924,41.42395074021155,11.732286450078675,29.691664290132877
frame_si_898.9_899.05,3.6428154084697155,0.0,-0.0785250839348962,414.18242869922534,360.2999591768933,53.88246952233203,108.01701914919553,24.411531194330365,83.60548795486517
frame_mej_899.05_899.32,55.99732999372932,0.0,-0.12042678869432007,416.6208891276675,349.61582954518855,67.00505958247896,71.7949231927384,56.17912926601002,15.615793926728372
frame_u_899.32_899.45,46.49649207092908,0.0,0.7762665114523797,406.4276258176346,356.63035634086043,49.79726947677415,17.333726033956196,8.449927109438931,8.883798924517265
frame_te~_899.45_899.65,3.098672176300738,0.0,0.28284543171329757,415.407947586157,357.49671797708464,57.911229609072336,18.372302836804863,5.216319013411578,13.155983823393285
frame_pu_899.65_899.83,7.1868115400473584,2.1200000000000045,-0.052220498502166854,418.06839276672264,360.318686487442,57.749706279280645,75.48618009608437,24.82997097896424,50.65620911712013
frame_foj_901.95_902.48,52.75014792809809,0.0,0.7316320301156551,412.55558384841163,322.27025039913815,90.28533344927345,43.919263880392826,11.104814083210343,32.81444979718248
frame_si_902.48_902.62,13.170447231389659,0.0,-0.07852508393370804,394.7467972703055,342.1700103851864,52.57678688511908,21.462567906516767,7.817461583006178,13.64510632351059
frame_na~w~_902.62_902.85,34.114481351094426,0.0,-0.011446884545825842,414.07133225604264,351.85709432565807,62.21423793038457,12.163659568338403,5.424299572793004,6.739359995545399
frame_mi_902.85_902.91,37.090785818572144,0.0,-0.4965695740970928,399.655712868081,354.1110205781922,45.544692289888815,15.328287091936673,11.210545913163628,4.117741178773045
frame_fa_902.91_903.05,40.68185086346965,0.0,-0.47141336924387817,415.9694233185175,360.86942241520916,55.10000090330834,3.3578454451417343,2.3190672808353128,1.0387781643064216
frame_La_903.05_903.12,43.721766377344395,0.0,-0.889243523005827,414.0720763422397,365.2201545919934,48.85192175024628,1.4048271529551357,0.5038932666003575,0.9009338863547782
frame_a_903.12_903.15,43.11074463168876,0.0,-0.889243523005827,395.90957473446656,351.8719666754471,44.037608059019476,3.9234702295574095,2.324419373650855,1.5990508559065546
frame_me_903.15_903.25,50.89350978862717,0.0,-0.120426788696809,412.22401090886854,361.9169508425608,50.30706006630771,4.4574949966580135,3.0010017450895816,1.456493251568432
frame_mO_903.25_903.4,50.38081901268701,0.0,-1.5104423980299,411.34660982731714,356.4907679798174,54.85584184749973,2.9887276964704057,1.4998155228544192,1.4889121736159865
frame_ria_903.4_903.49,56.68700820111461,0.0,-0.49656957409590463,407.85064005788513,358.824929466767,49.02571059111813,5.613180593904559,2.2231889326353667,3.3899916612691925
frame_u~_903.49_903.52,52.83936614352744,0.0,-0.6429107573202164,394.5991025705879,350.17894981210816,44.42015275847979,1.3975093910446361,0.39177654301057885,1.0057328480340573
frame_ma_903.52_903.64,44.80739916481032,0.0,-0.7847859845653398,408.8793617768962,358.2430999026621,50.636261874234094,3.209062988367421,0.7606677086593407,2.4483952797080804
frame_ses_903.64_903.76,21.04603052873017,0.0,0.0,404.05338208004264,351.88137532251386,52.17200675752878,13.704513341077075,8.05198645694162,5.652526884135455
frame_ta_903.76_904.02,47.37075148591859,0.0,0.09850293742133534,410.32698061198516,345.8320096447501,64.49497096723508,62.7466926380991,20.738071448666332,42.008621189432766
frame_fej_904.02_904.22,20.307999709001535,0.0,-0.7772159670412863,413.6895123895944,354.3705449499109,59.31896743968355,1.6324013767948742,0.6948380869919362,0.937563289802938
frame_ra_904.22_904.3,16.76957465224882,0.0,-0.6803284461248525,410.5606875739914,362.08677882475155,48.473908749239854,8.571452436218493,4.045419909881616,4.526032526336877
frame_ew_904.3_904.36,75.10763013191082,0.0,-0.7772159670412863,394.9275369775454,349.90140672831654,45.026130249228856,16.900100969011334,8.685547694988202,8.214553274023132
frame_fuj_904.36_904.52,38.51022703833695,0.0,-0.3283828351552522,410.4582808674509,357.0908694236467,53.3674114438042,13.350798612062306,7.319740900668577,6.0310577113937285
frame_pa_904.52_904.7,87.68402001222111,0.0,-0.15804075392122896,415.7927709788494,358.4764823499343,57.31628862891506,2.2002434159676696,1.3572616429696893,0.8429817729979803
frame_ra_904.7_904.84,41.483876011267554,0.0,-0.2624982923617162,414.7708298234323,361.3426336096656,53.42819621376668,4.921783629656815,3.5717180004146485,1.3500656292421667
frame_fa_904.84_904.91,79.01299332501175,0.0,-0.889243523005827,398.19397032070714,352.6621237712704,45.53184654943675,20.38151953712469,9.576812717877601,10.804706819247087
frame_kuw_904.91_905.03,44.36586642243448,0.0,-0.1903016668294944,409.04540997553295,358.1853680239544,50.86004195157847,12.917715484322528,7.951722832672843,4.965992651649685
frame_da_905.03_905.22,36.8319350186419,0.0,0.1553318614002327,415.6753341124987,356.3244826301741,59.35085148232463,4.309344744613853,1.695966004381745,2.6133787402321076
frame_dZi_905.22_905.28,38.868141331789346,0.0,-0.4965695740970928,410.8752906139157,364.9654489268644,45.90984168705131,1.932151895482889,1.3781857206726897,0.5539661748101992
frame_o~_905.28_905.35,47.60481744319678,0.0,-0.475177429825043,412.3666333755543,363.3972642120337,48.96936916352058,4.7576197872506185,2.7103170052917562,2.0473027819588623
frame_dZi_905.35_905.41,52.95722020608095,0.0,-0.4965695740970928,413.0654577152777,366.0570741228498,47.00838359242783,10.749894086463868,3.7132743219630555,7.036619764500813
frame_ew_905.41_905.47,34.41137938408272,0.0,-0.7772159670412863,398.3993383412345,352.7482730684616,45.65106527277294,44.00150234534456,26.591679827250573,17.40982251809399
frame_fa_905.47_905.69,49.5701024710535,0.0,-0.15804075392122896,414.64040173309604,351.44672680054384,63.1936749325522,5.235076913023235,3.517846850906608,1.7172300621166272
frame_zi_905.69_905.81,38.36020385471713,0.0,-0.4965695740970928,412.7747048642076,360.96851634794257,51.806188516265024,21.178045226820757,10.58544362286041,10.592601603960347
frame_a_905.81_905.84,50.77652520002849,0.0,-0.8892435230046395,398.36859580046223,353.9687897397137,44.39980606074852,6.571445228507372,3.1861499479795725,3.3852952805277994
frame_u_905.84_905.91,14.161160971569757,0.0,-0.05222049850373666,392.94346332759443,349.71981356786745,43.22364975972698,79.56757521628941,36.350053543770315,43.2175216725191
frame_kuX_905.91_906.06,44.724495721584304,0.0,-0.6045451718067677,413.42014127067034,358.6091788465434,54.810962424126956,4.841336478190556,2.852308241816104,1.9890282363744518
frame_su_906.06_906.12,62.49663820214805,0.0,-0.6045451718067677,393.3848066426107,347.9021092188497,45.48269742376101,13.439796831078908,4.627523356135043,8.812273474943865
frame_dZi_906.12_906.18,51.05027091419835,0.0,-0.4965695740970928,408.9023086202528,363.05122033506586,45.85108828518696,27.501886531605436,9.735362552512939,17.766523979092497
frame_e_906.18_906.21,89.42042307357052,0.0,-0.7772159670412863,411.52226685470976,367.6239957587942,43.89827109591556,1.05738416754604,0.5351136783897559,0.5222704891562842
frame_ko_906.21_906.35,42.01569787295901,0.0,-0.6595654918160249,412.65329924613553,357.4022443680715,55.25105487806405,6.539947441693172,4.383750732297557,2.1561967093956156
frame_no_906.35_906.49,46.27353799430129,0.0,0.03603326914981512,411.6570053306562,357.8245861761344,53.8324191545218,4.231530212070794,3.169770551745927,1.0617596603248671
frame_mi_906.49_906.72,27.21086815285601,0.0,-0.4965695740970928,412.4074514287632,350.42363115113443,61.98382027762875,30.448819079157957,19.00106400770484,11.447755071453116
frame_a_906.72_907.01,26.595944425550144,0.12999999999999545,1.8266524764492156,409.03712452758,342.9145608525195,66.12256367506046,66.69804145179101,17.66079797645709,49.03724347533392
frame_mi~_907.14_907.2,5.897775000690359,0.0,-0.7045261828928706,414.1678324583678,366.9040387361066,47.2637937222612,1.1152662136601208,0.701930095773406,0.41333611788671476
frame_Ja_907.2_907.31,10.481834128314532,0.0,-0.6803284461248525,411.93996717682853,361.03383161107456,50.906135565753914,4.5409267325789955,2.957777566538411,1.5831491660405845
frame_se_907.31_907.49,13.100633356893951,0.0,-0.12042678869432007,414.5441333652008,355.9161462870782,58.6279870781226,9.463322214302195,6.6115422053199495,2.851780008982246
frame_Jo_907.49_907.55,12.170422467278215,0.0,-0.8334651820594619,411.63557441379413,364.4223478015443,47.213226612249855,0.6522858238357969,0.4289085844785774,0.22337723935721954
frame_ra_907.55_907.63,10.79090333676038,0.0,-0.889243523005827,393.5255099906984,347.6956788680305,45.82983112266794,2.4155802066498495,0.9026304093320476,1.5129497973178019
frame_Sa_907.63_907.74,5.5542179452365446,0.0,-0.5758709076831778,412.6831371305056,362.47625502611066,50.206882104394936,4.8646518494587525,2.581961533054539,2.2826903164042136
frame_mow_907.74_907.94,11.952282864335032,0.0,-0.4856658015765419,412.8403681458377,353.21604365352414,59.624324492313576,8.426853212210105,4.03135668796331,4.395496524246795
frame_a_907.94_908.01,13.064866954608192,0.0,-0.47141336924387817,413.47493248704836,364.6843721946009,48.79056029244748,2.7351402279362134,1.5423929525960176,1.1927472753401958
frame_ma~j~_908.01_908.29,9.097557614250363,0.0,0.395735151407191,412.93223297526833,347.4437264779408,65.48850649732753,22.21715049291518,8.465929232653721,13.75122126026146
frame_i_908.29_908.35,14.779726671604777,0.0,-0.1830362064742572,415.48926721479427,367.3353619791694,48.15390523562485,3.5138186257341033,1.2129354608602512,2.300883164873852
frame_ma~_908.35_908.57,11.078681253837374,0.0,-0.011446884544668561,415.1679352552531,352.65889352859324,62.50904172665986,33.21826916811314,13.41231371118863,19.805955456924508
frame_dow_908.57_908.73,1.9622783104785526,0.0,0.03603326914981512,411.9738157933497,356.7067367300217,55.26707906332797,20.570650161600454,16.167630718826302,4.403019442774152
frame_ki_908.73_908.89,2.212041540599941,0.11000000000001364,-0.2875473290159945,410.5870348955444,356.14794140578755,54.43909348975683,10.98646717285392,5.82494879106639,5.1615183817875305
frame_fo_909.0_909.14,12.206148124457286,0.0,0.5577323398741951,411.85896639293736,358.794950034034,53.06401635890336,7.053010108619404,4.299611161893708,2.753398946725696
frame_si_909.14_909.38,51.91745868752223,0.0,-0.2875473290159945,410.2138900620788,347.75162443205187,62.462265630026934,56.33360678355442,37.37917811208982,18.954428671464605
frame_bus_909.38_909.72,26.407790635727906,0.0,0.3620230064751064,403.0511496416877,334.2333570115666,68.81779263012106,65.01121822610335,16.01595152472835,48.995266701374995
frame_kaX_909.72_909.9,29.101598353811667,0.0,-0.5758709076831778,411.45070335561286,353.3035240014651,58.14717935414774,4.008179125451889,1.7737372442611843,2.2344418811907047
frame_u~_909.9_909.99,23.264548378334368,0.0,-0.20746151005853875,411.0687649014268,361.21655848165074,49.852206419775996,10.91570817713513,6.190567640389503,4.725140536745627
frame_ow_909.99_910.2,21.488505127326363,0.0,1.0794314105985752,414.6257071543343,354.3758332628462,60.24987389148811,36.59599288291221,10.39832353003385,26.197669352878364
frame_tru_910.2_910.35,24.63334907971327,0.0,-0.4664640034794401,412.08236722935305,357.84670384651287,54.23566338284019,89.74319165759131,38.91960362108853,50.823588036502784
frame_mE_910.35_910.63,25.605928802855658,0.0,0.46499416976319924,414.05324566754035,347.00144595723566,67.05179971030469,10.74796403090339,4.285783309013411,6.462180721889979
frame_dZi_910.63_910.78,21.926007390858373,0.0,-0.3920584515565436,394.67784928384157,343.5746959977474,51.10315328609414,6.972276806541885,2.853089983926182,4.119186822615703
frame_ku_910.78_910.9,63.201909173557425,0.7699999999999818,-0.1903016668294944,393.63282118594077,343.2786718155565,50.35414937038428,19.128471881550794,8.40898789056304,10.719483990987754
frame_si_911.67_911.8,10.586090417761326,0.0,-0.2875473290159945,412.3985549183112,360.39735880249003,52.00119611582119,14.238550322463425,4.7536575525208065,9.484892769942618
frame_ruR_911.8_912.0,10.7018720389555,0.0,-0.05222049850373666,414.0647973151936,353.33372793696066,60.73106937823292,8.37332546614472,3.427879777042932,4.945445689101788
frame_Zi_912.0_912.11,12.900263280179374,0.0,-0.3920584515565436,412.849023876532,362.24700366063615,50.602020215895834,12.714570098792095,5.323724941806304,7.39084515698579
frame_a~w~_912.11_912.24,8.935696627569712,0.0,-0.11324239353234414,413.8519302148642,360.6883557680298,53.16357444683439,12.060346380856956,3.298650178128227,8.761696202728729
frame_da_912.24_912.34,10.610662940825279,0.0,-0.5758709076831778,412.82869110233884,363.2675892996965,49.56110180264233,5.065230500402308,2.9542827534838665,2.1109477469184412
frame_sa~_912.34_912.51,22.34524006398692,0.0,-0.4186289204965281,411.7247257952829,354.8587557804731,56.865970014809875,62.38912104369565,21.68914311612879,40.69997792756686
frame_ta_912.51_912.75,32.13798975394825,0.0,0.1553318614002327,409.70942927975256,349.18651328699514,60.52291599275742,56.54307022520709,25.167046120283686,31.376024104923403
frame_ka_912.75_912.99,32.29695866548339,0.0,0.36424693828120713,406.48254148108,345.58573681347013,60.89680466760984,2.4643562302682653,1.4578864469408472,1.006469783327418
frame_za_912.99_913.32,57.702343073810965,1.2899999999999636,0.6776195536038563,390.800004820062,322.9893144325378,67.81069038752418,4.770038747900557,2.310574985654945,2.459463762245612
frame_e_914.61_914.69,45.78206525323431,0.0,0.31743266353699073,408.5558058953088,361.7253835089777,46.83042238633112,55.929717630757054,35.66588736412203,20.263830266635026
frame_si_914.69_914.84,29.461210529430815,0.0,-0.49656957409590463,415.02903284264994,359.12737589030036,55.90165695234958,59.14974917371308,28.032215708249637,31.117533465463445
frame_mE_914.84_915.09,9.958329407895476,0.0,0.1464011007575622,414.3033372452916,350.8037295307171,63.499607714574495,21.179778274288836,6.679048982674871,14.500729291613965
frame_dZi_915.09_915.17,16.91894157261278,0.0,-0.4965695740970928,395.7623742221478,348.5039474544395,47.25842676770827,21.741862372350568,10.332756092497661,11.409106279852907
frame_ku_915.17_915.34,17.777050050137092,0.0,0.22394183814934865,412.11544484513126,355.24399210333803,56.871452741793235,17.812758641268758,11.583274807809616,6.229483833459142
frame_vej_915.34_915.67,3.989250868211215,0.0,2.2878001985803786,413.91807785238836,343.4275097078033,70.4905681445851,38.72108111117919,24.76101994773896,13.96006116344023
frame_u_915.67_915.79,4.332289039101113,0.6700000000000728,0.6381853431266219,396.0286296135122,346.2273374525446,49.80129216096759,1.7826872205641422,1.0200149089569521,0.7626723116071901
frame_i_916.46_916.54,33.43404943992468,0.0,0.025986038605652958,400.51829690933226,353.6992996792902,46.818997230042044,40.943882572421884,19.696265277160137,21.247617295261747
frame_ko~_916.54_916.69,41.35558432726772,0.0,-0.9849311799079115,412.67890417762965,356.4208341719206,56.258070005709044,17.31549338931076,11.793116582667352,5.522376806643408
frame_u~_916.69_917.0,48.283406197898955,0.0,1.3891857298987458,413.91930085756667,342.57380690600087,71.3454939515658,3.701151852917363,1.6045445657834563,2.0966072871339065
frame_ma_917.0_917.71,62.113246933918234,1.5799999999999272,5.79603893719248,406.6472490350499,305.1878290561079,101.45941997894201,45.10200535894496,13.716098773491652,31.385906585453306
frame_pi~_919.29_919.45,11.578340099600211,0.0,-0.2182401157800279,418.8830606469896,362.57511351674714,56.30794713024244,8.366782079640302,2.8994832611865604,5.467298818453742
frame_sa_919.45_919.81,43.765125416230546,0.0,0.5731620151621816,415.20936405974714,339.3890877660606,75.82027629368656,62.67984985381081,34.22279601203985,28.457053841770957
frame_dZi_919.81_920.22,85.42005230216152,0.8799999999999955,3.056808592285143,407.1084475217798,331.5803648336812,75.5280826880986,31.224583628567274,13.467309141770045,17.75727448679723
frame_pa_921.1_921.21,55.73782940838984,0.0,-0.4714133692426906,410.34826756227983,360.16659998651386,50.18166757576597,7.123419234098392,4.362845222689572,2.7605740114088206
frame_ra_921.21_921.27,96.28049417271365,0.0,-0.889243523005827,401.54258317358233,355.9147630339221,45.62782013966023,10.345374217370512,6.447964729687044,3.8974094876834684
frame_tSi_921.27_921.35,51.849615352891206,0.0,-0.39205845155535546,409.54001708142874,364.00109609355076,45.53892098787799,11.491341647135854,6.020188535194933,5.471153111940922
frame_raX_921.35_921.53,51.38422648978671,0.0,-0.4714133692426906,411.6470819990585,355.50704545349697,56.14003654556154,4.6450478053019,3.601429740815064,1.0436180644868358
frame_so_921.53_921.67,47.83217218519604,0.0,0.2099329593892981,412.40133190288327,360.45495324179086,51.94637866109241,15.18880238481934,7.913367632743459,7.275434752075881
frame_bra~_921.67_921.86,47.142981791518224,0.0,-0.011446884544668561,414.8561788331637,355.45246503678567,59.40371379637804,9.724660331638901,3.8107393428205967,5.913920988818305
frame_se_921.86_922.14,81.23136832712987,0.0,0.7552921157683016,413.87767978797115,346.86673116405893,67.01094862391221,42.90850107107165,22.880107321075798,20.02839374999585
frame_Las_922.14_922.49,74.66394364470199,0.0,-0.36695583080339095,408.0818219704963,335.8132470255336,72.26857494496272,3.725688070907111,2.208071644198398,1.517616426708713
frame_i_922.49_922.67,61.12418696451651,0.0,1.0710972640123326,406.120235357894,350.40129150608107,55.71894385181298,26.518302870284558,20.419613940159664,6.098688930124894
frame_ko~_922.67_922.83,55.61990383027124,0.0,-0.9849311799079115,412.280273212285,356.1801839044123,56.10008930787268,2.1392311160684017,1.7095746849604296,0.429656431107972
frame_u~_922.83_922.86,41.14186111943738,0.0,-0.6429107573202164,394.18358847390255,349.74117756684564,44.44241090705691,2.4556319954675416,1.3848027816751767,1.070829213792365
frame_ma_922.86_922.94,57.993773449752865,0.0,-0.8892435230046395,408.903314853707,361.4105953467547,47.49271950695231,3.1921617845503505,1.309501245877854,1.8826605386724964
frame_a_922.94_923.02,65.40158527567363,0.0,-0.36695583080339095,404.45622701635506,357.8258190622509,46.63040795410416,3.137697493217601,1.7277798970869611,1.40991759613064
frame_gu_923.02_923.26,56.299783368068475,0.0,1.0524288481038953,411.26412203394113,348.0323315883038,63.23179044563739,13.248703111206382,5.900136211102833,7.348566900103549
frame_La_923.26_923.44,57.50286959073999,0.05999999999994543,-0.2624982923617162,412.04306173974896,353.9199688990583,58.123092840690674,12.540636282717188,4.6010714020928845,7.939564880624303
frame_dZi_923.5_924.16,61.30730108743255,0.0,5.669586655801248,408.38675019938273,308.02487940224717,100.36187079713554,103.8722601031876,62.30248897315876,41.56977113002884
frame_a_924.16_924.3,41.11292933908945,0.0,0.2597893998407199,407.8168377751881,353.6958708467086,54.120966928479504,126.30483285101032,67.14635896906273,59.158473881947586
frame_li_924.3_924.37,67.5117653463849,0.0,-0.4965695740970928,410.61544490361223,362.48206216441844,48.13338273919379,5.5253578293969525,4.201240134404372,1.3241176949925801
frame_ajs_924.37_924.53,59.591693082661834,0.0,-0.15804075392122896,409.58957241082953,354.7622726775626,54.827299733266955,21.470572526953717,14.583882933706178,6.886689593247539
frame_mi~_924.53_924.7,52.579192468478254,0.0,0.43014130703709574,421.2226847373497,363.2629846595258,57.959700077823925,9.377173088739553,3.330610966087036,6.046562122652517
frame_tu_924.7_924.81,101.88708751213554,0.6400000000001,0.08586066982202109,394.5668956831628,346.4501021531241,48.116793530038706,0.422832752528997,0.22564619627883786,0.19718655625015913
frame_foj_925.45_925.66,78.5247577994435,0.0,-0.48566580157456485,414.4812494594056,353.49110198734934,60.990147472056265,11.824923026470273,4.202830072355638,7.622092954114635
frame_ko~_925.66_925.77,113.96415899020789,0.06000000000005912,-0.9849311799093602,389.77383290682997,342.0395505357576,47.73428237107237,35.254441741602776,23.944457549417706,11.30998419218507
frame_u~_925.83_925.86,19.962460616589638,0.0,-0.6429107573202164,394.4858254854082,351.42661041525344,43.059215070154835,2.722384439560898,2.2540798478450483,0.4683045917158495
frame_ma_925.86_925.96,23.14069453934266,0.0,-0.680328446123665,409.2731734908675,361.622257763133,47.650915727734514,13.474333866887093,9.76929126139774,3.7050426054893535
frame_te_925.96_926.14,26.682961565495532,0.0,0.0985029374188464,411.8268470433977,353.6594729374857,58.16737410591202,6.656629164776149,4.182253633887385,2.4743755308887643
frame_zow_926.14_926.35,9.30432849223483,0.0,-0.3117661113331049,415.08560494703147,354.78349980939464,60.30210513763683,32.89657944589156,11.36540059279369,21.53117885309787
frame_ra_926.35_926.48,22.159969350015615,0.0,-0.4714133692426906,416.67216070379953,362.914319142074,53.75784156172551,24.58184684740587,13.787861494442254,10.793985352963617
frame_dZi_926.48_926.55,32.14687732078016,0.0,-0.3920584515565436,414.43468938264766,365.85116320502766,48.58352617762006,5.628050396389526,2.010382781986195,3.617667614403331
frame_boR_926.55_926.79,31.986609864140533,0.0,-0.3117661113331049,412.1470795698113,349.8926301814004,62.254449388410876,13.624734909590842,5.550697344506091,8.074037565084751
frame_da_926.79_927.01,16.292619722592505,0.0,0.36424693828120713,414.31678157357453,352.7202710010942,61.59651057248033,40.07324332627793,19.099364507124562,20.97387881915337
frame_du_927.01_927.08,2.913963069945922,0.0,-0.6045451718051978,413.4170204556044,366.0133026304659,47.40371782513853,1.8850146904846667,0.6196984315293719,1.2653162589552949
frame_e_927.08_927.11,1.986654849243493,0.0,-0.7772159670437753,394.8385267221463,350.0646573031105,44.773869419035805,4.4961772137699825,1.6699459478093246,2.826231265960658
frame_li_927.11_927.18,2.5889459357603073,0.0,-0.3920584515565436,403.83337229165977,356.9127956317041,46.92057665995566,4.464096261493381,2.4758105382899203,1.988285723203461
frame_tSi_927.18_927.27,67.61007358350733,0.0,-0.3920584515565436,409.0527922187028,359.4997729537681,49.553019264934676,6.64190419436062,2.2261669504066575,4.415737243953963
frame_row_927.27_927.42,10.153993870426135,0.0,-0.6595654918160249,410.77677169397396,356.7919462213612,53.98482547261284,9.94860092667443,5.4125031275237205,4.53609779915071
frame_ujs_927.42_927.53,69.81432792427931,0.0,-0.6045451718051978,395.7087614589058,346.0095571186776,49.69920434022822,2.3297830256046836,1.3133643061837503,1.0164187194209333
frame_po~_927.53_927.76,10.792955167505127,0.0,-0.09286211726289174,409.3376974367402,348.4004223487788,60.93727508796138,23.814805428616552,16.14202715771961,7.672778270896941
frame_tus_927.76_927.9,69.27098190777747,0.0,-0.6045451718051978,402.3728665567307,348.2914047752599,54.08146178147081,10.734588129351607,6.856954339403352,3.8776337899482556
frame_na_927.9_928.11,9.060821894174424,0.049999999999954525,0.05087432295974547,411.176107315212,352.22572600104064,58.95038131417135,22.799301536141613,16.87122923740793,5.928072298733682
frame_ka~_928.16_928.39,67.38798611501345,0.0,0.4975306603937093,416.0861107048909,352.7261651189669,63.35994558592404,29.536509308485037,19.138302097668173,10.398207210816864
frame_ma_928.39_928.59,97.16879741353591,1.8899999999999864,0.46870447672288185,405.9967957483261,348.1082008616695,57.888594886656676,28.148088023524302,20.94396312755339,7.204124895970914
frame_a_930.48_931.01,55.69793387963726,0.0,4.333633399023284,412.8352414246268,321.8667293117114,90.96851211291542,29.971413970460972,12.10161827006624,17.869795700394732
frame_u_931.01_931.25,92.8250362715853,0.20000000000004547,2.2951593630372846,402.57284688242964,343.0742158112768,59.49863107115283,11.3447652521185,4.984831350730175,6.359933901388324
frame_a_931.45_931.56,8.712438777082596,0.0,-0.053583215481929285,412.84784438685307,362.86691797596296,49.980926410890106,11.649146618603837,6.6859084458402265,4.96323817276361
frame_su_931.56_931.73,11.195140239406328,0.0,-0.1903016668279246,410.13866289983645,355.42943009371277,54.70923280612368,14.243461227560388,10.080841737463203,4.162619490097185
frame_tu_931.73_931.97,3.7110122097045917,0.0,0.5001041748008641,410.80781551359996,351.09963600200854,59.70817951159148,4.662358006471649,1.7602638427385529,2.9020941637330964
frame_ra_931.97_932.25,10.74379471236307,0.8899999999999864,1.3043647842467796,413.32542186517634,347.40974233582887,65.91567952934747,11.305436326021749,4.2045631573165,7.100873168705249
frame_na~w~_933.14_933.43,1.0525643711549435,0.0,-0.011446884544668561,414.25992808291056,347.9164543489628,66.34347373394775,23.545639260567384,7.3948267368840135,16.15081252368337
frame_tSi~_933.43_933.51,27.50687078380294,0.0,-0.7045261828947134,391.6625830525244,346.8943466650409,44.768236387483455,66.10974883980927,35.216596422895336,30.893152416913928
frame_Ja_933.51_933.75,2.7665266508479363,0.6399999999999864,0.8865346304848307,414.9531344923895,353.18728198645704,61.76585250593246,11.509683588551795,5.6067311296720845,5.90295245887971
frame_un_934.39_934.64,114.02127646688656,0.0,1.7428346897342535,397.5558362010527,336.09812027690737,61.45771592414536,2.288358696581575,0.8969970384858357,1.3913616580957395
frame_si_934.64_935.01,93.37167483397828,0.0,0.653052773850136,414.11861499255707,338.8460447460898,75.2725702464673,48.59096226406894,23.982062960436366,24.608899303632576
frame_du_935.01_935.82,84.33300948110669,0.03999999999996362,9.337298947657208,410.2616498298611,295.950099811358,114.31155001850308,30.11190038111664,18.47722030869842,11.63468007241822
frame_be~j~_935.86_936.12,25.602834871812007,0.0,-0.24220195325716973,416.2079512727638,351.66393458826315,64.54401668450066,16.10403895513251,9.926413313530759,6.17762564160175
frame_fej_936.12_936.48,3.0370136569228663,0.0,2.068870472464723,416.439019544643,341.8609378805967,74.57808166404635,13.546072500348814,6.379775187839115,7.166297312509698
frame_tu_936.48_936.59,37.17543334737046,0.0,-0.6045451718051978,413.2210499491583,362.2804971492728,50.94055279988555,55.61533126435515,30.29386940024213,25.32146186411302
frame_e_936.59_936.62,17.85999829270395,0.0,-0.7772159670437753,394.5434654058098,350.1756017926136,44.36786361319622,2.9297249882969396,0.969088072474193,1.9606369158227466
frame_li_936.62_936.68,14.663201396726095,0.0,-0.4965695740970928,423.42039067337566,375.21883443311896,48.20155624025671,0.7908451381284607,0.5634540225480151,0.22739111558044556
frame_na~w~_936.68_936.84,12.377575115737073,0.17999999999994998,-0.11324239353350142,411.83099143719664,357.0688039602556,54.76218747694105,4.447691346229803,1.6302828923704453,2.8174084538593576
frame_estS_937.02_937.12,23.680457647017292,0.0,-0.5582862409281198,414.3529856608932,363.66793957398255,50.68504608691063,14.405709662746915,4.462179423009687,9.943530239737228
frame_na~w~_937.12_937.23,25.758382634786713,0.0,-0.622219938470722,412.8053741203858,363.934688587981,48.87068553240482,12.503580749100536,4.593670197986043,7.909910551114493
frame_tSi~_937.23_937.29,27.782145916572702,0.0,-0.7045261828947134,395.32919506510643,350.57579181387416,44.75340325123227,2.2638434665952616,1.558835623152703,0.7050078434425586
frame_Ja_937.29_937.44,13.745075790504757,0.0,-0.2624982923617162,415.56716517279773,361.6620486549352,53.90511651786255,8.431395461305456,5.440950833217613,2.990444628087843
frame_fe_937.44_937.63,14.639198298805795,0.0,0.09850293742133534,417.27327104982277,357.8167663397011,59.45650471012169,10.958645654808876,6.628862343274037,4.32978331153484
frame_Sa_937.63_937.95,40.46077830591865,0.0,0.25978939984190746,414.2215766949477,344.0362773904461,70.1852993045016,7.4418073771731486,4.459818988715028,2.98198838845812
frame_du_937.95_938.03,36.476895048561175,0.0,-0.4664640034810099,412.3675854555123,363.2771994166168,49.09038603889553,2.468716885511654,1.0757492189360818,1.3929676665755721
frame_u_938.03_938.12,43.1740434826513,0.0,0.22394183814934865,409.5587919421497,361.29802251744246,48.260769424707235,3.9904422087280693,2.272667481255837,1.7177747274722321
frame_Ro~_938.12_938.36,47.68685102875777,0.0,0.7992069453821279,410.13197731082926,348.6147447476474,61.517232563181835,9.673202441350682,4.6412706096324285,5.0319318317182535
frame_bu_938.36_938.42,48.912856014594055,0.0,-0.6045451718067677,408.9206059777223,361.3915017650126,47.52910421270968,2.407135120312901,1.0957739587530284,1.3113611615598728
frame_es_938.42_938.48,50.202906175352055,0.0,-0.7772159670412863,400.13843857080025,354.59340436629043,45.54503420450982,76.70668275917616,49.61174469380897,27.094938065367188
frame_ta_938.48_938.72,42.24747546528229,0.0,0.7820770920443435,413.1726310884416,350.0811013410501,63.09152974739152,7.579341392011145,3.258957077774795,4.32038431423635
frame_va_938.72_939.0,26.443588660991395,0.0,1.3043647842467796,415.4263437160756,349.3901233799079,66.03622033616773,27.680866557473877,15.026865926202234,12.654000631271643
frame_u_939.0_939.1,8.03036212056054,0.0,0.3620230064751064,417.3547388412238,366.17536119474914,51.17937764647468,16.58827467420255,3.7600187177321516,12.8282559564704
frame_mez_939.1_939.56,14.505093570298385,0.0,2.7256596508092,417.0959971126129,332.5429029031859,84.553094209427,22.62210823432366,14.065446058140054,8.556662176183607
frame_mu_939.56_939.62,4.947897716914952,0.0,-0.6045451718067677,412.7161804617465,366.10903245040504,46.60714801134145,139.93119485823348,87.81388278709858,52.117312071134904
frame_Ro~_939.62_939.87,74.34167311023907,0.0,1.181522257945728,415.4172933184289,352.066158299812,63.3511350186169,33.48967569395718,20.27366728342708,13.216008410530101
frame_bu_939.87_939.94,37.383824560453306,0.0,-0.6045451718051978,412.1839413621025,363.74549387847037,48.43844748363216,20.305630532724393,13.41841733108285,6.8872132016415435
frame_nu_939.94_940.07,29.46692933138121,0.0,0.3620230064751064,411.2883198139176,358.9911688051891,52.29715100872846,10.458308681063272,6.041202560495094,4.417106120568178
frame_pe_940.07_940.22,24.103229917333792,0.0,0.09850293742133534,416.85100599624326,361.7988753134242,55.05213068281904,75.09392978918119,55.02191707971785,20.072012709463337
frame_ri_940.22_940.38,47.988017125809336,0.0,0.5485416513095869,410.62467376518646,356.3744017017664,54.25027206342003,6.437785406805418,2.1608652161274193,4.276920190677998
frame_neu_940.38_940.57,48.923444994031684,0.5299999999999727,-0.7772159670412863,407.7970496063387,350.1729158926553,57.62413371368342,10.510664660656388,4.033802555570546,6.476862105085843
frame_e_941.1_941.2,36.53370019780324,0.0,0.7552921157683016,413.29986665707884,363.44743857013134,49.8524280869475,12.53941619143258,9.0331656737511,3.5062505176814796
frame_li_941.2_941.27,41.73673933667196,0.0,-0.3920584515565436,408.0564715092321,360.3831546170075,47.67331689222459,0.9443374224013894,0.4218070906759266,0.5225303317254628
frame_dZi_941.27_941.4,36.99370513351674,0.0,0.2350082836879394,415.2595978370535,362.30182703395474,52.957770803098754,3.30252212619051,1.3519603590030442,1.950561767187466
frame_si_941.4_941.52,36.86378281926849,0.0,-0.4965695740970928,409.65457592196543,358.1050363334988,51.549539588466644,4.903092433312665,2.378456531437436,2.5246359018752287
frame_na~w~_941.52_941.62,16.014208941535813,0.0,-0.8258109564460732,418.76716102319455,367.2039000337179,51.563260989476646,13.339628326394887,7.073177238645812,6.2664510877490756
frame_a_941.62_942.01,0.2387666156834598,0.0,2.8712278608552753,417.0642822233008,339.14950146315493,77.91478076014585,41.26635555794381,12.09936000149736,29.16699555644645
frame_dZi_942.01_942.1,28.55883948128148,0.0,-0.1830362064742572,417.03306440190164,366.8818592635752,50.15120513832642,9.816042641481886,5.167168150704583,4.6488744907773025
frame_a~_942.1_942.24,21.537869905475404,0.0,0.2939396424183582,412.8446569597677,361.7514496009581,51.09320735880959,6.490088517886463,2.6816062200327764,3.8084822978536863
frame_ta_942.24_942.35,15.252507441528948,0.0,-0.7847859845641523,412.60821410762287,362.92356383891126,49.68465026871155,8.294737748593505,6.125283549956279,2.1694541986372258
frame_fa_942.35_942.57,42.897710109999935,0.0,-0.05358321548074174,414.89171340049666,353.52861580788334,61.363097592613315,68.91062060174579,24.230936784295324,44.679683817450474
frame_zeX_942.57_942.76,23.370560409125517,0.0,-0.5582862409281198,415.0349762964009,356.4650513599675,58.56992493643338,8.711628558865826,4.740430010639841,3.971198548225985
frame_su_942.76_942.88,15.816151495190908,0.0,0.22394183814934865,405.8507065070294,355.25666812145386,50.594038385575516,21.42631331390129,11.62438487560361,9.80192843829768
frame_tu_942.88_943.12,39.054356485350795,0.0,0.6381853431266219,415.65629453081294,351.793375133258,63.86291939755495,12.53232120185794,5.428317318707045,7.104003883150895
frame_ra_943.12_943.21,48.763812001088056,0.0,-0.5758709076831778,409.96630329310926,362.2653673370862,47.700935956023045,5.19798573784567,3.556583787498738,1.641401950346932
frame_poX_943.21_943.37,86.99232504232867,0.0,-0.8334651820574849,397.05319546137247,343.724011695967,53.329183765405446,0.854405428912699,0.40257592590390345,0.45182950300879554
frame_ki_943.37_943.48,44.695225307497765,0.0,-0.3920584515565436,406.3882938572508,356.20936926767934,50.178924589571466,4.05680114611846,2.004020740236598,2.0527804058818617
frame_dez_943.48_943.82,23.356007787592645,0.0,2.2878001985778895,415.71226883109534,342.9442864708924,72.76798236020295,41.29029559400581,17.147323525159763,24.14297206884605
frame_dZi_943.82_943.95,0.7263808979422492,0.0,0.2350082836879394,409.28106090569685,359.1479460045484,50.133114901148474,28.754749610398633,9.574261024647,19.180488585751633
frame_ki_943.95_944.22,50.175985778348746,0.0,0.653052773850136,415.8243036798974,348.8398947822174,66.98440889768,68.34831217675539,36.72069656686382,31.627615609891564
frame_e_944.22_944.29,46.449290393612614,0.0,0.0985029374188464,408.4843615969886,362.1964077648118,46.28795383217681,1.6653088459112695,0.9112376436276151,0.7540712022836544
frame_si_944.29_945.17,53.378423588230575,0.9400000000000546,5.042519920556765,410.57551096848164,291.70085916431174,118.8746518041699,51.83760712164839,17.562156154468568,34.27545096717982
frame_a_946.11_946.32,39.51751099913024,0.0,0.9909921689253179,412.4377637582494,353.2534942488137,59.18426950943575,7.455661150723188,4.819610912496884,2.6360502382263036
frame_kaR_946.32_946.58,49.61074861514484,0.0,0.2597893998407199,416.3555855475487,350.7702166626718,65.5853688848768,24.706448317293578,15.56060980039598,9.145838516897598
frame_ni_946.58_946.69,53.30624367462285,0.0,-0.49656957409590463,414.11414313262026,362.74881158051033,51.36533155210992,1.862583990766268,1.341404237572732,0.521179753193536
frame_fi_946.69_946.87,53.732620883599495,0.0,0.02598603860684111,410.7854342867749,355.4085738169879,55.376860469787005,8.49568423150916,4.460721524469136,4.034962707040023
frame_kow_946.87_947.12,48.127742823503695,0.0,-0.48566580157456485,414.07379749249407,350.434215539705,63.63958195278906,10.65252235890965,3.950637125828621,6.701885233081029
frame_dZis_947.12_947.25,87.18043526246583,0.0,-0.4965695740970928,394.4075204667951,343.76596112784426,50.641559338950856,19.45455485995248,10.603133107297232,8.851421752655249
frame_ta~_947.25_947.39,45.401938051878986,0.0,-0.3168334115076953,417.3834274636648,362.82075542991294,54.56267203375188,6.142337528620587,4.540391335874958,1.601946192745629
frame_si_947.39_947.6,68.0246901774482,0.0,-0.28754732901480634,412.9608111035189,352.152115242789,60.80869586072987,51.147299431235496,22.077932123193776,29.06936730804172
frame_a_947.6_947.73,51.25740254470304,0.0,0.1553318614002327,412.2594346732888,360.06757787750564,52.19185679578317,8.161719554657992,2.9259332160138456,5.2357863386441466
frame_da_947.73_947.84,51.73632031805468,0.0,-0.4714133692426906,411.82664993316746,360.46893285648196,51.35771707668556,5.700013489674774,2.5519434227325206,3.148070066942253
frame_da_947.84_948.16,61.851656802810425,0.07000000000005002,1.8266524764492156,410.2920129730069,341.3736739289492,68.91833904405763,9.13497340001949,4.857293827238664,4.277679572780826
frame_da_948.23_948.33,69.75743619461896,0.0,-0.4714133692426906,409.58905835728297,360.06741999461485,49.52163836266817,3.640313789566463,2.3340901673917784,1.3062236221746844
frame_ow_948.33_948.54,61.39187980585223,0.0,1.253331100840035,408.256252118227,351.34165899182995,56.91459312639705,17.324296282909827,11.924651275076997,5.399645007832831
frame_tra_948.54_948.69,73.07702001587708,0.0,-0.680328446123665,411.3035412323728,355.8401819946041,55.463359237768714,5.6804833281169635,2.72624590249994,2.9542374256170234
frame_maR_948.69_949.05,74.23275634101375,0.0,0.6776195536026688,412.026407379503,337.6816582376505,74.34474914185245,14.462616023830535,4.844567426016795,9.61804859781374
frame_Ze~j~_949.05_949.26,74.38887429191395,0.8700000000000045,-1.1172809282026426,410.83980539994513,350.54844533631,60.291360063635125,18.506916894581792,11.271427368867194,7.235489525714598
frame_majs_950.13_950.35,34.706797303655165,0.0,-0.05358321548074174,414.2456566004174,352.58581661641773,61.65983998399969,9.96779500685804,3.2947135460836705,6.67308146077437
frame_dZi_950.35_950.45,38.052421027739584,0.0,-0.1830362064742572,412.3901523384884,362.6551600561122,49.7349922823762,8.193989521066456,3.431252364417034,4.762737156649422
frame_u~_950.45_950.48,37.37282332255991,0.0,-0.6429107573202164,400.10008197632527,354.61592893244426,45.48415304388101,1.9168633167357427,0.48007255791318926,1.4367907588225535
frame_ma_950.48_950.61,39.3031235476836,0.0,-0.3669558308022034,409.72607181376287,359.5875883507676,50.13848346299528,2.5886447780848556,1.1915590272668908,1.3970857508179648
frame_se_950.61_950.77,40.42549233680613,0.0,-0.5582862409281198,412.15854682008273,356.20738565008105,55.95116117000168,7.079105387849168,3.879969951083339,3.199135436765829
frame_ma~_950.77_950.89,27.621898201560853,0.0,-0.8258109564472305,415.2860210233331,363.3003798280281,51.98564119530499,14.161711567825819,6.386619379649062,7.775092188176757
frame_na_950.89_951.16,5.985835473665162,0.0,1.3043647842467796,416.12372122110094,350.3822187140424,65.74150250705856,14.681606439151778,6.657368368261956,8.024238070889822
frame_foR_951.16_951.34,0.023772228132344253,0.0,-0.8334651820594619,417.49951717558304,358.42372927099643,59.07578790458655,94.93379504627087,27.260653922745803,67.67314112352507
frame_mow_951.34_951.58,18.552747578464263,0.0,0.2099329593892981,416.0032980348146,351.59834104047843,64.40495699433615,6.417681499188973,2.715928185364419,3.701753313824554
frame_u~_951.58_951.62,87.7896950543676,0.0,-0.570335882776741,406.23705967393965,363.20398141630636,43.03307825763329,4.129009327292863,2.5837098881297607,1.5452994391631023
frame_ma_951.62_951.81,23.02349624288908,0.0,0.36424693828120713,412.8150877923944,354.8837963059055,57.93129148648893,6.74583864113383,4.109404012676421,2.6364346284574083
frame_pe_951.81_951.92,21.697918219657538,0.0,-0.120426788696809,416.401678669096,365.3746854982097,51.02699317088627,28.63090273210267,15.405520134895013,13.225382597207656
frame_li_951.92_952.1,26.016121138117967,0.0,-0.39205845155535546,416.9337919291801,358.4235448146221,58.5102471145579,8.002834343440838,3.983466232418621,4.019368111022217
frame_ku_952.1_952.2,30.580837699083915,0.0,-0.3283828351536824,405.47352497506375,355.3216571073811,50.151867867682654,2.6365902384993234,2.049207733716159,0.5873825047831644
frame_la_952.2_952.31,36.69102586630936,0.0,-0.47141336924387817,413.00096237824283,361.99116910283055,51.00979327541228,6.6335453502029225,3.172827485423042,3.4607178647798804
frame_dZi_952.31_952.4,38.706456363605525,0.0,-0.3920584515565436,407.3244238524744,357.9977182547799,49.32670559769451,2.721601376906932,1.4365863793565694,1.2850149975503626
frame_si_952.4_952.59,7.841846297909257,0.0,-0.07852508393370804,414.11007054602936,355.5168365470011,58.59323399902826,10.645644570008841,6.680146026062687,3.965498543946154
frame_ka_952.59_952.75,18.33544235191775,0.0,-0.5758709076843653,413.86234560247016,359.4823184387446,54.38002716372557,11.277970731548237,5.171878521149395,6.106092210398842
frame_tri_952.75_952.97,33.704729144644716,0.0,-0.07852508393370804,415.0366279071445,352.785639667375,62.250988239769526,7.825679691529757,4.383906657379541,3.4417730341502164
frame_za_952.97_953.17,36.808763905506495,0.0,-0.1580407539224165,412.2978842857941,352.95410512575137,59.34377916004274,18.001542629071523,7.538017374143905,10.463525254927617
frame_sa~w~_953.17_953.48,11.078485969930455,0.8999999999999773,-0.3168334115076953,412.7520216854624,346.8718147296821,65.8802069557803,47.69170409450794,26.299153888217575,21.392550206290366
frame_i_954.38_954.43,18.4411650706255,0.0,-0.2875473290159945,417.30122170627766,370.86600597994897,46.43521572632869,20.255740435005038,7.5728481406312085,12.68289229437383
frame_lo_954.43_954.67,15.584156542827856,0.0,0.3838326496307581,411.0095152792643,349.9504521091261,61.059063170138245,6.395579530728256,3.3285266401636164,3.0670528905646393
frame_Zi_954.67_954.76,15.687264267900858,0.0,-0.3920584515565436,397.75216775481533,350.2831324443371,47.469035310478205,1.9135453596469034,1.4205099484212838,0.49303541122561967
frame_ka_954.76_954.86,18.85370063881689,0.0,-0.680328446123665,412.4232743477963,362.13380422277737,50.28947012501891,3.6652341512311892,1.658305515168479,2.0069286360627103
frame_me~_954.86_955.07,7.835482796208481,0.0,-0.41721774824467256,412.971446975087,352.87577865944354,60.09566831564348,40.11885678362306,30.776125583349696,9.342731200273363
frame_tSi_955.07_955.18,63.240380745969,0.0,-0.3920584515565436,413.26393292341163,361.1521299380643,52.11180298534731,1.7440960116152695,0.7714413737744437,0.9726546378408258
frame_na~w~_955.18_955.58,0.3656860424860042,0.0,2.0244632952100003,413.97510196031874,337.13600573692804,76.8390962233907,26.05097010633935,11.243671190744081,14.807298915595268
frame_vaj_955.58_955.87,23.818420312794345,0.0,0.36424693828120713,413.1119338617784,347.0335378804267,66.07839598135166,11.595918144945827,8.227443790464164,3.3684743544816627
frame_fe_955.87_956.03,10.184332916934139,0.0,-0.120426788696809,411.93434006438486,356.75234062057905,55.18199944380581,12.414112549123104,7.551400016385884,4.86271253273722
frame_SaX_956.03_956.4,35.837529348818094,0.0,0.05087432295974547,409.81921696149277,333.96942692410164,75.84979003739113,14.515878152513238,6.625705966868992,7.890172185644246
frame_i_956.4_956.43,,0.0,-0.4965695740970928,385.96413521642774,342.4496800167874,43.51445519964034,,,
frame_su_956.43_956.57,66.92831909461155,0.0,-0.6045451718051978,416.73258684001803,362.64982454852776,54.08276229149027,2.7095852258152746,1.4943798934767685,1.2152053323385061
frame_da_956.57_956.79,13.744310351460399,0.0,-0.1580407539224165,401.73289933166706,344.95449740939074,56.778401922276316,124.85047511691903,69.710414010593,55.14006110632602
frame_i_956.79_957.01,41.36000057091027,0.6499999999999773,1.4891417541757175,396.7423886777107,339.0719744287517,57.67041424895905,60.72913363121669,32.15632907338605,28.572804557830644
frame_a_957.66_957.75,35.27482504357306,0.0,-0.2624982923617162,409.07745385780606,360.4265471877286,48.65090667007746,5.592711752385824,1.8930543026571058,3.6996574497287185
frame_se_957.75_957.89,25.795044379645304,0.0,-0.7772159670437753,415.1476244135388,361.08156448421147,54.06605992932731,35.02817721485913,12.676851815645549,22.35132539921358
frame_Jo_957.89_957.95,27.75503291096048,0.0,-0.8334651820574849,412.4201819934418,364.6338084700865,47.78637352335534,2.72975747912443,1.471491196537798,1.2582662825866322
frame_ra_957.95_958.04,29.530810294786477,0.0,-0.5758709076843653,413.7291792428889,364.68126015137096,49.04791909151794,8.751221279552098,5.986631114576781,2.764590164975317
frame_vaj_958.04_958.2,29.831967582092943,0.0,-0.26249829236290373,411.83702018059915,357.82000377038815,54.017016410211,11.147853045091267,4.962590923975952,6.185262121115315
frame_teX_958.2_958.41,32.16349724091776,0.0,-0.3393565148124644,413.24355148888657,353.28600241060974,59.95754907827683,11.395160401381247,7.800320306772093,3.594840094609154
frame_ki_958.41_958.56,27.126127983763254,0.2900000000000773,-0.18303620647544533,408.88920872436836,356.0392862793138,52.849922445054574,105.95978254330737,64.86670094517531,41.09308159813205
frame_poX_958.85_959.02,44.89258979818048,0.0,0.2099329593912751,412.5222210533128,356.3814249248278,56.14079612848502,15.784302753431746,6.707718579917781,9.076584173513965
frame_meX_959.02_959.33,43.33181960862753,0.0,0.5363623896526462,414.10470968353775,345.9231158511715,68.18159383236622,13.384535873981804,2.973964709233101,10.410571164748703
frame_ku_959.33_959.49,44.58267958313117,0.0,-0.3283828351552522,415.2918782844378,358.11295152938965,57.17892675504817,12.397158543782496,4.956843671493431,7.440314872289065
frame_ri_959.49_959.56,45.241686636980674,0.0,-0.3920584515565436,413.87051223242497,366.4237340135744,47.446778218850625,3.247025264410098,1.6112314506674466,1.6357938137426515
frame_o_959.56_959.62,38.25812891365972,0.0,-0.3117661113331049,403.2983704114523,356.9276334147215,46.370736996730784,31.977060133039075,21.008009343004247,10.969050790034828
frame_kro_959.62_959.97,10.706042665477241,0.0,2.122829552049312,416.1740086749936,341.3344950312973,74.8395136436963,96.93601258796096,67.69350630191292,29.24250628604804
frame_mu_959.97_960.07,12.775620827169718,0.1999999999999318,-0.1903016668279246,410.0985900326319,360.43852853342054,49.66006149921134,146.769325597957,67.88762287439195,78.88170272356504
frame_dej_960.27_960.5,6.310160264495451,0.0,0.5363623896526462,415.41850938141033,353.54834702556036,61.87016235584997,25.962239132958032,6.24323475074867,19.719004382209363
frame_SaX_960.5_961.09,5.202129582119042,0.8700000000000045,0.5731620151621816,412.42818669174505,320.1247791566077,92.30340753513735,22.48710717645588,12.215100717624324,10.272006458831555
frame_fe_961.96_962.15,6.723091591094658,0.0,0.7552921157683016,414.66962537025677,355.9601940092927,58.70943136096406,22.143023552032645,13.226719298701013,8.916304253331631
frame_SaX_962.15_962.52,0.36512660528342167,0.0,0.1553318614002327,414.00958991686656,339.18878999660575,74.82079992026081,22.48845823324129,13.775375686201329,8.71308254703996
frame_vaj_962.52_962.67,5.48074930015531,0.0,-0.3669558308022034,414.885290051718,359.5523206873821,55.332969364335895,10.611771216057292,6.074288540714022,4.53748267534327
frame_na_962.67_962.85,8.00040365157679,0.0,-0.15804075392122896,412.2614255303781,356.2974259432875,55.9639995870906,8.280557310761978,5.251176503836163,3.029380806925815
frame_seX_962.85_963.05,4.581752146703806,0.0,-0.7772159670437753,415.4738705691183,354.5592758555233,60.914594713594965,10.842144107062893,7.706689704133211,3.135454402929682
frame_u~_963.05_963.09,11.810556787916823,0.0,-0.5703358827759158,404.744248576059,359.34927296277067,45.39497561328835,8.330459801686331,5.759907226366167,2.570552575320164
frame_ma_963.09_963.2,7.343663270666852,0.0,-0.3669558308022034,413.1950697659318,362.3036531005237,50.89141666540809,2.631956265235928,1.7105963310317094,0.9213599342042187
frame_es_963.2_963.31,3.8384850294409603,0.0,-0.7772159670437753,398.38146269877456,349.80468853062297,48.57677416815159,5.741151245468927,3.7017934557644026,2.0393577897045247
frame_pE_963.31_963.51,20.81881896395251,0.0,-0.17219196824807478,412.9888260750174,353.7512438420996,59.237582232917816,55.59695679342641,19.28476427095049,36.31219252247592
frame_si_963.51_963.61,45.979660483428006,0.0,-0.4965695740970928,393.5242102252336,345.8041017674808,47.720108457752815,23.408626506188355,10.01583611902602,13.392790387162336
frame_du~_963.61_963.71,7.187291120366524,0.0,-0.5703358827759158,412.16584516651034,362.1450776859122,50.020767480598124,2.9283886675239614,1.2772217300505417,1.6511669374734197
frame_ma_963.71_963.86,14.641180234832149,0.06999999999993634,-0.3669558308022034,410.27434646758763,356.4715126079261,53.80283385966152,6.674468984508124,3.928740968320554,2.74572801618757
frame_kaR_963.93_964.14,59.09858770219182,0.0,0.05087432295974547,413.73470639949613,352.60982266521296,61.12488373428317,8.66580279382761,5.266308541371487,3.3994942524561225
frame_ni_964.14_964.22,65.03895333333632,0.0,-0.4965695740970928,409.1822099853033,363.47720097796343,45.70500900733987,3.277202707144582,1.750359618966442,1.5268430881781399
frame_es_964.22_964.33,26.69060064306052,0.0,-0.7772159670437753,396.3652016173574,346.3254492933135,50.03975232404389,9.014825528053507,3.072430894756991,5.942394633296516
frame_po~_964.33_964.56,40.360761025317345,0.0,0.16201475777709365,410.557060203043,350.90872449100516,59.64833571203786,93.89491144912967,67.84470845732451,26.05020299180515
frame_ZO_964.56_964.86,32.619094843865,0.0,1.504183658811721,411.9019849439378,344.8981138335911,67.00387111034672,70.60489145424336,37.702136794034274,32.902754660209084
frame_za_964.86_965.08,0.001930169043390606,1.0199999999999818,-0.15804075392122896,392.9801033966121,334.7147183440718,58.265385052540296,3.046031235718516,0.619997926601684,2.426033309116832
frame_da_966.1_966.23,21.686933872869545,0.0,-0.3669558308022034,411.5943476491287,359.154633143185,52.4397145059437,13.352339708732742,8.703945033235243,4.648394675497499
frame_ki_966.23_966.4,5.586898386503819,0.0,-0.4965695740970928,414.07425812620613,358.7267184992512,55.34753962695487,5.685935035909637,3.4184240980421663,2.2675109378674705
frame_a_966.4_966.46,67.77374037023829,0.0,-0.5758709076831778,405.61899547314596,360.082012724908,45.53698274823796,9.631652613455103,4.081485430250055,5.550167183205048
frame_sejs_966.46_966.61,20.901386610572203,0.0,0.0,413.7398420919582,359.7173128095967,54.02252928236152,154.8930487487982,102.19802704696234,52.695021701835884
frame_me_966.61_966.71,6.425580537450145,0.0,0.7552921157683016,417.5356487164353,366.48851062910467,51.04713808733061,2.405166341553212,1.355940717317793,1.0492256242354188
frame_zis_966.71_966.77,1.7577767995810945,0.0,-0.4965695740970928,413.7476377952072,365.86585187167805,47.88178592352921,7.7715461596920505,5.094505010293247,2.6770411493988036
frame_a_966.77_967.26,9.007508394680997,0.0,-0.7772159670412863,415.7086110883185,329.48172706411987,86.22688402419863,17.33504262695817,10.947634086723156,6.387408540235015
frame_se_967.26_967.39,0.37542899668819985,0.0,0.31743266353699073,411.16633797048024,360.03207194263297,51.134266027847275,15.95944190068353,9.557021541361948,6.402420359321582
frame_Jo_967.39_967.45,2.092620950191673,0.0,-0.8334651820574849,392.578195649039,347.7123433556275,44.86585229341148,11.748038387163703,6.700685036268254,5.047353350895449
frame_ra_967.45_967.52,0.2570207143595411,0.0,-0.889243523005827,413.28295964763674,365.7193082910678,47.563651356568926,5.265646385833634,1.9458277840793272,3.3198186017543065
frame_vaj_967.52_967.62,5.583863000865421,0.0,-0.8892435230046395,413.3668511833932,363.87423066849044,49.49262051490274,8.7101537980992,5.35820170136158,3.3519520967376195
frame_teX_967.62_967.76,6.1440378441058385,0.0,0.09850293742133534,412.4915816870746,360.7245461481176,51.76703553895703,1.9266324420481595,0.7594679855427131,1.1671644565054464
frame_ki_967.76_967.95,6.668472880336779,0.0,0.2350082836879394,412.2778959662938,355.3954917181536,56.882404248140176,11.354073259081403,4.72487857384688,6.629194685234523
frame_fa_967.95_968.14,12.321161720085655,0.0,-0.15804075392122896,414.06844066776745,355.2404562455219,58.82798442224555,15.066938108767843,11.020986425211873,4.04595168355597
frame_zeX_968.14_968.59,28.74010115164255,0.6499999999999773,2.944589376927345,411.70814499391565,331.1717063034107,80.53643869050495,16.607824470879308,13.333027419054758,3.2747970518245495
frame_o_969.24_969.27,73.01842857625141,0.0,-0.8334651820594619,380.64236981830584,337.36667982648885,43.27568999181699,11.723259996528483,8.687610323445526,3.0356496730829576
frame_pe_969.27_969.46,41.494775786138504,0.0,-0.558286240925631,414.82148401576586,354.93488122251784,59.88660279324802,21.442802259352945,9.56790581966861,11.874896439684335
frame_ra_969.46_969.6,47.94213805565393,0.0,-0.2624982923617162,409.60336560914203,357.67384204734066,51.929523561801375,6.370852944491304,4.33628202328498,2.034570921206324
frame_sa~w~_969.6_969.86,44.40160868298109,0.0,-0.7240154474595548,412.4827599277452,348.1660686046721,64.31669132307314,19.18135108344383,12.301754964053629,6.8795961193902
frame_dZi_969.86_970.01,44.715170808210274,0.0,0.4440305287690377,408.7385532816574,355.62208910571024,53.11646417594716,5.8451575795821356,4.164170227179824,1.6809873524023118
frame_pe_970.01_970.15,36.238637359883526,0.0,-0.120426788696809,415.80955164953457,361.29357495277105,54.515976696763516,24.92273009197632,12.134788079240366,12.787942012735954
frame_ri_970.15_970.32,51.50624993588865,0.0,0.5485416513095869,411.84391500434265,356.9278749607806,54.91604004356202,9.657007116893055,3.564169871449181,6.092837245443874
frame_neu_970.32_970.56,59.4802254854806,0.43000000000006366,-0.5582862409281198,407.9924567637487,347.0274715037924,60.96498525995622,8.032854743524481,6.099356407261226,1.9334983362632556
frame_Sa_970.99_971.17,46.048408703078536,0.0,-0.889243523005827,412.5829226389251,354.4761930864251,58.106729552499985,50.992026378567246,15.928789122090677,35.06323725647657
frame_ma_971.17_971.33,39.39497261092602,0.0,-0.7847859845641523,412.8073949295851,356.79499520768394,56.01239972190115,7.216654746175806,4.331767373175964,2.8848873729998417
frame_zi_971.33_971.55,51.674682905768094,0.12999999999999545,-0.0785250839348962,410.22995683806715,351.58865202156835,58.6413048164988,46.57177813738727,16.80104314100994,29.77073499637733
frame_pe_971.68_971.85,22.800138574455858,0.0,0.974221841883957,414.8149250988136,357.87773859159336,56.93718650722025,16.048052415168527,7.632862298722301,8.415190116446226
frame_ri~_971.85_971.99,11.113507866198589,0.0,0.5922366627413767,413.69682285752526,360.41128935550387,53.28553350202134,20.828771326578178,9.798331100223194,11.030440226354983
frame_ne_971.99_972.13,5.247065279512455,0.0,-0.7772159670437753,413.85676343394687,359.43235022898784,54.42441320495902,9.769298782714202,4.089865071418586,5.679433711295616
frame_o_972.13_972.2,16.29607684164921,0.0,-0.13786642109164488,410.8300384057388,364.3161013588309,46.51393704690787,2.34466937787559,0.9915892986291652,1.3530800792464248
frame_Ra_972.2_972.4,25.65655289757254,0.0,0.1553318614002327,412.18735137421726,353.2208970621275,58.96645431208975,8.567526408381198,3.157742550989866,5.409783857391332
frame_fi_972.4_972.77,50.05467335627176,0.0,1.3846306316351684,412.137785908532,336.9996491341674,75.13813677436468,44.909078476441586,22.480070588869168,22.429007887572418
frame_a_972.77_972.87,39.63189158702501,1.6899999999999409,-0.15804075392122896,399.32514098826243,350.7770893954756,48.548051592786805,72.62874326927161,45.99675967657234,26.631983592699264
frame_i_974.56_974.59,27.24227746691176,0.0,-0.49656957409590463,392.90563337856236,352.0057168235213,40.899916555041045,0.8247262585486652,0.46844150708002985,0.35628475146863536
frame_a_974.59_974.67,63.8156871002177,0.0,-0.36695583080339095,405.63859353951796,359.138869792097,46.499723747420944,48.81299597352678,30.973773082493523,17.83922289103326
frame_si~_974.67_974.91,36.28090849391661,0.0,0.7543320184456576,408.94518510933585,348.62864950224844,60.31653560708736,59.269623599189316,13.471097589567151,45.798526009622165
frame_foj_974.91_975.08,13.914041904538209,0.0,-0.4856658015765419,413.8891676579607,357.1623023418266,56.72686531613408,10.238717351787216,5.076779850205568,5.161937501581647
frame_fej_975.08_975.34,59.64330576948859,0.0,0.31743266353450184,413.00615356453034,348.49167431441094,64.5144792501194,30.8302677829571,14.524805740868814,16.305462042088287
frame_tu_975.34_975.41,78.09212910145263,0.0,-0.6045451718067677,398.6371438460039,352.3098396494966,46.32730419650727,5.67470517290797,2.9955103329024837,2.6791948400054864
frame_sejs_975.41_975.54,74.65865646886405,0.0,0.0,415.24763351353045,362.24611722185557,53.001516291674875,1.333820471799946,0.6688918903561998,0.6649285814437462
frame_me_975.54_975.71,13.513996818670293,0.0,2.2878001985803786,418.23559461313533,360.07304436707574,58.162550246059595,14.955333304209717,4.846035635172441,10.109297669037275
frame_zis_975.71_975.78,31.631197245420438,0.0,-0.4965695740970928,412.65768333171025,363.75602091833036,48.90166241337988,8.007051662913199,2.306588937911357,5.700462725001842
frame_de_975.78_976.0,34.151608201513014,0.0,0.7552921157683016,415.6942659333767,352.55976885953027,63.13449707384643,7.420604909166528,3.814178671003603,3.606426238162925
frame_pojs_976.0_976.09,43.18994307854585,0.0,-0.4965695740970928,402.5635662593171,353.905355754864,48.65821050445311,5.763036657538933,3.352310923974059,2.410725733564874
frame_E_976.09_976.55,25.846843270879774,0.0,-0.5582862409281198,414.6170427732336,329.82185988018534,84.79518289304826,30.03098244309048,12.900837582907457,17.130144860183023
frame_la_976.55_976.66,24.23411350504108,0.0,-0.7847859845653398,412.2340689892127,361.28006265345994,50.95400633575281,4.139917420550475,2.3817657643728154,1.7581516561776596
frame_e~_976.66_976.78,25.74172517401813,0.0,0.45786122670279006,409.1127524760595,358.2161221734043,50.89663030265518,11.592849720501661,7.617562579136205,3.975287141365456
frame_trow_976.78_977.55,40.60069371082439,0.0,9.600516232438022,411.161333531942,299.3979997136826,111.76333381825938,21.39263557575397,8.813667070905566,12.578968504848405
frame_nu_977.55_977.66,42.73979271130584,1.3799999999999955,0.08586066982202109,400.6477845854481,351.3016122105972,49.34617237485088,6.519602909116358,2.5648979364747504,3.9547049726416077
frame_nu_979.04_979.12,11.243700953452972,0.0,-0.6045451718067677,409.34376064526094,362.39483262548833,46.94892801977261,1.8901430948453282,1.1754813951012721,0.714661699744056
frame_os_979.12_979.34,13.063936059670823,0.0,0.905531720357115,410.2978360766445,349.87119439289387,60.42664168375063,11.249876602177551,5.638325121228647,5.611551480948904
frame_pi_979.34_979.57,44.72625758944943,0.0,0.5485416513095869,410.47472878716087,350.12225219408197,60.352476593078904,50.03145278056075,29.25160963788491,20.779843142675837
frame_taw_979.57_979.9,14.891334241686977,0.0,1.0954497073658052,411.8331952722241,342.36902827162027,69.46416700060382,15.597902446536366,9.688780800873388,5.909121645662978
frame_pa_979.9_979.96,7.332005168473444,0.0,-0.8892435230046395,414.05446681008243,368.077417104254,45.97704970582845,17.026260218497413,11.991148422956798,5.035111795540615
frame_ra_979.96_980.03,7.326287647845078,0.0,-0.7847859845653398,408.0865760851404,362.61603040109435,45.470545684046044,26.74639826046962,18.8979888069084,7.848409453561217
frame_fa_980.03_980.29,26.35640845463837,0.0,0.1553318614002327,412.7151555297205,348.0653283812452,64.64982714847531,60.107185543767955,23.445370538702804,36.66181500506515
frame_zeX_980.29_980.69,21.494813568522062,0.05999999999994543,2.7256596508116893,410.84336439393246,335.493643461736,75.34972093219648,9.690196215385924,6.415888652907654,3.2743075624782705
frame_u~_980.75_980.89,46.731446334117805,0.0,0.15541286265883839,411.76590794780594,358.7711289874833,52.99477896032266,5.208229814666581,2.617503847354513,2.5907259673120677
frame_ma_980.89_981.44,59.609231453582055,0.30999999999994543,4.020260783701822,410.3990311429613,319.45804318115825,90.94098796180307,14.078435812885601,7.085282070882997,6.993153742002605
frame_pe_981.75_981.84,20.95675555584225,0.0,-0.558286240925631,411.0683928631599,362.8030091307515,48.265383732408395,10.993444079774818,7.552425190153173,3.4410188896216454
frame_ri~_981.84_981.96,26.02245802448887,0.0,0.26804595133281484,412.37508628611045,360.1638215705457,52.21126471556471,2.3906174102351088,1.2432727012992473,1.1473447089358615
frame_ne_981.96_982.06,25.137555789530197,0.0,-0.7772159670437753,408.67441761020456,358.9668516901836,49.707565920020954,4.536820157249366,1.7088189559096634,2.8280012013397027
frame_o_982.06_982.1,27.590228745486584,0.0,-0.6595654918160249,398.860341624753,354.77891939355845,44.08142223119455,0.9237336465527335,0.5262097319445473,0.39752391460818615
frame_Ra_982.1_982.26,24.714874357385924,0.0,-0.3669558308022034,407.8324380748707,354.22998653658857,53.60245153828214,15.47282761638219,10.822050579834524,4.650777036547666
frame_fi_982.26_982.6,44.96439583138479,0.0,1.5936528767162665,404.9772077959718,334.06796788186637,70.90923991410546,3.5504796772434304,1.3864227304528924,2.164056946790538
frame_a_982.6_982.67,59.464870768008225,0.900000000000091,-0.47141336924387817,384.63364152048905,341.63195939556067,43.00168212492832,25.914829097226253,14.40361867134824,11.511210425878012
frame_nu_983.57_983.67,21.08563491939927,0.0,-0.3283828351552522,409.76316976124974,360.9695338159894,48.79363594526035,6.218986367526028,4.023921234014026,2.195065133512003
frame_se_983.67_983.86,23.61319064087084,0.0,-0.3393565148099755,413.00899097738375,357.20591353932,55.803077438063724,70.30255267488715,18.50798011686976,51.79457255801739
frame_gu~_983.86_984.08,4.2746286259015704,0.0,-0.062311760971587894,422.3031027785827,359.0062405181268,63.296862260455896,41.17072351429029,19.509160953908207,21.66156256038208
frame_du_984.08_984.26,21.46783240317366,0.0,0.6381853431266219,414.62994218908904,357.9289062515908,56.70103593749826,12.969040199826992,7.372268531009013,5.596771668817979
frame_paX_984.26_984.63,41.98546043433352,0.0,0.4687044767216943,414.4521109759328,342.0088122705342,72.4432987053986,49.633801649149135,23.097382263676593,26.53641938547254
frame_tu_984.63_984.7,39.53021144687712,0.0,-0.6045451718051978,393.0816928500543,347.1708904068897,45.910802443164584,46.278861705268525,14.990799525180563,31.288062180087962
frame_a_984.7_984.97,67.78736834501765,0.0,1.6177373995682411,396.31946307476073,332.3896232163357,63.929839858425055,12.721605590179486,6.500018512791364,6.221587077388122
frame_pe_984.97_985.15,44.708633115543435,0.0,0.0985029374188464,410.5565588186803,353.4459675454424,57.1105912732379,49.118304690333964,20.106505781238212,29.011798909095752
frame_zaX_985.15_985.47,22.683286717701435,0.0,0.46870447672288185,412.7695577432008,342.82034803159354,69.94920971160724,17.17905992436431,6.100761747306166,11.078298177058144
frame_dZi_985.47_985.61,24.003139256749435,0.21000000000003638,0.33951940622848853,409.4674057832573,358.0300590787561,51.43734670450118,19.086225200833965,13.458051086814265,5.6281741140197
frame_to_985.82_986.02,2.7863920901522476,0.0,0.905531720357115,415.11955187554753,355.2033561039279,59.91619577161964,9.817310299802273,5.131810101993693,4.6855001978085795
frame_du_986.02_986.25,26.788101407278447,0.0,1.0524288481038953,413.58592490742916,350.13613575695473,63.44978915047443,32.945411541821755,18.216466286288636,14.72894525553312
frame_u_986.25_986.37,43.940598932551126,0.14999999999997726,0.6381853431266219,405.0958025544367,355.04435263287905,50.05144992155766,14.20577880788558,10.397904114084,3.8078746938015797
frame_pa_986.52_986.68,49.39354330977983,0.0,-0.053583215481929285,414.6639973447094,358.3968625618604,56.267134782848984,14.00987867655185,7.961838291968689,6.04804038458316
frame_voX_986.68_987.03,31.614803602074744,0.0,1.427230791081495,411.2860843482353,339.4389133480383,71.84717100019702,111.31032526171553,89.31679782771462,21.99352743400091
frame_ki_987.03_987.13,50.182101323860635,0.0,-0.4965695740970928,411.1282738491554,361.4754202202658,49.6528536288896,2.950299109000696,1.3115803805395672,1.6387187284611286
frame_E_987.13_987.16,22.046082025399784,0.0,-0.8093781062605561,391.4327070204188,348.50272335900786,42.929983661410915,6.165369751375181,2.1299348449452964,4.0354349064298844
frame_la_987.16_987.32,61.694663494480054,0.07999999999992724,-0.2624982923617162,407.8445713949487,354.72632888944185,53.11824250550683,4.202615147509448,2.799237542604331,1.403377604905117
frame_tSi~_987.4_987.51,12.16530996273957,0.0,-0.2182401157818707,413.0179398205343,362.30422603273746,50.71371378779685,7.361117285965335,2.20570827435931,5.155409011606025
frame_Ja_987.51_987.81,5.18359445498308,0.4600000000000364,0.1553318614002327,410.89568000221453,344.77547276529566,66.12020723691887,22.742386980485662,9.508213509879155,13.234173470606507
frame_paX_988.27_988.48,34.188524327259046,0.0,-0.05358321548074174,408.46495272615203,351.0031589515333,57.46179377461874,11.035440944482133,7.757695302544036,3.277745641938097
frame_tu_988.48_988.56,71.4214216487816,0.0,-0.6045451718067677,387.90945278148956,343.1873304219472,44.72212235954237,2.7300467608487153,1.6880815897595198,1.0419651710891955
frame_foj_988.56_988.77,39.837281173985275,0.0,0.2099329593912751,408.7839793099173,351.28764554566646,57.496333764250835,45.33290259796945,12.122607824619806,33.210294773349645
frame_noR_988.77_988.99,34.25090790012551,0.0,0.7316320301156551,412.4370438659288,349.63486887854276,62.802174987386024,15.28272696996838,6.864709245418098,8.418017724550282
frame_maw_988.99_989.31,16.907781828458695,0.0,0.5731620151621816,413.8692507452454,342.1409358915414,71.72831485370398,27.585995940390205,14.535810242788472,13.050185697601734
frame_majs_989.31_989.85,21.259847601731536,0.12000000000000455,1.1999072458062923,412.62873221151153,323.1590590527097,89.46967315880184,70.87427562047135,17.86256772643698,53.01170789403437
frame_Ro~_989.97_990.3,36.7637681188627,0.0,2.455906633152899,413.72626948389996,342.8820608850631,70.84420859883687,10.46626380421047,3.6976397885299264,6.768624015680544
frame_pew_990.3_990.69,51.23310354926713,0.0,1.8499407463465787,415.4055168967111,336.5501625050091,78.85535439170195,54.71477301260305,15.686102301892177,39.02867071071087
frame_ow_990.69_990.82,44.234005077471096,0.0,-0.4856658015765419,409.35331020962053,357.9380856738893,51.415224535731284,7.050583853125914,3.4380579739616053,3.612525879164309
frame_tra_990.82_991.04,58.43687687749433,0.0,-0.47141336924387817,409.73505557283426,348.72986328869376,61.00519228414049,46.02542442431607,11.525317570929474,34.5001068533866
frame_vejs_991.04_991.39,49.364040454523916,0.0,0.5363623896526462,410.6043909986192,339.57966554229455,71.02472545632463,14.411896933355237,8.761585673770256,5.650311259584981
frame_u_991.39_991.42,43.516926233731596,0.0,-0.6045451718067677,376.27663680170144,335.14213226888785,41.134504532813594,22.855779096363705,12.325287500372553,10.530491595991151
frame_te_991.42_991.5,51.58956340296183,0.0,-0.3393565148124644,404.4471176322495,358.9315241583695,45.515593473880074,4.547477726781793,2.1744742923286253,2.3730034344531674
frame_si_991.5_991.8,54.01695060649672,0.0,0.8620750189312343,411.4849753026887,343.2005706470138,68.2844046556749,53.085494872998325,17.80276724303981,35.282727629958515
frame_du_991.8_991.94,58.1043098114,0.0,-0.3283828351536824,403.2587831247804,350.42874365543327,52.83003946934713,38.07615568040539,13.25394703036973,24.822208650035662
frame_Za_991.94_992.17,50.39509303812807,0.0,0.1553318614002327,408.7449022835169,348.5213311701368,60.22357111338016,7.159642697804927,4.089122761036833,3.0705199367680933
frame_de_992.17_992.28,51.911079485397124,0.0,-0.5582862409281198,408.3732349997048,357.286158676716,51.087076322988764,3.9635463085538305,1.1301575004444118,2.8333888081094187
frame_vi_992.28_992.55,58.906585026487846,0.0,0.5485416513095869,411.27947041525414,346.36169008282906,64.91778033242508,44.994752811158264,13.098910578909695,31.89584223224857
frame_du_992.55_992.81,60.43384346381224,0.15000000000009095,1.3285911847554106,407.2037776839588,345.38458787303244,61.81918981092633,35.98208346168437,8.446905650938561,27.535177810745807
frame_a_992.96_993.01,69.42643233674966,0.0,-0.6803284461248525,394.3497714855013,349.65330539049626,44.696466095005064,3.2799421400630706,0.9541595535922127,2.325782586470858
frame_w_993.01_993.12,60.532622546706946,0.0,0.5001041748008641,398.2689889752804,350.0952459096644,48.17374306561601,53.19583068037202,40.49170120547316,12.704129474898856
frame_pri~_993.12_993.32,44.90106804668433,0.0,-0.5424308271885897,412.9157148512228,353.0774139236868,59.83830092753601,55.70942953175569,27.210654989132877,28.49877454262281
frame_mej_993.32_993.57,21.05265045359681,0.0,-0.7772159670437753,412.36271457144056,349.2120312252481,63.150683346192466,45.099084000820426,32.35373634071212,12.745347660108308
frame_ru_993.57_993.66,51.47577157308487,1.580000000000041,-0.1903016668294944,407.11472162528173,360.43483861016676,46.67988301511497,18.27751502259565,14.775620037733347,3.5018949848623038
frame_i_995.24_995.4,3.2870763905421967,0.0,0.8620750189312343,414.5763238559072,357.2203425424558,57.35598131345142,3.0181065365293733,1.621545730015825,1.3965608065135484
frame_E_995.4_995.47,0.8848421835256346,0.0,-0.3845873475851661,411.93643650313885,363.9589804370468,47.97745606609203,2.920698076505431,1.308904262669742,1.611793813835689
frame_la_995.47_995.65,2.778276239168264,0.13999999999998636,-0.05358321548074174,408.3989801466535,353.45225432376037,54.94672582289314,16.023174970402394,13.289172163013674,2.7340028073887197
frame_te_995.79_995.95,21.97814161003285,0.0,0.974221841883957,413.09420488409216,358.52845653776615,54.56574834632602,5.604054739119235,3.494719625385315,2.10933511373392
frame_vi_995.95_996.05,14.950317007188147,0.0,-0.0785250839348962,404.7252373498078,356.9123578290873,47.812879520720514,7.240266779330938,2.8805296133078997,4.359737166023038
frame_ki_996.05_996.13,38.538944714736616,0.0,-0.4965695740970928,386.62945896354546,342.60903759495227,44.02042136859319,123.06787372353605,82.27216331216754,40.79571041136852
frame_fa_996.13_996.37,34.08855894603202,0.0,0.5731620151621816,412.2086715392245,351.15066182508906,61.05800971413544,13.731968558093811,7.46559773044703,6.2663708276467815
frame_zeX_996.37_996.54,43.42494876835835,0.0,0.31743266353699073,411.07623131269196,354.2593214174478,56.81690989524418,9.8009982261147,6.845353571600967,2.9556446545137334
frame_nO_996.54_996.83,0.28701166139740053,0.0,0.7948598807322884,416.8569732828772,348.8985069351914,67.95846634768583,53.08862481149875,17.939445089817326,35.14917972168142
frame_va_996.83_996.97,10.620041059450017,0.0,-0.680328446123665,410.9381447386721,358.7143521416365,52.22379259703564,21.168400616180236,11.76207764167566,9.406322974504576
frame_me~_996.97_997.34,18.720845172814023,0.0,2.733066561568182,410.45407523211793,337.13466235576993,73.31941287634805,69.58535942046964,13.063617625303493,56.52174179516616
frame_tSi_997.34_997.67,75.80549722793751,0.9300000000000637,1.1756083865528817,392.4770636461865,323.57007642714933,68.90698721903715,3.8138782201150008,1.9198775374827903,1.8940006826322104
frame_ow_998.6_998.8,6.817047575225729,0.0,1.0794314105985752,413.1427564342051,355.81907123087956,57.32368520332551,10.110892651059956,3.141988935961791,6.968903715098165
frame_tra_998.8_998.95,10.188791148558863,0.0,-0.5758709076831778,411.71240865680454,357.67760356463344,54.0348050921711,10.829518935372334,7.386663043693062,3.4428558916792724
frame_pe_998.95_999.14,26.031390311093233,0.0,-0.3393565148124644,415.89781774128164,356.6508616288711,59.246956112410544,22.962706619497155,10.470455690208695,12.49225092928846
frame_ri~_999.14_999.27,27.250496868186957,0.0,0.43014130703709574,413.56553481718424,359.70148607114936,53.86404874603488,6.063987752185909,2.519839145621461,3.5441486065644483
frame_ne_999.27_999.39,29.12174426245521,0.0,-0.7772159670437753,411.1491031355383,359.31825794176166,51.83084519377667,3.8092605537352995,2.2290368973872177,1.5802236563480818
frame_o_999.39_999.42,35.5281828826013,0.0,-0.8334651820594619,390.1769256658216,346.1203574103472,44.05656825547442,7.365203736559479,3.114864564044268,4.250339172515211
frame_Ra_999.42_999.57,32.254818739386025,0.0,0.05087432295974547,408.8198079999497,355.99033064395735,52.829477355992424,9.438120445121285,5.005261058867475,4.43285938625381
frame_fi_999.57_999.81,32.0192824506138,0.0,-0.18303620647544533,410.9110092353783,348.31312670028694,62.597882535091344,2.8824782340261237,1.922598850708951,0.9598793833171726
frame_a_999.81_999.84,14.953292487596897,0.0,-0.8892435230046395,384.48398557151427,341.3189273991445,43.165058172369754,25.98248825798548,13.132623396421721,12.84986486156376
frame_sejs_999.84_999.95,56.57853209583703,0.0,0.0,411.04184983507673,360.31291056990364,50.728939265173096,70.11402192323085,45.17836934078046,24.935652582450388
frame_me_999.95_999.98,27.978836243571607,0.0,-0.7772159670437753,395.239885638194,351.9677604958239,43.2721251423701,2.083182609889988,1.1333642877130927,0.9498183221768954
frame_zis_999.98_1000.14,31.089683248767457,0.0,0.4440305287690377,408.23086359304324,353.7624227121727,54.46844088087056,7.620035037255732,4.198761807052193,3.421273230203539
frame_de_1000.14_1000.27,34.3030653849132,0.0,0.0985029374188464,410.1053191275083,357.80777746536774,52.29754166214059,4.115673342815484,2.0265553225754473,2.0891180202400363
frame_pojs_1000.27_1000.37,34.44292296777559,2.269999999999982,-0.49656957409590463,404.9018155931988,356.35182828728944,48.54998730590938,1.127829177380363,0.6526011387288833,0.4752280386514798
frame_ew_1002.64_1002.91,25.332211068488235,0.0,0.31743266353699073,411.40465892689076,347.41782060430563,63.98683832258513,11.965943253396432,7.987316875243806,3.978626378152626
frame_tSi~_1002.91_1003.04,14.08041616641529,0.0,-0.3803354714861516,414.8672153836833,361.7807914925331,53.08642389115016,115.65026170390435,77.25008417623707,38.40017752766728
frame_Ja_1003.04_1003.26,16.8196495224727,0.0,-0.2624982923617162,413.34039972162475,352.8171724123937,60.52322730923106,7.874176237620574,3.9232909500364315,3.9508852875841427
frame_pla_1003.26_1003.5,33.04397212759396,0.0,-0.6803284461248525,413.46222562186176,351.0746030590234,62.387622562838374,126.27712092322307,81.53029642125524,44.74682450196782
frame_ne_1003.5_1003.66,30.01138047123625,0.0,0.7552921157683016,409.93555863840436,355.8328108073696,54.102747831034776,14.267813198770753,5.725504320864744,8.54230887790601
frame_Za_1003.66_1003.93,34.26363466823706,0.0,0.5731620151621816,410.6042928772717,346.2145412823702,64.3897515949015,15.271448909253252,10.01539812071998,5.256050788533273
frame_du_1003.93_1003.99,34.49322339878181,0.0,-0.6045451718067677,406.91957536965333,361.8413578939233,45.078217475730014,4.446090900765611,2.955608513722396,1.4904823870432153
frame_u~_1003.99_1004.02,28.427383718991493,0.0,-0.6429107573202164,396.0129815485901,351.5230362227168,44.48994532587329,3.849358052265245,2.770091031602348,1.079267020662897
frame_ma_1004.02_1004.13,30.69799908226456,0.0,-0.6803284461248525,408.35265940229067,359.51615204778636,48.836507354504306,1.6664667026073516,1.0626410876993901,0.6038256149079615
frame_fa_1004.13_1004.31,37.157686372877095,0.0,-0.5758709076843653,410.27762198349996,353.75387642593563,56.523745557564325,10.163342859249312,6.956907297721102,3.2064355615282096
frame_mi_1004.31_1004.49,36.44010058086273,0.0,-0.2875473290159945,411.2091915134873,353.9615788925371,57.247612620950235,5.3442110807672805,3.0228445703552183,2.321366510412062
frame_lia_1004.49_1004.62,40.09397128994745,0.0,-0.28754732901480634,409.11204666744993,356.8865449531774,52.225501714272525,2.3981839778306693,1.3348636688816242,1.063320308949045
frame_ko~_1004.62_1004.8,45.66345995004866,0.0,-0.602615867347209,407.315953196517,349.548350836052,57.76760236046499,36.992863435235584,11.878491473474398,25.114371961761186
frame_trejs_1004.8_1005.23,50.00589249532281,0.0,0.0985029374188464,409.5908585727108,331.5293947036569,78.06146386905385,38.62583899014531,16.29227135574571,22.3335676343996
frame_fi_1005.23_1005.35,23.035229535666375,0.0,-0.1830362064742572,412.11486803651167,361.1154508387472,50.999417197764444,4.73939029727002,1.923615631550021,2.8157746657199993
frame_Lus_1005.35_1005.49,16.249756642758044,0.0,-0.3283828351536824,410.68911463130024,357.908017110221,52.78109752107923,13.716642396826245,8.240997994084651,5.475644402741594
frame_E_1005.49_1005.52,20.314102735850156,0.0,-0.8093781062605561,397.04425317349427,352.8426859039238,44.20156726957049,0.53676226213463,0.21352200458528614,0.3232402575493438
frame_la_1005.52_1005.66,30.958927111354086,0.0,-0.05358321548074174,410.1146397995868,356.5704855750303,53.54415422455651,11.906319198377005,6.324824619561127,5.581494578815878
frame_dZi_1005.66_1005.73,28.166017905148877,0.0,-0.4965695740970928,412.3221565661356,363.8591962941073,48.4629602720284,4.418598299533599,2.1538134444989936,2.2647848550346055
frame_si_1005.73_1005.79,31.24153454971298,0.0,-0.4965695740970928,406.6900353508135,359.4732219623611,47.21681338845241,5.165880472454475,2.5897614189685356,2.5761190534859395
frame_si_1005.79_1005.86,31.71320724738159,0.0,-0.4965695740970928,395.78290523717317,349.9637578966051,45.819147340568065,4.584145584925949,2.5287989359778322,2.0553466489481167
frame_vo_1005.86_1005.94,32.121621755536424,0.0,-0.8334651820574849,410.60075850747967,361.8698438676588,48.730914639820924,8.742462414200233,5.445214578775648,3.297247835424585
frame_se_1005.94_1006.0,38.264492381896446,0.0,-0.7772159670437753,393.1805643777262,347.9801602712198,45.20040410650648,100.95746092685037,34.727561667676525,66.22989925917385
frame_ki_1006.0_1006.13,28.145933866013067,0.0,-0.18303620647544533,412.3040176600874,359.5808311424568,52.72318651763061,10.475251326552282,6.345317047669468,4.129934278882814
frame_zeX_1006.13_1006.27,27.407111842960163,0.0,-0.5582862409281198,412.2951403305954,358.5245244389733,53.77061589162213,6.887140896331758,3.3286236571772463,3.5585172391545115
frame_u_1006.27_1006.35,26.529556051333927,0.0,0.08586066982359089,391.50965174405223,350.4816513091165,41.028000434935734,3.1957482018034113,1.338435830904487,1.8573123708989243
frame_teX_1006.35_1006.55,40.26135515526684,0.0,0.7552921157683016,411.5501183251962,352.54787522522827,59.00224309996793,11.7649958650657,6.421881092212175,5.343114772853525
frame_sej_1006.55_1006.64,73.19668256708556,0.0,-0.7772159670437753,390.1230431690212,344.4319432460813,45.691099922939884,2.580105411486926,1.127623243865152,1.452482167621774
frame_ru_1006.64_1006.72,25.435703661482748,0.0,-0.3283828351536824,410.9293733784212,362.7947213873125,48.13465199110868,3.8595846886475726,1.9760221264559448,1.8835625621916279
frame_vo_1006.72_1006.79,16.49974579081764,0.0,-0.8334651820594619,409.683121262815,362.326571106845,47.35655015597001,3.476246494717671,0.897015647958554,2.579230846759117
frame_se_1006.79_1006.95,37.58506287229717,0.0,-0.7772159670412863,412.9616439515896,356.2785045149328,56.683139436656745,51.13410752185193,22.34127997313911,28.792827548712822
frame_vaj_1006.95_1007.44,32.659966242537436,0.0,1.9311100148908904,412.1649451601071,326.51161096869515,85.65333419141194,20.112582056915954,9.603929943944038,10.508652112971916
frame_a_1007.44_1007.53,33.187048112739404,0.0,-0.26249829236290373,410.89856076579713,362.17302594360535,48.725534822191776,2.272890721715399,1.5381305616766952,0.7347601600387037
frame_Ru~_1007.53_1007.59,30.737533428775237,0.0,-0.6429107573193913,411.2241734382751,363.20419395492695,48.019979483348095,0.80073221132578,0.2665535641803132,0.5341786471454668
frame_maX_1007.59_1007.72,34.485237275006526,0.0,-0.7847859845641523,411.5187037692582,358.12026136747227,53.39844240178593,8.620039346066264,3.2909775456103745,5.329061800455889
frame_na_1007.72_1007.78,0.8468221619814926,0.0,-0.889243523005827,400.99596561590425,356.4137928957617,44.58217272014258,88.0915595919015,45.56886683580191,42.52269275609959
frame_es_1007.78_1007.92,72.43163978204502,0.0,-0.7772159670437753,391.51833742675393,340.0725938813407,51.44574354541322,5.550032200891472,3.6068846536273114,1.9431475472641608
frame_ki~_1007.92_1008.29,35.49310328814941,0.0,2.3752855754884665,412.4332293437301,336.7658493560212,75.6673799877089,47.17515206375895,8.84188588831367,38.33326617544528
frame_na_1008.29_1008.36,35.244095005790584,0.0,-0.889243523005827,408.9376517833959,360.7127551875285,48.22489659586739,0.5534056203328248,0.244576603129957,0.3088290172028678
frame_vaj_1008.36_1008.66,33.71914011813723,0.0,0.6776195536026688,409.36471716049886,341.9897430285572,67.37497413194166,7.886893821923934,3.5782826472295284,4.308611174694406
frame_a_1008.66_1008.74,40.616716496963846,0.0,-0.3669558308022034,407.72977224160616,359.7111942278274,48.01857801377878,2.133088310281451,0.6939686732343091,1.439119637047142
frame_Ra~_1008.74_1008.8,40.96817254794364,0.0,-0.8258109564472305,416.84363976800796,369.45626495615153,47.38737481185643,3.380151917337159,2.4431693376561157,0.9369825796810431
frame_ZaX_1008.8_1009.0,24.649864439871962,0.0,-0.5758709076831778,411.8832522709363,353.107585125715,58.77566714522129,7.258221919804171,4.2915649723803,2.9666569474238713
frame_ko~_1009.0_1009.14,35.15440450660695,0.0,-0.3477389923043259,406.7538069300754,356.9078347644215,49.845972165653905,9.293454914086993,5.594850794211268,3.698604119875725
frame_kwaw_1009.14_1009.25,54.90324712945369,0.0,-0.6045451718067677,413.22895777476845,361.485009562703,51.74394821206545,48.02217381233757,24.37043358073369,23.65174023160388
frame_kEX_1009.25_1009.66,7.437912930529947,0.0,-0.3669558308022034,420.4199024098001,339.49101052657176,80.92889188322835,50.84067706921657,12.644550573646924,38.196126495569644
frame_ne_1009.66_1009.79,21.15903987305876,0.0,0.7552921157658127,415.26624442794315,362.2925401580812,52.97370426986197,31.818703930652873,13.860006127962492,17.95869780269038
frame_gri~_1009.79_1009.97,34.77683065558132,0.0,-0.3803354714843088,416.55558135661545,358.42858900686394,58.126992349751504,48.05451483722344,10.274245235854906,37.78026960136853
frame_Ja_1009.97_1010.24,21.141723664639073,0.0,0.8865346304848307,416.7843836377496,350.4815529639542,66.30283067379543,11.473002405355956,3.6237267009611003,7.849275704394856
frame_ki_1010.24_1010.38,31.160475248808794,0.0,-0.2875473290159945,411.9764823558296,357.4540668424863,54.52241551334322,7.468828245935654,4.554141123105211,2.9146871228304434
frame_vo_1010.38_1010.51,37.393719821804325,0.0,0.03603326914981512,408.8638049819261,355.61698869844076,53.246816283485316,4.732966664797459,2.1264190603712336,2.6065476044262255
frame_se_1010.51_1010.7,32.09069158836431,0.0,-0.12042678869432007,412.64571059728667,353.7096960560326,58.93601454125405,13.028688837931085,6.777188516556791,6.251500321374294
frame_ki_1010.7_1010.89,36.62328820221771,0.0,0.33951940622848853,412.0308829990094,353.6487725763768,58.38211042263259,49.89137105357081,12.21197448473869,37.67939656883212
frame_zeX_1010.89_1011.07,14.565844631255942,0.0,0.31743266353450184,414.41295297756363,356.46915591818447,57.943797059379165,6.274600599620399,2.1053570646339637,4.169243534986435
frame_majs_1011.07_1011.33,16.527823719506387,0.0,-0.15804075392122896,414.1934718278203,348.40649848009093,65.78697334772937,8.780631209997907,3.083587299503037,5.69704391049487
frame_a_1011.33_1011.57,30.847981792514517,0.0,1.3043647842467796,407.8602670622074,348.94195816416686,58.91830889804055,2.3677866456248893,1.7656717155263237,0.6021149300985655
frame_ki_1011.57_1011.71,12.565707933891048,0.0,-0.49656957409590463,415.1430239939474,360.72954168616377,54.413482307783624,2.6806013553680543,1.9812663012866238,0.6993350540814305
frame_a_1011.71_1012.03,16.8257260744016,0.0,2.1400250917706773,414.68532298593516,345.5727067280098,69.11261625792537,53.266917264491624,18.08195951445778,35.184957750033846
frame_fa_1012.03_1012.21,18.513633254081086,0.0,0.1553318614002327,416.43810459084483,358.0424835132032,58.395621077641636,18.77862442225704,5.44595774649693,13.332666675760109
frame_bri_1012.21_1012.3,74.21817806374537,0.0,-0.4965695740970928,397.54029283741886,349.70660642516117,47.83368641225769,3.396869624145303,1.8856484653855716,1.5112211587597315
frame_ka_1012.3_1012.43,15.394354447557049,0.0,-0.26249829236290373,410.86892951852695,359.36236556825736,51.506563950269594,12.741977967273186,8.1783185914517,4.563659375821487
frame_pe_1012.43_1012.55,21.314075962275993,0.0,-0.120426788696809,414.70582992706693,361.98741581877107,52.7184141082958,9.078087772776627,5.024418990380468,4.053668782396159
frame_gow_1012.55_1012.77,21.526371428827545,0.12000000000000455,-0.48566580157456485,409.39144176830695,352.0021121561876,57.389329612119354,19.442546764667668,7.273265718838161,12.169281045829507
frame_fo_1012.89_1013.05,21.134548036110203,0.0,0.557732339872218,404.95026161658006,351.99367181311686,52.9565898034632,10.764536759328536,3.841090700803491,6.923446058525045
frame_gu_1013.05_1013.2,18.754427538725906,0.0,-0.1903016668279246,410.5999123526156,355.38319729356255,55.21671505905306,7.840301622749266,4.545773093027492,3.2945285297217737
frame_na~w~_1013.2_1013.45,0.03252034897191436,0.0,-0.622219938470722,410.7985262600655,348.33132790096664,62.46719835909886,26.699733889568662,13.018508051663588,13.681225837905075
frame_te~j~_1013.45_1013.67,3.979032137449096,0.0,-0.7672493382236576,412.2694507143748,350.4428931202858,61.82655759408897,5.856387939169352,3.12524359398563,2.731144345183722
frame_majs_1013.67_1013.95,21.524592663372133,0.30999999999994543,-0.3669558308022034,407.83416491968205,342.4493191982483,65.38484572143375,31.251479364395195,20.190174703812687,11.061304660582508
frame_i_1014.26_1014.52,36.044161730606874,0.42000000000007276,1.9071862443379142,401.7981871865589,338.15470790845126,63.643479278107634,25.702093299329732,11.344336208835415,14.357757090494317
frame_a_1014.94_1015.1,16.780869047994443,0.0,0.4687044767216943,413.16957147086686,358.1005451555188,55.06902631534808,32.91985384306395,9.218617381931736,23.70123646113221
frame_si~_1015.1_1015.23,15.12593121530388,0.0,-0.7045261828947134,412.91707142509887,360.21927749589247,52.6977939292064,72.227030734203,19.71246148279063,52.514569251412375
frame_fi_1015.23_1015.44,19.028616323273653,0.0,-0.07852508393370804,411.4760611869783,352.9617101117252,58.5143510752531,67.9933263655093,26.93847965151552,41.05484671399378
frame_ka~_1015.44_1015.63,40.301490957655446,0.0,-0.2150379025200197,412.8026130259037,353.7819713623427,59.02064166356104,50.441732866251016,14.803024345655487,35.63870852059553
frame_mus_1015.63_1015.77,17.386375955673827,0.0,-0.1903016668279246,409.10031073862405,357.0860497440362,52.01426099458786,32.563623450114164,18.841750008029038,13.721873442085126
frame_sO_1015.77_1015.95,34.770458851388724,0.0,-0.44645673090873483,413.14892687663286,356.53099742471227,56.61792945192059,44.632867673335525,15.817402292446516,28.81546538088901
frame_ko~_1015.95_1016.15,27.082737960097177,0.0,-0.34773899230577476,410.4852990436681,351.86550601933976,58.61979302432832,8.302654720958301,3.463611766169734,4.839042954788567
frame_dojs_1016.15_1016.56,49.933910945667094,0.0,0.905531720357115,410.5807935538926,333.60873784584004,76.97205570805255,56.15706040871227,26.771872237632536,29.385188171079733
frame_fi_1016.56_1016.76,44.6636533920765,0.0,0.9665861414717835,404.91552052415534,346.1293540542115,58.78616646994391,5.673731601703665,3.155996522637622,2.5177350790660427
frame_Lus_1016.76_1017.13,24.537196700048398,3.75,-0.6045451718051978,393.56949402471935,323.4809328263079,70.08856119841147,90.50174594789206,52.93133755572474,37.57040839216732
frame_dZi_1020.88_1020.98,34.26839376728377,0.0,-0.28754732901480634,408.33853904447716,359.2120478293579,49.126491215119245,3.899755864903341,0.8580993727952659,3.041656492108075
frame_ma_1020.98_1021.16,31.927598492161536,0.0,-0.36695583080339095,410.42790256505293,351.9116619493975,58.51624061565542,5.913301747939386,2.6024234761219134,3.3108782718174723
frame_nej_1021.16_1021.36,24.446533547280083,0.0,-0.558286240925631,410.65089384588236,350.55642338407273,60.094470461809635,22.73408136570866,15.600186994422586,7.133894371286075
frame_ra_1021.36_1021.46,3.358805783953102,0.0,-0.4714133692426906,409.716587733085,361.0995214357395,48.6170662973455,12.134881223946508,9.88387963850046,2.2510015854460477
frame_ki_1021.46_1021.72,65.51495380257035,0.0,0.4440305287690377,409.5194340050581,346.9921348607294,62.52729914432871,5.887143696402745,2.336708101609524,3.550435594793221
frame_foj_1021.72_1022.08,42.19978147102535,0.7699999999999818,-0.48566580157456485,411.22665221763555,338.1847922749396,73.04185994269596,58.97730848812273,33.08727821306813,25.8900302750546
frame_fo_1022.85_1022.96,67.85906300766786,0.0,-0.6595654918160249,412.26784427721213,362.0543555413615,50.21348873585066,0.9021090786369186,0.26936869727089174,0.6327403813660268
frame_ra~w~_1022.96_1023.09,17.90076042338248,0.0,-0.8258109564472305,411.09804977546986,358.03179013174775,53.066259643722105,6.844798676705793,3.2411956734547545,3.603603003251038
frame_sO_1023.09_1023.39,6.5428542087270785,0.0,0.9721908252501306,412.1453430854457,344.160909864822,67.98443322062371,8.09128502135367,3.9426905703551114,4.148594450998559
frame_ujs_1023.39_1023.52,13.741351864917547,0.0,-0.4664640034810099,401.36622830683467,349.1396171005732,52.22661120626145,9.8662404267357,5.398073363428523,4.4681670633071775
frame_dojs_1023.52_1024.12,38.60156891674191,0.2700000000002092,0.905531720357115,408.8427432372981,315.49999672965777,93.34274650764038,43.925472688367776,17.931966499505094,25.993506188862682
frame_gra_1024.39_1024.63,6.464986878714257,0.0,0.15533186140142022,413.51217492652205,351.75605290392053,61.75612202260152,111.3016379805667,30.658354247706114,80.64328373286058
frame_sas_1024.63_1024.66,40.44657557921536,0.0,0.0,369.8500754322059,329.33454537352986,40.51553005867606,7.1134104653093,3.361860959095253,3.7515495062140474
frame_a_1024.66_1024.69,66.48524294274627,0.0,-0.889243523005827,384.0808239834559,341.14012970938535,42.94069427407055,4.929587383427034,2.202791285603837,2.726796097823197
frame_dews_1024.69_1024.73,7.3479856116987605,0.0,0.0,411.40729097133277,364.98924852778765,46.41804244354512,57.58390837506667,41.20388402635007,16.380024348716603
frame_te~j~_1024.73_1026.07,81.3178703313104,0.12000000000011823,-0.1580407539224165,410.19736384044387,248.93225321773969,161.2651106227042,85.5738919527046,50.65310128745769,34.920790665246905
frame_tSi_1026.19_1026.32,73.07670613525717,0.0,-0.2875473290159945,408.292325412826,355.9534933242463,52.33883208857969,31.889493817850138,5.521714099239773,26.367779718610365
frame_du_1026.32_1026.45,73.49294485848964,0.0,0.0858606698251607,404.33127823799276,352.80606430402264,51.52521393397012,3.344586206955796,0.9395591868074717,2.4050270201483244
frame_bo_1026.45_1026.67,75.80435367328224,0.0,0.9055317203590921,408.91134286841,349.10641140055895,59.80493146785096,32.098401513127705,6.806939749651335,25.29146176347637
frame_a_1026.67_1026.7,16.255940521150706,0.0,-0.889243523005827,376.8417407841932,336.1629298685853,40.67881091560787,5.087604032044112,2.5676871229905487,2.5199169090535634
frame_sa_1026.7_1026.95,69.51789377072143,0.0,0.46870447672288185,410.2977166832239,346.72636730272353,63.57134938050035,6.27178180157253,4.329473932880049,1.942307868692481
frame_u_1026.95_1027.17,24.610185025986596,0.0,2.018997026385769,411.31930035535424,350.31800622422895,61.00129413112535,40.070532296973354,14.61446315930857,25.456069137664784
frame_dZi_1027.17_1027.44,102.2556830444229,0.2899999999999636,1.5936528767162665,393.25105742250815,329.2344778960149,64.01657952649327,6.2196557654764035,4.801479661266946,1.4181761042094578
frame_de_1027.73_1027.82,112.75212836813931,0.0,-0.7772159670437753,402.8608539658705,354.8744651677759,47.986388798094595,1.269693610614631,0.4239370305617811,0.8457565800528499
frame_ze~_1027.82_1028.05,68.9666776695559,0.0,0.6328770216902929,412.33490508071833,350.75246477436724,61.58244030635109,44.966389476439765,6.4869548420009835,38.47943463443878
frame_vow_1028.05_1028.28,67.5666848984518,0.0,0.20993295939325213,411.7052558840968,350.0856781734631,61.61957771063368,7.826760738563863,4.284542922402352,3.5422178161615108
frame_vi~_1028.28_1028.4,62.84170024955412,0.0,-0.056144760073904156,414.9819402316518,361.6185145391883,53.363425692463466,11.466244140591286,6.083562526922975,5.382681613668311
frame_me~_1028.4_1028.67,75.8566443907931,0.0,0.9829086116732574,409.7877459295706,345.84003863485594,63.94770729471463,4.794784217415298,3.0626221562290965,1.7321620611862016
frame_tu_1028.67_1028.82,65.86982039963014,0.0,-0.1903016668294944,409.7115086415994,355.37398275875364,54.33752588284574,1.7483059210531309,1.000765154630372,0.7475407664227589
frame_noR_1028.82_1029.07,63.75445139157816,0.0,0.557732339872218,413.1958244324653,348.5761518599405,64.61967257252479,5.515934751929066,1.9634362477522131,3.552498504176853
frame_maw_1029.07_1029.39,11.81549657230704,0.0,0.15533186139904515,416.38682016737505,344.2528227971137,72.13399737026134,139.47628765890292,91.7597760890622,47.71651156984072
frame_i_1029.39_1029.42,65.48988273185955,0.0,-0.4965695740970928,399.9852460688186,356.03153223580074,43.953713833017844,2.5192125777634544,1.3539566288983451,1.1652559488651093
frame_a_1029.42_1029.47,43.76680969948413,0.0,-0.6803284461248525,393.62536599288666,349.82436792104005,43.80099807184661,7.367093543458935,3.760415525377283,3.6066780180816522
frame_fa_1029.47_1029.61,57.374973781761184,0.0,-0.7847859845653398,414.59773581664854,360.95585873419657,53.64187708245191,211.4677355301684,49.83800168285728,161.62973384731112
frame_mi_1029.61_1029.8,76.18886431845053,0.0,-0.4965695740970928,414.8019539016094,356.45677605526026,58.345177846349145,22.64026660038101,14.447078247590923,8.193188352790088
frame_lia_1029.8_1029.94,86.74753468976525,0.0,-0.49656957409471647,413.51229552037717,361.48565225794874,52.02664326242842,35.25606298436202,14.581191263913581,20.674871720448436
frame_vaj_1029.94_1030.36,32.58524283233774,0.6700000000000728,0.25978939984190746,412.7197421614502,334.56932848553504,78.15041367591522,117.06459230098937,70.78557046500384,46.27902183598553
frame_to_1031.03_1031.1,71.98770167054805,0.0,-0.6595654918180018,404.22019539375236,358.3651706305013,45.85502476325104,97.24927403698962,72.56178002522957,24.68749401176005
frame_ka~_1031.1_1031.39,84.04234041137988,0.0,0.19214413343183986,411.59235710453754,344.7572966774809,66.83506042705665,46.871689757993394,15.386334044631582,31.485355713361812
frame_du_1031.39_1031.63,87.27059463254379,0.0,1.8809158580600114,403.81496476803744,344.697551432214,59.117413335823414,12.736490338343728,3.719936640622322,9.016553697721406
frame_pa_1031.63_1031.74,115.86842202143674,0.0,-0.889243523005827,406.7304008791363,355.5850801248537,51.145320754282636,8.503613216299492,3.4978597252713755,5.005753491028116
frame_ra_1031.74_1031.85,91.85963024716955,0.12000000000011823,-0.36695583080339095,400.504873675681,353.0249514835484,47.47992219213256,0.33014500841944994,0.09588063542439329,0.23426437299505665
frame_fre~_1031.97_1032.22,64.76515500035687,0.0,0.9829086116732574,408.3380263371422,346.69517382449555,61.64285251264664,89.4514132623572,74.41412017773594,15.037293084621268
frame_tSi_1032.22_1032.36,82.52895251733959,0.0,0.1304971611462021,404.65023996496274,352.12322862913106,52.52701133583167,35.17008254030208,12.76546946368535,22.404613076616734
frame_ne_1032.36_1032.47,75.01612119535636,0.0,0.31743266353450184,406.57367577770987,355.6743767884062,50.899298989303645,5.468667717425291,3.9524136810038613,1.5162540364214294
frame_sa_1032.47_1032.78,83.79888578399193,0.20000000000004547,0.5731620151633691,405.45157261351244,337.9199936421853,67.53157897132712,31.518830465809543,10.200989787218347,21.317840678591196
frame_ne_1032.98_1033.14,17.84202658527498,0.0,-0.3393565148074865,411.25345966897424,356.61664545912174,54.6368142098525,11.169285847276058,3.663464109760824,7.505821737515234
frame_sa_1033.14_1033.3,46.52352154180579,0.0,-0.47141336924387817,409.76354286418547,356.12477166896326,53.638771195222205,43.60950898905424,15.378577324948822,28.23093166410542
frame_maR_1033.3_1033.74,23.72550313157724,0.0,1.7221949380087285,412.21007818839286,331.19246243690833,81.01761575148453,28.189743928523214,11.309752403725781,16.879991524797433
frame_Ze~j~_1033.74_1033.96,37.00492396694729,0.0,-0.7672493382256473,412.9792160083102,351.16780399898425,61.81141200932592,19.738905995206167,13.378529410860935,6.360376584345232
frame_a_1033.96_1033.99,42.97637306552002,0.0,-0.889243523005827,386.110076826107,344.43020832982216,41.679868496284826,3.516571828002725,0.8927424157216706,2.6238294122810544
frame_i_1033.99_1034.31,50.29884824502139,0.9300000000000637,2.534252979581209,412.68355440139817,342.5221904721618,70.16136392923636,52.719366524602066,23.65063573183484,29.068730792767226
frame_se~_1035.24_1035.41,2.2851337279763015,0.0,0.10782963672579472,411.16781982951187,355.40862179579165,55.759198033720224,18.75629124653487,6.549718825534541,12.206572421000331
frame_pri_1035.41_1035.54,74.48281232282548,0.0,-0.4965695740970928,394.20081566534355,342.92088354834704,51.27993211699652,7.0394176700556415,2.662657954882917,4.376759715172724
frame_tra_1035.54_1035.7,0.0069677358862634264,0.0,-0.5758709076843653,417.19833731860956,360.51150610548257,56.686831213126936,9.586374331017424,3.99407888708123,5.5922954439361945
frame_ba_1035.7_1035.84,9.722967696118616,0.0,-0.47141336924387817,416.0834296393848,362.85216974763864,53.23125989174616,13.695116037505727,7.79881710675258,5.896298930753147
frame_La~_1035.84_1036.1,3.4132698425890737,0.0,0.2939396424172009,417.3986078097387,350.9158500523338,66.4827577574049,11.399449661323473,6.777866333161597,4.621583328161876
frame_du_1036.1_1036.19,12.924699219827616,0.0,-0.4664640034810099,409.17347506075726,361.20420779533447,47.969267265422786,9.378713203690282,4.308456671732543,5.070256531957739
frame_lu_1036.19_1036.37,31.081174824177367,0.0,0.5001041747992944,410.3182877044061,352.7648456664288,57.55344203797728,9.830094687351988,6.2318433772444735,3.598251310107514
frame_ta~_1036.37_1036.63,2.1870005554416707,0.0,0.4975306603948666,413.64390636091,348.377307966669,65.26659839424104,38.88365016256502,23.174317563520702,15.709332599044316
frame_du_1036.63_1036.72,3.2475072636207187,2.240000000000009,-0.6045451718067677,396.28466891612635,348.1173314811401,48.16733743498622,37.94485398997837,10.948690024092002,26.996163965886367
frame_vaj_1038.96_1039.45,23.010651722634478,0.4700000000000273,2.557855245535001,414.33294409230376,327.94410900762523,86.3888350846785,29.42612383209773,11.10093194179484,18.32519189030289
frame_i~_1039.92_1039.97,15.040245375267261,0.0,-0.3803354714861516,405.37796205089535,359.27333971473706,46.104622336158286,4.795822367545469,2.6227893126545467,2.1730330548909222
frame_du_1039.97_1040.09,17.05432917767287,0.0,0.22394183814777885,411.24538366971973,360.12147174895796,51.12391192076177,10.65234451563073,5.05293997758956,5.5994045380411706
frame_vaj_1040.09_1040.29,9.22209908487767,0.0,-0.1580407539224165,412.13927929113567,356.22935607226964,55.90992321886603,18.939546951320423,9.643706859213722,9.295840092106701
frame_i~_1040.29_1040.32,21.57768966606939,0.0,-0.7045261828947134,379.7323855151684,336.59326373310046,43.139121782067946,18.281683663242504,7.420526703703615,10.861156959538889
frame_du_1040.32_1040.45,10.312652952979207,0.0,-0.4664640034810099,414.5536372402106,362.8294914909433,51.72414574926728,10.122445975077028,5.868762775192266,4.253683199884762
frame_va~_1040.45_1040.68,29.376788694654607,0.0,-0.5204244294818892,411.1591031850674,348.23707988261776,62.922023302449645,17.97525716114778,10.280351701181786,7.6949054599659945
frame_mus_1040.68_1040.81,70.21078995114328,1.3300000000001546,-0.05222049850373666,399.50766576236606,349.63786303043474,49.869802731931316,1.895622611257842,0.8133881080914094,1.0822345031664327
frame_veX_1042.14_1042.25,55.37957619583261,0.36999999999989086,-0.7772159670437753,411.2103755767367,361.3129433824424,49.897432194294254,105.17076544798495,65.17914299729856,39.99162245068639
frame_a_1042.62_1042.67,,0.0,-0.6803284461224774,396.1779008635217,352.2627639255443,43.91513693797742,29.342305592083193,18.039252012093726,11.303053579989466
frame_tE_1042.67_1042.78,,0.7300000000000182,-0.8093781062605561,413.33950031668974,361.9756409745642,51.36385934212552,63.75110013096314,39.36367929152341,24.387420839439727
frame_kwa~_1043.51_1043.77,32.847200251923425,0.0,-0.8258109564472305,407.1649492205682,342.98396334389946,64.18098587666873,62.60024243909608,40.56633769918476,22.03390473991132
frame_du_1043.77_1043.89,51.34519344428232,0.37999999999988177,-0.1903016668263548,407.2517077921008,356.9765628622341,50.2751449298666,2.459795913727355,0.7287037264123981,1.7310921873149567
frame_sew_1044.27_1044.49,32.17339769720698,0.0,1.1931515680021014,415.6295743018271,352.3447592172356,63.28481508459157,41.28708007546274,22.96453172195885,18.32254835350389
frame_niw_1044.49_1044.74,56.74579948432469,0.0,0.44403052877022586,415.0986218542865,352.81293065210525,62.285691202181226,55.082132769130055,23.994723683271275,31.08740908585878
frame_to~_1044.74_1044.91,70.17237880252506,0.0,-0.47517742982359423,416.3602971882989,359.80644757407,56.55384961422891,22.70302382494839,10.26184345709629,12.441180367852098
frame_i_1044.91_1044.94,140.3079583806316,0.0,-0.4965695740970928,373.5628723560814,332.55946699733545,41.003405358745965,3.15980833919528,1.2001919808398895,1.9596163583553903
frame_so_1044.94_1045.13,149.21097556839388,0.0,0.3838326496347121,417.95265838211736,358.3706626673019,59.58199571481549,369.69910834535057,64.64801991336026,305.0510884319903
frame_bri_1045.13_1045.22,45.354586865647974,0.0,-0.4965695740970928,414.52261975060526,365.8104078369279,48.71221191367738,30.685119325919146,14.532584456719974,16.152534869199172
frame_sews_1045.22_1045.32,41.42958004988631,0.0,0.0,415.7143148044538,364.27445620982166,51.43985859463214,5.749102270827223,4.5168170327222015,1.232285238105021
frame_a~_1045.32_1045.62,0.3198079492260604,0.0,0.7552921157707906,417.07052650628304,347.5965648414718,69.47396166481127,47.542069657627536,27.969812675246118,19.57225698238142
frame_te_1045.62_1045.73,3.0378233050808774,0.0,-0.3393565148124644,413.33979691858804,363.6561486402413,49.68364827834671,19.612898789421905,12.844607303612435,6.7682914858094705
frame_pa_1045.73_1046.03,18.495358098847277,0.0,0.6776195536038563,412.4504254151916,346.1842490294963,66.2661763856953,29.12172038381965,19.79385392160856,9.327866462211091
frame_sa_1046.03_1046.34,42.11582454104871,0.0,0.8865346304824556,414.84579057414004,345.7748566318256,69.07093394231441,157.76527636594992,41.59883825299144,116.16643811295847
frame_dus_1046.34_1046.48,112.24704174425328,0.0,-0.6045451718067677,396.6583052155916,344.4945820838342,52.16372313175742,130.59797245028432,80.23400265776566,50.36396979251865
frame_kue_1046.48_1046.65,29.204989435808386,0.0,-0.4664640034810099,415.6725773032352,359.9326138256367,55.73996347759851,12.09161262417129,5.074099333774285,7.017513290397005
frame_ki_1046.65_1046.72,133.41445102750328,0.0,-0.4965695740970928,401.59587355630714,354.8772572670906,46.71861628921653,16.666813730274498,7.38460755008245,9.282206180192048
frame_u_1046.72_1046.75,,0.0,-0.6045451718067677,380.45964181742863,338.15194970570974,42.30769211171889,,,
frame_se_1046.75_1046.81,10.70424395984071,0.0,-0.7772159670437753,416.6470793948669,369.2127682155762,47.43431117929072,25.298199434401596,18.055343160540673,7.242856273860923
frame_JoX_1046.81_1046.93,95.59448626328337,0.0,-0.8334651820594619,408.4662272747488,357.78487664531474,50.681350629434064,111.24087202938655,81.59941535803956,29.641456671346987
frame_te_1046.93_1047.08,25.699191834247017,0.0,0.7552921157658127,416.6368173231456,362.5159683481638,54.120848974981755,38.59473413819077,22.626009222057405,15.968724916133368
frame_ri_1047.08_1047.18,27.840457772713876,0.0,-0.2875473290159945,417.4035459031443,366.2694100273799,51.1341358757644,6.663400458482698,2.263627148030281,4.399773310452417
frame_a_1047.18_1047.22,123.12857273194217,0.0,-0.7847859845653398,391.75947796917734,351.40452265360614,40.3549553155712,7.147658665471923,2.5663875339698166,4.581271131502106
frame_pa_1047.22_1047.31,157.96802951883365,0.0,-0.889243523005827,415.8799016263935,365.30676407860767,50.57313754778585,0.43655339979215313,0.1750472927693565,0.26150610702279664
frame_ra_1047.31_1047.41,33.246930139861945,0.0,-0.47141336924150307,415.97861302834065,364.7871005904541,51.19151243788656,4.805059128750116,2.5842797720997908,2.2207793566503256
frame_nujs_1047.41_1047.58,75.15723478011449,0.0,-0.6045451718067677,409.9776097259399,354.90872886086026,55.06888086507962,130.44755089702355,48.62077727437605,81.8267736226475
frame_ko~_1047.58_1047.82,62.08976447514394,0.0,0.544330070339245,410.4633387688048,348.817433358251,61.64590541055384,110.59076229580329,40.15800839644504,70.43275389935825
frame_taX_1047.82_1048.2,136.39107230712483,0.18000000000006366,0.7820770920443435,409.9037523144701,334.54514117209646,75.35861114237366,133.5094154212494,105.45437656815204,28.055038853097365
frame_so_1048.38_1048.5,83.81483303827886,0.0,-0.6595654918180018,412.43018978291906,359.8219058840477,52.60828389887138,6.089900935226439,4.316759333552653,1.7731416016737853
frame_bri_1048.5_1048.64,6.9747052249012995,0.0,-0.39205845155416735,404.47121737820214,350.62774526606,53.84347211214214,3.1436616602894105,1.1528718888440324,1.9907897714453782
frame_sews_1048.64_1048.72,20.3823692733952,0.0,0.0,415.70069118185063,366.0102231253889,49.690468056461725,21.70033597475407,13.154997579460911,8.545338395293157
frame_a_1048.72_1049.04,0.7311499001827713,0.0,-0.7772159670437753,412.6887264699857,343.92637721351764,68.7623492564681,47.96430969260277,35.00016000433425,12.96414968826852
frame_vO_1049.04_1049.23,2.215273128288686,0.0,-1.5104423980299,415.1685424402478,355.73295542128443,59.43558701896336,29.80498586320695,23.23381580560806,6.571170057598891
frame_Esi_1049.23_1049.55,2.246973462736463,0.0,1.526971066449863,413.1946868714443,344.3834274664213,68.81125940502295,19.36660478274078,7.796110593946963,11.570494188793816
frame_bi_1049.55_1049.69,0.07155496999439492,0.0,-0.18303620647544533,409.44114267841564,355.61032086295234,53.83082181546331,29.886077436134144,14.163356708053357,15.722720728080787
frame_za_1049.69_1049.92,40.875068565590055,0.0,0.25978939984190746,407.6419167703373,346.90754884158144,60.73436792875583,108.61665408689765,55.529209525440564,53.08744456145709
frame_vO_1049.92_1050.36,0.2695500838859459,0.4500000000000455,3.277493104010303,411.91365242904294,330.1373152519019,81.77633717714104,19.391640356181824,9.793681779774403,9.597958576407422
frame_Esi_1050.81_1051.13,41.21873280056843,2.1399999999998727,-0.8093781062605561,396.81953425760526,327.7301104468004,69.08942381080487,106.15309589568112,50.438604091147596,55.71449180453352
frame_bo~_1053.27_1053.35,100.52146807019504,0.9500000000000455,-0.730054304867926,397.2647688935551,351.7037804806242,45.5609884129309,65.4596225363961,46.418004621149265,19.041617915246825
frame_so_1054.3_1054.46,18.295538751625145,0.0,0.20993295939325213,415.4765770748736,359.0100817153783,56.4664953594953,11.388500748696856,3.4873386624693126,7.901162086227544
frame_bri_1054.46_1054.64,11.954789922356127,0.0,-0.49656957409471647,417.8470308695668,359.07782986830205,58.769201001264776,19.36880340888675,4.40685748345112,14.961945925435629
frame_ujs_1054.64_1054.75,3.9096768573147074,0.0,-0.6045451718067677,418.40311747310534,365.9905711958676,52.412546277237766,13.566857533056094,5.2763049406351,8.290552592420994
frame_a~_1054.75_1054.85,8.057421852624145,0.0,-0.11324239353350142,414.7192340537331,365.81304653465384,48.9061875190792,10.401604564727876,7.048874801643848,3.352729763084028
frame_te_1054.85_1055.04,1.6258834485656166,0.0,0.7552921157658127,417.30749319651034,358.6949259529158,58.612567243594526,14.804006888745363,8.487276634299093,6.31673025444627
frame_pa_1055.04_1055.21,34.71159438077848,0.0,-0.0535832154795542,415.5687968399643,359.1337966576389,56.43500018232538,2.354914812440242,1.0788286174841488,1.2760861949560933
frame_sa_1055.21_1055.48,45.11982325595116,0.0,0.36424693828239463,417.2861910372677,352.32453673889825,64.96165429836947,34.3737893466687,17.519919471213967,16.853869875454734
frame_dus_1055.48_1055.57,6.71128886089852,0.44000000000005457,-0.6045451718067677,397.97573057271023,349.7456727352759,48.230057837434344,105.17198155808592,52.926813252416935,52.24516830566898
frame_si_1056.01_1056.09,22.55584669724034,0.0,-0.3920584515565436,414.3464639263601,366.11783497935323,48.228628947006825,6.841180407783341,4.4242180735723196,2.4169623342110214
frame_foX_1056.09_1056.27,1.545333108450052,0.0,-0.8334651820594619,416.95849614526,359.9410529251173,57.01744322014275,108.41919942163057,28.13064944685695,80.28854997477362
frame_ko~_1056.27_1056.34,11.668313625845485,0.0,-0.9849311799093602,420.3281367616597,371.5601774723323,48.76795928932739,11.499206596769966,8.08142019453308,3.417786402236885
frame_taX_1056.34_1056.49,2.6154472991012767,0.0,-0.47141336924150307,414.60417219136326,361.4009124504616,53.20325974090167,18.3152201291162,8.35739457031491,9.95782555880129
frame_te~_1056.49_1056.64,37.76962462744544,0.0,-0.5922335432321754,415.5176542926575,362.0240611303869,53.4935931622706,15.844626045332575,12.446478683619631,3.398147361712944
frame_Ju_1056.64_1056.7,38.457353116936076,0.0,-0.6045451718067677,395.26559024763833,350.47926782103946,44.78632242659887,8.411995747683932,4.675492711667744,3.736503036016188
frame_ki_1056.7_1056.82,55.06875967932001,0.0,-0.18303620647544533,415.68793174837367,364.7751760261993,50.91275572217438,24.838953171271925,16.366513318258683,8.472439853013242
frame_ko_1056.82_1056.95,48.65583053452809,0.0,-0.8334651820594619,417.9159574169284,363.2923051396795,54.62365227724888,28.21968471837789,18.87216883723397,9.34751588114392
frame_me_1056.95_1057.08,21.37958932056739,0.0,-0.3393565148124644,416.2755640411928,363.12249546007394,53.15306858111887,34.80928502472176,19.460932039124657,15.348352985597103
frame_saX_1057.08_1057.26,15.805034139670568,0.0,-0.6803284461248525,416.54301182133395,359.98434582570536,56.55866599562859,7.066536456532916,3.9863005876736963,3.0802358688592193
frame_ko~_1057.26_1057.32,14.75775065566512,0.0,-0.9849311799093602,428.20759804425523,379.510210786881,48.69738725737426,13.333005808732977,7.431676245972795,5.901329562760182
frame_u_1057.32_1057.35,89.82927508101191,0.0,-0.6045451718067677,397.93626256037305,353.1390282457967,44.79723431457637,1.525488486020862,0.7092368072720419,0.8162516787488201
frame_des_1057.35_1057.48,24.540214737512358,0.0,-0.5582862409281198,408.0684242297333,357.0180957326244,51.05032849710892,17.41572794792326,8.015073726105484,9.400654221817774
frame_ko_1057.48_1057.55,34.65771199818373,0.0,-0.8334651820594619,417.4205546976828,368.10585962157006,49.31469507611274,6.787430048011672,4.998045439867383,1.7893846081442888
frame_bri~_1057.55_1057.68,40.337849042064306,0.0,-0.7045261828947134,418.6897001287503,364.55825034774756,54.13144978100274,14.465134051175156,4.3228229788279435,10.142311072347212
frame_me~_1057.68_1057.84,39.80677964439819,0.0,-0.41721774824666225,415.1361208886932,360.359571112205,54.776549776488196,19.92932023595519,4.9000847632890725,15.029235472666116
frame_tu_1057.84_1057.95,44.736606932239994,0.30999999999994543,-0.1903016668294944,416.4560788974544,364.4108858207462,52.045193076708244,10.186163935153616,4.545703282250258,5.640460652903357
frame_du_1058.26_1058.32,86.36911819629213,0.0,-0.6045451718067677,400.69292093309195,358.7257160071516,41.96720492594034,3.769667248688421,2.2247996574094273,1.5448675912789938
frame_bra_1058.32_1058.83,80.8437960980854,0.0,3.1846004761755493,423.52057613949864,332.7184667601536,90.80210937934507,31.64369067699964,20.267232424037147,11.376458252962493
frame_ziw_1058.83_1059.23,37.51275028790619,0.9200000000000728,-0.49656957409471647,413.64892421419665,337.0484595017876,76.60046471240906,85.30272682691778,41.03140686701161,44.271319959906165
frame_poX_1060.15_1060.33,3.4256952625216996,0.0,-0.8334651820594619,412.3921817219939,356.0048595617329,56.387322160260965,14.22495036022461,7.251408199887393,6.973542160337217
frame_ki_1060.33_1060.48,29.418344489102665,0.0,-0.4965695740970928,417.5053235474926,361.04044469703166,56.464878850460934,51.68933148849605,16.818858751870252,34.8704727366258
frame_mew_1060.48_1061.14,7.797518056626373,0.0,0.9742218418814681,413.9999827880805,312.8103250731314,101.18965771494908,20.36355577588577,10.516555237870534,9.847000538015237
frame_paj_1061.14_1061.45,16.133418939147518,0.0,1.0954497073658052,415.60240380018365,346.25543633923076,69.3469674609529,17.194015515110706,10.603359819709993,6.590655695400713
frame_E_1061.45_1061.58,7.177640477399052,0.0,0.2525987904249006,414.4502634110743,361.02798682493756,53.42227658613672,23.558526054541872,10.750137861436414,12.808388193105458
frame_da_1061.58_1061.7,4.703385494262321,0.0,-0.5758709076843653,414.6081969063686,364.1218025522018,50.486394354166805,13.585097399965818,5.590350186952321,7.994747213013497
frame_fa_1061.7_1061.86,6.824379403299346,0.0,-0.6803284461248525,415.6024567705395,359.4198192889422,56.18263748159728,3.2946377301377083,0.9421498884741055,2.352487841663603
frame_mi_1061.86_1062.0,4.7061941801552365,0.0,-0.4965695740970928,417.3310566829759,361.90075539087576,55.430301292100125,9.727305339925138,4.462243180085068,5.26506215984007
frame_lia_1062.0_1062.11,0.8112070504001849,0.0,-0.4965695740970928,416.7970022573059,366.114745685012,50.68225657229391,9.68637477336847,3.935406910134205,5.750967863234266
frame_dujs_1062.11_1062.28,2.5128925325337548,0.0,-0.1903016668294944,398.9733643822313,344.0164432982539,54.95692108397742,7.619504152480317,4.639313777415921,2.980190375064396
frame_pe_1062.28_1062.39,2.262642972576728,0.0,-0.5582862409231419,418.7769661367433,366.7818676952481,51.9950984414952,8.383869090113109,3.5663911149411405,4.817477975171968
frame_rej_1062.39_1062.53,6.212520073457739,0.0,-0.3393565148124644,417.67058889788547,363.3783574150647,54.29223148282074,7.075605086823799,2.229575309439767,4.846029777384032
frame_ra_1062.53_1062.63,7.687770834135449,0.0,-0.47141336924150307,416.62304889584055,366.61100663554004,50.01204226030052,13.61824087775237,6.486171554761171,7.1320693229911996
frame_bi_1062.63_1062.77,7.368297331896073,0.0,0.1304971611462021,412.9688207982369,361.335520828279,51.633299969957875,11.000156331671676,5.672188902382885,5.32796742928879
frame_ku_1062.77_1063.02,25.493302944698783,0.0,0.6381853431250522,410.2543738279036,348.77670366978,61.4776701581236,13.139919820353768,8.167496391883645,4.9724234284701225
frame_du_1063.02_1063.1,53.43715540981124,0.21000000000003638,-0.6045451718067677,403.3697260417388,356.15087579002073,47.21885025171804,7.357617679448111,2.317193200074854,5.040424479373257
frame_ujs_1063.31_1063.42,,1.2300000000000182,-0.3283828351552522,396.0559816735332,345.90114607125173,50.15483560228148,0.6632164235642719,0.19138644033888852,0.4718299832253834
frame_pe_1064.65_1064.79,16.254794205596525,0.0,-0.5582862409281198,416.91526363451436,362.92048695297655,53.994776681537815,2.098692528640669,1.0920111945651456,1.0066813340755232
frame_rej_1064.79_1065.01,10.295142695679417,0.0,2.068870472464723,415.42774729864664,354.4141169320858,61.0136303665609,13.958029294104946,3.422234342597392,10.535794951507555
frame_ra_1065.01_1065.13,18.559079512729298,0.0,-0.6803284461224774,414.7767256337076,363.0791269013011,51.697598732406504,9.400544445720413,3.2156884677418986,6.184855977978515
frame_bi_1065.13_1065.19,52.474633112011716,0.0,-0.4965695740970928,391.5207565364591,346.2521693351838,45.268587201275295,71.6388451685915,45.114209914861306,26.524635253730203
frame_ku_1065.19_1065.42,2.3496098168151605,0.0,0.0858606698251607,416.1923159730421,353.45020052217313,62.742115450868994,8.528312196878332,2.8411813046768373,5.687130892201495
frame_du_1065.42_1065.5,3.6186573472380132,0.0,-0.6045451718067677,394.0164460562866,347.69282706831007,46.323618987976545,23.751451930735072,14.677126084987492,9.07432584574758
frame_se_1065.5_1065.71,9.61054031873742,0.0,0.5363623896551352,415.04496353510797,354.29653472225993,60.74842881284803,47.95370772979318,16.995817556422153,30.957890173371027
frame_gu~_1065.71_1066.69,32.690063744327176,0.0,5.598528453425271,414.2541468537864,281.69192926911205,132.56221758467433,15.347868546213533,7.893105903762404,7.454762642451129
frame_du_1066.69_1067.13,37.538765965917364,0.0,4.504458056252548,411.64884413809864,331.24648022820793,80.40236390989071,62.008548773760495,24.768050105584763,37.24049866817573
frame_a_1067.13_1067.16,77.07568304366092,0.0,-0.889243523005827,402.977596232562,359.90274068757776,43.074855544984246,1.9063442396677885,1.0411969627633013,0.8651472769044872
frame_Ze_1067.16_1067.3,25.733224180051977,0.0,-0.5582862409281198,416.5880178641584,360.95981463283704,55.62820323132138,4.695837515135878,2.964913819491187,1.730923695644691
frame_ne_1067.3_1067.38,34.27928389513677,0.0,-0.7772159670387974,412.9813148503674,364.1786955347412,48.8026193156262,3.1078564172144922,2.0589930555497062,1.048863361664786
frame_a_1067.38_1067.45,39.52012995356901,0.0,-0.47141336924387817,409.40295598985506,363.63382419746756,45.7691317923875,4.054272504423366,2.6139700626684714,1.4403024417548949
frame_lo_1067.45_1067.6,37.94957398838531,0.0,0.3838326496307581,413.61619521801043,357.3056039890275,56.31059122898296,4.4661702051815695,1.448684227666206,3.0174859775153635
frame_Zi_1067.6_1067.77,30.20708112749864,0.0,0.23500828368675125,415.1586386919034,357.8235950670245,57.33504362487889,2.6212350239551796,1.2803481240603247,1.3408868998948549
frame_a_1067.77_1067.84,47.956509940532214,0.0,-0.47141336924387817,396.2183120073785,354.4782062184834,41.74010578889505,19.383617036007536,10.70205546842314,8.681561567584396
frame_paw_1067.84_1068.06,35.838379918090624,0.0,-0.47141336924387817,415.21773020210355,352.8985555357605,62.31917466634303,6.515814021301992,2.9908067421553852,3.5250072791466067
frame_lis_1068.06_1068.28,41.12055674463599,0.0,-0.18303620647306904,412.13605419357685,352.16958863236334,59.96646556121351,4.777695883256456,3.0262390671419155,1.7514568161145405
frame_ta_1068.28_1068.71,26.272745876740757,0.0,2.557855245535001,416.4930669708304,334.73133801955413,81.76172895127627,13.540250914896745,5.2779041162814195,8.262346798615326
frame_na_1068.71_1068.9,13.518179945399723,0.8199999999999363,0.46870447672288185,414.49839089265083,355.5077448781687,58.99064601448214,102.46365441374883,53.340536864346504,49.12311754940232
frame_dZi_1069.72_1069.78,20.01127585717414,0.0,-0.4965695740970928,400.55602265408777,354.6526998855811,45.903322768506655,5.49468859198727,4.115198521395527,1.3794900705917428
frame_siw_1069.78_1070.03,40.883603196651165,0.0,-0.2875473290159945,414.2427364288063,350.4745613029852,63.76817512582113,12.624985659103004,8.640853390426017,3.984132268676987
frame_va_1070.03_1070.18,44.550879732896135,0.0,-0.26249829236052863,414.0867207088028,358.78149631101417,55.305224397788606,9.620684588301913,5.732183335945194,3.8885012523567184
frame_le_1070.18_1070.41,41.09861875092413,0.0,1.8499407463490676,415.00660948918915,350.9068900624138,64.09971942677532,12.164361397460354,4.986413907895454,7.1779474895649
frame_mi_1070.41_1070.74,34.99533510272697,0.0,-0.0785250839348962,415.46343619942763,342.45323608260037,73.01020011682732,11.895117345859404,5.692388750516699,6.202728595342705
frame_i_1070.74_1070.77,30.98789075816788,0.0,-0.4965695740970928,386.41996625052553,345.291085227638,41.128881022887526,21.25951823809514,6.66471340661235,14.59480483148279
frame_se_1070.77_1070.95,39.72851479124117,0.0,-0.3393565148124644,413.17968888807235,355.43064013861436,57.749048749457984,9.917795930999162,5.943058410190403,3.974737520808759
frame_gu~_1070.95_1071.12,39.34776247880936,0.0,0.01026311357106245,414.84425260083833,356.86121980874793,57.9830327920904,6.588209446584244,3.232406996437504,3.35580245014674
frame_du_1071.12_1071.27,38.53861874138359,0.0,0.5001041747992944,408.2941619998563,354.5631553421881,53.73100665766822,12.57100937461675,7.202952166771226,5.368057207845524
frame_pe_1071.27_1071.41,39.089518645893364,0.0,0.3174326635394797,415.84791901461443,361.4933637693161,54.35455524529834,29.730361262748247,17.4064648410494,12.323896421698848
frame_dru_1071.41_1071.59,24.91962350730178,0.07000000000016371,-0.1903016668294944,407.050113242805,351.62490657698396,55.425206665821065,102.42891623797698,68.81799548215083,33.61092075582614
frame_ta_1071.66_1071.87,6.234031925426407,0.0,0.573162015160994,410.983766971611,354.17312228705487,56.810644684556166,24.63434611614683,16.977632431968658,7.656713684178172
frame_kis_1071.87_1072.1,58.23527356281062,0.13000000000010914,-0.4965695740970928,393.62674625280863,335.090413862326,58.53633239048264,22.487233238607992,14.67449736816664,7.812735870441351
frame_e_1072.23_1072.28,19.0223367581074,0.0,-0.3393565148124644,408.177049652745,362.1929978506986,45.984051802046395,1.8669751331181317,0.7432739171701002,1.1237012159480315
frame_ra~w~_1072.28_1072.45,20.65631555899968,0.0,-0.4186289204942136,413.013381709769,355.43324690111336,57.58013480865566,3.4907893122981903,1.8185134766730897,1.6722758356251006
frame_dojs_1072.45_1072.71,7.01821409884019,0.0,1.079431410600552,417.33091042950315,351.3388720666884,65.99203836281475,23.424815573825825,10.344696617684718,13.080118956141106
frame_iR_1072.71_1072.78,18.921003311281453,0.0,-0.3920584515565436,411.8802865922697,363.04758446189146,48.832702130378266,10.790784236320263,7.535750871065034,3.2550333652552297
frame_ma~w~s_1072.78_1073.12,17.1634593813193,0.0,1.10830371432092,414.847699162106,342.8942211868713,71.9534779752347,7.559759625936124,3.812075128650548,3.747684497285576
frame_ki_1073.12_1073.24,18.772681909072446,0.0,-0.4965695740970928,416.24842461924055,364.651900411244,51.59652420799654,28.437624107943705,16.697909332144775,11.73971477579893
frame_vi_1073.24_1073.36,22.309980451305194,0.0,-0.4965695740970928,415.1996421264864,363.2562723633308,51.94336976315566,9.310777887455956,4.171536906274213,5.139240981181743
frame_e_1073.36_1073.44,32.68252600657145,0.0,0.3174326635394797,414.13887440943483,364.7424448850674,49.39642952436742,9.154845385191237,5.27222687104809,3.8826185141431466
frame_ra~w~_1073.44_1073.55,34.363779136373964,0.0,-0.6222199384718793,412.0442604338457,362.4538738457915,49.59038658805417,4.045537309823544,2.2114869979184277,1.8340503119051164
frame_pa_1073.55_1073.69,30.50220612318627,0.0,-0.7847859845653398,414.26194177761914,360.544260062457,53.71768171516214,3.977895757964575,1.9631441155486726,2.014751642415902
frame_ra_1073.69_1073.77,33.793121991254836,0.0,-0.6803284461248525,412.1525630716073,362.94456958088216,49.20799349072513,2.173899301225319,1.5876211863265155,0.5862781148988034
frame_u_1073.77_1073.81,49.49372812506863,0.0,-0.4664640034810099,400.81017654491484,356.1538375112021,44.656339033712754,5.768787627929527,2.7866957812941564,2.9820918466353703
frame_bra_1073.81_1074.01,40.07370250456485,0.0,-0.36695583080339095,412.805769350511,354.2551747030792,58.55059464743181,8.448421831762857,5.38270933505882,3.0657124967040374
frame_ziw_1074.01_1074.52,19.3040946192085,0.5299999999999727,0.025986038605652958,412.4455739079311,325.16197840756837,87.28359550036271,71.9597280281344,48.77084257167816,23.188885456456248
frame_i_1075.05_1075.12,104.4925416314743,0.15000000000009095,-0.0785250839348962,401.86560665119515,355.1468227434477,46.71878390774748,3.4770802548689943,1.9859384888401053,1.491141766028889
frame_a_1075.27_1075.38,20.749670560768067,0.0,-0.0535832154795542,412.414854669228,363.1014939880936,49.31336068113444,20.945619694528247,14.328861626665017,6.6167580678632305
frame_ki_1075.38_1075.61,34.31317245282315,0.0,-0.3920584515565436,417.04176310285084,353.7477576314086,63.294005471442176,67.83486470816851,26.039766599661817,41.795098108506686
frame_Za_1075.61_1076.42,30.98270045641523,0.0,5.900496475632968,417.0084812560249,300.3936620089412,116.61481924708369,68.88006724378917,26.068237783349446,42.81182946043972
frame_e_1076.42_1076.45,25.83011880830199,0.0,-0.7772159670437753,396.33496198976104,352.3218211741299,44.01314081563112,5.442438013127102,4.238131495468593,1.2043065176585088
frame_ra~w~_1076.45_1076.77,26.92648871230321,0.07999999999992724,0.2939396424172009,411.27159408680313,342.16593963109483,69.1056544557083,12.310607809603184,5.33996130504471,6.970646504558474
frame_aw_1076.85_1077.07,39.75116581713749,0.0,0.15533186140142022,411.7802994675573,352.1578144578964,59.62248500966092,64.58121958826344,23.82585361800605,40.75536597025739
frame_to_1077.07_1077.19,36.93636568292834,0.0,-0.31176611133508186,412.6616437702906,360.3246594851255,52.3369842851651,16.3441368118054,9.58625609732539,6.7578807144800095
frame_ri_1077.19_1077.32,48.04769894331886,0.0,0.025986038605652958,412.6311174660485,359.5339948344898,53.097122631558705,5.287028677009047,2.993831658469361,2.2931970185396864
frame_da_1077.32_1077.64,31.602010546998827,0.0,1.0954497073658052,414.08690536613005,343.74430233661377,70.34260302951628,43.735680948961544,24.012185491165383,19.72349545779616
frame_dZis_1077.64_1078.03,81.77477173136734,0.08999999999991815,-0.4965695740970928,394.60625322941144,319.91667167601054,74.68958155340096,3.823907730978071,1.7562133966585378,2.0676943343195333
frame_e~j~_1078.12_1078.22,22.6891541359724,0.0,-0.4172177482426829,411.941127559854,361.71136566448456,50.22976189536945,4.341427692055092,2.537598348418129,1.8038293436369628
frame_miw_1078.22_1078.63,16.5193092809468,0.0,-0.4965695740970928,414.1421099640931,334.1433129091933,79.9987970548998,46.67101909463247,29.315104984219232,17.355914110413238
frame_nO_1078.63_1078.83,19.96866792191885,0.0,0.9721908252481145,414.1593530519086,354.85034782353813,59.309005228370495,40.163672444120834,20.317510690781873,19.84616175333896
frame_vi_1078.83_1078.95,30.268454474334945,0.0,-0.4965695740970928,409.46451317994,356.29096926481554,53.17354391512447,19.97638101377217,12.701447521117245,7.274933492654924
frame_e~j~_1078.95_1079.03,11.54551715112244,0.10000000000013642,-1.1172809282046323,394.4440905020645,348.8668533673378,45.577237134726715,3.1853959502921896,1.3338415514298134,1.8515543988623762
frame_miw_1079.13_1079.57,9.776804025621658,0.0,-0.18303620647306904,416.6028715482148,334.10390873095594,82.49896281725893,50.32160922937018,17.64403941493879,32.67756981443139
frame_ki~_1079.57_1079.74,1.570031630075988,0.0,-0.7045261828947134,417.4512610729313,359.70984645261956,57.74141462031179,39.47593917612369,22.13369765428331,17.34224152184038
frame_Je~_1079.74_1079.97,3.1421652599287455,0.0,-0.41721774824666225,415.49534701277673,354.3445186200307,61.15082839274601,26.109996695574438,9.136780990362226,16.973215705212212
frame_tus_1079.97_1080.1,5.426421509819633,0.0,-0.6045451718067677,410.7707296935153,359.1712047203847,51.5995249731306,5.69566812309786,3.3531484481988656,2.3425196748989947
frame_i_1080.1_1080.16,10.665948899011255,0.0,-0.18303620647306904,419.4785438243488,371.72816781882096,47.75037600552781,5.39481665259072,3.5778839542217895,1.8169326983689302
frame_se_1080.16_1080.35,19.738105933116174,0.0,-0.120426788696809,412.02603992479,355.8402842240977,56.18575570069231,14.171534371552326,6.541446166760636,7.63008820479169
frame_se~_1080.35_1080.55,8.547573203351021,0.0,-0.0671861582676772,413.88185577706963,354.854878534647,59.02697724242262,8.323369827702294,4.994094819048016,3.329275008654278
frame_ta_1080.55_1080.69,14.033743795193615,0.0,-0.5758709076843653,413.7993592389445,360.8700881828601,52.92927105608436,9.789800440558153,6.256400805826999,3.533399634731154
frame_i_1080.69_1080.72,4.32655483011456,0.0,-0.4965695740970928,379.13106774676186,336.7509920525338,42.38007569422808,10.350078249772324,5.861719621512066,4.488358628260258
frame_si~_1080.72_1081.07,55.66155849796877,0.0,1.0785227298523765,407.38846531511206,334.95683411694245,72.43163119816961,39.86296852650505,25.18517072193609,14.67779780456896
frame_ku_1081.07_1081.21,64.81976229740559,1.0199999999999818,-0.1903016668294944,395.35342828941054,342.74782867216,52.60559961725056,8.08249623216117,3.4748599332719365,4.607636298889233
frame_pa_1082.23_1082.35,16.500142744533804,0.0,-0.6803284461248525,416.02513395053097,364.1792052448007,51.84592870573027,17.40968923888107,10.851374007042892,6.558315231838179
frame_re_1082.35_1082.52,7.666111358525043,0.0,1.1931515679971234,415.64214955967066,361.15575776021143,54.48639179945923,5.759145292061902,2.530359413650416,3.228785878411486
frame_se_1082.52_1082.6,6.837135195490234,0.0,-0.3393565148124644,400.29007077728875,354.4825023213242,45.807568455964486,54.718167598274064,25.82818602223027,28.889981576043795
frame_mi_1082.6_1082.76,3.587860272092783,0.0,0.025986038605652958,413.8427033946062,359.6280516193753,54.21465177523089,9.026629575250723,3.0576335390126275,5.968996036238096
frame_ki_1082.76_1082.87,0.4104809232152604,0.0,-0.3920584515565436,414.34563803900323,364.6869599629152,49.65867807608805,28.541986962168096,16.060882302325524,12.481104659842572
frame_foj_1082.87_1083.07,17.68996098251945,0.0,-0.6595654918180018,413.54216841736104,354.8120997280039,58.73006868935721,20.943716888272306,15.957104632595204,4.986612255677102
frame_u~_1083.07_1083.24,10.681409989524994,0.0,0.37313748629008975,415.8217346345205,357.9127966275456,57.90893800697489,10.32049946535109,3.0555233143440006,7.26497615100709
frame_bi_1083.24_1083.41,8.755232847232449,0.0,0.3395194062296767,412.7125009109866,358.2158752943752,54.49662561661137,12.586884151453546,5.78609872672078,6.800785424732766
frame_ku_1083.41_1083.62,11.265320580981069,0.0,0.22394183814777885,412.980151640943,354.6500217992122,58.33012984173081,7.491660100049359,3.2732720821489636,4.218388017900395
frame_du_1083.62_1083.71,5.38086009104785,0.0,-0.4664640034810099,414.1421397078397,365.23468979057003,48.90744991726967,6.368700179211146,2.19457323531239,4.174126943898756
frame_ki_1083.71_1083.9,0.6082889663550759,0.2199999999997999,0.1304971611485784,415.45913819792554,357.3235327926638,58.13560540526174,6.867569072500757,2.5139275746498697,4.353641497850887
frame_ko_1084.12_1084.29,8.751661512181698,0.0,0.0360332691478381,417.5650615167793,359.98041751996817,57.58464399681111,7.9577478622446165,3.5079282065542685,4.449819655690348
frame_lo_1084.29_1084.42,21.47089291455994,0.0,-0.13786642108966787,415.13054139378227,363.2502566636224,51.88028473015987,14.93709555880946,5.971970845780319,8.965124713029141
frame_kow_1084.42_1084.71,12.106740602176458,0.0,0.20993295939325213,413.69066705445283,348.5687891102962,65.12187794415661,15.090115770587062,9.681143987231465,5.408971783355597
frame_u_1084.71_1084.76,69.43652613739545,0.0,-0.3283828351552522,393.78161164765277,349.47513947856476,44.30647216908801,1.64229166250486,1.102182786024926,0.540108876479934
frame_pri~_1084.76_1084.91,5.4702003824892955,0.0,-0.7045261828947134,419.1662005651945,362.3118103412752,56.854390223919324,21.380530139014027,13.165447708540242,8.215082430473785
frame_mej_1084.91_1085.17,34.291744345815545,0.0,1.1931515680021014,419.00286268601667,353.28213719658436,65.72072548943231,48.19951195459417,14.949767022884771,33.2497449317094
frame_ru_1085.17_1085.26,29.740690055271244,0.0,-0.3283828351552522,401.8696986748349,354.1171982728004,47.752500402034514,9.119842570831139,3.4180527065273054,5.701789864303834
frame_pe_1085.26_1085.37,6.421717680117638,0.0,-0.5582862409281198,418.6142004698339,365.78342889421356,52.83077157562036,34.262948855015665,25.92109481459937,8.341854040416294
frame_low_1085.37_1085.54,14.448210676445143,0.0,0.0360332691478381,416.73979018374365,358.94816925762467,57.79162092611898,14.534351363406572,8.916173927589568,5.618177435817003
frame_ri~_1085.54_1085.6,13.568343181224762,0.0,-0.7045261828947134,411.16378497831533,367.6616178448136,43.50216713350176,8.712451979964683,5.160929805146964,3.5515221748177197
frame_Ju_1085.6_1085.72,2.426663254154377,0.0,-0.6045451718067677,415.77834715710554,363.8973071677019,51.88103998940363,6.3348732452834895,3.0448431355695504,3.290030109713939
frame_na_1085.72_1085.84,9.822035072782484,0.0,-0.5758709076843653,412.48717388245564,361.26215107159885,51.225022810856785,12.157812325063048,8.086815377340969,4.0709969477220795
frame_si_1085.84_1085.91,16.33465610050075,0.0,-0.4965695740970928,406.6419588326861,359.4073872664429,47.23457156624323,55.41809199447883,23.253011174919465,32.165080819559364
frame_da_1085.91_1086.04,25.167254407702544,0.0,-0.47141336924387817,413.152688562299,362.00029767167786,51.15239089062112,17.133832091215496,8.713598847192458,8.420233244023038
frame_dZi_1086.04_1086.1,19.332174697727467,0.0,-0.4965695740970928,396.5499592853298,351.24041789747776,45.30954138785211,52.11975875821548,37.46186135801868,14.657897400196802
frame_dZi_1086.1_1086.16,73.76874630475953,0.0,-0.4965695740970928,396.48312617589187,350.063897710428,46.419228465463846,0.9413629506970622,0.542805396878272,0.3985575538187902
frame_sa~w~_1086.16_1086.31,21.970972133350145,0.0,-0.5204244294842038,411.60386079449125,357.9137081749044,53.690152619586854,20.53636662167844,14.74596173805935,5.79040488361909
frame_paw_1086.31_1086.58,56.84273300330011,0.0,0.05087432295855793,411.3652304278643,348.112873181008,63.25235724685621,5.973439185096424,3.079667375092427,2.8937718100039973
frame_lu_1086.58_1086.89,68.29738874842596,1.5699999999999363,2.7094028680176976,404.318449908605,336.159963330492,68.15848657811296,7.670725431447359,3.940469560778979,3.7302558706683797
frame_e_1088.46_1088.54,2.797050356801975,0.0,0.31743266353450184,414.4546034976523,366.1828163590396,48.271787138612694,11.949246459007867,5.798371870028035,6.150874588979832
frame_si_1088.54_1088.69,2.3672283752038936,0.0,-0.18303620647544533,415.0303955821234,360.5368995034412,54.4934960786822,21.582003270453185,10.027795114982865,11.55420815547032
frame_bi_1088.69_1088.89,25.709556485515066,0.0,0.44403052877022586,417.7743776096695,358.31647573761194,59.45790187205756,20.240498298836584,9.234809573543117,11.005688725293467
frame_ku_1088.89_1089.11,6.583740817849161,0.0,0.3620230064735366,416.83872193759885,356.95498812068513,59.88373381691372,118.70201495908015,20.576149845201513,98.12586511387863
frame_dus_1089.11_1089.55,5.4002622132302065,0.5499999999999545,-0.6045451718067677,399.01027547140984,320.4280607844914,78.58221468691846,16.477899353169903,6.603214471719582,9.874684881450321
frame_pa_1090.1_1090.24,4.585741462296497,0.0,-0.47141336924387817,415.06700722006644,360.5200754355816,54.54693178448491,3.173092076656303,1.6804660217746346,1.4926260548816686
frame_re_1090.24_1090.41,0.7807480463411878,0.0,0.9742218418864459,415.77962935802486,359.2561675526061,56.523461805418776,5.0398832923469,1.5807725819941112,3.459110710352789
frame_se_1090.41_1090.51,32.124929114536926,0.0,-0.7772159670437753,412.99123938580067,362.8673311124899,50.12390827331075,81.29642170645747,48.63916803752902,32.657253668928455
frame_mi_1090.51_1090.66,7.844008494468312,0.0,0.025986038608029265,412.8698615185119,359.8151642092397,53.05469730927223,17.606224615711497,11.634963102821047,5.97126151289045
frame_ki_1090.66_1090.86,3.0540807978868543,0.0,0.3395194062273004,416.6546805259972,358.095153288074,58.55952723792319,17.75603834847169,7.160266316588192,10.595772031883499
frame_u~_1090.86_1091.03,29.00480616146237,0.0,0.37313748629008975,415.97842181522,360.95230188403826,55.02611993118171,21.63156395656773,8.461357258231658,13.170206698336074
frame_de_1091.03_1091.21,5.946775646217617,0.0,0.9742218418864459,419.69486923867737,360.16297870118547,59.53189053749185,3.264760285600488,1.410249927794979,1.854510357805509
frame_lis_1091.21_1091.41,16.256906330125062,0.0,-0.3920584515565436,410.9556799898929,354.30055043331026,56.65512955658261,72.71612367715584,28.792097917215173,43.92402575994066
frame_foj_1091.41_1091.59,4.183973678637983,0.0,-0.31176611133508186,415.71509482835194,358.5070135895055,57.20808123884643,12.870010748769033,7.691063194798971,5.178947553970062
frame_pa_1091.59_1091.77,29.579099046678053,0.0,-0.5758709076843653,416.0142839725602,357.87594407018895,58.13833990237123,56.888130923329456,23.70469183010337,33.183439093226085
frame_ra_1091.77_1092.0,21.667809780495162,0.0,0.8865346304848307,414.6178699416822,351.41740085738127,63.20046908430089,9.588541113481938,4.522149668053572,5.066391445428366
frame_Re_1092.0_1092.17,16.319306365250455,0.0,0.7552921157707906,415.6726771886375,357.85541436813105,57.817262820506414,15.273524850112466,5.196167804628999,10.077357045483467
frame_Zi_1092.17_1092.29,1.8977593699559776,0.0,-0.3920584515565436,414.57230661126766,362.613710849091,51.958595762176685,16.15699315072382,10.490557016495657,5.666436134228164
frame_a~w~_1092.29_1092.45,9.885415975523884,0.0,-0.4186289204965281,413.5519583946944,357.16733272686645,56.38462566782795,4.947111747247334,2.446428427893764,2.50068331935357
frame_dZi_1092.45_1092.52,7.495713401408196,0.0,-0.3920584515565436,414.95672550909876,366.5765877151596,48.380137793939184,3.271480128445944,1.3914063071282072,1.8800738213177368
frame_i_1092.52_1092.6,1.204576673706569,0.0,0.025986038605652958,396.0892465243187,350.5654677620461,45.52377876227257,4.5709585189722475,1.6778246929914644,2.893133825980783
frame_tu_1092.6_1092.95,0.3872450221004158,0.0,1.4666723530827381,416.30020756658394,343.71315338891736,72.58705417766657,84.75863089551326,24.791590313955993,59.96704058155727
frame_i_1092.95_1093.0,52.64108108154336,0.6400000000001,-0.2875473290159945,398.629620894376,355.0523898142068,43.57723108016921,15.778036643245528,9.602915391473815,6.175121251771714
frame_u_1093.64_1093.72,6.40360207960471,0.0,0.08586066982202109,418.42806662904104,368.43940409517927,49.98866253386177,1.8818051147844272,1.0288226866260857,0.8529824281583416
frame_ow_1093.72_1093.97,10.170261052749538,0.0,2.4706289325322324,416.34913741305337,352.839788270713,63.5093491423404,10.74190732236491,7.0739644485104805,3.667942873854429
frame_tru_1093.97_1094.26,0.8305676989227493,0.07999999999992724,0.3620230064735366,415.65014121052207,349.36192028977587,66.2882209207462,18.259896246399265,9.586890385319151,8.673005861080114
frame_e~_1094.34_1094.44,0.13179836152252733,0.0,0.10782963672579472,411.0785629082418,363.00030435607226,48.07825855216953,10.948557188530245,7.694894162284172,3.2536630262460733
frame_trow_1094.44_1094.86,2.1716830008409147,1.2100000000000364,2.122829552049312,414.31601449820766,335.6258425246789,78.69017197352878,11.365447622457381,7.979196624056939,3.386250998400442
frame_pa_1096.07_1096.21,37.57311855425655,0.0,-0.36695583080339095,414.97989560235305,360.50435597269905,54.47553962965401,15.288285970263175,8.47928709197933,6.808998878283845
frame_ra_1096.21_1096.3,39.234238137842794,0.0,-0.5758709076843653,413.29464014555236,364.180565202873,49.11407494267934,3.80774079491448,1.546189595026874,2.261551199887606
frame_u_1096.3_1096.33,4.88375638502913,0.0,-0.6045451718067677,384.24345532617383,340.72660812751315,43.516847198660685,8.844281732053332,5.089204856625258,3.755076875428074
frame_va_1096.33_1096.58,37.217765716154005,0.0,0.4687044767205068,415.13576029091644,350.57172809765177,64.56403219326467,12.954259041099746,4.190302011850619,8.763957029249127
frame_li_1096.58_1096.65,41.03209391309382,0.0,-0.39205845155416735,403.73977402688365,356.84476065935917,46.895013367524484,0.5820632778532655,0.2602859055844817,0.3217773722687838
frame_du_1096.65_1096.73,14.321550469535325,0.0,-0.4664640034810099,392.2014488241351,347.24545881774833,44.9559900063868,40.90038641515973,18.07816541261748,22.82222100254225
frame_pa_1096.73_1096.9,44.360063127804594,0.0,-0.1580407539200414,415.8793481779435,358.29188159130933,57.58746658663415,16.68942259053638,8.27475780763045,8.41466478290593
frame_ra_1096.9_1097.12,43.906250317423485,0.0,0.7820770920419684,430.18118412890385,366.16714990652133,64.01403422238252,16.527139153188685,10.498453291682353,6.028685861506332
frame_i_1097.12_1097.18,34.45645280067457,0.0,-0.18303620647306904,410.49539839817766,364.1329277392955,46.36247065888216,7.950087693191705,4.459375592401713,3.4907121007899917
frame_ba_1097.18_1097.45,22.205949106933787,0.0,0.25978939984190746,418.2474623455299,351.65958394148527,66.58787840404466,20.98560824633492,10.724894038089474,10.260714208245446
frame_o~_1097.45_1097.59,29.45073757763295,0.0,0.4168916328185278,414.57988866592535,360.8996615899587,53.68022707596663,11.559079308682087,3.5056862842588004,8.053393024423286
frame_dZi_1097.59_1097.65,31.885148736329327,0.0,-0.49656957409471647,415.370514108242,367.5392208816112,47.831293226630805,0.5617329239255042,0.34348769217338315,0.21824523175212107
frame_e_1097.65_1097.7,37.08364130389606,0.0,-0.3393565148124644,413.4614501999673,365.9685891868744,47.49286101309292,4.115200870119196,2.031643922466202,2.083556947652994
frame_li_1097.7_1097.78,35.34817059579149,0.10000000000013642,-0.3920584515565436,402.36806478214373,355.56054877789234,46.807516004251454,10.36862762660985,3.0884304318197877,7.2801971947900626
frame_tSi~_1097.88_1097.95,85.50959519998983,0.0,-0.5424308271904325,426.54017205761744,377.0094321968881,49.53073986072934,9.120370445091822,6.375351885021928,2.7450185600698944
frame_Ja_1097.95_1098.08,32.456092678051675,0.0,-0.1580407539224165,412.41298987536993,361.7121839644809,50.70080591088902,3.1025553384694007,0.8622749682951962,2.2402803701742044
frame_ga~_1098.08_1098.23,35.74914397607715,0.0,-0.5204244294842038,416.37019458927784,360.37498078522947,55.995213804048376,3.711393193778491,2.6076004034039926,1.1037927903744986
frame_Ju_1098.23_1098.29,38.522558085668166,0.0,-0.6045451718067677,415.7552089896268,367.44763302311594,48.30757596651085,0.5259078626982614,0.18546087156744306,0.34044699113081833
frame_u~_1098.29_1098.33,41.645003078728905,0.0,-0.570335882776741,408.3716433330666,361.9203938485964,46.45124948447017,0.4254548147656294,0.2969188727919345,0.1285359419736949
frame_ma_1098.33_1098.5,42.65671329687204,0.0,-0.47141336924387817,414.9997485485534,357.73489618290614,57.26485236564724,11.082168791428387,4.567255135562618,6.514913655865769
frame_gra~_1098.5_1098.75,38.50599020401566,0.0,0.19214413343183986,412.7366403268001,349.6290914612008,63.10754886559931,14.83403570664916,4.631367789748992,10.202667916900168
frame_dZi_1098.75_1098.82,37.281578433242274,0.0,-0.4965695740970928,395.0270405622787,348.8668644086501,46.16017615362864,8.11015711091305,4.389921303303012,3.720235807610038
frame_sez_1098.82_1099.15,40.64072062885013,0.0,0.0985029374188464,412.68743282175865,342.45800362166983,70.22942920008882,132.2980769836442,87.57234956493478,44.725727418709425
frame_ma_1099.15_1099.37,42.123248286086834,0.0,-0.1580407539224165,411.63055657661727,350.67558241557595,60.95497416104132,20.22052692250945,8.496841086575301,11.723685835934148
frame_ri_1099.37_1099.68,50.16853245537628,0.0,2.1162084894190123,413.08441940576046,344.38495447696766,68.69946492879279,9.495058363162045,4.616381667364379,4.878676695797665
frame_a_1099.68_1099.77,3.386559702832443,1.150000000000091,-0.26249829236290373,397.86555845440705,351.0721916565133,46.793366797893725,17.02532243471444,9.708325503308458,7.316996931405981
frame_a_1100.92_1100.97,57.46416069812662,0.0,-0.6803284461248525,409.36499134084977,365.46827039580523,43.896720945044535,22.28050571832017,12.400843013385554,9.879662704934617
frame_mi~_1100.97_1101.15,40.142661947272885,0.0,-0.7045261828910278,413.451796083429,356.6220898276977,56.82970625573125,6.611348151234722,2.6025261901795886,4.008821961055133
frame_Ja_1101.15_1101.26,39.04635662167608,0.0,-0.36695583080339095,413.563598546156,361.692962707912,51.87063583824403,3.79647564433688,1.918647461944687,1.877828182392193
frame_fa_1101.26_1101.46,57.790838619468104,0.0,-0.1580407539200414,415.67630232211076,354.40134547930955,61.2749568428012,9.781263174914955,7.3046571059485075,2.476606068966447
frame_mi_1101.46_1101.66,46.576424241578934,0.0,-0.39205845155416735,414.89854526970953,354.73508172561765,60.16346354409194,12.415999066766247,6.516427646208513,5.899571420557734
frame_lia_1101.66_1101.89,154.20004167743747,0.0,-0.4965695740970928,414.8188061226378,354.0365357349468,60.78227038769097,450.31179556228506,205.80442442103856,244.5073711412465
frame_E_1101.89_1102.12,40.72089402420491,0.0,1.314575687110357,415.97647152338385,351.67336181503634,64.3031097083475,3.1290220701713025,1.3345348541911477,1.7944872159801548
frame_o_1102.12_1102.23,39.94132044100556,0.0,0.5577323398761721,412.31447781283015,362.5584896708866,49.75598814194353,5.443404130141957,2.6975643334349257,2.745839796707031
frame_ri_1102.23_1102.31,51.10502836406265,0.0,-0.3920584515565436,411.3003662035516,365.84757001962686,45.45279618392476,2.248457445045389,1.767700623322341,0.48075682172304823
frame_Zi~_1102.31_1102.5,61.03120960894449,0.0,-0.2182401157818707,412.9598568419478,353.0540660424912,59.90579079945661,47.0468379022152,12.805824834071743,34.24101306814346
frame_na_1102.5_1102.76,53.924516682691504,0.0,0.36424693828239463,413.7427873070973,348.58766330093135,65.15512400616586,6.2617697175017355,3.2277514244956507,3.034018293006085
frame_ria_1102.76_1102.89,52.751536646602375,0.0,-0.4965695740970928,412.33914138793364,359.5448935695763,52.79424781835735,6.1181211611446855,2.78855331553018,3.3295678456145055
frame_du_1102.89_1103.18,55.1143852470081,0.0,2.018997026385769,411.25347391999554,344.1391028572628,67.11437106273274,7.942749263091159,3.1198930981737334,4.822856164917425
frame_va_1103.18_1103.36,56.02438217889379,0.0,-0.1580407539224165,412.8456561834704,354.44152349810577,58.40413268536469,12.07868840757871,9.092801585122245,2.9858868224564645
frame_li_1103.36_1103.42,59.840024930122226,0.0,-0.4965695740970928,407.5542015344395,360.62550478294804,46.928696751491486,2.821879178934111,1.996880209992412,0.8249989689416992
frame_du_1103.42_1103.49,59.55122333685664,0.0,-0.4664640034810099,402.02159330724237,356.8826255057893,45.138967801453134,7.896457244323415,3.7588845467184058,4.137572697605009
frame_pa_1103.49_1103.65,57.000883478723665,0.0,-0.8892435230034519,412.3293630054868,356.28127043883813,56.04809256664868,6.704071160572283,3.7601538444854157,2.9439173160868677
frame_ra_1103.65_1103.82,65.5116109450879,0.0,0.15533186139904515,409.74097047871146,354.6069080136697,55.134062465041836,18.23463804319944,10.450596320361342,7.784041722838097
frame_i_1103.82_1104.01,26.805577035108854,0.0,1.1756083865540699,410.24134275150175,353.3751763678656,56.86616638363614,66.6468559180748,38.340088046350786,28.30676787172402
frame_ba_1104.01_1104.23,92.67751493083327,0.6099999999999,0.36424693828239463,401.16377320027846,342.2435506030595,58.92022259721898,2.455917047358554,1.725385706512931,0.7305313408456229
frame_dZi_1104.84_1104.93,31.224058622957983,0.0,-0.2875473290159945,408.9653621516126,360.36809013345425,48.59727201815838,32.04385451454638,12.379886747389293,19.66396776715709
frame_ma_1104.93_1105.06,37.73869896881182,0.0,-0.7847859845653398,412.6594864502589,358.98135533794255,53.67813111231635,5.272882961500613,2.780723223906122,2.4921597375944913
frame_nej_1105.06_1105.22,15.228798227344186,0.0,-0.7772159670437753,413.1067889819596,357.85415952879055,55.25262945316905,31.467634800166067,16.09736560082493,15.370269199341138
frame_ra_1105.22_1105.29,5.277056908865887,0.0,-0.7847859845653398,404.0201562835533,358.4876122092455,45.53254407430779,11.634305728957699,5.828644886432642,5.805660842525057
frame_ki_1105.29_1105.41,14.664239104919474,0.0,-0.4965695740970928,412.66317139525603,362.5180262774105,50.145145117845516,120.57718370780445,88.89066195639624,31.686521751408208
frame_to_1105.41_1105.67,22.72475816628463,0.0,0.20993295939325213,418.06015658416715,352.2669139705139,65.79324261365326,19.361744468565746,8.456360063206745,10.905384405359001
frame_du_1105.67_1105.79,9.887748666415348,0.0,-0.1903016668294944,417.1058666452982,364.87329970035205,52.232566944946086,35.48949376441027,16.105964561766598,19.383529202643672
frame_bi_1105.79_1106.17,60.97898106068256,0.0,0.9665861414729716,414.43005709884335,339.95919015690987,74.47086694193348,69.81068918345282,47.65361357911968,22.157075604333144
frame_ku_1106.17_1106.38,4.325451558416177,0.0,0.22394183815091845,423.66432052096775,361.26566671526854,62.39865380569921,7.5696224991204275,2.4237719981928194,5.145850500927608
frame_du_1106.38_1106.49,29.94735541421194,0.0,-0.4664640034810099,416.63570390594055,364.5204153291084,52.11528857683214,14.4762314073608,7.2180614029961845,7.258170004364615
frame_du_1106.49_1106.63,39.31383409515692,0.0,-0.052220498500597054,414.5958204188616,360.4805060440031,54.115314374858485,5.960814010066372,2.4404300140779327,3.520383995988439
frame_va_1106.63_1106.81,23.72015797461428,0.0,0.05087432295855793,417.33857248699536,359.66611136821905,57.67246111877631,16.627919339681725,4.700166243957199,11.927753095724526
frame_li_1106.81_1106.88,28.332002512508865,0.0,-0.39205845155416735,400.9951356825181,353.97292701692777,47.02220866559031,19.11833954916341,8.596166636061426,10.522172913101983
frame_du_1106.88_1106.94,28.307529952572438,0.0,-0.6045451718067677,394.35617735612095,351.33752676092513,43.01865059519582,42.275476590109946,13.101401590514982,29.174074999594964
frame_pa_1106.94_1107.03,34.00739781817187,0.0,-0.7847859845653398,416.28212932027355,366.6027544795905,49.67937484068307,15.788263641970048,9.530233282037244,6.258030359932803
frame_ra_1107.03_1107.21,27.831593615538594,0.0,0.25978939984190746,416.8301911092787,358.19045857874926,58.63973253052944,11.122180110369072,4.528282923123356,6.593897187245716
frame_i_1107.21_1107.24,16.6767247991383,0.0,-0.4965695740970928,400.75595134105805,356.55173095796516,44.20422038309289,4.568722332141917,2.1143108315733343,2.4544115005685825
frame_ba_1107.24_1107.3,15.511785546519604,0.0,-0.889243523005827,416.76004911214955,369.85302059214314,46.907028520006406,0.16634449376977045,0.10638768863891812,0.05995680513085233
frame_E_1107.3_1107.37,21.892013281074355,0.0,-0.3845873475863734,411.29564109903686,364.2531641089324,47.04247699010443,6.365798927448665,3.514836714666899,2.8509622127817664
frame_pa_1107.37_1107.54,24.201994012003922,0.0,-0.5758709076843653,415.27368909667666,359.71205703798523,55.56163205869143,18.1098997596512,7.994419371126227,10.115480388524972
frame_re~_1107.54_1107.74,31.11441841360923,0.0,1.1579244066627499,413.16585871912764,354.8359112248453,58.32994749428235,12.967529795581754,9.369189678395642,3.598340117186112
frame_tSi_1107.74_1107.86,48.62828511072743,0.0,-0.2875473290159945,414.1625590650617,361.2407061044599,52.921852960601825,12.450277115224992,7.789074371802258,4.661202743422734
frame_mew_1107.86_1108.09,59.879350312821586,0.0,0.0985029374188464,408.7854102092376,349.63054650109234,59.154863708145285,18.519776260557478,9.10073512735643,9.419041133201048
frame_na~w~_1108.09_1108.25,67.787284423153,0.44000000000005457,-0.8258109564449159,401.2821861443189,346.1647430770945,55.11744306722443,31.834049284903827,22.379188033698412,9.454861251205415
frame_ko_1108.69_1108.8,11.251695984850187,0.0,-0.4856658015765419,418.32586654103693,365.1658206272285,53.1600459138084,22.90551651035871,14.047333710590436,8.858182799768272
frame_Je_1108.8_1109.01,1.1755620814093106,0.0,2.2878001985803786,417.07278798356697,357.68306433083376,59.38972365273315,8.95646128668362,2.3681806255460174,6.588280661137603
frame_su_1109.01_1109.07,56.66388207999253,0.5299999999999727,-0.6045451718067677,415.540065411461,369.9446778605462,45.595387550914836,133.67670511854135,76.0762695752586,57.60043554328274
frame_muj~_1109.6_1109.69,39.35313298487678,0.0,-0.6045451718067677,411.9073475166956,362.6124304532798,49.29491706341577,3.5873726098646443,2.2702815019165143,1.31709110794813
frame_tus_1109.69_1109.81,33.379880004742844,0.0,-0.3283828351552522,415.710474373681,363.9084119443907,51.80206242929029,10.349526912316534,5.766349156361414,4.58317775595512
frame_ow_1109.81_1110.06,14.07395543562049,0.0,2.122829552049312,416.2106968905005,353.0206767036436,63.19002018685694,61.65839314390834,30.03383657648834,31.62455656742
frame_sa~w~_1110.06_1110.97,45.8146246167302,0.0,5.9944881457339765,416.3564263427777,289.34455605519685,127.01187028758085,67.9685428031706,30.583668467388463,37.38487433578215
frame_muj~_1110.97_1111.11,47.13616841056205,0.0,-0.6045451718067677,415.09592843245093,360.7710371942816,54.324891238169414,7.419767149348971,3.121095645282466,4.298671504066505
frame_tu_1111.11_1111.2,44.30144442851622,0.0,-0.6045451718067677,413.8117664594703,364.60537028545775,49.206396174012525,10.072848569519067,6.919547849818869,3.153300719700198
frame_a_1111.2_1111.24,44.917828687403656,0.0,-0.7847859845653398,387.346765810615,344.64525484899275,42.70151096162226,16.370979879646313,10.160121061364634,6.210858818281679
frame_fas_1111.24_1111.51,44.91701834822189,0.0,-0.1580407539200414,413.78087971252063,349.2153160050622,64.56556370745841,3.0839808566331754,1.6520009416999812,1.4319799149331942
frame_ta_1111.51_1111.68,32.841143413072686,0.0,-0.0535832154795542,423.3723360370441,365.1188685552142,58.25346748182989,21.437084575264493,11.121788205507613,10.31529636975688
frame_du_1111.68_1111.74,14.028661370315717,0.0,-0.6045451718067677,397.2346177655705,354.18174294108354,43.052874824486935,13.83687365271851,8.534882545436602,5.301991107281907
frame_poX_1111.74_1111.83,84.2280614633236,0.0,-0.8334651820594619,395.65028055384374,347.9544035981525,47.69587695569123,9.287460109735648,6.27307600072136,3.014384109014287
frame_ki_1111.83_1111.9,52.67431275438477,0.0,-0.49656957409471647,414.55292588714264,366.2048448034689,48.34808108367372,7.445739864478668,5.036038323347469,2.4097015411311986
frame_a_1111.9_1111.95,49.145963797393236,0.0,-0.6803284461248525,391.6692231406751,347.87474530621836,43.79447783445676,80.82574808421413,39.67573036448563,41.150017719728496
frame_fi~_1111.95_1112.05,47.292518032729376,0.0,-0.7045261828947134,410.30224015973545,360.2723588220367,50.029881337698725,4.011315591646863,2.2630025038394734,1.7483130878073894
frame_naw_1112.05_1112.18,52.16915611018521,0.0,-0.47141336924150307,412.4935588888359,359.62779237255415,52.865766516281724,4.27266242358715,2.5660641914634255,1.7065982321237243
frame_dajs_1112.18_1112.34,48.428057227707725,0.0,-0.889243523005827,403.9404826212099,352.05487850389807,51.88560411731186,2.703146394429467,1.4620266740525665,1.2411197203769007
frame_ko~_1112.34_1112.46,46.03196462053174,0.0,-0.602615867347209,409.67993221371063,359.0722871898384,50.60764502387224,2.510810666306625,1.4839833296956755,1.0268273366109497
frame_tas_1112.46_1112.55,58.39295999235449,0.0,-0.889243523005827,399.1773472690915,350.8995437177101,48.277803551381396,57.867945623881894,30.943810522683975,26.92413510119792
frame_sa~w~_1112.55_1112.65,10.569790714184649,0.0,-0.7240154474595548,404.5493300952304,356.13573601254666,48.41359408268369,103.18949155248049,55.99574619501499,47.1937453574655
frame_kwa_1112.65_1112.86,58.16726154290477,0.0,-0.47141336924387817,406.5668198659318,346.7908959267227,59.775923939209065,26.827292650912142,11.410877589405487,15.416415061506655
frame_tro_1112.86_1113.01,84.48510837424789,0.0,-0.6595654918180018,404.7988090030377,352.26617778139484,52.532631221642816,0.8510799116585801,0.6853744077098156,0.1657055039487645
frame_se~_1113.01_1113.2,52.37958779891859,0.0,-0.41721774824666225,410.19996542564127,353.0253402416273,57.17462518401396,2.8341896403072866,1.6812453128725195,1.152944327434767
frame_tus_1113.2_1113.45,41.129786336839445,0.0,-0.052220498500597054,412.0685892163169,348.2390311642333,63.829558052083655,22.515388442821305,14.806675104875424,7.7087133379458805
frame_a~_1113.45_1113.63,23.29027700485193,0.0,0.7011216783702178,412.9865719292166,354.90533040043783,58.081241528778776,27.940286096667975,13.907018880783028,14.033267215884948
frame_nus_1113.63_1113.73,22.248932145744703,0.0,-0.4664640034810099,409.1493286521486,358.3253870042163,50.82394164793237,3.7587828309878546,1.5766950737656344,2.18208775722222
frame_majs_1113.73_1114.04,26.76130843116728,0.75,-0.1580407539224165,409.52791377076596,341.55799476326683,67.96991900749919,75.38465171266542,45.857273119342565,29.52737859332285
frame_u_1114.79_1114.85,46.044360143959764,0.0,-0.1903016668294944,403.1471080086314,357.34183422943016,45.80527377920123,2.458426273576279,1.170351718364401,1.2880745552118782
frame_tro~_1114.85_1115.11,61.380896806924866,0.0,-0.47517742982649186,416.33740239532244,351.81171978569307,64.52568260962943,58.43606089233419,8.328514066391648,50.10754682594254
frame_ku_1115.11_1115.23,45.71989868166976,0.0,-0.6045451718067677,417.3649972600281,365.15425591744906,52.21074134257901,4.751733592853142,3.1087440807603457,1.6429895120927966
frame_E_1115.23_1115.36,45.60385231632979,0.0,0.2525987904249006,415.3292582441036,362.55301873574354,52.77623950836005,6.445112473040808,2.3172261930266984,4.12788628001411
frame_u~_1115.36_1115.39,43.24010278987542,0.0,-0.6429107573185663,383.4671001223552,340.4201446577142,43.04695546464097,19.259343259248354,9.11936470468693,10.139978554561424
frame_sO_1115.39_1115.78,374.7109124348931,1.259999999999991,1.6815146033315793,413.831456171037,338.8789908701247,74.95246530091231,62.733525959775136,26.098420890916145,36.63510506885899
frame_mi~_1117.04_1117.18,44.949912390654816,0.0,-0.7045261828947134,415.3562149525514,359.9305399705073,55.425674982044086,55.24892277275028,15.472890828107808,39.77603194464247
frame_Ja_1117.18_1117.34,19.1585748724697,0.0,-0.053583215481929285,416.92053781654846,360.0547707215687,56.86576709497979,7.125060250285841,2.5189549863321474,4.606105263953694
frame_a_1117.34_1117.53,30.768122913401456,0.0,0.7820770920443435,415.539124081948,356.58653443416733,58.952589647780655,22.587823460951157,9.488994251491704,13.098829209459453
frame_vO_1117.53_1117.79,16.68213293572562,0.0,0.2628670471686818,417.66224584355933,353.0749556631456,64.58729018041373,40.87763601260434,17.705224892728623,23.17241111987572
frame_ki_1117.79_1117.9,5.415882864815131,0.0,-0.49656957409471647,417.1821585384495,365.6424787427673,51.53967979568222,85.56059641719884,55.74443714273224,29.8161592744666
frame_e_1117.9_1117.95,47.64056299826785,0.0,-0.3393565148124644,407.0764806681008,361.8685103433003,45.207970324800556,8.725834086133048,4.717966965928056,4.007867120204992
frame_ra_1117.95_1118.12,37.32428331544571,0.0,0.15533186139904515,413.4076317113583,358.06990925008637,55.33772246127194,13.819827766612889,5.733894225639034,8.085933540973855
frame_a~_1118.12_1118.15,31.324026512693933,0.0,-0.8258109564449159,400.0598872877799,355.46316580798845,44.59672147979143,2.1598214553274317,1.5902959072719085,0.5695255480555232
frame_na_1118.15_1118.33,42.93314955822839,0.0,0.3642469382800196,414.74641427481384,356.99474352954525,57.7516707452686,17.15462313145892,7.176273686694273,9.978349444764646
frame_RO_1118.33_1118.52,42.43226136332312,0.0,0.6175289362124302,414.4257290342209,355.3563417677589,59.069387266462,9.873378059749001,3.8330653349702573,6.040312724778744
frame_za_1118.52_1118.63,42.907400425808135,0.0,-0.5758709076819902,410.60913569947303,360.06773914436326,50.54139655510977,1.306511257361663,0.6250464936227189,0.6814647637389442
frame_pe_1118.63_1118.81,41.09236270214818,0.0,-0.5582862409281198,411.2066278276244,356.014254939112,55.19237288851241,18.349315526087025,8.763646053298984,9.585669472788041
frame_rej_1118.81_1118.9,40.853402542746196,0.0,-0.7772159670437753,412.9667917916891,363.91761364582743,49.049178145861674,2.677847406223691,1.6060399468863267,1.0718074593373643
frame_ra_1118.9_1119.07,45.80085643458111,0.0,0.25978939983953236,412.7545566146709,355.7101812063611,57.044375408309804,12.50831215194549,4.48086427357039,8.0274478783751
frame_bi_1119.07_1119.21,49.858885756223586,0.0,-0.18303620647544533,408.9191791971708,356.05390889854766,52.8652702986231,44.84175899333741,14.78477212554489,30.056986867792517
frame_ku_1119.21_1119.45,13.27123119107786,0.0,0.0858606698251607,413.571617954702,351.8557511788391,61.71586677586288,15.940564181309853,8.754309925742362,7.186254255567491
frame_du_1119.45_1119.54,74.90785729458248,0.0,-0.4664640034810099,394.7875729457602,347.5446628079316,47.242910137828574,3.658217585778111,1.6743521823483007,1.9838654034298102
frame_ka_1119.54_1119.76,18.97147320114607,0.0,-0.1580407539224165,413.8080618508873,353.8626946011296,59.94536724975774,50.92168789088264,26.14845706523971,24.773230825642926
frame_zow_1119.76_1120.0,35.10343673507204,0.0,0.7316320301176321,411.96990175986093,350.15500366687456,61.81489809298637,29.89433300784333,19.23725165310286,10.65708135474047
frame_zi_1120.0_1120.28,82.21327899665724,0.0,0.44403052876784954,401.85567558446456,337.5522943688808,64.30338121558378,8.370028334813242,3.8214520970825205,4.548576237730721
frame_dZi_1120.28_1120.47,36.533962260436425,0.0,0.7575638963918733,415.67275895808103,356.55636932215657,59.11638963592446,8.969623759016088,4.018229975107204,4.951393783908884
frame_ze~j~_1120.47_1120.67,48.50225527091072,0.0,-0.0671861582636978,413.19247260770976,354.07700309859706,59.1154695091127,16.938819128177983,8.16944475565036,8.769374372527622
frame_ko~_1120.67_1120.93,58.34139241891721,0.0,-0.47517742982359423,412.4140564754421,347.5999414978964,64.81411497754573,40.86503309479156,14.252038137623103,26.61299495716846
frame_u~_1120.93_1120.98,58.90863478736732,0.11999999999989086,-0.4977610082332655,396.0176069927554,351.08796890808907,44.92963808466635,65.80193493223865,38.60239628033892,27.199538651899736
frame_pri~_1121.1_1121.3,50.623846748946946,0.0,0.10595059562669112,415.65714562101834,354.3200543644459,61.337091256572364,13.183405461055884,4.563824458277878,8.619581002778006
frame_mu_1121.3_1121.62,56.832826151451044,0.2800000000002001,1.742834689731114,410.75034869300936,342.7487790062879,68.00156968672144,22.53670661637176,12.545935140216145,9.990771476155615
frame_nu_1121.9_1122.16,61.917534303462304,0.0,1.604753521408496,411.28944890027066,345.7347390904242,65.55470980984643,12.07252235194349,5.881430148925446,6.191092203018044
frame_nu_1122.16_1122.25,48.97613352286396,0.0,-0.1903016668294944,403.0492468929608,354.9038531173499,48.1453937756109,52.19604524021396,31.059788400669873,21.13625683954409
frame_a_1122.25_1122.28,0.36246610907849686,0.0,-0.889243523005827,373.3264168599515,331.3103249744543,42.01609188549719,42.14130985120758,21.692707119025414,20.448602732182167
frame_tE_1122.28_1122.4,47.03474318362517,0.0,-0.8093781062581414,415.23072504635616,363.11847513710103,52.11224990925513,4.782385113656559,2.962363254671331,1.8200218589852284
frame_o_1122.4_1122.61,44.05997384478084,0.0,2.296729242286818,416.5966681737067,353.76274672606326,62.833921447643434,11.261951516389658,4.490409478494058,6.7715420378956
frame_Zi_1122.61_1122.68,47.58831561183952,0.0,-0.3920584515565436,412.16981739643387,364.7006259769368,47.469191419497065,5.965868571395276,1.6066717635918906,4.359196807803386
frame_na~w~_1122.68_1123.03,55.836397394816316,0.05999999999994543,-0.4186289204965281,407.34809498609036,341.0013945565138,66.34670042957657,10.275954879398853,7.312684389870171,2.963270489528682
frame_ko~_1123.09_1123.26,16.84545282799948,0.0,-0.22030055478505767,414.74460427704116,358.7593037215295,55.98530055551163,4.447741430262326,1.2904735713675848,3.157267858894741
frame_se_1123.26_1123.46,30.219937830974928,0.0,0.0985029374188464,415.3990202403638,355.5198783414897,59.87914189887414,21.779191255287373,13.390748208507006,8.388443046780367
frame_gi_1123.46_1123.88,34.48333207359195,0.1999999999998181,2.7432752246646834,412.90636674162033,335.28923305616814,77.61713368545219,17.687159031218783,6.210244952679105,11.476914078539679
frame_a_1124.08_1124.13,46.0492119920965,0.0,-0.6803284461224774,404.4360455861968,358.88594520998015,45.550100376216676,1.7270513495126494,0.7202044162193317,1.0068469332933176
frame_SaX_1124.13_1124.43,50.72405857043911,0.0,-0.47141336924150307,413.533480445089,346.9198048032636,66.61367564182541,6.554393467997315,4.067768499013468,2.486624968983847
frame_E_1124.43_1124.46,,0.0,-0.8093781062605561,402.6962657786193,359.71816765888207,42.97809811973724,,,
frame_sa_1124.46_1124.57,57.66691022864758,0.0,-0.5758709076843653,413.16383275019916,361.81204810420036,51.351784645998805,3.637257895046588,1.894215693259227,1.743042201787361
frame_li_1124.57_1124.69,52.02660036713053,0.0,-0.3920584515565436,414.23189210648286,361.735176155436,52.49671595104684,4.93132934504807,1.9281593932367684,3.0031699518113015
frame_ga_1124.69_1124.85,47.181634685487936,0.0,-0.1580407539224165,412.90244330305046,358.40863917146044,54.493804131590025,6.668892106080833,3.8088118290652773,2.8600802770155553
frame_sa~w~_1124.85_1125.16,25.390766533287433,0.9299999999998363,-0.6222199384718793,414.9393865623555,347.28848585366865,67.65090070868683,39.95395276927026,16.597077057410615,23.356875711859644
frame_Sa_1126.09_1126.21,11.895834254000874,0.0,-0.6803284461248525,415.30815036034676,363.1006844112468,52.20746594909997,18.260492654062787,12.086481128212043,6.174011525850744
frame_ma_1126.21_1126.44,21.212676883035172,0.0,0.25978939984190746,414.45903602527403,351.7808076939307,62.678228331343405,13.52492821496547,4.956817378791953,8.568110836173517
frame_va_1126.44_1126.52,19.60527239945823,0.0,-0.6803284461248525,406.31811720112705,360.7294743482283,45.58864285289877,34.829193840426996,25.33695531635219,9.492238524074807
frame_zi_1126.52_1126.66,12.61210916247687,0.0,-0.2875473290136182,416.2326546982847,361.3504098748705,54.882244823414226,10.765540708582677,5.63563439008044,5.129906318502236
frame_a~_1126.66_1126.8,21.862361165811294,0.0,0.2939396424172009,411.5111524901631,359.97373267454213,51.53741981562098,10.816527535998873,6.572589995128311,4.2439375408705615
frame_te_1126.8_1127.04,1.1520242007779586,0.0,0.7552921157658127,416.1846270251228,354.89637460606093,61.28825241906185,31.521128357185745,8.566881727351983,22.95424662983376
frame_ru_1127.04_1127.19,7.579277426847526,0.0,-0.1903016668294944,413.93329646981266,360.39155169984235,53.54174476997031,20.16990120837542,10.709096021417167,9.460805186958254
frame_ba_1127.19_1127.55,19.757208683143702,0.0,1.6177373995682411,415.1152097453928,341.72888947742865,73.3863202679641,33.48576624638508,23.26690297917314,10.218863267211944
frame_tSis_1127.55_1127.77,25.07192339030189,0.0,0.025986038608029265,413.22218671810526,354.40920920376175,58.812977514343515,18.781763725873844,10.845786285921037,7.935977439952808
frame_ta_1127.77_1127.86,9.21640732689663,0.0,-0.7847859845653398,412.5395154983462,362.9993655878716,49.54014991047461,12.48898097741123,7.140357849156857,5.348623128254374
frame_dZi_1127.86_1127.92,8.71769685191461,0.0,-0.4965695740970928,414.6876734746266,366.6363052205,48.0513682541266,0.6524941352762568,0.2999509668397877,0.35254316843646905
frame_a_1127.92_1128.0,16.356710189288492,0.0,-0.36695583080339095,411.63859661167345,362.67585791093865,48.9627387007348,8.746235567037374,4.9682309377271,3.7780046293102743
frame_ze_1128.0_1128.18,22.813433283045754,0.0,0.3174326635394797,414.0556858527617,355.80538784999953,58.25029800276218,13.130303446770398,5.79807697597208,7.332226470798318
frame_ve_1128.18_1128.37,16.220540201876744,0.0,0.5363623896501573,413.2520010474479,356.428395531905,56.82360551554291,28.157586357377482,18.89629868779069,9.261287669586793
frame_du_1128.37_1128.49,70.82753804435896,0.0,-0.3283828351552522,397.33486645955566,346.9346269668797,50.40023949267595,3.6444808653059795,1.9095424904489988,1.7349383748569807
frame_Sa_1128.49_1128.74,496.6458915644879,0.0,-0.053583215481929285,411.1862937817008,349.2725674181764,61.913726363524404,76.55092448941377,36.70409534543296,39.84682914398081
frame_vis_1128.74_1128.89,65.21940522344181,0.8599999999999,-0.4965695740970928,393.0482193179543,339.688276304736,53.3599430132183,1.7830913933510715,1.1725811101212358,0.6105102832298357
frame_mew_1129.75_1129.86,8.429015793847753,0.0,-0.5582862409281198,414.1282938718098,363.0727484510062,51.05554542080358,5.972367492710873,2.9493672742370194,3.023000218473854
frame_paj_1129.86_1130.15,35.83699275383333,0.0,0.05087432295855793,417.57671789960443,348.1826248410706,69.39409305853383,59.120202855085,26.920760678553393,32.199442176531605
frame_na_1130.15_1130.31,31.30696818861871,0.0,-0.26249829236290373,409.7671085424074,356.63288575238306,53.13422279002435,9.653555509166964,6.503703966604689,3.149851542562274
frame_si_1130.31_1130.48,3.100399237570798,0.0,0.025986038605652958,416.9959972756601,359.44878579374176,57.547211481918396,7.899383209223387,4.088161656243145,3.8112215529802427
frame_du_1130.48_1130.56,8.053260226611556,0.0,-0.6045451718067677,413.8227786682735,366.76930404441754,47.05347462385595,3.1921492039457178,1.7407743080519538,1.451374895893764
frame_e~j~_1130.56_1130.62,1.0144536307478091,0.0,-1.1172809282046323,411.70945664196256,363.87149346999394,47.837963171968624,5.877230025959989,4.018013148358989,1.8592168776009999
frame_Za_1130.62_1130.74,0.5831801657202078,0.0,-0.5758709076843653,415.36596166027783,363.4781591591975,51.88780250108033,15.386513624421625,8.911371342052405,6.4751422823692195
frame_ka_1130.74_1131.23,9.658122155445255,0.0,2.8712278608564628,417.071943203992,329.2317653448852,87.8401778591068,22.59624000404878,14.13772889891878,8.45851110513
frame_re_1131.23_1131.29,111.98124914543517,0.0,-0.7772159670437753,399.01949304695074,353.58330387809775,45.43618916885299,14.788525669653126,5.643086303740006,9.14543936591312
frame_i_1131.29_1131.34,68.99258201851299,0.43000000000006366,-0.2875473290159945,392.278177169553,347.7477854669235,44.53039170262946,6.5392107035959555,2.800177878760472,3.7390328248354834
frame_a_1131.77_1131.84,51.109284908976804,0.0,-0.47141336924387817,404.02166053695225,358.9697680288418,45.05189250811043,21.996362211398633,10.659204544988043,11.33715766641059
frame_Sow_1131.84_1132.05,20.476405323392797,0.0,-0.6595654918180018,413.7993448838247,354.5307808060962,59.26856407772851,14.868812738071881,9.05273783525108,5.816074902820802
frame_ki_1132.05_1132.17,27.483565996093205,0.0,-0.3920584515565436,411.7156381218295,361.9383642208875,49.77727390094202,5.15610921352156,3.0453195321725985,2.1107896813489617
frame_poX_1132.17_1132.46,35.257798089542234,0.0,0.3838326496347121,415.7718383057584,347.7558101000415,68.0160282057169,66.22124243674963,17.496678289025397,48.72456414772424
frame_u_1132.46_1132.49,35.78233805717713,0.0,-0.6045451718067677,397.1451969092816,353.00865296471505,44.13654394456654,0.7605353501758998,0.2919554045187027,0.4685799456571971
frame_no~_1132.49_1132.71,26.440331132283504,0.0,0.41689163282142544,414.7582966923385,351.4170075180415,63.341289174297,102.10873952180403,85.02404919137108,17.08469033043295
frame_mi_1132.71_1132.97,51.084470325230484,0.0,0.8620750189324224,412.35587174179966,348.9648110333726,63.39106070842706,35.86611543271827,10.851080955420315,25.015034477297952
frame_pe_1132.97_1133.14,47.08205040128158,0.0,0.0985029374238243,416.11952311281055,358.9417266780844,57.17779643472613,41.46874831028899,8.84510877039412,32.62363953989487
frame_rej_1133.14_1133.29,22.27995134309991,0.0,-0.3393565148124644,417.18951784060323,362.0910159307823,55.098501909820925,9.103122567926732,4.200334156070085,4.902788411856648
frame_ra_1133.29_1133.43,17.62520213930584,0.0,-0.0535832154795542,416.16181386083156,363.3964312362889,52.76538262454267,12.328509093637507,9.527230917478775,2.801278176158732
frame_bi_1133.43_1133.56,24.433749252473177,0.0,0.1304971611462021,411.8817481161195,362.2411470038565,49.64060111226303,11.78647696626166,6.631813201604174,5.154663764657485
frame_ku_1133.56_1133.82,38.26254608010096,0.0,0.6381853431250522,413.96963614385874,349.48277803656146,64.48685810729728,14.497406660005566,5.919241588461347,8.57816507154422
frame_du_1133.82_1133.94,42.08026547468562,0.0,0.0858606698251607,409.4147638441527,358.52846563016885,50.88629821398382,7.725182412890717,5.774532047452553,1.9506503654381646
frame_ba_1133.94_1134.23,58.6542786783443,0.0,1.0954497073658052,412.85801583340555,347.0386000934075,65.81941573999802,48.79079632868024,22.974025573639793,25.816770755040444
frame_tSis_1134.23_1134.39,14.510146596267077,0.0,-0.0785250839348962,412.69284982966275,359.754060134198,52.93878969546472,4.4561204056628725,2.723602091824972,1.7325183138379003
frame_ta_1134.39_1134.49,33.58700833155804,0.0,-0.5758709076843653,410.26760663210933,360.95913629258735,49.30847033952199,17.813036955794814,12.879150712248801,4.933886243546013
frame_dZi_1134.49_1134.56,33.444492228563064,0.0,-0.4965695740970928,413.97191261448756,365.4505285911727,48.52138402331485,1.2393336234735415,0.39319733387793576,0.8461362895956057
frame_a_1134.56_1134.64,32.71830519612453,0.0,-0.36695583080101585,411.2226431165201,362.37109302379315,48.85155009272694,2.355981875144437,0.47620873492704163,1.8797731402173952
frame_ze_1134.64_1134.82,37.63557573913904,0.0,0.31743266353450184,411.833712868934,355.59881832463606,56.23489454429796,16.19178921228739,6.037466771360911,10.154322440926478
frame_ve_1134.82_1134.99,29.12546630105281,0.0,0.31743266353450184,420.43871620935226,362.52991039271194,57.908805816640324,11.545197153741029,3.40443132435297,8.140765829388059
frame_du_1134.99_1135.1,35.55238519249595,0.0,-0.4664640034810099,411.06570866241316,361.27172532264984,49.793983339763315,2.526713892640643,1.1907712586120596,1.3359426340285836
frame_Sa_1135.1_1135.43,47.23423565326564,0.0,0.5731620151633691,412.18402012170566,341.7177195493959,70.46630057230976,13.055474328059304,7.725605391425674,5.3298689366336305
frame_vis_1135.43_1135.53,44.43529458224002,0.0,-0.4965695740970928,401.1405462067439,352.3666267805754,48.773919426168504,2.7341521434919116,1.9711375711785308,0.7630145723133808
frame_nu~_1135.53_1135.6,41.54960560919835,0.0,-0.6429107573202164,412.9733113791392,364.30706030612885,48.66625107301036,1.168511746250033,0.5156238259973804,0.6528879202526525
frame_ma_1135.6_1135.73,36.6047904969045,0.0,-0.5758709076843653,410.77039431993154,359.8105261549171,50.95986816501443,10.219050959499853,7.621578416718464,2.5974725427813894
frame_pe_1135.73_1135.92,25.52681389710682,0.0,-0.12042678869183113,411.65435966024006,354.81651699322583,56.83784266701423,133.23793738619867,36.54006184945487,96.69787553674378
frame_so_1135.92_1136.07,47.427455807919785,0.0,-0.6595654918180018,410.5731488899228,356.48735729170755,54.08579159821522,9.328624082367682,4.976572886583497,4.352051195784185
frame_a_1136.07_1136.15,41.13388986897833,0.0,-0.36695583080101585,398.80956649787436,352.0375882419535,46.771978255920885,21.400215037233565,10.164214627812385,11.23600040942118
frame_sO_1136.15_1136.32,47.47268616627382,0.0,-1.1557805089901836,411.6556508232573,355.5983888664521,56.05726195680518,60.844192282253616,23.62311079398684,37.221081488266776
frame_e_1136.32_1136.36,36.516749459802426,0.0,-0.5582862409281198,402.9664028458392,357.18945400507835,45.77694884076084,10.622544288299267,5.010791866545276,5.611752421753991
frame_ra_1136.36_1136.48,47.09195653469291,0.0,-0.36695583080339095,409.0281077836961,358.0440076629142,50.984100120781875,7.268151001324966,5.061643067959125,2.2065079333658417
frame_muj~_1136.48_1136.82,20.65482980507909,0.0,-0.1903016668294944,413.126867007406,340.95477710900576,72.17208989840026,51.27514232208719,21.792511982231872,29.48263033985532
frame_ta_1136.82_1136.99,51.24294494960796,0.0,-0.26249829236290373,409.2215412557649,354.239639417113,54.981901838651936,6.577396447474712,3.4807647549896927,3.096631692485019
frame_Ze~_1136.99_1137.31,58.65221372326114,0.0,1.332940201648263,406.4133052297425,339.16285178440495,67.25045344533754,18.45670100073096,9.691834003002626,8.764866997728333
frame_tSi_1137.31_1137.55,80.05126183574697,0.4600000000000364,0.1304971611462021,389.8376971767792,332.76092877579447,57.07676840098475,5.278263858510712,3.241935842187054,2.036328016323658
frame_un_1138.01_1138.09,57.78744542326797,0.0,-0.6045451718067677,404.4010041129525,358.0738631376289,46.32714097532357,2.5983964400270736,1.3761502742276832,1.2222461657993904
frame_un_1138.09_1138.31,8.585444117260067,0.0,0.500104174802434,429.7716869724363,365.940285863634,63.83140110880237,81.77581368816931,45.277471511352104,36.498342176817204
frame_muj~_1138.31_1138.42,8.552773654892036,0.0,-0.6045451718036281,410.5427384098099,359.95674916700943,50.58598924280045,11.322609045853241,3.675216183044057,7.647392862809184
frame_tu_1138.42_1138.55,21.32100185734275,0.0,-0.3283828351552522,415.7520700555125,363.12529735929644,52.62677269621605,12.410847977994976,6.4231574082846805,5.987690569710296
frame_no~_1138.55_1138.87,27.834516129816834,0.0,0.7992069453806792,416.3985406559986,344.64245856189115,71.75608209410746,24.301048591954654,8.61667502004849,15.684373571906164
frame_mi_1138.87_1138.93,33.34217062973464,0.0,-0.4965695740970928,398.64016791283365,353.51607841089714,45.12408950193651,8.672125862604517,2.936946528196259,5.735179334408258
frame_peR_1138.93_1139.14,41.822280711736695,0.0,-0.3393565148124644,411.7890109950166,351.21448111065536,60.574529884361255,16.58402241534992,8.213714312342603,8.370308103007318
frame_da~w~_1139.14_1139.32,15.468950377460501,0.8900000000001,-0.6222199384718793,403.956732986599,350.89271568880076,53.064017297798216,87.03241702513648,40.88874306332981,46.14367396180667
frame_e_1140.21_1140.24,52.63009189920392,0.0,-0.7772159670437753,397.07640528444847,351.87294942454906,45.20345585989941,2.120023479289074,1.3224370835340835,0.7975863957549905
frame_ra_1140.24_1140.33,27.35442698650057,0.0,-0.5758709076843653,412.5699191647619,363.08616736861757,49.483751796144304,9.441693055148875,6.165401368554413,3.276291686594462
frame_muj~_1140.33_1140.51,11.473464507578342,0.0,-0.3283828351552522,413.06536435341184,357.59603966325943,55.469324690152405,25.775830119893882,8.015716086183517,17.760114033710366
frame_tu_1140.51_1140.61,29.350077367949268,0.0,-0.6045451718067677,416.2824417141798,365.38810659973876,50.89433511444105,71.13423587380606,35.82873910356483,35.30549677024123
frame_no~_1140.61_1140.67,1.7469410418784435,0.0,-0.9849311799093602,416.8451108640257,368.50715287028726,48.33795799373843,1.0483161688132014,0.6129391864947138,0.43537698231848765
frame_mi_1140.67_1140.73,4.5574540436554685,0.0,-0.4965695740970928,424.962295142154,376.5697331681876,48.392561973966394,3.0235466918908855,2.061649790630355,0.9618969012605305
frame_pa_1140.73_1140.84,6.924368621215422,0.0,-0.36695583080339095,415.2410247144322,365.21504947527245,50.02597523915978,16.003915608871267,5.997518740017313,10.006396868853955
frame_ra_1140.84_1140.96,7.316760436666044,0.0,-0.26249829236052863,404.81224613221104,352.83519128419255,51.9770548480185,3.478472013294578,1.7264481650749701,1.7520238482196078
frame_u~_1140.96_1141.01,6.55580983474708,0.0,-0.4977610082332655,412.4858247370637,366.65839799479136,45.82742674227234,3.9356449953031785,1.986784783559827,1.9488602117433516
frame_ma_1141.01_1141.25,18.858193044088182,0.35999999999989996,0.9909921689253179,407.88515063594474,351.31104526675074,56.574105369194,9.785600864248877,4.554321353824619,5.231279510424258
frame_pe_1141.61_1141.72,70.1076755978298,0.0,-0.120426788696809,415.6886631065074,364.251363370141,51.43729973636641,1.7513881891568417,0.536635140235731,1.2147530489211107
frame_so_1141.72_1141.89,6.686413624435261,0.0,-0.6595654918140479,417.9351812655893,359.96614823029984,57.96903303528944,6.745812427813533,3.4160498133962847,3.3297626144172483
frame_a_1141.89_1142.0,13.504823120850972,0.0,-0.053583215481929285,411.8342878186525,361.60652001812116,50.22776780053135,7.088663078568516,3.5519882953439748,3.536674783224541
frame_sO_1142.0_1142.21,23.12035114359651,0.0,-0.26912578638686063,423.2146652665545,361.0581205939853,62.156544672569225,4.954670214732843,3.351106458679851,1.603563756052992
frame_e~_1142.21_1142.27,25.11622073422741,0.0,-0.5922335432361547,402.93006691811655,357.055168237361,45.874898680755564,18.758778799819112,9.097800978034485,9.660977821784627
frame_ta~w~_1142.27_1142.53,15.062204137190392,0.0,0.09034862444184973,417.5604721230975,351.7125542242077,65.84791789888982,12.344212851954609,6.625811080979901,5.718401770974708
frame_e_1142.53_1142.61,13.333993135291806,0.0,0.31743266353450184,413.1268043773164,364.97658477278407,48.15021960453231,8.392757791226074,4.571905246262958,3.8208525449631168
frame_li_1142.61_1142.67,16.530609385919846,0.0,-0.4965695740970928,398.923758415925,353.47398051643484,45.449777899490186,11.449844039345123,6.536423443354295,4.913420595990829
frame_a_1142.67_1142.72,10.864922289460353,0.0,-0.6803284461248525,408.5991212184945,363.03300569623525,45.566115522259224,3.872954263222624,2.048440918445152,1.824513344777472
frame_si~_1142.72_1142.83,3.163670176032994,0.0,-0.5424308271904325,417.0751681321627,364.68606706646864,52.389101065694035,10.490629914266137,5.7189392549941545,4.771690659271982
frame_na_1142.83_1142.95,3.2542983936202887,0.0,-0.47141336924387817,412.27263398511406,360.5845135886753,51.68812039643876,9.773232824443639,7.020008286639836,2.7532245378038027
frame_es_1142.95_1143.09,0.9278062383819474,0.0,-0.7772159670437753,400.79156150798025,347.7196264898832,53.071935018097065,4.79893011520852,2.526368442788609,2.2725616724199114
frame_klu_1143.09_1143.23,5.636312052107584,0.0,-0.1903016668294944,413.32257152831835,360.18096239673446,53.141609131583834,15.589088480118505,7.455988925743611,8.133099554374894
frame_zi_1143.23_1143.39,5.345160889275135,0.0,-0.39205845155416735,416.35443331701816,359.32517792167715,57.02925539534101,11.937869408719138,4.377353819799907,7.56051558891923
frame_va_1143.39_1143.53,15.828079450276462,0.0,-0.5758709076843653,412.52975651261585,359.25069893388115,53.279057578734694,114.95242463528473,82.63423515863542,32.31818947664931
frame_me~_1143.53_1143.84,21.233655088822516,0.0,1.682971791627248,413.1398669129133,343.5956016304703,69.544265282443,43.362936471721696,7.752184188715958,35.61075228300574
frame_tSi_1143.84_1144.06,42.28057197849819,0.20000000000004547,0.5485416513083987,413.4773016147339,353.00647163386657,60.470829980867336,68.44158817395373,39.557215669887825,28.884372504065908
frame_i_1144.26_1144.34,21.000228972372724,0.0,0.025986038605652958,412.71744668766894,364.8477361516018,47.869710536067146,3.6310676696909923,1.7593143987266728,1.8717532709643194
frame_ta_1144.34_1144.54,46.60364792694959,0.0,-0.1580407539224165,419.22758424942003,358.5870326070692,60.640551642350886,35.430375185179585,21.971867224718736,13.45850796046085
frame_Zi_1144.54_1144.76,61.05698003167171,0.0,0.1304971611462021,415.79727273258214,353.2499239154415,62.54734881714063,10.05656849841344,2.809146035395983,7.2474224630174575
frame_ba_1144.76_1144.91,47.344192747412265,0.0,-0.47141336924150307,416.60479313582937,361.6694471625612,54.93534597326817,19.10886427764379,13.261263879156516,5.847600398487273
frame_Sa_1144.91_1145.22,387.49381233090145,0.0,0.36424693828239463,411.2769454337964,343.1954696755741,68.08147575822233,79.15752474482349,35.95623075948606,43.20129398533743
frame_vis_1145.22_1145.61,51.593726211980766,2.060000000000173,-0.3920584515565436,396.19184232472287,321.3043607196647,74.88748160505816,101.3432312548577,56.993911872647374,44.349319382210325
frame_e_1147.67_1147.82,8.209644177911656,0.0,1.8499407463440898,414.2885600676727,357.8302212238208,56.45833884385189,8.886397056420776,4.663678887810889,4.222718168609887
frame_li_1147.82_1148.2,15.403689955860045,0.2799999999999727,1.0710972640135208,414.17738391090114,338.352573349674,75.82481056122714,61.174293604735944,14.654666369226945,46.519627235509
frame_a_1148.48_1148.54,33.82116919374293,0.0,-0.5758709076843653,405.2075080890173,359.0242573673862,46.18325072163111,50.24991294427231,29.560369022785636,20.689543921486674
frame_pe_1148.54_1148.74,18.467888006222864,0.0,0.5363623896501573,415.00118896756186,354.68123229196647,60.31995667559539,18.670073278727514,13.739464819517693,4.930608459209822
frame_zaX_1148.74_1148.97,5.337546480581466,0.0,0.15533186140142022,418.4224203661993,354.9885739053201,63.43384646087918,25.829950344061615,9.951131466875182,15.878818877186433
frame_dZi_1148.97_1149.04,15.50599408450205,0.0,-0.3920584515565436,425.8687349686712,376.3837886824599,49.48494628621131,6.37061015738621,2.4434723540935295,3.9271378032926805
frame_na_1149.04_1149.27,6.387926321857947,0.0,0.46870447672288185,410.5837207892602,353.10975661887426,57.473964170385955,33.07755543800002,8.529155716374618,24.5483997216254
frame_si_1149.27_1149.42,35.051255940001894,0.0,0.3395194062296767,414.73237871449345,360.19208106169924,54.54029765279421,20.528591886596985,12.537863349585848,7.990728537011137
frame_du_1149.42_1149.49,33.50537648464693,0.0,-0.6045451718067677,415.24521964991743,366.04640885467506,49.19881079524242,3.346758889232447,1.1852047635313738,2.1615541257010733
frame_e~j~_1149.49_1149.56,34.346748488815805,0.0,-0.9422651332151398,412.70682178522065,363.8882004347265,48.81862135049414,2.747134676595863,1.9170132285709798,0.8301214480248831
frame_Za_1149.56_1149.68,21.878013105470203,0.0,-0.47141336924150307,412.33463640160653,362.2414060451103,50.093230356496235,17.326235166488473,12.784033353915632,4.542201812572841
frame_ka_1149.68_1149.86,36.329946142387314,0.0,-0.36695583080339095,414.25229135039774,355.9025653530301,58.349725997367614,63.9048114137737,20.20595742075814,43.69885399301556
frame_re_1149.86_1150.04,18.830282333316134,0.0,1.412081294112779,413.9857820481293,356.0395591248016,57.946222923327696,23.767193383139812,10.7713640491624,12.995829333977412
frame_i_1150.04_1150.07,1.4912274036096278,0.0,-0.4965695740970928,397.39918081252085,352.57526757894965,44.823913233571204,6.96523436447896,3.3611797396862926,3.604054624792667
frame_vej_1150.07_1150.27,9.291930453149988,0.0,-0.3393565148124644,427.32634454065374,365.6122700422266,61.714074498427124,15.24647389789915,7.732842683745005,7.513631214154145
frame_u_1150.27_1150.3,14.40678970288188,0.0,-0.6045451718067677,397.12570065397756,353.063385790729,44.06231486324856,1.5113929285286645,0.7809113480427925,0.730481580485872
frame_muj~_1150.3_1150.49,11.546503415509903,0.0,-0.4664640034810099,411.8656815332551,355.67492643831434,56.190755094940755,10.083724940128093,5.108420590179762,4.975304349948331
frame_tu_1150.49_1150.59,53.757193021148396,0.0,-0.1903016668294944,411.5368646753581,359.9434974643692,51.5933672109889,2.6547001804943164,0.8843569900961512,1.7703431903981652
frame_kri_1150.59_1150.7,53.87233625990261,0.0,-0.4965695740970928,415.9687772907122,364.82616478416196,51.14261250655022,1.7972782456556047,0.9283372879643252,0.8689409576912794
frame_a~_1150.7_1150.93,27.453878675786086,0.0,1.2100992233085957,415.2866258345033,353.06110794921904,62.22551788528426,15.491223301404204,9.379652686072106,6.1115706153320986
frame_sa_1150.93_1151.11,34.36412892110785,0.0,-0.26249829236290373,411.50182204566835,355.50322332286163,55.99859872280672,2.403084259629992,0.8490155028557922,1.5540687567741998
frame_pa_1151.11_1151.22,32.09067838229343,0.0,-0.47141336924387817,416.0508487858682,363.8804015409444,52.17044724492388,3.5610189503621825,1.410877023695548,2.1501419266666346
frame_ra_1151.22_1151.32,28.889357457194023,0.0,-0.47141336924387817,411.80445378856285,362.80956763908085,48.994886149482,1.9506939255189906,1.1780382472027497,0.7726556783162408
frame_sa~w~_1151.32_1151.58,20.08939622272682,0.0,-0.3168334115088526,412.7445695496061,350.43674315469934,62.30782639490678,10.17062103109005,5.450463974249672,4.720157056840378
frame_paw_1151.58_1151.8,20.46524808399235,0.0,0.15533186139904515,414.8031704144627,352.9589493953346,61.8442210191281,27.262190603088584,11.44522082179492,15.816969781293665
frame_lu_1151.8_1151.86,21.78935124539774,0.18000000000006366,-0.6045451718067677,392.8143139697459,349.74336975805375,43.070944211692165,4.01937936675688,1.6560115417733243,2.3633678249835555
frame_tra_1152.04_1152.27,60.858097177842325,0.0,0.05087432295855793,411.90590443543977,350.2306483156381,61.675256119801645,7.18278962263733,3.132357641547273,4.050431981090057
frame_ba_1152.27_1152.49,51.57132734360172,0.0,0.5731620151633691,414.34735333169704,351.9884997931107,62.35885353858629,6.0292292577960325,2.8984763981338943,3.130752859662138
frame_Low_1152.49_1152.76,30.49315296615687,0.0,0.9055317203590921,413.78491627893186,349.6230004762608,64.16191580267105,18.797194087979832,7.8416503855765285,10.955543702403304
frame_poX_1152.76_1152.91,22.15963999688057,0.0,-0.4856658015725879,400.1046748826425,347.90177862316415,52.20289625947834,118.83954916453573,46.66645311075695,72.17309605377878
frame_ki_1152.91_1153.01,62.44133238712186,0.0,-0.4965695740970928,411.8387592307628,361.94722781473695,49.89153141602583,28.461160630600475,16.853323711803583,11.607836918796892
frame_ujs_1153.01_1153.22,84.52055418114925,0.0,0.5001041747992944,409.11251070111285,351.08582903912895,58.0266816619839,29.178124556493678,16.938502292699823,12.239622263793855
frame_pajs_1153.22_1153.47,63.02419966625624,0.0,-0.1580407539200414,412.3236437395572,350.26276200402486,62.06088173553235,24.548046698848665,12.324714393308795,12.22333230553987
frame_de_1153.47_1153.56,58.9240524932365,0.0,-0.120426788696809,413.98536069683007,364.3363493234217,49.64901137340837,3.869567162100765,2.48341857551047,1.386148586590295
frame_li_1153.56_1153.66,60.11862952350083,0.0,-0.2875473290136182,410.6423273798697,361.6444377300813,48.99788964978842,1.803140411333601,0.5902066102782442,1.2129338010553568
frame_peR_1153.66_1153.88,49.98045654922254,0.0,0.5363623896501573,414.0603260310812,352.79669720492575,61.26362882615541,89.56984689619222,74.39178167311556,15.178065223076658
frame_de_1153.88_1153.95,52.1242998566821,0.0,-0.7772159670437753,413.8867050030732,365.9191825250195,47.967522478053695,2.0977231064062067,0.6931059617904225,1.4046171446157842
frame_ra~w~_1153.95_1154.23,54.14688591298203,0.0,-0.011446884545825842,411.9347285065801,346.1547665071811,65.779961999399,3.995038938888726,2.1445082511969247,1.8505306876918013
frame_tu_1154.23_1154.41,54.41802205591679,0.0,0.7762665114539494,412.02639272045144,355.6782155303873,56.34817719006412,22.122301197338246,12.806617495860209,9.315683701478036
frame_du_1154.41_1154.49,56.81592756758165,0.0,-0.3283828351552522,397.0341308917686,352.89473157007154,44.139399321697056,16.15481154992922,11.503916864243408,4.650894685685813
frame_poX_1154.49_1154.64,60.66187188488085,0.0,-0.8334651820594619,416.1570187983217,360.70451755811916,55.452501240202594,3.9528923428130014,1.0561096377031873,2.896782705109814
frame_mo_1154.64_1154.76,61.31749347390874,0.0,-0.8334651820594619,408.87347947932415,357.00102252989967,51.872456949424475,2.0838042295586234,0.9817965945898521,1.1020076349687713
frame_tSi_1154.76_1154.82,3.9748048102800624,0.0,-0.4965695740970928,416.03990831757716,368.62225166692826,47.417656650648894,7.807820198575712,5.204664833334732,2.60315536524098
frame_vu_1154.82_1155.01,55.235998570097735,0.0,0.9143476797797072,411.8372001869542,355.15675804391043,56.68044214304376,12.398585796402983,6.926749514821722,5.471836281581261
frame_dZi_1155.01_1155.12,57.11672638062963,0.0,0.025986038605652958,415.20584155480907,363.70866021471124,51.497181340097825,8.203540106994538,4.110476026166609,4.093064080827929
frame_do_1155.12_1155.34,38.30235259290417,0.0,1.4272307910795181,419.92744960738037,356.93883663602503,62.98861297135534,34.547126407128175,18.545084326251484,16.00204208087669
frame_e~_1155.34_1155.38,11.962128115050604,0.0,-0.9422651332111605,400.6264758964911,355.831497568004,44.794978328487105,3.6769864484082575,2.2666087581217482,1.4103776902865093
frame_sa_1155.38_1155.73,20.536267150135075,0.6800000000000637,0.5731620151633691,397.9674455091399,327.1969897476429,70.77045576149709,14.891446654738317,8.40058756754695,6.490859087191367
frame_i_1156.41_1156.44,1.0848599550286764,0.0,-0.4965695740970928,398.3927740391609,354.9914810365483,43.40129300261259,2.1954630982035326,0.9340609900322079,1.2614021081713247
frame_mew_1156.44_1156.61,1.5944578344301732,0.0,-0.7772159670437753,416.25298129094165,358.0565438702485,58.196437420693144,5.0868296673853735,1.7180431378921952,3.3687865294931783
frame_a_1156.61_1156.91,8.75145016161106,0.0,1.931110014892078,412.7186775935608,345.7257163158065,66.99296127775432,20.390363840008703,10.03264862667541,10.357715213333293
frame_vo_1156.91_1157.32,2.3362220350443437,0.5199999999999818,4.7313249056712126,413.48773727274306,335.7668833527182,77.72085392002487,11.092811513115109,3.4768764518975814,7.615935061217527
frame_si_1157.84_1157.97,80.53884432186626,0.0,-0.4965695740970928,412.7258763050285,360.52421225889685,52.20166404613167,2.3845176013060154,1.4168565324653528,0.9676610688406626
frame_a_1157.97_1158.1,74.96422685241699,0.0,0.15533186139904515,397.5064572558991,347.0178694562377,50.48858779966139,42.173883662153244,30.714926569392958,11.458957092760286
frame_po_1158.1_1158.26,33.641122515475786,0.0,0.2099329593892981,414.3602939993124,357.90171659548434,56.45857740382803,21.661941372580657,12.04158026143702,9.620361111143637
frame_ze~_1158.26_1158.5,36.30399438831084,0.0,0.8078928166837648,408.8646078529036,351.0693047615895,57.79530309131411,22.37753821487415,11.444214759120726,10.933323455753424
frame_tow_1158.5_1158.73,44.84683005342076,0.0,0.20993295939325213,410.82684217473167,350.2967895613562,60.53005261337546,46.94638390216419,6.302031288152975,40.64435261401122
frame_zi_1158.73_1158.9,56.606303844445634,0.0,-0.18303620647306904,408.20699302729753,354.2856760591591,53.921316968138456,43.35382814283603,21.165466788244856,22.188361354591173
frame_ko~_1158.9_1159.07,41.94299068396789,0.0,-0.47517742982649186,413.0067152363657,356.30910566179216,56.69760957457362,48.831070294834035,6.816980357567331,42.014089937266704
frame_mu_1159.07_1159.14,40.27821977578182,0.0,-0.4664640034778703,403.4242712683026,357.7972689499799,45.627002318322695,15.535172703733636,9.678865016290558,5.856307687443078
frame_poX_1159.14_1159.52,48.833179986583175,0.0,-0.8334651820594619,414.2489558105922,339.57670532774875,74.67225048284337,72.29386543634138,38.183719654541264,34.11014578180012
frame_tej_1159.52_1159.72,26.059710727550325,0.0,0.3174326635394797,416.1899266852811,356.90567782221785,59.284248863063226,23.162538105042373,14.168202675142496,8.994335429899877
frame_ru_1159.72_1159.81,42.12335129724997,0.0,-0.3283828351552522,410.94337841283965,363.15651289627095,47.786865516568696,13.143606465629844,7.785874882192772,5.357731583437072
frame_du_1159.81_1159.95,48.293040472068824,0.0,0.0858606698251607,411.7494891901648,358.892797274044,52.85669191612078,10.198173696448492,3.624719149438306,6.573454547010186
frame_gru_1159.95_1160.32,46.69524499256846,0.0,2.433240531363042,413.70595876862893,338.6164487034207,75.08951006520823,35.7810683944561,10.500024945129525,25.281043449326575
frame_pu_1160.32_1160.64,49.65717686581091,0.0,2.985565204669213,411.63985375812774,340.99786997479515,70.64198378333259,2.5316112109835984,1.600175562101441,0.9314356488821574
frame_es_1160.64_1160.82,86.75865236735291,0.0,-0.5582862409281198,395.00504483561207,340.2685878308317,54.73645700478039,0.3553828948861053,0.25070024679153136,0.10468264809457395
frame_kO_1160.82_1161.02,50.44545350893492,0.0,-0.6237876754306091,409.8451346147926,351.40695683343534,58.43817778135724,6.02288992815717,1.8812249753150212,4.141664952842149
frame_la_1161.02_1161.5,35.07251381103467,0.32999999999992724,2.1400250917706773,413.35260350560327,327.87328264096226,85.47932086464104,21.147378092416915,7.249558086610406,13.897820005806508
frame_ERi_1161.83_1161.92,,1.099999999999909,-0.8093781062605561,389.57839156432436,342.90923427048574,46.66915729383862,1.5376399368375147,0.8119397565573294,0.7257001802801852
frame_na~w~_1163.02_1163.16,52.23723982779872,0.0,-0.7240154474572403,415.35300324930176,360.46627164797474,54.88673160132703,10.41300657626303,6.496295157300381,3.916711418962649
frame_mi_1163.16_1163.29,61.98151267239446,0.0,-0.4965695740970928,410.29803728455465,359.0401298465681,51.257907437986546,5.531768904835843,3.852222121539299,1.6795467832965443
frame_Re_1163.29_1163.42,62.688741420000724,0.0,-0.12042678869183113,410.5759089504402,358.9808691291049,51.59503982133526,2.3332445581573467,1.0093273286874762,1.3239172294698704
frame_koR_1163.42_1163.66,63.136700393062995,0.0,0.20993295939325213,413.20660465756407,349.5780052640325,63.628599393531545,44.914150086011986,12.79420555482362,32.11994453118837
frame_du_1163.66_1163.72,61.42121270596678,0.0,-0.6045451718067677,411.48484361214093,365.20708670698383,46.277756905157105,1.2353348571388665,0.5540049061626746,0.6813299509761919
frame_u_1163.72_1163.75,21.712419340003322,0.0,-0.6045451718067677,391.6044800994388,350.1607559913892,41.443724108049594,7.625394105854099,2.8566625351948858,4.768731570659213
frame_no~_1163.75_1163.88,66.38630091489398,0.0,-0.22030055478216004,410.75508227104007,358.0381087998361,52.71697347120397,4.399253580909615,2.098031129653421,2.3012224512561943
frame_mi_1163.88_1163.97,61.47170328294696,0.0,-0.4965695740970928,412.20659150404816,362.9752276184559,49.23136388559226,5.203105378225814,3.174427911200965,2.028677467024849
frame_a_1163.97_1164.07,54.46127960419339,0.0,-0.1580407539224165,410.97200716655016,361.1525997092423,49.81940745730793,2.816747063443117,1.5842057535803917,1.2325413098627251
frame_li_1164.07_1164.22,49.90086625939868,0.0,-0.18303620647544533,415.06067719088395,358.8766781780548,56.18399901282913,6.7079878046451284,2.467606539870573,4.240381264774555
frame_nu_1164.22_1164.35,56.99842090546417,0.0,-0.4664640034810099,412.7817661485404,360.20588314322515,52.575883005315234,15.852345035048543,8.685339788101217,7.167005246947326
frame_baj_1164.35_1164.6,55.54153475485121,0.0,-0.1580407539224165,416.19052270136103,351.68161510254225,64.50890759881878,18.79333236598559,6.411415239022986,12.381917126962605
frame_Ru_1164.6_1164.66,56.68281757962501,0.0,-0.6045451718067677,406.0647610477581,358.60517434869547,47.45958669906264,4.054616480597517,2.0439196499966528,2.010696830600864
frame_da_1164.66_1164.82,61.0464027675979,0.0,-0.26249829236290373,414.00697845697454,358.85998972742954,55.146988729545,16.398738638892198,8.908537948397537,7.49020069049466
frame_lujs_1164.82_1165.37,74.12905698284354,1.4500000000000455,0.5001041747992944,411.24759933296775,321.6591911221404,89.58840821082737,40.79262070683467,17.789289381592127,23.00333132524254
frame_gru_1166.82_1166.99,83.45464834305479,0.0,0.3620230064735366,413.22260910757217,356.48002180040913,56.742587307163035,8.166079521763777,2.7430694510458267,5.42301007071795
frame_pu_1166.99_1167.09,113.25744730153752,0.0,-0.6045451718067677,399.81819634054625,352.11340730260235,47.7047890379439,41.37802057873345,33.214851342720266,8.163169236013182
frame_es_1167.09_1167.17,11.579131608129558,0.0,-0.3393565148074865,397.2744517970077,351.134847603813,46.139604193194714,24.587056587554883,13.370209665665499,11.216846921889385
frame_ko_1167.17_1167.27,81.1118695807988,0.0,-0.4856658015765419,413.1473628593444,363.3133114305148,49.83405142882964,8.45986115523776,5.84964057313735,2.6102205821004105
frame_laX_1167.27_1167.49,80.04858434579155,0.0,-0.1580407539200414,409.28569036727635,350.22246225672336,59.063228110552984,3.39509085164255,1.2359384622225065,2.1591523894200435
frame_ki_1167.49_1167.65,87.53464098672012,0.0,-0.07852508393251989,411.19664781035476,355.54963114849295,55.64701666186181,6.461479727171167,4.595569677806552,1.865910049364615
frame_e_1167.65_1167.68,83.94134225574736,0.0,-0.7772159670437753,386.22987565088727,342.1200097711004,44.10986587978687,10.191131550033376,7.1522378148719525,3.038893735161423
frame_zis_1167.68_1167.89,81.97791722975758,0.0,0.3395194062273004,408.05730859670973,350.21059745743,57.846711139279705,7.844227915738074,5.2770519478103495,2.5671759679277244
frame_tSi_1167.89_1167.98,82.40903659716025,0.0,-0.3920584515565436,410.49496053960155,360.5933608911302,49.90159964847135,131.80862377004124,92.97459969462057,38.83402407542068
frame_nu_1167.98_1168.37,90.95482120999553,0.060000000000172804,2.433240531363042,408.7832260877384,333.27326994533263,75.50995614240577,16.844737807134237,11.097219579935611,5.747518227198626
frame_baj_1168.43_1168.62,82.19540756025016,0.0,-0.053583215481929285,413.0638024520251,355.45391762405063,57.60988482797444,3.572399124139622,1.6532948887065402,1.9191042354330818
frame_Ru_1168.62_1168.68,88.48810713279212,0.0,-0.6045451718067677,402.0647800991257,357.6693720613987,44.39540803772701,6.733585461646541,5.07364292056171,1.6599425410848312
frame_da_1168.68_1168.78,84.75654308904524,0.0,-0.7847859845653398,413.1128823299543,362.36253227751223,50.75035005244206,6.277744071627922,3.0789728662714424,3.198771205356479
frame_lujs_1168.78_1169.04,76.59144671384523,0.0,0.22394183814777885,414.195260865909,348.5126313827686,65.68262948314043,8.724337379012582,2.991567066873216,5.732770312139365
frame_a_1169.04_1169.1,82.02706971290009,0.0,-0.5758709076843653,412.1395320202715,365.0877047256399,47.05182729463155,1.5641581821438848,1.0278656836565858,0.536292498487299
frame_li_1169.1_1169.18,79.9676793815311,0.0,-0.4965695740970928,414.7478367550273,365.30672748014143,49.44110927488589,1.4633785392316128,0.5608214910167675,0.9025570482148453
frame_e~j~_1169.18_1169.25,58.33934655106927,0.0,-0.9422651332151398,407.2895596532259,362.18407174430513,45.10548790892079,77.53240990341021,48.80360030038409,28.72880960302612
frame_fre~_1169.25_1169.54,89.96368781699488,0.0,0.8078928166797854,413.79907644537,347.76558140007023,66.03349504529979,46.24574945347364,17.89973297788218,28.346016475591462
frame_tSi_1169.54_1170.06,55.87195456480089,1.0199999999999818,3.5793642049867005,411.7347160810098,325.1921130144598,86.54260306655007,302.5980046999923,239.49523289756883,63.102771802423504
frame_e~j~_1171.08_1171.19,72.64483540792203,0.0,-0.24220195325319033,407.25076816359194,356.99246697956914,50.2583011840228,45.92313784057555,33.15306105334383,12.770076787231716
frame_fre~_1171.19_1171.46,28.820699488268517,0.0,0.8078928166837648,415.25319966366663,348.7076148941708,66.54558476949586,5.227436703715725,2.637971493102185,2.5894652106135396
frame_tSi_1171.46_1171.53,22.517740540935876,0.0,-0.4965695740970928,414.65659697076626,366.0035732319041,48.653023738862146,0.9917219227499885,0.4042429848787066,0.5874789378712819
frame_a_1171.53_1171.64,35.34752709161721,0.0,-0.0535832154795542,412.8178762326836,361.5382986907107,51.27957754197297,4.882760097428772,2.727317214386389,2.155442883042383
frame_i_1171.64_1171.78,33.67406747183961,0.0,0.6530527738489479,405.36024766527714,351.6869147218449,53.67333294343223,1.004219130127069,0.5055066558249592,0.49871247430210985
frame_a_1171.78_1172.05,46.42841340233858,0.0,1.6177373995682411,412.93917312464635,346.5900107361673,66.34916238847904,6.556920504155869,4.242799062248707,2.3141214419071616
frame_es_1172.05_1172.16,49.212269740004274,0.0,-0.7772159670437753,394.50474140383346,344.8337023489772,49.67103905485624,1.6968159259780577,0.9459973560835806,0.7508185698944772
frame_ta_1172.16_1172.26,28.83565522060654,0.0,-0.6803284461248525,412.1219916775876,363.73365688151927,48.38833479606831,21.380794152265935,11.940143970387254,9.44065018187868
frame_sa~w~_1172.26_1172.59,46.51385472576884,0.0,-0.6222199384695647,411.9951721638081,341.7039070079064,70.29126515590167,54.21343856948389,17.017750721064388,37.1956878484195
frame_du_1172.59_1172.89,31.875000740221253,0.4099999999998545,2.5713216996888,411.41476057159696,342.45896194608457,68.95579862551239,87.87450544752114,64.1229848083023,23.75152063921884
frame_dZi_1173.3_1173.47,68.29407108739875,0.0,0.3395194062296767,407.4538971818715,353.2741036844054,54.17979349746605,38.38034298061054,28.405938043200017,9.974404937410526
frame_tre~j~_1173.47_1173.91,2.306001665154696,0.11999999999989086,0.4578612267047798,415.56724363642695,335.58831188660497,79.97893174982198,28.37924050773728,10.292018683953444,18.087221823783835
frame_o~_1174.03_1174.21,64.5095228168309,0.0,0.9266453829042939,412.2459690345157,355.4127769628371,56.83319207167864,11.399036815462736,5.095977374901679,6.303059440561057
frame_dZi_1174.21_1174.29,60.397608608120336,0.0,-0.4965695740970928,412.59098390550844,364.410829028011,48.18015487749744,0.834805084334306,0.29224689894896017,0.5425581853853458
frame_o_1174.29_1174.49,55.34741097438611,0.0,2.122829552049312,412.1381177651193,353.264906678673,58.873211086446304,14.269167238017985,5.287322564128644,8.981844673889341
frame_Zi_1174.49_1174.67,48.74385658068282,0.0,0.23500828368912757,412.3478201457863,355.31861050720624,57.029209638580085,96.59154182234793,80.54481404063297,16.046727781714964
frame_E_1174.67_1174.72,65.42552935946446,0.0,-0.5969827269234648,411.09276403436087,364.0266164972147,47.06614753714615,0.48693094428557515,0.3092821107570529,0.17764883352852223
frame_u_1174.72_1174.77,63.98233418124134,0.0,-0.3283828351552522,411.26092421482775,364.2335049981878,47.02741921663994,0.12354994881789594,0.09655014713942478,0.026999801678471158
frame_a_1174.77_1175.39,68.37728589678999,0.0,5.273751244990044,412.55065302923407,313.4747136424725,99.07593938676152,14.85502442832707,7.002622677631123,7.852401750695947
frame_Su_1175.39_1175.57,69.35267042822785,0.4600000000000364,1.0524288481023254,404.2004268263107,349.8404590151408,54.359967811169895,7.8796349020177985,3.250877184576183,4.628757717441616
frame_ki_1176.03_1176.18,119.51950571912147,0.0,0.1304971611485784,407.0304558746898,353.0674638068605,53.962992067829305,2.914674182277679,1.8531503904397724,1.0615237918379066
frame_u_1176.18_1176.21,84.39782396477975,0.0,-0.6045451718067677,398.016618559595,353.0602067924753,44.956411767119675,1.5042434294467313,0.8458146321430036,0.6584287973037277
frame_li_1176.21_1176.31,83.7553861046547,0.0,-0.18303620647544533,405.2323259271757,357.0992720455297,48.133053881645935,2.5567399679631393,1.3344919519607004,1.222248016002439
frame_sew_1176.31_1176.65,91.31065897161261,0.0,-0.7772159670437753,411.71544858519474,339.6292859113123,72.08616267388243,42.85683384202225,13.706255873630624,29.150577968391623
frame_dZi_1176.65_1176.72,82.5643939531922,0.0,-0.4965695740970928,411.54010186021947,363.80667788200526,47.733423978214205,0.8591073605027333,0.5231873036141081,0.33592005688862514
frame_aX_1176.72_1176.85,98.96929211826752,0.0,-0.1580407539224165,408.68689037246423,358.4076136420698,50.27927673039443,33.7623884693934,14.891703485082843,18.870684984310557
frame_tSis_1176.85_1176.98,118.57099492490917,0.0,-0.4965695740970928,409.27332588659215,356.68158561232417,52.59174027426798,0.7001705037006332,0.47154470391784997,0.2286257997827832
frame_i_1176.98_1177.01,92.5878676342277,0.0,-0.4965695740970928,394.260906976183,349.55040104789435,44.710505928288626,4.5039404122380375,2.671368847546333,1.8325715646917047
frame_o_1177.01_1177.06,72.10284843865477,0.0,-0.4856658015765419,387.9245348302604,343.89841630676233,44.026118523498155,41.822367591256494,26.020505573649245,15.801862017607249
frame_fi_1177.06_1177.35,97.12492478953087,0.0,0.23500828368675125,405.8947808120844,342.3481190257693,63.5466617863151,33.92156653759366,10.52563292974419,23.39593360784947
frame_sius_1177.35_1177.51,117.40167026262802,0.0,0.0,400.788717019985,347.58536308168215,53.203353938302826,5.580285177399631,2.689828368581587,2.890456808818044
frame_ow_1177.51_1177.78,83.9842954312661,0.0,-0.4965695740970928,408.9419512255364,344.00856175767274,64.93338946786366,23.473449579496403,11.25923519248802,12.214214387008383
frame_es_1177.78_1177.94,120.00367723034961,0.0,-0.3393565148124644,393.56719960399505,341.3572557016075,52.209943902387465,3.569362019778602,1.7231593675968497,1.846202652181752
frame_kO_1177.94_1178.11,90.01111783890696,0.0,-0.4464567309107509,409.6273979127161,354.85389079151173,54.773507121204375,3.6354777647354695,1.6668064182299673,1.9686713465055021
frame_la_1178.11_1178.2,90.33056411347476,0.0,-0.7847859845653398,404.8557971777773,356.2912139844223,48.56458319335496,0.8654716072064872,0.6784488647454623,0.1870227424610249
frame_dZi_1178.2_1178.28,85.1340656904802,0.0,-0.2875473290159945,401.2650619592957,353.4458945350417,47.819167424253976,3.543152435964629,1.7594118103935585,1.7837406255710704
frame_bE_1178.28_1178.42,86.84560381391319,0.0,-0.49078503725250444,406.1229091312374,352.9663477738891,53.15656135734827,0.6255652865143588,0.3569106703149174,0.2686546161994414
frame_las_1178.42_1178.69,119.3687588508844,0.0,0.25978939983953236,410.4759162691827,344.2008478931434,66.2750683760392,5.317254745929752,2.432308813951515,2.884945931978237
frame_aX_1178.69_1178.9,85.93912566762775,0.0,0.6776195536014812,407.0801934023742,349.51225379258494,57.56793960978922,13.40819683447802,6.201509930592167,7.206686903885853
frame_tSis_1178.9_1179.02,118.48979150836664,0.0,-0.4965695740970928,390.49214636053375,340.9606020021148,49.5315443584189,6.80792143159627,3.987644935725598,2.8202764958706723
frame_kwaw_1179.02_1179.09,71.32503713060218,0.0,-0.6045451718067677,406.9281712617996,361.0330862408716,45.89508502092798,37.169581171599674,19.445613657864,17.723967513735673
frame_kEX_1179.09_1179.28,119.04952010135543,0.0,-0.889243523005827,403.7923052888554,348.78167303400977,55.01063225484563,3.4798443258626435,1.712390934692337,1.7674533911703065
frame_koj_1179.28_1179.47,90.82916622773868,0.0,-0.31176611133508186,406.7521394322195,349.3443823557036,57.40775707651591,4.55449885792693,1.6056749152634922,2.948823942663438
frame_za_1179.47_1179.57,93.27587383857038,0.0,-0.7847859845653398,404.76783143876617,356.14843386841875,48.61939757034742,4.803311879445758,2.936746171648352,1.866565707797406
frame_a_1179.57_1179.6,119.59033433596466,0.0,-0.889243523005827,372.27363402979574,330.3404160843836,41.93321794541214,2.109033024328305,0.9573079025457147,1.1517251217825901
frame_si~_1179.6_1179.84,104.43149655321305,1.3400000000001455,0.26804595133097203,402.29000650104695,342.91978261826546,59.37022388278149,51.955048913372615,36.435906036034595,15.51914287733802
frame_a_1181.18_1181.26,45.943292325164805,0.0,-0.36695583080339095,400.55750700700696,353.3333617230189,47.22414528398804,49.6831645891329,30.892653755941325,18.790510833191576
frame_gO_1181.26_1181.39,50.41454182258012,0.0,-0.44645673090671883,410.29575444675265,357.78645393878287,52.50930050796978,5.88285973674968,3.041908061215892,2.8409516755337876
frame_ra_1181.39_1181.49,38.376648053911,0.0,-0.47141336924387817,411.4314676135044,361.6466571528812,49.78481046062325,12.583922654728767,6.292097332347694,6.291825322381072
frame_mi~_1181.49_1181.64,7.971845496319446,0.0,-0.7045261828910278,413.861980615804,358.92284015945245,54.93914045635154,32.66387873457529,10.298270613946528,22.365608120628764
frame_Ja_1181.64_1182.05,2.964747438041769,0.0,2.7667703224136004,417.4721238914663,337.1706835089962,80.3014403824701,32.72767429275987,17.868112053159507,14.859562239600365
frame_ma~j~_1182.05_1182.62,30.67779495318358,0.0,0.5993261693825421,416.06011646360696,322.86225601363884,93.19786044996815,102.25973123208331,60.87224328985282,41.38748794223049
frame_E_1182.62_1182.75,22.344386052386866,0.21000000000003638,0.2525987904273152,416.69829821981796,363.7309017108539,52.967396508963986,23.59441183795299,12.50681901190849,11.0875928260445
frame_fi_1182.96_1183.02,83.4036669506073,0.0,-0.4965695740970928,413.98302849570115,366.1468348426695,47.83619365303167,3.0614833219673727,1.666494305420386,1.3949890165469867
frame_La_1183.02_1183.23,84.50909440424553,0.0,-0.1580407539224165,409.79385599056207,352.446748771274,57.34710721928815,8.462068100983018,3.0099665942747578,5.45210150670826
frame_dZi_1183.23_1183.95,90.13840021410121,0.11999999999989086,5.774097778342985,411.06677584213287,304.78306886066844,106.28370698146446,27.13362362679395,8.258842848036451,18.874780778757497
frame_aX_1184.07_1184.23,18.266750626314334,0.0,-0.1580407539200414,415.6816577350367,358.7107276172832,56.97093011775348,9.962628842909595,4.467459506529963,5.495169336379632
frame_li~_1184.23_1184.41,1.4736562776004405,0.0,-0.5424308271867468,416.1403836806574,358.24949657787437,57.89088710278304,16.344141312862703,6.268061825336105,10.076079487526599
frame_du_1184.41_1184.5,5.058888439591584,0.0,-0.6045451718067677,415.4441772237569,366.40231612503584,49.041861098721085,9.891151132285671,5.467067164367393,4.424083967918278
frame_Ro_1184.5_1184.62,17.52716486657502,0.0,-0.6595654918180018,417.0760456767256,364.8917145809477,52.18433109577791,23.366787618160743,10.465401665976657,12.901385952184086
frame_beX_1184.62_1184.88,26.795503424566178,0.0,1.412081294112779,411.9099869814258,350.11292578320985,61.79706119821594,12.598060213272504,4.182942692779903,8.4151175204926
frame_tu_1184.88_1184.98,15.334308548234475,0.0,-0.6045451718067677,414.84362812447847,364.52517216310815,50.31845596137032,3.371851791611107,2.467761144204289,0.904090647406818
frame_aw_1184.98_1185.21,1.680001548048196,0.0,0.8865346304848307,416.0658623742923,354.0813930747562,61.9844692995361,27.793597794604096,7.505352946990129,20.288244847613967
frame_vis_1185.21_1185.48,36.979963030144305,0.0,-0.4965695740970928,404.25002769911225,339.49161124059253,64.75841645851972,113.08793430201186,86.25776173638704,26.830172565624828
frame_dZi_1185.48_1185.57,44.695074098156894,0.0,-0.18303620647544533,402.1369018759044,355.8541033402246,46.282798535679774,42.5067348052219,27.745986106319492,14.760748698902411
frame_ka~_1185.57_1185.75,19.24241410772528,0.0,-0.11324239353350142,412.387498061669,355.76410074969397,56.623397311975054,13.81152665818324,6.222447841686801,7.589078816496439
frame_pi~_1185.75_1185.92,12.08774061437596,0.0,-0.21824011577818506,414.40369909043187,357.4292179608205,56.97448112961138,15.458530627559185,5.787491530405319,9.671039097153866
frame_nas_1185.92_1186.3,12.259106998779302,0.2599999999999909,0.15533186139904515,413.87466801435346,336.9857883233332,76.88887969102024,29.189372834459462,9.307707778930393,19.88166505552907
frame_i_1186.56_1186.65,65.40108318268382,0.0,0.1304971611485784,413.39817519427896,364.4786437630866,48.919531431192354,3.8310853910883367,1.9147229659974698,1.9163624250908669
frame_a_1186.65_1186.68,72.33339367485318,0.0,-0.889243523005827,399.3080256652588,354.6578674425298,44.65015822272903,0.7968295733612223,0.3879056627738038,0.4089239105874185
frame_i~_1186.68_1186.71,72.0593618429923,0.0,-0.7045261828947134,395.8027711088096,351.41972795647337,44.383043152336256,1.222481374072089,0.7148517984314822,0.5076295756406068
frame_da_1186.71_1186.82,70.50412756818615,0.0,-0.5758709076843653,410.05117570122894,360.891211380365,49.159964320863935,6.2525801250925355,2.793916279948945,3.4586638451435903
frame_te~j~_1186.82_1187.17,65.45192492347951,0.0,1.1579244066627499,415.57928527995495,341.0504938124329,74.52879146752207,46.70830270172427,9.233725204333439,37.47457749739083
frame_la_1187.17_1187.51,73.13309586062879,0.33999999999991815,1.4088223226872667,411.01775351895594,339.89055962300677,71.12719389594918,9.608127701993098,4.171207107117922,5.4369205948751755
frame_dZi_1187.85_1187.97,42.185167311325856,0.0,0.1304971611462021,411.0225603355873,358.7482942186921,52.274266116895205,3.652017138037408,2.502429740852648,1.14958739718476
frame_veX_1187.97_1188.32,32.80696049779834,0.0,0.7552921157707906,415.1514589442396,341.4150574180714,73.73640152616821,56.895941623804056,9.782411620268704,47.11353000353535
frame_sus_1188.32_1188.37,38.77769312546516,0.0,0.0,408.8629421472385,362.3802760297703,46.48266611746823,0.9828716165946503,0.5397859226157351,0.4430856939789152
frame_Ro_1188.37_1188.53,41.848582844333905,0.0,-0.3283828351521126,410.25259579750355,355.53589245813816,54.71670333936538,8.382698319339013,5.035975295025551,3.3467230243134622
frame_beX_1188.53_1188.78,40.74013549937544,0.0,-0.120426788696809,410.3193123088134,348.7180131346333,61.6012991741801,12.591024787053101,8.237667871010402,4.353356916042699
frame_tu_1188.78_1188.87,47.995910124459996,0.0,-0.6045451718067677,412.9979310477164,363.5976921226641,49.40023892505229,1.3112534831342373,1.0103731581256454,0.30088032500859185
frame_aw_1188.87_1189.0,47.2002104515378,0.0,-0.1580407539200414,411.02310283271754,359.682580185446,51.3405226472716,5.506825754443142,2.040162725922144,3.4666630285209976
frame_vis_1189.0_1189.13,41.62324984072515,0.0,-0.4965695740970928,410.5993963218856,357.56429340950126,53.03510291238433,7.679802930281696,3.8530480232163313,3.8267549070653644
frame_la_1189.13_1189.22,43.57379325060167,0.0,-0.889243523005827,411.27598067983166,362.022257773186,49.253722906645635,1.2318978154473257,0.8851744032759115,0.3467234121714142
frame_e~j~_1189.22_1189.28,41.815245585925354,0.0,-1.1172809282046323,390.8941426507928,348.9693905521193,41.92475209867342,0.733068496311887,0.36893544101714326,0.3641330552947437
frame_ka~_1189.28_1189.43,34.80480007989952,0.0,-0.5204244294818892,411.39400722892816,357.59195844743095,53.802048781497206,13.009162190917067,6.365326589996414,6.643835600920653
frame_pi~_1189.43_1189.65,25.417605877377028,0.0,0.43014130703893855,423.69339621444146,360.76681413633327,62.9265820781082,85.7712497263619,31.782329954314847,53.988919772047055
frame_nas_1189.65_1189.94,36.6692551761484,1.3699999999998909,-0.5758709076843653,409.17593887417735,343.2889589917885,65.88697988238886,86.48594965150731,47.17375961953624,39.31219003197107
frame_i_1191.31_1191.89,70.43718801423844,0.0,5.251542165640239,414.7743870575653,320.4921759105288,94.28221114703655,79.15459134836826,65.90908431328853,13.245507035079726
frame_dZi_1191.89_1192.79,36.64820354640719,0.0,7.968831351694518,414.2213061593861,289.912268533798,124.30903762558808,23.338774991642154,11.168628995468055,12.1701459961741
frame_bra_1192.79_1193.03,29.82526180303124,0.0,0.15533186139904515,412.7575403217553,350.39924230064037,62.35829802111493,24.893590177349125,11.19549858947147,13.698091587877656
frame_zi_1193.03_1193.24,26.79094706619847,0.0,-0.3920584515565436,418.03397832590565,355.65888763944315,62.3750906864625,34.15656771954042,14.938970891772442,19.217596827767977
frame_lia_1193.24_1193.71,5.644786524546248,0.07999999999992724,0.44403052877022586,416.0823938088084,332.03495593095306,84.04743787785532,22.18382195465844,8.169373867608414,14.014448087050027
frame_ka_1193.79_1193.94,46.13617348974584,0.0,-0.36695583080101585,413.18946513123177,357.98240993064786,55.20705520058391,10.390667837137386,5.225407714762142,5.165260122375244
frame_va_1193.94_1194.08,49.168380934202446,0.0,-0.5758709076843653,414.31907701461324,359.331352909693,54.98772410492023,12.325041718463638,8.716776739202004,3.6082649792616337
frame_Lej_1194.08_1194.28,37.40493023634838,0.0,-0.5582862409281198,414.4630304029255,354.2328487203048,60.23018168262075,16.459301223626852,5.310758092300858,11.148543131325994
frame_ru_1194.28_1194.42,47.19000566973216,0.0,0.500104174802434,413.03923680747874,358.0228362589207,55.01640054855807,12.774174151974279,6.584211281866757,6.1899628701075216
frame_aw_1194.42_1194.71,50.4556740433888,0.0,-0.1580407539224165,408.5755620945964,341.7861413063518,66.78942078824463,10.225412328566122,4.350111195115701,5.875301133450421
frame_vis_1194.71_1195.02,85.22319089570342,0.8600000000001273,-0.4965695740970928,391.9697873086587,324.5096084912928,67.46017881736589,5.160261727710633,2.2315581587285394,2.928703568982094
frame_ujs_1195.88_1196.0,21.279078810589027,0.0,-0.6045451718067677,393.3040224069028,343.342738543025,49.96128386387778,115.18584698505416,57.75503454268144,57.43081244237272
frame_ka_1196.0_1196.15,0.05929627943370974,0.0,-0.36695583080101585,415.09739701059016,362.21858785223935,52.87880915835086,5.129471606959498,2.609122501422746,2.520349105536752
frame_va_1196.15_1196.24,4.313746531212757,0.0,-0.7847859845653398,417.20646200900717,367.24047701507106,49.965984993936104,10.716799859317518,6.304435574829199,4.412364284488319
frame_Lej_1196.24_1196.33,11.632785801876565,0.0,-0.7772159670437753,418.3271402154429,367.863060617528,50.46407959791492,15.193879677023915,6.407116385299048,8.786763291724867
frame_ru_1196.33_1196.39,33.69012080008014,0.0,-0.6045451718036281,427.895976516606,379.2343845782949,48.66159193831112,7.286188483118906,2.0504211384992175,5.235767344619688
frame_aw_1196.39_1196.79,11.05828089395203,0.0,2.6623127839731136,417.78965551058275,337.90867446845624,79.8809810421265,41.504529240045684,31.214063396252556,10.290465843793129
frame_vis_1196.79_1197.2,2.7865080131788886,0.7400000000000091,-0.4965695740970928,407.58299952499607,331.4939577635019,76.08904176149417,13.918399328145682,6.171362001547351,7.747037326598331
frame_a_1197.94_1198.05,41.41236427488465,0.0,-0.053583215481929285,412.1510377612862,361.1189472011031,51.03209056018312,4.853939550136033,2.1911476554591474,2.662791894676886
frame_li_1198.05_1198.11,48.34077383769764,0.0,-0.4965695740970928,410.00249512958374,363.7286936361278,46.27380149345589,3.974239427777235,2.298782847134035,1.6754565806431998
frame_ajs_1198.11_1198.52,64.23325970062193,0.0,0.36424693828239463,413.32375259193117,334.8039049952992,78.51984759663196,61.82419157589841,32.426395999551005,29.397795576347406
frame_mi~_1198.52_1198.72,43.89009116622111,0.0,0.43014130703893855,412.2992502792456,353.9428555102572,58.35639476898842,23.543452640893022,9.990542243575263,13.55291039731776
frame_tu_1198.72_1198.88,87.12200551155823,0.5799999999999272,-0.6045451718036281,392.1762397474369,338.6722459670599,53.503993780377016,33.70082689753161,26.20353820418697,7.497288693344643
frame_bra_1199.46_1199.88,31.342305463341106,0.0,1.3043647842467796,409.1844942273483,332.2982970229895,76.88619720435878,13.959188245792717,7.148444501567951,6.810743744224766
frame_zi_1199.88_1200.06,8.565198855849374,0.0,0.23500828368675125,416.8305509753891,357.5778657771836,59.252685198205484,14.27274868162013,7.36646863799551,6.906280043624619
frame_lia_1200.06_1200.39,19.657777447387616,0.9199999999998454,-0.49656957409471647,414.337592580124,344.88613115520434,69.45146142491961,77.33355180878857,29.192419945675,48.14113186311358
frame_ka_1201.31_1201.51,34.25953082353911,0.0,-0.053583215481929285,412.9440031304929,352.48554564340054,60.458457487092346,11.896567099981638,5.120607546986534,6.775959552995104
frame_va_1201.51_1201.7,50.0986504037846,0.0,0.05087432296093301,414.4061403849984,355.2915685193134,59.114571865685036,22.22931595858661,14.757919208078562,7.471396750508049
frame_Lej_1201.7_1201.93,54.89011078890685,0.0,0.5363623896501573,413.4430613488634,352.3324333838098,61.110627965053595,6.104886504085684,2.116138440037659,3.988748064048025
frame_ru_1201.93_1202.05,55.743493788636215,1.25,-0.05222049850373666,403.6830752094389,353.4932425242207,50.18983268521822,5.499216444162684,3.6883863150421945,1.8108301291204896
frame_ki_1203.3_1203.43,42.38974472493568,0.0,-0.4965695740970928,411.0825179736525,357.7677722233044,53.314745750348095,60.10053190175128,20.14103462358939,39.95949727816189
frame_aw_1203.43_1203.65,37.326216141131525,0.0,0.4687044767205068,409.2839485834414,350.14049004575764,59.14345853768373,11.858685743129726,6.163909287177205,5.694776455952521
frame_vis_1203.65_1203.82,22.526224872959844,0.0,-0.4965695740970928,410.3276818786055,353.95496722319893,56.37271465540658,7.599234773864737,3.3747588614536568,4.22447591241108
frame_de_1203.82_1203.91,31.67028518558591,0.0,-0.5582862409231419,409.4165049866223,362.38783268517966,47.02867230144261,21.779371873699034,8.601186925605305,13.17818494809373
frame_pojs_1203.91_1204.17,48.35498078052362,0.0,-0.6595654918180018,411.7112534794756,348.0341844683795,63.67706901109608,51.08931980594498,13.549558006435802,37.53976179950918
frame_dZi_1204.17_1204.24,6.575310000981176,0.0,-0.3920584515565436,399.12613663143463,354.26476927948977,44.861367351944864,75.63836495397037,47.76312404020459,27.87524091376578
frame_ka_1204.24_1204.45,22.53488538834236,0.0,-0.0535832154795542,417.9859759848837,356.42631686189804,61.559659122985636,16.536314323009123,8.529662699887695,8.006651623121428
frame_za_1204.45_1204.67,44.10269604690414,0.0,0.25978939984190746,411.0412365781642,350.8486113468831,60.19262523128111,8.678650280250153,3.5699103728485113,5.108739907401642
frame_da_1204.67_1204.78,33.85699991343077,0.0,-0.889243523005827,411.1635220285968,359.8462149105781,51.317307118018675,7.3689138496584405,4.208992191934499,3.1599216577239417
frame_lO_1204.78_1204.95,31.538135521506376,0.0,-0.26912578638686063,408.55174198850284,353.26648086088323,55.285261127619606,96.63929990524838,69.79862324752116,26.840676657727215
frame_Zi_1204.95_1205.11,76.40704423901599,0.0,-0.0785250839348962,395.278738844603,340.79475176277697,54.48398708182606,6.525523142219313,2.974340601176756,3.5511825410425573
frame_ku_1205.11_1205.19,38.404089597057066,1.2000000000000455,-0.6045451718067677,391.01025816120335,346.8045086909766,44.20574947022675,9.759811025130773,3.2554295724699216,6.504381452660851
frame_ujs_1206.39_1206.52,35.60697106452065,0.0,-0.6045451718067677,398.3968757177056,347.522841082608,50.87403463509759,88.01583516089201,37.48423275365249,50.53160240723952
frame_ka_1206.52_1206.7,9.52367334672303,0.0,-0.0535832154795542,417.1668791909819,360.1833472706954,56.98353192028651,18.31951578313263,10.987717638646501,7.331798144486129
frame_va_1206.7_1206.88,12.005715409727372,0.0,0.25978939984190746,415.8275804700495,358.8878678942138,56.9397125758357,46.54447468463145,30.360813005279113,16.18366167935234
frame_Lej_1206.88_1207.08,3.0611118133950868,0.0,1.1931515679971234,419.03836912703497,358.0774042873862,60.960964839648796,42.39271797808357,19.98449397300257,22.408224005080996
frame_rus_1207.08_1207.36,2.101716300944304,0.2400000000000091,-0.4664640034778703,409.6418727234017,345.08213583431035,64.55973688909137,20.21210394891338,10.45089652654994,9.76120742236344
frame_fo_1207.6_1207.89,8.346743841386854,0.0,0.7316320301176321,416.94648869629253,348.55129590075484,68.3951927955377,26.21058064580923,13.453512096570137,12.757068549239094
frame_ra~w~_1207.89_1208.1,32.83573002367707,0.0,-0.4186289204965281,412.0790605645124,352.3536021878781,59.72545837663432,9.920589952854257,5.680428528515591,4.240161424338666
frame_pa_1208.1_1208.23,15.788792081333568,0.0,-0.47141336924387817,415.988066855108,362.753394989319,53.23467186578898,7.684463236795565,3.4733155053983467,4.211147731397219
frame_ra_1208.23_1208.33,34.4420579632,0.0,-0.47141336924387817,411.2482789953292,360.7091204853258,50.5391585100034,14.067968854025466,10.52081544969964,3.547153404325826
frame_u_1208.33_1208.39,44.83864665123876,0.0,-0.1903016668263548,407.53584853127404,361.3292005156422,46.206648015631856,2.226166538079525,1.5951104904608684,0.6310560476186566
frame_brajs_1208.39_1209.12,26.308247808559685,0.6600000000000819,4.647006014344745,416.427476978032,308.10576429414186,108.32171268389013,50.2266414135014,14.57320101262843,35.65344040087297
frame_majs_1209.78_1210.02,12.188756943831322,0.0,-0.1580407539200414,411.2982970426138,351.4859764245365,59.81232061807731,57.461488464943585,37.67917239721902,19.782316067724565
frame_ow_1210.02_1210.09,44.20729962212073,0.0,-0.6595654918180018,421.8493009566488,372.88349047521,48.96581048143878,2.3431394015325253,0.9181520152826579,1.4249873862498674
frame_me~_1210.09_1210.27,32.83254259841671,0.0,-0.7672493382256473,413.0610096824083,354.0615132320339,58.99949645037441,18.813478618517763,11.096826093915766,7.716652524601997
frame_nus_1210.27_1210.56,23.51847713921842,0.0,-0.05222049850373666,411.9962304066559,344.23557676132305,67.76065364533287,11.986169448721597,6.079191545300617,5.90697790342098
frame_a_1210.56_1210.64,36.68229846782941,0.0,-0.36695583080101585,409.9002392156934,361.16824575381384,48.73199346187954,6.497446889188666,4.009838133668353,2.487608755520313
frame_u~s_1210.64_1210.84,57.56845258403182,0.0,0.3005626117449642,408.56772980459095,351.0610635472338,57.50666625735715,41.21435162997564,15.258805486402196,25.955546143573443
frame_se~_1210.84_1211.11,25.479042756163892,0.0,0.2828454317113078,414.17410276322573,349.6695610726473,64.50454169057844,10.323215682211227,7.092858726505128,3.2303569557060996
frame_tu_1211.11_1211.19,70.84685039973861,0.0,-0.6045451718067677,394.3297520969237,348.0795234147855,46.250228682138186,24.333884165109843,15.607016095380814,8.72686806972903
frame_i_1211.19_1211.22,8.930173291689954,0.0,-0.4965695740970928,419.29614362617735,374.49187810347576,44.804265522701655,6.466614823730367,4.865170468835572,1.6014443548947952
frame_si~_1211.22_1211.43,33.953336121879545,0.0,0.7543320184475004,412.6243503399525,352.2129739856457,60.41137635430681,84.15788499182241,46.95506148171583,37.20282351010658
frame_kwe~_1211.43_1211.78,20.814330798324548,0.0,1.6829717916312275,417.2242292812755,342.580405835699,74.64382344557646,15.173836545351975,4.732252993726533,10.441583551625442
frame_ta_1211.78_1211.95,64.32632131617751,0.0,-0.47141336924387817,412.60148790939326,356.4030857677505,56.19840214164276,1.955690474597347,1.3216216988000298,0.6340687757973171
frame_se~_1211.95_1212.19,11.932724655644606,0.0,0.10782963672579472,410.6191886384147,349.3905957751796,61.22859286323512,32.4351756588386,23.312265303489554,9.122910355349049
frame_tu_1212.19_1212.28,50.321732554658965,0.0,-0.6045451718067677,416.05124889558454,365.8362950214137,50.21495387417082,57.82738805268543,32.191910514485755,25.635477538199673
frame_i_1212.28_1212.31,32.920896642223425,0.0,-0.4965695740970928,399.4339534405645,354.5100209643226,44.92393247624187,4.696909925522888,2.787401872361798,1.9095080531610904
frame_oj_1212.31_1212.4,41.09164103637265,0.0,-0.8334651820594619,409.0226061100372,361.2480960872062,47.77451002283101,1.878304307930378,1.1001047134690367,0.7781995944613413
frame_te~_1212.4_1212.68,30.455858595099556,0.0,0.6328770216942723,412.24636786591805,347.81247890572604,64.43388896019201,6.840421441877922,5.0207618496570205,1.8196595922209013
frame_ta_1212.68_1212.84,37.9792281906403,0.0,-0.5758709076843653,415.6522436935801,358.9614930007505,56.69075069282957,7.235784324880527,5.180664982735209,2.0551193421453178
frame_a~_1212.84_1212.99,40.206815706755265,0.0,0.395735151407191,413.6318915025761,358.26385647524035,55.36803502733568,4.719426963896822,2.4578274505696527,2.2615995133271696
frame_nus_1212.99_1213.17,36.95495941038311,0.0,-0.05222049850373666,413.63915111608605,355.6235003828878,58.01565073319824,14.717109614363764,7.82305219050302,6.894057423860744
frame_at_1213.17_1213.38,64.45902776334718,0.0,0.25978939983953236,406.8526975306587,346.22568854213915,60.62700898851955,51.39099658234126,30.773111147540718,20.61788543480054
frame_rajs_1213.38_1213.61,38.41392899727903,0.38000000000010914,-0.26249829236290373,402.7584535908434,342.16418172835716,60.59427186248621,3.202601471096571,1.5165795979158503,1.6860218731807208
frame_u_1213.99_1214.02,,1.2000000000000455,-0.6045451718067677,416.2684838565151,371.71717030179434,44.55131355472071,5.013843516484258,2.563253262793559,2.4505902536906987
frame_na_1215.22_1216.2,13.700879591220612,0.0,-0.26249829236052863,411.82449369605325,280.7475441937126,131.07694950234063,91.76130330504444,60.254376164091795,31.50692714095264
frame_ke_1216.2_1216.39,19.06269395077217,0.0,-0.5582862409231419,414.4007141702127,356.5883605372196,57.81235363299311,7.639466565713349,4.694936158186152,2.9445304075271963
frame_li_1216.39_1216.51,26.41337260221215,0.0,-0.2875473290159945,413.14209427325477,362.18091950578855,50.961174767466275,5.01229976014767,2.3795126296982403,2.6327871304494295
frame_te~_1216.51_1216.77,18.742498303869226,0.0,-0.0671861582676772,414.51871639217535,350.87452967917017,63.64418671300518,20.16551267699937,6.63263114350157,13.5328815334978
frame_pu_1216.77_1216.91,19.48381784353309,0.0,-0.4664640034778703,412.22595793997965,360.01073206876436,52.215225871215296,32.11051053755264,18.979007615415682,13.13150292213696
frame_ko~_1216.91_1217.09,38.85360190927328,0.0,-0.09286211726434056,409.8185068397071,353.68323206597995,56.13527477372713,16.661851473421336,10.888618601322136,5.7732328720992
frame_ta_1217.09_1217.22,43.94055936946978,0.0,-0.5758709076843653,412.5281237492762,358.80494356144055,53.723180187835624,8.10346153100518,5.737251810326541,2.36620972067864
frame_mi~_1217.22_1217.3,40.56994600720441,0.0,-0.7045261828947134,411.49906902829736,362.5935521601525,48.905516868144844,3.1523352977501986,1.8354008587271693,1.3169344390230293
frame_Ja_1217.3_1217.46,45.80370994432076,0.0,-0.7847859845653398,411.6774257246848,356.39312691094915,55.28429881373563,6.10052138981365,4.189581069853219,1.9109403199604316
frame_ma~j~_1217.46_1218.05,27.900543992450025,0.2400000000000091,0.5993261693825421,413.6774699636223,318.7505703431774,94.92689962044489,24.90939127302454,9.901000775484036,15.008390497540503
frame_ki_1218.29_1218.51,19.721665601420327,0.0,0.6530527738513242,413.5506742762982,352.8078504063112,60.74282386998698,34.12418089111043,24.116879854606864,10.007301036503563
frame_Za_1218.51_1218.84,16.525970079629502,0.0,1.6177373995682411,416.75028374713185,344.34316058789113,72.40712315924071,12.932818426121557,4.747920866081685,8.184897560039872
frame_ow_1218.84_1218.93,35.40897533818635,0.0,-0.8334651820594619,403.0334755310338,355.06119533062713,47.97228020040666,7.103319349044,4.494321196225627,2.6089981528183728
frame_viw_1218.93_1219.28,14.247686409216854,0.5099999999999909,0.7575638963918733,413.877366916488,341.5009446181661,72.37642229832187,28.022697197090082,15.538926213414825,12.483770983675257
frame_dujs_1219.79_1220.02,63.81046172961628,0.0,0.6381853431281918,408.48601887378663,349.5830691394813,58.90294973430531,6.896601273992786,4.231179196032215,2.665422077960571
frame_sews_1220.02_1220.12,60.615380769254415,0.0,0.0,413.92190318434905,363.9930024222814,49.928900762067656,4.77708930752739,2.3990113186875988,2.3780779888397916
frame_a~_1220.12_1220.39,58.45258713078347,0.0,-0.5582862409231419,413.18313109884986,347.78335714054344,65.39977395830641,21.962181654850482,13.848588355676625,8.113593299173857
frame_te_1220.39_1220.54,60.1283267918957,0.0,-0.120426788696809,411.9086407536087,358.2147376441382,53.69390310947051,8.448355952304368,5.774703809945123,2.673652142359245
frame_pa_1220.54_1220.75,103.51475540401822,0.0,-0.26249829236290373,412.8867880466521,352.70267564354776,60.184112403104336,0.5078049775650655,0.3577600790170763,0.1500448985479892
frame_sa_1220.75_1221.01,60.64928661852353,0.0,0.25978939984190746,411.7326537833224,347.74283805306044,63.98981573026197,7.088063191197648,2.4710001880943224,4.6170630031033255
frame_dus_1221.01_1221.13,77.29001442000616,0.0,-0.6045451718067677,410.9277327572726,358.4880538398034,52.43967891746922,24.04557830453114,9.713062681792863,14.332515622738278
frame_E_1221.13_1221.17,69.12910181682486,0.0,-0.7031804165920105,402.2064130673177,357.79597247549214,44.41044059182559,4.978661796056528,2.33959545463982,2.639066341416708
frame_lO_1221.17_1221.41,54.07785885421313,0.0,0.7948598807322884,409.10900156364715,346.8058739462865,62.303127617360644,27.55672128979468,12.686190311269655,14.870530978525025
frame_Zi_1221.41_1221.54,84.85212083736786,0.0,-0.2875473290159945,391.7714473476571,341.81458600281337,49.95686134484373,48.06924369760331,31.659909931812592,16.40933376579072
frame_ku_1221.54_1221.62,88.43946690125043,1.0700000000001637,-0.6045451718067677,391.8020917386526,345.917369800993,45.884721937659606,12.820910646255932,6.917330141535345,5.903580504720587
frame_ki_1222.69_1222.75,108.81391388088231,0.7699999999999818,-0.4965695740970928,386.28480714250367,345.6125885869389,40.67221855556477,56.04879664116674,29.439491212080398,26.60930542908634
frame_a_1223.52_1224.3,8.409917537053218,0.11000000000012733,6.94507186003784,412.5932435013183,300.5378752541756,112.05536824714267,608.2994053877601,538.8775332186342,69.42187216912596
frame_i_1224.41_1224.46,11.115986183922487,0.0,-0.2875473290159945,406.11466452465334,360.5549863141499,45.55967821050342,6.51881118000162,3.0490250312875418,3.4697861487140784
frame_gre_1224.46_1224.79,6.794145726028859,0.0,2.2878001985803786,418.67264911091763,345.86471080064644,72.8079383102712,24.961445138930202,10.999369760645493,13.962075378284709
frame_Za_1224.79_1224.96,23.093617192256886,0.0,-0.47141336924387817,412.3168090433527,357.46101576797946,54.85579327537323,29.753065262420066,16.51539903809301,13.237666224327057
frame_ki_1224.96_1225.11,27.3585447438561,0.07000000000016371,-0.18303620647544533,409.86402152797086,356.5660558812888,53.29796564668203,93.24107201140798,63.77563338665988,29.465438624748103
frame_te~j~_1225.18_1225.37,22.121193928087038,0.0,0.2828454317113078,414.83716764885156,356.2677017247662,58.569465924085364,8.432735473041248,3.2618274260016022,5.170908047039646
frame_na_1225.37_1226.0,39.22184454815435,0.33999999999991815,4.751463552785233,411.3532204873874,314.43327875013017,96.91994173725718,40.44167458923476,11.311998124277721,29.129676464957036
frame_Ra~_1226.34_1226.57,39.210036651469125,0.0,-0.11324239353350142,409.46157457728793,349.1364831859544,60.32509139133356,49.784716549245594,15.197575104658384,34.58714144458721
frame_ZEw_1226.57_1226.83,21.30329766183783,0.0,0.1464011007563549,416.2660509611417,352.90754655901407,63.35850440212761,63.28560203674073,16.194227877788393,47.091374158952334
frame_pes_1226.83_1227.04,11.443093745453865,0.0,-0.120426788696809,414.91614677506425,355.6724383195974,59.243708455466844,15.967652582506929,7.351415336488074,8.616237246018855
frame_ta~_1227.04_1227.27,37.54791153244825,0.0,0.1921441334295253,414.3071436047423,352.4147850092687,61.89235859547358,22.520837005033172,16.38853736620804,6.132299638825131
frame_na_1227.27_1227.35,38.35586521426386,0.0,-0.889243523005827,414.581808200488,365.15111925723005,49.43068894325796,2.8233948027223903,1.3066859040341683,1.516708898688222
frame_e~j~_1227.35_1227.42,54.45888166683413,0.0,-0.9422651332111605,400.0253608438276,353.6099853384001,46.415375505427505,14.633180572716398,8.184576154482627,6.448604418233771
frame_fre~_1227.42_1227.68,15.069607671062087,0.0,-0.24220195325319033,412.29349031440836,350.08023012502383,62.21326018938453,18.124530584757935,11.178871283184193,6.945659301573741
frame_tSi_1227.68_1227.77,15.524584740442947,0.0,-0.4965695740970928,415.34536750988394,365.5267254511937,49.818642058690216,8.931365525431573,4.802740302601677,4.128625222829896
frame_a_1227.77_1227.83,30.714024089165704,0.0,-0.5758709076843653,417.10710586105665,369.6042587411954,47.50284711986126,6.7759287996641575,3.3858000384407916,3.390128761223366
frame_Ru_1227.83_1227.89,25.703466755603685,0.0,-0.6045451718036281,415.5571406981174,367.2813537561523,48.275786941965066,1.1640604461618977,0.23774570705893439,0.9263147391029634
frame_a_1227.89_1227.99,34.46828200278566,0.0,-0.1580407539224165,408.7149875922508,359.63215420317096,49.08283338907984,2.955558590496736,1.2745415933979274,1.6810169970988085
frame_pi_1227.99_1228.12,28.583676953164968,0.0,-0.4965695740970928,412.9177393741095,360.315225950051,52.602513424058486,4.365872196096646,2.4571585957032767,1.9087136003933693
frame_ra_1228.12_1228.26,59.29002542703243,0.0,-0.053583215481929285,405.8426632870872,355.08504066362656,50.757622623460634,42.379963843277515,28.66037652357059,13.719587319706925
frame_tSi~_1228.26_1228.38,28.751328387329224,0.0,-0.21824011577818506,415.03239552755883,362.38346732665167,52.648928200907164,7.344974291777504,5.8947486453674,1.4502256464101038
frame_ni~_1228.38_1228.58,14.015000866848965,0.0,-0.2182401157818707,412.86701448658926,354.3845613522353,58.48245313435393,18.959996347182994,8.83830422933977,10.121692117843224
frame_ga_1228.58_1228.88,28.979993203483517,0.0,1.513279861130129,412.9753350611346,344.73631435505445,68.23902070608017,68.05461343939882,28.548532524043267,39.50608091535555
frame_e_1228.88_1228.93,61.519596410219535,0.0,-0.3393565148124644,407.5544652741781,362.1734282642778,45.3810370099003,8.801794542393004,5.421424166726595,3.380370375666409
frame_ra_1228.93_1229.0,28.558886521112314,0.0,-0.889243523005827,411.4009941344606,363.07834179342456,48.32265234103602,3.463874329900264,1.0597886478607847,2.4040856820394794
frame_u~_1229.0_1229.03,20.55023173256359,0.0,-0.6429107573202164,398.65076492071347,355.19134280259925,43.45942211811422,2.941499986094044,1.4354634936989328,1.5060364923951113
frame_ma_1229.03_1229.63,31.732111898028194,0.0,4.751463552787608,413.2264987211355,317.3898247072759,95.83667401385958,17.62468754740773,8.804889458335396,8.819798089072336
frame_ka_1229.63_1229.83,20.63138085803513,0.0,0.05087432295855793,412.1245874508992,353.6673314560714,58.45725599482779,9.743505228017,5.582286017298529,4.161219210718471
frame_pE_1229.83_1230.02,24.898889816509865,0.0,-0.06599427858073643,423.06074864134484,362.8837239901922,60.177024651152635,10.54240492199537,5.920960178623574,4.6214447433717964
frame_la_1230.02_1230.28,41.15396662196332,0.05999999999994543,0.5731620151633691,408.17877384644663,346.3399289191284,61.838844927318235,59.35098849573174,23.738332000921204,35.61265649481054
frame_dZi_1230.34_1230.43,18.24946327400538,0.0,-0.3920584515565436,415.5225960658936,365.8341664885943,49.6884295772993,7.665770924389818,3.620623902167182,4.045147022222636
frame_ma_1230.43_1230.66,31.187682512337588,0.0,-0.0535832154795542,411.89810693296005,350.83382320596695,61.0642837269931,17.089606285699205,7.626330479081275,9.46327580661793
frame_dej_1230.66_1230.88,49.17476328742761,0.0,0.5363623896501573,414.6347540777682,352.8158587287493,61.81889534901893,11.721914378740493,4.2593856801375125,7.462528698602981
frame_ra_1230.88_1231.1,65.19019180489197,1.0199999999999818,0.3642469382800196,404.9288546687073,344.53291541632177,60.39593925238552,61.31444948040018,41.83873750189122,19.47571197850896
frame_da_1232.12_1232.44,21.35624135792628,0.0,1.1999072458062923,414.8088445034431,345.3430663264741,69.46577817696897,61.50164153094565,33.647413216176744,27.854228314768903
frame_i_1232.44_1232.53,47.10206253571057,0.0,0.1304971611462021,413.9203757586307,364.5815602805176,49.33881547811313,1.575030135802308,0.7599993643576113,0.8150307714446967
frame_a_1232.53_1232.67,47.02463145781222,0.0,0.25978939984190746,407.2542864237604,356.1294561788154,51.124830244944974,81.98935691419484,42.969846917555586,39.01950999663925
frame_tE_1232.67_1232.82,18.054700008760364,0.0,-0.7031804165920105,418.35563735270415,362.7100356392044,55.64560171349973,28.02823780452198,14.642921452326533,13.385316352195446
frame_a_1232.82_1233.02,18.33641539963699,0.0,0.8865346304848307,414.97440972700946,356.84515245132917,58.12925727568029,5.050697369581059,2.472350115378049,2.5783472542030097
frame_pe~_1233.02_1233.11,4.159723262362405,0.0,-1.1172809282046323,419.45898540397354,369.0400194130494,50.418965990924164,6.648949222502267,3.249427811588305,3.3995214109139624
frame_Ja_1233.11_1233.3,16.512192634706253,0.0,0.4687044767205068,417.5928041940384,358.2766609505088,59.31614324352961,52.660198635084,26.583335091977062,26.07686354310694
frame_e_1233.3_1233.4,51.89103007054506,0.0,0.7552921157707906,411.3996024128902,361.59651528002314,49.80308713286706,1.0018027624655446,0.5487942134142259,0.4530085490513187
frame_ra_1233.4_1233.79,578.9379601214013,0.06999999999993634,2.453397707092139,403.3888240732555,328.90516872660965,74.48365534664583,32.04262251033106,22.780546151961744,9.262076358369313
frame_u~_1233.86_1233.89,4.670845605292868,0.0,-0.6429107573185663,399.67968923552877,356.87317218501886,42.80651705050991,1.4953162995568334,0.55625334236953,0.9390629571873035
frame_a_1233.89_1234.32,6.551211962948329,0.0,3.2890580146160366,416.1042337056784,335.7302705801117,80.37396312556666,77.19319038124907,21.23215134122775,55.96103904002132
frame_ta_1234.32_1234.53,3.9403682008457395,0.0,0.3642469382800196,417.21026174544227,354.9990332886403,62.21122845680196,8.157314400100034,5.495506390369314,2.66180800973072
frame_Lu_1234.53_1234.81,2.7365033083285937,0.8300000000001546,1.0524288481023254,413.29351401106396,348.4359315560225,64.85758245504144,19.743820971345386,7.430411078282589,12.313409893062797
frame_o~_1235.64_1235.79,13.3739025141777,0.0,0.544330070339245,413.31980554729915,358.5925042287682,54.72730131853098,6.464675538801245,3.397349668240267,3.0673258705609783
frame_dZi_1235.79_1235.86,11.47403517959944,0.0,-0.4965695740970928,422.3707693797855,373.28414300106084,49.086626378724645,5.866599771556494,3.475164426466037,2.391435345090457
frame_a_1235.86_1235.95,26.762309892952516,0.0,-0.26249829236052863,410.32062631530937,362.50357858039916,47.817047734910204,7.049725542622966,4.595790157696868,2.4539353849260976
frame_vi_1235.95_1236.28,1.5851804788182733,0.0,1.1756083865540699,415.5963092982502,343.79317772632095,71.80313157192927,109.8298555784029,81.8307699207106,27.999085657692305
frame_a_1236.28_1236.5,15.800092956290726,0.0,1.0954497073658052,418.2817117122454,355.52608961875126,62.75562209349414,6.437830161820486,4.584862338887689,1.852967822932797
frame_ko_1236.5_1236.58,8.094770162674777,0.0,-0.8334651820594619,412.1472800400179,365.0448183719994,47.10246166801852,15.797095825349459,9.03334849660925,6.763747328740209
frame_bras_1236.58_1236.98,42.13857950546078,0.0,-0.7847859845653398,413.35136580301366,335.8340405759982,77.51732522701542,64.80858366473758,38.24606447141109,26.562519193326494
frame_i~_1236.98_1237.24,16.582161023563785,0.0,3.023666998307433,415.6218830414314,350.5735687008716,65.04831434055978,10.427733444980802,3.038222862395486,7.3895105825853165
frame_dZius_1237.24_1237.55,26.458797758283012,0.0,-0.2875473290159945,416.11667388520306,344.26914905424786,71.8475248309552,18.7434424588118,9.270878565066099,9.4725638937457
frame_o~_1237.55_1237.81,17.269237928242063,0.0,1.9461528830700305,411.9416229565645,348.6569316041388,63.28469135242568,7.324470103739742,4.746589807690043,2.577880296049699
frame_sa_1237.81_1238.06,28.394798508807128,0.0,-0.26249829236290373,414.74395277500287,350.2560091387236,64.48794363627934,15.883334105780833,11.850172758880873,4.033161346899959
frame_i_1238.06_1238.14,26.794854856970616,0.0,0.025986038608029265,414.64682771550946,365.375127439252,49.271700276257434,1.7720079898012955,1.1735792277438861,0.5984287620574094
frame_ow_1238.14_1238.24,29.00692666399854,0.0,-0.13786642109362188,409.2293851007757,360.72732038476386,48.50206471601183,2.79746479733312,1.514719684732171,1.2827451126009493
frame_trus_1238.24_1238.68,35.63285434489579,0.0,0.5001041747992944,412.6196390926961,332.38831012456416,80.23132896813195,62.43738184091352,30.95408293961364,31.483298901299875
frame_bi_1238.68_1238.88,36.622654515039386,0.0,0.1304971611485784,410.7042042171278,351.6653710653565,59.038833151771314,8.996085895138819,5.168090383473512,3.827995511665307
frame_Sus_1238.88_1239.3,33.518483463524916,1.3400000000001455,-0.4664640034810099,402.79339643775336,326.05192425654025,76.74147218121306,121.97551453059627,85.39692452097245,36.578590009623824
frame_mew_1240.64_1240.94,20.979855527962002,0.0,-0.5582862409281198,409.7536950584974,343.6217502766529,66.13194478184448,57.56581949417407,11.677182467614955,45.88863702655912
frame_ta_1240.94_1241.15,9.533079346246566,0.0,0.25978939984190746,414.52201987330176,355.6005262544618,58.921493618839975,18.075735549394707,12.649342317791422,5.426393231603285
frame_ta_1241.15_1241.25,1.2153590833859624,0.0,-0.6803284461248525,415.18862397390996,364.4891757247899,50.69944824912005,20.830959580668193,11.169762886655093,9.6611966940131
frame_ra_1241.25_1241.42,15.526989962007534,0.0,0.15533186140142022,414.7198317586742,357.38828871188616,57.331543046788056,7.719050872236551,3.9080463948378537,3.811004477398697
frame_vo_1241.42_1241.66,8.431992895196032,0.0,1.079431410600552,410.12256839972997,350.05953359134094,60.063034808389034,8.073883653942332,2.8608166563798676,5.213066997562464
frame_foj_1241.66_1242.02,13.013171185070078,0.0,-0.31176611133112786,414.1954827097697,340.09750731129117,74.09797539847852,11.883267764091897,6.760216861574804,5.123050902517093
frame_ko~s_1242.02_1242.37,4.420534256731315,0.0,0.03457632025637654,414.2245559320266,341.61040046089164,72.61415547113495,20.432301323441948,4.702450510589344,15.729850812852604
frame_tru_1242.37_1242.54,15.027853186181645,0.0,0.08586066982202109,412.3909303153347,357.28213872876313,55.108791586571556,19.492548029236616,12.158860035446239,7.333687993790377
frame_toX_1242.54_1242.88,18.691148161533576,0.0,1.4272307910795181,414.60850515829856,341.43538559983824,73.17311955846031,19.77109523142913,11.678205876103547,8.092889355325582
frame_nu_1242.88_1243.01,12.05913407068708,0.0,-0.4664640034810099,413.9135968747089,360.5746748591411,53.33892201556779,5.087377382216317,1.8008056617733104,3.286571720443007
frame_brajs_1243.01_1243.65,5.320836478137068,0.8799999999998818,0.4687044767205068,415.86515478410166,315.81638377984973,100.04877100425193,20.546809931857354,8.526741177278438,12.020068754578915
frame_i_1244.53_1244.62,15.787220594069879,0.0,0.1304971611462021,414.5017114046877,365.28921355541274,49.21249784927494,6.105986360729702,2.743720410693001,3.3622659500367007
frame_mew_1244.62_1244.85,18.45104051993799,0.0,0.7552921157658127,415.98399002078594,352.344655121936,63.63933489884994,11.520477787432895,3.493704654127967,8.026773133304928
frame_bi_1244.85_1245.1,7.305161986412202,0.0,0.3395194062273004,417.83230751775227,353.5218028289688,64.31050468878345,24.506180579815577,9.68048827717216,14.825692302643418
frame_za_1245.1_1245.31,22.094070988093975,0.0,0.25978939983953236,415.2764353136379,354.13249394086176,61.14394137277611,29.373831904413834,18.300956683196816,11.072875221217018
frame_vo_1245.31_1245.57,17.95935165150179,0.10000000000013642,0.9055317203551381,412.2578735841481,349.0337775567041,63.224096027444034,31.72068610218949,20.651582581764202,11.069103520425287
frame_ta~_1245.67_1245.89,4.018853995965557,0.0,0.395735151407191,417.13724997339455,354.61723881136754,62.520011162027004,20.55954290324054,6.4883506337224475,14.071192269518093
frame_be~j~_1245.89_1246.33,13.266499103724342,0.650000000000091,1.85798758662072,413.8541900230243,334.9588883804957,78.89530164252858,19.35989842263544,11.673741771631825,7.686156651003614
frame_foj_1246.98_1247.1,20.743318188715747,0.0,-0.6595654918180018,410.0973288573572,359.81766583571283,50.27966302164435,12.75228039178981,8.789302463675071,3.9629779281147393
frame_ko~s_1247.1_1247.4,14.119966778038872,0.0,-0.34773899230577476,410.6018343673099,343.69953271558177,66.90230165172812,13.125129311001515,9.520025500320457,3.605103810681058
frame_tru_1247.4_1247.52,20.655633368983473,0.0,-0.1903016668294944,408.8598405478579,358.16225879740387,50.69758175045405,8.941690832582267,4.804286197435303,4.137404635146964
frame_toX_1247.52_1247.85,37.63854214275065,1.25,1.079431410596598,410.10050004968065,342.05530037750816,68.04519967217249,33.50902195115227,8.767246328345578,24.741775622806692
frame_e~j~_1249.1_1249.21,21.960307185783293,0.0,-0.5922335432321754,415.9092918859586,364.21601794534024,51.69327394061838,7.1246175146604145,3.6838889846774947,3.44072852998292
frame_o~_1249.21_1249.25,16.464216644473638,0.0,-0.8574927423886431,408.30292191414617,362.85737205067477,45.4455498634714,1.3270950376136028,0.6604280956575366,0.6666669419560662
frame_ra_1249.25_1249.52,16.14967368236009,0.0,1.3043647842467796,416.2151159056657,349.85462288569266,66.36049301997303,9.98246425610894,2.6703142187277535,7.312150037381187
frame_a_1249.52_1250.08,26.77098586102649,0.0,4.647006014344745,414.7723002568387,321.2517958370518,93.5205044197869,28.04204069166815,21.068956762524962,6.973083929143186
frame_e_1250.08_1250.11,6.6036295746608005,0.0,-0.7772159670437753,398.2251738506577,353.02736324387246,45.197810606785254,1.0530906447979618,0.6354316212836864,0.4176590235142754
frame_lis_1250.11_1250.54,38.6858236737807,0.17000000000007276,-0.3920584515565436,410.27853893774915,331.37401946652153,78.90451947122762,76.53717363279031,36.87104848073318,39.666125152057134
frame_E_1250.71_1250.83,78.45066803723817,0.0,0.1464011007563549,411.61417576513065,360.7351823160633,50.87899344906731,44.601749193877204,20.61101868988581,23.990730503991394
frame_ki_1250.83_1251.03,98.94611193609789,0.0,0.5485416513083987,396.49369319216675,338.9561190393865,57.53757415278022,4.00895694950205,2.244438287912928,1.764518661589122
frame_te~j~_1251.03_1251.3,56.882192085403005,0.0,0.8078928166837648,414.40976568150074,348.3068734405472,66.10289224095357,10.54626855350206,4.920860725439624,5.6254078280624356
frame_a_1251.3_1251.52,61.843436558717926,0.0,1.0954497073658052,414.78160781743304,352.6636276228594,62.11798019457365,13.036295763849694,5.675106513941984,7.36118924990771
frame_Ru_1251.52_1251.59,62.36440552809633,0.0,-0.4664640034810099,412.6524567627275,365.33475165085486,47.31770511187267,0.4088997527915126,0.2043212741496916,0.204578478641821
frame_a_1251.59_1252.31,66.15358285866668,1.150000000000091,6.3183266293949165,414.55454343125297,306.13481974129155,108.41972368996139,8.2608126182012,2.207112919434593,6.053699698766607
frame_a_1253.46_1253.5,39.47255903777784,0.0,-0.7847859845653398,402.0279015559767,357.722884799541,44.30501675643569,3.0549982652565575,1.888920657814083,1.1660776074424746
frame_Ru_1253.5_1253.6,28.20991995035729,0.0,-0.05222049850373666,414.8051174846778,364.5565392457724,50.248578238905395,6.7203713693008496,2.3093494156693737,4.411021953631476
frame_a_1253.6_1253.72,31.133806538546096,0.0,0.05087432296093301,410.0288434325845,360.27375032783743,49.755093104747004,14.489120810874596,9.119398957272722,5.369721853601874
frame_ka_1253.72_1253.9,35.35148087117561,0.0,-0.1580407539200414,414.340210573125,356.4919063875053,57.84830418561961,21.903560039500647,13.48401928514373,8.419540754356916
frame_va_1253.9_1254.05,39.12856334749249,0.0,-0.26249829236290373,413.82941618884536,359.1066817091616,54.722734479683766,10.051975929207984,6.908156748014932,3.1438191811930523
frame_Lej_1254.05_1254.24,45.464316443211914,0.0,-0.7772159670437753,413.78235179265664,355.7610045517773,58.02134724087932,6.084622837173654,2.4051977365392503,3.679425100634404
frame_ru_1254.24_1254.34,43.68779452424805,0.0,-0.4664640034810099,410.73584981248337,360.59726503153036,50.13858478095301,8.228641079532935,4.593418608441411,3.6352224710915237
frame_na~w~_1254.34_1254.59,18.336640809444106,0.0,-0.011446884545825842,414.8716290683136,351.98056586207645,62.891063206237106,11.75901830911748,4.222169107734956,7.536849201382523
frame_sej_1254.59_1254.93,28.88558491145247,0.0,1.8499407463490676,417.0386117526103,343.93618337046195,73.10242838214833,58.61677943329574,11.779595848202533,46.83718358509321
frame_si_1254.93_1255.07,13.877587400973752,0.0,-0.18303620647544533,416.82365181730637,363.04849737663096,53.77515444067541,3.1899164923434284,1.6756677345572086,1.5142487577862198
frame_na~w~_1255.07_1255.42,34.666320079459965,0.0,1.8208722772369637,416.31546320228,341.54305223972403,74.77241096255597,20.62994735553488,13.91708739323137,6.7128599623035115
frame_e_1255.42_1255.46,46.74885626976133,0.0,-0.5582862409281198,404.56638450679174,360.0807706242194,44.48561388257235,4.712653031243335,3.340463689402867,1.3721893418404676
frame_ra_1255.46_1255.64,45.37098345439519,0.5199999999999818,0.25978939984190746,412.3788628857079,355.4747042641838,56.90415862152412,10.212638358354255,3.580292072168646,6.632346286185609
frame_pro_1256.16_1256.29,33.98833163988171,0.0,-0.4856658015765419,412.41201496908866,361.9405720638648,50.471442905223796,29.819731135115234,13.645682324849034,16.1740488102662
frame_pri_1256.29_1256.49,38.74213092960069,0.0,-0.4965695740970928,413.15484114772335,354.98054801038217,58.17429313734118,11.337922709488083,7.300881595544993,4.03704111394309
frame_e_1256.49_1256.56,52.80066072166285,0.0,0.0985029374188464,404.6840196453334,356.5354742301707,48.148545415162744,2.1420542161045404,1.6839774662124825,0.45807674989205793
frame_da_1256.56_1256.94,45.6208463980153,0.0,1.6177373995682411,415.4018542308222,338.2030146747376,77.19883955608464,13.588932487505687,7.266260009653067,6.32267247785262
frame_dZi_1256.94_1257.05,51.46335093883273,0.0,0.025986038605652958,409.63499488192264,359.5700147548328,50.064980127089825,7.1889538246962985,4.251731380396421,2.937222444299877
frame_de_1257.05_1257.37,44.00728443867504,0.0,3.1635191030380225,415.1751909881814,344.3156853843147,70.8595056038667,18.655462508237875,5.646308133572532,13.009154374665343
frame_lis_1257.37_1257.61,48.607688836218216,0.0,0.025986038605652958,413.8185385909478,349.84568040616864,63.97285818477917,8.068784492845111,4.049991833972641,4.018792658872471
frame_a_1257.61_1257.97,49.280402041194804,0.0,2.557855245535001,413.9427555258715,337.576294353214,76.36646117265752,9.729570189353467,3.4932412545560254,6.2363289347974415
frame_Re_1257.97_1258.18,42.75517000265742,0.0,-0.7772159670437753,416.6165982875386,354.33982955059537,62.27676873694321,11.513449038971146,6.4351236221680495,5.0783254168030965
frame_Zi_1258.18_1258.31,47.59807768830633,0.0,-0.0785250839348962,416.5393668571036,362.1145229757676,54.42484388133596,6.505902891937623,2.6683596552313986,3.8375432367062245
frame_a~w~_1258.31_1258.5,52.31118114625778,0.0,-0.01144688454351128,405.7072094361397,348.52050854628743,57.18670088985226,8.395143322522586,2.6386746829324466,5.756468639590139
frame_sej_1258.5_1258.88,20.961967887801734,0.0,2.2878001985754004,416.1874148021067,341.4687559405455,74.71865886156115,17.058706598106326,7.776431582667996,9.28227501543833
frame_ki_1258.88_1259.02,7.730393247040979,0.0,-0.3920584515565436,416.0386237279603,361.86944741608556,54.169176311874764,20.544458837148667,11.960401340743658,8.58405749640501
frame_mew_1259.02_1259.35,46.20251926888791,0.5800000000001546,0.9742218418814681,413.3528010025016,342.79707938902465,70.55572161347698,60.038930444499094,18.798203766017522,41.24072667848157
frame_bi_1259.93_1260.08,20.321768250918737,0.0,0.44403052876784954,407.85257654922157,352.078925757886,55.77365079133557,121.60276083068032,65.25052428792392,56.352236542756394
frame_za_1260.08_1260.51,20.666043780550694,0.0,2.7667703224136004,418.1148803420705,337.63225415866907,80.48262618340146,49.81353863079127,22.94605224232886,26.86748638846241
frame_vo_1260.51_1260.74,22.468237678539126,0.0,0.9055317203590921,413.4031032174403,352.22258598042936,61.18051723701092,11.446511705010124,5.62977281626614,5.816738888743984
frame_po_1260.74_1260.93,2.4821123417718525,0.0,-0.4856658015765419,414.01576851919054,356.05301613232393,57.96275238686661,7.21831139059249,4.687057191432487,2.531254199160003
frame_su_1260.93_1260.99,66.6414295601844,0.0,-0.6045451718067677,398.3172479000995,352.99587819502,45.32136970507952,23.128445571803105,13.962958588879054,9.165486982924051
frame_i_1260.99_1261.05,65.96682181097904,0.0,-0.18303620647544533,393.16249736953165,347.67776932850506,45.484728041026585,7.526711435137429,2.189940839706516,5.336770595430913
frame_a_1261.05_1261.1,5.999306635177334,0.0,-0.6803284461248525,425.0163773514045,377.66826085424884,47.34811649715567,1.281261807528196,0.44882469266930514,0.8324371148588909
frame_u~_1261.1_1261.36,31.389283842928066,0.0,1.0263113571813687,415.01441583569965,349.90847246155727,65.10594337414233,14.837059520638576,10.096071104314063,4.740988416324512
frame_ma_1261.36_1261.55,32.45129586306285,0.0,-0.26249829236290373,412.62845271451295,353.84592830353125,58.782524410981694,3.4986016972184473,1.731535247956458,1.7670664492619892
frame_gra~_1261.55_1261.82,18.468475499341395,0.0,0.2939396424172009,413.15809422955414,348.56397010631764,64.5941241232365,20.057306767907193,12.570438633883654,7.486868134023538
frame_dZi_1261.82_1261.89,12.736755946141315,0.0,-0.49656957409471647,405.83200150322125,360.3047737440985,45.52722775912281,7.9163814770890895,4.528539985424274,3.3878414916648154
frame_Sa_1261.89_1262.24,34.778883258329245,0.0,0.46870447672288185,415.581472650867,342.3017442157439,73.2797284351231,66.40385728274504,26.30029005555977,40.10356722718526
frame_ka_1262.24_1262.33,1.7274572546335065,0.0,-0.889243523005827,414.84924376370657,364.71723688084967,50.1320068828569,6.10397483574036,3.271897889969381,2.8320769457709787
frame_ra_1262.33_1262.59,4.523245747243237,0.0,1.1999072458062923,409.7357209107834,345.8226153793792,63.9131055314042,21.459595506899433,8.908280027460037,12.551315479439396
frame_na_1262.59_1262.78,27.70591770697243,0.0,-0.053583215481929285,414.4371416678463,355.07312528906414,59.36401637878214,17.389906872200086,9.802343426229797,7.587563445970289
frame_vi_1262.78_1262.92,20.701802742995596,0.0,0.025986038608029265,417.54824417381485,361.913433204954,55.63481096886079,6.195237576076963,2.498588155216254,3.696649420860709
frame_la_1262.92_1263.1,33.55182866636845,0.0,-0.1580407539224165,416.03031008069445,356.5115147634114,59.518795317283036,11.276939280556675,7.947445519475622,3.3294937610810535
frame_e~_1263.1_1263.27,28.531115178796668,0.0,1.3329402016522425,415.026237063063,357.7027792181813,57.32345784488166,13.142967580352419,6.105014628404845,7.037952951947574
frame_ma_1263.27_1263.56,6.359389892893873,0.41000000000008185,0.573162015160994,413.09305756046814,345.45303515062733,67.64002240984081,13.425642629635021,4.383534804875623,9.042107824759398
frame_ki_1263.97_1264.07,18.139990352229418,0.0,-0.4965695740970928,410.56224573824136,360.06915096287094,50.49309477537042,9.929690268287231,5.35896514440617,4.570725123881061
frame_de_1264.07_1264.18,2.7715513483862537,0.0,-0.3393565148124644,413.3073247144169,364.18689437913787,49.120430335279025,3.6122051588364315,1.9329589399176825,1.679246218918749
frame_pojs_1264.18_1264.53,37.484823514976,0.0,0.20993295939325213,414.5922317141939,342.65123229739675,71.94099941679713,46.82724302496547,13.61523244740296,33.21201057756251
frame_foj_1264.53_1264.72,21.098418766182505,0.0,-0.4856658015765419,415.5482793422885,356.15767681137066,59.39060253091782,11.926687850932964,8.55702684414409,3.369661006788874
frame_lo_1264.72_1264.87,21.925809537213752,0.0,0.0360332691478381,412.43656521856343,359.945833441874,52.490731776689415,7.457889366152969,5.859259148360664,1.598630217792305
frame_te_1264.87_1265.16,47.08680746208151,0.0,1.1931515680021014,414.12586244363627,346.9763769447369,67.14948549889931,52.18916310878003,22.042652053948643,30.146511054831386
frame_a_1265.16_1265.35,28.61976509431021,0.0,0.7820770920419684,410.57810985683955,353.52295939599225,57.0551504608473,24.474307548303244,17.13607313795194,7.338234410351305
frame_da_1265.35_1265.48,29.218579666776648,0.0,-0.36695583080339095,413.428908945028,359.859317847756,53.569591097271996,14.458032171800411,9.508135402659804,4.949896769140608
frame_i_1265.48_1265.53,35.85259696975828,0.0,-0.2875473290159945,408.2598543042241,362.91977265065753,45.340081653566585,0.6230591175946216,0.3008859653601945,0.3221731522344271
frame_o_1265.53_1265.74,31.066698470602134,0.0,2.2967292422907724,411.7586955703806,350.5332376631295,61.2254579072511,5.842297792791555,3.2213336105592134,2.620964182232342
frame_Zi_1265.74_1265.83,25.284735827538867,0.0,-0.4965695740970928,412.23477308566,362.56710593603384,49.66766714962614,5.782036506861559,1.9965929891042293,3.7854435177573293
frame_ew_1265.83_1265.89,34.2196696843161,0.0,-0.7772159670437753,410.0499545141072,364.0878437597662,45.96211075434093,1.579369425170924,0.8838576105359408,0.6955118146349832
frame_a_1265.89_1265.95,12.160707515248092,0.0,-0.5758709076843653,399.3940985507607,353.6303904923634,45.7637080583973,2.701592109001055,1.4969672677834893,1.2046248412175657
frame_Su_1265.95_1266.05,62.12643300764411,0.0,-0.6045451718067677,393.81366824104975,345.55170067250276,48.26196756854699,0.7509786411316668,0.519569132850549,0.23140950828111784
frame_ki_1266.05_1266.13,31.50058390465476,0.0,-0.49656957409471647,410.64327757248884,362.4006736666315,48.242603905857266,4.71217003360141,3.1962935254095868,1.5158765081918233
frame_na~w~_1266.13_1266.37,41.28919474734336,0.08000000000015461,-0.6222199384718793,409.2334468204576,347.04680801493237,62.186638805525206,8.886100368168528,4.104432405225708,4.781667962942819
frame_sO_1266.45_1266.61,68.27439732694818,0.0,-0.2691257863908927,415.01087894868107,358.38950309492583,56.62137585375524,4.202843455675094,1.9980998005382276,2.204743655136866
frame_bra_1266.61_1266.77,71.18816092413776,0.0,-0.5758709076843653,413.1476061937209,356.6026670635718,56.54493913014909,10.076461125479213,5.179397445638628,4.897063679840585
frame_majs_1266.77_1267.16,63.16950099893238,0.0,-0.5758709076819902,406.05819812366974,331.691648117348,74.36655000632175,99.8993232003197,80.49101874989314,19.408304450426556
frame_koj_1267.16_1267.37,63.1862485868884,0.0,0.3838326496307581,415.4455852851383,352.87239066648044,62.57319461865785,5.460986998651961,3.7585350395538484,1.7024519590981129
frame_za_1267.37_1267.46,70.03665571598128,0.0,-0.5758709076843653,409.4969429966111,361.15869027203655,48.338252724574545,8.718856407793055,6.116792954666707,2.6020634531263482
frame_ne_1267.46_1267.54,71.03320895953868,0.0,-0.7772159670437753,400.2010326282001,353.83006794374893,46.37096468445117,1.640690294087264,1.0533227107873984,0.5873675832998657
frame_J_1267.54_1267.68,68.37883840903974,0.0,1.6310110202334123,410.8386195480555,355.79985058252066,55.03876896553476,6.659520417302815,4.162102093897346,2.497418323405469
frame_u~ma_1267.68_1267.86,68.64045550633195,0.0,-0.28003638460283925,409.8294714319701,353.1410487012984,56.688422730671675,5.20027043902094,2.4230912699399028,2.7771791690810375
frame_pa_1267.86_1267.94,5.691637884479036,0.0,-0.889243523005827,405.1012229975803,360.42920754176157,44.67201545581872,76.80909176817084,44.296124577509175,32.51296719066167
frame_ra_1267.94_1268.02,58.25626799671309,0.0,-0.6803284461248525,402.60039329726175,357.0762290553993,45.52416424186242,46.258902214494114,29.97838316057036,16.280519053923754
frame_fa_1268.02_1268.2,74.74726235817903,0.0,-0.5758709076843653,412.8891217961823,354.50441166997814,58.38471012620414,37.93118234679086,8.261394263548652,29.66978808324221
frame_mi_1268.2_1268.42,86.04464449265888,0.0,0.44403052877022586,409.5727106708365,348.2036754467799,61.36903522405652,35.69191642464311,10.959856515880631,24.73205990876248
frame_lia_1268.42_1268.56,105.06615008469026,1.7100000000000364,-0.3920584515565436,391.7839077095801,340.46296412141476,51.320943588165335,7.738696044903534,3.327132884736045,4.411563160167489
frame_mi~_1270.27_1270.33,11.64908255081258,0.0,-0.7045261828947134,417.12064266977075,369.631022255261,47.48962041450977,4.004115931410581,1.5420294454154657,2.4620864859951155
frame_Ja_1270.33_1270.62,12.40152566454168,0.0,1.513279861127754,415.3839031306762,348.7978093560071,66.58609377466905,20.411732005177527,9.010543931967334,11.401188073210193
frame_ma~j~_1270.62_1270.71,21.269864854482762,0.0,-0.8258109564472305,409.93962367549204,360.56320123169803,49.37642244379401,1.0343435878916125,0.3320828935830491,0.7022606943085634
frame_kwa~_1270.71_1270.82,15.360678768184073,0.0,-0.6222199384718793,413.891560799153,364.0043839716386,49.887176827514395,8.027936002896723,5.050599132374117,2.977336870522606
frame_du_1270.82_1270.89,18.981757048572177,0.0,-0.6045451718036281,401.5250655440816,354.8407819960073,46.68428354807429,7.996391546189301,4.194737259398806,3.8016542867904946
frame_sow_1270.89_1271.11,8.116038032247019,0.0,-0.13786642109362188,416.03370120101044,355.48949986479977,60.544201336210676,54.489952725409935,23.547627742122643,30.942324983287293
frame_tej_1271.11_1271.32,28.049325331560482,0.0,-0.3393565148124644,415.15774875354117,355.27401541409904,59.88373333944213,10.358399276763762,6.677231836521486,3.6811674402422767
frame_ra_1271.32_1271.62,29.32376232912037,0.0,1.4088223226872667,413.146858021867,345.7524671829599,67.3943908389071,67.4114442970778,17.357529611496602,50.0539146855812
frame_a_1271.62_1271.68,27.367907529901686,0.0,-0.5758709076819902,398.1106603740834,352.89324684335475,45.21741353072866,16.91363560051387,9.267546353756146,7.646089246757725
frame_si~_1271.68_1271.89,51.9824378696825,0.0,-0.21824011577818506,414.98139850219644,353.2518484390319,61.72955006316454,61.99530882087067,27.293242570752213,34.702066250118456
frame_na_1271.89_1272.1,50.53182176705808,0.0,0.25978939983953236,410.02608355332893,350.72516245861345,59.300921094715534,17.094643993593678,10.927680591726272,6.166963401867406
frame_va_1272.1_1272.4,64.89343035406159,0.34999999999990905,0.9909921689253179,399.89354902549843,335.09783486102106,64.79571416447737,32.56744707703378,11.917419742507263,20.65002733452652
frame_Zu_1272.75_1272.99,1.9445007673893997,0.0,0.7762665114539494,414.7797659656851,350.9753139414771,63.80445202420799,53.90098098780048,18.141773812203297,35.75920717559718
frame_lia_1272.99_1273.25,12.737625936407568,0.0,-0.4965695740970928,414.9521523396658,351.96792832161134,62.984224018054476,16.81135319103035,6.710441367930031,10.100911823100319
frame_ka_1273.25_1273.43,37.18869857839364,0.0,-0.1580407539200414,411.90257150558386,356.98486422389396,54.9177072816899,18.70133406959394,10.716938462908345,7.984395606685595
frame_va_1273.43_1273.55,41.62756131386803,0.0,-0.5758709076843653,412.71054313557477,360.126453432378,52.58408970319675,9.94590043969579,6.4814510079749255,3.4644494317208654
frame_Lej_1273.55_1273.78,31.635038251369267,0.0,-0.3393565148124644,410.15511467667307,348.5055270128373,61.649587663835746,21.798254431536677,9.774891808594631,12.023362622942045
frame_ru_1273.78_1273.92,59.1597796313055,0.05999999999994543,0.500104174802434,408.7898444618869,357.0878565388559,51.70198792303103,57.517037503587005,38.99505016200311,18.521987341583895
frame_aw_1273.98_1274.29,79.15512300856624,0.0,0.46870447672288185,411.06910617252,342.91326007510975,68.15584609741023,12.887374330391324,7.280469292476525,5.6069050379147995
frame_vis_1274.29_1274.65,112.20260572727105,2.75,-0.2875473290136182,394.9806517490878,323.38113398814147,71.59951776094636,5.348777676195354,3.0207340526598188,2.3280436235355353
frame_a_1277.4_1277.5,69.60358109980322,0.0,-0.1580407539224165,406.7756547382774,357.61613154936117,49.15952318891624,10.369558581819703,7.2207758509794076,3.1487827308402956
frame_go_1277.5_1277.78,75.64541724981679,0.0,1.948929861807852,410.5303829054552,344.5843994358179,65.94598346963733,10.447173823358028,6.2559157665457406,4.191258056812288
frame_ra_1277.78_1277.98,97.04281112235782,0.13999999999987267,0.46870447672288185,403.328108571792,347.7398218837941,55.58828668799788,32.23339025224118,18.35167451946755,13.881715732773628
frame_kwa~_1278.12_1278.37,9.161371964221246,0.0,0.3957351514048765,415.50576565762935,351.38123369976427,64.12453195786503,24.90772148137762,9.616666105771174,15.291055375606447
frame_du_1278.37_1278.78,79.32492927102037,0.17000000000007276,3.5378898779691044,412.01270291872265,335.7255965770944,76.28710634162826,106.32540806380692,75.30832472322969,31.017083340577223
frame_ow_1278.95_1279.12,32.4415158393374,0.0,1.079431410596598,410.2578466158874,356.1525730065946,54.105273609292794,22.543777511766947,13.970040206406509,8.573737305360439
frame_vi_1279.12_1279.2,40.42492487398172,0.0,-0.4965695740970928,410.2559477480602,362.6325356929641,47.62341205509614,4.951909823416486,3.116468651558222,1.835441171858264
frame_u_1279.2_1279.26,20.72365481199688,0.0,-0.1903016668294944,389.47611181509717,345.163101393487,44.31301042161016,84.98732949968984,41.3098930984213,43.67743640126854
frame_ka_1279.26_1279.45,13.901109783608362,0.0,-0.36695583080101585,415.13284351094717,355.831389406231,59.301454104716186,20.06263088384368,13.237206946724356,6.825423937119325
frame_za_1279.45_1279.56,2.4123039707987743,0.0,-0.6803284461248525,412.3303323462887,362.07289751005476,50.25743483623393,13.154919485374762,7.896544937539289,5.258374547835473
frame_me~_1279.56_1279.74,1.4757360647584505,0.0,-0.24220195325716973,411.881441195757,357.2099476487053,54.67149354705174,10.263494536291546,4.606308743942577,5.657185792348969
frame_tu_1279.74_1279.86,11.21664014477426,0.0,-0.1903016668294944,412.00530982644847,360.89243574277464,51.11287408367383,12.259081119836907,6.725937419790455,5.533143700046452
frame_dE_1279.86_1280.03,44.688182126329295,0.0,-0.3845873475863734,413.9715874618548,356.13836320331205,57.83322425854277,12.948116734663571,6.352084193788315,6.596032540875257
frame_la_1280.03_1280.15,56.1240710878413,0.0,-0.5758709076819902,403.8719794616189,353.9628443362285,49.90913512539038,0.4934427341775063,0.3022877221393969,0.19115501203810936
frame_ko~_1280.15_1280.27,40.62837131950005,0.0,-0.9849311799093602,413.52425135861165,360.86925119675533,52.65500016185632,11.844558703378539,2.804648306765543,9.039910396612996
frame_mew_1280.27_1280.39,47.48668523174342,0.0,-0.5582862409281198,410.3620518251353,359.42242280656103,50.939629018574294,6.51216309748618,4.038151912285315,2.4740111852008653
frame_paj_1280.39_1280.7,31.758296053769087,0.0,-0.0535832154795542,413.296587445525,344.20651680506376,69.09007064046125,26.865228939982046,12.294581958581716,14.57064698140033
frame_e~j~_1280.7_1280.79,82.94548386457357,0.5599999999999454,-1.1172809282046323,394.25036706229054,346.8014773011475,47.44888976114305,8.523323654901155,3.638273712897252,4.885049942003903
frame_vi~_1281.35_1281.44,52.86884559456328,0.0,-0.3803354714861516,406.1281216304743,357.95159341017046,48.17652822030385,39.2096447865601,10.229963353369143,28.979681433190954
frame_tSi_1281.44_1281.65,37.966228245731756,0.0,1.0710972640135208,404.4489330797471,344.4571547529613,59.991778326785834,9.062235930342382,5.783702652836965,3.2785332775054172
frame_i_1281.65_1281.84,22.869347557481362,0.0,1.1756083865516935,410.47610752266934,352.909889102913,57.56621841975635,43.67704990402069,11.756926525377594,31.920123378643098
frame_si~_1281.84_1282.08,7.117910788213351,0.0,-0.05614476007758978,413.55798416194784,353.01343316311716,60.54455099883074,104.86221686749579,34.87742696810287,69.98478989939292
frame_ku_1282.08_1282.2,9.171418105646651,0.0,-0.4664640034810099,414.70413087818156,363.21713921250114,51.48699166568048,36.92081672817022,25.16682909731152,11.753987630858703
frame_dZi_1282.2_1282.29,33.07753791484181,0.0,-0.3920584515565436,405.4969289007242,357.0143408771283,48.482588023595895,6.443567202035268,3.532089568679936,2.9114776333553323
frame_Za_1282.29_1282.46,34.40527369759732,0.0,-0.36695583080339095,415.4254386367361,357.42284428789605,58.00259434884009,28.078518424506868,19.403853787917782,8.674664636589085
frame_nej_1282.46_1282.61,46.06853754672039,0.0,-0.7772159670437753,412.94107191064927,357.62700358146094,55.314068329188274,4.176701841370303,2.523519929923367,1.6531819114469357
frame_ru_1282.61_1282.74,50.824111515523285,0.0,0.22394183814777885,402.6346930656473,353.1727196731349,49.46197339251239,4.708455428936773,1.9189925056650736,2.7894629232716994
frame_dZi_1282.74_1282.8,77.28071987926668,0.0,-0.4965695740970928,386.3087815583956,343.34304935118786,42.965732207207736,0.2369258533083496,0.17711714026030023,0.059808713048049356
frame_se_1282.8_1282.97,7.202941457438442,0.0,-0.3393565148124644,409.67290166291514,355.6219615731459,54.050940089769256,110.13501465423643,64.30856879840175,45.82644585583468
frame_te~_1282.97_1283.23,23.88159734458229,0.0,0.4578612267047798,410.6436616098019,348.16539644252106,62.478265167280824,97.18678580600186,71.32512708597211,25.86165872002975
frame_ta_1283.23_1283.36,27.6411192599101,0.0,-0.7847859845653398,414.0167977336374,360.22707372386265,53.78972400977477,18.553701382822652,13.506792543612349,5.046908839210303
frame_i_1283.36_1283.43,82.9581765037488,0.0,-0.07852508393251989,393.4840538983934,349.07312751457283,44.410926383820595,0.6430972784104299,0.4038693430536213,0.23922793535680853
frame_si~_1283.43_1283.71,18.80505455051376,0.0,0.9164273741517813,410.8156982529887,345.950216518783,64.86548173420567,29.09552954575169,10.552182361661181,18.543347184090507
frame_ku_1283.71_1283.88,70.13765871426445,0.32999999999992724,-0.6045451718036281,396.7172884908174,342.8304281138589,53.88686037695851,27.211074628432364,18.21461039878332,8.996464229649042
frame_foj_1284.21_1284.38,4.080672379722742,0.0,-0.6595654918180018,413.3340124471906,358.5255146895583,54.808497757632324,5.402467801606903,3.32886144823604,2.073606353370863
frame_ko~_1284.38_1284.61,12.793641474551848,0.0,-0.22030055478505767,412.00714737055205,351.1463765727308,60.86077079782126,8.391569539097617,4.102477124589399,4.289092414508218
frame_tra_1284.61_1284.76,19.920875459937534,0.0,-0.7847859845653398,415.887106304994,359.89797598951435,55.989130315479656,36.83880663307676,23.270809695954426,13.56799693712233
frame_a_1284.76_1284.79,16.5190771583773,0.0,-0.889243523005827,395.27874644305905,353.05482638095725,42.22392006210174,9.17300719572421,5.36103518598722,3.8119720097369907
frame_vo~_1284.79_1284.96,8.582058664001934,0.0,-0.09286211726144294,412.30721510207036,356.0099884661023,56.29722663596806,16.813661663409277,8.952223550205446,7.861438113203832
frame_ta_1284.96_1285.19,18.80387749769652,0.0,-0.1580407539200414,413.47103348850493,351.2697261362816,62.20130735222335,8.920809607219454,5.869897671695455,3.050911935523999
frame_dZi_1285.19_1285.29,15.567099513837306,0.0,-0.18303620647544533,412.4036872611796,362.45128084586963,49.95240641530995,6.975947065615529,3.0462867514871874,3.9296603141283413
frame_du_1285.29_1285.35,14.702077507776963,0.0,-0.6045451718067677,411.8124060933698,364.33060529393737,47.48180079943245,9.770532230806126,6.235299377259281,3.5352328535468445
frame_mew_1285.35_1285.61,12.202613631075877,0.0,-0.7772159670437753,414.5030144881407,348.5403519437558,65.9626625443849,12.41606023649885,4.836237064631035,7.579823171867815
frame_a_1285.61_1285.7,21.18259488413456,0.0,-0.26249829236052863,409.4579059534143,361.1687079260379,48.289198027376415,3.9213655029934245,2.5883112185792783,1.3330542844141462
frame_vo_1285.7_1286.0,15.685462678791325,1.7100000000000364,0.7316320301136781,411.40106259011293,344.80059845489995,66.60046413521297,80.19070009857842,41.9593194484934,38.231380650085015
frame_na~w~_1287.71_1287.86,55.44905618724772,0.0,-0.6222199384718793,415.45382712438555,361.0145438693748,54.439283255010764,51.75127167286692,30.491230670148155,21.260041002718765
frame_sej_1287.86_1288.09,57.851980565423545,0.0,0.31743266353450184,413.50776041861104,353.30282519477487,60.20493522383617,14.223035836145328,9.16578575471874,5.057250081426588
frame_poX_1288.09_1288.33,51.030732306350586,0.15000000000009095,-0.4856658015765419,410.90702279705266,353.5573837333552,57.34963906369745,17.80500383349829,10.588013271195763,7.216990562302527
frame_ki_1288.48_1288.81,57.217368204932484,0.07000000000016371,1.9071862443379142,413.53757227131206,343.2427808702071,70.29479140110493,39.7376071732786,11.506122131345194,28.231485041933404
frame_kaR_1288.88_1289.14,31.5547653329196,0.0,-0.053583215481929285,415.64856085712125,351.4991359324208,64.14942492470044,31.3433132195847,18.45582425678863,12.88748896279607
frame_gas_1289.14_1289.37,39.03676890116148,0.0,0.05087432295855793,411.70225194602085,350.571113158567,61.131138787453835,25.04481009258467,7.895273620892738,17.14953647169193
frame_da_1289.37_1289.58,28.56393478588396,0.0,0.3642469382800196,414.5466263628148,353.83495122942475,60.71167513339003,11.145994125483256,5.561790446618247,5.584203678865009
frame_gwa_1289.58_1289.69,24.206203675290638,0.0,-0.7847859845653398,414.0513421732891,363.0130931446505,51.03824902863863,12.011189853726933,4.981264592649211,7.029925261077722
frame_mew_1289.69_1290.0,28.15467422015641,0.0,-0.7772159670387974,411.3283741593972,343.39723915501907,67.93113500437812,30.78445000663376,16.97154681995862,13.812903186675143
frame_a_1290.0_1290.03,29.85915075493689,0.0,-0.889243523005827,388.85058278397355,344.6170132081771,44.23356957579642,4.6971021540684035,3.0498351480956103,1.6472670059727932
frame_vo_1290.03_1290.19,26.38703023096231,0.0,0.20993295939325213,410.92111686730027,354.93133526782964,55.98978159947063,1.9159323143360467,0.7123926023428737,1.203539711993173
frame_na~w~_1290.19_1290.3,24.66735622265506,0.0,-0.8258109564472305,407.39737752906103,357.9158812012017,49.48149632785925,12.322943433567971,8.10313324314636,4.219810190421612
frame_ke_1290.3_1290.53,40.64852102388406,0.0,-0.3393565148124644,411.22524010106224,349.3726124959073,61.852627605154964,55.54469644756685,17.049368155575706,38.49532829199114
frame_ri_1290.53_1290.77,36.77943880559154,0.0,1.3846306316351684,411.05298703709826,347.8329126528361,63.22007438426215,6.825897612252973,2.59055658293299,4.235341029319983
frame_a_1290.77_1290.81,32.63488747475036,0.0,-0.7847859845653398,386.28433495602405,342.60083564842023,43.683499307603824,28.49591970252939,17.747620977108227,10.748298725421165
frame_sa_1290.81_1290.98,37.21330924264325,0.0,-0.5758709076843653,411.21595781340085,355.12205135579507,56.09390645760578,11.121007980753532,8.415056602992266,2.7059513777612665
frame_beX_1290.98_1291.2,38.590183646548965,0.0,0.5363623896551352,408.97891127112143,350.1807493731384,58.79816189798305,10.38567786154863,7.189069579036968,3.1966082825116615
frame_de_1291.2_1291.33,37.97881322490093,0.0,0.7552921157658127,412.5538512444543,359.986064063691,52.567787180763276,4.688915521647033,3.3643790113985546,1.3245365102484783
frame_si_1291.33_1291.45,36.07183447922769,0.0,-0.18303620647544533,396.9152593604212,345.7250178593672,51.190241501054004,144.47396201270072,107.38185101248745,37.092111000213286
frame_ka_1291.45_1291.6,33.93870978595527,0.0,-0.26249829236290373,413.22404645534135,357.4050713868142,55.81897506852715,5.9744198427128055,3.504876619474871,2.4695432232379346
frame_za_1291.6_1291.77,35.668372676427865,0.0,-0.36695583080339095,411.69356290405983,355.28547829691075,56.40808460714908,10.752152093031157,7.929146243732191,2.8230058492989656
frame_me~_1291.77_1292.0,43.790309914482634,0.0,0.2828454317113078,407.668405201879,348.4759805029144,59.1924246989646,7.689128422693898,4.434842554132004,3.254285868561894
frame_tu_1292.0_1292.1,74.25510722000561,0.11000000000012733,-0.4664640034810099,399.22116634228075,349.91824561588385,49.302920726396906,5.751006720802849,3.6911355427429626,2.059871178059886
frame_po_1292.21_1292.35,19.19685856823071,0.0,0.2099329593892981,417.62522913982264,363.97086786371676,53.654361276105874,40.313156424386065,21.897352296225876,18.41580412816019
frame_re~j~_1292.35_1292.65,6.685218749336016,0.0,2.033003381606233,417.36253191826574,347.51799365192505,69.84453826634069,17.789928375265788,7.201603852734124,10.588324522531664
frame_mew_1292.65_1292.92,5.182337358879977,0.0,1.4120812941177567,418.50967446002505,351.7146474080955,66.79502705192954,99.76369060012325,38.49605357081941,61.267637029303835
frame_bi_1292.92_1293.02,21.35873288444712,0.0,-0.0785250839348962,411.7077035952523,362.01251083609634,49.69519275915599,9.225570513197098,5.944365559222007,3.2812049539750916
frame_za_1293.02_1293.24,25.093305257715002,0.0,0.15533186140142022,414.33080125730424,353.6849947055104,60.64580655179384,27.358153709555538,16.169643866207124,11.188509843348413
frame_vo_1293.24_1293.58,19.758022737809668,1.6700000000000728,1.948929861803898,411.5043442386499,340.57568620903214,70.92865802961774,26.257522550273563,13.775831927461667,12.481690622811897
frame_u_1295.25_1295.46,29.20358772929312,0.0,1.8809158580600114,407.88550546869135,350.9213532622159,56.96415220647543,9.733256337859629,6.5873712885005204,3.1458850493591086
frame_Zo_1295.46_1295.56,19.123175353448175,0.0,-0.4856658015765419,415.30114880237045,365.20390032122197,50.09724848114848,12.043357735576961,7.8526592612257815,4.19069847435118
frame_a_1295.56_1295.66,6.2378621545435635,0.0,-0.1580407539200414,399.1012795421942,350.1986161321531,48.9026634100411,70.80776868812235,38.536633742492285,32.27113494563007
frame_ki~_1295.66_1295.86,26.068186826819613,0.0,0.7543320184438147,413.96285134097695,355.04215701850546,58.92069432247155,17.53136886846741,12.119699495207215,5.411669373260196
frame_ka_1295.86_1296.04,29.018441701579633,0.0,-0.26249829236290373,412.92507501817545,354.649452833164,58.27562218501146,9.39545917078783,4.2902789631512945,5.105180207636536
frame_va_1296.04_1296.24,27.770769204471563,0.0,0.05087432296093301,409.92014272916094,353.30983150669795,56.610311222463054,1.751796489421423,0.8587018022355579,0.8930946871858652
frame_an_1296.24_1296.49,85.07617957932078,0.0,1.0954497073658052,409.9795207451697,346.07668240673434,63.902838338435345,486.8795865782962,329.2858799171728,157.5937066611234
frame_Zo_1296.49_1296.56,20.949511075819487,0.0,-0.8334651820594619,408.0510526616497,364.6718565262208,43.37919613542891,3.528705640673465,2.335265764585344,1.1934398760881209
frame_a_1296.56_1296.64,14.754764741192432,0.0,-0.36695583080101585,394.0072709504887,348.1617231406883,45.845547809800394,11.589802755028401,4.713101795532552,6.8767009594958495
frame_ki~_1296.64_1296.81,27.202612397162866,0.0,0.10595059562669112,410.1473041901028,354.8067204878015,55.34058370230122,8.622227546912839,5.443170969756494,3.179056577156345
frame_ka_1296.81_1296.95,18.622414828055,0.0,-0.5758709076843653,414.02432623551067,359.4629299141301,54.56139632138064,13.758370540971143,9.338778385551862,4.419592155419281
frame_va_1296.95_1297.09,5.629559516748799,0.0,-0.26249829236290373,417.07394348534945,361.7586142848884,55.31532920046101,29.084835874013734,14.349125443535456,14.735710430478278
frame_Lej_1297.09_1297.29,2.4264850642620814,0.0,0.9742218418814681,411.55501978039615,355.96054557314164,55.59447420725451,21.115140696456493,7.279191051161959,13.835949645294534
frame_ru_1297.29_1297.39,65.17347541159654,0.7999999999999545,-0.4664640034778703,397.2271671504434,348.86839386005414,48.35877329038925,5.605107188223485,3.50587897814313,2.099228210080355
frame_i~_1298.19_1298.31,16.102117157818327,0.0,0.7543320184438147,412.6135662136654,361.7468611024783,50.866705111187116,14.278593526095733,5.3111495239974005,8.967444002098333
frame_sis_1298.31_1298.42,8.065225488579202,0.0,0.0,417.78347806997203,365.74874174734987,52.034736322622166,0.8226657272946767,0.41964251410931297,0.4030232131853637
frame_tSiw_1298.42_1299.16,20.92953719878078,0.1799999999998363,0.1304971611462021,414.09679668935087,307.895842551375,106.20095413797588,76.95566641149898,32.909733421219855,44.04593299027913
frame_i_1299.34_1299.46,35.62235799109672,0.0,0.44403052877022586,406.0956046992015,354.0954021685413,52.000202530660204,9.432428229216356,4.906859180761018,4.525569048455338
frame_dZi_1299.46_1299.63,40.568111157527255,0.0,0.548541651310775,413.77125069222956,357.97853344539413,55.79271724683542,9.313222219703192,3.161670741258831,6.151551478444361
frame_si_1299.63_1299.81,36.42477645869842,0.0,0.1304971611462021,410.3895546189842,354.0979683634803,56.291586255503944,22.43299771499146,15.301102681059106,7.131895033932352
frame_pa_1299.81_1300.05,44.888325667349676,0.0,-0.26249829236290373,413.80059743453836,351.4701781112573,62.330419323281035,53.94968614896416,10.362697998398332,43.58698815056583
frame_ra_1300.05_1300.11,49.428729932533784,0.0,-0.889243523005827,411.0299664097747,364.73821772782804,46.29174868194667,2.3199065194458655,1.4245270956781866,0.8953794237676789
frame_u_1300.11_1300.27,49.23349741513729,0.0,1.1905100164312228,411.8494647834044,357.0677200304673,54.78174475293707,12.212985985757811,3.1188239424126607,9.09416204334515
frame_Ze~_1300.27_1300.44,46.47210981393157,0.0,-0.5922335432361547,414.6784309994774,356.73206394905964,57.94636705041779,5.237574779571901,3.6927140053600596,1.5448607742118412
frame_ru_1300.44_1300.74,50.12828577344226,0.0,2.5713216996888,412.0968987719149,342.9079735394121,69.18892523250275,14.62006936110096,7.326495240503306,7.293574120597654
frame_dZi_1300.74_1300.87,47.65690336973475,0.0,0.1304971611462021,408.6820033195112,359.0503364630664,49.63166685644478,2.611265406509631,0.957335025035718,1.6539303814739128
frame_si_1300.87_1301.64,53.29908186217055,0.38999999999987267,5.251542165640239,409.961209360379,299.8019308915088,110.15927846887018,13.23820754667156,7.649383887797512,5.588823658874048
frame_aX_1302.03_1302.15,46.25392972974974,0.0,-0.47141336924387817,410.9660923867322,359.18631712188244,51.779775264849775,12.945902345430241,4.581982797840055,8.363919547590186
frame_li~_1302.15_1302.44,26.537323600615466,0.0,0.7543320184475004,416.03100363226076,348.5894051084198,67.44159852384098,41.48279494434689,15.721704968088673,25.76108997625822
frame_du_1302.44_1302.54,47.4735533298813,0.0,-0.1903016668294944,410.2315689669796,361.5618221686865,48.66974679829315,3.1332512663805403,1.3079923237141315,1.8252589426664088
frame_si_1302.54_1302.68,40.48777867153241,0.0,0.025986038608029265,413.70497404291245,359.4532186311029,54.25175541180954,3.1936559256962767,1.8135518988310224,1.3801040268652542
frame_vo_1302.68_1302.84,33.17623696311141,0.0,-0.4856658015765419,409.10315334152733,355.88670806514074,53.21644527638665,15.15527561822536,6.946232828566735,8.209042789658625
frame_se_1302.84_1303.09,14.876429143348304,0.0,0.0985029374188464,417.3469731871801,352.5312756309075,64.8156975562726,15.455653475284123,9.561435107617115,5.894218367667008
frame_na~w~_1303.09_1303.38,32.50089002048159,0.0,0.1921441334295253,415.13985108773005,348.4554809621452,66.68437012558485,45.377421513977055,19.312741513244987,26.064680000732068
frame_fi_1303.38_1303.59,10.223775883338476,0.0,0.3395194062273004,415.12034238291056,353.96505699348785,61.155285389422716,94.76164895813652,49.50121620486689,45.260432753269626
frame_zeX_1303.59_1303.86,42.4188844114658,0.12000000000011823,0.9742218418814681,411.99057706882047,347.5494285974669,64.44114847135364,13.19825651878405,6.221736318508206,6.976520200275843
frame_e_1303.98_1304.05,16.240759666043886,0.0,0.0985029374188464,404.89187938794555,358.4662181488553,46.42566123909023,3.109590868912335,1.3868928877786573,1.7226979811336776
frame_si_1304.05_1304.19,16.32616424685412,0.0,0.1304971611485784,412.03373201264606,359.6521612034741,52.38157080917193,27.3907684514609,14.743112566022376,12.647655885438525
frame_ka_1304.19_1304.4,35.14004779630636,0.0,-0.0535832154795542,411.96408643037887,352.39442060993974,59.56966582043907,13.469517585260917,8.958519041934707,4.51099854332621
frame_za_1304.4_1304.53,39.394284884850876,0.0,-0.47141336924387817,412.20468469359355,357.79609054477464,54.408594148818906,1.980385514893129,1.291338607391154,0.6890469075019752
frame_me~_1304.53_1304.7,21.360662742666932,0.0,-0.5922335432361547,411.20385056190946,355.0162498620074,56.18760069990208,17.90069164202653,9.157108920609502,8.743582721417027
frame_tu_1304.7_1304.78,49.606063350073896,0.07999999999992724,-0.4664640034810099,392.028476150324,345.4376271411698,46.590849009154226,74.15377870110936,49.75382898847508,24.39994971263428
frame_ew_1304.86_1304.99,0.1628735993664634,0.0,0.7552921157707906,415.29722050189554,362.7674900135314,52.52973048836412,19.29511044834004,11.607261176041561,7.687849272298479
frame_fa_1304.99_1305.35,23.089773737542487,0.0,0.6776195536014812,411.98813393043974,339.45025304156775,72.53788088887205,65.2036309933467,28.463772565769915,36.73985842757679
frame_su_1305.35_1305.59,97.31811058080442,0.6200000000001182,-0.3283828351552522,392.27176397936483,331.7998761652394,60.47188781412541,2.138921119783788,1.2580349624478018,0.8808861573359863
frame_pri~_1306.21_1306.4,0.9636126445909667,0.0,-0.7045261828910278,418.9289370449132,358.8399726557256,60.088964389187595,52.409187102490165,21.434104429755195,30.97508267273497
frame_mej_1306.4_1306.55,30.400953239570782,0.0,-0.3393565148124644,418.0954881152162,363.1572057570987,54.938282358117476,6.511362021898066,1.7014193795482697,4.809942642349796
frame_ru_1306.55_1306.61,29.483504548897628,0.0,-0.6045451718067677,404.97434246973603,359.020876683968,45.953465785767946,5.6989872935195365,1.113831378576748,4.5851559149427885
frame_poX_1306.61_1306.72,102.25952006623665,0.0,-0.8334651820594619,415.71758420038924,365.3738614055066,50.34372279488264,33.96335702815247,18.084352200561668,15.879004827590805
frame_ki_1306.72_1306.81,16.84114448119837,0.0,-0.4965695740970928,417.36413117865993,369.6852571061946,47.678874072465305,13.64960001736307,9.338987991592063,4.310612025771007
frame_ew_1306.81_1306.91,16.816500026751044,0.0,-0.120426788696809,418.2722272296877,367.18686460152924,51.085362628158464,14.338802992314811,10.66781280291545,3.6709901893993617
frame_ko_1306.91_1306.98,4.15507354611313,0.0,-0.8334651820594619,419.1817777633855,370.2712368950589,48.91054086832662,3.7956454689933423,2.708090159720541,1.0875553092728012
frame_Je_1306.98_1307.19,11.18446527296203,0.0,2.506729924696034,417.42595274673914,357.36157083716813,60.06438190957101,23.387996159567308,8.568971205570875,14.819024953996433
frame_su_1307.19_1307.3,7.842899148766918,0.0,-0.05222049850373666,418.4753577690737,367.07005977487296,51.40529799420074,12.183379253562492,8.139878623105233,4.04350063045726
frame_u_1307.3_1307.33,1.5963568350186677,0.0,-0.6045451718067677,401.9708207508067,357.90116179723174,44.06965895357496,19.189440619772824,3.1394315300410653,16.05000908973176
frame_Ra_1307.33_1307.54,17.115279835721623,0.0,0.15533186139904515,415.56777666653863,355.3376329451651,60.23014372137351,16.924477745939072,7.976899621319006,8.947578124620065
frame_pajs_1307.54_1308.01,81.69695511414261,1.4700000000000273,0.6776195536038563,411.3995770638877,330.7821874597885,80.61738960409923,8.007316862227526,4.5888531554897725,3.4184637067377537
frame_sej_1309.48_1309.81,25.011396267106903,0.0,2.068870472464723,417.04722122183557,345.611524546668,71.43569667516755,26.90082692182436,14.366659620180656,12.534167301643706
frame_dajs_1309.81_1310.03,55.61273845960986,0.0,-0.36695583080101585,411.06551367691725,350.90741055945045,60.158103117466794,42.650493651053445,14.738502362893442,27.911991288160003
frame_kwa_1310.03_1310.16,45.336708996779166,0.0,-0.7847859845629647,412.40400159927515,358.4138027339687,53.99019886530647,4.295048982244708,2.6777079106466175,1.6173410715980907
frame_li_1310.16_1310.31,47.944489403964354,0.0,0.025986038605652958,412.0816650645864,357.8817695019235,54.1998955626629,7.691243758741635,3.7032590849452305,3.9879846737964044
frame_da_1310.31_1310.57,47.169187509913726,0.0,0.6776195536014812,410.54830709293503,346.33766599071816,64.21064110221687,9.733816700873717,5.091063445603908,4.64275325526981
frame_dZis_1310.57_1310.72,28.855620841805106,0.0,-0.18303620647544533,411.46066828783444,355.1105636785221,56.350104609312325,5.825753037039604,2.971451919215667,2.854301117823937
frame_de_1310.72_1310.87,26.431787623056834,0.0,0.0985029374188464,414.94187422505513,358.6465395084813,56.29533471657379,7.483739599333063,4.552685784839525,2.931053814493538
frame_li_1310.87_1311.09,68.25054801682126,0.9800000000000182,0.5485416513083987,399.3477335525721,341.03205979001626,58.31567376255583,79.36766620445502,65.31344189221406,14.054224312240962
frame_sej_1312.07_1312.28,22.161982326327447,0.0,-0.120426788696809,412.45428560609025,352.6363768689775,59.81790873711276,9.064486581371767,4.050576266102439,5.013910315269328
frame_ki_1312.28_1312.41,17.25502282044863,0.0,-0.4965695740970928,414.6724508976813,360.9073601746139,53.765090723067374,14.457183819672636,8.51530915085327,5.941874668819366
frame_e_1312.41_1312.44,25.721546222729202,0.0,-0.7772159670437753,395.5996846175236,353.6644180452371,41.93526657228654,5.271535775602047,4.627684745350237,0.6438510302518097
frame_li_1312.44_1312.54,26.153689956900763,0.0,-0.4965695740970928,412.09501126755504,361.8070646336437,50.28794663391142,1.1147670020942826,0.6060209729450605,0.5087460291492221
frame_E_1312.54_1312.63,29.889857094522185,0.0,-0.17219196824686744,412.6497857495339,362.8107104923199,49.839075257214006,3.522305529960221,2.2025437666199537,1.3197617633402672
frame_u~_1312.63_1312.84,35.11126413594094,0.17000000000007276,0.6634369844623413,408.2162214662626,349.1428855104357,59.07333595582696,7.335009896401303,2.8276868466194003,4.507323049781903
frame_o~_1313.01_1313.21,2.627796519851941,0.0,1.181522257945728,417.6547361041184,356.53821534056146,61.116520763556935,9.419667312622195,5.310479027708794,4.109188284913401
frame_me~j~_1313.21_1313.55,21.924053459976392,1.6000000000001364,0.4578612267047798,414.6823810763501,344.0944043153868,70.58797676096333,65.60858096070582,28.522340933618807,37.086240027087015
frame_dZi_1315.15_1315.3,40.221441543785616,0.0,0.1304971611462021,413.7678445103516,358.8482171454744,54.919627364877215,8.718642468932828,3.939394508306094,4.7792479606267335
frame_veR_1315.3_1315.54,24.626533006485047,0.0,0.0985029374188464,415.78138319255646,352.6100698274354,63.17131336512108,11.713543582247368,3.5450965482598633,8.168447033987505
frame_da_1315.54_1315.84,22.23062347397682,0.0,1.1999072458062923,413.6028962969591,345.9914421265548,67.61145417040433,27.253614989340548,22.30001691300326,4.953598076337286
frame_dZi_1315.84_1316.19,53.97575086861235,0.0,2.4297418570406597,411.68937228964336,338.61290401176433,73.07646827787903,82.1897005134023,56.32325693105554,25.86644358234677
frame_i_1316.19_1316.31,12.440282878686176,0.0,0.44403052876784954,416.9845683483658,364.1296046272372,52.85496372112863,4.102461780202532,1.9246969013732524,2.1777648788292794
frame_a_1316.31_1316.43,1.6469966097860151,0.0,0.05087432296093301,414.76633736924254,361.4377621231735,53.32857524606902,22.05242199664241,10.123867649439688,11.92855434720272
frame_le~j~_1316.43_1316.65,12.829242012305983,0.0,0.10782963672181532,412.5903874853543,351.5508250070259,61.03956247832838,38.14867338205751,13.952794933097564,24.195878448959945
frame_dZi_1316.65_1316.78,42.88076684094908,0.0,0.23500828368675125,412.87701051924074,360.44726983173064,52.429740687510105,6.297666335449875,2.796075365451628,3.5015909699982473
frame_su_1316.78_1316.88,22.897169583214307,0.0,-0.6045451718036281,410.4658601076761,360.4960270584404,49.969833049235774,124.33993827476931,79.11355359830021,45.226384676469095
frame_ew_1316.88_1316.94,5.636977677806158,0.0,-0.7772159670437753,398.40028380259685,353.0068996914718,45.393384111125044,7.085497236016707,3.9868536500311222,3.0986435859855845
frame_sej_1316.94_1317.31,29.864656168057735,0.0,0.5363623896551352,411.7785185126392,337.9630694617635,73.81544905087571,61.879737807388175,20.850423879052784,41.02931392833539
frame_ki_1317.31_1317.55,26.11606010007101,0.0,0.3395194062273004,409.34409738786724,349.727341252845,59.61675613502223,14.55151755542525,5.176829326844569,9.37468822858068
frame_a_1317.55_1317.7,30.40134454806592,0.0,0.36424693828239463,411.81228061367915,356.35929886027793,55.45298175340122,7.363843552706612,4.469753807384933,2.894089745321679
frame_Zu_1317.7_1317.94,36.38325621012993,0.0,0.7762665114539494,410.38644360354743,348.7362904658531,61.65015313769436,12.346446780064667,8.713146362500751,3.633300417563916
frame_lia_1317.94_1318.17,33.19081276443852,0.0,-0.4965695740970928,412.4008874740253,349.7208075217826,62.68007995224269,8.05326133532759,4.2035923025158155,3.849669032811775
frame_gos_1318.17_1318.51,33.93760882035224,0.0,1.253331100842012,412.48613343809467,341.18829036086834,71.29784307722633,22.383550491902923,11.886607323856765,10.496943168046158
frame_ta_1318.51_1318.61,39.29396304774312,0.0,-0.7847859845653398,407.1290803089967,357.4696498612288,49.65943044776793,5.242810736901575,1.8968898109277035,3.3459209259738714
frame_du_1318.61_1318.72,41.9265385742424,0.0,-0.4664640034810099,410.3784050413912,360.72585767888097,49.652547362510234,2.6552881829095725,0.6166939451802591,2.0385942377293134
frame_Ra_1318.72_1318.89,40.17647930419352,0.0,-0.26249829236052863,409.1728832403044,353.96479711169013,55.208086128614184,5.537587991323889,1.1852762604830502,4.352311730840839
frame_pajs_1318.89_1319.31,41.85031331999605,0.0,0.7820770920443435,413.8591663685639,335.06716464398266,78.79200172458121,50.780190757623,9.886677424289473,40.89351333333352
frame_ujs_1319.31_1319.42,34.19780087182603,0.0,-0.6045451718067677,402.38807210676566,351.3664994540814,51.021572652684256,9.57311903154492,4.113253386362416,5.459865645182504
frame_dojs_1319.42_1319.67,45.920982041121135,0.0,0.3838326496307581,408.9147479055855,348.0598842320675,60.854863673518025,3.72091972820445,2.534786033614722,1.1861336945897278
frame_si_1319.67_1319.91,44.38010887933923,0.0,0.44403052877022586,409.7918790263239,349.0763495822363,60.71552944408762,9.881795804066087,5.051234103080503,4.830561700985584
frame_a~_1319.91_1320.01,52.36725444341765,0.0,-0.11324239353350142,407.8483007565884,358.193553623243,49.65474713334538,2.143014081878718,0.8868288557345636,1.2561852261441544
frame_ma~w~_1320.01_1320.18,37.92137365012171,0.0,-0.8258109564449159,412.05070263628903,354.5090254319335,57.54167720435555,8.332760844933546,3.7956279067510366,4.537132938182509
frame_e~_1320.18_1320.26,24.06195681003743,0.0,-0.24220195325716973,395.8109541873544,350.7358866427075,45.07506754464691,26.532216514576135,16.3452846807846,10.186931833791533
frame_ta~w~_1320.26_1320.63,15.462656576680374,0.0,-0.5204244294842038,412.85864341062717,338.20261778366796,74.6560256269592,28.92693363796056,19.989406948257326,8.937526689703233
frame_pa_1320.63_1320.82,36.64114891549073,0.0,-0.5758709076843653,413.2467370250607,355.1363448797671,58.1103921452937,60.36854837138244,13.454616837495692,46.913931533886746
frame_ra_1320.82_1320.89,0.09121676651119515,0.06999999999993634,-0.7847859845629647,393.02358712853015,347.18925444624534,45.83433268228481,30.275959961488866,11.47105691963904,18.804903041849826
frame_ki_1320.96_1321.09,37.37826868969486,0.0,-0.18303620647544533,409.7691867796024,360.02730475885977,49.74188202074265,13.600203177045856,6.419098916220847,7.181104260825009
frame_ki_1321.09_1321.21,33.60468633793789,0.0,-0.18303620647544533,393.3701495861829,342.65194686630423,50.71820271987866,22.067693377785076,12.79912115008031,9.268572227704766
frame_vo_1321.21_1321.33,43.841335486126525,0.0,-0.6595654918180018,410.32477740448167,358.5915325479315,51.73324485655024,8.666280398218106,4.05233446634692,4.613945931871186
frame_se_1321.33_1321.39,40.87433487540383,0.0,-0.7772159670387974,409.00176660349575,361.5966017795442,47.405164823951566,15.01993474811178,10.913604975560673,4.106329772551106
frame_vaj_1321.39_1321.57,51.499211394949114,0.0,-0.36695583080339095,411.0773166998127,352.94233876146933,58.134977938343354,10.3570768892764,2.3421387684122124,8.014938120864187
frame_i~_1321.57_1321.63,92.45364252401745,0.0,-0.21824011577818506,400.58906902062427,355.0261282871868,45.56294073343747,1.134857043305935,0.8162930398792199,0.3185640034267152
frame_pe_1321.63_1321.89,60.621529103007035,0.0,1.1931515680021014,411.07075899562705,348.7553809527364,62.31537804289064,43.72554909452204,13.64050045019124,30.085048644330797
frame_dZiX_1321.89_1322.23,63.506397067047615,1.7899999999999636,1.3846306316351684,407.1881864326249,336.54342199582686,70.64476443679803,39.920542435819755,13.570344512742182,26.350197923077573
frame_e~_1324.02_1324.05,39.56399406812298,0.0,-1.1172809282046323,378.5572252812766,336.77012092180354,41.78710435947306,5.62518526693259,2.9543284217726864,2.6708568451599035
frame_ta~w~_1324.05_1324.28,15.022125526053486,0.0,-0.316833411506538,425.56112713403036,361.05380220551956,64.50732492851085,11.230735541245167,4.8531388173344965,6.377596723910671
frame_mew_1324.28_1324.45,14.645871307000874,0.0,-0.7772159670437753,415.3786719607254,357.35197785970115,58.02669410102425,8.613133291264788,5.338946558970491,3.2741867322942966
frame_a_1324.45_1324.6,23.217841504869185,0.0,0.3642469382800196,412.8395404300617,358.12980390297196,54.709736527089774,8.379256275159008,4.364291679083337,4.0149645960756715
frame_vo_1324.6_1325.0,18.201710241518043,0.39000000000010004,2.9923280032566124,410.82132196341206,335.00358698456705,75.81773497884507,99.92376652173681,80.58546546048728,19.338301061249524
frame_kwa~_1325.39_1325.62,29.222077879491707,0.0,-0.011446884545825842,413.516518063792,350.8952943206575,62.62122374313452,7.287888651062531,2.211231877417106,5.076656773645425
frame_du_1325.62_1325.79,29.334776868469163,0.0,0.9143476797765676,411.68984760230865,355.5514285275632,56.13841907474546,14.135004724199021,6.010170261373958,8.124834462825063
frame_viw_1325.79_1326.2,24.89024051276212,0.2899999999999636,0.44403052876784954,413.8498530804378,336.4702247502813,77.37962833015649,89.51928654488248,36.56392557318384,52.95536097169863
frame_a_1326.49_1326.94,41.795796453755216,0.0,3.4979730914993863,408.4178527971953,327.8529783879125,80.56487440928277,46.131588959970756,19.092237157496925,27.03935180247383
frame_si_1326.94_1327.26,41.4030714148643,0.0,0.8620750189324224,415.65282244001446,345.3770614857542,70.27576095426025,57.74229623836551,30.913418318275745,26.828877920089766
frame_tu_1327.26_1327.36,7.8942417000065745,0.0,-0.6045451718067677,417.12539239663374,366.4589469921277,50.666445404505964,9.830849536524923,4.246061869912793,5.584787666612129
frame_a_1327.36_1327.48,35.91259183153471,0.0,0.05087432296093301,408.78081570442635,360.1032908237112,48.67752488071517,68.68033663344727,35.42197880556169,33.25835782788557
frame_sa~w~_1327.48_1327.85,19.56383546977581,0.0,-0.21503790251886243,425.8390434264543,348.3332636036664,77.50577982278782,67.73587973120674,17.354663787165862,50.381215944040875
frame_e_1327.85_1327.88,14.818813664813618,0.0,-0.7772159670387974,388.3127150098336,345.35029566016044,42.962419349673155,2.8499923613958913,1.614735367161046,1.2352569942348453
frame_li_1327.88_1327.96,65.23291543811968,0.0,-0.2875473290159945,391.2892003332898,346.34208521348063,44.947115119809155,3.494973996365445,2.3495583020329747,1.1454156943324705
frame_ko~_1327.96_1328.15,1.8811147768254983,0.0,-0.22030055478216004,412.7660555254104,354.5747502001975,58.19130532521291,7.232511493146859,5.144290353887996,2.088221139258863
frame_se~_1328.15_1328.21,64.69583780901951,0.0,-1.1172809282046323,392.71793228490026,347.9919796774262,44.725952607474085,6.380888514166436,1.8015569989420896,4.579331515224347
frame_tSiw_1328.21_1328.37,24.116847053943573,0.10000000000013642,-0.4965695740970928,412.0372159175636,357.2188174254237,54.81839849213992,57.577784542065714,18.571443676686656,39.00634086537906
frame_u_1328.47_1328.56,26.259902513769035,0.0,0.22394183814777885,399.9655980058975,352.1361432563456,47.82945474955193,5.350586626874602,2.8168388201595462,2.5337478067150556
frame_ka_1328.56_1328.71,22.99159775148317,0.0,-0.36695583080339095,412.64453257396,358.1426473626744,54.50188521128564,10.007603947294413,6.160904080311184,3.8466998669832293
frame_za_1328.71_1328.87,27.89296495707481,0.0,-0.47141336924387817,412.65654079752073,357.2464746431895,55.41006615433122,23.778081893757488,16.17292874671216,7.605153147045328
frame_me~_1328.87_1329.13,43.7861326399954,0.0,0.6328770216942723,411.1319168166277,347.8132258711397,63.318690945488015,9.890810929472394,3.4273326645508746,6.46347826492152
frame_tu_1329.13_1329.39,78.61846536480651,0.5799999999999272,0.6381853431281918,394.4397360910497,332.24325987508024,62.19647621596948,2.817123807638211,1.347242204364555,1.469881603273656
frame_na~w~_1329.97_1330.2,8.377947777715605,0.0,0.19214413343183986,414.9137415086643,352.5975560283101,62.31618548035419,20.736839223200036,8.01746225042848,12.719376972771556
frame_sej_1330.2_1330.48,2.235033822580135,0.0,0.9742218418864459,418.23001301098174,350.8233185774612,67.40669443352056,133.21938688054655,35.32660406156555,97.89278281898099
frame_si_1330.48_1330.72,67.6215229860698,0.0,0.8620750189324224,414.62669134181306,351.507413008382,63.119278333431055,100.06168337042882,72.69422371272336,27.36745965770546
frame_poX_1330.72_1331.15,28.574408786214676,0.0,-0.31176611133508186,415.9310665297391,337.8993319495596,78.03173458017949,64.91309248618563,43.863724097162205,21.049368389023428
frame_i_1331.15_1331.18,14.95757876509299,0.0,-0.4965695740970928,379.19043410371324,336.39530991176775,42.79512419194549,4.371564579249565,1.8015483241761103,2.5700162550734547
frame_su_1331.18_1331.4,19.524299586815545,0.0,0.500104174802434,427.054031462115,363.896594796736,63.15743666537901,7.072345547112903,2.942141159212241,4.130204387900662
frame_ow_1331.4_1331.57,0.7059467124533967,0.0,0.557732339872218,414.07772476968523,359.0022697829756,55.075454986709644,19.03483199701506,8.988181298688403,10.046650698326658
frame_si~p_1331.57_1331.83,31.27461324092181,0.0,-0.2182401157818707,417.91237995117547,352.1670898528281,65.74529009834737,59.34293250063729,14.729610427308302,44.61332207332899
frame_lez_1331.83_1331.94,36.25408718920423,0.0,-0.7772159670387974,418.77194138999374,366.12604853727544,52.645892852718305,10.50472489103663,2.638677860720179,7.866047030316452
frame_me~_1331.94_1332.2,22.65271301369401,0.0,0.8078928166837648,415.2227654887248,351.99169905576906,63.23106643295574,83.91405636897984,50.03659387491231,33.87746249406753
frame_tSi_1332.2_1332.32,81.43244784573223,0.0,-0.0785250839348962,397.63630033889655,348.17804217063656,49.45825816825999,9.447279244669858,7.2037561670690735,2.243523077600784
frame_pa_1332.32_1332.43,34.18035123834848,0.0,-0.889243523005827,413.97222275942727,362.4669822143632,51.505240545064055,2.9536594904158164,0.7454851916255762,2.20817429879024
frame_ra_1332.43_1332.49,37.82093793760541,0.0,-0.889243523005827,420.52988523490376,372.6804714059374,47.84941382896636,5.525973436834477,3.0977392337154157,2.428234203119061
frame_e_1332.49_1332.52,35.704145256010506,0.0,-0.7772159670437753,393.8419236944127,349.51256881290755,44.32935488150514,3.5774164318083166,2.2047758958910038,1.3726405359173128
frame_vi_1332.52_1332.7,69.28649888559829,0.0,0.44403052877022586,407.7921943714772,354.20982180786234,53.582372563614854,69.21598304149812,45.508492111810185,23.707490929687935
frame_taX_1332.7_1332.94,12.957464735045022,0.0,0.25978939984190746,414.3253505859953,350.2345540380974,64.09079654789792,29.87745583490883,13.257721465477601,16.619734369431228
frame_u~_1332.94_1333.49,83.39277487608497,0.20000000000004547,3.1309827189438058,410.6699223023929,319.23165693819686,91.43826536419604,31.47542808324264,16.12449773692539,15.350930346317249
frame_SO_1333.69_1333.98,10.419425547666407,0.0,1.6815146033315793,416.71228509100416,350.8594966895634,65.85278840144076,13.554928031245737,4.0898935276808,9.465034503564937
frame_ki_1333.98_1334.33,53.54364986200146,0.75,1.9071862443379142,410.05886382004263,341.4501463565485,68.60871746349414,10.840172343362497,5.426804797116176,5.41336754624632
frame_dZi_1335.08_1335.23,55.28812305422508,0.0,-0.0785250839348962,406.6607222675343,353.2117455781501,53.44897668938421,3.4956126070386375,1.4332116474784726,2.062400959560165
frame_so~s_1335.23_1335.42,33.16239100313078,0.9299999999998363,0.0,416.8283220672138,357.7255307986429,59.10279126857091,1.4353035985753024,0.9864827960878841,0.4488208024874183
frame_fi_1336.35_1336.48,100.02947175118206,0.0,-0.4965695740970928,409.0534352110598,356.17977802602286,52.87365718503696,5.397952197286365,2.690139377398836,2.707812819887529
frame_ka_1336.48_1336.6,63.925072368499926,0.0,-0.47141336924387817,410.89439539207723,359.1101739288885,51.784221463188715,13.860721412354565,9.927235349684835,3.933486062669729
frame_ri_1336.6_1336.72,58.58389876965896,0.0,0.025986038605652958,411.23767664042555,359.5729578489281,51.66471879149742,5.013540141725059,1.8643506682313244,3.1491894734937347
frame_a_1336.72_1336.75,57.499399378379934,0.0,-0.889243523005827,397.9026674933484,353.1929872799459,44.70968021340252,1.7519590067004174,1.0518800138702602,0.7000789928301572
frame_muj~_1336.75_1336.9,42.65035268195395,0.0,-0.4664640034810099,413.3542744321506,359.01083482696623,54.34343960518436,18.243604838867512,13.176169588296645,5.067435250570867
frame_tu_1336.9_1337.02,54.590654456474326,0.0,-0.3283828351552522,414.7543385707077,362.13362594902503,52.620712621682685,23.309991273914008,14.826426854350174,8.483564419563834
frame_de_1337.02_1337.08,64.48445090748794,0.0,-0.7772159670437753,402.92284500142256,356.77747817242533,46.145366828997226,1.9168914852291437,1.328091479085714,0.5888000061434298
frame_za_1337.08_1337.26,58.18771509913499,0.0,-0.053583215481929285,413.4711991280327,354.96132929850603,58.509869829526735,12.498212891028473,7.427972045234043,5.07024084579443
frame_gra_1337.26_1337.45,62.314309900747276,0.0,-0.0535832154795542,411.51927645022056,352.99667977827323,58.522596671947326,7.623407809274198,3.8144627303524032,3.808945078921795
frame_da_1337.45_1337.68,38.44993258457296,0.0,0.25978939984190746,415.39106629810937,352.58156972340174,62.80949657470762,33.13563742406106,14.553199427486192,18.582437996574868
frame_vew_1337.68_1337.78,65.52939958898197,0.0,-0.7772159670437753,412.52774574947586,361.85894123117544,50.66880451830042,4.797602859945869,1.4142117312143512,3.3833911287315175
frame_mi~_1337.78_1337.88,64.1578923572618,0.0,-0.7045261828910278,412.63026265856206,362.5821261616744,50.04813649688771,1.0822186264364575,0.4566358511195432,0.6255827753169143
frame_Ja_1337.88_1337.95,64.0184053824443,0.0,-0.889243523005827,411.380575802407,363.73980438412417,47.64077141828284,4.184852800952726,1.5528035129025426,2.632049288050183
frame_ma~j~_1337.95_1338.2,57.881139117624244,0.0,-0.8258109564472305,413.02650002491293,348.3052820275519,64.72121799736101,6.740369912091154,2.88473762168492,3.855632290406234
frame_a_1338.2_1338.25,66.18438871662443,0.0,-0.6803284461248525,389.76927293018383,346.7248332650053,43.044439665178515,28.180379663631655,10.161171898916464,18.01920776471519
frame_si~_1338.25_1338.5,62.95913188332935,0.0,0.26804595133097203,410.62358944196615,346.94573050201643,63.677858939949715,6.85874210187616,4.887406036403291,1.9713360654728689
frame_naX_1338.5_1338.84,74.24791454105282,0.36000000000012733,0.5731620151633691,409.75779573915867,338.5695397369742,71.18825600218446,39.32537715300445,11.647375616434545,27.67800153656991
frame_Zu_1339.2_1339.47,10.315459236534068,0.0,0.7762665114539494,414.2826190499855,348.372697764134,65.90992128585151,20.412251519004144,9.16172288177087,11.250528637233273
frame_lia_1339.47_1339.68,22.9258057606457,0.08999999999991815,-0.3920584515565436,409.59506575818057,351.8435904179697,57.7514753402109,54.91825447919162,12.65515764947527,42.263096829716346
frame_aw_1339.77_1340.05,12.624025733216612,0.0,0.7820770920443435,415.62492603654243,350.2733231976182,65.3516028389243,22.468190787647032,9.375470549006621,13.09272023864041
frame_vis_1340.05_1340.39,30.015652786847525,0.09999999999990905,-0.18303620647306904,405.40375295233514,336.0312450001345,69.37250795220064,6.536994596723886,3.7329317074519253,2.804062889271961
frame_Sa_1340.49_1340.83,7.461514870583386,0.0,0.6776195536014812,412.5726642734063,342.0009660084117,70.57169826499461,24.099047605586023,7.584923076281129,16.514124529304894
frame_vis_1340.83_1341.19,28.184016465912904,0.6399999999998727,-0.18303620647544533,403.3977436812575,332.64078084705886,70.75696283419865,7.586938381837086,3.4188878326381342,4.168050549198952
frame_e~_1341.83_1341.91,16.711552352439412,0.0,-0.24220195325319033,394.8837839969665,349.4920401736586,45.39174382330788,25.325061877678138,15.604636303424641,9.720425574253497
frame_ta~w~_1341.91_1342.19,9.589123955860074,0.0,-0.3168334115088526,414.02170274547944,347.56263635595843,66.45906638952101,6.243477514812227,3.4851930094843198,2.7582845053279073
frame_mi~_1342.19_1342.25,6.776096432017752,0.0,-0.7045261828947134,412.81455080939776,365.1218022298172,47.69274857958055,0.4573964671197359,0.3144335979409192,0.14296286917881673
frame_Ja_1342.25_1342.32,9.56824767374674,0.0,-0.7847859845653398,418.4616476653456,369.82341070975843,48.63823695558716,1.4348072253533388,0.9570800344126269,0.4777271909407119
frame_ma~j~_1342.32_1342.47,13.399657028160902,0.0,-0.8258109564472305,415.45716424838514,359.09448162761373,56.36268262077141,4.33469358010376,2.5040496566006567,1.8306439235031036
frame_a_1342.47_1342.64,10.326794915644626,0.0,0.5731620151633691,411.13885730799007,356.5959861355751,54.54287117241489,6.772601278425753,2.877527711524351,3.8950735669014023
frame_si~_1342.64_1342.89,40.490950517441334,0.0,0.10595059563037675,414.9880168077469,351.1842518925838,63.80376491516307,55.78451677248104,26.151652029090044,29.632864743390996
frame_na_1342.89_1342.98,25.73447952900861,0.0,-0.889243523005827,413.4139364145838,364.0408281926257,49.37310822195809,4.394569363439146,1.0242790468322198,3.3702903166069262
frame_es_1342.98_1343.11,26.023458999816455,0.0,-0.5582862409281198,398.17716144868655,347.48990033700045,50.6872611116861,3.2067406546576507,1.4152971170096151,1.7914435376480355
frame_klu_1343.11_1343.28,12.91965151405563,0.0,-0.05222049850373666,414.742931267567,357.66050424157424,57.082427025992786,4.985041004070183,1.8235788199782093,3.161462184091974
frame_zi_1343.28_1343.42,0.9753022170826853,0.0,-0.2875473290136182,414.94710550711216,360.4729049489382,54.47420055817395,12.860603752570185,7.257998013574266,5.602605738995919
frame_va_1343.42_1343.56,9.658625536791035,0.0,-0.7847859845653398,414.50096272890346,359.05253672471235,55.448426004191106,12.68506440408332,6.807907509890725,5.877156894192595
frame_me~_1343.56_1343.81,3.312930573809453,0.0,0.6328770216902929,410.99604303510495,348.91701911732713,62.07902391777782,99.81687750957106,75.2143139327136,24.602563576857463
frame_tSi_1343.81_1343.98,24.44643693846922,0.0,-0.0785250839348962,409.22735812102803,353.4524962186533,55.77486190237471,6.847202789392611,2.0234805637214777,4.823722225671133
frame_Zu_1343.98_1344.18,18.144657563016622,0.0,0.9143476797797072,414.1873905255232,354.0512917771977,60.13609874832548,4.249233648872064,2.773202243052012,1.476031405820052
frame_lia_1344.18_1344.31,19.520674845427678,0.0,-0.4965695740970928,408.23337077979704,357.57175059603554,50.6616201837615,5.897234047695392,3.087844765268912,2.80938928242648
frame_Sa_1344.31_1344.61,52.07782321531707,0.0,0.05087432295855793,406.6608351868583,341.1078101094628,65.55302507739555,39.90527918062144,18.44971582122116,21.45556335940028
frame_vis_1344.61_1344.98,68.52556928072423,1.0499999999999545,0.1304971611462021,390.29996300326854,319.6742530458837,70.62570995738491,4.088327298271459,1.5102486839069371,2.5780786143645216
frame_da_1346.03_1346.23,43.24800450752464,0.0,0.5731620151633691,412.16720755866186,352.3607896213747,59.806417937287165,5.199808302968648,3.564769187465714,1.6350391155029342
frame_i_1346.23_1346.26,38.09004149005973,0.0,-0.4965695740970928,400.1444141775832,354.9853138936797,45.15910028390351,2.2693348880684994,1.496099110313267,0.7732357777552323
frame_mew_1346.26_1346.69,29.363938942368776,0.0,-0.7772159670437753,417.7612971988797,335.9340486464002,81.82724855247949,21.0762978017641,11.35287216491021,9.72342563685389
frame_a_1346.69_1346.88,28.85168957680321,0.0,0.7820770920443435,417.02433052630795,357.633137317718,59.391193208589925,25.198325547147732,11.378460652719767,13.819864894427965
frame_vo_1346.88_1347.0,8.936619415524348,0.0,-0.8334651820594619,418.9921288578057,365.6764896490775,53.315639208728214,28.840818868690604,12.024986778576647,16.815832090113958
frame_Za_1347.0_1347.31,21.875845192844324,0.0,1.7221949380087285,418.3655568322371,347.8288096257833,70.53674720645375,61.193710287848674,36.63450393381193,24.559206354036746
frame_majs_1347.31_1347.58,29.044446280755608,0.0,-0.1580407539224165,414.974712121261,350.28672398901796,64.68798813224305,33.981724821671904,23.797419904233607,10.184304917438297
frame_si_1347.58_1347.66,22.98319628418706,0.0,-0.2875473290136182,402.30664376615255,355.9958226756098,46.31082109054273,6.401023440304115,2.6421941050452347,3.7588293352588806
frame_ko~_1347.66_1347.83,32.71902745441348,0.0,-0.34773899230577476,411.45717658225146,356.70105541142914,54.75612117082227,8.139061558978938,4.094973365071851,4.044088193907086
frame_foR_1347.83_1348.05,24.16302182088444,0.0,-0.8334651820594619,415.2493216877822,353.47310177711336,61.77621991066883,16.290429246807733,7.93398400134015,8.356445245467583
frame_mow_1348.05_1348.2,49.645254457078735,0.0,-0.4856658015725879,411.0336279322148,358.28099838008575,52.752629552129065,51.39134058220464,20.030834572111516,31.360506010093125
frame_ko~_1348.2_1348.43,36.171386154127035,0.0,-0.09286211726144294,419.71339414084946,356.02427315469674,63.68912098615277,33.19178415820295,21.14820515426561,12.043579003937339
frame_i_1348.43_1348.54,48.72788065610335,0.0,0.3395194062273004,407.55132735561335,357.5725663941546,49.97876096145876,1.0806033413110896,0.4992936238563317,0.5813097174547579
frame_su_1348.54_1348.66,65.5876988839836,0.0,-0.4664640034778703,408.94004357251913,357.11282533477913,51.82721823774,41.87237717328556,23.411594549202576,18.46078262408298
frame_muj~_1348.66_1348.81,43.56460665644842,0.0,-0.6045451718067677,410.2996186088821,357.90676393898985,52.392854669892245,3.5259162054550757,0.7876432490923406,2.738272956362735
frame_tu_1348.81_1348.95,36.77253183807028,0.0,-0.4664640034810099,414.75701582483936,360.0057800633302,54.75123576150918,22.687338507470585,13.19677651342667,9.490561994043915
frame_e~_1348.95_1348.98,46.282981221175135,0.0,-1.1172809282046323,389.2409511570745,345.5663688358127,43.67458232126182,3.2480975551366953,2.578380764449747,0.6697167906869481
frame_bO_1348.98_1349.14,35.588852150690315,0.0,-0.623787675426577,413.78787127855117,358.9522905156946,54.83558076285658,5.7915478127828095,2.3422581225363928,3.4492896902464167
frame_ra_1349.14_1349.25,32.651642049734164,0.0,-0.36695583080339095,410.00776779834837,360.57335137693633,49.434416421412095,18.377037500182553,14.151839321106706,4.225198179075846
frame_te~_1349.25_1349.4,40.262998261932594,0.0,-0.767249338221668,415.7833224950335,358.92830633207535,56.85501616295812,4.54663356522434,3.5936819129615714,0.9529516522627688
frame_Ja_1349.4_1349.72,45.95986546943922,0.0,-0.0535832154795542,411.9938621566512,343.5220361533108,68.47182600334037,8.304981325396696,3.6140643714565215,4.6909169539401745
frame_fa_1349.72_1349.89,47.47035016818954,0.0,-0.47141336924150307,413.1667560575346,355.85072367881367,57.31603237872099,7.692095719913937,1.9579666654375671,5.7341290544763694
frame_le_1349.89_1350.0,46.62762092341322,0.0,-0.3393565148124644,410.4913963523135,361.3781410290957,49.11325532321774,0.4585016824000405,0.3199951683791653,0.13850651402087522
frame_si_1350.0_1350.2,43.30919501445523,0.0,-0.3920584515565436,415.3961119919643,353.9985629148768,61.39754907708749,6.07839203487957,3.2606865963579423,2.817705438521628
frame_du_1350.2_1350.26,48.58322716972219,0.0,-0.6045451718067677,410.090106097127,364.7937238804427,45.296382216684265,1.516421107470677,0.9418036981943061,0.574617409276371
frame_a_1350.26_1350.39,78.77399069257206,0.2799999999999727,0.15533186140142022,391.3933433205148,342.03724097281906,49.35610234769575,39.00554639565182,30.07384540222798,8.931700993423838
frame_ko~_1350.67_1350.79,33.24089125591222,0.0,-0.730054304867926,405.7167680199331,357.2395680308446,48.47719998908849,5.083104534967859,3.6836457641156386,1.3994587708522204
frame_kwa_1350.79_1351.07,25.414537225611966,0.0,0.05087432295855793,413.8170571497847,346.35160916135453,67.46544798843018,11.033610598640095,3.0388991213268355,7.99471147731326
frame_zi_1351.07_1351.18,27.827859821788252,0.0,-0.3920584515565436,413.3509719691031,361.5635126983524,51.78745927075073,18.026578975374832,11.549465700042504,6.477113275332329
frame_oj_1351.18_1351.26,31.82551684147313,0.0,-0.8334651820594619,396.3474324265931,349.4092750225483,46.93815740404483,2.8204802001769593,1.2604414295110047,1.5600387706659546
frame_te~_1351.26_1351.49,29.72710159126565,0.0,0.9829086116732574,411.18539159494446,352.0973059137708,59.08808568117365,9.104765503744403,4.408708698266693,4.69605680547771
frame_ta_1351.49_1351.64,25.166401282681008,0.0,-0.8892435230034519,414.621794628517,358.25390146138636,56.36789316713066,4.145339388263835,2.202673689664209,1.942665698599626
frame_a~_1351.64_1351.72,18.559292295845168,0.0,-0.3168334115088526,411.8793431597842,363.71116602228005,48.16817713750413,1.3854241764107513,0.9148352592247875,0.47058891718596385
frame_nus_1351.72_1351.84,15.785929703509368,0.0,-0.6045451718067677,413.639150060103,361.64571014944954,51.99343991065348,9.182784683424558,4.407527258514378,4.77525742491018
frame_e_1351.84_1351.88,14.280502031984199,0.0,-0.5582862409231419,406.21711185453677,361.5401751944186,44.676936660118145,0.7431051232680943,0.3619108127819146,0.3811943104861797
frame_li_1351.88_1352.23,22.350317552035776,0.0,1.8026751217973649,414.4829559350613,340.9027315650932,73.58022436996811,16.184348972532334,6.930640759113189,9.253708213419145
frame_dZi_1352.23_1352.31,25.133469287891998,0.0,-0.2875473290159945,394.90752818227855,352.2449464421935,42.662581740085045,1.1398452123778213,0.6585552670154016,0.48128994536241976
frame_zi_1352.31_1352.52,33.41834871640009,0.0,0.025986038605652958,414.28427709991604,352.36773612113063,61.916540978785406,54.74765742802141,12.486154646494299,42.26150278152711
frame_a_1352.52_1352.55,48.26027237012258,0.0,-0.889243523005827,385.4405385046044,341.7004961920797,43.74004231252468,3.806723712310344,2.47835993679287,1.3283637755174738
frame_vo_1352.55_1352.69,27.055492599028625,0.0,-0.4856658015765419,406.80907248961597,354.84893577919047,51.9601367104255,5.122046988534748,3.565789055664652,1.5562579328700963
frame_sejs_1352.69_1352.83,15.61149651046776,0.0,0.0,414.9759478245361,360.06902406918334,54.90692375535275,1.1772719547258816,0.7260566550798302,0.45121529964605145
frame_de_1352.83_1352.87,95.63924714484602,0.0,-0.5582862409281198,408.4187844596974,364.2072768450915,44.21150761460592,1.0664204527757875,0.5809212463223048,0.48549920645348266
frame_vi_1352.87_1353.52,23.549259955534637,0.0,0.31743266353450184,417.4494008264535,315.4909725679986,101.95842825845486,61.627505471089734,16.204286756225073,45.42321871486466
frame_a~w~_1353.52_1353.66,21.587482214933843,0.0,-0.6222199384718793,413.07268247562956,359.0272702073207,54.04541226830878,9.305901076768322,6.726993348914036,2.5789077278542862
frame_a_1353.66_1353.74,55.284012361759665,0.0,-0.36695583080339095,405.4141512051644,357.9648088793104,47.44934232585399,38.200980901105446,22.70916704226812,15.491813858837325
frame_si~_1353.74_1353.91,14.729295380022592,0.0,-0.380335471482466,415.1498554634301,357.7419946430457,57.40786082038437,9.680744458202469,4.976898583783907,4.703845874418562
frame_naX_1353.91_1354.14,29.78403033373911,0.0,0.25978939983953236,410.82988456725616,348.76297974098975,62.06690482626641,11.330233391361148,6.442982178189354,4.887251213171794
frame_aw_1354.14_1354.44,34.271901095823296,0.0,0.7820770920419684,408.943465994541,341.74282120785006,67.20064478669093,8.364370565566617,3.67623458621361,4.688135979353007
frame_vis_1354.44_1354.79,65.89205384149906,0.6000000000001364,-0.4965695740970928,393.1267892360169,321.9466560547093,71.18013318130761,10.477477525471294,5.415866606874083,5.061610918597211
frame_i_1355.39_1355.53,114.45910412374354,0.5099999999999909,0.6530527738489479,392.3583988368921,341.5387333720695,50.819665464822606,5.656802915340577,3.188143690971991,2.4686592243685865
frame_ew_1356.04_1356.27,8.624977852375238,0.0,2.506729924696034,417.08042404340057,353.14200019266525,63.93842385073532,20.01923596179573,8.619913485994758,11.399322475800972
frame_e~_1356.27_1356.35,7.454944469888602,0.0,-0.24220195325716973,402.3026462371316,354.5969099176429,47.70573631948872,3.650140185344952,2.0348888137667416,1.6152513715782106
frame_ta~w~_1356.35_1356.62,10.26679729215887,0.0,-0.011446884545825842,415.824293094265,351.30818524716227,64.51610784710272,15.10067871927427,4.701789468015775,10.398889251258495
frame_poX_1356.62_1356.84,12.642814155720004,0.0,-0.8334651820594619,414.79193138183786,353.5413649983166,61.25056638352123,7.616779839693692,3.989300001280043,3.627479838413649
frame_trO_1356.84_1357.11,17.693845256411535,0.0,-0.2691257863908927,414.4825684228511,348.9004542458542,65.58211417699692,8.799905931493612,2.892750867178151,5.907155064315461
frame_sa_1357.11_1357.29,2.637894535534656,0.0,-0.7847859845653398,410.10231442170635,354.62199091569425,55.4803235060121,13.590026797426347,7.6804366044502785,5.909590192976069
frame_kos_1357.29_1357.51,1.991730992674519,0.0,-0.8334651820594619,410.2045291141902,350.9659473696788,59.23858174451141,12.84427942634575,6.512357426254226,6.331922000091524
frame_tu~_1357.51_1357.6,4.591128141710158,0.0,-0.4977610082332655,415.4192389453023,365.5646206130164,49.854618332285895,5.010231072633189,2.7363646846161487,2.2738663880170407
frame_mu_1357.6_1357.71,1.0632884115255195,0.0,-0.3283828351552522,411.22042030680075,360.5573911853094,50.66302912149132,4.134813070045723,2.1571370393654092,1.977676030680314
frame_dZi_1357.71_1357.81,28.077138011501418,0.0,-0.2875473290159945,410.6339180684292,360.78000290097174,49.853915167457444,14.190740883110593,9.766624296035616,4.424116587074977
frame_zeX_1357.81_1358.01,36.84010936456224,0.0,0.0985029374188464,412.00441659065973,354.8903664159336,57.11405017472612,7.794299634928848,3.319917052395496,4.474382582533352
frame_ki_1358.01_1358.12,34.96299143249142,0.0,-0.4965695740970928,414.45554860796176,362.9124292779353,51.5431193300264,4.69922005820365,1.3410291922776594,3.358190865925991
frame_ew_1358.12_1358.18,3.2119635546417555,0.0,-0.7772159670387974,395.12893173152406,349.82614632034233,45.302785411181674,9.153563559154762,4.3817785510582326,4.771785008096529
frame_sow_1358.18_1358.36,32.5964657548208,0.0,-0.4856658015765419,410.1118992548604,353.3786991523744,56.73320010248602,53.594898923705216,9.376627016992387,44.21827190671283
frame_u~_1358.36_1358.41,26.010391066203283,0.0,-0.4977610082316154,390.9417324617746,346.4874949963189,44.45423746545572,0.856625363856935,0.1884341342875615,0.6681912295693735
frame_ka_1358.41_1358.59,24.85298589845796,0.0,-0.36695583080339095,410.33385893724846,356.0376990009678,54.29615993628062,16.903094094186102,8.47767540936961,8.425418684816492
frame_va_1358.59_1358.78,29.106542612971154,0.0,0.15533186139904515,416.1816245540689,356.02956016610653,60.152064387962355,14.553901038087687,10.507239290560761,4.046661747526926
frame_Lej_1358.78_1358.93,9.003560617819943,0.0,0.5363623896551352,415.779308644144,360.7931750035086,54.98613364063539,35.80239676856897,20.94651025871167,14.8558865098573
frame_ru_1358.93_1359.01,10.197732733281242,0.0,-0.3283828351552522,402.36763783730333,356.00695070840845,46.36068712889488,12.568898280716951,8.733176203672002,3.8357220770449487
frame_poX_1359.01_1359.19,26.76705397341206,0.0,-0.8334651820555078,411.61760277448695,356.6370760280124,54.98052674647454,23.52450716317395,14.754929768231136,8.769577394942814
frame_paX_1359.19_1359.49,21.279096201639504,0.0,0.46870447672288185,411.1166416314436,345.7777983430271,65.33884328841651,8.313091896907522,5.671988041191341,2.6411038557161817
frame_tSi_1359.49_1359.6,4.829407563573298,0.0,-0.0785250839348962,413.3552518291225,360.88209187220536,52.473159956917186,16.228729734793475,7.64270608890682,8.586023645886655
frame_dZi_1359.6_1359.67,2.882399298603559,0.0,-0.3920584515565436,413.1073995081494,364.3739196989399,48.733479809209484,1.6220605729189401,0.5391559066548268,1.0829046662641133
frame_ma~j~_1359.67_1360.06,36.35799898944063,0.09000000000014552,-0.5204244294842038,406.2938545594655,335.1917727140048,71.1020818454607,39.194967021259686,23.755911014045978,15.439056007213708
frame_majs_1360.15_1360.32,55.95641693885962,0.0,-0.5758709076843653,409.54783739969406,356.59380243748825,52.95403496220581,10.050563392177224,4.985555869234872,5.065007522942352
frame_sow_1360.32_1360.48,25.115415458883888,0.0,-0.8334651820594619,418.3755881560191,361.6101667766346,56.76542137938446,16.69028024079506,10.515053249543513,6.175226991251549
frame_bi_1360.48_1360.69,10.23280474814311,0.0,0.025986038608029265,418.7165310509628,358.157581251562,60.55894979940075,136.26463861606464,52.18250022524143,84.08213839082323
frame_ku_1360.69_1360.89,20.710720712322313,0.0,-0.4664640034778703,423.7298604846725,362.40652652309893,61.32333396157355,31.210393099070956,13.92554923108952,17.284843867981436
frame_du_1360.89_1361.02,36.79183456092878,0.0,-0.1903016668294944,416.8720475842102,364.6620175060556,52.2100300781546,13.634025086190462,7.348625273621508,6.285399812568954
frame_poX_1361.02_1361.19,41.42079764860134,0.0,-0.8334651820594619,414.5432455088842,360.3854901613899,54.15775534749429,48.73291611761775,25.877170501439082,22.855745616178666
frame_paX_1361.19_1361.47,61.108291571778935,0.0,-0.26249829236052863,413.6750044373737,348.0363045926634,65.63869984471029,133.60132675877517,83.90061122871252,49.700715530062645
frame_tSi_1361.47_1361.58,65.69028623150925,0.0,0.025986038605652958,409.91035422913967,359.4056946060041,50.50465962313558,11.495109671041277,8.200367675448206,3.2947419955930712
frame_dZi_1361.58_1361.67,88.58373855155122,0.0,-0.3920584515565436,408.34143776288704,359.44792206924933,48.89351569363771,39.4948112505672,21.25727302725447,18.237538223312733
frame_paj_1361.67_1362.03,67.15778970215774,0.0,0.05087432296093301,406.8135722044773,337.7190385862166,69.0945336182607,83.29600618766958,37.435404642870736,45.86060154479884
