frame,f0_avgutt_diff_2,p_dur,n_dur,e_range,e_maxavg_diff,e_avgmin_diff,f0_range,f0_maxavg_diff,f0_avgmin_diff
frame_maX_0.51_0.81,101.26911505404705,0.0,-0.8165245881284102,403.68562439754226,356.93365181011717,46.75197258742509,16.3270321394682,9.067631345679104,7.259400793789098
frame_le_0.81_0.88,49.05896280248501,0.0,-0.8804284990518044,381.53003920206345,340.2927395954443,41.23729960661916,15.283927078790299,6.729586279934907,8.554340798855392
frame_ni_0.88_0.94,8.594852446015892,0.29000000000000004,-0.591830861692945,380.5895624353923,339.74179323146484,40.8477692039275,15.317606545375497,11.378668713425071,3.938937831950426
frame_gos_1.23_1.33,71.8734234228466,0.0,-0.6813105687559958,414.7995549866567,370.896988648616,43.902566338040685,4.8635218494399055,1.3499116442171726,3.513610205222733
frame_ta_1.33_1.42,119.4156604717702,0.0,-0.8165245881284088,417.97824867756304,373.1423056242456,44.835943053317465,24.94662880747279,7.509550053949454,17.437078753523338
frame_ri_1.42_1.55,122.83214743026457,0.0,0.2697647648646808,419.8589277551857,373.0344317354886,46.82449601969705,50.036740933717056,13.387497302417216,36.64924363129984
frame_a_1.55_1.6,,0.0,-0.6811569956366303,394.2536336153569,351.72787142053744,42.525762194819436,,,
frame_ki_1.6_1.7,0.640077056359388,0.0,-0.30463231950706865,409.46034652664605,367.7754518491007,41.684894677545344,28.879294391959547,8.925829447365032,19.953464944594515
frame_vo_1.7_1.76,11.010212916663619,0.0,-0.8739373730143152,383.4763432830078,344.18791543860954,39.28842784439826,48.89649780229638,20.743816939063834,28.152680863232547
frame_se_1.76_1.82,173.5304909780098,0.0,-0.8804284990518044,381.7608421128816,341.3352389001108,40.425603212770795,0.36213803420841373,0.20814455246669183,0.1539934817417219
frame_dZi_1.82_1.9,21.5885911515268,0.0,-0.4482315906000092,412.09777631336806,367.5556515642661,44.54212474910196,10.373719903375587,6.35021614894444,4.023503754431147
frame_se_1.9_1.98,40.40124528316062,0.0,-0.4804393314092012,407.6334608808971,365.62440422335106,42.00905665754601,9.998890741394035,6.677306983763714,3.3215837576303215
frame_si_1.98_2.05,139.23432951158236,0.0,-0.5918308616929466,382.7636352831622,343.05378853874356,39.709846744418655,6.584230453831097,3.556947374594003,3.027283079237094
frame_pa_2.05_2.14,173.37407428680527,0.0,-0.9518921806201842,397.50622702627516,352.95490911721794,44.55131790905722,15.712438348483936,7.993295868051376,7.719142480432559
frame_ra_2.14_2.24,36.38866988558655,0.0,-0.4104218106530704,410.1447218271261,365.302085036284,44.842636790842164,6.779535154966595,4.079950610280662,2.6995845446859335
frame_Ze~_2.24_2.57,26.285005464786252,0.0,1.9904454078687246,415.55377511199424,363.74169438740216,51.81208072459208,149.58632220751883,32.901448678863744,116.6848735286551
frame_tSi_2.57_2.7,172.34561707929174,0.0,-0.44823159060000606,378.49611912235855,337.04158380012393,41.45453532223462,0.19300247155513262,0.11912706078400959,0.07387541077112303
frame_tu_2.7_2.87,173.6804243563497,0.0,0.6103828938108522,384.338765629913,340.202588746696,44.13617688321699,17.62568699978158,11.523080354500067,6.1026066452815115
frame_du_2.87_3.0,106.94360508155518,0.0,-0.0635132175777906,417.13733179961207,371.8259140572042,45.311417742407855,23.716550418363965,6.004265384341977,17.71228503402199
frame_u_3.0_3.05,61.60702130805066,0.0,-0.23198724542495505,399.5647708380021,358.43365079508357,41.13112004291855,21.412462650165935,9.220955496099918,12.191507154066016
frame_ki_3.05_3.15,29.54001590053258,0.0,-0.5918308616929466,392.3301567201424,348.9447583848178,43.38539833532457,298.4798880834165,145.72810165419213,152.75178642922435
frame_vo_3.15_3.25,12.55644015249419,0.0,-0.10343015598104226,411.76964165121103,366.84512029038603,44.92452136082494,12.368391910205645,5.958476068739998,6.409915841465647
frame_se_3.25_3.38,23.22750929097245,0.0,-0.8804284990518089,395.33736616518644,352.27894249885355,43.058423666332885,11.526435393821089,6.348396970916838,5.178038422904251
frame_sow_3.38_3.54,29.80930664802173,0.0,-0.8739373730143194,407.2606145643169,361.7265656092406,45.53404895507629,34.40405959775501,15.6533111531634,18.750748444591608
frame_beX_3.54_3.87,28.068453488158156,0.28000000000000025,1.9194956744464138,408.2454243226972,360.8847769007441,47.360647421953104,63.23599814084247,33.67634274681379,29.55965539402868
frame_a_4.15_4.18,5.105352933042752,0.0,-0.9518921806201962,392.26284229462834,350.08718072285825,42.17566157177009,10.95926053719495,8.084739323520665,2.874521213674285
frame_Res_4.18_4.38,0.6570688063289083,0.0,-0.08045016376661127,405.9598317266492,362.37667430843294,43.583157418216274,20.840654788525455,7.605011188666026,13.23564359985943
frame_pej_4.38_4.56,10.545848697561667,0.0,0.31953900387600087,412.2546517233116,367.20843897237637,45.04621275093524,27.993368528122858,16.432460393514987,11.560908134607871
frame_tu_4.56_4.67,4.668913697180756,0.0,-0.400461273272112,402.2393763755268,359.6003025072896,42.639073868237176,28.612752980158405,9.322669778469105,19.2900832016893
frame_dZi_4.67_4.8,45.25550130098841,0.0,-0.017433777321203495,385.73225384546976,343.7929419726956,41.93931187277417,139.91608375452967,51.81953221375298,88.09655154077667
frame_pro_4.8_4.94,4.159486643241166,0.0,-0.4886837644976637,410.76164130210384,365.0787782901349,45.68286301196895,13.14594776893685,4.166683457499744,8.979264311437106
frame_fi_4.94_5.02,4.291629114475967,0.0,-0.591830861692953,382.5780752937478,342.2364753948448,40.34159989890304,29.49857340534112,8.096752504386188,21.40182090095493
frame_so~j~s_5.02_5.18,141.75926503535692,0.5800000000000001,0.0,401.6873442446245,354.96359481539804,46.72374942922647,20.363404829473126,10.342402809424641,10.021002020048485
frame_dZi_5.76_5.87,11.361284193646554,0.0,-0.1610330484141249,414.3326474290254,368.38461690705566,45.94803052196977,25.889029983156348,7.335653588090935,18.553376395065413
frame_o_5.87_5.93,84.87210708249792,0.0,-0.29605696023936584,405.85140928944907,364.1075235019533,41.74388578749574,1.7223029856554035,0.4530266368713285,1.269276348784075
frame_fi_5.93_6.23,69.73118958934168,0.0,0.8441618492364399,408.0713548264587,358.159018051517,49.91233677494165,255.91075801719583,187.7673891870469,68.14336883014894
frame_sius_6.23_6.32,124.73649857151982,0.5800000000000001,0.0,383.82819919054157,343.54506639671104,40.28313279383053,22.188618114990916,11.804307546032575,10.384310568958341
frame_kwajs_6.9_7.12,39.72971141630583,0.0,-0.5457894031448578,413.05498605137905,366.0070114250483,47.047974626330756,36.63411104809157,14.224614587079486,22.409496461012083
frame_ajs_7.12_7.23,23.124783920478052,0.0,-0.9518921806201842,399.3145464838234,360.19800803543524,39.1165384483881,25.407816141401753,13.11314000252267,12.294676138879083
frame_pro_7.23_7.37,20.520233375808004,0.0,0.0891966482772813,414.6300568117488,369.2684008630187,45.36165594873006,28.962606931169034,9.585059188910748,19.377547742258287
frame_fi_7.37_7.43,144.0832750238205,0.0,-0.591830861692953,388.76015523687425,347.5219677659115,41.23818747096277,394.4157053816035,109.00168803087547,285.41401735072805
frame_so~j~s_7.43_7.56,21.42012493840707,0.0,0.0,408.80796049985463,362.7939239479231,46.014036551931554,14.99813633352457,6.6574470208024366,8.340689312722134
frame_ki_7.56_7.84,4.6317201016063905,0.0,-0.258472549818468,413.87788831464496,364.0951060353109,49.78278227933407,34.61949081797488,18.281675422141547,16.33781539583333
frame_vo_7.84_7.95,2.5883854254769574,0.0,0.0891966482772813,412.77044543661367,368.15905490591786,44.611390530695815,8.80992737159437,3.5433622989106937,5.266565072683676
frame_se_7.95_8.1,16.570669361682803,0.0,-0.2804447475878907,411.9072789821479,365.86457160805105,46.042707374096835,18.943104544332073,12.387297670000692,6.555806874331381
frame_a_8.1_8.17,1.1930607930545705,0.0,-0.4104218106530704,410.9954571534357,366.9645780698414,44.0308790835943,3.8414780842742573,2.732120527092974,1.1093575571812835
frame_Sa_8.17_8.28,1.8620061789098656,0.0,-0.6811569956366453,392.8570586412956,350.6029427144397,42.254115926855945,5.036011002485253,2.818796451126218,2.217214551359035
frame_ki_8.28_8.39,48.242231839700395,0.0,-0.5918308616929275,385.32175760417795,343.45680460937734,41.8649529948006,143.83702909557954,50.60438804003559,93.23264105554395
frame_sa~w~_8.39_8.52,8.510760747844444,0.0,-0.3460326644736318,412.03633769978643,366.7585646360601,45.27777306372633,38.86016672668458,29.209661463807606,9.650505262876976
frame_majs_8.52_8.73,3.5257110897151733,0.0,-0.004319033177743961,411.72382581535885,364.42288416847975,47.300941646879096,20.991237707797637,5.857107178642906,15.134130529154731
frame_va_8.73_8.83,7.361729520492702,0.0,-0.4104218106530704,415.52620612422106,370.098470100399,45.42773602382209,15.020630306867474,8.163282356825079,6.857347950042396
frame_lo_8.83_8.93,8.061368071796522,0.0,-0.29605696023934874,414.0511265096895,368.9364924526599,45.114634057029605,3.916345506604074,1.368797762835129,2.547547743768945
frame_ri_8.93_9.05,10.227274689125068,0.0,0.12616549377174344,408.5970182468682,364.4388024170951,44.1582158297731,12.574507170895515,6.030209950916827,6.544297219978688
frame_za_9.05_9.28,7.25943577981505,0.0,0.6725189292811333,408.2319520183901,360.16993289071496,48.062019127675114,13.403716076530884,5.332445980712407,8.071270095818477
frame_das_9.28_9.44,15.89714689536379,0.0,-0.9518921806201962,403.0052923333552,358.0924838866738,44.912808446681424,16.114869026284822,6.571044381347633,9.543824644937189
frame_a_9.44_9.51,16.424892052315215,0.0,-0.4104218106530704,396.6635652049733,356.2238445979879,40.43972060698536,5.281969136238075,2.2349996486523196,3.0469694875857556
frame_tu_9.51_9.65,7.344012257366074,0.0,-0.06351321757778312,407.29486042603816,361.8693993978958,45.425461028142365,12.942767213910741,7.391505341052863,5.551261872857879
frame_aw_9.65_9.72,16.047633507981914,0.0,-0.8165245881284208,403.5119447629279,360.24061338602706,43.27133137690083,4.453597263684799,2.7191342917252825,1.7344629719595162
frame_me~_9.72_10.01,3.9383621953362535,0.0,1.543429176604341,407.5232708066425,357.7076663905539,49.81560441608855,27.546880038541616,16.40478129039684,11.142098748144775
frame_tSi_10.01_10.25,116.8840514068913,0.6999999999999993,-0.01743377732119074,392.5585711822831,346.34891139878437,46.20965978349881,40.2910339977238,20.30040274635907,19.990631251364732
frame_kwaw_10.95_11.08,57.351579067628535,0.0,-0.5689353011192839,416.39339749120006,370.0977354534028,46.295662037797285,9.6262870538406,6.869005518701101,2.757281535139498
frame_pro_11.08_11.27,54.34349669873839,0.0,-0.9518921806201962,414.5848017085574,366.92428129379516,47.66052041476223,20.223382910771306,5.5609676596528175,14.662415251118489
frame_fi_11.27_11.39,118.24699457727391,0.0,0.26976476486467765,393.84127837259166,350.8963189205055,42.94495945208615,17.363963439176487,13.013448320935055,4.350515118241432
frame_sa~w~_11.39_11.55,30.5886876847986,0.0,-0.34603266447366304,414.1230861489295,368.1950875444926,45.92799860443688,31.636271295037716,18.905247407731338,12.731023887306378
frame_ki_11.55_11.65,31.05309933018063,0.0,-0.5918308616929275,390.323603232749,349.73099873698925,40.59260449575976,48.79416573847766,29.222011720072942,19.572154018404717
frame_vo_11.65_11.77,9.190338532802343,0.0,0.0891966482772813,415.84862205011086,370.4176501421942,45.43097190791667,12.228256468390725,4.154975130785772,8.073281337604953
frame_se_11.77_11.92,19.749019794897094,0.0,-0.6804339152305205,413.83013176428926,367.47471265610886,46.355419108180456,21.771117583447307,15.483520058472578,6.2875975249747285
frame_a_11.92_11.96,5.521221967470382,0.0,-0.8165245881283968,389.68686793203227,349.28590489000385,40.40096304202842,10.641476851344407,4.629992849683816,6.011484001660591
frame_ko~_11.96_12.09,12.970484837033496,0.0,-0.7201716082727251,412.9008959616967,367.30846024182256,45.59243571987412,21.739669010446363,12.469361344259141,9.270307666187222
frame_se_12.09_12.24,16.93685186690948,0.0,-0.680433915230485,414.7847388382246,368.8670270766451,45.91771176157948,12.685767789096616,5.2869221231308074,7.398845665965808
frame_La_12.24_12.42,4.436732852206973,0.0,-0.004319033177743961,412.4442007389857,364.60224800362016,47.84195273536557,17.095206518730436,9.34533458590306,7.749871932827375
frame_ri_12.42_12.51,5.3036209932921565,0.0,-0.30463231950708464,417.38591195346174,372.560939554855,44.82497239860675,21.604257826736017,4.43093078401202,17.173327042723997
frame_a_12.51_12.56,4.74469434948017,0.0,-0.6811569956366212,403.4596249796568,362.2218754945882,41.237749485068605,8.353909150185501,2.120898149704317,6.233011000481184
frame_pa_12.56_12.64,8.345632988220302,0.0,-0.9518921806201722,417.72977022819913,371.4758660107646,46.253904217434524,0.5170757959577372,0.2493872911852577,0.2676885047724795
frame_ra_12.64_12.75,16.09653135637936,0.0,-0.2750542181612949,413.5609138942709,367.9558523831432,45.605061511127644,27.53028640534285,17.035156963166116,10.495129442176733
frame_aw_12.75_12.81,26.080822583034717,0.0,-0.9518921806201962,399.3822576574479,357.27954420160745,42.1027134558405,9.206976555767994,4.477333704476223,4.729642851291771
frame_ge~j~_12.81_13.05,5.019014091251961,0.0,0.3513858932326782,412.89835825220115,362.8829433331978,50.015414919003376,40.345818411471384,12.769470654184602,27.576347757286783
frame_ki_13.05_13.15,9.77572587769626,0.0,-0.4482315905999933,397.46537658445664,355.3625611834374,42.10281540101926,19.21634134842654,8.923885281664468,10.292456066762071
frame_poX_13.15_13.27,4.386911385744696,0.0,-0.873937373014328,414.04948942343606,368.0426183227948,46.00687110064126,27.46923449044155,16.96929519294585,10.4999392974957
frame_a_13.27_13.39,15.831464836135666,0.0,0.266416151805831,407.44496717012123,365.2118731224545,42.233094047666725,11.384886867909444,5.844746912751759,5.540139955157684
frame_ka_13.39_13.58,4.420652278735901,0.0,0.26641615180580697,411.93600470365436,364.8142112658994,47.121793437755,22.072491828954384,8.152823932604178,13.919667896350205
frame_zu_13.58_13.68,22.27751923079404,0.0,-0.400461273272127,400.88304940209713,357.6557791798695,43.22727022222762,9.912226097966084,2.79370007276961,7.1185260251964735
frame_vi_13.68_13.82,9.75596309297535,0.0,0.26976476486467765,415.5135370732851,368.5279869913338,46.98555008195126,23.90923670352774,7.4330567948302075,16.47617990869753
frame_e_13.82_13.98,10.791733051150175,0.0,1.7195010906251167,414.5117493903719,367.74256043123603,46.769188959135874,22.18713187781472,5.783588588265616,16.403543289549106
frame_si_13.98_14.3,18.827061920947813,0.379999999999999,1.4185589336081765,408.4605185670887,358.15321213197615,50.30730643511254,25.347745345467132,10.319490668887369,15.028254676579763
frame_E_14.68_14.96,23.675686492238185,0.0,1.840492055659193,414.87024979505185,365.39953304164135,49.4707167534105,148.80559183697966,16.21759428125867,132.58799755572096
frame_pe_14.96_15.08,12.122803997849246,0.0,-0.0804501637665935,413.84445021738424,368.9232453186357,44.921204898748556,37.34112613610682,8.518718497131545,28.822407638975278
frame_dZiX_15.08_15.21,9.402179631888288,0.0,-0.591830861692953,414.3250423563349,368.30327831858807,46.021764037746834,49.69138531669435,14.359955597303752,35.3314297193906
frame_u~_15.21_15.25,2.3599122882798156,0.0,-0.6567685950292129,399.4223826055264,357.2853331002273,42.1370495052991,8.318305454758388,2.916247103186066,5.402058351572322
frame_ko~_15.25_15.43,0.9112106090638861,0.0,0.049326822484347214,410.1008586218489,362.3053782762978,47.795480345551084,28.991762577164963,13.479033247168275,15.512729329996688
frame_se_15.43_15.73,41.28791165822727,0.0,1.119517339161225,415.12171224591384,364.2869321250316,50.834780120882215,7.6655713400055845,2.9566018506670275,4.708969489338557
frame_Lu_15.73_15.82,6.415129835026164,0.0,-0.4004612732720971,408.8302542540142,364.9547675307621,43.875486723252095,25.222317357248443,12.351262051410657,12.871055305837785
frame_pa_15.82_15.9,67.28642938872531,0.0,-0.9518921806201722,383.2037166766338,340.9759149818751,42.227801694758625,127.44150055357126,65.56113149728134,61.88036905628992
frame_ra_15.9_15.97,16.79029702817587,0.0,-0.8165245881283968,407.10241067716106,364.8631049970742,42.239305680086886,9.082590163147131,3.6146064220215806,5.4679837411255505
frame_vo_15.97_16.09,23.487717453941173,0.0,-0.10343015598103371,405.287813733878,361.03100954334724,44.25680419053077,12.590088923499565,5.486979950470982,7.103108973028583
frame_se_16.09_16.6,0.31117065500180274,0.0,4.919414431765943,410.65314997814966,356.36870300330037,54.28444697484929,73.24710236592944,33.256996423457196,39.99010594247224
frame_ki_16.6_16.73,2.6767863668111715,0.0,-0.16103304841415042,405.4829094447606,361.74967815140997,43.73323129335057,32.242861370848146,13.721202717987666,18.52165865286048
frame_pro_16.73_16.86,20.97741860153687,0.0,-0.29605696023938294,417.1105354020284,371.72556317256226,45.38497222946614,23.79243064442781,8.095484953998294,15.696945690429516
frame_fi_16.86_16.92,267.2151724010222,0.0,-0.5918308616929275,393.1525945070461,352.15937679299094,40.99321771405516,19.80617227073236,14.266355698625546,5.539816572106815
frame_sa~w~_16.92_17.12,37.38109330764945,0.0,0.006378482294389633,412.136890924186,364.2030615627281,47.93382936145787,18.478973197600055,10.261267101300263,8.217706096299793
frame_de_17.12_17.21,6.428003847458001,0.0,-0.4804393314091879,413.44814030125656,369.100916673766,44.347223627490564,18.35800628454777,4.979201134704169,13.3788051498436
frame_ve_17.21_17.33,8.73049792929831,0.0,-0.2804447475879262,411.22847726406656,366.9402755241024,44.288201739964165,14.044494826851803,4.824023865258454,9.22047096159335
frame_ri_17.33_17.41,95.91540153647162,0.0,-0.3046323195070591,406.6943903734914,362.2201593354886,44.47423103800287,4.089464002194163,1.7583964352857464,2.331067566908416
frame_a_17.41_17.46,17.25597748298037,0.0,-0.6811569956366212,403.00005479611593,361.119454562586,41.88060023352995,6.8396855177888085,3.8927731956412686,2.94691232214754
frame_se_17.46_17.63,52.82662435774196,0.0,-0.4804393314091879,404.26831423979894,358.1085927674015,46.15972147239745,147.85702647612527,51.990849824630004,95.86617665149528
frame_giX_17.63_17.93,16.758497848517692,0.6700000000000017,1.7057574757940195,415.44960860859555,365.522485505653,49.92712310294257,88.91691848011575,36.341097118913126,52.57582136120263
frame_E_18.6_18.94,21.625050333101882,0.0,2.4778755749345858,414.72651223318076,361.86882876393605,52.857683469244705,15.855461205393084,5.069666272340413,10.78579493305267
frame_ki_18.94_19.04,38.09268301854797,0.0,-0.4482315906000188,413.502781537403,368.46528781498694,45.03749372241606,31.318660039740337,8.728540782055973,22.590119257684364
frame_pro_19.04_19.19,29.182377997116077,0.0,0.2818234525355963,419.05621819376336,373.30618263407837,45.75003555968493,22.012983566773272,8.82471613328363,13.188267433489642
frame_fi_19.19_19.25,31.606047160876074,0.0,-0.5918308616929275,395.6939143825778,353.84476318997287,41.84915119260495,13.354482906268856,5.627712092196873,7.726770814071983
frame_sa~w~_19.25_19.39,64.63838469488832,0.08999999999999986,-0.5222382378576581,415.11392648298215,369.29543816417436,45.818488318807795,42.991431549286744,13.388346081397572,29.603085467889173
frame_vo_19.48_19.63,14.604996963884275,0.0,0.4744502567938771,416.0225412661549,370.23391571229195,45.78862555386297,27.725070000536903,9.129435170258716,18.595634830278186
frame_se_19.63_19.78,24.41934100428324,0.0,-0.8804284990517822,417.3390872170163,370.5998914251932,46.73919579182308,4.6393491751893805,2.76337696723607,1.8759722079533105
frame_a_19.78_19.83,1.5127850499018507,0.0,-0.6811569956366694,409.31620291709754,367.89996863381344,41.4162342832841,10.863032806167155,3.767168895479017,7.095863910688138
frame_ko~_19.83_19.97,3.081015286586478,0.0,-0.4123722359699235,412.3876267801014,366.78568162228834,45.60194515781308,19.930143139620014,11.197785991737078,8.732357147882936
frame_se_19.97_20.11,2.0090870426071774,0.0,-0.6804339152305205,414.4466891319291,368.2914818247473,46.1552073071818,7.415257198984477,2.7411071762378185,4.674150022746659
frame_La_20.11_20.32,27.51349858602407,0.0,0.537151336789382,410.0678566448839,363.4308931274546,46.63696351742925,24.765024306308675,13.526614773658821,11.238409532649854
frame_ri_20.32_20.45,26.213429681236306,0.0,-0.16103304841415042,411.8267090761907,366.1180964554288,45.70861262076187,15.134135748865873,4.320763385166742,10.81337236369913
frame_a_20.45_20.49,33.32280497847057,0.0,-0.8165245881284208,401.95875250950496,360.2818361476804,41.67691636182457,3.254856145514026,1.9733652489804854,1.2814908965335405
frame_nu_20.49_20.59,44.17035419152188,0.0,-0.06351321757781304,406.457323413199,363.85885067943343,42.59847273376556,19.268714424591252,7.406841740026323,11.86187268456493
frame_ka_20.59_20.91,20.9605478527736,0.0,1.2139892992482832,413.3842446774013,360.9107511796949,52.473493497706386,11.2460075612357,5.6889196554813,5.5570879057544005
frame_zu_20.91_21.02,32.414765893749205,0.0,-0.2319872454249401,384.4688683869745,345.2711339811544,39.19773440582014,0.5948770125251315,0.30700532293764127,0.2878716895874902
frame_tu_21.02_21.12,160.08212500176768,0.0,-0.40046127327206715,418.63834871302123,373.70159260359776,44.93675610942347,25.736550076406274,12.740264275301854,12.99628580110442
frame_du_21.12_21.18,169.0261145043603,0.0,-0.568935301119254,387.4177519593804,346.11946904275123,41.29828291662915,8.443455956174205,2.035347340702458,6.408108615471747
frame_u_21.18_21.21,30.384886764213462,0.0,-0.568935301119254,372.12621585518474,331.80694012250825,40.31927573267649,9.499413751876688,4.891766842160479,4.607646909716209
frame_ki_21.21_21.31,109.45316879382881,0.0,-0.3046323195071101,409.0940787091082,365.2242781573687,43.8698005517395,60.09399500490639,22.207284350103805,37.886710654802584
frame_vo_21.31_21.42,78.4515058890579,0.0,0.08919664827731552,415.7088312091662,371.3030570987778,44.40577411038839,36.684623436126856,12.389356795642868,24.295266640483987
frame_se_21.42_21.6,55.79184883819096,0.0,-0.0804501637665935,417.0616850692948,368.9912355381786,48.070449531116196,21.29935447281798,8.169957258061629,13.129397214756352
frame_tSi_21.6_21.74,2.2035525517367773,0.0,-0.5918308616929785,401.9825119200207,357.8441104001337,44.138401519887054,23.428726115682224,12.597940566959153,10.830785548723071
frame_veX_21.74_21.91,14.687870816412953,0.0,0.5195335876972625,413.72050145781736,369.4577624363335,44.26273902148387,37.576173076328075,14.975130565734332,22.601042510593743
frame_pa_21.91_21.97,0.4385013372485389,0.0,-0.9518921806202203,390.26130773353066,348.56601289572876,41.695294837801896,28.840402369337,18.24604759731301,10.59435477202399
frame_ra_21.97_22.03,25.991507855228917,0.0,-0.9518921806201722,397.87293781055575,356.58559423636393,41.28734357419188,18.479841115681438,12.620983373656202,5.858857742025236
frame_dZi_22.03_22.09,34.89861629055119,0.0,-0.5918308616929275,393.48021183301705,351.77446666971287,41.70574516330419,5.9881508454867,3.2950933957519055,2.6930574497347948
frame_zeX_22.09_22.23,9.624072128980174,0.0,-0.2804447475879262,413.12652687804274,368.61492594539857,44.51160093264417,38.4528397144899,9.359928684519502,29.092911029970395
frame_pa_22.23_22.3,8.25833851343063,0.0,-0.9518921806201722,389.85597220098145,346.9125801275917,42.943392073389816,3.48369427518557,2.2273680391817265,1.2563262360038436
frame_ra_22.3_22.36,22.851676495649002,0.0,-0.9518921806201722,406.5435662654804,364.5485296984422,41.9950365670382,7.816758646331948,4.432558799917786,3.3841998464141625
frame_Ze~_22.36_22.48,5.687896016289898,0.0,-0.09563033803168547,410.98875940244506,366.1091148880349,44.87964451441013,18.04714778677561,5.1882464735072915,12.85890131326832
frame_tSi_22.48_22.54,3.6541007195101542,0.0,-0.5918308616929785,406.6128754211158,364.2966384712726,42.31623694984319,1.6806789455537796,1.1737840341204446,0.506894911433335
frame_a_22.54_22.57,8.46438307873808,0.0,-0.9518921806201722,394.7118106161098,353.26409217299624,41.44771844311356,0.21482758280029657,0.1535544165003273,0.06127316629996926
frame_Res_22.57_22.66,6.8518807087896505,0.0,-0.8804284990518533,381.4997677041649,342.363412914195,39.136354789969914,11.32875862063841,3.762614397620581,7.5661442230178295
frame_pej_22.66_22.77,1.8806392373214464,0.0,-0.6804339152305205,408.53661216512376,364.80271197499326,43.73390019013044,39.77012732796362,16.10103395800644,23.66909336995718
frame_tu_22.77_22.83,26.4312014474514,0.0,-0.5689353011193139,391.38438901602177,350.10472188317476,41.27966713284701,1.806356506663974,1.44389343803104,0.362463068632934
frame_dZi_22.83_22.89,34.468553132404566,0.0,-0.5918308616929275,375.7987200539726,335.21761430611195,40.58110574786065,38.492378898679135,14.640367018447563,23.852011880231572
frame_pro_22.89_23.0,13.254287677814688,0.0,-0.8739373730142938,397.5152077957004,359.29466215907286,38.22054563662755,11.506058023798516,5.556814690685684,5.9492433331128325
frame_fi_23.0_23.07,79.81301310908793,0.0,-0.5918308616929275,391.40248042107703,350.0480699107661,41.35441051031091,110.12345769294349,62.02919144240852,48.09426625053497
frame_so~j~s_23.07_23.23,88.38049059890531,2.509999999999998,0.0,385.32779444952797,342.268523645665,43.059270803862944,552.7229243415012,458.8541886673579,93.86873567414331
frame_O_25.74_25.83,42.09522593954637,0.0,-0.449063169224921,402.43821880483233,358.1516293465606,44.28658945827175,101.17770035963484,47.360498770053056,53.817201589581785
frame_La_25.83_26.04,112.40286822953,0.10000000000000142,0.6725189292811333,404.13353689042606,358.14802210771177,45.98551478271429,38.58824112972528,16.679194246142927,21.909046883582356
frame_pro_26.14_26.36,17.301812846879045,0.0,0.6670770610522263,416.25248779972674,368.35841431387394,47.8940734858528,35.39597298385334,13.46813472919115,21.92783825466219
frame_fi_26.36_26.59,27.43350384142832,0.0,0.4133640359576373,384.61304684395543,339.1165108484638,45.49653599549163,4.505022608476224,2.0775068215102124,2.427515786966012
frame_sa~w~_26.59_27.15,20.91741889229084,0.5899999999999999,1.5922286427507206,410.69682180283644,353.42438130619234,57.272440496644094,86.33758444234184,35.64506397574024,50.69252046660159
frame_ew_27.74_27.86,36.47216809992375,0.0,0.31953900387600087,412.8022866616394,367.15941886812675,45.642867793512664,100.77648221526016,21.575342111962783,79.20114010329738
frame_a_27.86_28.04,10.026923866453473,0.0,1.0786217067564838,410.7855298436042,364.2967013842508,46.488828459353385,27.40323802725763,13.192308092305353,14.210929934952276
frame_Su_28.04_28.18,146.4331578434419,0.0,-0.400461273272127,389.1485058441974,345.97829740427414,43.17020843992327,11.680638390578537,6.652196224134187,5.02844216644435
frame_ki_28.18_28.29,38.59743539410525,0.0,-0.5918308616929785,408.0277055740882,363.94677433368906,44.08093124039914,6.97041082522,1.1820529848712624,5.788357840348738
frame_de_28.29_28.5,2.5572449502738834,0.0,0.7195281715185952,414.936771382954,367.85836188530203,47.07840949765199,40.675438687086086,14.763320763857678,25.912117923228408
frame_pe~_28.5_28.94,22.69271690109369,0.0,2.139450818290212,417.3586970769305,360.5833440000777,56.77535307685281,20.17290245617272,13.7349999263555,6.437902529817222
frame_dZi_28.94_29.19,0.4853982979685725,0.0,2.1365552890728985,409.31208405413486,361.6076025784651,47.70448147566975,68.00200550401595,31.697256969638232,36.30474853437772
frame_du_29.19_29.31,5.638041704868471,0.0,-0.23198724542499993,416.04447059867437,369.8387521066174,46.205718492056974,60.32213225335704,23.133110827614615,37.189021425742425
frame_i~_29.31_29.44,38.511778442482836,0.0,0.6695935271313789,419.75582077068407,372.5421811193311,47.21363965135299,38.086878973563955,29.933358788383003,8.153520185180952
frame_dZi_29.44_29.65,41.67231213038488,0.0,1.5621582047011109,414.76933683629295,368.38918443809825,46.380152398194696,83.8836761535683,30.754080382794,53.1295957707743
frame_vi_29.65_29.9,55.43661309315269,0.0,1.9929560179798878,402.10392799477665,356.05736121937355,46.04656677540311,110.9984508803395,31.85649376080974,79.14195711952976
frame_duu_29.9_29.96,42.767814175657975,0.0,-0.568935301119254,394.999825792656,353.2867400096874,41.71308578296862,4.971224998571785,1.5879715685331917,3.383253430038593
frame_e~_29.96_30.17,28.931354873463874,0.0,-0.5689353011193139,401.1031501007975,355.03424637716444,46.068903723633014,15.735666504421147,7.896923572227649,7.838742932193497
frame_te~_30.17_30.53,9.346844178765451,0.0,3.331494101661849,407.79222557712296,356.3595930042014,51.43263257292159,56.943366079469115,38.36624606867386,18.577120010795255
frame_dZi_30.53_30.69,143.20164203339826,0.6799999999999997,-0.1610330484140994,382.7998395321376,338.5337066816572,44.2661328504804,36.26340427644151,24.270460330646813,11.9929439457947
frame_i_31.37_32.16,13.40946797208295,0.20000000000000284,10.321713741370225,403.85510915604965,337.7157444034983,66.13936475255133,201.19240098841692,88.69342270112796,112.49897828728896
frame_ew_32.36_32.44,146.2107029376825,0.0,-0.48043933140925893,403.6916049043245,361.1108962118329,42.58070869249161,9.198654222387674,3.0820469196232523,6.116607302764422
frame_a_32.44_32.53,41.4383045723435,0.0,-0.13968662566947132,406.42235355116645,362.4195660838243,44.00278746734216,6.79631301019441,2.5633803205190304,4.23293268967538
frame_Su_32.53_32.63,460.19144410654434,0.0,-0.568935301119254,390.92640135462324,349.5857424957808,41.34065885884246,9.30480207434573,5.333400733371491,3.9714013409742392
frame_ki_32.63_32.75,1.9343354889757904,0.0,-0.3046323195071101,410.98558994313817,365.297550927028,45.68803901611017,10.35047963449199,3.5014911911962656,6.848988443295724
frame_E_32.75_32.86,23.976980445447253,0.0,0.03457208437885701,401.58141996673123,361.9255679439103,39.65585202282091,25.558017093226198,12.549870475124209,13.00814661810199
frame_a_32.86_32.89,15.269757960846789,0.0,-0.9518921806201722,392.60814690447074,352.21511979862703,40.393027105843714,10.080735399182629,3.6508873733680787,6.42984802581455
frame_ki_32.89_33.05,53.148607133905955,0.0,-0.01743377732119074,419.1211263158104,372.39105490510025,46.73007141071014,44.29248448289627,22.562434504380974,21.730049978515297
frame_lu_33.05_33.15,63.30701610984096,0.0,0.10496081026937386,410.66452699282985,368.16450503281476,42.50002196001509,18.672804994073942,10.441431993107528,8.231373000966414
frame_ki_33.15_33.27,62.25240931347349,0.0,-0.5918308616929275,414.9267688196599,368.57647100205463,46.35029781760528,7.216053876214232,1.7389122596413245,5.477141616572908
frame_e_33.27_33.31,55.21544337441583,0.0,-0.6804339152305205,409.9737609792423,368.17736709052974,41.796393888712544,2.6232635004922145,1.3932807335211237,1.2299827669710908
frame_li_33.31_33.42,44.30082581845181,0.0,0.12616549377171793,415.45190011523596,372.7442584979109,42.707641617325066,15.940433242287781,8.947931007414581,6.9925022348732
frame_kEX_33.42_33.68,28.273479001438318,0.0,0.24703325747069232,415.85686168729393,367.50414403563656,48.35271765165737,47.06264371087005,25.635830283081418,21.42681342778863
frame_fa_33.68_33.88,43.233980542762026,0.0,0.26641615180587913,414.02575591582496,366.39064958611755,47.63510632970741,35.593803853372435,8.296270105778945,27.29753374759349
frame_zeX_33.88_34.14,41.6359203318664,0.0,0.7195281715185952,412.2283291064994,361.9365703810053,50.291758725494105,72.15543374836827,53.46616567815602,18.68926807021225
frame_a_34.14_34.17,54.58839429462185,0.0,-0.9518921806201722,388.7183993002425,348.1241711836352,40.59422811660727,0.0651453016074015,0.03988900688173658,0.02525629472566493
frame_Ze~_34.17_34.31,15.39234649678545,0.0,-0.39364115887459455,409.5660304038122,364.3209584968729,45.24507190693936,30.912032590805495,6.945847972626126,23.96618461817937
frame_tSi_34.31_34.37,18.293514112230525,0.0,-0.5918308616930296,382.4514536498501,342.4887538769466,39.962699772903534,22.92374491551243,14.987480152213095,7.936264763299334
frame_po_34.37_34.56,0.5325707047853143,0.0,0.47445025679394554,414.78095029323197,367.11222383163283,47.668726461599135,22.43019119892392,14.429453211106306,8.000737987817615
frame_dZi_34.56_34.69,29.148950360310693,0.0,-0.5918308616929275,411.22071210228023,365.62239660167785,45.59831550060238,34.844891153861454,20.096762056651443,14.748129097210011
frame_o_34.69_34.77,5.537428253081089,0.0,0.08919664827738395,415.9542329841849,371.7516913246985,44.20254165948637,5.698034110751593,2.1790192180257293,3.5190148927258633
frame_ri_34.77_34.85,14.151819876338749,0.0,-0.4482315906000188,411.7144617313706,367.4521592634251,44.26230246794552,34.15047164636374,9.03640650388644,25.1140651424773
frame_e~_34.85_35.13,33.5119300118387,0.0,2.7354724599760307,407.18616481335704,359.2234527553891,47.96271205796796,31.93522663717178,19.942455557786133,11.992771079385648
frame_taX_35.13_35.51,14.161138459655092,0.10999999999999943,0.40178374429763053,411.89368166893695,360.61672309399506,51.27695857494189,22.626921529840388,9.343361093040187,13.283560436800201
frame_a_35.62_35.68,44.06723892068595,0.0,-0.5457894031448217,394.0392729538693,355.0059581484605,39.03331480540879,7.003926172454641,5.923955111202133,1.0799710612525075
frame_pro_35.68_35.85,14.32791468146624,0.0,-0.2960569602393145,412.08375168841974,364.7754377890347,47.30831389938504,35.6547053203044,18.310307043441583,17.34439827686282
frame_fi_35.85_35.97,19.49759536628585,0.0,-0.4482315906000188,385.0901064478648,342.19542984289177,42.89467660497303,1.1384578237745586,0.4049732877185761,0.7334845360559825
frame_sa~w~_35.97_36.38,30.51115778699244,0.509999999999998,1.9446397895188359,414.40642282220034,360.965695879512,53.44072694268834,45.738037734809325,21.092275458495607,24.645762276313718
frame_mos_36.89_37.11,12.085289084866275,0.0,-0.10343015598103371,409.39319881195695,362.6388655749281,46.754333237028845,36.926721779764904,12.09674870145949,24.829973078305414
frame_tra~_37.11_37.34,31.603353854554342,0.0,0.5349952024466251,417.0418126935072,366.77812247398197,50.263690219525245,19.467793931222218,10.01192594007938,9.455867991142838
frame_du_37.34_37.4,9.769282006781907,0.0,-0.568935301119254,409.99196559350054,366.98665187905783,43.00531371444271,9.427523957224082,6.650899040019169,2.776624917204913
frame_u_37.4_37.43,1.6461729277683048,0.0,-0.568935301119254,398.6631515827578,356.06053093160233,42.60262065115546,0.49214484974436346,0.2553281770406386,0.23681667270372486
frame_meX_37.43_37.64,0.690098759807114,0.0,0.11954442005466814,408.5690982519154,361.64935670914264,46.91974154277278,24.0641499427702,7.071790401815349,16.99235954095485
frame_ka_37.64_37.87,3.5786648956493536,0.0,0.40178374429753433,412.393492325074,362.82457688905555,49.56891543601847,38.30250356144549,22.379373272150445,15.923130289295045
frame_du_37.87_37.94,6.2351482882600635,0.0,-0.400461273272127,414.50850210641295,370.1663501556584,44.342151950754555,5.828491497876314,3.3543696022873917,2.4741218955889224
frame_dZi_37.94_38.03,18.150198707781556,0.0,-0.5918308616929275,398.38041487430445,354.5414496722874,43.83896520201705,16.317792038250047,11.11086216964,5.206929868610047
frame_tra_38.03_38.34,20.30305061962079,0.0,1.2139892992483314,410.04298147143396,359.75992551358814,50.28305595784582,29.261943322310657,8.197104688155093,21.064838634155564
frame_ba_38.34_38.62,22.48797505527574,0.0,1.8908272617070887,412.4145997483025,361.1181166258116,51.29648312249094,29.471488563005664,16.695996026885524,12.77549253612014
frame_Lu_38.62_38.7,1.7970231524268456,0.0,-0.568935301119254,410.62532837741395,365.69542419835636,44.92990417905759,12.556333235141523,5.718251775917963,6.8380814592235595
frame_a_38.7_38.79,1.2672643932279186,0.0,-0.13968662566956752,414.7780936078612,370.5598175249785,44.21827608288271,16.621160675815673,6.936753993682629,9.684406682133044
frame_foR_38.79_39.15,29.123568905205417,0.0,1.2449574738272056,419.4961514750634,365.9273993070634,53.568752168,27.55922666326046,11.224524916288374,16.334701746972087
frame_ma_39.15_39.28,4.237238303029045,0.0,-0.4104218106530704,411.4319959377249,367.2314028674722,44.200593070252694,28.904567352493245,10.763362628730647,18.1412047237626
frame_ki_39.28_39.38,11.113553683507007,0.0,-0.5918308616929275,405.32640688241673,362.47956391909054,42.846842963326196,21.549132042001446,5.358107454178594,16.191024587822852
frame_e_39.38_39.45,8.813959999447945,0.0,-0.0804501637665935,409.067173972987,366.2019568726247,42.865217100362315,4.097640653328881,1.7064862102400298,2.391154443088851
frame_li_39.45_39.51,2.140670550438159,0.0,-0.5918308616929275,381.87088535020996,341.8093167302307,40.061568619979255,8.365911609822234,4.029653763735098,4.336257846087136
frame_po_39.51_39.71,21.210818672338604,0.0,1.0523306695689247,418.68643791415286,369.92726479140345,48.75917312274942,16.840933782533057,9.637649752279145,7.203284030253911
frame_dZi_39.71_39.78,18.760040216176947,0.0,-0.5918308616929275,390.93354737080574,349.5310401253778,41.402507245427955,5.190909064007485,1.7442139162755268,3.4466951477319583
frame_Se_39.78_39.94,7.255686316671614,0.0,-0.28044474758799726,411.9440833517864,364.91764600402263,47.02643734776376,33.52393209785876,11.957128601705136,21.566803496153625
frame_gaX_39.94_40.13,3.570397052223825,0.0,-0.004319033177719915,414.74139372311663,368.0452441071095,46.69614961600712,28.753936058547055,8.037836465984299,20.716099592562756
frame_a_40.13_40.17,2.996645314173776,0.0,-0.8165245881284208,373.77405261312174,336.5491727672405,37.22487984588122,2.015826101328088,0.8614856729311953,1.1543404283968925
frame_kE_40.17_40.31,18.351438822660725,0.0,-0.39035026180473814,411.518225711804,365.7278767074238,45.790349004380175,15.21784255429668,10.121478890311664,5.0963636639850165
frame_la_40.31_40.42,10.337699302530154,0.0,-0.2750542181613189,406.00179998630125,364.35074763722656,41.65105234907469,4.650067947155378,1.058259643003538,3.59180830415184
frame_pro_40.42_40.55,20.617290670916788,0.0,-0.48868376449773215,408.2090127929906,363.72626314443994,44.48274964855068,26.529000395963863,12.228473319345738,14.300527076618124
frame_fi_40.55_40.73,140.37020169276155,0.0,0.556963307050546,386.75553477712947,344.38506241703453,42.37047236009494,1.4828520820897637,0.4492202093591402,1.0336318727306235
frame_sa~w~_40.73_40.97,38.89824433896135,0.46999999999999886,-0.16982709108960542,401.5053288788044,354.17647770879864,47.32885117000575,49.99239772168093,36.62423286868267,13.368164852998262
frame_majs_41.44_41.62,43.25054328820363,0.0,-0.5457894031448217,408.7512533828435,361.32347596592035,47.42777741692316,104.8398623813868,23.778456880531536,81.06140550085526
frame_a_41.62_41.73,2.391767599559472,0.0,0.1310485593140315,412.6306856417276,368.8572287929209,43.77345684880669,9.164514691268351,3.2532423032280633,5.911272388040288
frame_Su_41.73_41.83,1.4868885744861018,0.0,-0.568935301119254,384.54431835869684,343.19095519989224,41.3533631588046,14.715393710052524,3.856291405934968,10.859102304117556
frame_ki_41.83_42.24,28.211767239869346,1.1599999999999966,3.1417501867234123,405.0511590798046,353.1202965856502,51.93086249415438,30.408714110309347,14.111096744743918,16.29761736556543
frame_u_43.4_43.57,211.94485355914077,0.0,1.7897010887410034,396.1252808483799,351.6452375160427,44.480043332337175,491.19956310918053,308.75949919639896,182.44006391278157
frame_a_43.57_43.75,38.380547040279026,0.0,1.0786217067564838,402.3229564451981,357.7746379957744,44.548318449423675,9.214981759022976,4.298970814137732,4.916010944885244
frame_ko~_43.75_43.98,86.66403605186468,0.0,0.9727249393927793,419.0959248966046,371.04996339756667,48.0459614990379,39.06905310460047,17.329012434697177,21.740040669903294
frame_se_43.98_44.19,29.640151266863995,0.0,0.7195281715185952,410.56140957485115,364.07504677152644,46.48636280332471,127.86357233311108,59.91476636421021,67.94880596890087
frame_LaX_44.19_44.39,47.27784749740701,0.0,-0.4104218106530704,408.38347053055355,362.96273840250603,45.42073212804752,22.47104101396812,14.032839310258112,8.438201703710007
frame_a_44.39_44.42,,0.0,-0.9518921806201722,368.7098741237228,328.59798417864545,40.11188994507734,,,
frame_pro_44.42_44.54,32.3648574976086,0.0,-0.2960569602393145,408.44549244552536,363.6637347652636,44.78175768026176,32.77979105461159,21.290570851415197,11.489220203196396
frame_fi_44.54_44.75,135.60269526867663,0.0,0.7005625781434547,385.152148182876,340.7111628718434,44.44098531103259,1.6380119736661953,0.9080803943844131,0.7299315792817822
frame_sa~w~_44.75_45.02,49.28978660559781,0.0,-0.16982709108973063,404.9950136953848,355.5104413431275,49.48457235225726,155.70328716891578,30.953566618470916,124.74972055044486
frame_ew_45.02_45.12,18.378018092867848,0.0,-0.48043933140925893,403.3281330722522,359.7118883168197,43.61624475543249,2.82879826397874,1.6365678345919434,1.1922304293867967
frame_a_45.12_45.24,21.14371058072163,0.0,0.26641615180587913,402.0970083893732,358.3509505262145,43.74605786315868,11.540845340451597,5.0311933435318394,6.509651996919757
frame_Su_45.24_45.35,67.66090190997159,0.0,-0.400461273272127,378.9168400328011,339.3787077041085,39.5381323286926,244.59300732931752,148.96018335339363,95.63282397592388
frame_ki_45.35_45.49,127.43878398382553,0.0,-0.3046323195070081,387.0474228672854,345.48216526034435,41.56525760694103,185.35986264757406,132.6202992685715,52.73956337900256
frame_na~w~_45.49_45.77,9.308650634984218,0.0,-0.5222382378575955,409.1068307423184,360.00292288268554,49.1039078596329,37.8426489222353,18.79128497817291,19.051363944062388
frame_si_45.77_45.95,22.179309958222717,0.0,0.26976476486472867,401.22198683030194,355.5338997580513,45.68808707225065,233.5290062972585,82.90445338205305,150.62455291520547
frame_de_45.95_46.22,73.50590582185117,0.0,2.519479425910234,405.38214375587614,358.89261498983126,46.489528766044884,106.89010334882383,34.9481133076593,71.94199004116453
frame_vi_46.22_46.31,172.90231076264408,0.0,-0.5918308616929275,380.2343183969098,339.28115456738817,40.95316382952166,12.463280243496051,6.586651501427411,5.87662874206864
frame_e~_46.31_46.5,39.14091302713007,0.0,1.39442376618286,404.92178344054537,357.66194754811727,47.25983589242816,8.439071612167396,4.101656761442996,4.3374148507244
frame_te~_46.5_46.69,7.798091714863972,0.0,0.5003913036540798,414.9968378097767,366.13528416478533,48.861553644991375,31.353403074111554,18.290661482071528,13.062741592040027
frame_dZi_46.69_46.79,4.207167185986265,0.0,-0.01743377732119074,414.69498038593116,368.96079533061305,45.73418505531811,24.302521242669826,15.60134619937719,8.701175043292636
frame_mez_46.79_46.97,44.42800060957376,0.0,0.7195281715185952,418.1829923229478,371.08067908369264,47.10231323925518,50.06727666634106,18.910895787502625,31.156380878838434
frame_mu_46.97_47.1,47.83731903641666,0.0,0.4419088659637476,414.9310282256075,371.3342664450024,43.59676178060516,11.486284627394582,4.750684575533967,6.735600051860615
frame_ki_47.1_47.17,87.41377786498435,0.0,-0.5918308616929275,414.57045797409455,372.08840639103585,42.482051583058706,25.481974641038676,18.4617010433804,7.020273597658274
frame_a_47.17_47.28,60.07703904171865,0.0,0.1310485593140315,410.135515946683,367.342900328716,42.79261561796699,21.5577375744208,6.702446592445142,14.855290981975656
frame_pe_47.28_47.41,3.802207079678709,0.0,0.5195335876971915,417.9539319021628,372.87343047762954,45.08050142453328,47.073395469788665,25.57084667982511,21.502548789963555
frame_so_47.41_47.65,10.05367562281802,0.0,-0.8739373730142938,416.5814624298956,366.8549766941256,49.72648573577004,23.67983234018382,16.49218052348732,7.187651816696501
frame_a_47.65_47.82,58.30105562348092,0.8699999999999974,0.9432541142647324,414.63388473070466,369.5549507413841,45.07893398932055,42.66896918721221,21.81596487077863,20.853004316433584
frame_Se_48.69_48.81,6.08402547883739,0.0,0.11954442005481025,419.49917735578026,373.2923681917167,46.20680916406354,37.32528543639813,14.160383208474968,23.164902227923164
frame_gaX_48.81_49.04,31.748930642261428,0.0,0.26641615180578293,412.37352223076,367.18831158307194,45.18521064768805,23.209860623321276,11.223013311938473,11.986847311382803
frame_a_49.04_49.08,138.46934058035671,0.0,-0.8165245881284208,385.7657565407527,344.8266937914228,40.93906274932988,9.521228621971161,4.1116137243226945,5.409614897648467
frame_fa_49.08_49.19,49.5364252898533,0.0,-0.4104218106530704,411.86657902938055,367.1861328047043,44.680446224676245,33.981801263840936,18.118858272721923,15.862942991119013
frame_laX_49.19_49.53,56.544090522985414,0.0,-0.4104218106530704,409.5712558390434,359.021879227603,50.54937661144038,7.436163060064672,4.285726714033501,3.150436346031171
frame_a_49.53_49.56,57.2461353516905,0.0,-0.9518921806201722,388.7849653721478,349.2470163201888,39.537949051959004,0.687694310485881,0.4057679946981523,0.28192631578772875
frame_si~_49.56_49.65,70.26565441365773,0.0,-0.9271294991047099,395.606323670607,356.19482505123904,39.41149861936793,5.867755907452334,3.7846453536088234,2.083110553843511
frame_pa_49.65_49.8,58.42465453659972,0.0,-0.4104218106530704,401.96788770448154,357.2664853743763,44.701402330105225,12.924672989174809,4.886421616791154,8.038251372383655
frame_ra_49.8_49.88,124.24862228491843,0.0,-0.9518921806201722,380.9106269929203,339.67515358036667,41.23547341255363,80.53500064002932,56.10549457244032,24.429506067589003
frame_Ze~_49.88_50.02,69.52747081626026,0.0,0.20238048281132953,401.56029226606665,358.08936592862995,43.47092633743671,21.586907026990076,11.512833121612374,10.074073905377702
frame_tSi_50.02_50.11,51.886609181235855,0.0,-0.5918308616929275,395.2651717064223,353.77784558328693,41.48732612313535,229.03090230447953,128.729471228354,100.30143107612552
frame_ew_50.11_50.27,17.726782665533648,0.0,1.1195173391612605,410.4599084851821,363.77810412768383,46.681804357498265,29.145257476116484,13.225594427969781,15.919663048146703
frame_na~w~_50.27_50.48,54.643700511889875,0.0,1.0636119225986103,415.6721066772703,368.9880176890698,46.68408898820047,36.2439027556926,14.83825279989395,21.40564995579865
frame_sej_50.48_50.78,56.90006274114998,0.0,2.5194794259103763,418.63158724116244,367.3018170431504,51.329770198012056,265.7892739383866,43.11282363507968,222.67645030330692
frame_u_50.78_50.81,64.14425619502074,0.0,-0.568935301119254,391.85970034303296,350.57803110171585,41.28166924131705,0.7682348990528567,0.398151830310951,0.37008306874190566
frame_ki_50.81_50.9,79.45669506896965,0.0,-0.5918308616929275,393.1978577053925,351.09520294085,42.10265476454248,15.033751173040685,9.016751523279538,6.016999649761146
frame_fa_50.9_51.13,36.29783276024679,0.0,0.537151336789382,410.2974006259877,362.34424794887775,47.95315267710993,23.314166941618623,15.264276025842776,8.049890915775848
frame_zeX_51.13_51.34,3.255707072277545,0.0,0.7195281715185952,417.3399926275966,369.0092373201629,48.33075530743366,70.18739673997226,25.777078656362505,44.41031808360975
frame_a_51.34_51.37,2.5080464079146907,0.0,-0.9518921806202684,393.43245245225467,353.19353963803024,40.23891281422442,5.006247616986116,2.7776673257887126,2.228580291197403
frame_Ze~_51.37_51.47,42.395140947628164,0.0,-0.39364115887459455,416.28661723712884,372.0972153800882,44.18940185704065,17.961426320640328,6.14872209696739,11.812704223672938
frame_tSi_51.47_51.56,23.80622622351828,0.0,-0.1610330484140994,405.024244706744,361.256162687805,43.768082018939026,50.430252110522275,14.365755000873435,36.06449710964884
frame_de_51.56_51.73,3.7855666587351777,0.0,0.7195281715185952,414.8917222421749,369.9918943900878,44.89982785208713,193.80866772229643,26.62351957983617,167.18514814246026
frame_ve_51.73_51.85,16.71168296792831,0.0,0.11954442005466814,412.9242859297351,367.48047247268175,45.44381345705335,9.118591656558209,4.446808377939362,4.671783278618847
frame_ra_51.85_51.97,1.643325207421185,0.0,-0.13968662566956752,413.7503964083287,367.93122398411424,45.8191724242144,8.32172332862342,1.4593125862905936,6.862410742332827
frame_e~_51.97_52.04,17.71907952301737,0.0,-0.39364115887459455,400.30048232073403,357.66060773466677,42.639874586067265,11.325789514586177,8.95775886595493,2.3680306486312475
frame_ta~w~_52.04_52.24,19.674204305958227,0.0,0.5349952024465,408.9099121998871,363.42042404802817,45.48948815185895,19.751868367533405,10.601862951609178,9.150005415924227
frame_tes_52.24_52.59,107.74220047543176,0.0,0.7195281715185952,410.82566514942016,361.1871454847153,49.638519664704916,45.044955402420726,18.345817147601053,26.699138254819673
frame_taX_52.59_52.93,52.215941721313555,0.7800000000000011,-0.13968662566956752,416.243038165617,365.6988052520104,50.544232913606606,52.90622413882332,30.88801988642504,22.018204252398277
frame_u_53.71_54.07,61.02828366091663,0.4200000000000017,4.990707617837016,399.92479196134997,349.19097045723544,50.73382150411453,198.37125597252572,94.0447465035239,104.32650946900183
frame_E_54.49_54.63,0.26045156562128113,0.0,0.35326384401657224,415.4855232083456,369.5648392571323,45.920683951213334,13.392977256852163,4.918037011363509,8.474940245488654
frame_i_54.63_54.66,9.168338050553672,0.0,-0.5918308616930296,394.38800921816613,353.3285614856412,41.059447732524916,0.7542698189859607,0.536982974199816,0.21728684478614468
frame_su_54.66_54.77,337.8281393262812,0.0,-0.568935301119254,392.8787623403684,351.16685505810057,41.711907282267816,559.0058369898451,213.6112505599449,345.3945864299002
frame_i~_54.77_54.87,22.231546433601324,0.0,0.19057661926042746,408.27541807543747,363.980997632875,44.294420442562455,47.381459966434534,29.093414752829062,18.28804521360547
frame_klu_54.87_55.01,2.4571136723297684,0.0,-0.568935301119254,407.24790439808334,361.97572631817036,45.272178079912976,32.13466121804521,20.220657357669268,11.914003860375942
frame_zi_55.01_55.22,14.484644761859528,0.0,0.26976476486462664,407.67050296202376,361.27859188308764,46.39191107893612,29.22898495038322,12.706931779978675,16.522053170404547
frame_vi_55.22_55.31,12.669231240829504,0.0,-0.3046323195070081,410.6270493110183,365.95184890384627,44.67520040717204,23.647368132562235,5.097140898955416,18.55022723360682
frame_a_55.31_55.44,4.388427250783337,0.060000000000002274,0.40178374429753433,400.83894469811645,358.1177298186558,42.72121487946066,17.61109123895511,12.48571906074335,5.125372178211762
frame_a_55.5_55.54,147.08682387618546,0.0,-0.8165245881284208,400.2281535480783,359.71731258468986,40.51084096338843,8.473514253321753,4.733351652789565,3.7401626005321873
frame_mi~_55.54_55.65,50.140551734193764,0.0,-0.6077848938575602,411.3985032912036,366.8965415037873,44.50196178741629,9.26716113866226,4.228464647701372,5.038696490960888
frame_Ja_55.65_55.73,49.33223632111455,0.0,-0.6811569956366694,401.0705332408068,360.767332756164,40.30320048464279,2.3050272602785356,1.2125726646718533,1.0924545956066822
frame_pro_55.73_55.86,88.39174819008397,0.0,-0.48868376449773215,404.5851035794624,360.3902828165818,44.194820762880624,97.9744245031518,43.44966958323866,54.524754919913136
frame_fi_55.86_56.34,176.08706143622143,0.0,4.8649414398387245,395.46183002809283,341.5604363871611,53.90139364093176,6.729872088224781,3.346123532942009,3.3837485552827715
frame_sa~w~_56.34_56.97,0.45462877125854106,0.0,6.702190270887454,407.29999158862404,345.4692128885968,61.830778700027224,221.56889508040425,43.80986884760398,177.75902623280027
frame_E_56.97_57.25,24.066799287340615,0.0,1.840492055659193,415.3011667870764,365.91602595466514,49.38514083241125,60.11477641042251,29.225224126410296,30.88955228401221
frame_i_57.25_57.31,29.60464232094273,0.0,-0.1610330484140994,380.35894860269275,340.9120289431408,39.44691965955195,1.5173911073452757,0.5190305694222559,0.9983605379230198
frame_e~_57.31_57.75,13.053230421961018,0.0,5.119559026719304,415.4093039016914,359.5112128717509,55.898091029940474,53.05354581362408,30.788926510502648,22.264619303121435
frame_ta~w~_57.75_58.15,40.65856793127054,0.07000000000000028,3.3542843765909214,412.96021708438946,360.9940085766731,51.96620850771632,54.40369933965303,30.110873284704894,24.292826054948137
frame_a_58.22_58.29,17.6772639976827,0.0,-0.4104218106530704,414.8551395332793,371.6348679069096,43.22027162636971,6.465886287898712,2.9343419408015734,3.531544347097139
frame_Ze~_58.29_58.41,4.688148546732236,0.0,-0.0956303380317384,414.2404550155595,370.34351968701395,43.89693532854557,14.62498397166246,5.989880132297628,8.635103839364831
frame_tSi_58.41_58.47,0.7166001847181178,0.0,-0.5918308616929275,386.131632101201,345.80018553033676,40.331446570864216,3.324522071050012,2.403520430988692,0.9210016400613199
frame_de_58.47_58.59,12.191191054742518,0.0,0.11954442005481025,415.9444708915686,370.4347754771942,45.50969541437439,29.01661801253769,11.077445929158529,17.939172083379162
frame_ve_58.59_58.68,15.297428844699368,0.0,-0.28044474758785515,416.5233271368765,371.5913750274739,44.93195210940263,9.1681057834858,1.038667002699384,8.129438780786415
frame_ri_58.68_58.76,33.3716208315158,0.0,-0.4482315906000188,417.7499675474087,372.60484921795114,45.14511832945749,20.507727846093303,3.98241253412678,16.525315311966523
frame_a_58.76_58.87,35.25824338099241,0.0,0.1310485593140315,408.41401304768596,366.26251085201085,42.15150219567511,8.179987138668878,3.7451353454792127,4.434851793189665
frame_tes_58.87_59.17,18.52627237296656,0.0,1.1195173391612605,416.42490893546926,367.53346459345255,48.89144434201671,21.129552860636068,8.505666516437884,12.623886344198183
frame_taX_59.17_59.43,41.84212405954196,0.0,0.8078865217728848,416.35346435834913,367.42983776944516,48.92362658890397,17.23166628082933,12.062243699303025,5.169422581526305
frame_pa_59.43_59.49,27.507160591212028,0.0,-0.9518921806201722,411.6010414954626,368.69775942614547,42.90328206931713,1.9752708804152803,1.2533590166237332,0.7219118637915471
frame_ra_59.49_59.55,41.603405089368664,0.0,-0.9518921806202684,411.45059686358195,369.3440158220579,42.106581041524066,14.480376538573978,5.526538482577564,8.953838055996414
frame_veX_59.55_59.68,45.45608893811837,0.0,-0.6804339152305205,410.1972765839537,365.7885508713462,44.40872571260746,22.284840173534434,8.863346448259932,13.421493725274502
frame_u_59.68_59.71,38.518469629063105,0.0,-0.568935301119254,371.80467537326945,331.8018602398081,40.002815133461354,0.17243507158264038,0.04485070909129263,0.12758436249134775
frame_ki_59.71_59.88,54.74253891056861,0.0,0.26976476486472867,414.9156984830347,370.9936972614445,43.92200122159022,22.717737975633156,11.151719726612555,11.566018249020601
frame_ki_59.88_59.99,69.78842072612758,0.0,-0.5918308616929275,416.49264225623995,370.6484538363038,45.844188419936074,37.66604049117535,9.532809803874727,28.133230687300625
frame_e_59.99_60.11,48.39886535189447,0.0,0.9195227553398568,415.2440464813702,370.74721665004836,44.49682983132186,33.9662521548189,13.445293337657859,20.520958817161045
frame_li_60.11_60.17,51.32655764159682,0.0,-0.5918308616929275,392.23771331865044,350.6159993296615,41.621713988988915,18.28563996772317,12.60545122099478,5.6801887467283905
frame_te~j~_60.17_60.54,22.428741594390203,0.0,3.0334832808188867,413.64735251251744,363.91671553629203,49.73063697622541,50.5486311198124,24.09068700544225,26.45794411437015
frame_pa_60.54_60.66,4.859346123908324,0.0,-0.4104218106531665,417.1183219890552,371.0074242036311,46.11089778542407,12.854295566785254,10.310270116704203,2.544025450081051
frame_ra_60.66_60.72,3.7149654364394564,0.0,-0.9518921806201722,392.8915883636213,351.13503072790854,41.75655763571274,2.4492971269884265,1.7497997829701148,0.6994973440183117
frame_kue_60.72_60.81,69.0417207182814,0.0,-0.568935301119254,414.7012725908644,370.674767466031,44.02650512483336,21.006089759375186,4.255674257191629,16.750415502183557
frame_ki_60.81_60.87,75.305608870593,0.0,-0.5918308616930296,410.6255922647732,369.1902093828966,41.43538288187659,49.74900631976476,18.88081688055854,30.86818943920622
frame_e_60.87_60.9,69.25697146326053,0.0,-0.8804284990517822,400.3613914964577,358.2443706282892,42.11702086816854,19.27921252631404,6.1497945511601415,13.129417975153899
frame_li_60.9_60.97,43.19108107546032,0.0,-0.4482315906000188,408.14329134276613,368.11568975877833,40.02760158398786,33.117679575071406,8.066724706181901,25.050954868889505
frame_te~j~_60.97_61.1,60.308624450418336,0.0,-0.8406573901389848,418.67056697456405,372.11895509626845,46.5516118782956,28.885196504572036,17.861405698322642,11.023790806249394
frame_a_61.1_61.2,30.458638483903712,0.0,-0.004319033177719915,418.9329294924398,373.3307653938271,45.60216409861272,44.646582306405776,18.881691196567544,25.76489110983823
frame_bi_61.2_61.28,39.311688115306595,0.0,-0.3046323195070081,420.26123721836274,375.2442744744794,45.01696274388331,49.62034799156453,10.291681371820573,39.328666619743956
frame_li_61.28_61.44,26.261319286888067,0.0,0.7005625781434547,418.0127729247199,372.3258254568457,45.686947467874234,99.27445535783417,38.04263127129849,61.23182408653568
frame_da_61.44_61.76,82.07228911061776,0.0,2.0261948541989363,416.0337819306,365.20076138830575,50.833020542294264,164.7207839554465,49.901338705536546,114.81944524990996
frame_dZi_61.76_61.98,188.0978753874126,0.980000000000004,1.5621582047011109,396.8251300606065,351.19060299952434,45.63452706108217,20.299402960906946,11.512095647402944,8.787307313504002
frame_e~_62.96_63.1,28.983704694930708,0.0,0.6493967140756138,414.7298659525069,369.9623850159403,44.76748093656653,24.679995245615487,10.557222230933235,14.122773014682252
frame_ta~w~_63.1_63.32,62.741160910525224,0.0,0.5349952024466251,419.64154607193416,369.8026227314403,49.838923340493864,31.32513729801292,13.352275792861349,17.97286150515157
frame_a_63.32_63.43,34.64100516895573,0.0,0.1310485593140315,415.2352329515312,369.47130386013976,45.7639290913915,35.7607504340487,25.190675252774383,10.57007518127432
frame_i_63.43_63.52,42.44133588813392,0.0,0.26976476486472867,418.1161623020356,373.6279344372755,44.48822786476012,11.49149462634415,4.08056011020966,7.410934516134489
frame_mos_63.52_63.93,69.54171835232975,0.0,0.6670770610522263,415.56150227286395,363.96364908598815,51.597853186875795,37.55968162266248,13.38146387842653,24.17821774423595
frame_traX_63.93_64.42,20.845213166648847,0.0,0.6725189292810372,416.2842043139957,360.07498072137855,56.20922359261715,24.39812243039171,15.064593624340262,9.333528806051447
frame_u_64.42_64.52,29.764397928660856,0.0,0.610382893810755,402.0300353839096,363.3517149352714,38.6783204486382,22.40590280102745,10.254917180487894,12.150985620539558
frame_ki_64.52_64.69,8.331752945532514,0.0,-0.1610330484140994,418.38637286524425,370.4458736461411,47.940499219103174,13.297489508135897,7.2317111997914765,6.06577830834442
frame_e_64.69_64.72,5.4082858809752,0.0,-0.8804284990517822,400.78637041611,357.84704066826123,42.939329747848774,0.17755253402251014,0.1228809851254482,0.05467154889706194
frame_li_64.72_64.82,29.720059746265633,0.0,-0.017433777321292775,405.1741097504949,363.75539989119613,41.41870985929876,7.186589164591055,4.792967679975021,2.393621484616034
frame_po_64.82_64.94,16.295095604112078,0.0,-0.10343015598117057,410.17064294454417,370.5328576408192,39.63778530372497,20.4680386548751,10.407338912782308,10.060699742092794
frame_de_64.94_65.05,34.44408707147025,0.0,-0.48043933140925893,414.8977016256303,370.32274621396493,44.57495541166537,9.383624021206003,3.6317237646157423,5.751900256590261
frame_ri_65.05_65.15,38.58867298473234,0.0,-0.017433777321088705,414.69902766980516,369.4718402798534,45.22718738995178,6.297020856640387,3.521112739984062,2.775908116656325
frame_a_65.15_65.2,44.982782173138105,0.0,-0.6811569956366694,391.2595750918379,351.5308943372606,39.72868075457734,8.592068204772062,6.237748648755428,2.354319556016634
frame_fa_65.2_65.4,55.64206834375079,0.0,0.1310485593140315,407.650060230768,361.9068927029559,45.74316752781215,15.657504145437116,9.885698027097078,5.771806118340038
frame_zeX_65.4_65.87,48.27625561053108,0.0,4.919414431766085,411.05249796126805,356.40195518057345,54.65054278069459,40.67821470139157,16.25341356421478,24.424801137176786
frame_kwaw_65.87_65.93,166.7869484673081,0.23999999999999488,-0.568935301119254,381.1620491352861,340.4587310434557,40.7033180918304,0.2443998460726533,0.16703685242292465,0.07736299364972865
frame_E_66.17_66.29,32.1140162049995,0.0,0.1408026709248124,420.3844150486168,374.7727547186509,45.6116603299659,13.04632652444991,7.661137721064961,5.385188803384949
frame_u_66.29_66.32,35.93461998634399,0.0,-0.5689353011194934,399.22501476864437,357.63728930717565,41.58772546146872,6.894755822756622,4.254376577977126,2.6403792447794956
frame_meX_66.32_66.49,13.022785163319526,0.0,-0.28044474758785515,413.81629860154953,367.3122855434441,46.50401305810544,24.075532452376677,10.455913304307728,13.61961914806895
frame_ka_66.49_66.67,3.9947664072360567,0.0,0.1310485593140315,410.6011971776802,365.82424443252313,44.776952745157075,39.53559762721025,23.728348109826754,15.807249517383497
frame_du_66.67_66.74,10.928860760251268,0.0,-0.568935301119254,408.57464473496844,365.2999723957348,43.27467233923363,2.4170596932403043,1.6875781315596612,0.7294815616806432
frame_dZi_66.74_66.81,29.490375318291257,0.0,-0.4482315905999168,386.2139625363899,345.39901375071713,40.814948785672755,8.321840262266676,4.886177175352941,3.435663086913735
frame_tra_66.81_67.08,10.325786789812867,0.0,1.0786217067563877,409.3960737877725,362.5463211691632,46.84975261860927,61.31303281398806,32.93034217717263,28.382690636815425
frame_ba_67.08_67.42,12.308043328096971,0.0,2.7030328166577897,411.19035948586304,358.5974430990143,52.59291638684874,12.556524607171355,5.732296628684338,6.824227978487016
frame_Lu_67.42_67.53,6.673654338537375,0.0,-0.23198724542499993,401.4687127864529,361.94739092031705,39.52132186613585,16.21705400916713,7.217719295109561,8.999334714057568
frame_ko~_67.53_67.63,35.83543596535094,0.0,-1.1818706667269685,417.93852450029874,372.4238984686465,45.514626031652256,8.905323155713063,5.899195269852754,3.006127885860309
frame_mu_67.63_67.71,31.939683884036242,0.0,-0.5689353011194934,415.9577267463159,370.7065445333387,45.251182212977255,2.122675252995407,0.46473278759043524,1.6579424654049717
frame_E_67.71_67.76,27.19159248407567,0.0,-0.6028114348964225,394.0394949635646,353.7553499301565,40.284145033408095,5.72614923394022,3.7434913594448176,1.982657874495402
frame_ki_67.76_67.83,21.515414405363316,0.0,-0.5918308616929275,403.684884256258,361.1080323363591,42.5768519198989,23.27763584943986,8.35451782369762,14.923118025742241
frame_po_67.83_67.98,12.890110570797361,0.0,-0.10343015598089683,416.63867717645417,369.518095805364,47.12058137109017,26.27803630638536,13.06147167478062,13.21656463160474
frame_de_67.98_68.1,5.884558779800244,0.0,-0.28044474758813936,414.32229304657795,369.4362027369203,44.886090309657675,13.297985665135712,4.535951355400584,8.762034309735128
frame_ri_68.1_68.18,2.2301137838005047,0.0,-0.30463231950690606,411.543152479623,369.1925083450718,42.3506441345512,7.161396292939003,2.5373480846021437,4.624048208336859
frame_a_68.18_68.21,2.2217528206919326,0.0,-0.9518921806203646,395.12067598000556,353.96108032548455,41.15959565452101,3.406196720149353,1.0873632293804576,2.3188334907688954
frame_Se_68.21_68.4,5.724584519874128,0.0,-0.0804501637664514,410.4133241300684,364.3910416087873,46.02228252128111,35.25522764096587,23.24231966119072,12.01290797977515
frame_gaX_68.4_68.57,14.902551805846855,0.0,-0.2750542181611266,409.3571550160989,364.1496271269233,45.207527889175594,16.538048570965515,7.044367323828908,9.493681247136607
frame_a_68.57_68.6,13.58953036193256,0.0,-0.9518921806201722,367.78743337824864,328.65158441002797,39.13584896822067,1.4965139047380092,0.8844162835728184,0.6120976211651907
frame_tE_68.6_68.77,13.17541768442652,0.0,0.24703325747061686,407.3407169262903,361.1333959039924,46.20732102229795,54.00171441505077,36.65778980374026,17.343924611310513
frame_la_68.77_69.09,12.385781237626105,0.0,2.432297631674287,407.3228033435121,356.43105080690634,50.891752536605736,27.616029118156604,10.311981170076251,17.304047948080353
frame_kwajs_69.09_69.27,8.822052793806535,0.0,-0.9518921806203646,409.7842048881698,364.0991494241413,45.68505546402855,17.54821981279889,12.114402239576407,5.433817573222484
frame_sa~w~_69.27_69.42,20.556969498081145,0.0,-0.5222382378577207,409.5372343932477,363.16315958900566,46.374074804242014,25.645924606866743,12.375388941172417,13.270535665694325
frame_ajs_69.42_69.53,12.788574050610919,0.0,-0.6811569956366694,388.2544061799599,346.28577691841434,41.96862926154557,112.89598575283554,41.12913105303929,71.76685469979626
frame_ko~_69.53_69.66,9.07288069581378,0.0,-0.10457286366714925,409.50404088087146,364.0517776210602,45.452263259811275,17.897612737478028,12.86263522863132,5.034977508846708
frame_dZi_69.66_69.72,4.024943298735394,0.0,-0.5918308616929275,401.2120246963552,359.2617190582105,41.9503056381447,4.020608113330468,2.735343149664061,1.2852649636664069
frame_so~j~s_69.72_69.93,105.82120423046561,0.8499999999999943,0.0,390.3030906227319,344.857006699696,45.44608392303587,135.14187901961586,103.42668126624898,31.715197753366887
frame_u_70.78_70.82,,0.5300000000000011,-0.4004612732722467,373.9997624835391,336.0891877277452,37.9105747557939,11.18733836165299,7.861476682917555,3.3258616787354356
frame_nu_71.35_71.42,34.71474328350192,0.0,-0.568935301119254,420.9751606867609,376.0259237325163,44.94923695424461,5.737984223730734,2.9927234005811556,2.7452608231495788
frame_me_71.42_71.51,12.342897512108095,0.0,-0.28044474758785515,415.95936089549014,370.4300081947746,45.52935270071555,19.40165719957122,9.747875287891162,9.653781911680056
frame_ru_71.51_71.58,2.618103792285922,0.0,-0.4004612732722467,410.12885806528504,366.8993266049339,43.229531460351154,4.180601231077532,1.820006651244796,2.3605945798327355
frame_dZi_71.58_71.68,1.0920173720411412,0.0,-0.30463231950690606,404.36022827514944,361.6392507500283,42.72097752512116,11.099455956984116,6.390725981436361,4.7087299755477545
frame_pe_71.68_71.83,5.631336373287212,0.0,0.31953900387607187,417.59426442528513,370.3645409834459,47.22972344183921,36.96180477146527,24.038072246341557,12.923732525123711
frame_so_71.83_72.09,9.946942808255642,0.0,0.6670770610522263,417.82896042896425,365.79502491151425,52.033935517450004,34.93175805753131,27.012188605000887,7.919569452530425
frame_as_72.09_72.18,0.45472380968064385,0.0,-0.9518921806201722,405.7428109936574,363.75098823400685,41.99182275965046,1.6452876488499157,0.7922256936560359,0.8530619551938798
frame_ki_72.18_72.28,91.06570629803065,0.0,-0.3046323195071101,387.05761301373605,345.80161596978337,41.255997043952675,136.33382290437314,96.46905479689724,39.864768107475896
frame_te~j~_72.28_72.42,5.634817179365285,0.0,-0.5426465692960226,415.3475751077748,369.0136807314971,46.33389437627767,22.77213579858403,17.109266740541017,5.6628690580430145
frame_E_72.42_72.5,13.602207010069748,0.0,-0.28411967525885823,409.4142478476714,366.74313385110696,42.67111399656443,17.89242169352832,5.7112932321901155,12.181128461338204
frame_sa_72.5_72.61,42.603078416640216,0.0,-0.5457894031448217,404.04830910314297,362.82072165090824,41.227587452234786,141.30610796839284,52.27856838142955,89.02753958696329
frame_pro_72.61_72.74,17.938034445999733,0.0,-0.6813105687561498,407.878339396234,362.9748724375143,44.90346695871972,7.654794623858351,2.9683250922905415,4.686469531567809
frame_fi_72.74_72.85,132.85933133383725,0.0,-0.017433777321292775,379.50771575535725,340.01919559532985,39.488520160027406,13.794403243787812,8.601777498399656,5.192625745388156
frame_sa~w~_72.85_73.45,11.65231259391544,0.3100000000000023,1.944639789518961,411.9024800646735,353.0235672996015,58.878912765072016,7.2953127693759825,3.369095211039337,3.9262175583366457
frame_mos_73.76_74.16,4.215715789300731,0.0,0.6670770610522263,413.6735667843708,362.51908365095596,51.15448313341483,56.517378460330264,21.95155355991622,34.56582490041404
frame_traX_74.16_74.72,0.048647181104371384,0.14000000000000057,0.6725189292812296,415.5188588993264,358.34150460652984,57.177354292796565,32.10935406344936,25.765173835180832,6.344180228268527
frame_ujs_74.86_75.17,43.893605156178296,0.0,-0.06351321757775319,405.8772079603631,357.71186622845255,48.16534173191053,29.761529064347258,21.156513836612504,8.605015227734754
frame_prOjs_75.17_75.56,17.27997577393424,0.0,1.29629568182965,417.636237949519,365.2787873589033,52.35745059061571,91.96342903250317,36.61278242347697,55.3506466090262
frame_i_75.56_75.66,50.45145654059118,0.0,0.4133640359575353,406.636741326903,363.10002211591797,43.53671921098504,29.569820600511775,16.315520059945356,13.254300540566419
frame_ko~_75.66_75.9,1.1427755357398723,0.0,0.35712619478734015,420.80102958129487,370.3610815042613,50.43994807703359,31.989960083790862,23.444287400127536,8.545672683663327
frame_tras_75.9_76.05,3.473502911219299,0.0,-0.6811569956366694,409.42453480975985,365.47189049803956,43.95264431172035,39.32422250339974,12.331156059571413,26.993066443828326
frame_da_76.05_76.15,7.035748196105999,0.0,-0.4104218106529742,410.7321202552272,369.259556240547,41.47256401468019,20.113071853643618,8.454626986350064,11.658444867293554
frame_pro_76.15_76.26,2.318549233535691,0.0,-0.6813105687558761,408.2010700759449,363.9719000609265,44.22917001501844,19.284623376636006,11.253696064268553,8.030927312367453
frame_fi_76.26_76.39,78.17305336543001,0.0,-0.5918308616929275,397.3584380435225,352.31839910210715,45.04003894141533,222.4542734810422,120.43744076864678,102.01683271239541
frame_sa~w~_76.39_76.79,65.09507130748352,0.0,0.5349952024465,400.95673112898055,349.01953224192994,51.93719888705067,207.17364490044832,93.11733117475038,114.05631372569795
frame_u~_76.79_76.85,179.42279710932468,0.0,-0.5061620850580649,379.94811929876755,339.59732376763975,40.35079553112786,6.335082202724344,2.9407574492315263,3.3943247534928176
frame_e~_76.85_76.88,,0.0,-0.9896628005604128,365.39339670768965,325.78511255812174,39.60828414956791,,,
frame_ta~w~_76.88_77.32,24.475474859862146,0.2400000000000091,-0.3460326644736005,403.60689452042425,349.7405207242373,53.86637379618702,224.98464932673593,66.25290418468921,158.73174514204672
frame_ne_77.56_77.82,19.076203555719673,0.0,1.919495674446165,409.9513147909692,362.87177616091947,47.07953863004974,26.09942546556033,10.20658212605602,15.89284333950431
frame_si_77.82_77.94,60.51488141261382,0.0,0.12616549377171793,379.50319710786505,337.0964301255466,42.40676698231846,199.27053750943713,106.26112702211034,93.0094104873268
frame_paX_77.94_78.13,41.15468575940585,0.0,-0.004319033177816099,409.36631179590944,363.8125926373324,45.55371915857705,36.79549184568609,29.97418058921835,6.821311256467737
frame_tSi_78.13_78.21,152.25227061667124,0.0,-0.44823159060012085,388.24536154090947,346.6642620645836,41.581099476325846,2.9994607385206677,0.8590715890288934,2.1403891494917744
frame_ku_78.21_78.36,57.86080237336253,0.0,-0.23198724542499993,407.48514820035905,360.7727455107072,46.71240268965187,30.315885891811888,19.999127443902466,10.316758447909422
frame_laX_78.36_78.74,24.132868138885442,0.0,0.6725189292810372,406.4750961831429,354.45877192601984,52.016324257123074,79.2804328468462,53.95069957242913,25.329733274417066
frame_sO_78.74_78.85,132.76957468976798,0.0,-0.6077321556844479,391.440773223103,349.6594749617995,41.781298261303505,1.672161007113388,0.8732868501176512,0.7988741569957369
frame_nE_78.85_79.0,30.05936737281172,0.23000000000000398,-0.8152726079883332,396.402979334307,352.4277337050474,43.97524562925963,19.49567967073577,7.835372694565223,11.660306976170546
frame_sEX_79.23_79.32,102.79919280118317,0.0,-0.8152726079883332,377.7824289202474,337.102001169607,40.68042775064043,66.07196056521924,45.16599764386696,20.905962921352284
frame_tu_79.32_79.46,56.6598699733747,0.6300000000000097,-0.06351321757799261,392.72871271751467,348.93654699462195,43.792165722892776,148.59980487988852,59.30461274687664,89.29519213301188
frame_a_80.09_80.34,4.953167249555008,0.0,2.0261948541989363,417.06867947051103,367.806424481904,49.262254988607026,23.92638045208929,14.308591223609795,9.617789228479495
frame_gO_80.34_80.41,545.0652538488271,0.0,-1.2424081015225559,385.4839293019619,347.5126527649693,37.971276536992605,9.869565360356546,4.823617330752427,5.045948029604119
frame_ra_80.41_80.47,51.22922482747626,0.0,-0.9518921806201722,387.9771740995362,348.5353286258702,39.441845473666035,2.3327618650328077,0.6076898101934773,1.7250720548393303
frame_ajs_80.47_80.64,113.69260324542398,0.0,-0.2750542181613189,405.8312883656122,360.9945799100848,44.8367084555274,41.207547965175245,12.08397795032559,29.123570014849655
frame_pro_80.64_80.77,64.86043545683805,0.0,-0.10343015598117057,413.8740576855282,369.55459077085675,44.31946691467141,21.276980737786317,7.093059050314594,14.183921687471724
frame_fi_80.77_80.83,64.94272817267517,0.0,-0.5918308616929275,384.94596906302996,347.3223390987447,37.62362996428527,5.722088409097353,3.9747711632851974,1.7473172458121553
frame_so~j~s_80.83_80.96,84.01228171845264,0.0,0.0,403.87634911622956,358.3621104482537,45.51423866797586,215.02809421052956,159.88745161053293,55.140642599996625
frame_majs_80.96_81.15,3.4354983340433307,0.0,-1.027970980575472,415.86581805920684,367.185957696852,48.67986036235487,37.298541695833876,19.584175446667302,17.714366249166574
frame_va_81.15_81.36,25.839413221323923,0.0,0.537151336789382,413.8706793483549,365.48078320780974,48.38989614054515,20.739053688121118,7.908668613242071,12.830385074879047
frame_lo_81.36_81.67,8.27068781575656,0.0,-0.4104218106529742,412.9102073792126,360.812072277564,52.09813510164855,31.58684230037784,21.297022533189676,10.289819767188163
frame_ri_81.67_81.81,21.172519053575456,0.0,0.41336403595773935,403.35632242243986,359.1224530103809,44.23386941205894,8.765762676693072,2.7808074988321323,5.98495517786094
frame_za_81.81_82.07,24.924936756615523,0.0,1.484724484231738,408.747881271158,361.46308011506994,47.28480115608801,35.2290725006267,16.889516374440802,18.339556126185897
frame_das_82.07_82.36,55.57728234715347,0.6299999999999955,-0.2750542181613189,404.02680286255156,355.368306834729,48.65849602782254,119.65734154202923,36.51531792956965,83.14202361245958
frame_o_82.99_83.1,0.33307335386336945,0.0,0.6670770610522263,413.23510705864106,368.93981859653866,44.295288462102405,4.382702759171792,1.8915665992591357,2.4911361599126565
frame_Zi_83.1_83.24,15.304417449569826,0.0,-0.5918308616929275,407.7973044236891,362.2149568756998,45.58234754798934,24.854508848112204,12.349027718425873,12.50548112968633
frame_e~j~_83.24_83.4,20.103587757848402,0.0,0.5003913036542916,404.8793339656002,360.67735066872496,44.201983296875255,3.090408074978143,1.3531246806718684,1.7372833943062744
frame_dZi_83.4_83.62,34.75149072024993,0.0,0.987761120329374,414.9280677761367,366.5318205656465,48.39624721049023,81.08484435705216,31.932917648860496,49.15192670819167
frame_a_83.62_83.65,9.969897054847507,0.0,-0.9518921806201722,398.0075259320048,355.17420476149357,42.833321170511226,6.2935987457551335,3.0172760063555017,3.2763227393996317
frame_ew_83.65_83.9,110.31363553356162,1.5899999999999892,-0.28044474758813936,397.5826345616373,351.5707313108825,46.011903250754756,27.729266004332167,9.077000084781076,18.65226591955109
frame_a_85.49_85.63,57.6172429784597,0.0,0.537151336789382,418.67179129030643,372.05361578789604,46.618175502410395,60.086435358080564,20.325678531437802,39.76075682664276
frame_Su_85.63_85.71,65.7253947214862,0.0,-0.5689353011194934,395.88535535035567,354.1473185652436,41.738036785112,55.180429134940255,28.41372887368692,26.766700261253334
frame_ki_85.71_85.89,27.829736346736155,0.0,0.7005625781435567,418.7092594837904,372.1796478376634,46.529611646126966,52.75430146636606,13.303101649008966,39.45119981735709
frame_o_85.89_86.04,1.1443271621210727,0.0,1.4375842780856232,422.94785395936196,374.7680117828354,48.17984217652656,41.65660938287314,19.05708227445558,22.59952710841756
frame_Zi_86.04_86.14,14.230136096756326,0.0,-0.3046323195071101,428.8122223323338,382.05830234792404,46.75391998440978,12.74638398127027,7.06204724922668,5.68433673204359
frame_e~j~_86.14_86.26,31.843799921329065,0.0,-0.39364115887470047,418.41012171959017,373.14701307268524,45.26310864690487,22.241088063862605,10.8838804048614,11.357207659001205
frame_dZi_86.26_86.35,32.14961228849822,0.0,-0.3046323195071101,421.5745784036893,375.4742951788766,46.1002832248127,88.55949415244129,36.81745101734043,51.74204313510086
frame_a_86.35_86.4,128.81020076803227,0.0,-0.681156995636477,418.29414492088097,375.3812569905111,42.91288793036989,19.883515013247347,4.492182942957129,15.391332070290218
frame_i_86.4_86.43,109.24021156243,0.0,-0.5918308616929275,384.61436830521234,343.5668010607595,41.047567244452864,0.3845792819859639,0.16712244292386913,0.2174568390620948
frame_se~_86.43_86.84,25.96211671465943,0.0,1.8414399974472502,417.8406260770553,363.53345374219066,54.307172334864674,75.32597600476544,36.794334201931605,38.53164180283383
frame_pri_86.84_87.29,163.3622753557325,0.4399999999999977,2.710952373444686,398.79346744074235,345.7596879726708,53.03377946807154,112.94972502182188,77.10942606917283,35.84029895264904
frame_na_87.73_87.85,5.596059709605555,0.0,-0.5457894031450141,413.26107078384877,367.91310707359094,45.34796371025783,4.531007991857621,1.3051898991403164,3.2258180927173044
frame_mi~_87.85_87.92,6.141478626810084,0.0,-0.9271294991047099,411.96586424497707,367.8435195478337,44.122344697143376,6.757329474723321,4.026017456208393,2.7313120185149273
frame_Ja_87.92_88.03,8.558487484691682,0.0,-0.6811569956366694,411.3397288569385,367.36811686048355,43.97161199645495,24.970099837825387,11.435009540898989,13.535090296926398
frame_o_88.03_88.06,0.5531070972142231,0.0,-0.8739373730142938,375.53932109127095,334.8265242886986,40.71279680257237,3.5750167450858896,1.7546997695470168,1.8203169755388728
frame_pi~_88.06_88.16,21.02250937178701,0.0,-0.4481125912338719,404.018632169893,360.77063435342836,43.24799781646465,20.17369709153013,13.292318492013237,6.881378599516893
frame_ni_88.16_88.27,3.908642025774725,0.0,-0.5918308616929275,408.822827271044,365.44870813287264,43.37411913817135,38.16432925344293,17.24142960248645,20.92289965095648
frame_a~w~_88.27_88.44,7.421776609585493,0.0,0.5349952024465,411.06338534421354,366.12979057750806,44.93359476670548,51.68862080263909,27.537878995278334,24.15074180736076
frame_fo_88.44_88.5,1.7543010018838743,0.0,-0.8739373730142938,377.6240381077374,337.5558397971339,40.06819831060352,27.144566063594567,13.835563299958181,13.309002763636386
frame_ra~w~_88.5_88.76,128.3848601291508,0.09999999999999432,0.88740634921449,381.62682317133863,334.5562507516622,47.070572419676466,44.543343568880886,19.3275091486622,25.215834420218684
frame_a_88.86_89.16,52.08702887427921,0.0,2.7030328166577897,418.8370495008074,366.59909825070855,52.23795125009883,35.98650373694409,14.450191857541455,21.536311879402632
frame_a_89.16_89.26,24.714430830219754,0.0,-0.004319033177623731,405.30305999182474,365.4116147234806,39.891445268344114,28.361075361466646,9.57738937577011,18.783685985696536
frame_pro_89.26_89.38,24.71709983569184,0.0,-0.8739373730142938,404.90196823672903,359.97744722197666,44.92452101475237,14.683650955659914,7.266779960367501,7.416870995292413
frame_fi_89.38_89.44,1.89307299728614,0.0,-0.5918308616929275,391.98953840582897,350.79268947497974,41.19684893084923,21.819009517539456,10.860143918413797,10.958865599125659
frame_sa~w~_89.44_89.61,7.962707883362043,0.0,0.006378482294389633,410.8108354031883,364.96923378390204,45.84160161928628,35.18751106104969,25.77444464163287,9.413066419416822
frame_dZi_89.61_89.67,33.93009659999532,0.0,-0.5918308616929275,406.6140643098931,363.54480733132704,43.069256978566045,20.631404891666648,6.86503810868399,13.766366782982658
frame_mE_89.67_90.03,15.486395466641682,0.0,1.5218002960214778,412.41966949914445,362.32876482009664,50.09090467904781,73.57116734444136,38.46117891598462,35.109988428456745
frame_dZi_90.03_90.15,96.71395832793806,0.0,-0.4482315905999168,384.3492211747101,342.3622454751947,41.986975699515426,132.3993003612826,91.72051818940747,40.67878217187512
frame_ku_90.15_90.26,7.862287506147709,0.0,-0.568935301119254,404.580149081044,360.25761958726184,44.322529493782156,4.550552147342302,2.602390447000033,1.9481617003422684
frame_e~_90.26_90.32,15.130488351877517,0.0,-0.5426465692962344,404.0886339327293,362.2637707480792,41.8248631846501,0.7882305490268493,0.5125604705723958,0.27567007845445346
frame_Ze_90.32_90.43,1.6815913458488296,0.0,-0.8804284990517822,404.5119508410267,360.2932180619326,44.218732779094125,23.787756937560033,10.382253268046952,13.405503669513081
frame_Jej_90.43_90.85,12.8095165359492,0.0,-0.8804284990520664,405.56944661140324,351.69545617346574,53.87399043793749,34.943071393684164,17.934286339286103,17.00878505439806
frame_ru_90.85_90.91,21.196591766969135,0.0,-0.568935301119254,401.6985392516448,359.54641215779316,42.15212709385162,0.7849834153677193,0.17646247462226938,0.6085209407454499
frame_adZ_90.91_91.05,26.465637324784325,0.0,-0.8165245881283246,401.90427890207883,356.3495125024508,45.55476639962802,36.94466100160861,25.302717727001806,11.641943274606803
frame_vo_91.05_91.22,13.88933143189422,0.0,0.28182345253566476,407.7048624135768,361.6691399858441,46.03572242773271,40.305181776303584,14.482617481175538,25.822564295128046
frame_ga_91.22_91.77,26.433206701098413,0.0,4.733546704034541,405.95061059483595,351.11475637787726,54.835854216958694,41.7100304328759,24.43253834746568,17.277492085410216
frame_du_91.77_91.97,128.3679296722409,0.4000000000000057,1.2842790051995026,390.9625217168841,345.0503369371369,45.912184779747236,45.82728442744936,29.052950479392493,16.774333948056864
frame_aX_92.37_92.5,27.612201567910404,0.0,-0.6811569956366694,400.66379829759194,357.842872989163,42.82092530842891,23.141084932552474,14.555853479095902,8.585231453456572
frame_ki_92.5_92.69,37.19259254149327,0.0,0.7005625781435567,408.32090599064543,362.4528500305781,45.86805596006735,50.105707865221234,22.51313329341704,27.592574571804192
frame_tE_92.69_93.12,25.752149029042528,0.0,2.4778755749346235,410.9463299778684,357.75924202322255,53.18708795464585,127.49923020203855,55.86528189938818,71.63394830265037
frame_tu_93.12_93.42,124.94983542572345,0.4399999999999977,0.9473309495052484,384.91778675747673,336.04297796968376,48.87480878779297,3.299888789205852,1.671519791531459,1.628368997674393
frame_u~_93.86_93.89,5.828434784728557,0.0,-0.7320718500148138,398.7009375034798,356.0074075429386,42.693529960541184,3.4328566403868592,1.9914503828735803,1.4414062575132789
frame_ma_93.89_93.97,9.787464038958007,0.0,-0.6811569956366694,413.1971657503174,369.69980617800474,43.49735957231269,1.532196877521784,0.5527634630805665,0.9794334144412176
frame_pro_93.97_94.11,25.225144318159636,0.0,-0.48868376449773215,412.7053961775219,366.9641898655903,45.74120631193159,5.297455966781996,3.3154663291747113,1.9819896376072847
frame_fi_94.11_94.23,27.035281598422188,0.0,-0.017433777321088705,391.0602499184986,347.81481175441627,43.245438164082316,11.216279898296534,3.6185441364729627,7.5977357618235715
frame_sa~w~_94.23_94.41,6.617276916273852,0.0,-0.698443811241841,412.77896923656976,367.14485530182867,45.634113934741094,56.69950691532759,29.655372396952487,27.044134518375103
frame_poX_94.41_94.51,6.789151366037515,0.0,-0.8739373730142938,410.81053329818724,366.4551450597544,44.35538823843291,13.810582660849349,7.730467511853419,6.0801151489959295
frame_e_94.51_94.54,3.4906298206209954,0.0,-0.8804284990517822,390.2989665263647,350.3050063341116,39.9939601922531,0.3892771303863469,0.2541210987915292,0.1351560315948177
frame_ze~_94.54_94.66,6.076897003451904,0.0,-0.39364115887470047,409.59571279822507,364.5112586822097,45.084454116015365,28.155229943999387,5.245939285405825,22.909290658593562
frame_plu_94.66_94.75,117.63455873310647,0.0,-0.568935301119254,393.43879879385423,350.9085916963798,42.53020709747443,7.354585285998624,3.3551696135175177,3.9994156724811063
frame_ki_94.75_94.83,8.855037934507521,0.0,-0.3046323195071101,410.58576528692254,369.5840322710196,41.001733015902914,18.664695198441166,11.592619526999982,7.072075671441183
frame_ew_94.83_94.89,10.841534753891551,0.0,-0.8804284990517822,416.3228462038651,373.5570181204407,42.765828083424424,7.101153943478863,4.907119522003171,2.194034421475692
frame_a_94.89_94.94,0.8887198736432254,0.0,-0.6811569956366694,405.257705955391,364.77464195227367,40.483064003117306,0.9037597629943548,0.40989334084284224,0.49386642215151255
frame_Su_94.94_95.11,17.753223032410006,0.37000000000000455,-0.40046127327200726,394.6859966995411,351.57126998992504,43.114726709616036,15.297823033223352,9.777882680953468,5.519940352269884
frame_to_95.48_95.66,137.6486740474429,0.0,0.6670770610522263,416.7880238085356,371.29043211167243,45.497591696863196,44.390930610027226,16.68173926854263,27.709191341484598
frame_taw_95.66_95.8,52.50657312027363,0.0,-0.816524588128517,418.9177221950823,371.3188853244303,47.59883687065195,139.4515283355618,100.37312098682747,39.078407348734316
frame_me~_95.8_95.92,12.780601423163716,0.0,-0.3936411588744887,415.4853537101129,370.82511571380394,44.66023799630898,20.609617276595742,10.12914219790278,10.480475078692962
frame_tSi_95.92_96.0,11.442014838272343,0.0,-0.5918308616929275,390.09035136109634,348.41324843206905,41.677102929027285,17.517627969353157,5.88821428203633,11.629413687316827
frame_dez_96.0_96.15,66.05950994854487,0.0,-0.8804284990517822,401.4875945601551,355.3849856243788,46.10260893577629,98.45240747075147,16.565444013587665,81.8869634571638
frame_va_96.15_96.27,34.696828426817575,0.0,-0.1396866256696637,416.0576670779205,371.45350491504405,44.604162162876435,17.086455058785276,5.245515733822344,11.840939324962932
frame_lo_96.27_96.39,41.73165504696743,0.0,0.08919664827724709,414.5616825490667,369.13772899627605,45.423953552790636,10.288276347709086,6.208452850630579,4.079823497078507
frame_ri_96.39_96.48,48.845044292838054,0.0,-0.3046323195071101,408.45822992348457,363.987013643971,44.471216279513555,6.162965351102628,2.5773751563592953,3.5855901947433324
frame_za_96.48_96.66,43.128782663225394,0.0,0.26641615180568673,415.6254267293791,368.1347358022916,47.49069092708754,30.80723363608564,10.422724167190665,20.384509468894976
frame_da_96.66_96.77,45.120428170600064,0.0,-0.4104218106531665,413.3773359755075,370.1241243250066,43.25321165050087,7.055384040160504,3.3397911279568007,3.7155929122037037
frame_o_96.77_96.84,27.334681329034822,0.0,-0.10343015598089683,408.4637366797824,366.24311491797346,42.2206217618089,11.56182012587064,3.56505795601052,7.996762169860119
frame_Zi_96.84_96.91,33.295179571910495,0.0,-0.5918308616929275,388.97104492879595,349.7615049766938,39.20953995210215,0.8416412386059164,0.5568695995102075,0.2847716390957089
frame_E_96.91_96.94,22.059339949902835,0.0,-0.8152726079883332,392.3332146448349,352.2183643963294,40.11485024850555,1.3002311318037982,0.6485518255294664,0.6516793062743318
frame_dZi_96.94_97.02,20.513446588832608,0.0,-0.3046323195071101,399.9136003757055,361.7989682087648,38.11463216694068,13.446539658086778,3.8088911036491027,9.637648554437675
frame_pro_97.02_97.15,36.063285584975404,0.0,-0.2960569602393145,413.33214908816365,368.205097943277,45.12705114488665,15.801540902080717,4.327608955181404,11.473931946899313
frame_fe_97.15_97.26,46.33455322991199,0.0,-0.28044474758785515,412.0757304611401,366.96481595697753,45.110914504162565,20.442322461727144,9.660574686660595,10.781747775066549
frame_so_97.26_97.43,34.3130337615691,0.0,-0.2960569602393145,411.9304624466227,365.317875621,46.612586825622714,31.77151720379635,16.519395405980447,15.252121797815903
frame_ra_97.43_97.52,8.38318488755462,0.0,-0.5457894031448217,401.8030331879125,361.7749445859941,40.0280886019184,12.193001130509856,3.2828050658491748,8.910196064660681
frame_pri~_97.52_97.65,39.246899863946965,0.0,-0.7674571964810216,408.56453928484945,363.1504503551829,45.41408892966655,49.77734769892322,18.308936275902738,31.468411423020484
frame_ma_97.65_97.9,66.98385688211513,0.0,0.8078865217730772,409.23924120342986,360.8499279682187,48.38931323521115,174.5611274103677,88.47096503163405,86.09016237873365
frame_ria_97.9_98.0,169.36859026060455,0.6400000000000006,-0.5918308616931316,376.20298137914693,335.03924530951,41.16373606963691,36.128980180842746,20.383036705078794,15.745943475763951
frame_pro_98.64_98.74,206.4821693917623,0.0,-0.8739373730142938,377.57275673428285,335.9485414280912,41.62421530619167,3.011684961270838,1.7839552074652119,1.227729753805626
frame_fe_98.74_98.81,45.18413778295837,0.0,-0.6804339152303784,401.0108705136746,358.7422755428802,42.268594970794425,28.31155705716472,10.74973421855006,17.56182283861466
frame_so_98.81_98.92,18.853326193258113,0.0,-0.8739373730142938,409.33602184203306,365.16700325770023,44.16901858433283,8.441631549757886,5.956364326951615,2.4852672228062715
frame_ra_98.92_99.02,27.95626519482883,0.0,-0.4104218106531665,408.5624309989016,367.19820785490083,41.36422314400079,9.941294594453126,6.032320816417922,3.908973778035204
frame_pri~_99.02_99.11,21.28298055086671,0.0,-0.9271294991047099,408.3063346442652,364.61091946637583,43.695415177889345,20.86334548658911,11.799237076470575,9.064108410118536
frame_ma_99.11_99.48,13.635585167099663,0.0,2.8384004091496373,411.2301603600347,360.5609485253068,50.66921183472789,24.167846044051743,9.002645384646172,15.16520065940557
frame_ria_99.48_99.58,47.294317643506076,0.0,-0.5918308616929275,405.65453958835457,361.8645465380662,43.78999305028839,20.340074919875917,12.39578596806848,7.944288951807437
frame_E_99.58_99.69,35.73078242914514,0.0,0.03457208437885701,411.6020311788475,367.03018765356387,44.571843525283555,4.705393644052947,2.3029219665203016,2.4024716775326453
frame_E_99.69_99.96,0.4597329775916137,0.0,1.7342614691132376,412.69352027239427,363.7494916864992,48.94402858589507,48.22971368726709,29.00511882032373,19.224594866943363
frame_la_99.96_100.05,13.515117503822466,0.0,-0.5457894031448217,382.9091655685628,341.6370361009224,41.27212946764041,12.837362131902069,5.167624600069871,7.669737531832197
frame_E_100.05_100.09,209.5756787750673,0.0,-0.7090420214423779,370.62678818066746,331.9350060907817,38.69178208988575,2.423227497266069,1.6637663144232278,0.7594611828428413
frame_to_100.09_100.29,151.39261232107344,0.0,1.2449574738272056,416.0342158113654,370.47862454816425,45.555591263201165,52.06237953273302,27.400099241388602,24.662280291344416
frame_taw_100.29_100.41,43.00450901238787,0.0,-0.816524588128517,419.90400496579105,373.0514140340921,46.852590931698956,60.90312422531969,40.24694361263556,20.656180612684125
frame_me~_100.41_100.54,32.58475767066574,0.0,0.05337507238990144,416.5737074830121,372.74254259969223,43.831164883319786,21.75953075173777,7.958951001776029,13.800579749961742
frame_tSi_100.54_100.61,24.32886116127827,0.0,-0.4482315905999168,400.7430374553922,360.70219209955275,40.04084535583945,39.835083467584354,23.584996244126614,16.25008722345774
frame_dez_100.61_100.72,18.905413197817666,0.0,-0.8804284990517822,393.0673884651201,349.071987529344,43.99540093577605,35.93299524990931,12.217887267986441,23.71510798192287
frame_va_100.72_100.84,2.996771581616372,0.0,-0.13968662566947132,411.8416341655235,367.27138686981954,44.57024729570395,29.459147806460805,11.697988539936489,17.761159266524317
frame_lo_100.84_100.97,3.9065822906160292,0.0,0.28182345253566476,412.6479225588451,366.9114693431067,45.73645321573838,8.721181250195059,4.503401282311017,4.2177799678840415
frame_ri_100.97_101.08,21.802399433285018,0.0,-0.017433777321292775,411.46124136940676,366.46382594624794,44.99741542315883,11.920548762493524,5.255762690119241,6.664786072374284
frame_za_101.08_101.38,27.270449104200168,0.0,1.0786217067563877,417.99992358263125,366.2391553534171,51.76076822921419,55.378346087753755,15.493773606195049,39.884572481558706
frame_da_101.38_101.47,78.95272191048994,0.3400000000000034,-0.6811569956366694,408.1676123976779,366.06440165207704,42.10321074560085,12.407642719066217,6.817341936668981,5.590300782397236
frame_i~_101.81_101.93,31.402669405733178,0.0,0.5099212245078041,410.9274551671515,367.20637524568417,43.72107992146732,25.667719683858024,7.320420900268886,18.34729878358914
frame_ku_101.93_102.24,0.7728870475195038,0.0,2.800545255823766,415.7718324808749,364.68583199976405,51.08600048111083,54.97543042996665,35.07564828996874,19.89978213999791
frame_i~_102.24_102.37,9.778739929145559,0.0,0.6695935271314923,417.3185784160762,371.1693981605428,46.149180255533395,9.33484843851403,4.100104648578878,5.234743789935152
frame_klu_102.37_102.56,11.837815163541222,0.0,0.10496081026949355,413.71519840038263,365.2789617612172,48.43623663916543,24.23376869938599,11.07326046762725,13.16050823175874
frame_zi_102.56_102.73,35.86089120159366,0.0,0.556963307050546,417.86743103726445,370.6936375505698,47.17379348669465,110.81788164465448,36.6505708845645,74.16731076008998
frame_vi_102.73_102.81,23.178947055928205,0.0,-0.3046323195071101,417.0976885884303,372.42052937634935,44.677159212080994,9.163055323036303,3.4148446279359064,5.748210695100397
frame_u_102.81_103.08,32.63578283121339,0.0,3.4744413672125134,420.93938110877826,369.3629190349575,51.57646207382078,81.71473537778675,49.22931693988136,32.485418437905395
frame_ni_103.08_103.25,17.000918852846667,0.0,0.556963307050546,414.4154735927332,367.34411651291384,47.071357079819336,54.996198566606495,25.07727594738074,29.918922619225754
frame_vew_103.25_103.39,54.092604394712254,0.39000000000000057,-0.08045016376673561,399.35744382837527,355.5161571093997,43.84128671897548,25.64627574462361,14.231150084874542,11.415125659749066
frame_u_103.78_103.9,,1.2099999999999937,0.9473309495052484,378.8118902199828,337.5021282402406,41.30976197974218,28.42688900569391,15.365393766650193,13.061495239043715
frame_ni_105.11_105.24,15.215231323359916,0.0,-0.3046323195071101,421.5328963777075,374.9691258524382,46.56377052526932,65.14620800354194,23.356421091918435,41.78978691162351
frame_vew_105.24_105.37,47.85451933412779,0.0,-0.8804284990517822,418.8156777171804,373.5915403856069,45.2241373315735,41.64665038994184,19.265035727158022,22.381614662783818
frame_kuw_105.37_105.57,17.18609911903488,0.0,0.10496081026949355,417.45196238284933,370.0837144521276,47.368247930721736,63.149240688390904,35.24568286289974,27.903557825491163
frame_tu_105.57_105.69,136.83343033249918,0.0,-0.23198724542499993,417.637396466166,370.5431395186521,47.09425694751394,4.8085627067232934,3.5474891511456264,1.261073555577667
frame_raw_105.69_105.94,58.3312109254407,0.0,1.0786217067563877,418.3811849852002,368.5991042098915,49.782080775308714,35.9591272361553,22.160909578025013,13.798217658130284
frame_dE_105.94_106.15,21.682959553762288,0.0,0.45949443056252764,421.89420955439033,371.74694216952696,50.14726738486337,127.00288099802711,27.45264656932403,99.55023442870308
frame_la_106.15_106.24,0.19479981593366347,0.0,-0.5457894031450141,417.378127156178,373.6838808444095,43.694246311768495,2.9528837960898215,1.1201940624535212,1.8326897336363004
frame_E_106.24_106.27,1.1529318904226216,0.0,-0.8152726079883332,380.59801083268894,341.75955495453957,38.838455878149375,0.33436928098913654,0.13820849414926784,0.1961607868398687
frame_ko~_106.27_106.39,42.036742946374005,0.0,-0.5662719221212013,419.8579899298268,374.06011191704,45.79787801278678,27.110759838124523,6.890532222914089,20.220227615210433
frame_si_106.39_106.51,37.49171462177665,0.0,-0.4482315905999168,408.62449843623324,363.38348228318256,45.24101615305068,31.909403055529936,11.700980940652926,20.20842211487701
frame_de_106.51_106.61,55.070375790220595,0.0,-0.6804339152303784,419.8757674451786,375.16719202731366,44.70857541786495,43.98148161114517,3.815107311885299,40.16637429925987
frame_ra_106.61_106.77,42.67608968137088,0.0,0.40178374429753433,418.4979562188333,371.46525028424065,47.03270593459263,28.975516181894932,4.150155853327647,24.825360328567285
frame_du_106.77_106.91,57.93116068199711,0.0,0.4419088659637476,417.2348113936429,371.3083391790809,45.9264722145619,79.62582652661405,27.163626689087494,52.462199837526555
frame_baj_106.91_107.23,21.186847873681046,0.0,1.7554596692154334,418.3390228059955,366.9949608722133,51.3440619337822,56.8010882641297,30.3701695323702,26.430918731759505
frame_Su_107.23_107.34,17.624725425572393,0.0,-0.568935301119254,411.44993370542824,365.8598670057243,45.590066699703925,11.060553345757228,5.07424561095354,5.986307734803688
frame_u~_107.34_107.43,13.638500955030139,0.0,-0.28025232010110207,419.463257023809,373.4532731031884,46.00998392062064,7.605644217885981,5.045904235621322,2.5597399822646594
frame_ni_107.43_107.53,25.180075831408516,0.0,-0.1610330484140994,421.11034403125973,375.2702420766865,45.84010195457324,13.828311427476137,5.406008466565424,8.422302960910713
frame_vew_107.53_107.62,11.778247508726821,0.0,-0.8804284990517822,408.97036834015,365.4740480582087,43.49632028194128,31.316413365221337,19.76864337778153,11.547769987439807
frame_kuw_107.62_107.74,30.903935699871425,0.0,-0.5689353011194934,410.7739287043385,366.9569738117157,43.81695489262279,24.11111648961929,7.433501625726535,16.677614863892757
frame_tu_107.74_107.82,34.18737644340408,0.0,-0.5689353011194934,413.71492525464527,369.96149849113147,43.7534267635138,10.185606791690361,6.082675823281136,4.102930968409225
frame_raw_107.82_107.96,31.79399703588436,0.0,-0.2750542181611266,417.47358684254,371.18184567089247,46.291741171647516,55.355108691860636,19.781183747972023,35.57392494388861
frame_baj_107.96_108.17,14.374030009220206,0.0,0.26641615180587913,416.6182990523172,370.0779109472831,46.54038810503408,43.62711290712397,12.894510081960561,30.73260282516341
frame_Su_108.17_108.23,12.082611739736677,0.0,-0.568935301119254,392.96706964356093,351.728645587917,41.23842405564392,17.358701319327565,8.631331028975978,8.727370290351587
frame_u~_108.23_108.26,1.164898026679566,0.0,-0.7320718500148138,396.72862298904096,353.7156340598659,43.01298892917504,13.99402464888965,2.684341977817354,11.309682671072295
frame_ma_108.26_108.34,5.886681640858143,0.0,-0.6811569956366694,415.314133119835,371.2393974517986,44.074735668036396,11.832227728171432,7.2228725261749105,4.609355201996522
frame_pe_108.34_108.44,4.5902937682246545,0.0,-0.48043933140925893,413.50011046149996,368.5136340747187,44.98647638678125,12.548577647125171,4.809424205342339,7.7391534417828325
frame_so_108.44_108.51,0.0114421696163447,0.0,-0.8739373730142938,399.7273788652071,356.76364698121364,42.96373188399343,2.4455156753884353,1.4376267435587806,1.0078889318296547
frame_a_108.51_108.54,39.709558549199784,0.0,-0.9518921806201722,395.7027203797333,355.0055208087844,40.6971995709489,2.285074487486895,1.1807514772976901,1.104323010189205
frame_ki_108.54_108.6,31.003820057739773,0.0,-0.5918308616929275,391.50366437124677,349.6146250826756,41.889039288571155,12.023096449124694,3.762087523283128,8.261008925841566
frame_te~j~_108.6_108.74,23.39147111616009,0.0,-0.2446357484531665,415.7335199278385,371.60092238439734,44.132597543441136,55.490700860704465,26.98058479543994,28.510116065264526
frame_kuX_108.74_108.9,4.279733980116504,0.0,0.2734348381165009,411.575210561043,367.2447179559079,44.33049260513508,69.29566778496579,41.70368867969535,27.59197910527044
frame_su_108.9_108.98,0.6338165080633473,0.0,-0.568935301119254,386.48982832803085,346.01278970939563,40.47703861863522,5.355473796566855,1.7769640070987407,3.5785097894681144
frame_noR_108.98_109.18,39.9666065574242,0.0,0.4744502567940824,411.70537708389435,364.8016935094995,46.90368357439485,48.34878282605939,30.273681061168702,18.07510176489069
frame_maw_109.18_109.42,58.301602338969474,0.0,-0.4104218106531665,411.49595743532313,363.29572925775483,48.200228177568306,20.920066680219918,11.917214272091115,9.002852408128803
frame_o_109.42_109.52,45.89011338177943,0.0,0.4744502567938087,413.4704700942519,368.4953069256374,44.97516316861447,6.715659363196124,2.8328057632055845,3.88285359999054
frame_Zi_109.52_109.61,63.15604264377885,0.0,-0.5918308616929275,403.51926341001644,361.3034314638447,42.21583194617176,11.320949126838713,6.036396641588965,5.284552485249748
frame_sO_109.61_110.11,2.229285275440816,0.5900000000000034,2.7243165599652235,416.744381231212,359.962315286707,56.78206594450501,80.57840962925633,29.730294994148124,50.8481146351082
frame_ko~_110.7_110.85,16.685998612520507,0.0,-0.8740712944241942,414.30598919433487,367.45838244696216,46.84760674737271,8.67716423803381,2.695644904450944,5.981519333582867
frame_si_110.85_110.96,20.161477213681962,0.0,-0.5918308616931316,399.6057973382357,354.63719387774944,44.968603460486236,41.11985044320369,24.042205240850137,17.07764520235355
frame_de_110.96_111.05,13.541781347901804,0.0,-0.8804284990517822,416.8277560895742,372.4014855967455,44.426270492828735,35.842721019266435,5.31446049033093,30.528260528935505
frame_ra_111.05_111.16,2.217656395966685,0.0,-0.2750542181613189,413.8345104252408,368.9992739179016,44.83523650733923,7.0954924164355475,4.273587938919491,2.821904477516057
frame_da_111.16_111.25,5.597818102926169,0.0,-0.5457894031448217,415.0168411267686,371.19902540365746,43.81781572311115,3.738350200974139,1.6240787562274477,2.1142714447466915
frame_a_111.25_111.28,3.6216648312783946,0.0,-0.9518921806201722,379.9889056149766,340.01997356676964,39.968932048206966,3.353913766911063,0.9357608659725543,2.4181529009385088
frame_si~_111.28_111.43,9.48432775233988,0.0,-0.4481125912338719,415.98765728914896,368.8588353692239,47.12882191992503,16.780471725300288,9.963812130193674,6.816659595106614
frame_dZi_111.43_111.5,15.96429550172843,0.0,-0.4482315905999168,410.756743972528,368.3734220295834,42.383321942944576,14.754395432376668,3.1938302695762104,11.560565162800458
frame_ni_111.5_111.64,14.037862856244203,0.0,-0.017433777321088705,416.8114949143591,370.3764385487915,46.43505636556762,14.812388655673942,5.123924745043325,9.688463910630617
frame_vew_111.64_112.18,11.543541337167738,0.28999999999999204,-0.0804501637664514,410.1350937382666,351.73909804930304,58.39599568896358,88.76983564458465,46.056605467180674,42.71323017740397
frame_u_112.47_112.51,,0.4099999999999966,-0.40046127327200726,377.56538533204235,337.2777386822381,40.28764664980423,2.4316641436409867,1.109624850225984,1.3220392934150027
frame_baj_112.92_113.18,58.46903624486703,0.0,0.9432541142647324,418.7467924728811,369.50377831169567,49.2430141611855,137.49444432182347,33.65360598979487,103.8408383320286
frame_Su_113.18_113.31,22.957339661780225,0.0,-0.568935301119254,408.7860266468074,362.55508438179174,46.23094226501564,20.872723477880186,12.485134228896698,8.387589248983488
frame_i~_113.31_113.41,32.863334559674854,0.0,0.19057661926042746,414.44703277900817,369.53368169219823,44.91335108680994,9.881948687698838,5.51375074495121,4.368197942747628
frame_klu_113.41_113.59,3.6061497791593524,0.0,-0.40046127327200726,414.7320280804473,368.0729188226262,46.659109257821115,20.089555414104495,8.196971988030782,11.892583426073713
frame_zi_113.59_113.81,52.3894264301851,0.0,0.987761120329374,419.3374809430298,370.7899966543553,48.54748428867447,132.84863371291684,58.775126925333495,74.07350678758334
frame_vi_113.81_113.89,44.60148555395716,0.0,-0.4482315905999168,419.08419266131716,374.5758001554396,44.508392505877566,47.504413237962524,10.138427754526504,37.36598548343602
frame_ew_113.89_114.07,91.8943572185122,0.0,1.3195119229825223,419.61936827080524,371.8533730061247,47.765995264680555,71.56102759101566,31.531006790585252,40.03002080043041
frame_se~_114.07_114.34,4.235044553975513,0.0,0.7984021244971478,415.9548261335299,368.1080957378251,47.84673039570475,52.19874250894716,26.562385206233103,25.63635730271406
frame_tSi_114.34_114.53,3.77211091102879,0.0,0.8441618492363634,418.35430627667574,370.03908801376326,48.315218262912424,77.59580189702413,53.869504065363344,23.726297831660787
frame_i_114.53_114.56,29.574397747948126,0.0,-0.5918308616929275,391.90891918328094,350.523287679723,41.38563150355793,0.9409488047723471,0.5699957347599138,0.3709530700124333
frame_su_114.56_114.91,67.5292266007502,0.0,1.7897010887410034,406.57714654020623,355.50155002205423,51.075596518152,59.57179773332436,42.12600708592737,17.44579064739699
frame_ki_114.91_115.03,38.81608100432584,0.0,-0.5918308616929275,413.62513845923564,367.42364287651606,46.20149558271959,7.066769960873927,5.632932903567308,1.4338370573066186
frame_ew_115.03_115.09,56.70487848904949,0.0,-0.8804284990517822,408.5048460566286,366.2804490946704,42.22439696195818,11.313945244390226,6.540370982177649,4.773574262212577
frame_sow_115.09_115.27,35.19157071865499,0.0,-0.6813105687561498,418.4426650810444,369.7741434698215,48.66852161122284,31.101952142906043,22.941082230335894,8.16086991257015
frame_noR_115.27_115.42,50.26436539617973,0.0,0.08919664827724709,414.44032827199385,367.8891947381008,46.55113353389305,17.698978277555597,7.9562033963194665,9.74277488123613
frame_ma_115.42_115.58,72.13447692225643,0.0,0.1310485593140315,413.53634470186137,366.2474823909866,47.28886231087478,18.991574168186304,12.911413386024691,6.080160782161613
frame_lis_115.58_115.79,46.562436324780606,0.0,0.556963307050546,417.85395752490285,370.24732488743575,47.60663263746716,107.29916621448427,26.227123539106515,81.07204267537776
frame_ta_115.79_115.92,38.37700922523729,0.3199999999999932,-0.4104218106529742,408.10360075239294,363.97164430449277,44.131956447900166,119.78466983492578,85.44919681121334,34.33547302371244
frame_i_116.24_116.3,62.10364585150029,0.0,-0.1610330484140994,404.0795394287435,363.02473856539655,41.054800863346884,10.955919636271858,5.359779579066753,5.596140057205105
frame_poX_116.3_116.48,14.938820567457242,0.0,-0.2960569602393145,417.63136621943227,370.7859103211938,46.84545589823841,55.1095455677297,15.62990146497043,39.479644102759266
frame_i_116.48_116.61,94.8204918823397,0.0,0.8441618492363634,420.97164088905924,375.0783741904245,45.89326669863476,89.77619987002703,35.538896710687254,54.237303159339774
frame_su_116.61_116.74,81.52605409683616,0.0,-0.568935301119254,395.3799790340921,353.24363967464967,42.136339359442445,24.07175548298062,9.51518884587722,14.556566637103401
frame_ki_116.74_116.83,31.506007882246706,0.0,-0.3046323195071101,418.56438185896707,373.42759669517005,45.136785163797015,39.487865178908066,23.886253033960827,15.60161214494724
frame_ew_116.83_117.02,52.62710724384954,0.20000000000000284,-0.48043933140925893,416.45370460742976,370.47089098694795,45.98281362048181,7.800420853489641,3.066482196317793,4.733938657171848
frame_pro_117.22_117.41,11.55096132413587,0.0,0.28182345253566476,417.1938101382759,370.7481042463948,46.44570589188112,18.759636436198804,10.057573761255355,8.702062674943448
frame_ku_117.41_117.5,6.015182787893991,0.0,-0.40046127327200726,417.8251012781675,372.704110634701,45.120990643466484,9.8250806886347,6.481441259617384,3.3436394290173155
frame_rej_117.5_117.67,27.978382038588734,0.0,0.7195281715185952,414.5380064468338,370.0218769606745,44.516129486159286,36.24845383260737,10.348531341946853,25.899922490660515
frame_fa_117.67_117.79,29.73891343812545,0.0,-0.4104218106529742,413.97139011902783,368.56849894261427,45.40289117641356,44.60218265712828,22.766618383452,21.835564273676283
frame_zeX_117.79_117.94,20.78986470231115,0.0,0.11954442005466814,417.4630464465706,369.6878822434049,47.77516420316573,20.913312269788406,5.369175581865591,15.544136687922816
frame_ow_117.94_118.04,31.299560610624837,0.0,-0.10343015598089683,411.6638165831847,368.60066859474756,43.06314798843715,13.0911316004823,3.7620780725796976,9.329053527902602
frame_trus_118.04_118.26,24.961840559595828,0.0,-0.568935301119254,388.8646821259653,343.24025203520614,45.624430090759176,1.6368136385401613,0.46753429582417994,1.1692793427159813
frame_kuX_118.26_118.48,34.48603441040021,0.0,0.9473309495052484,402.65581966659107,357.8184180321996,44.83740163439148,48.47966378081264,38.1746367545133,10.305027026299342
frame_sus_118.48_118.54,167.0344017077553,0.0,0.0,387.3551126876865,346.4672733248297,40.88783936285682,24.441397017917694,19.48236227426716,4.959034743650534
frame_e~_118.54_118.7,82.54827561807281,0.0,-0.5689353011194934,400.22929469213597,353.71874385763346,46.51055083450251,167.7715330195159,66.93288163145886,100.83865138805706
frame_te~_118.7_118.91,26.683182186989427,0.0,0.5003913036540798,397.70110907165855,350.63843572650444,47.06267334515411,37.03517391245995,17.65177070525843,19.383403207201525
frame_dew_118.91_119.41,5.990784457035289,0.23000000000000398,0.31953900387607187,405.2752068991704,349.58752797550846,55.68767892366196,46.55353956762059,26.09313043181558,20.46040913580501
frame_E_119.64_119.72,22.64368090401254,0.0,-0.28411967525885823,411.9078530441434,368.29069884226794,43.61715420187545,5.585035895328446,1.1999921541397782,4.385043741188667
frame_ew_119.72_119.79,11.509658056476212,0.0,-0.6804339152303784,417.8866283877802,373.90498256591235,43.98164582186786,11.146053567394262,2.8869956922545157,8.259057875139746
frame_a_119.79_119.95,11.475076171885036,0.0,0.8078865217728848,414.63475351187833,368.23301897449346,46.40173453738487,25.820143279898957,12.507247991124927,13.31289528877403
frame_Su_119.95_120.08,119.65341677368995,0.0,-0.568935301119254,391.2874090915689,348.59190451490645,42.69550457666247,194.47877062845726,129.2863857323586,65.19238489609862
frame_ki_120.08_120.14,160.55708515488152,0.0,-0.5918308616929275,373.6729741635518,334.87659443441333,38.79637972913849,30.456473280724737,20.97702668683209,9.479446593892646
frame_to_120.14_120.29,54.73412072469935,0.0,-0.10343015598089683,408.89989754783346,364.47506845103084,44.424829096802625,13.704405802004658,6.484569275040428,7.2198365269642295
frame_taw_120.29_120.44,53.808839125399146,0.0,-0.816524588128517,413.4688523825023,366.83788806660414,46.630964315898154,70.71345773111494,37.56430491098524,33.1491528201297
frame_me~_120.44_120.58,16.602561137967626,0.0,0.053375072389689686,413.8323660511949,367.96278687177386,45.869579179421066,25.281713244394325,14.913522273502963,10.368190970891362
frame_tSi_120.58_120.64,19.29746337999333,0.0,-0.5918308616929275,388.941441124353,348.02915415760344,40.912286966749605,8.759620618980875,6.340443574097549,2.4191770448833267
frame_dez_120.64_120.78,15.453127535153811,0.0,-0.8804284990517822,398.0102994918081,354.46196486526947,43.54833462653863,30.646505100510012,11.50899670935118,19.137508391158832
frame_va_120.78_120.9,7.280894695775629,0.0,-0.2750542181611266,407.23552952604643,362.5567532307716,44.678776295274815,9.000401910779175,3.538751711070205,5.46165019970897
frame_lo_120.9_121.02,12.439278610131197,0.0,-0.10343015598117057,404.9501509387883,360.3439761798206,44.60617475896771,35.91307810922726,10.806722264628661,25.106355844598596
frame_ri_121.02_121.13,11.123056633595382,0.0,-0.017433777321292775,400.39934173144786,357.0971177443761,43.302223987071784,21.435308333069145,9.273674167875242,12.161634165193902
frame_za_121.13_121.44,85.32006266865415,0.0,1.7554596692154334,406.5304403047714,356.551721912861,49.97871839191038,157.69300363967892,79.30807101205673,78.38493262762219
frame_da_121.44_121.52,127.6219497642406,0.7199999999999989,-0.6811569956366694,378.67545589498127,339.3704030015995,39.30505289338174,110.99257310684827,61.75023029317161,49.24234281367666
frame_e~_122.24_122.36,34.78026624567451,0.0,0.3513858932327576,414.22971586090176,370.7337752087265,43.49594065217525,24.24802562991738,8.181530002040574,16.066495627876805
frame_ta~w~_122.36_122.62,94.58397446458218,0.0,1.5922286427507206,420.8644618897258,369.7824512231193,51.082010666606436,35.32697927777548,7.62750565517905,27.69947362259643
frame_o_122.62_122.7,111.19230994558,0.0,0.08919664827724709,418.83495015695246,374.53370320585384,44.301246951098676,15.143533765366783,6.705632959064189,8.437900806302594
frame_Zi_122.7_122.77,74.85826465516999,0.0,-0.5918308616929275,415.1339539529981,371.8359962369908,43.29795771600726,32.48765381784068,15.964099439734468,16.523554378106212
frame_E_122.77_122.81,68.5492273637633,0.0,-0.7090420214423779,406.9469766650368,365.1579368362834,41.7890398287534,17.93896236343494,9.124701546443191,8.814260816991748
frame_va_122.81_122.91,71.46053603789727,0.0,-0.5457894031448217,420.3213099355161,374.77608149901255,45.54522843650358,29.71207075949701,6.174735890653835,23.537334868843175
frame_lo_122.91_123.02,75.71177735518864,0.0,-0.10343015598117057,417.55483766070455,374.53921717086286,43.015620489841695,12.325523514505619,3.432521043257509,8.89300247124811
frame_ri_123.02_123.1,65.28871432332835,0.0,-0.3046323195071101,414.78953661175535,370.95794950057865,43.8315871111767,25.74482504101769,10.686998897030321,15.05782614398737
frame_za_123.1_123.29,58.563195994106536,0.0,0.26641615180587913,419.5230266334155,370.7571956730304,48.765830960385074,38.685254373848636,11.955650788140815,26.72960358570782
frame_du_123.29_123.37,35.0834462322274,0.0,-0.568935301119254,418.49630269758103,373.57504584223244,44.92125685534859,24.19002965933373,8.276071479773123,15.913958179560609
frame_E_123.37_123.48,15.255221142921101,0.0,0.03457208437885701,415.25510471471455,372.07060304860704,43.18450166610751,27.201473369415794,19.508447838310985,7.693025531104809
frame_u~_123.48_123.72,12.665390973441248,0.0,0.84929650468307,407.9959465706829,358.30213280821926,49.69381376246366,55.05421156765493,36.1282548425807,18.92595672507423
frame_u~_123.72_123.82,14.291866739643325,0.0,-0.20494906511555483,414.97289613923846,369.207003971919,45.765892167319464,7.484561545630669,4.019594946808468,3.464966598822201
frame_mE_123.82_124.17,15.178463135423101,0.0,1.840492055659193,416.72955955835624,363.85713534997984,52.8724242083764,26.522501705523723,14.582790922196068,11.939710783327655
frame_dZi_124.17_124.3,32.274647654993345,0.0,-0.5918308616929275,398.39729240931723,354.84660625018824,43.550686159128986,20.4019648077483,12.582108644198598,7.8198561635497015
frame_ku_124.3_124.43,32.03902706283435,0.0,-0.568935301119254,404.59687520833995,359.34143720991926,45.25543799842069,28.69132309265504,19.18666436979234,9.5046587228627
frame_u~_124.43_124.47,47.76862447384434,0.0,-0.6567685950292664,399.1230233685533,358.5380098718231,40.5850134967302,2.6319547112444184,1.2730021330487205,1.358952578195698
frame_e~_124.47_124.5,48.109916887790035,0.0,-0.9896628005604128,388.04469340483615,347.9096181675138,40.135075237322326,4.104526945572843,1.3702537995528417,2.7342731460200014
frame_Ze_124.5_124.67,26.226168862905467,0.0,0.11954442005466814,407.8419780463773,360.9056595195639,46.93631852681335,42.80608890647474,17.066010436829544,25.740078469645198
frame_Jej_124.67_125.02,27.161024726170098,0.0,1.9194956744464493,409.1407683736154,356.2855962950731,52.855172078542296,35.58501290724939,18.762905821312927,16.822107085936466
frame_ru_125.02_125.08,31.427582686512693,0.0,-0.568935301119254,407.3894080507338,365.1767676196188,42.212640431115005,5.3915610625355725,2.8919647510184916,2.499596311517081
frame_u~_125.08_125.15,35.570079445449466,0.0,-0.43085883007230363,411.8631213970689,367.32033182912846,44.54278956794042,2.650962249902875,1.46639882607559,1.184563423827285
frame_adZ_125.15_125.31,44.75712336334925,0.0,-0.4104218106531665,410.77665291243784,363.32019759285123,47.45645531958661,29.536738109226093,8.801326858103664,20.73541125112243
frame_vo_125.31_125.46,26.53131826419306,0.0,0.08919664827724709,414.3063830630196,368.6757711224437,45.63061194057593,34.96737965349533,12.095999505643192,22.871380147852136
frame_ga_125.46_125.77,35.10457555414507,0.0,1.8908272617070887,414.7950444270282,362.710420516128,52.08462391090012,21.475881308074435,9.202774652860711,12.273106655213724
frame_du_125.77_125.83,103.54641099082902,0.0,-0.568935301119254,401.23940221271346,359.4412921462921,41.79811006642137,169.442393059346,98.11603841174825,71.32635464759774
frame_u~_125.83_125.92,27.562581127984544,0.0,-0.28025232010110207,409.05392238970137,364.16848975362046,44.88543263608091,1.6900068391786078,0.6170642163504283,1.0729426228281795
frame_aX_125.92_126.08,94.18306103713766,0.0,-0.2750542181613189,404.77876723197846,359.9566755556914,44.82209167628713,133.7622166931514,61.53966325184098,72.22255344131044
frame_ki_126.08_126.21,10.584260244202142,0.0,0.12616549377171793,405.45449550710845,362.8036283361929,42.65086717091555,46.4328160897569,22.320625846976696,24.1121902427802
frame_tE_126.21_126.58,32.126419443270265,0.0,1.7342614691132376,412.309499316356,360.31749746232794,51.99200185402805,23.10928660814332,16.650576699627692,6.45870990851563
frame_tu_126.58_126.77,165.42977706274286,0.46000000000000796,0.10496081026925415,396.05711236064815,350.0308925039862,46.02621985666195,5.030899926678565,1.6059261942907028,3.424973732387862
frame_i~_127.23_127.26,34.15481410682517,0.0,-0.9271294991047099,379.2194807491363,338.165048772839,41.05443197629734,2.803340235636483,1.139638436252909,1.663701799383574
frame_klu_127.26_127.39,8.501971870944146,0.0,-0.40046127327200726,415.03748520185525,368.05580757788977,46.98167762396548,6.970524503554657,4.734167653830525,2.2363568497241317
frame_zi_127.39_127.45,15.231711865446414,0.0,-0.5918308616929275,406.6638570500264,364.9504343583887,41.71342269163773,0.9301559227089911,0.4213210111432488,0.5088349115657422
frame_vi_127.45_127.51,23.89170691079829,0.0,-0.5918308616929275,411.39792695142455,369.2005838344819,42.19734311694265,23.561610864194336,8.261719911816272,15.299890952378064
frame_ew_127.51_127.58,40.11936790826786,0.0,-0.6804339152306627,400.1008348909912,361.3945312843584,38.706303606632844,15.287105318957686,4.792915014219318,10.494190304738368
frame_a_127.58_127.73,35.68793521170227,0.0,0.6725189292812296,414.987532791689,369.4525456611972,45.5349871304918,48.76084197635572,25.047852615499096,23.712989360856625
frame_Su_127.73_127.82,36.817494673334636,0.0,-0.5689353011194934,393.93197802332077,352.49026279845725,41.441715224863515,30.972924352089706,9.133512457948541,21.839411894141165
frame_ki_127.82_127.91,3.700219043025072,0.0,-0.5918308616929275,413.76546567943853,368.6238029964792,45.14166268295935,20.98137421930818,13.207329625798764,7.774044593509416
frame_E_127.91_128.02,20.439501069410852,0.0,0.034572084379007974,411.8790502407653,369.21564388111557,42.66340635964974,16.789746376675225,8.772304788518568,8.017441588156657
frame_sa_128.02_128.3,59.1943024870439,0.549999999999983,1.3493568917402752,411.86310134718684,362.71019129426816,49.152910052918685,182.27433013936013,45.22320871291629,137.05112142644384
frame_poX_128.85_128.98,60.18962595780053,0.0,-0.8739373730142938,416.00079508093984,369.41027647731414,46.590518603625696,14.905175734500688,9.7921493841813,5.113026350319387
frame_i_128.98_129.04,89.73699737788601,0.0,-0.1610330484140994,408.05174636079494,366.8262713291339,41.22547503166106,18.575117095855035,13.145645753222539,5.429471342632496
frame_su_129.04_129.1,64.25971485512085,0.0,-0.568935301119254,394.93621308910315,352.7992751049638,42.136937984139365,2.0395099194840896,1.3681245599589715,0.671385359525118
frame_ki_129.1_129.17,172.92527923517733,0.0,-0.44823159060012085,413.49380904802354,370.01795347244877,43.47585557557477,2.068970623024711,0.45314413797825637,1.6158264850464548
frame_ajs_129.17_129.27,124.45877052812031,0.0,-0.8165245881281322,409.4157305538049,367.90790997642,41.507820577384905,82.61027120553814,53.78104474782208,28.82922645771606
frame_mu_129.27_129.44,48.17482597478946,0.0,1.2842790051992632,422.4493005401125,373.5827977732707,48.86650276684179,71.49075773180556,47.00048736662512,24.490270365180436
frame_Le_129.44_129.7,13.797933875820291,0.0,1.1195173391611184,420.4787151383183,369.87122843496934,50.60748670334897,37.394300916834084,16.761654575918868,20.632646340915215
frame_ris_129.7_129.92,15.892453975277931,0.0,-0.4482315905997127,410.49560563057497,363.82005213381973,46.67555349675524,13.102558733885758,4.571787406436016,8.530771327449742
frame_paX_129.92_130.19,15.007218835443638,0.0,0.6725189292808448,411.76132314150607,364.3656247131555,47.395698428350556,24.061274066930082,14.480241109724858,9.581032957205224
frame_te~j~_130.19_130.37,35.103679855081566,0.0,-0.9896628005604128,401.32789105716756,357.24046403778254,44.08742701938502,51.93595362842305,35.22752324092659,16.708430387496463
frame_e~_130.37_130.4,35.905811522940695,0.0,-0.9896628005604128,384.6491081076981,345.45144201714066,39.19766609055745,0.2720540076874727,0.17791913911372603,0.09413486857374664
frame_te~_130.4_130.58,31.354910490025446,0.0,0.7984021244971478,406.72581255764726,359.7676676171477,46.95814494049955,17.595076129721747,12.080858127422204,5.514218002299543
frame_e~_130.58_130.82,81.73333840440364,0.0,2.1394508182898946,404.3856028472792,355.14008701790107,49.24551582937812,132.44810408730422,48.982058947325925,83.46604513997828
frame_te~_130.82_131.01,28.277920547134357,0.0,0.5003913036540798,407.56785165998934,360.053782388816,47.514069271173355,19.115678053263366,12.643603246411146,6.47207480685222
frame_de_131.01_131.15,5.825206910314137,0.0,0.11954442005495236,409.0802441496449,364.0942386776094,44.986005472035515,22.0063129541945,5.2055766579411795,16.80073629625332
frame_ra~w~_131.15_131.28,25.142472032298855,0.0,-0.8746493846257108,403.80957055234103,360.60846402258005,43.20110652976098,15.42369293067901,9.481811257150213,5.941881673528798
frame_pru~_131.28_131.67,20.929174876358303,0.45000000000001705,1.3011160345966746,408.0003851034695,356.47485754667764,51.52552755679193,44.24012466219855,18.36041849776325,25.879706164435305
frame_ow_132.12_132.44,34.26705195365753,0.0,1.2449574738269318,407.5871268901787,357.0828507620745,50.50427612810421,120.74956348701033,20.39087791182817,100.35868557518216
frame_pa_132.44_132.53,3.5494153887672155,0.0,-0.9518921806201722,413.70672775821026,368.7215120008598,44.98521575735049,9.596279586728997,6.670170604727247,2.9261089820017503
frame_ra_132.53_132.67,13.844910095423899,0.0,0.13104855931383913,410.2618446159169,367.1066914773922,43.155153138524724,8.321453745711068,3.8998729527664295,4.4215807929446385
frame_se_132.67_133.09,35.737277913623615,0.0,3.9194415126596343,408.71140663281693,357.0634731425158,51.647933490301114,405.2579206447017,343.61692652468014,61.64099412002156
frame_re~j~_133.09_133.24,32.50964330355882,0.0,-0.8406573901390906,405.49879094155585,362.2122178550744,43.28657308648144,18.09601806690239,8.430671142587386,9.665346924315003
frame_adZ_133.24_133.34,11.263115838127987,0.0,-0.4104218106531665,411.91319255529027,368.1298792143991,43.783313340891084,20.862911273618437,11.507119886406144,9.355791387212292
frame_vo_133.34_133.5,11.200498125141024,0.0,0.6670770610525001,412.12388732679557,367.1231619993904,45.00072532740518,35.424719171472276,9.252616699273233,26.172102472199043
frame_ga_133.5_133.89,32.89135312638135,0.0,3.244503186624603,409.41315064864693,356.0838568932933,53.32929375535366,37.19874537043438,13.377574463039679,23.821170907394702
frame_das_133.89_134.05,34.34432516058192,0.0,-0.5457894031448217,408.3144452282047,361.3758942762654,46.93855095193925,21.976809120096476,10.008821207123106,11.96798791297337
frame_e~_134.05_134.16,24.122866520085296,0.0,0.2023804828110119,406.860837082985,363.451701311981,43.409135771003946,5.333874567553437,2.347867842128636,2.986006725424801
frame_Ze_134.16_134.32,22.099455135864616,0.0,1.1195173391611184,407.37135838124595,361.5562977409621,45.815060640283775,17.380855030911988,6.146934149400977,11.233920881511011
frame_Jej_134.32_134.55,27.149832978601523,0.0,-0.08045016376616719,409.30304194084385,361.11574701540485,48.187294925439005,22.24893854736422,8.194910750381126,14.054027796983092
frame_ras_134.55_134.67,31.922625143438353,0.0,-0.5457894031452065,408.27094493358,363.73380637580095,44.53713855777903,8.652800393266403,4.9924086287941805,3.660391764472223
frame_aX_134.67_134.77,15.94406299501108,0.0,-0.5457894031448217,405.68568869322604,363.3100639860094,42.375624707216616,8.792215630339484,5.311035518108611,3.4811801122308736
frame_ki_134.77_134.91,0.7790149500104349,0.0,0.12616549377151387,405.7110953286308,361.25818142927005,44.45291389936074,23.65067499033796,13.972607429262382,9.67806756107558
frame_te_134.91_135.06,0.28241684124046174,0.0,-0.08045016376673561,413.8345880551733,369.39082361773916,44.44376443743414,7.013054860480281,3.619892136549396,3.3931627239308852
frame_tas_135.06_135.18,29.780705170015125,0.0,-0.9518921806201722,407.8635830012141,364.07316903295714,43.790413968256985,27.810717850775717,15.472171098203887,12.33854675257183
frame_koj_135.18_135.28,36.12718033476742,0.0,-0.8739373730142938,412.5236597797703,369.4697488477977,43.05391093197261,25.00078241382363,13.707109929932983,11.293672483890646
frame_za_135.28_135.34,37.884955803319,0.0,-0.9518921806201722,387.4067600917092,347.25433126687915,40.152428824830054,1.1312907179033687,0.7309546822031336,0.400336035700235
frame_ki_135.34_135.4,72.10930848427842,0.0,-0.5918308616929275,410.44527986888073,367.71743403141704,42.72784583746369,1.7826201011765193,0.9718773641213261,0.8107427370551932
frame_a_135.4_135.43,49.305333098798286,0.0,-0.9518921806201722,397.20458754664446,354.52415016643835,42.680437380206115,5.343747377903327,3.4271121303360985,1.9166352475672284
frame_Ze~_135.43_135.5,44.239727466727544,0.0,-0.8406573901390906,402.97009774983815,364.1192669286766,38.85083082116154,6.182295077892377,2.0165710190538277,4.165724058838549
frame_tSi_135.5_135.58,72.22587653536834,0.0,-0.5918308616929275,405.8435597033484,361.81733099015224,44.02622871319613,28.401785635638078,10.022735634865569,18.37905000077251
frame_na~w~_135.58_135.7,82.88182858841623,0.0,-0.34603266447410125,416.3702617329267,371.83973558175103,44.53052615117565,10.724176891431455,2.919901736926249,7.804275154505206
frame_e~_135.7_135.73,76.08191489379794,0.0,-0.9896628005604128,383.73534252956455,342.93292758108186,40.80241494848269,2.74638108452433,1.870263886435339,0.8761171980889912
frame_ko~_135.73_135.88,53.912205384238405,0.0,0.04932682248412851,417.5377570955476,372.0625045629064,45.47525253264121,61.081389097947465,28.839548821017104,32.24184027693036
frame_tra_135.88_136.08,17.850279779251053,0.0,0.13104855931422388,414.6163327760056,366.5463169963502,48.07001577965542,55.12900605184541,39.11732074724384,16.01168530460157
frame_va_136.08_136.29,24.36466252172832,0.6400000000000148,0.94325411426454,406.3195258961832,362.776581851188,43.54294404499524,16.868240621216188,5.062954777933982,11.805285843282206
frame_a_136.93_137.01,58.2945000697386,0.0,-0.2750542181615113,396.8130339661319,357.4383060878033,39.3747278783286,4.608628874548316,2.14755027047471,2.461078604073606
frame_te~_137.01_137.17,39.35616114120393,0.0,0.2023804828110119,408.54012551946573,362.4804387064544,46.0596868130113,63.93014232636989,48.053645873547,15.876496452822892
frame_pus_137.17_137.27,73.65648066254181,0.0,-0.568935301119254,405.3882581168478,360.30508455404924,45.08317356279855,177.35084522972022,58.76283233630414,118.58801289341608
frame_at_137.27_137.39,2.1387835904054384,0.0,-0.13968662566947132,411.58469005597857,367.78476177009134,43.79992828588723,2.535231764721715,1.454794791292528,1.0804369734291868
frame_rajs_137.39_137.54,31.893579821419877,0.0,-0.5457894031448217,414.86112241982715,369.81832425148684,45.04279816834031,36.353609175741354,23.042100345528468,13.311508830212887
frame_E_137.54_137.57,19.876150350579366,0.0,-0.8152726079883332,396.89268285657465,354.29745516395315,42.595227692621506,0.598760991396972,0.27615484559308356,0.32260614580388847
frame_poX_137.57_137.66,33.27852479075747,0.0,-0.8739373730142938,381.7437834605927,342.5634440297463,39.180339430846345,9.996866910809501,3.402247019369753,6.5946198914397485
frame_kaw_137.66_137.79,7.723376871198354,0.0,-0.6811569956368617,416.09269681953094,370.89548921329344,45.1972076062375,27.02840560478478,12.328422533187677,14.699983071597103
frame_za_137.79_137.85,24.039043660659217,0.0,-0.9518921806201722,395.4050258398244,353.6903465171837,41.714679322640734,21.69000520676559,10.372863841904973,11.317141364860618
frame_da_137.85_137.97,9.423662691623406,0.0,-0.2750542181611266,417.14380758144506,372.2462492365757,44.89755834486937,20.545500655870967,8.428075574264483,12.117425081606484
frame_va_137.97_138.08,15.455500566581406,0.0,-0.4104218106527818,414.714315131514,371.01783699585735,43.69647813565672,22.211672732255693,8.181240154138322,14.03043257811737
frame_lo_138.08_138.23,29.041004633067473,0.0,0.6670770610519526,419.4336115423119,372.53771175486463,46.89589978744726,22.440474989246297,3.707040642673917,18.73343434657238
frame_ri_138.23_138.29,32.7232379353465,0.0,-0.5918308616929275,411.82333811779534,368.44034829541454,43.38298982238081,13.439631646116425,4.304796022695655,9.13483562342077
frame_za_138.29_138.47,53.81177083892743,0.0,0.6725189292812296,415.2618169443941,369.65059141820063,45.61122552619349,52.642814861058696,18.347038802227758,34.29577605883094
frame_sa~w~_138.47_139.04,2.795553842262308,1.5300000000000011,2.2970509362864506,417.0463405423676,359.78293164368483,57.26340889868277,133.05295734652046,34.2011786488313,98.85177869768916
frame_du_140.57_140.67,93.1147643317398,0.9200000000000159,0.10496081026925415,380.3389058619672,339.36189652852556,40.97700933344163,27.00632241329871,15.83188579969081,11.174436613607902
frame_da_141.59_141.71,2.689511756562581,0.0,-0.2750542181611266,417.84152495827806,372.6429810233443,45.19854393493375,5.81453632665955,2.23020929373439,3.5843270329251595
frame_pro_141.71_141.84,27.157711862813244,0.0,-0.2960569602393145,416.6357252207486,371.5457895679731,45.08993565277552,21.114401461383636,12.27040525325674,8.843996208126896
frame_fi_141.84_141.93,23.033114696787948,0.0,-0.1610330484140994,388.05227916232076,346.97482511294595,41.07745404937481,3.919292334136088,0.9523198168908209,2.9669725172452672
frame_sa~w~_141.93_142.41,27.95480124393302,0.4000000000000057,-0.5222382378579711,404.73088834777275,350.5055428082734,54.225345539499415,46.868304216232985,34.589312068510225,12.27899214772276
frame_ki_142.81_142.9,35.607136538932394,0.0,-0.30463231950690606,402.7394952636419,359.66689357037103,43.07260169327088,33.14335935332559,11.62896526967154,21.514394083654054
frame_pro_142.9_143.1,61.278309604374925,0.0,0.4744502567938087,414.18054456788786,366.944596874855,47.23594769303287,24.651660909634103,8.114373711732242,16.53728719790186
frame_fe_143.1_143.23,47.14917959944685,0.0,-0.28044474758785515,417.6057423837313,370.9549954122639,46.65074697146741,21.31802652990396,10.1576928951053,11.160333634798661
frame_so_143.23_143.55,0.8521632366961569,0.0,1.6302110823443146,413.98482702683657,361.506390841864,52.478436184972566,63.11446361053186,41.11790373442028,21.996559876111576
frame_ra_143.55_143.69,29.764815616322352,0.0,-0.004319033177816099,406.30799780981636,363.1002530845768,43.207744725239536,8.732685179093863,3.8385047052115056,4.894180473882358
frame_pri~_143.69_143.83,19.44746246600846,0.0,-0.6077848938573334,404.9303971921995,359.59655785756945,45.333839334630056,11.134067032768513,3.895069584455058,7.238997448313455
frame_ma_143.83_144.21,26.657782072784357,0.0,2.2969300391826315,410.4716426488154,356.29937952672196,54.172263122093455,21.32852397574493,7.628319923523321,13.700204052221608
frame_ria_144.21_144.34,34.08611070721838,0.0,-0.5918308616929275,404.2476962089153,362.1220098652572,42.12568634365806,7.373781996199966,3.466187365752745,3.907594630447221
frame_se_144.34_144.45,9.728620552161004,0.0,-0.4804393314095431,406.53817414223545,362.9152830028978,43.62289113933764,30.847654429084827,14.50658257026393,16.341071858820897
frame_kre_144.45_144.71,20.24664233230962,0.0,1.3195119229828065,405.7372180030854,359.6998243866446,46.037393616440795,25.896887854842845,20.04687313199028,5.850014722852563
frame_ta_144.71_144.91,13.880946043311042,0.0,0.26641615180587913,408.6647006173806,362.8102471461894,45.85445347119122,27.04227068873979,17.823091505796356,9.219179182943435
frame_ria_144.91_145.0,19.444454641970026,0.0,-0.5918308616929275,409.69874135364455,366.20978320918766,43.48895814445689,19.230988551301664,7.8413389913653475,11.389649559936316
frame_ew_145.0_145.07,8.540488691137483,0.0,-0.8804284990517822,405.02862895713423,363.6007802472741,41.42784870986014,6.7692991244091445,2.538867554280756,4.230431570128388
frame_a_145.07_145.21,8.075409333587857,0.0,0.5371513367895743,409.5246897608915,365.1659716519152,44.35871810897629,13.624491255588936,6.8262861961291605,6.798205059459775
frame_Su_145.21_145.36,153.87963941716023,0.2799999999999727,0.4419088659637476,388.4333488684086,344.7675492902384,43.66579957817021,0.8117117503514493,0.5153526415379162,0.2963591088135331
frame_to_145.64_145.82,66.76360207831311,0.0,0.6670770610519526,416.68859961619063,370.69805862518797,45.99054099100266,66.94484450282522,9.66906250110793,57.27578200171729
frame_taw_145.82_145.96,13.82785469315877,0.0,-0.9518921806201722,416.8046964029582,369.0726703410547,47.732026061903525,92.43546218480259,59.00059658388295,33.434865600919636
frame_me~_145.96_146.1,38.572312071747945,0.0,0.2023804828110119,413.7768879670734,369.0141433558268,44.7627446112466,33.93188586061808,16.580137428923422,17.35174843169466
frame_tSi_146.1_146.17,36.801737845243,0.0,-0.44823159060012085,385.9336100645104,345.523413263439,40.41019680107138,9.485912897069028,3.2526932864668083,6.2332196106022195
frame_dZijs_146.17_146.34,59.363572895447334,0.8700000000000045,-0.5918308616929275,394.246407187906,348.85431855284605,45.39208863505996,68.0927834691285,37.70670146978992,30.386081999338586
frame_ew_147.21_147.29,4.338715073760881,0.0,-0.4804393314095431,419.0375666988626,374.2286881433123,44.80887855555028,31.157072620890688,14.677484421181731,16.479588199708957
frame_na~w~_147.29_147.51,110.3972235650738,0.0700000000000216,-0.5222382378574703,391.2122523110073,345.9917170147966,45.2205352962107,2.451233573134658,1.0140758520411026,1.4371577210935556
frame_majs_147.58_147.78,40.42899883895575,0.0,-0.2750542181611266,415.14943334441364,368.8701389718086,46.27929437260502,22.227422504827643,8.431902899620724,13.79551960520692
frame_a_147.78_147.84,24.769414248235307,0.0,-0.5457894031448217,406.3640975511156,366.0977328510916,40.266364700023985,7.495922058667787,4.817592360052828,2.6783296986149594
frame_ko~_147.84_148.0,25.429480303758595,0.0,-0.4123722359697048,412.52118847440056,366.70572375615825,45.81546471824231,29.18220739389855,21.23972253921707,7.9424848546814815
frame_te_148.0_148.13,18.761666667367876,0.0,-0.08045016376673561,415.09331684450797,369.3699966696458,45.72332017486218,13.786923569204419,4.310911127758345,9.476012441446073
frame_si_148.13_148.19,26.04381448612429,0.0,-0.5918308616929275,393.0077240649043,351.60110623248204,41.40661783242234,8.292874303915596,3.572876415504197,4.719997888411399
frame_ki_148.19_148.26,42.06718304118914,0.0,-0.5918308616929275,406.99277993734916,364.5545302182952,42.43824971905394,22.316731090107908,7.080342233080216,15.236388857027691
frame_u_148.26_148.3,9.957748235439794,0.0,-0.40046127327176784,400.82957976975626,359.7714476889161,41.05813208084015,26.80117565271604,18.71806303707166,8.083112615644382
frame_pe_148.3_148.49,79.22221849583235,0.0,1.1195173391611184,416.01925145227915,367.9461987129822,48.07305273929694,88.38383877932421,35.231239240143736,53.15259953918047
frame_so_148.49_148.67,37.580915884178864,0.0,-0.8739373730142938,418.3694667545061,370.9216647524895,47.447802002016545,24.08076942726609,9.329631349489887,14.751138077776204
frame_aw_148.67_148.81,28.7048589201288,0.0,0.13104855931422388,423.2502915085095,375.07012810464283,48.180163403866686,37.255729075385375,17.14371058427514,20.112018491110234
frame_e~j~_148.81_148.87,2.3013790991062137,0.0,-0.9896628005604128,418.39715724307086,374.56094566585153,43.83621157721933,13.165535634508217,6.544439919551564,6.6210957149566525
frame_Ze_148.87_149.01,15.924849569761761,0.0,0.31953900387607187,420.20509824760234,372.5838587063576,47.621239541244734,28.183180167933102,10.225397130651743,17.95778303728136
frame_raw_149.01_149.19,13.26246347991406,0.0,0.26641615180587913,416.9031229429619,369.8084998738474,47.094623069114505,53.707372459046496,25.773509425316604,27.933863033729892
frame_dez_149.19_149.33,16.632852380710744,0.0,-0.6804339152300942,407.0388364247889,361.30481327848224,45.73402314630664,16.513287589909964,7.9248473436461495,8.588440246263815
frame_va_149.33_149.45,12.889258864933367,0.0,-0.2750542181615113,417.45172022839205,371.7173100613402,45.73441016705186,31.220230408180953,7.984856530954801,23.235373877226152
frame_lo_149.45_149.6,1.6435242927103673,0.0,0.6670770610519526,417.26033954782577,371.11591570015736,46.144423847668406,33.49255558379181,13.595713761062541,19.89684182272927
frame_ri_149.6_149.71,15.41844574320686,0.0,-0.1610330484140994,414.15074524939695,368.9401668186494,45.210578430747546,30.134941637120164,7.374793444532088,22.760148192588076
frame_za_149.71_149.87,1.4209434256669056,0.0,-0.13968662566947132,411.46701193522046,367.206315331927,44.26069660329347,33.14989702689397,7.1962205874432925,25.953676439450675
frame_to_149.87_150.01,15.259615534989166,0.0,0.28182345253566476,411.7705894456891,367.02962330485735,44.740966140831745,28.211637348028546,15.064059565090815,13.14757778293773
frame_taw_150.01_150.27,28.07762169183235,0.0,-0.13968662566947132,419.44624359479394,367.87165912360933,51.57458447118461,117.73917567862645,57.68458714641508,60.05458853221137
frame_me~_150.27_150.43,35.399905486717955,0.0,0.3513858932327576,405.0172884257349,360.1922851073592,44.82500331837565,24.499428345119497,16.005287320315944,8.494141024803554
frame_tSi_150.43_150.52,15.773809231030668,0.0,-0.5918308616929275,382.28957672189,341.9102353050253,40.37934141686469,15.004617712599924,10.287426346971017,4.717191365628906
frame_nE_150.52_150.73,48.95880225899009,2.5600000000000023,0.03457208437870605,397.1967600192944,354.9785517769475,42.21820824234692,47.021520838902575,38.15459198066014,8.866928858242431
frame_na~w~_153.29_153.42,1.0490522360942123,0.30000000000001137,-0.8746493846257108,393.55753331672713,350.7030697954724,42.85446352125473,10.980153318800802,5.908141056206404,5.072012262594399
frame_sej_153.72_154.18,47.32767381015927,2.1399999999999864,2.71947400973178,409.32344889255256,355.21767085384977,54.105778038702795,144.60037442790627,48.921223386213654,95.6791510416926
frame_majs_156.32_156.54,95.891963165312,0.0,-0.5457894031448217,399.9836456292577,353.38902936481577,46.594616264441925,10.109475164344872,6.697861277879781,3.4116138864650907
frame_u_156.54_156.57,7.781214623577483,0.0,-0.568935301119254,359.70079200115106,322.7990175429127,36.90177445823838,9.76491542664698,5.6072983470398015,4.157617079607178
frame_ki_156.57_156.67,115.4459153454535,0.0,-0.5918308616929275,384.8145276189731,344.23377684958615,40.58075076938695,27.298992194014282,14.500983217731175,12.798008976283107
frame_fa_156.67_156.87,73.8068959299263,0.0,-0.9518921806201722,392.6754689945551,348.0369986802965,44.6384703142586,139.27641141907134,87.54033923409582,51.736072184975505
frame_laX_156.87_157.02,8.654343833220452,0.0,-0.816524588128517,395.34405749842733,352.45824221003716,42.88581528839023,8.632126655180059,2.0914588682329622,6.540667786947097
frame_so_157.02_157.17,74.94329949148738,0.0,-0.8739373730142938,393.7897496423881,348.5774211140694,45.212328528318665,137.0260688117207,87.14693719567748,49.87913161604323
frame_bri_157.17_157.64,95.43456388459445,1.7900000000000205,4.721342168745408,397.48146823817467,342.3531858371064,55.12828240106825,42.49039942435643,16.527049207761806,25.963350216594627
frame_i_159.43_159.5,118.16227161192458,0.0,-0.017433777321292775,383.3602699887932,342.5853425787403,40.7749274100529,24.6727323825964,8.337605751501243,16.335126631095157
frame_su_159.5_159.57,122.90807112113002,1.6500000000000057,-0.568935301119254,385.2174329067308,344.22014010176264,40.99729280496814,1.6819362018489272,0.6453681556074358,1.0365680462414915
frame_ki_161.22_161.35,53.64687690554291,0.0,-0.44823159060012085,407.65126080934914,362.0887226671765,45.56253814217263,89.66898757111065,62.328500864517565,27.340486706593083
frame_majs_161.35_161.59,7.8639624414483364,0.0,0.13104855931422388,402.6152856654662,358.81754139805946,43.797744267406756,21.20790079527862,12.62042033950874,8.587480455769878
frame_ki_161.59_161.67,95.06151093947031,0.0,-0.3046323195073142,382.69481230690843,342.4817502243726,40.21306208253583,22.415579227084947,7.902564034374052,14.513015192710895
frame_ew_161.67_161.77,1.3518942226767479,0.0,-0.8804284990517822,387.65813666008324,346.14930999124755,41.508826668835695,10.953828230085577,4.813122098668828,6.140706131416749
frame_po_161.77_161.88,3.478460282092641,0.0,-0.6813105687561498,401.4899332905959,358.25036161885856,43.23957167173734,33.7566725979149,24.975956707687573,8.780715890227327
frame_de_161.88_162.01,2.931570063283459,0.0,-0.28044474758785515,405.1790820888745,359.6882401256118,45.49084196326271,30.014846812220696,21.543862422174982,8.470984390045714
frame_ri_162.01_162.08,9.150293611867966,0.0,-0.5918308616929275,401.6850468187277,358.4025057057685,43.28254111295922,2.309447113516569,0.5430885336053564,1.7663585799112127
frame_a_162.08_162.11,11.245366034066762,0.0,-0.9518921806201722,385.7159718992478,345.6677585934329,40.0482133058149,0.07345480872572807,0.05130387435829675,0.02215093436743132
frame_fa_162.11_162.24,91.72727114194109,0.0,-0.004319033177431361,376.3831993077675,334.8500802263555,41.533119081411996,125.69072174648846,86.16614504272948,39.52457670375898
frame_laX_162.24_162.44,94.24776654146666,0.0,-0.2750542181615113,397.32732007151856,352.14091677111196,45.186403300406596,123.4501369202296,113.13593835860476,10.314198561624835
frame_so_162.44_162.52,114.17181109285303,0.0,-0.8739373730142938,378.1737846308031,337.15362477809515,41.020159852707934,26.37809602576067,13.097151153859585,13.280944871901085
frame_bri_162.52_162.65,101.58761085506613,1.4399999999999977,-0.44823159060012085,383.53814435062833,340.85141685320633,42.686727497422,2.6825516820238704,1.3387187004787933,1.3438329815450771
frame_ujs_164.09_164.22,130.93772825664072,0.0,-0.23198724542523935,376.8704270129911,334.24166009282163,42.62876692016948,22.965289490888402,14.870252998132692,8.09503649275571
frame_o_164.22_164.31,1.7209734853221619,0.0,0.28182345253566476,406.518070544699,362.40903583714623,44.10903470755278,14.032341536854773,7.538922618599571,6.493418918255202
frame_fi_164.31_164.66,71.40697677785583,0.0,0.98776112032917,394.0040690991823,345.1193088211796,48.884760278002716,156.81670613576853,87.44977832427655,69.36692781149198
frame_sius_164.66_164.9,132.90449701889548,1.759999999999991,0.0,375.00463630970967,331.60984970696023,43.394786602749434,12.400107849255214,2.710389594769943,9.689718254485271
frame_a_166.66_166.72,13.572950582810222,0.0,-0.5457894031448217,401.2520150878796,360.14992314076835,41.10209194711126,7.629987775607901,4.412753657042572,3.2172341185653295
frame_gO_166.72_166.87,18.75636072308322,0.0,-0.7664011421440313,415.2986320192016,369.15391676278614,46.14471525641551,26.150563062723222,19.019981378736958,7.130581683986264
frame_ra_166.87_167.07,28.030472282954463,0.0,0.8078865217728848,404.69806869640615,359.5087974405801,45.18927125582604,0.9053352219773956,0.20113917271061155,0.704196049266784
frame_u_167.07_167.14,5.967143004195378,0.0,0.10496081026925415,399.55876228306306,359.31339768538226,40.245364597680805,22.95836995344203,14.156600650987741,8.80176930245429
frame_ki_167.14_167.3,79.42552085093959,0.0,-0.1610330484140994,417.2691295900511,369.3886160133262,47.880513576724866,107.04439316227322,16.678911164456224,90.365481997817
frame_nO_167.3_167.65,4.969084137956486,0.0,3.0416545328841647,414.87771989981616,361.35821021095535,53.51950968886081,126.52410344309203,78.424899132798,48.09920431029403
frame_u_167.65_167.77,40.680240181001324,0.0,0.9473309495052484,403.1712110939701,359.5880922832292,43.58311881074093,16.754357878232298,8.630225114062142,8.124132764170156
frame_u_167.77_167.87,102.24714116874965,0.060000000000002274,0.610382893810755,393.21324213126593,352.86514712121914,40.34809501004679,89.95911419429926,52.70578323447053,37.25333095982873
frame_u_167.93_167.96,4.213089872820888,0.0,-0.568935301119254,386.5610871645032,345.48727257618407,41.073814588319124,1.0501519453897004,0.6867357312503941,0.36341621413930625
frame_nO_167.96_168.51,3.4849023171564397,0.0,-0.29039418276550677,414.4734604084311,354.4130144556936,60.060445952737496,55.272878438823966,35.78697436824024,19.48590407058373
frame_su_168.51_168.67,37.98264266422527,0.0,-0.4004612732722467,397.09345067001163,352.05976987340125,45.03368079661038,140.68095494352363,66.0071675447914,74.67378739873223
frame_poX_168.67_168.81,1.6811371158858606,0.0,-0.48868376449745843,412.0561459244899,365.83316618399044,46.222979740499454,25.60619264743741,14.44763967944263,11.15855296799478
frame_e_168.81_168.86,8.472512333774006,0.0,-0.4804393314089747,403.69507427662563,360.751746090618,42.94332818600765,5.409765085896424,3.3004534112191948,2.1093116746772296
frame_ze~_168.86_168.99,7.656709947558596,0.0,-0.5426465692960226,410.7234278843682,364.8766491917253,45.84677869264294,26.096391190172284,8.883065876945778,17.213325313226505
frame_plu_168.99_169.08,106.01537198058206,0.0,-0.568935301119254,389.91977985813725,347.37618147662243,42.54359838151481,1.2702610887206447,0.9112674895230413,0.35899359919760343
frame_na_169.08_169.2,2.216650596419356,0.0,-0.4104218106531665,410.34437971721763,365.4321048826915,44.91227483452616,6.643161298012643,4.353114097728053,2.29004720028459
frame_mi~_169.2_169.28,36.31000429210778,0.0,-0.9271294991047099,412.1622863991062,367.3304894925243,44.83179690658193,19.039721647511357,5.818609077825016,13.22111256968634
frame_Ja_169.28_169.38,27.938460961589755,0.0,-0.6811569956368617,408.3767915435377,366.7647327159798,41.61205882755792,38.35375812812228,14.365892451589673,23.987865676532607
frame_pro_169.38_169.51,8.23319642163068,0.0,-0.6813105687561498,410.21276741898686,365.0192180316572,45.193549387329654,30.400480658557598,20.94713976957405,9.453340888983547
frame_fi_169.51_169.61,3.1006645538484747,0.0,-0.5918308616929275,379.3612134117179,339.2624305316908,40.0987828800271,28.155694094114807,12.475465943170207,15.6802281509446
frame_sa~w~_169.61_169.82,5.306175076988694,0.0,-0.5222382378574703,408.80631959018467,360.58106449807605,48.225255092108625,26.44818624028767,19.480790984834528,6.967395255453141
frame_dZi_169.82_169.88,13.570824261376515,0.0,-0.5918308616929275,400.22017749479744,358.37132555060225,41.84885194419519,9.734877046064724,3.944768946615625,5.7901080994491
frame_o_169.88_169.92,10.722526222707472,0.0,-0.6813105687561498,400.2247072231096,358.3219403296139,41.90276689349571,0.598230363787053,0.37431747792345504,0.22391288586359792
frame_ri_169.92_170.0,8.86349304727753,0.0,-0.5918308616929275,401.6470419810327,361.5813893971543,40.06565258387843,17.193518786024953,6.272673051273841,10.920845734751111
frame_e~_170.0_170.07,11.799297237621317,0.0,-0.39364115887470047,407.393585402544,364.31562186380853,43.077963538735446,11.569470968673244,5.247284976900545,6.322185991772699
frame_ta_170.07_170.19,10.685059010681954,0.0,-0.5457894031448217,403.3476471438426,358.9570630674636,44.390584076379014,13.239803436227959,3.667892944034122,9.571910492193837
frame_do_170.19_170.26,6.717745943512625,0.0,-0.8739373730142938,404.4625314740459,360.7273593325352,43.7351721415107,23.056037954498095,6.1667441732872135,16.88929378121088
frame_ra_170.26_170.32,7.081978050480984,0.0,-0.9518921806201722,408.77976572049215,365.1177838499235,43.66198187056864,1.5285478738006475,0.6565043384935905,0.872043535307057
frame_e_170.32_170.35,22.099473581789198,0.0,-0.8804284990517822,380.81478444887836,341.7428780252154,39.07190642366294,3.952037864563181,2.9752999068603287,0.9767379577028521
frame_du_170.35_170.42,10.174429262984205,0.0,-0.568935301119254,399.2702143712438,356.86779441990063,42.40241995134318,18.26410076132248,11.221550188286415,7.042550573036067
frame_ka_170.42_170.59,6.382152320888565,0.0,-0.5457894031448217,404.4109493232871,360.58766223435606,43.82328708893107,25.787053937183373,16.22662770072347,9.560426236459904
frame_si_170.59_170.72,154.80434918613113,0.0,-0.44823159060012085,397.8569592529069,353.2736227260936,44.5833365268133,578.023562917405,296.5740819155775,281.4494810018275
frame_o_170.72_170.77,26.28458060251728,0.0,-0.48868376449745843,399.1599042312774,357.9080417722671,41.25186245901028,1.433634380497523,1.0855927793666922,0.3480416011308307
frame_naw_170.77_171.04,11.984161899481762,0.0,0.5371513367891896,413.1072164882844,362.8799168450928,50.2272996431916,50.28408547141055,22.602979641073915,27.681105830336634
frame_ew_171.04_171.16,3.3195486946314645,0.0,0.31953900387607187,407.18444822693806,364.19608692825545,42.988361298682605,5.807937149407252,3.018832206935201,2.7891049424720507
frame_te~_171.16_171.26,30.438974021707253,0.0,-0.9896628005604128,410.38107964572816,366.4693939301784,43.911685715549766,13.413129477999377,7.514191933453191,5.898937544546186
frame_Ju_171.26_171.32,22.280295608085424,0.0,-0.568935301119254,409.89011476403823,366.0312034570783,43.85891130695995,2.713580057977566,1.3176024457268056,1.3959776122507606
frame_a_171.32_171.35,19.405687735406104,0.0,-0.9518921806201722,396.85421083122463,354.84470632644513,42.0095045047795,0.4353560673352206,0.2538970050312912,0.18145906230392939
frame_o_171.35_171.38,15.59809630994593,0.0,-0.8739373730142938,391.7475058871188,351.7601569548259,39.98734893229289,0.16935755984764,0.10057456560778633,0.06878299423985368
frame_ri_171.38_171.44,16.284906421341475,0.0,-0.5918308616929275,409.2391362565193,366.257587719363,42.9815485371563,5.475783639132999,1.4738374578769537,4.001946181256045
frame_e~_171.44_171.51,6.946761563455084,0.0,-0.39364115887470047,405.4131599955698,362.3153940539364,43.097765941633384,18.92271515592728,11.63566042493406,7.287054730993219
frame_ta_171.51_171.65,8.343176744467911,0.0,-0.2750542181611266,409.82896333788835,364.4061356141608,45.42282772372755,19.131599207567035,10.879435295647937,8.252163911919098
frame_sa~w~_171.65_171.86,13.840180935300822,0.0,-0.6984438112413401,408.0693419757047,360.0953897696336,47.97395220607109,153.10077472619838,47.6783113707599,105.42246335543847
frame_e_171.86_171.89,8.317002654436095,0.0,-0.8804284990523507,385.3488520069993,345.7159662807086,39.63288572629074,1.7008997082849078,0.9205065524323857,0.7803931558525221
frame_du_171.89_171.98,0.6360058518856135,0.0,-0.4004612732722467,400.93975109910855,357.64259300149735,43.2971580976112,22.69748398368202,4.995001016006029,17.70248296767599
frame_ka_171.98_172.22,8.309121941831279,0.0,0.26641615180587913,406.5546941726257,359.362753333623,47.19194083900271,21.092464080738182,13.863156041493852,7.22930803924433
frame_e_172.22_172.36,31.15869504761443,0.6299999999999955,1.3195119229828065,402.4816367601045,357.5624429177735,44.91919384233097,86.0484987478611,21.97362639367546,64.07487235418564
frame_e_172.99_173.06,15.564403641928266,0.0,-0.08045016376673561,412.9335251725354,368.5731707972743,44.36035437526107,7.685107569164671,3.5559814691656015,4.12912609999907
frame_du_173.06_173.14,15.833606006682913,0.0,-0.5689353011197329,406.3904778633108,362.58541840512123,43.80505945818959,14.62727529675854,4.726741213853302,9.900534082905239
frame_ka_173.14_173.3,37.09562726959871,0.0,-0.4104218106527818,417.79798868912485,370.02809493011614,47.76989375900871,170.47917241173593,46.353962124853524,124.1252102868824
frame_si_173.3_173.4,6.004209206589991,0.0,-0.5918308616929275,394.14445570924744,351.3036543758263,42.840801333421155,19.042931628993756,9.466387283070418,9.576544345923338
frame_o_173.4_173.44,13.65949989983136,0.0,-0.6813105687561498,405.32141550014796,363.57067213589244,41.75074336425553,1.1454466117110087,0.834643452347791,0.3108031593632177
frame_naw_173.44_173.66,32.42281712796404,0.15000000000000568,0.40178374429753433,411.58375646600655,365.9743815394119,45.609374926594626,124.63992724212665,83.37053660843745,41.2693906336892
frame_i_173.81_173.92,117.05124221052407,0.0,0.5569633070503419,408.79866969404554,366.37779219466324,42.42087749938224,8.995687627585824,4.8027810643127395,4.192906563273084
frame_pro_173.92_174.1,6.384494574780462,0.0,-0.10343015598117057,415.13337468493665,368.0614640860518,47.07191059888487,61.55067229160048,35.102771012798314,26.447901278802163
frame_fi_174.1_174.23,2.3687994476291863,0.0,-0.5918308616929275,402.2297877163149,357.98944508900735,44.24034262730754,15.081060683490648,5.332799444295148,9.7482612391955
frame_si_174.23_174.39,0.22172148947421988,0.0,-0.44823159060012085,402.7286862335054,356.5215916821122,46.20709455139314,23.416111368445286,11.23983828476372,12.176273083681565
frame_o_174.39_174.46,32.1417894712402,0.0,-0.10343015598062309,405.6170617416426,362.50469486303064,43.11236687861202,10.166758828673352,6.021694069077,4.145064759596352
frame_naw_174.46_174.75,48.17783341783479,1.1299999999999955,-0.9518921806201722,403.1987043024753,354.3003570972009,48.898347205274376,20.395383218289936,11.689186373254785,8.706196845035151
frame_e_175.88_175.93,10.543678140983474,0.0,-0.4804393314089747,407.15609443659616,364.96529900235225,42.19079543424397,7.845035405675816,1.268987694445741,6.576047711230075
frame_lis_175.93_176.07,5.105625020068544,0.0,-0.1610330484140994,412.4387479788194,367.84670910045327,44.59203887836611,20.789680908638587,7.594256080911805,13.195424827726782
frame_te~j~_176.07_176.43,17.89670850248558,0.0,2.2884562287116403,415.5553344902178,363.9168050903883,51.63852939982945,80.27634286485397,38.70745037356312,41.56889249129085
frame_nOjs_176.43_176.89,18.177407799626195,0.0800000000000125,-0.29039418276550677,415.72944960820035,361.46425571398777,54.26519389421259,20.21872404379357,6.30698125453543,13.911742789258142
frame_so~_176.97_177.18,27.604080237509436,0.0,-0.7201716082726978,414.5393627061988,367.6058034333112,46.93355927288758,10.025831014450034,3.2631754824591894,6.762655531990845
frame_mus_177.18_177.36,7.360305994153208,0.0,0.2734348381167403,410.8078747616899,362.95446752090567,47.853407240784236,31.367651340214536,11.868416455906129,19.499234884308407
frame_o_177.36_177.41,10.84123562276065,0.0,-0.4886837644980059,408.03192317244407,366.65991882898095,41.37200434346312,6.434469278204261,1.6629289457526397,4.771540332451622
frame_bri_177.41_177.59,9.893128264103865,0.0,-0.1610330484140994,407.0048122121012,361.69714975177226,45.30766246032897,16.049454814515826,6.713345169093799,9.336109645422027
frame_ga_177.59_177.91,0.5211962235281646,0.0,1.890827261707281,413.98511391331283,363.28623151283136,50.698882400481466,47.73294395538332,16.226189168852244,31.506754786531076
frame_das_177.91_178.32,39.93354765210427,1.0100000000000193,-0.5457894031448217,398.35275035534397,345.64851819658946,52.70423215875451,2.5744757653516217,1.7888949459830883,0.7855808193685334
frame_a_179.33_179.41,0.5511362427019151,0.0,-0.2750542181615113,416.52158804285426,371.8824807945696,44.63910724828469,8.448323018787136,2.9336315262165726,5.514691492570563
frame_va_179.41_179.54,15.5270504916231,0.0,-0.004319033177816099,418.8228948848025,373.2299679865669,45.59292689823559,17.02016857178222,4.597225284403606,12.422943287378615
frame_lo_179.54_179.65,9.578727542908496,0.0,0.08919664827752083,417.7267434403843,372.3437472372681,45.38299620311625,1.4289997269069374,0.5999910738967458,0.8290086530101917
frame_ri_179.65_179.71,9.385102720336334,0.0,-0.5918308616929275,410.0595788503358,366.73092706764237,43.32865178269344,1.334785615147723,0.5169340308469828,0.8178515843007403
frame_zaX_179.71_179.97,19.174876162490023,0.0,-0.4104218106527818,411.53744641126923,364.2088635614665,47.32858284980267,41.53500522071383,13.997266151073063,27.537739069640764
frame_to_179.97_180.18,98.42885786733993,0.0,1.4375842780856232,418.08876261646026,370.67481134697925,47.413951269481004,103.38146223097053,24.001136553432787,79.38032567753774
frame_das_180.18_180.37,27.300035025941582,0.0,-0.2750542181611266,407.13824666242795,361.72010650468474,45.41814015774327,22.510704115283346,8.830177678289232,13.680526436994114
frame_a_180.37_180.63,44.50010475895499,0.0,2.1615624466905916,404.0846661713398,357.42508705407687,46.65957911726292,24.827345202608825,11.712152578652336,13.115192623956489
frame_ajs_180.63_180.82,49.906337482988306,0.0,-0.004319033177816099,398.4232285431381,354.7882599123888,43.63496863074931,7.231449178241576,4.11865890804782,3.1127902701937558
frame_pro_180.82_180.97,30.491956348603907,0.0,-0.2960569602393145,408.93439097480467,363.33086278099614,45.60352819380853,13.750858420465988,4.503085447774652,9.247772972691337
frame_fi_180.97_181.04,147.71287336348547,0.0,-0.5918308616929275,379.9397705191331,338.4499468240677,41.48982369506541,0.9511547312863087,0.2713036647473217,0.679851066538987
frame_so~j~s_181.04_181.22,116.0095170668779,0.7800000000000011,0.0,406.90904368437276,359.87339771093735,47.03564597343541,216.54598453745166,176.77264614097652,39.77333839647517
frame_i~_182.0_182.11,10.73699601811174,0.0,0.35024892188434265,411.63557722105924,368.36943816422723,43.266139056832,2.2356657927116714,0.7540743144633097,1.4815914782483617
frame_klu_182.11_182.31,12.3941712682348,0.0,0.4419088659637476,415.84195248606164,366.6401787443578,49.201773741703846,12.730524608742769,9.171186506640936,3.559338102101833
frame_zi_182.31_182.66,33.67264966918873,0.0,1.7057574757940195,418.88739579464993,365.1715507292872,53.715845065362714,108.45942136742588,64.32828897407842,44.13113239334746
frame_vi_182.66_182.92,85.06365128109255,1.9000000000000057,2.280154560165654,402.3977067972961,355.8104651747789,46.58724162251718,96.34070327198442,34.78265234367609,61.55805092830833
frame_mos_184.82_185.21,32.81031133658735,0.0,1.0523306695693355,415.51206380562155,363.4051113873354,52.10695241828614,47.977750401031955,17.08318930139353,30.894561099638423
frame_traX_185.21_185.73,3.4899905418104993,0.0,0.13104855931383913,417.5713465494169,360.73998645244643,56.83136009697046,103.42611443663031,42.85697877583371,60.569135660796604
frame_ki_185.73_185.9,15.010869693687056,0.0,0.26976476486472867,415.2888007571811,367.94192257067687,47.34687818650423,25.367726890033538,11.647775250310218,13.71995163972332
frame_u~_185.9_186.26,13.319807239517388,0.0,1.7529355645103863,416.2833619135489,365.43210734795724,50.85125456559166,79.80794091302917,40.20036029417639,39.60758061885278
frame_u~_186.26_186.8,46.14273543282633,0.060000000000002274,3.1083941542517355,409.6775742526369,351.5608408567874,58.11673339584951,198.11990403551897,70.16588172114729,127.95402231437167
frame_u~_186.86_187.04,18.524681231117796,0.0,0.39747697476925137,415.25014005576895,368.33410427639006,46.91603577937889,24.130347326289098,8.73096511672722,15.399382209561878
frame_li_187.04_187.13,29.26490676654484,0.0,-0.44823159060012085,402.25547852625664,362.6662442597302,39.58923426652643,15.035769748316255,11.512271122457463,3.5234986258587924
frame_Sej_187.13_187.57,16.066917295470432,0.0,2.1194902582672848,415.3469651547787,359.2514809815615,56.09548417321719,95.64678464358894,35.57377829557373,60.07300634801521
frame_ru_187.57_187.76,115.39190747742693,0.27000000000001023,1.6212270608937567,392.813071324574,347.7410030711493,45.07206825342473,147.45426951751145,110.25794237553107,37.196327141980376
frame_E_188.03_188.18,15.307920620097093,0.07999999999998408,0.45949443056252764,402.8272641369919,359.80590376016676,43.02136037682516,116.88745228143938,22.79355787935947,94.09389440207991
frame_ta~w~_188.26_188.55,77.25742180483667,0.0,1.592228642750971,421.63426755463865,368.6337738356995,53.00049371893914,127.45566722142235,44.46292614559326,82.99274107582909
frame_i~_188.55_188.62,39.63361435507409,0.0,-0.28844028861041054,400.77644682543894,358.4995955462699,42.27685127916902,33.99769521291984,10.976224927272312,23.021470285647524
frame_poX_188.62_188.83,56.014140002990416,0.0,0.28182345253566476,404.1109233617304,359.0621197968921,45.048803564838295,18.884362852558752,12.212488079817632,6.67187477274112
frame_ta~_188.83_189.05,14.71583018994545,0.0,0.8874063492149908,412.6657827364031,364.10389860783374,48.561884128569375,51.0902449269488,28.03118329099368,23.059061635955118
frame_tSi_189.05_189.16,194.70649954917548,0.0,-0.3046323195073142,387.2615885827078,345.79266179435075,41.46892678835707,16.280828379033494,10.359830866406547,5.920997512626947
frame_kwa~_189.16_189.35,27.054229560329617,0.0,-0.16982709108973063,406.8672904132692,359.9093567195701,46.95793369369909,26.872575732948576,20.427061952626417,6.445513780322159
frame_tu_189.35_189.46,26.869816549050938,0.0,-0.568935301119254,400.38487541989656,357.6866465078078,42.69822891208878,75.60867771999153,16.3356187465821,59.273058973409434
frame_u~_189.46_189.59,22.571205700852488,0.0,0.020960699841301,413.97074272383674,368.56936467143316,45.40137805240357,23.580195567688975,8.458816319126242,15.121379248562732
frame_mE_189.59_189.76,55.15091855087576,0.0,0.1408026709248124,401.1557841968979,357.4887194037496,43.66706479314831,42.50967921699038,26.05863140121002,16.451047815780356
frame_dZi_189.76_189.95,192.26384567063798,0.0,-0.1610330484140994,381.2443664169635,337.86964650400506,43.374719912958426,9.437781154146911,6.073071143445702,3.3647100107012093
frame_ku_189.95_190.04,184.33496939996854,2.2700000000000102,-0.4004612732722467,387.07960200637825,345.19680104700353,41.88280095937472,21.335502041583787,6.409244741670577,14.92625729991321
frame_e~_192.31_192.34,196.61751431406512,0.0,-0.9896628005604128,380.2093674154295,341.1676270051764,39.041740410253,2.2800482479585895,1.1241557431024631,1.1558925048561264
frame_ta~w~_192.34_192.51,5.109835618714669,0.0,-0.5222382378579711,415.52734147631435,368.60828458122893,46.91905689508542,19.018201520410685,10.702816215938356,8.31538530447233
frame_a_192.51_192.59,2.6582947339556995,0.0,-0.2750542181611266,413.9322374142853,369.45284146202795,44.479395952257335,14.208446865432904,6.361416090601722,7.8470307748311825
frame_Ze~_192.59_192.75,31.104564531443543,0.0,0.2023804828114354,414.17730658531366,369.26053558741165,44.916770997902006,34.06575794174182,11.470011570424674,22.595746371317148
frame_tSi_192.75_192.81,33.46380030045543,0.0,-0.5918308616929275,387.0599178679199,346.3924598471983,40.667458020721654,10.852476433356571,6.352732390834831,4.4997440425217405
frame_te~j~_192.81_192.98,17.573844339371988,0.0,-0.5426465692960226,411.5250787428279,365.06747930494396,46.457599437883914,47.14314097803759,20.921734239289435,26.221406738748158
frame_ki_192.98_193.07,7.970856148511984,0.0,-0.44823159060012085,396.9908710084626,354.66196934328696,42.328901665175636,27.895785961454692,13.605273903836064,14.290512057618628
frame_va_193.07_193.19,3.576734912996841,0.0,-0.2750542181615113,410.2133709643913,364.84280878244635,45.37056218194493,19.038938017420293,8.299054591557791,10.739883425862502
frame_lo_193.19_193.32,13.326291646328173,0.0,0.28182345253566476,411.5545274260969,366.35127223486813,45.20325519122878,18.142129076723563,3.739554170390136,14.402574906333427
frame_ri_193.32_193.44,7.820683193978624,0.0,-0.30463231950690606,408.40863726221767,363.068364578136,45.34027268408164,20.17371622605029,8.496750911647894,11.676965314402395
frame_zaX_193.44_193.73,7.64961100622736,0.0,1.3493568917398904,408.3660413234262,360.5323157294755,47.833725593950646,36.57343838933323,10.491773684575719,26.081664704757515
frame_to_193.73_193.94,56.89817522348693,0.0,1.052330669568788,416.2107655776157,369.538505570428,46.67226000718762,47.92251036693307,15.646382627948412,32.276127738984655
frame_das_193.94_194.15,73.08982846267153,0.0,-0.2750542181615113,401.76956657090693,357.9379314381555,43.831635132751444,113.83506998112352,36.325150581293855,77.50991939982967
frame_ajs_194.15_194.28,60.23680926573462,0.0,-0.9518921806201722,392.3406089909015,349.89104032968254,42.44956866121896,13.92287074377765,9.479427264850528,4.443443478927122
frame_pro_194.28_194.4,57.899933804558344,0.0,-0.6813105687561498,403.0609395261845,358.14723465524014,44.91370487094434,33.22864657105191,23.117234834399028,10.111411736652883
frame_fi_194.4_194.46,157.69819943498894,0.0,-0.5918308616929275,379.9399325012944,339.72013565755196,40.219796843742415,135.29608721471791,104.16448577926437,31.13160143545354
frame_so~j~s_194.46_194.72,69.1781041372964,0.8799999999999955,0.0,399.96508742152537,351.02070601224915,48.94438140927622,3.855014056221279,1.9012791729184073,1.9537348833028716
frame_mos_195.6_195.93,16.657140401631096,0.0,0.859703865310644,413.06395154898433,361.5353393396509,51.52861220933346,29.671205502349892,11.076664592435407,18.594540909914485
frame_traX_195.93_196.48,8.631991179456747,0.35000000000002274,2.5676652241663267,411.2787328246793,354.18451320908105,57.094219615598206,39.30658978759439,27.83670499856612,11.46988478902827
frame_u_196.83_196.9,81.79395293403685,0.0,0.10496081026925415,406.20025469281876,362.8052408033384,43.39501388948037,0.6957904538897566,0.311471644800946,0.38431880908881055
frame_meX_196.9_197.27,18.094994821966196,0.0,0.31953900387607187,408.3952455970237,360.29844063564695,48.09680496137673,16.6852268338925,5.747970909526629,10.937255924365871
frame_ka_197.27_197.78,9.376023894260356,0.0,4.056708741575688,406.33101442531205,349.41141492572217,56.91959949958988,23.290626336790808,10.731878977135125,12.558747359655683
frame_du_197.78_198.06,12.159917891176804,0.12000000000000455,2.632071227976758,401.17789792012417,353.99553886437457,47.1823590557496,24.118803930062256,16.37721984965026,7.741584080411997
frame_u_198.18_198.3,3.142657008231822,0.0,0.9473309495052484,403.76217214595016,361.2147014463235,42.54747069962667,12.152680710311898,5.566134073684879,6.58654663662702
frame_poX_198.3_198.61,12.160248569920498,0.0,0.28182345253566476,408.37035000568653,359.18719434956836,49.183155656118174,29.662609645825256,13.412811092087821,16.249798553737435
frame_kue_198.61_199.05,8.233673198967892,0.06999999999999318,-0.568935301119254,409.74439496179775,356.35337232429396,53.391022637503795,53.259577112424324,30.554804299994913,22.70477281242941
frame_u_199.12_199.18,27.164547956050654,0.0,-0.06351321757775319,404.67573981391814,362.0779587307502,42.597781083167945,11.604330292743754,4.811035488579137,6.793294804164617
frame_ki_199.18_199.38,33.11432370175655,0.0,0.12616549377151387,404.13080304727544,360.27109075684587,43.85971229042957,44.54354283562171,21.825019148218416,22.71852368740329
frame_fajs_199.38_199.7,15.3565613202841,0.0,0.6725189292808448,414.99257929434907,362.54548823237974,52.44709106196933,53.82481297535418,35.743698708773024,18.081114266581153
frame_u~_199.7_199.79,1.0503271147887006,0.0,-0.28025232010110207,408.41853539099543,364.64177108516725,43.77676430582818,6.016234928528917,3.2039944162865197,2.812240512242397
frame_li_199.79_199.89,3.585104252904273,0.0,-0.5918308616933357,405.71273955969576,362.5319200089252,43.180819550770536,8.792053946370999,5.437936009961504,3.3541179364094944
frame_Sej_199.89_200.32,3.7324621963245477,0.0,2.119490258267853,408.45673607834976,355.5317239996933,52.92501207865644,52.003286025031855,37.091497980401186,14.911788044630669
frame_ru_200.32_200.4,9.297175715505858,0.0,-0.2319872454247605,399.5327193869852,358.7736546910651,40.75906469592013,4.4542617430684,1.9323283144073287,2.5219334286610717
frame_u_200.4_200.43,170.5256689878696,0.0,-0.568935301119254,370.2427985125293,330.20749359324907,40.035304919280236,0.6657850773745508,0.4868190654711384,0.17896601190341244
frame_ki_200.43_200.6,22.316074731277297,0.0,0.26976476486472867,401.6025945334338,357.6952926453284,43.907301888105394,144.1825575944834,49.6768667949851,94.50569079949828
frame_fajs_200.6_200.96,6.854286355495901,0.0,0.9432541142649248,407.93444523328543,357.0675455329697,50.86689970031574,42.00659780825046,22.759103727544584,19.247494080705877
frame_u~_200.96_201.08,2.937102490381193,0.0,-0.05434255514424627,408.42555297455675,363.47797994601143,44.94757302854532,0.6352179268185978,0.4295431327981305,0.2056747940204673
frame_mE_201.08_201.4,9.700329055337505,0.0,1.5218002960214778,408.8472060577614,358.8809712732899,49.96623478447151,24.372019492198632,13.487944198551332,10.8840752936473
frame_dZi_201.4_201.55,117.91723629968513,0.0,0.55696330705075,379.87206343823937,337.73774197019617,42.1343214680432,33.23687664503809,22.684091522043204,10.552785122994884
frame_ku_201.55_201.87,4.047562566977831,0.2400000000000091,2.8005452558242445,402.96442034206063,353.81194234257055,49.15247799949009,16.713816585132776,8.605493292646116,8.10832329248666
frame_poX_202.11_202.3,9.941267789018923,0.0,-0.6813105687556024,409.6108103515797,363.6746166411131,45.93619371046657,48.62386611245876,19.76954140847289,28.854324703985867
frame_ki_202.3_202.37,47.620208228978186,0.0,-0.5918308616929275,411.783167764573,370.5341458560248,41.249021908548286,0.9987497243211578,0.7648429841914322,0.23390674012972568
frame_ajs_202.37_202.52,15.278636950555835,0.0,-0.13968662566947132,411.432841093254,367.0503316488417,44.382509444412335,30.319610507704823,14.977874270595606,15.341736237109217
frame_ve_202.52_202.7,87.09531628676393,0.0,1.319511922982238,418.2578958317102,370.49175843389196,47.76613739781823,74.43481366587122,23.30610818888107,51.12870547699015
frame_zis_202.7_202.82,40.839841019768926,0.0,-0.5918308616929275,404.8208648276071,359.04256687410157,45.77829795350556,65.45136761623934,41.64659185119683,23.804775765042507
frame_u~_202.82_202.86,19.586071910866195,0.0,-0.6567685950290525,408.0719656174716,365.48612401886476,42.58584159860686,9.394860134087907,7.1987061976875,2.196153936400407
frame_ma_202.86_203.02,5.314452439841176,0.0,-0.004319033177431361,410.9331069061141,366.6505300792928,44.2825768268213,14.137123468553597,8.157223105726729,5.979900362826868
frame_kri_203.02_203.29,9.578077548259586,0.0,0.98776112032917,411.77717403461395,362.90063005822293,48.87654397639102,45.48363091540091,32.17947398175551,13.304156933645402
frame_a~_203.29_203.44,16.220021205477593,0.0,1.2398174959827306,414.5791592478688,368.19926784402725,46.379891403841555,11.49851306729252,4.137354012587167,7.361159054705354
frame_sa_203.44_203.63,108.0897859648543,0.0,-0.816524588128517,396.53838519829833,352.74176016220696,43.79662503609137,153.25025894597562,103.96205363242449,49.28820531355113
frame_kwa~_203.63_203.74,28.98558396779518,0.0,-0.8746493846257108,404.00553698211024,362.38644003885855,41.61909694325169,13.601325767228673,8.787482547387498,4.813843219841175
frame_du_203.74_203.8,38.618088966735314,0.0,-0.568935301119254,403.42505509817465,363.2710887928289,40.15396630534576,1.1365729231590933,0.8533274286163248,0.2832454945427685
frame_a_203.8_203.83,39.39437371807162,0.0,-0.9518921806201722,390.7569219576966,349.14307830554645,41.61384365215014,0.8200312482424863,0.49256901803784103,0.32746223020464527
frame_Ze~_203.83_203.96,41.32174216196154,0.0,0.053375072389689686,401.9125686118016,358.6539734273533,43.25859518444827,16.977270422140293,6.369337649607473,10.60793277253282
frame_tSi_203.96_204.07,28.24995215352152,0.0,-0.3046323195073142,405.11712663228104,360.43630996426907,44.68081666801197,12.93019676410853,9.9263167476565,3.0038800164520296
frame_o_204.07_204.13,42.755557863429175,0.0,-0.2960569602393145,406.64211148831555,363.5667868338576,43.075324654457916,5.421146350901495,3.739135918976558,1.6820104319249367
frame_ri_204.13_204.3,1.3025390531107632,0.0,0.7005625781435567,414.54595165953504,367.46408763059105,47.08186402894398,105.45844384886499,52.27734521946843,53.18109862939656
frame_e~_204.3_204.49,4.8570889431811395,0.0,1.39442376618286,408.2276122727458,363.85056127935513,44.37705099339064,78.70950253067463,48.81786197959818,29.89164055107645
frame_ta_204.49_204.62,57.97381393014484,0.47999999999998977,-0.4104218106531665,398.10921824316364,355.68782564927096,42.421392593892676,8.324636193992006,3.9297504215684,4.394885772423606
frame_E_205.1_205.26,28.93258903409904,0.0,0.5657250171083321,419.5827427292912,372.3671542218836,47.21558850740763,10.601954021666273,2.482550535338447,8.119403486327826
frame_la_205.26_205.39,25.560162780610426,0.0,-0.004319033177816099,416.7791853674794,370.1345115089772,46.644673858502244,6.221495636198995,4.404689831795139,1.816805804403856
frame_E_205.39_205.51,12.614082283665681,0.0,0.1408026709248124,417.1706118099096,371.37492280564777,45.79568900426176,8.664487977472476,4.652083305802535,4.012404671669941
frame_le_205.51_205.66,10.828030320354912,0.0,0.5195335876971915,411.2107540979942,364.5598067436131,46.65094735438112,9.25806071095107,4.39871110773052,4.859349603220551
frame_va_205.66_206.02,25.897856076979963,0.0,1.890827261707281,410.8476068530014,359.6060328189956,51.24157403400585,45.99707460585384,24.863115634466567,21.133958971387273
frame_da_206.02_206.22,117.27040049846683,0.6899999999999977,0.8078865217728848,397.3421125530091,352.29470307527754,45.04740947773155,6.232844603843006,3.0625517658747867,3.170292837968219
frame_a_206.91_207.5,1.0034383773445938,0.9000000000000057,6.628692998919447,407.0708144052744,350.21516198464417,56.855652420630236,51.86269930633506,27.48728040635629,24.37541889997877
frame_E_208.4_208.44,210.11180728517937,0.0,-0.7090420214425288,404.6084948201566,363.5656259518907,41.042868868265884,7.898830056645181,5.225488987141659,2.673341069503522
frame_la_208.44_208.53,66.81387323477173,0.0,-0.5457894031448217,418.1554520688741,374.97877937873585,43.176672690138275,16.47322431963795,6.296973144319338,10.176251175318612
frame_gos_208.53_208.7,4.486858136563228,0.0,-0.10343015598117057,415.5539445312645,370.82727128725895,44.72667324400555,98.52263082313254,24.358592554069787,74.16403826906276
frame_ta_208.7_208.79,230.3525636106745,0.0,-0.816524588128517,410.49724426621344,368.58325735402866,41.913986912184725,9.350899533471875,6.161527722895016,3.1893718105768585
frame_ri_208.79_208.86,211.60321698811532,0.0,-0.4482315905997127,415.9007754147589,373.08976763119824,42.81100778356068,47.85304675827513,21.19318240672385,26.659864351551278
frame_a_208.86_208.97,148.76256003911686,0.0,0.13104855931383913,420.90224883429727,375.9185813613857,44.98366747291158,43.619309857749386,22.238575281957026,21.38073457579236
frame_dZi_208.97_209.03,150.65738414411794,0.0,-0.5918308616929275,400.0889537983317,358.1240548769841,41.96489892134764,17.747034714921995,11.571636583757424,6.17539813116457
frame_seX_209.03_209.22,58.9458272896652,0.0,-0.28044474758785515,414.61113862147425,368.69540904387094,45.915729577603315,289.7548089548985,211.18141220652296,78.57339674837553
frame_li_209.22_209.28,154.6179693621233,0.0,-0.5918308616929275,403.46025963232984,361.7442789787862,41.715980653543625,4.607373355405713,1.626704119845897,2.980669235559816
frame_Sej_209.28_209.52,183.13551888097376,0.0,-0.8804284990517822,396.92795968326953,349.223650568895,47.70430911437455,9.80286484330935,5.486217237017172,4.316647606292179
frame_ra_209.52_209.68,276.4387759286354,0.2599999999999909,-0.13968662566947132,380.48271580975006,336.56374474036505,43.91897106938501,3.446263755362068,1.6710667143193803,1.7751970410426878
frame_gos_209.94_210.15,77.99980243106859,0.0,0.28182345253566476,411.79384711899695,367.5771981608418,44.21664895815513,104.52980882265362,23.278938239851414,81.25087058280221
frame_ta_210.15_210.32,100.17388919928277,0.0,0.26641615180587913,407.82151895633507,361.1096415879417,46.711877368393345,368.36964297175314,57.07669204859883,311.2929509231543
frame_ri_210.32_210.49,15.595161015790836,0.0,0.9877611203295781,411.7825429924303,367.1787717403137,44.60377125211659,123.83722956499281,59.970396610089324,63.86683295490349
frame_a_210.49_210.6,17.448722038289418,0.4900000000000091,0.13104855931383913,383.82343283049073,341.91143261052383,41.9120002199669,36.10220387860073,12.455833571523385,23.646370307077348
frame_majs_211.09_211.25,7.013583362712808,0.0,-0.4104218106531665,415.0954066056429,368.86124119050777,46.234165415135124,29.11283229703497,11.439575687573978,17.673256609460992
frame_E_211.25_211.34,15.673485327032267,0.0,-0.17788908871290282,419.1314940350847,374.2189223699272,44.912571665157486,20.459221122776114,11.913290360186068,8.545930762590046
frame_la_211.34_211.51,18.39689072127112,0.0,0.5371513367891896,418.85547632746835,371.6034234878065,47.25205283966187,98.4646654374175,40.148140597833276,58.31652483958422
frame_na~w~_211.51_211.74,29.442007478286087,0.0,1.2398174959827306,415.39304760722865,367.4266760934853,47.966371513743354,66.55266730793551,30.502957531683307,36.0497097762522
frame_pe_211.74_211.85,58.75205239525428,0.0,-0.28044474758785515,404.0662046290492,361.1657199423464,42.90048468670278,41.94649587799614,29.846442743369636,12.100053134626506
frame_lu_211.85_212.0,81.2046688378669,0.0,0.9473309495052484,404.773752421301,360.7761908201623,43.99756160113873,125.41911185767276,27.93537739151384,97.48373446615892
frame_paj_212.0_212.27,43.34061662784865,0.0,0.9432541142649248,410.5235893570846,363.31273566893674,47.210853688147836,29.666362920452855,16.051953944542134,13.61440897591072
frame_pe_212.27_212.36,44.94309686192051,0.0,-0.4804393314089747,409.1459060198962,365.0836057909,44.06230022899621,3.9161144867306916,2.6745407437844335,1.241573742946258
frame_la_212.36_212.49,60.5131799219798,0.0,-0.2750542181611266,409.34315380003204,363.65704051192665,45.686113288105446,10.298398185265711,5.717711487315711,4.58068669795
frame_ma~j~_212.49_212.8,41.751534939509554,0.0,0.7112007758306202,413.0866672354143,362.48275049786395,50.60391673755038,52.37179054213212,26.0656019901773,26.30618855195482
frame_na~w~_212.8_212.96,28.8499307928069,0.0,-0.5222382378574703,411.0936380348852,364.9750601115423,46.11857792334291,50.90799044889371,19.252170604965528,31.655819843928185
frame_ew_212.96_213.06,43.517919955875584,0.0,-0.08045016376673561,405.9314690591425,363.6820985059869,42.249370553155586,17.969958165376454,13.330846867973236,4.639111297403218
frame_vow_213.06_213.21,5.225721709856771,0.0,-0.4886837644980059,410.42610994900906,366.2503426085566,44.17576734045247,12.631414580854312,5.762880526924818,6.868534053929494
frame_seX_213.21_213.43,34.805057862970614,0.0,0.9195227553399989,414.50297158352583,366.2400907985419,48.262880784983906,219.69491795095374,67.6672787016389,152.02763924931483
frame_mE_213.43_213.64,7.662784105634984,0.0,0.778186190199941,412.58685631368246,366.6224486891013,45.964407624581156,39.638244630387646,19.558928342771424,20.079316287616223
frame_dZi_213.64_213.73,178.33605153981364,0.0,-0.1610330484140994,385.38437224653325,344.2528121281289,41.131560118404366,2.2669248394154167,1.1575311177697216,1.109393721645695
frame_ku_213.73_213.81,11.775881427733708,0.0,-0.568935301119254,399.7595169039297,356.3858136844291,43.37370321950061,28.369358377351944,13.933279410331465,14.436078967020478
frame_e~_213.81_213.84,27.76180095478844,0.0,-0.9896628005604128,379.38487262575245,339.9461755196336,39.438697106118866,27.427393335598225,13.044098968229292,14.383294367368933
frame_ta~w~_213.84_213.95,51.87776712941843,0.0,-0.8746493846257108,416.4292499042279,370.51219156867995,45.91705833554795,17.23006604258643,4.053126332866668,13.176939709719761
frame_E_213.95_213.98,49.38618570138533,0.0,-0.8152726079883332,395.5300440530074,354.9665749202484,40.563469132758996,0.6063388946127475,0.3190570188151014,0.2872818757976461
frame_la_213.98_214.11,36.05308376736269,0.0,-0.004319033177431361,416.81467639040636,370.9453657839791,45.869310606427234,30.662220834539426,13.497326165671268,17.164894668868158
frame_ajs_214.11_214.23,26.50932184238951,0.0,-0.5457894031452065,417.32776437269433,371.553055657292,45.77470871540231,23.250894167151728,6.6615638952430345,16.589330271908693
frame_ve_214.23_214.31,14.190726045956353,0.0,-0.4804393314089747,415.4646230482077,371.2414914746139,44.22313157359383,11.224941078717507,6.956647296453127,4.268293782264379
frame_zis_214.31_214.4,10.828516959886144,0.0,-0.5918308616929275,393.3850672204057,352.2899217589023,41.095145461503364,15.1606700298982,9.496006892511616,5.664663137386583
frame_vaj_214.4_214.52,3.443497996265421,0.0,-0.5457894031448217,415.1950471364854,368.5626838931842,46.6323632433012,32.05844215980633,20.34613144982029,11.712310709986042
frame_seX_214.52_214.61,38.03852278024232,0.0,-0.8804284990517822,399.9076844924327,359.26942750304397,40.63825698938871,36.84785193074066,17.255017538954377,19.592834391786283
frame_u~_214.61_214.64,23.948345620593727,0.0,-0.7320718500150277,368.20294834740736,329.1801989639442,39.02274938346318,18.590075618084143,8.687627662081354,9.902447956002788
frame_pE_214.64_214.83,87.87322987229908,0.0,0.565725017108634,418.0279783646274,372.7346970809798,45.293281283647616,27.634240758628437,12.618433619110021,15.015807139518415
frame_si~_214.83_214.91,35.73958394546361,0.0,-0.9271294991047099,415.11063882702217,370.2229821658707,44.88765666115148,75.10783044648215,53.428759169560294,21.67907127692186
frame_mu_214.91_215.01,4.1710986476071525,0.0,-0.06351321757775319,417.3205946750314,371.6832481231155,45.63734655191587,7.054759754099678,5.251977303937764,1.8027824501619136
frame_mE_215.01_215.17,47.602332046214485,0.0,-0.07165850216709839,419.4951540465294,372.02964254049806,47.46551150603136,59.34469030393831,17.45482190129576,41.88986840264255
frame_dZi_215.17_215.23,30.95889260059846,0.0,-0.5918308616929275,410.96567272625265,367.65169549697043,43.313977229282216,10.1244884330942,2.2002380124995966,7.924250420594603
frame_ku_215.23_215.29,23.82938046309289,0.0,-0.568935301119254,392.70331304028036,353.2604719584312,39.44284108184917,25.11643099196519,12.724906113821191,12.391524878143997
frame_kwa~_215.29_215.44,14.3850550731471,0.0,0.18258405567850988,414.29974100047525,367.95798077261935,46.3417602278559,20.0140736875791,11.48052888771258,8.533544799866519
frame_du_215.44_215.53,11.944313280604632,0.0,-0.568935301119254,390.56526784559725,348.31958513010454,42.245682715492705,9.216751577294133,6.545762800896767,2.6709887763973654
frame_E_215.53_215.56,0.2477392825300626,0.0,-0.8152726079883332,392.1641141967102,350.12404090643724,42.04007329027297,11.107312483620177,4.185100863379944,6.922211620240233
frame_la_215.56_215.65,4.781909907356521,0.0,-0.816524588128517,411.9170649516431,367.7719262680324,44.145138683610696,16.15746635476964,3.499026111005719,12.65844024376392
frame_po_215.65_215.71,15.268417086523556,0.0,-0.8739373730142938,397.8332176768085,357.52722110801983,40.30599656878866,16.69115141417467,8.409787309667138,8.281364104507531
frame_de_215.71_215.77,3.7636697813012177,0.0,-0.8804284990517822,385.4415105548074,344.9349936344304,40.50651692037701,8.774500277666874,5.76195079728484,3.0125494803820345
frame_ri_215.77_215.83,10.289475071248859,0.0,-0.5918308616929275,406.9102012801175,364.8095781765853,42.1006231035322,9.287722912121438,6.6117733089194815,2.675949603201957
frame_a_215.83_215.86,23.5375590467427,0.0,-0.9518921806201722,393.2188952287162,351.8223306467649,41.39656458195128,0.4506284739980231,0.2433810608461897,0.20724741315183337
frame_seX_215.86_215.95,25.11306970071098,0.0,-0.8804284990517822,404.8581912055769,362.3970756934532,42.46111551212368,13.086681749992778,7.667253451853242,5.419428298139536
frame_u~_215.95_215.98,11.586571030975762,0.0,-0.7320718500148138,394.61449797293085,353.28305229621867,41.33144567671218,0.30540568413161395,0.12495357211349756,0.1804521120181164
frame_O_215.98_216.14,67.03470510453815,0.0,0.6616197359915422,412.97129574015696,369.0966999716966,43.87459576846044,56.137063208808684,14.121046399797535,42.01601680901115
frame_tSi~_216.14_216.22,49.3540075803914,0.0,-0.6077848938573334,411.4210081031328,368.66903978680403,42.75196831632877,24.29129283823113,17.170034359705255,7.121258478525874
frame_mu_216.22_216.28,31.837863321078487,0.0,-0.568935301119254,410.42864905277145,369.16679034123706,41.26185871153439,8.643834010980868,4.523203627694613,4.1206303832862545
frame_li_216.28_216.37,24.046059461209325,0.0,-0.44823159060012085,403.4127452095916,360.46991747221534,42.94282773737626,7.7467004018170655,2.318856585648575,5.42784381616849
frame_Sej_216.37_216.56,14.408262115810714,0.0,-0.8804284990517822,390.41985328726827,345.7468672414394,44.67298604582885,1.1218493153560587,0.4305793815245238,0.6912699338315349
frame_ru_216.56_216.62,80.63323749573914,0.18999999999999773,-0.568935301119254,383.1709296144743,343.00946973538885,40.1614598790855,32.05092492877543,16.07744340193105,15.973481526844381
frame_e~_216.81_216.9,199.5952230933669,0.0,-0.09563033803163253,377.1166170333728,336.4926147080954,40.62400232527739,30.34353652089321,21.21809689523603,9.12543962565718
frame_ta~w~_216.9_217.17,64.69757928116738,0.0,0.18258405567850988,408.44254517705684,361.5298236507297,46.91272152632712,52.19198574109339,27.214355300916793,24.977630440176597
frame_a_217.17_217.29,12.798500620004233,0.0,0.26641615180587913,417.05608794887627,371.788111977799,45.26797597107725,34.88641064718345,13.901666466422796,20.984744180760657
frame_majs_217.29_217.44,54.09587793353745,0.0,-0.9518921806201722,406.2522211433104,360.8997886417594,45.35243250155099,44.33187688692041,28.91804427742781,15.413832609492601
frame_li_217.44_217.5,73.64454171791596,0.0,-0.5918308616929275,395.75536374251186,353.8743681175963,41.880995624915556,1.9338572908522167,1.4056945505238616,0.5281627403283551
frame_Sej_217.5_217.74,19.112177256447183,0.0,-0.28044474758785515,414.69964014841463,366.3546375079376,48.34500264047705,126.72362954813917,42.17773794319919,84.54589160493998
frame_ru_217.74_217.8,63.68203257992792,0.0,-0.568935301119254,398.2003882708322,356.8311542678742,41.369234002958024,1.3064979719967482,0.9827035957573571,0.3237943762393911
frame_na~w~_217.8_217.91,8.523920360451427,0.0,-0.5222382378579711,411.03568155332476,366.1965569314543,44.83912462187044,46.25532655411695,28.848872345851476,17.406454208265473
frame_majs_217.91_218.15,12.956553728937479,0.0,-0.4104218106531665,404.96790457588975,360.0527958451852,44.91510873070456,21.66236588680968,11.3610890280749,10.30127685873478
frame_E_218.15_218.4,147.18502344567247,0.0,1.5218002960214778,417.8540399564069,369.77462062289686,48.07941933351003,448.5423107027624,310.67787900517817,137.86443169758422
frame_i~_218.4_218.43,77.09441621756491,0.0,-0.9271294991047099,387.75269643570334,347.8284235291668,39.924272906536544,14.424394654797368,4.454589653913331,9.969805000884037
frame_poX_218.43_218.68,36.42649344192944,0.0,0.28182345253566476,420.12314267292356,371.0818086049796,49.04133406794398,95.54875802077913,47.82062051929813,47.728137501481
frame_ta~_218.68_218.88,67.17769205694088,0.0,1.2398174959827306,420.24850971367215,371.11375632949773,49.13475338417442,82.6970990468948,49.78211439219521,32.914984654699595
frame_tSi_218.88_218.94,206.97786657174407,0.4399999999999977,-0.5918308616929275,385.99649755027224,345.449366423794,40.547131126478234,0.9972423272804818,0.7059680572180724,0.29127427006240936
frame_E_219.38_219.58,27.240702789863576,0.0,0.9906473632921536,416.3023091775493,370.8953949985606,45.4069141789887,143.30058110302633,63.255015409362954,80.04556569366338
frame_i~_219.58_219.62,50.61280126247681,0.0,-0.7674571964812485,390.1891431608712,348.21303052030544,41.97611264056576,1.5469301209390665,1.1256245081969496,0.42130561274211686
frame_poX_219.62_219.86,43.02469539891581,0.0,-0.10343015598117057,411.60246786605427,368.06176708591875,43.54070078013552,83.57877219057906,43.300241258331766,40.27853093224729
frame_ta~_219.86_220.07,83.7331902202711,0.0,0.7112007758306202,405.7151712373702,359.67307278625566,46.042098451114555,60.50571834281962,43.1618080338188,17.34391030900082
frame_tSi_220.07_220.16,109.04130652008459,0.4900000000000091,-0.5918308616929275,378.9864363013351,337.0461497910278,41.94028651030732,94.73127652263562,44.50477830199884,50.226498220636785
frame_me_220.65_220.72,18.28507708394818,0.0,-0.6804339152306627,392.7410997301186,352.9676714300771,39.77342830004153,3.257667227121317,0.5144548857816744,2.7432123413396425
frame_ka~_220.72_220.97,2.8978947966318174,0.0,1.4160230693666005,422.0071628820896,370.6066352578182,51.40052762427132,20.93092691002522,12.886304088320742,8.044622821704479
frame_ni_220.97_221.09,10.869294327501905,0.0,0.26976476486472867,416.410411596098,372.1205676301387,44.289843965959335,7.278715865859169,4.181839459790069,3.0968764060691
frame_ku_221.09_221.28,12.92009768095295,0.0,0.610382893810755,401.3818395030828,356.6818329962501,44.70000650683272,28.342920676841175,12.707946911292424,15.63497376554875
frame_kwa~_221.28_221.53,216.46647045728582,0.0,0.88740634921449,417.936454314941,370.33466141395013,47.60179290099086,169.72034241676187,61.42921965281556,108.2911227639463
frame_tu_221.53_221.67,69.94029653087944,0.0,0.27343483811626146,419.42819221450094,372.2324640092919,47.195728205209036,79.45497645033544,40.94424197733804,38.5107344729974
frame_mo_221.67_221.89,15.77437559776186,0.0,1.4375842780850758,415.58877499099214,368.7969610480134,46.79181394297876,42.86412785619572,21.217227884540108,21.646899971655614
frame_si~_221.89_222.18,23.665926224968075,0.0,0.030904316636966057,419.5915091797716,367.15130155678196,52.44020762298965,11.917899221472908,5.734390268549475,6.183508952923432
frame_Ju_222.18_222.28,5.860684172384367,0.0,0.10496081026925415,412.3817333689596,367.8397644455005,44.54196892345908,33.530914291930884,17.555200606152482,15.975713685778402
frame_ki_222.28_222.34,1.8414062675253149,0.0,-0.5918308616929275,388.9811717633863,350.14800509774136,38.83316666564491,2.5464051787081416,1.0956397979890653,1.4507653807190763
frame_nOjs_222.34_222.56,42.59587779079706,0.0,-0.4490631692248646,414.6994388869631,366.6315509482564,48.06788793870663,31.770572944313926,13.186935028150629,18.583637916163298
frame_e~_222.56_222.67,60.50828581302093,0.0,0.2023804828110119,399.43289602700537,359.12911117163577,40.3037848553696,25.571341659338174,12.804303206643738,12.767038452694436
frame_tre_222.67_222.85,59.318832477376986,0.0,0.11954442005438394,409.71982042540276,362.2886699448409,47.43115048056188,34.39679330863714,21.649371878742897,12.747421429894246
frame_vis_222.85_223.03,126.88316208462149,0.0,-0.5918308616929275,392.1134473169528,346.6987282676607,45.414719049292046,133.3146059802442,59.01905492341382,74.29555105683039
frame_ta~_223.03_223.3,12.800326790941142,0.0,1.4160230693671012,410.8704120133103,361.3854291935375,49.48498281977277,101.26925635053851,42.8190158069749,58.45024054356361
frame_mus_223.3_223.49,73.483947374537,0.3599999999999852,-0.06351321757823203,393.06004268893656,347.4679717465171,45.59207094241947,26.040331234233918,17.553674074904222,8.486657159329695
frame_ki_223.85_223.98,17.143094136324464,0.0,-0.5918308616929275,414.14567880240236,367.79858690346134,46.34709189894102,5.986574992076271,4.526409328994191,1.4601656630820798
frame_a_223.98_224.07,1.0426660836028532,0.0,-0.13968662566947132,416.4862137782031,371.9376872006722,44.54852657753088,39.80002591467331,15.71149756455685,24.088528350116462
frame_do_224.07_224.14,29.91731210665182,0.0,-0.8739373730148412,413.5225038730912,371.0810184723999,42.441485400691306,15.872973910931421,2.581451380159251,13.29152253077217
frame_ra_224.14_224.41,10.542408741226666,0.0,1.890827261707281,418.9970535402505,368.78047672432695,50.21657681592353,35.66255972195614,16.998527538109784,18.66403218384636
frame_ri_224.41_224.5,19.003532902245695,0.0,-0.44823159060012085,416.1905866091366,370.78084072781934,45.409745881317235,75.43136610605151,25.3845252559218,50.04684085012971
frame_a_224.5_224.53,43.208289038238945,0.0,-0.9518921806201722,405.0447484607713,362.29939454943417,42.74535391133719,1.2198620561786129,0.6975184396695795,0.5223436165090334
frame_seX_224.53_224.67,23.223756715323645,0.0,0.11954442005438394,417.55949015711735,372.6841865719649,44.87530358515244,53.70311680244936,18.61750498125076,35.0856118211986
frame_me_224.67_224.73,32.326013171246984,0.0,-0.8804284990517822,399.8237157541555,358.5800332551512,41.24368249900431,1.3423309252657987,0.4814682355983564,0.8608626896674423
frame_ka~_224.73_224.84,3.601423323047868,0.0,-0.5222382378574703,413.1049498628754,369.6703653945227,43.43458446835274,20.243298416750065,12.69958700974638,7.543711407003684
frame_ni_224.84_225.0,25.842999514830666,0.0,0.55696330705075,417.20200571879684,371.31504300500876,45.88696271378802,24.955219084450107,15.286139861027465,9.669079223422642
frame_ku_225.0_225.15,20.582742033999523,0.0,-0.2319872454247605,419.1280390229532,372.35566050095997,46.77237852199323,28.221239764292193,9.392747588179361,18.82849217611283
frame_i_225.15_225.18,22.409860973086552,0.0,-0.5918308616929275,402.6140239821303,361.3743822447574,41.23964173737289,0.5143329690667429,0.2765661692988033,0.23776679976793957
frame_es_225.18_225.24,27.605966872918543,0.0,-0.8804284990517822,414.7300400448552,371.60474753805613,43.12529250679904,13.183373143134986,3.8389106789558696,9.344462464179117
frame_ta_225.24_225.3,31.977770550145692,0.0,-0.9518921806201722,408.2991965907422,366.39195221640773,41.90724437433448,16.25846663436579,6.555846623960065,9.702620010405724
frame_va_225.3_225.5,10.766191544892308,0.0,0.6725189292812296,409.85319661178835,366.03539449461505,43.817802117173244,52.98776315516136,29.881502550898915,23.106260604262445
frame_fa_225.5_225.64,3.3421809829100084,0.0,-0.4104218106531665,412.26458782929956,366.0603679180936,46.20421991120594,43.63058162468678,16.529210506788047,27.101371117898736
frame_ze~_225.64_225.77,18.98303354475081,0.0,-0.24463574845295474,414.19667226665547,367.08910952740814,47.10756273924733,21.70912234224187,6.620922853144975,15.088199489096894
frame_du_225.77_225.89,34.667901123499576,0.0,0.27343483811626146,405.6163801474954,363.24716581871166,42.369214328783755,20.14203169872914,11.483570582727396,8.658461116001746
frame_kuX_225.89_226.09,30.41221041731245,0.0,0.4419088659637476,407.3239831359594,361.39917395355815,45.92480918240125,20.03916962947315,7.09766944904743,12.94150018042572
frame_su_226.09_226.43,45.298987772345015,0.7599999999999909,1.9581751165882502,405.2359060670301,354.49720384169893,50.73870222533111,26.605275283489703,13.570946842665052,13.034328440824652
frame_ko~_227.19_227.35,11.380182068496083,0.0,-0.25847254981842704,416.65293656520504,369.9142579145828,46.73867865062226,8.42044083613655,3.0806732100782597,5.33976762605829
frame_ple_227.35_227.5,140.68391761336576,0.0,-0.08045016376673561,415.7264648316741,371.20136690854406,44.52509792312998,95.80904793155605,39.60881762162529,56.20023030993076
frame_ta_227.5_227.6,124.72636367140453,0.0,-0.816524588128517,418.28696282287365,372.403371040302,45.88359178257173,63.159895435711064,34.55631713067845,28.603578305032613
frame_me~_227.6_227.8,62.35341844958796,0.0,0.7984021244971478,415.8008093861256,370.58127999471145,45.21952939141414,42.80375706512302,20.653003565552297,22.150753499570726
frame_tSi_227.8_227.87,41.64680478679455,0.0,-0.44823159060012085,412.4892010895811,370.08020625717296,42.408994832408155,19.794784019923497,16.395411783404427,3.3993722365190706
frame_e_227.87_227.91,9.296048771472044,0.0,-0.6804339152306627,407.8754018100766,364.35474495600596,43.52065685407064,0.5872515160083083,0.3977430245548419,0.18950849145346638
frame_Ra_227.91_228.18,34.26986028591196,0.0,0.9432541142649248,406.41421602328995,360.09437625677157,46.319839766518385,49.41961423079101,34.91524393217787,14.50437029861314
frame_du_228.18_228.24,48.404745730668935,0.0,-0.568935301119254,388.97708208870154,348.38876374352384,40.5883183451777,13.981081028981095,5.772390765808666,8.208690263172429
frame_es_228.24_228.3,41.896616608776384,0.0,-0.8804284990517822,384.45135579125343,344.8910790683141,39.56027672293931,7.985653739330473,2.350594275845367,5.635059463485106
frame_ta_228.3_228.38,10.891371185954654,0.0,-0.816524588128517,413.80316475852476,370.70130909309654,43.10185566542822,17.91537146212019,9.146442113816079,8.768929348304113
frame_va_228.38_228.46,13.154629696263243,0.0,-0.681156995636477,409.37849987519724,367.16791291585673,42.210586959340446,13.367474646770432,4.645277946965905,8.722196699804527
frame_nu_228.46_228.53,9.16853848392563,0.0,-0.568935301119254,408.9817119983219,365.8504455550963,43.13126644322557,8.166050622089045,2.197296440512332,5.968754181576713
frame_si_228.53_228.68,8.395600237620869,0.0,-0.5918308616929275,409.20474873252095,363.29944991132305,45.9052988211979,14.517364633477769,9.777897402120516,4.739467231357253
frame_e~_228.68_228.87,10.511213992422,0.0,1.39442376618286,407.08746533475494,362.31273041695573,44.77473491779921,37.427553138287806,15.987214531475246,21.44033860681256
frame_tSi_228.87_229.18,20.185300950299336,0.0,2.1365552890728474,408.42998771215446,358.8762871093275,49.55370060282695,47.83868930755693,19.957517522350713,27.88117178520622
frame_fi_229.18_229.26,21.593580285250397,0.0,-0.44823159060012085,386.0945168860449,344.1582550788746,41.9362618071703,22.348975156903066,12.124862962237785,10.224112194665281
frame_ku_229.26_229.35,171.71937442003218,0.0,-0.568935301119254,396.4426490586056,353.56713649098776,42.87551256761782,0.47915074181803874,0.35840580893308527,0.12074493288495347
frame_es_229.35_229.41,44.386823125767734,0.0,-0.8804284990517822,385.57225753830556,344.2614865118963,41.31077102640927,0.4794868914923427,0.19578175393829156,0.28370513755405113
frame_tu_229.41_229.49,21.08380028198036,0.0,-0.40046127327176784,403.7267918282588,360.36522816392886,43.361563664329935,12.948349293822076,4.301759400125036,8.64658989369704
frame_da~_229.49_229.68,17.942461850888918,0.0,0.5349952024467504,413.4397632850961,365.67439793970806,47.765365345388034,31.885433812304655,9.387570795581894,22.49786301672276
frame_du_229.68_229.87,21.65802003493883,0.0,1.4527530330467493,403.5072397830264,358.2173733622676,45.28986642075881,20.10892178991827,5.664026344472234,14.444895445446036
frame_ki_229.87_230.12,13.169823542747736,0.0,1.2749596625151913,411.9633713859906,362.47539884331104,49.48797254267964,172.8480623552819,25.222740696908488,147.62532165837342
frame_mi_230.12_230.28,25.6534658753001,0.0,-0.017433777321292775,403.8857205245099,359.7223966774062,44.1633238471037,15.267808042403203,7.330734707565881,7.937073334837322
frame_ka_230.28_230.39,3.9296437245980655,0.0,-0.9518921806205569,403.1833611976173,359.46635402575606,43.71700717186121,36.0093319357876,10.73364202305163,25.27568991273597
frame_i_230.39_230.51,28.085208493049038,0.0,0.7005625781435567,390.6562760310767,348.0247174833978,42.63155854767888,35.03912163646342,20.093110249211065,14.946011387252355
frame_fi_230.51_230.73,6.708159761388771,0.0,1.1313603914219768,407.89751777607427,359.56633023955624,48.33118753651803,41.46821367640598,14.57414854906682,26.89406512733916
frame_zi_230.73_230.85,70.27629585466534,0.0,0.26976476486472867,394.0984989749796,350.3887042404915,43.70979473448807,103.25771622276162,35.50116428889473,67.75655193386689
frame_ka_230.85_230.96,1.9530757273263077,0.0,-0.9518921806201722,406.8649716761132,362.9410027837031,43.92396889241007,21.19103043794138,14.902267306506218,6.288763131435161
frame_na~w~_230.96_231.05,14.203003339172966,0.0,-0.8746493846257108,401.48448842153675,359.31741073541264,42.16707768612412,15.370257745143732,4.112942098134965,11.257315647008767
frame_sej_231.05_231.19,4.724567068403644,0.0,-0.8804284990517822,405.52743136504927,362.02916263578453,43.49826872926474,32.766538740720335,17.488624638534645,15.27791410218569
frame_u_231.19_231.22,8.286637938094458,0.0,-0.568935301119254,369.9668554450407,331.0629604423256,38.9038950027151,14.640497423205659,7.662006996246419,6.97849042695924
frame_ki_231.22_231.3,3.8859999233463896,0.0,-0.5918308616929275,408.59897461410185,365.5767141429476,43.022260471154254,22.617308687856877,15.294106819721492,7.323201868135385
frame_la_231.3_231.43,2.7265372533536265,0.3100000000000023,-0.13968662566947132,404.46532521370375,361.3548586636452,43.11046655005856,11.413079407744618,3.4042044140001053,8.008874993744513
frame_e_231.74_231.81,10.457144259727954,0.0,-0.08045016376673561,416.4241235951726,371.84417978577017,44.57994380940244,1.2687664137367278,0.5878756180022435,0.6808907957344843
frame_li_231.81_231.9,2.289564640660899,0.0,-0.30463231950690606,409.4765988911324,367.5373320129353,41.939266878197145,3.999444270059257,1.1239470429788128,2.8754972270804444
frame_na~w~_231.9_232.03,13.193793999360537,0.0,-0.3460326644736005,414.2110464206935,368.28415863981945,45.92688778087404,11.981652687309378,3.471943332270598,8.50970935503878
frame_su_232.03_232.18,20.61002379656972,0.0,-0.2319872454247605,404.6191654813765,359.8088393637392,44.81032611763732,41.21485879352949,19.743627364685977,21.47123142884351
frame_poX_232.18_232.4,18.281510114299067,0.0,0.28182345253566476,408.5940723329327,363.820211938725,44.7738603942077,16.53003605903305,7.1372940474796,9.392742011553452
frame_ta_232.4_232.53,26.52858543800957,0.0,-0.5457894031448217,410.7381671430174,365.6668505910314,45.071316551986,61.53664794491041,41.30698241657166,20.229665528338757
frame_va_232.53_232.59,50.486973702009806,0.0,-0.9518921806201722,400.8904284562472,358.98450204661304,41.90592640963416,8.91470258676651,1.9170699500861872,6.997632636680322
frame_e_232.59_232.62,32.5322468927327,0.0,-0.8804284990517822,384.28975637877545,343.2563038391339,41.03345253964153,37.114636218217356,8.357675059648983,28.756961158568373
frame_li_232.62_232.68,39.628561416144464,0.0,-0.5918308616929275,383.2040362274952,342.188651969364,41.01538425813118,11.724538342642575,5.300936071340942,6.4236022713016325
frame_ke_232.68_232.75,21.786152219387418,0.0,-0.8804284990517822,401.56951282231927,358.8632781205263,42.706234701792994,24.95467515424926,11.430197478046637,13.524477676202622
frame_ri_232.75_232.81,21.043760694562167,0.0,-0.5918308616929275,407.35625864473536,363.99775325038655,43.35850539434881,12.473059317615736,4.349165755864902,8.123893561750833
frame_a_232.81_232.84,22.923302502190865,0.0,-0.9518921806201722,385.62575235962447,345.47416307916404,40.15158928046043,2.6736403901477956,1.290361102739837,1.3832792874079587
frame_seX_232.84_232.98,8.871475440662266,0.0,-0.8804284990517822,406.05813433091515,360.54248677547514,45.51564755544001,44.849054980910836,22.04056460993172,22.808490370979115
frame_me_232.98_233.08,10.268656672384566,0.0,-0.08045016376616719,403.3013096779463,360.24390547328846,43.057404204657814,9.695325995953283,2.7037396959720184,6.991586299981265
frame_ka~_233.08_233.14,8.527846670649751,0.0,-0.8746493846262117,380.9930778250789,341.6755883436781,39.3174894814008,9.122217402808644,3.880563891339449,5.241653511469195
frame_ni_233.14_233.2,32.92857946007868,0.0,-0.5918308616929275,411.8886174409088,368.49428088744406,43.39433655346471,13.329912226690169,7.999088689131838,5.330823537558331
frame_ku_233.2_233.26,44.94823024942522,0.0,-0.568935301119254,408.9536755663869,365.6226175970363,43.33105796935058,1.6255760796979644,1.1717083932618664,0.453867686436098
frame_majs_233.26_233.43,39.04434875380454,0.0,-0.681156995636477,409.85948304418076,363.21089216645714,46.64859087772362,16.904175315887386,12.162397647288316,4.74177766859907
frame_u_233.43_233.5,16.731581019423515,0.0,0.10496081026925415,406.8300072342209,363.85923129578396,42.97077593843693,16.695096999075048,4.569871151347428,12.12522584772762
frame_paj_233.5_233.7,22.93734785843833,0.0,-0.4104218106531665,413.791288734262,364.99562940558354,48.79565932867848,21.229511623368268,17.593798620216717,3.635713003151551
frame_nu~_233.7_234.02,101.68102412912168,0.0,0.6233867397263212,415.44536685069886,365.50131570463384,49.94405114606502,223.82299445614743,121.63473728486065,102.18825717128678
frame_ka_234.02_234.14,0.5302044309535461,0.0,-0.816524588128517,413.45199185972524,367.96475544920213,45.48723641052305,18.303844012726785,11.402784119270024,6.901059893456761
frame_i_234.14_234.18,16.40611059424603,0.0,-0.4482315905997127,398.1931026179748,356.75565864397544,41.437443973999336,2.819737548906744,1.0216565919033656,1.7980809570033784
frame_ri_234.18_234.29,30.213936626318855,0.0,-0.017433777321292775,412.87988959874446,367.87543055290246,45.004459045842,16.900849700821226,3.657860305754582,13.242989395066644
frame_a_234.29_234.36,35.155935604613234,0.0,-0.4104218106527818,398.26179870508577,356.04634094998164,42.21545775510418,4.49007206952345,1.8344553392628313,2.6556167302606184
frame_peR_234.36_234.5,44.475810024789354,0.0,-0.08045016376673561,407.99061922720364,363.10643594733824,44.8841832798654,15.330369138757902,7.705503492403636,7.624865646354266
frame_mi_234.5_234.68,88.8082752547306,0.0,0.7005625781435567,406.63135155444473,361.20139287478247,45.42995867966226,126.88792138308122,43.9031306884761,82.98479069460512
frame_tSiX_234.68_234.89,48.91857581842265,0.0,0.55696330705075,415.8310058625942,369.3647308841174,46.466274978476804,52.81096959811987,16.829992138527246,35.98097745959262
frame_ki_234.89_235.15,9.693870609208233,0.04999999999998295,2.280154560166062,388.2113622957106,343.03388392955753,45.17747836615308,237.19309177612422,72.60255126361696,164.59054051250723
frame_e_235.2_235.31,20.529564559669808,0.0,0.7195281715188794,411.7225909308413,367.97988219064837,43.74270874019294,9.095686341629033,4.391266590220766,4.704419751408267
frame_li_235.31_235.38,16.837521254923956,0.0,-0.5918308616929275,395.13265595436116,354.35711330752343,40.77554264683772,2.555975743203959,1.3972328579729947,1.1587428852309642
frame_fo_235.38_235.49,5.814631198548682,0.0,-0.10343015598062309,412.2182180368644,367.7681390016738,44.45007903519064,16.94828044327113,13.025516529593148,3.922763913677983
frame_si_235.49_235.61,29.220695736527517,0.0,-0.30463231950690606,412.0257053866415,366.7547024336677,45.27100295297379,14.968391967208248,3.2896889896635457,11.678702977544702
frame_u~_235.61_235.64,28.11271800817488,0.0,-0.7320718500150277,398.7584023402541,356.6420326743521,42.11636966590203,9.621537659097157,5.980723337450968,3.6408143216461895
frame_me_235.64_235.83,40.523046498165314,0.0,1.3195119229828065,409.0963821992961,364.060136265464,45.036245933832106,16.33797834139631,7.68996112678667,8.648017214609638
frame_ka~_235.83_236.06,25.42660163716738,0.0,1.0636119225988607,415.28754808619607,364.99972216951977,50.2878259166763,61.89206885429792,44.721462273984486,17.170606580313432
frame_ni_236.06_236.12,187.41857563624924,0.0,-0.5918308616929275,388.7522854949084,349.22668493513913,39.525600559769316,0.25952136360750444,0.2043602467583696,0.05516111684913483
frame_ku_236.12_236.18,21.17824104704013,0.0,-0.568935301119254,387.3064283901199,346.20154582041505,41.10488256970484,23.38436965728522,4.1811747025489865,19.203194954736233
frame_poX_236.18_236.3,49.82347870959464,0.0,-0.8739373730142938,400.3342515631483,356.7371544588483,43.597097104300076,169.13082506534417,46.171346977956006,122.95947808738816
frame_ki_236.3_236.41,2.2782168682776387,0.0,-0.44823159060012085,408.8996145632306,365.2568203596869,43.6427942035437,20.03113574303933,9.306414014380437,10.724721728658892
frame_me_236.41_236.59,37.45453704471794,0.0,0.9195227553399989,407.29860743505844,362.331136237937,44.96747119712143,15.574658332443533,11.455265897509463,4.1193924349340705
frame_ka~_236.59_236.83,54.39122340014703,0.0,1.0636119225988607,418.3669846005095,370.6882547967955,47.67872980371402,68.75465697183486,24.16748604824045,44.587170923594414
frame_ni_236.83_236.92,31.91100506992879,0.0,-0.16103304841450755,405.4912258715415,362.29785824188764,43.193367629653835,40.844336956721605,19.574143909137632,21.270193047583973
frame_ku_236.92_237.06,48.05271673916113,0.3400000000000034,-0.06351321757775319,403.68354300458566,359.24600693522336,44.43753606936235,39.72386020195995,28.79764705240825,10.9262131495517
frame_e~_237.4_237.43,44.224162198521384,0.0,-0.9896628005604128,396.81782107836403,355.02477475492566,41.793046323438375,1.508354828778124,0.8307275702734955,0.6776272585046286
frame_bO_237.43_237.55,29.403964590581353,0.0,-0.4490631692248646,416.794992917575,371.0866166429725,45.70837627460247,19.89675330127639,4.983350266395433,14.913403034880957
frame_ra_237.55_237.66,24.61097353038926,0.0,-0.2750542181615113,408.1338379636518,365.0978739943563,43.035963969295494,11.111546475232217,4.2973518951295375,6.814194580102679
frame_se_237.66_237.77,20.342527559117457,0.0,-0.4804393314089747,409.3998335581242,365.1306506085323,44.26918294959199,33.612201291396275,21.89285518433755,11.719346107058726
frame_Za_237.77_237.88,37.34783338192045,0.0,-0.9518921806201722,408.62347880482446,364.5018841371825,44.12159466764194,17.235148949046817,7.092296915922816,10.142852033124
frame_aw_237.88_237.96,37.57743537528722,0.0,-0.681156995636477,415.02721927888956,371.1308650859389,43.89635419295064,2.4284463206160467,1.4983193722233352,0.9301269483927115
frame_gu_237.96_238.04,40.02532661087923,0.0,-0.4004612732722467,411.36089204365527,367.4238028615892,43.937089182066074,17.64847516684813,7.394046379915636,10.254428786932493
frame_muj~_238.04_238.47,57.239427319930684,0.0,3.1374933115182593,416.08223367160235,364.4137599112764,51.66847376032598,207.6406389008478,110.7718861781679,96.86875272267989
frame_tu_238.47_238.74,28.274721643877513,0.7599999999999909,2.632071227976758,405.406307980663,358.38917348238664,47.017134498276334,123.14623473942544,104.02474127337118,19.12149346605426
frame_E_239.5_239.95,29.951162829961163,0.0,3.646412026939378,418.192779064805,362.244547649942,55.94823141486302,110.79938833334555,90.45866317484217,20.340725158503375
frame_u_239.95_239.98,19.430553073306214,0.0,-0.568935301119254,380.66261551774585,341.6302693562113,39.032346161534576,28.850940538719726,9.979671416765626,18.8712691219541
frame_ne_239.98_240.2,7.124740878019651,0.0,1.1195173391611184,416.4788495368642,369.3578354950537,47.1210140418105,62.21220975195354,27.635292649718764,34.57691710223477
frame_se_240.2_240.36,206.85004412060067,0.0,1.1195173391616868,406.76313146307837,363.0704406864181,43.69269077666024,263.5325234834291,58.675119397861465,204.85740408556762
frame_sa_240.36_240.59,3.158648776871331,0.0,0.8078865217728848,418.5414542713168,367.99965302266213,50.54180124865468,100.3684220903848,59.84692328884293,40.52149880154187
frame_riu_240.59_240.7,52.36138861062898,0.0,-0.3046323195073142,409.92523401477797,366.0039355797923,43.92129843498566,17.541703718937583,4.064808337138999,13.476895381798585
frame_lO_240.7_240.9,33.92677972107799,0.0,0.5029507495321843,417.3065533524419,370.4577074402529,46.848845912189006,21.06967251860857,9.859536835721741,11.210135682886829
frame_Zi_240.9_241.02,37.186639220511466,0.0,-0.1610330484140994,391.06437810905805,348.1483381059735,42.91604000308456,0.6146212084879892,0.23980260557834754,0.37481860290964164
frame_ku_241.02_241.14,131.03601365332756,0.3300000000000125,0.27343483811626146,381.8854492142417,339.4590560700829,42.426393144158794,142.0189886214337,98.1549737732775,43.864014848156195
frame_E_241.47_241.54,8.022517874494838,0.0,-0.39035026180481364,412.17968114031163,370.2627443455499,41.91693679476174,9.618334054964066,2.206307299500054,7.412026755464012
frame_u~_241.54_241.58,2.846296720057296,0.0,-0.6567685950290525,411.9654851523398,368.60802379396347,43.35746135837633,1.5104574314336219,1.155709374873652,0.3547480565599699
frame_ma_241.58_241.73,21.886544135227496,0.0,0.13104855931383913,416.9125088785878,372.7279603679633,44.184548510624495,33.665307475053396,11.358383921901577,22.30692355315182
frame_pro_241.73_241.89,34.483965826546296,0.0,0.4744502567938087,412.5317209874344,367.1913393348753,45.34038165255913,61.627201532829815,19.542737913068947,42.08446361976087
frame_fi_241.89_241.95,15.138452186858558,0.0,-0.5918308616929275,391.9734870459165,350.2581338481542,41.71535319776228,1.0153096257419634,0.3083881582585377,0.7069214674834257
frame_sa~w~_241.95_242.16,18.365140227635834,0.0,0.18258405567850988,417.60798903846364,368.0985429352619,49.50944610320175,38.63299207886047,19.753420462166275,18.879571616694193
frame_dez_242.16_242.25,2.169610715465012,0.0,-0.8804284990517822,408.8767804815775,364.14836891983987,44.72841156173763,18.03738778099182,4.225104117838953,13.812283663152868
frame_va_242.25_242.36,10.176201605095287,0.0,-0.2750542181611266,415.5928182386676,370.25868706163874,45.33413117702884,22.29367329875322,8.51589655338006,13.77777674537316
frame_lo_242.36_242.49,21.45390713411456,0.0,0.28182345253566476,412.0650321394835,366.33727876735173,45.72775337213176,17.111147909366366,5.191821050247654,11.919326859118712
frame_ri_242.49_242.55,27.60394556021106,0.0,-0.5918308616929275,406.5623270121052,362.9338486166599,43.62847839544531,10.214773509367944,4.131112808690489,6.083660700677456
frame_za_242.55_242.87,41.15964012481015,0.0,1.3493568917402752,409.8004892667705,358.7417191735725,51.05877009319801,108.06120587010457,60.04949304978754,48.01171282031703
frame_da_242.87_242.99,140.82607785330669,0.29999999999998295,-0.2750542181611266,389.9985753849466,348.17882167655233,41.81975370839427,124.01100954483552,38.28750308452817,85.72350646030735
frame_e~_243.29_243.32,203.9999450761116,0.0,-0.9896628005604128,360.1486969413971,322.62523922794355,37.523457713453524,4.531677163855974,2.739381122305417,1.792296041550557
frame_ta~w~_243.32_243.85,41.16189507508648,0.0,3.354284376591172,414.987087274478,357.1277411414735,57.859346133004465,63.45482210339213,29.76739688029579,33.68742522309634
frame_ew_243.85_243.96,37.37063103435335,0.0,0.11954442005495236,412.74247448147196,369.2926402667472,43.449834214724774,9.290390526382424,4.44653494495779,4.843855581424634
frame_a_243.96_244.08,18.324556430625762,0.0,0.26641615180587913,414.35181248856463,369.35924193298996,44.99257055557467,10.857486425453715,3.9858472645007623,6.871639160952952
frame_Su_244.08_244.18,21.042238359592034,0.0,-0.2319872454247605,393.13377595103026,350.6633369853788,42.470438965651454,9.327035035368255,2.323597757256124,7.003437278112131
frame_ki_244.18_244.25,206.22161822664071,0.6500000000000057,-0.5918308616929275,386.07799521473487,344.1482397322394,41.929755482495466,4.375730358446631,1.4980536208743445,2.877676737572287
frame_ki_244.9_245.05,63.17139937761314,0.0,-0.30463231950690606,379.0193446977276,336.31124996720615,42.70809473052145,246.84733652497576,123.14325946796649,123.70407705700927
frame_tu_245.05_245.18,198.80552319991068,0.38999999999998636,-0.568935301119254,414.55346031003074,368.66446215795577,45.888998152074976,193.32016348729314,98.00226201075674,95.3179014765364
frame_u_245.57_245.89,80.4069695596761,0.0,4.316811506448269,398.1607046710003,347.57496146591166,50.58574320508865,237.24916338025102,114.62259877944939,122.62656460080163
frame_de_245.89_246.11,17.55119914554095,0.0,-0.08045016376616719,411.42961254099987,365.2739756559515,46.15563688504835,76.26855480747727,35.143874442057125,41.12468036542015
frame_ve_246.11_246.21,19.552459503313003,0.0,-0.08045016376616719,417.12988615409574,371.3892552805729,45.74063087352283,44.58699575888008,11.96041407311543,32.62658168576465
frame_ri_246.21_246.28,59.00066373784148,0.0,-0.44823159060012085,414.05131954330017,370.70978078841006,43.34153875489011,32.41032740702292,10.626516761574749,21.78381064544817
frame_a_246.28_246.35,51.074706226488786,0.0,-0.4104218106531665,412.1645261865851,370.60547788974816,41.55904829683692,41.476486241761506,14.85055882475018,26.625927417011326
frame_pi~_246.35_246.56,20.60775615835729,0.0,1.46795504024948,415.7320622584019,370.5817491254777,45.150313132924225,59.48535711900854,37.017442133565,22.467914985443542
frame_taX_246.56_246.78,19.915015412184403,0.0,0.6725189292812296,413.96531297206155,367.30354788542525,46.66176508663631,24.344788278449414,14.585525551519197,9.759262726930217
frame_e~j~_246.78_246.84,16.801717107926834,0.0,-0.9896628005604128,399.119754335849,357.2962422649889,41.82351207086009,12.731615069719851,5.143470662181642,7.588144407538209
frame_to_246.84_246.97,197.0115661075335,0.0,0.28182345253566476,414.5001970765603,369.8500638619851,44.65013321457519,67.96822056779473,33.53007053069433,34.4381500371004
frame_dus_246.97_247.08,50.12401187609896,0.0,-0.4004612732722467,407.9369493389197,363.0625353637638,44.8744139751559,111.37714590453425,89.89082704217338,21.48631886236086
frame_ujs_247.08_247.17,7.474127868080359,0.0,-0.568935301119254,403.4927012072312,361.16769074403106,42.32501046320016,17.146957712020594,8.523984701120696,8.622973010899898
frame_se_247.17_247.32,9.573537838924949,0.0,0.5195335876971915,412.6679865735965,368.4859472197677,44.18203935382877,32.840862889497544,20.030657584896005,12.810205304601539
frame_to_247.32_247.46,37.91352628364433,0.0,0.08919664827752083,415.15282595497115,368.9356391689165,46.21718678605464,48.45830153986756,27.89664122279811,20.561660317069453
frame_ris_247.46_247.56,66.3518596999921,0.0,-0.44823159060012085,409.152530704382,365.158163119959,43.994367584423,11.378108431523714,5.006052752427138,6.372055679096576
frame_da_247.56_247.64,61.52077838256238,0.0,-0.9518921806205569,413.0941684823458,368.10294617467173,44.99122230767415,5.9716821918032394,1.1525591668514892,4.81912302495175
frame_e_247.64_247.7,72.04574371705533,0.0,-0.28044474758785515,404.74798058501733,362.71462481228656,42.03335577273077,7.981989170217048,4.2569598123593835,3.7250293578576645
frame_du_247.7_247.79,69.48448613163086,0.0,-0.4004612732722467,404.8965454025963,361.4402855932017,43.45625980939468,7.95821213443179,1.7274975411270646,6.230714593304725
frame_ka_247.79_247.98,92.5968719058987,0.0,-0.13968662566947132,404.5676596741488,359.0821626810468,45.485496993102004,120.66731133255584,17.560025856335386,103.10728547622045
frame_sa~w~_247.98_248.37,20.493608291523373,0.28000000000000114,0.35878962906288053,413.6643220553056,363.5883602412171,50.07596181408849,115.85787363340813,67.14048266319415,48.717390970213984
frame_a_248.65_248.69,16.086926794111463,0.0,-0.816524588128517,402.1331872775399,361.40989978953786,40.72328748800203,5.631233312407062,1.126439342051441,4.504793970355621
frame_va_248.69_248.79,27.315810927025467,0.0,-0.5457894031448217,415.46081343604493,370.88838711609213,44.5724263199528,16.356350391252562,4.562991893024645,11.793358498227917
frame_lo_248.79_248.89,24.526171793241872,0.0,-0.296056960239862,414.3308703727072,369.6523642855725,44.67850608713468,5.00021392656916,3.2563413529179286,1.743872573651231
frame_ri_248.89_248.96,30.642544749606543,0.0,-0.4482315905997127,410.33744290081756,366.4347841942653,43.902658706552245,8.061368238962842,1.8830711303115493,6.178297108651293
frame_za_248.96_249.14,26.36999138789571,0.0,0.2664161518054944,405.21704427303985,362.8722058853425,42.34483838769734,26.679119177394114,9.343883919603513,17.3352352577906
frame_sa~w~_249.14_249.31,12.958664470204724,0.0,-0.3460326644736005,408.2516120681329,361.0273314534802,47.224280614652685,36.86140803190855,25.94439263667357,10.917015395234984
frame_da_249.31_249.4,0.3280898858724868,0.0,-0.5457894031448217,403.88141724540833,361.17750541995645,42.70391182545188,10.367346807938162,3.6766418807900436,6.6907049271481185
frame_pro_249.4_249.54,7.024762044635594,0.0,-0.2960569602393145,400.9262063597815,357.2426326804702,43.68357367931128,22.979061360175734,10.598047075992838,12.381014284182896
frame_fi_249.54_249.64,4.235159867787559,0.0,-0.44823159060012085,385.0784398927204,343.84672069149775,41.23171920122263,4.606382378620907,2.6943634062506874,1.9120189723702197
frame_sa~w~_249.64_250.07,70.40483829947806,0.0,-0.6984438112413401,399.6217185240166,348.2547782929388,51.36694023107782,126.18109303648947,72.60143791945438,53.57965511703509
frame_e~_250.07_250.1,139.73008365627658,0.0,-0.9896628005604128,367.57925334240014,327.9536431103496,39.62561023205052,0.9876282466103845,0.4043030646897421,0.5833251819206424
frame_te~_250.1_250.23,24.176873578705,0.0,0.053375072389689686,400.5316290731412,355.422066798085,45.10956227505619,8.525949709667117,4.706908006306747,3.8190417033603694
frame_dew_250.23_250.58,9.654413093131836,0.5099999999999909,0.11954442005495236,401.68609642313845,351.18931515144766,50.49678127169079,26.59784196848352,15.0159244030597,11.581917565423822
frame_pa_251.09_251.15,90.7349929222367,0.0,-0.9518921806201722,400.5164259305929,357.73858486949547,42.77784106109743,202.01520204578347,107.80342171192316,94.2117803338603
frame_ra_251.15_251.25,37.44039892574892,0.0,-0.4104218106531665,413.06431565475543,368.49738184467935,44.56693381007608,11.94714389505242,4.009288314868741,7.93785558018368
frame_veX_251.25_251.4,1.546760461000872,0.0,0.11954442005495236,410.68785762436084,366.29104558931783,44.39681203504301,39.830242409670205,8.396929069711575,31.43331333995863
frame_ki_251.4_251.5,1.2442266490626253,0.0,-0.017433777321292775,382.6529948885072,341.4483740076092,41.204620880898005,7.166844881642703,5.20200707335232,1.9648378082903832
frame_to_251.5_251.66,101.40143719003564,0.0,0.28182345253566476,417.6257749173467,371.4097312262562,46.216043691090476,13.568192049939569,6.069561037012818,7.498631012926751
frame_du_251.66_251.75,37.74013417362332,0.0,-0.4004612732722467,414.29725868021035,370.8728125531777,43.42444612703264,28.275496131275617,7.960615365000649,20.314880766274968
frame_mu~_251.75_251.96,42.842180662669506,0.0,-0.05434255514424627,418.84533574049675,368.5519826623203,50.29335307817644,42.86005655304862,17.551448066787657,25.308608486260965
frame_du_251.96_252.02,46.02385915072463,0.0,-0.568935301119254,416.2475423295699,373.39051141804237,42.8570309115276,3.324616344726394,0.6337431189089102,2.6908732258174837
frame_E_252.02_252.07,20.56330073909058,0.0,-0.6028114348967244,403.31534543160905,363.42490410614613,39.890441325462916,11.538454842051863,4.559776767031394,6.978678075020468
frame_ne_252.07_252.2,11.11656572543663,0.0,0.11954442005438394,410.96278391352405,366.5172055173911,44.44557839613293,18.943468166055112,7.358191908429745,11.585276257625367
frame_se_252.2_252.38,6.273284818482978,0.0,0.11954442005438394,404.6858901636863,359.12905506624577,45.55683509744057,39.84492585951878,22.25190193314498,17.593023926373803
frame_sa_252.38_252.71,29.896449373326902,0.0,1.07862170675658,413.0693486773674,360.06720987292135,53.00213880444602,43.09779059356063,28.237664381603906,14.860126211956725
frame_riu_252.71_252.8,44.94861576696559,0.0,-0.5918308616929275,396.7536349242554,355.08494654923607,41.66868837501926,13.496253105614898,7.564783581387616,5.931469524227282
frame_ki_252.8_252.87,30.333447198171655,0.0,-0.5918308616929275,402.949074849762,360.2397886656261,42.70928618413586,12.506603166087416,7.021599860397998,5.485003305689418
frame_E_252.87_252.9,43.39661068416888,0.0,-0.8152726079883332,391.00536412272925,349.26758819472474,41.73777592800451,0.30847988105952595,0.166710396084909,0.14176948497461694
frame_ne_252.9_253.0,45.51215356815976,0.0,-0.28044474758785515,404.25994368240544,361.0016107857061,43.25833289669936,2.283325575114702,0.8525214294391787,1.4308041456755234
frame_se_253.0_253.06,174.9128605036787,0.0,-0.8804284990517822,395.1145394219283,353.42993924855057,41.68460017337776,5.3626342211972755,4.253450421118288,1.1091838000789878
frame_sa_253.06_253.27,44.560606893832954,0.0,0.5371513367895743,406.2884443142573,360.00915760573514,46.279286708522136,6.82017077452619,3.029051873389335,3.791118901136855
frame_ria_253.27_253.49,140.35565764383094,0.060000000000002274,-0.5918308616929275,384.06704910973536,341.3054140715621,42.76163503817327,5.70358415030195,2.691953438706804,3.0116307115951457
frame_i_253.55_253.64,19.42212476486685,0.0,0.2697647648643205,407.8074885802346,364.02352432783675,43.783964252397766,21.97144267086901,7.011167498467955,14.960275172401055
frame_fa_253.64_253.79,17.142011330282912,0.0,0.13104855931383913,418.7532529100658,372.2945961488074,46.458656761258396,47.66866083214825,28.042863454044948,19.6257973781033
frame_zeX_253.79_253.88,22.092564623328258,0.0,-0.8804284990517822,420.50439729586424,374.88758376238684,45.6168135334774,31.678116136577785,5.584220679680357,26.093895456897428
frame_a_253.88_253.93,18.72023002439829,0.0,-0.681156995636477,395.5941957163989,354.38963977369366,41.20455594270521,13.89435158779645,6.442626289245595,7.451725298550855
frame_ki_253.93_254.02,32.18591192197522,0.0,-0.30463231950690606,416.71945317695986,371.3569495574259,45.36250361953398,1.438901916040436,0.6813087724608522,0.7575931435795837
frame_lu_254.02_254.09,3.6707564858061232,0.0,-0.4004612732722467,406.3668976885406,363.95246481948294,42.414432869057634,16.596939390640273,11.756851472156654,4.8400879184836185
frame_ki_254.09_254.16,12.855983074768176,0.0,-0.5918308616929275,411.3003172095254,369.74679210517945,41.553525104345965,10.917715535201694,2.7829856941766025,8.134729841025091
frame_a_254.16_254.22,2.5003490503298735,0.0,-0.5457894031448217,400.4447327177112,358.9128436490172,41.53188906869394,7.8008061026954465,3.980938419418635,3.8198676832768115
frame_pe_254.22_254.34,12.32790019565158,0.0,0.11954442005495236,414.1511726926868,369.6204615254703,44.53071116721645,28.30680016037593,13.865711025634425,14.441089134741503
frame_so_254.34_254.55,18.399772223187085,0.0,0.6670770610525001,412.0485068405753,367.66555704757656,44.38294979299877,33.88179174354008,19.01181401210863,14.869977731431447
frame_a_254.55_254.7,26.93731003386017,0.25,0.6725189292808448,383.9828606419153,340.43764279292986,43.54521784898543,1.7385743650793302,0.7854708970164097,0.9531034680629205
frame_kEX_254.95_255.34,40.00870456268865,0.0,0.5657250171083321,416.42752878879963,365.6590408881257,50.76848790067396,53.29788614338054,20.79372886845414,32.5041572749264
frame_poX_255.34_255.43,121.73939900680887,0.0,-0.8739373730142938,379.9787880327557,340.8283926727023,39.15039536005338,280.38342153502407,171.02233188524815,109.36108964977592
frame_ki_255.43_255.53,8.781804973086025,0.0,-0.30463231950690606,408.8571620889644,364.96853274156587,43.888629347398535,40.41499331825605,10.271212040101716,30.143781278154336
frame_fajs_255.53_255.76,7.668461520434562,0.0,-0.4104218106531665,411.3659109521677,363.06924677430084,48.29666417786689,48.65420231626098,21.615220572109877,27.0389817441511
frame_a_255.76_255.83,23.672510974790214,0.0,-0.4104218106527818,406.14655516918276,365.1052377470673,41.04131742211547,13.979998371574226,7.400651451547901,6.579346920026325
frame_ki_255.83_255.99,15.694095361469067,0.0,0.55696330705075,407.6378241660112,363.1570707919429,44.48075337406834,27.81222604398812,14.445316557561853,13.366909486426266
frame_lu_255.99_256.14,147.5040083572255,0.4800000000000182,0.9473309495052484,385.41112102730307,341.9992388190439,43.41188220825916,215.4724744759848,131.91257398946217,83.55990048652262
frame_ki_256.62_256.82,7.310270176103046,0.0,0.7005625781435567,406.4579953944923,360.8582302496838,45.59976514480849,66.04153482087483,38.30016093052103,27.7413738903538
frame_ki_256.82_256.94,17.804356195204292,0.25,-0.4482315905997127,420.90846527056766,374.302636079927,46.605829190640634,9.099924368486654,7.3414855522465245,1.7584388162401297
frame_gos_257.19_257.35,41.19622461173111,0.0,-0.8739373730148412,393.5608609863366,350.7226029015146,42.838258084821916,16.721525163847673,6.227319842436032,10.494205321411641
frame_ta_257.35_257.66,26.78104117771528,0.7899999999999636,1.755459669215626,413.6466913493548,365.88741524963507,47.759276099719784,22.33949172026712,12.379192575479522,9.960299144787598
frame_ko~_258.45_258.62,0.6854280284353251,0.0,-0.4123722359701422,413.9709857520425,367.5502767241658,46.42070902787668,17.669467920542445,11.589691365069228,6.079776555473217
frame_a_258.62_258.75,13.058810108338776,0.0,0.40178374429753433,415.43093575317795,369.9163229059093,45.514612847268666,17.25467284855216,3.92059996110342,13.334072887448741
frame_moX_258.75_259.48,3.7029329234778743,0.21999999999997044,4.5196131462186635,417.1310266693596,352.4487849927091,64.68224167665056,102.18522064383887,57.1298651297312,45.055355514107674
frame_i_259.7_259.82,6.85102426430322,0.0,0.7005625781435567,396.1938757568288,354.62050922053123,41.573366536297556,25.359388739983558,14.030211647104466,11.329177092879092
frame_ko~_259.82_260.3,7.059585533392379,0.0,4.5124177208759955,410.86083236862567,353.2771408891668,57.58369147945888,69.27593372753327,50.046972685702315,19.228961041830956
frame_de_260.3_260.41,19.979953426971832,0.0,-0.6804339152300942,401.27677231328045,357.1752019222509,44.101570391029554,17.792477508220088,10.235066852289151,7.557410655930937
frame_ze~_260.41_260.58,9.833121295313703,0.0,-0.09563033803205602,412.7980378689437,364.7797233600308,48.01831450891291,48.87476815340918,15.312715476666597,33.56205267674258
frame_vow_260.58_260.83,6.575651026024474,0.0,0.08919664827697335,414.5847863534634,365.80805570008596,48.776730653377456,19.744506390940955,8.30068962937915,11.443816761561806
frame_tu_260.83_261.2,0.48998065975692384,0.0,3.3059673393652664,406.9204225449878,354.2234328160024,52.696989728985386,55.65104618961078,25.844916653056686,29.806129536554096
frame_ra_261.2_261.33,2.0032955276859354,0.0,-0.004319033178200837,405.433429173956,362.1083830465673,43.325046127388646,16.4552528009026,9.072422126959395,7.382830673943204
frame_sej_261.33_261.56,4.563363590460426,0.0,-0.28044474758899196,404.6175696808866,357.7603987657072,46.85717091517944,233.33983779296645,91.74035928108952,141.59947851187692
frame_la_261.56_261.81,44.118753745084376,2.230000000000018,1.07862170675658,398.9806451044916,351.97305157635736,47.00759352813424,160.37370135990096,82.75810398902914,77.61559737087184
frame_ki_264.04_264.36,25.490418877238397,2.0299999999999727,2.5673531023516754,399.3350890610478,350.2770186894525,49.058070371595306,151.399503686399,37.05505282711252,114.34445085928647
frame_majs_266.39_266.61,2.0396350298796904,0.0,-0.1396866256690866,408.05947395211706,361.45068567895703,46.60878827316009,58.75436138252664,37.0365134236566,21.71784795887004
frame_ki_266.61_266.67,136.24469424609043,0.0,-0.5918308616925193,379.5658976396106,340.70072852116954,38.86516911844109,7.501494459852893,4.654023729843402,2.8474707300094906
frame_vo_266.67_266.73,556.4800073500608,0.0,-0.8739373730137463,416.56427893033134,371.7129448364264,44.85133409390494,17.830284309136573,7.133166603814516,10.697117705322057
frame_sejs_266.73_266.76,,0.0,0.0,395.5578791145811,352.9308940145159,42.62698510006521,,,
frame_ke_266.76_266.79,99.79092571629896,0.0,-0.8804284990512138,395.72766608571857,353.573624362326,42.154041723392595,3.296651311703002,1.800243563588353,1.496407748114649
frame_ri_266.79_267.06,61.646500394115776,0.0,-0.6804339152300942,407.43603859975474,357.09931521451966,50.336723385235075,143.8800017099003,71.827941953911,72.05205975598932
frame_a~w~_267.06_267.13,18.20072422688071,0.0,-0.6984438112413401,410.4922775675544,366.8631971114417,43.62908045611272,6.73199358022697,2.0117122629108906,4.720281317316079
frame_sa_267.13_267.25,14.727120229006914,0.0,-0.681156995636477,402.0354443743638,358.14136659338703,43.89407778097677,16.350780304424802,10.695565075587183,5.655215228837619
frame_beX_267.25_267.42,15.261637409328642,0.0,-0.4804393314089747,409.3271723185113,362.4622232152319,46.8649491032794,15.898948098595355,7.076314556462478,8.822633542132877
frame_dZi_267.42_267.49,20.40587636772557,0.0,-0.4482315905997127,393.8878346383844,352.6495643628917,41.23827027549271,17.388028945392875,5.226547654494283,12.161481290898593
frame_pro_267.49_267.65,9.167643327572364,0.0,-0.6813105687566973,406.4173714961294,360.8272993151344,45.59007218099504,8.036294729685892,6.161054483253395,1.8752402464324973
frame_fi_267.65_267.78,120.49703791053612,0.0,0.2697647648643205,386.22980646230127,342.31556607471003,43.914240387591235,131.9344314227892,104.5808254327117,27.353605990077483
frame_sa~w~_267.78_268.16,98.20078618773813,0.0,0.88740634921449,406.15378366291105,354.49826358388344,51.65552007902761,186.9385097019366,142.8135308534903,44.12497884844631
frame_i_268.16_268.79,3.2612998892305427,1.329999999999984,8.024125403883227,400.0036718567041,339.97250461811007,60.03116723859404,172.09026583840264,40.245519498229555,131.8447463401731
frame_pru~_270.12_270.38,11.923475128141206,0.0,-0.7320718500150277,415.0119856364261,364.18674338622026,50.82524225020586,245.44389919303205,96.18942035077862,149.25447884225343
frame_ma_270.38_270.53,69.28926880604212,0.0,-0.004319033178200837,415.0109930737364,370.5538746590469,44.45711841468949,139.78485649749643,56.45551865424386,83.32933784325257
frame_pe_270.53_270.69,2.9411603389510788,0.0,1.1195173391611184,420.98007272939964,373.8975555404544,47.082517188945246,57.90645970881599,26.624548898861804,31.281910809954184
frame_so_270.69_270.84,2.844361811826616,0.0,-0.8739373730148412,420.10368898792,372.90363012872353,47.200058859196474,5.212455674875969,2.4384824455141256,2.773973229361843
frame_a_270.84_270.9,31.614567230877753,0.0,-0.5457894031448217,412.82026973848576,369.8197029805851,43.000566757900685,36.035096836284055,13.01932225766572,23.015774578618334
frame_ki_270.9_271.02,22.94957381393968,0.0,-0.448231590600529,417.2731529770232,370.8567746916225,46.4163782854007,5.69233197597265,1.6063960808872935,4.085935895085356
frame_na~w~_271.02_271.19,34.00728205694048,0.0,0.35878962906187895,419.2121422841882,370.7302370061799,48.48190527800824,21.225969497093104,5.790196019568839,15.435773477524265
frame_te~j~_271.19_271.38,42.35449085921391,0.06999999999999318,-0.24463574845253125,419.4825848003705,370.82183586431233,48.660748936058155,30.884093203503255,21.860404947207655,9.0236882562956
frame_graw_271.45_271.72,8.651687471767957,0.0,0.8078865217732695,418.96989555415166,369.19597045948603,49.77392509466563,30.70567289306257,12.687940765765546,18.017732127297023
frame_dZi_271.72_271.78,11.126949204031774,0.0,-0.5918308616933357,396.16296063875666,354.8271282681719,41.33583237058474,25.168566407450015,7.577595623039116,17.5909707844109
frame_es_271.78_271.85,150.81213835914764,0.0,-0.8804284990512138,411.32758701547857,366.8799225902338,44.447664425244795,19.439534665373827,11.768540418777135,7.670994246596692
frame_ko_271.85_271.97,13.500322808720085,0.0,-0.2960569602393145,418.8247321367043,372.9816863894044,45.843045747299925,15.072117322228792,7.004291226187689,8.067826096041102
frame_la_271.97_272.12,10.882710551141002,0.0,-0.1396866256690866,415.70915722918795,369.8380960311004,45.871061198087546,10.522058837016374,3.3680416623605254,7.1540171746558485
frame_ri_272.12_272.27,13.751362391944099,0.0,0.5569633070499338,414.44877341297826,369.5825879434357,44.86618546954253,19.40210946414618,9.286281796341228,10.11582766780495
frame_da_272.27_272.53,27.519051971452683,0.0,1.3493568917398904,412.84455707681235,367.1568257126288,45.68773136418355,71.86186716789285,13.37506278409839,58.486804383794464
frame_dZi_272.53_272.68,2.585818419575247,0.0,-0.1610330484140994,402.43756700394437,358.74983421037797,43.6877327935664,18.467258223144228,8.768610387805865,9.698647835338363
frame_kwajs_272.68_272.95,66.13185858452525,0.0,0.13104855931422388,417.96042622930605,367.32345597380805,50.636970255498,46.761833750672,21.95100616345917,24.810827587212827
frame_ajs_272.95_273.16,15.81385804330705,0.0,-0.2750542181615113,410.7363181385258,363.01470408375053,47.72161405477527,26.232311184869957,13.265069524180348,12.96724166068961
frame_Sa~_273.16_273.32,1.082851295545396,0.0,0.35878962906187895,413.908932085474,366.816073223625,47.09285886184904,36.74149174368921,24.901735711079994,11.839756032609216
frame_sis_273.32_273.35,17.81191265089373,0.0,0.0,379.6988456222038,339.4595530413969,40.23929258080693,1.9672980473221457,1.338281926961514,0.6290161203606317
frame_dZi_273.35_273.38,2.4327613976859936,0.0,-0.5918308616933357,366.64336418820574,328.86602572852894,37.7773384596768,15.40784210594208,12.110942549981587,3.2968995559604934
frame_tra_273.38_273.7,14.82508870003096,0.0,-0.5918308616925193,411.3253523787478,360.03399688844746,51.29135549030036,13.849547886029796,5.834457304663687,8.01509058136611
frame_ba_273.7_273.88,30.35857475101264,0.0,0.26641615180587913,411.7119741065235,364.3801849189829,47.33178918754061,23.74842489197397,13.91851584393632,9.82990904803765
frame_Lu_273.88_273.94,26.73475462626712,0.0,-0.5689353011197329,400.2801574660931,359.1014046974613,41.178752768631796,3.053635684860893,0.8651776093370245,2.1884580755238687
frame_ki_273.94_274.04,30.150437171486487,0.0,-0.5918308616925193,397.33819763489873,355.1555649092509,42.18263272564781,199.9910264912309,76.25308917579761,123.7379373154333
frame_E_274.04_274.08,33.76113299934789,0.0,-0.7090420214428308,394.26501973524745,354.1076194863918,40.15740024885565,1.297411923569598,0.531739783898189,0.765672139671409
frame_la_274.08_274.38,71.54728295849023,0.11000000000001364,2.1615624466905916,399.5376969043428,349.6364137096707,49.90128319467209,90.20252370000094,38.4604119701884,51.742111729812535
frame_a_274.49_274.53,179.8290407289492,0.0,-0.8165245881289017,374.60573099242384,334.52052666885464,40.0852043235692,0.8213665351828041,0.4006707979362645,0.42069573724653964
frame_ki_274.53_274.66,47.22028641771726,0.0,-0.5918308616925193,400.11221645230023,355.585689567171,44.526526885129215,3.293395562897132,2.2259030978862313,1.0674924650109006
frame_E_274.66_274.69,56.157499242814936,0.0,-0.8152726079886352,384.15098429104063,343.4942442374137,40.65674005362695,0.9220753816137517,0.5172005724383837,0.404874809175368
frame_la_274.69_274.79,52.14255955080907,0.0,-0.4104218106531665,400.8026467657392,359.26546510116225,41.53718166457696,16.54518146950332,3.6833274587375797,12.86185401076574
frame_po_274.79_274.96,64.39380065119593,0.0,-0.2960569602393145,406.4171071807715,360.5474534211935,45.869653759578,4.007092125845304,1.288741059418271,2.718351066427033
frame_dZi_274.96_275.19,96.61504755419665,0.0,0.98776112032917,394.0839481775545,347.8196864871752,46.26426169037927,101.54811763387394,39.86511517490922,61.68300245896472
frame_a_275.19_275.32,65.90379477206011,0.0,0.40178374429753433,396.7370797587766,351.95508684541915,44.78199291335744,4.118816667992888,2.405978622963886,1.7128380450290024
frame_SaX_275.32_275.68,210.21904899421915,1.8199999999999932,-0.681156995636477,387.7506359322932,341.7479910434334,46.002644888859834,662.2629721741024,269.74014843559524,392.5228237385072
frame_O_277.5_277.61,12.661566110980914,0.0,-0.13172519630569798,409.71860755759917,366.73517233286856,42.98343522473061,18.79453186816349,7.565824643962969,11.22870722420052
frame_La_277.61_277.85,18.131980956687727,0.21999999999997044,0.8078865217732695,401.6234881037486,355.6625367428484,45.96095136090025,8.63485019745886,3.1164853774993446,5.518364819959515
frame_o_278.07_278.1,77.81228605390595,0.0,-0.8739373730137463,402.57462472832805,359.60903838106367,42.96558634726438,1.8564594440690598,0.9801399736488179,0.8763194704202419
frame_Zi_278.1_278.24,46.60695853601297,0.0,-0.4482315905997127,407.24829312968575,362.0173354278984,45.230957701787304,154.15018284257192,91.07177172869473,63.078411113877195
frame_e~j~_278.24_278.43,20.548265956520197,0.0,-0.6916519797173449,405.19173657377183,360.01731020113226,45.17442637263957,25.130655727137963,13.635542617574401,11.495113109563562
frame_dZi_278.43_278.72,12.729399985331213,0.0,2.1365552890732555,409.513356020761,359.5493744759206,49.96398154484041,98.66728843536265,41.95317411825221,56.71411431711044
frame_a_278.72_278.85,83.34621186603847,1.1200000000000045,0.40178374429753433,386.9170709844565,345.71382750729015,41.203243477166325,105.28480425479474,63.66624164592726,41.61856260886748
frame_es_279.97_280.06,138.34747175342653,0.0,-0.8804284990523507,361.728256869498,326.0618827867172,35.666374082780806,8.153253636896245,4.9362457729536615,3.217007863942584
frame_ta_280.06_280.19,1.3905829739388196,0.0,-0.4104218106531665,408.09252512768717,363.4576555383127,44.63486958937449,37.83004934123804,23.35394626662162,14.476103074616418
frame_mej_280.19_280.38,13.629171029142867,0.0,0.3195390038766403,403.3907839893437,356.5773418530499,46.81344213629376,15.086031523970576,8.55946762779459,6.526563896175986
frame_u_280.38_280.41,9.58405423609608,0.0,-0.5689353011187752,379.44169505978454,341.2123681037158,38.229326956068746,2.0923528287667637,1.2738061199788717,0.8185467087878919
frame_dZi_280.41_280.6,13.800334564902386,0.0,0.9877611203299863,399.1775123324152,354.24688312001047,44.93062921240471,212.97820671861115,47.61550276832122,165.36270395028993
frame_fi_280.6_280.79,18.830255868406198,0.0,0.2697647648651368,391.9847415983634,348.6697171461947,43.3150244521687,56.961588113786405,39.80409426441523,17.15749384937118
frame_siw_280.79_281.12,77.42794514702764,1.4800000000000182,0.5569633070499338,382.1278625055874,335.3646138178286,46.76324868775879,102.52074213019625,49.97158637262113,52.54915575757512
frame_i_282.6_282.65,69.88187256888068,0.0,-0.30463231950772235,382.0948472951938,342.4294387775233,39.66540851767053,15.343252407703467,10.769890788220373,4.573361619483094
frame_su_282.65_282.73,13.113574528512203,0.3199999999999932,-0.5689353011187752,375.82654176876156,336.7806476272385,39.045894141523036,158.70389950917937,66.21184629847798,92.49205321070139
frame_E_283.05_283.2,211.8875818423147,0.0,0.4594944305622257,412.885306541316,366.73676583361686,46.14854070769917,580.0863930907784,375.3995179705589,204.68687512021953
frame_la_283.2_283.59,28.246638041666614,0.0,3.379870779116258,412.1851526940839,360.41658066843013,51.76857202565378,13.077241097017264,4.791561058171482,8.285680038845783
frame_u~_283.59_283.8,20.22878142784802,0.0,0.6233867397265352,411.12140417023954,362.72568335459044,48.3957208156491,76.78496445870894,32.25185813591111,44.533106322797835
frame_ma_283.8_283.92,31.47126763383568,0.0,-0.1396866256690866,412.72377127890354,368.4069076154657,44.3168636634378,18.15796753985981,8.033369458157836,10.124598081701976
frame_pe_283.92_284.05,28.877142514637086,0.0,0.11954442005438394,410.8337141261315,365.1814198381902,45.65229428794129,27.397277812331396,14.453180281730113,12.944097530601283
frame_so_284.05_284.29,2.535086456180238,0.0,0.08919664827806831,409.0366513539671,359.73106833497906,49.305583018988045,44.014517801519105,31.912743773396613,12.101774028122492
frame_a_284.29_284.35,20.385519536003528,0.0,-0.5457894031448217,403.8956702657622,360.9576446538056,42.93802561195662,5.826758020235246,3.7059372942536584,2.120820725981588
frame_a_284.35_284.38,14.44799235116676,0.0,-0.9518921806205569,369.4796271295227,329.5495430596282,39.93008406989452,2.480475545851533,1.0744826700066028,1.4059928758449303
frame_si~_284.38_284.61,18.306410821635268,0.0,0.19057661926088126,405.33829652835084,356.5198743059384,48.818422222412494,42.73459868159975,32.745559651065776,9.989039030533974
frame_se~j~_284.61_284.91,25.305110542716818,0.0,0.2023804828114354,407.0197596170267,356.93436265753485,50.08539695949179,69.10749832809967,38.71845142624173,30.389046901857938
frame_es_284.91_285.01,38.429236908944176,0.0,-0.8804284990523507,383.0962595684306,343.6963386802624,39.3999208881682,94.62410035216917,44.67816274882688,49.94593760334229
frame_ko_285.01_285.11,11.872615374076133,0.0,-0.8739373730137463,394.922303112318,351.4784897513656,43.44381336095239,22.904329568826768,15.360284321598272,7.544045247228496
frame_la_285.11_285.22,40.18131339845053,0.0,-0.2750542181607418,393.95844306980644,351.7767312540956,42.181711815710855,12.605359912854311,8.141036873557454,4.464323039296858
frame_ri_285.22_285.3,123.96251953110398,0.0,-0.30463231950690606,391.0768678393566,350.1311330386131,40.94573480074354,1.6084840385988457,0.5189727419439834,1.0895112966548623
frame_da_285.3_285.65,1.8452689887029692,0.0,2.1615624466905916,409.8066759130141,359.06019296653994,50.746482946474146,159.6853886807787,39.00237932044354,120.68300936033515
frame_dZi_285.65_285.74,29.797049515485185,0.37000000000000455,-0.1610330484140994,390.8412102852351,348.3110889828761,42.53012130235902,14.271726592076334,4.660732027127324,9.61099456494901
frame_E_286.11_286.14,19.821577915221695,0.0,-0.8152726079886352,388.1898719155101,348.265358381904,39.9245135336061,0.8602044758966372,0.5269107958203847,0.3332936800762525
frame_la_286.14_286.26,10.043554346238608,0.0,-0.13968662566985607,409.0556887337726,365.0140222910021,44.04166644277046,14.597740247453743,4.73359069994757,9.864149547506173
frame_vaj_286.26_286.4,20.848012633878,0.0,-0.2750542181615113,405.7514650352091,362.51998695951676,43.23147807569234,7.302672992720005,3.2217967285712916,4.0808762641487135
frame_ka_286.4_286.56,7.492628750875781,0.0,-0.5457894031448217,404.08058013540114,357.760041715207,46.32053842019411,17.429258085179782,11.818113841754382,5.6111442434254
frame_jX_286.56_286.63,8.651385516978735,0.0,-0.4482315905997127,402.48038729376833,360.9849424486827,41.495444845085615,5.322282901792079,2.165517574013961,3.1567653277781176
frame_nu~_286.63_286.88,1.4552541154163805,0.0,0.09626395482684827,407.556780758419,357.6958087340491,49.860972024369914,24.78342820697938,10.831292375313723,13.952135831665657
frame_ma_286.88_287.14,12.387050227986464,0.0,-0.004319033178200837,399.71231195834383,352.5461450533094,47.16616690503446,11.804109829055562,6.880249254864566,4.923860574190996
frame_faj_287.14_287.48,7.414839884921292,0.0,0.8078865217725001,400.5984959305883,352.10975735617313,48.48873857441515,27.46821706567897,19.885199604872696,7.583017460806275
frame_Sa_287.48_287.63,4.270048455800747,0.0,-0.9518921806205569,399.6567215168132,354.7365396205026,44.92018189631062,15.828548138017567,10.155304946916772,5.673243191100795
frame_dZi_287.63_287.8,5.04988002547816,0.0,-0.017433777321292775,400.1288491648198,354.8298810348346,45.29896812998521,24.48076596120538,10.409804019492299,14.07096194171308
frame_mi_287.8_288.11,6.074973623085754,0.0,1.2749596625155994,404.16239247081603,354.6812639885109,49.48112848230511,22.68624869762698,10.532157951217386,12.154090746409594
frame_dZi_288.11_288.38,6.6731502478455695,0.0,2.280154560166062,397.6089597260456,352.6153682178099,44.99359150823574,29.19591474732644,8.583212554552887,20.612702192773554
frame_sa_288.38_288.57,16.615613964813434,0.0,-0.13968662566985607,407.16954867606495,361.83833059694433,45.33121807912062,44.83798380583258,30.185127226607023,14.652856579225556
frame_la_288.57_288.73,13.691831984490534,0.0,0.26641615180587913,400.20122970187145,355.2602225380998,44.941007163771644,17.79641422621586,8.480780827639194,9.315633398576665
frame_riu_288.73_288.83,19.23672147119322,0.0,-0.5918308616925193,399.0917157920973,355.4877013777644,43.60401441433294,51.80230159697081,24.616655793487126,27.18564580348368
frame_mi_288.83_288.95,26.63010271007255,0.0,-0.5918308616933357,404.8584908902956,360.9525001678543,43.905990722441345,44.64126381823206,19.976108025350186,24.665155792881876
frame_ni~_288.95_289.01,18.734207168449643,0.0,-0.9271294991051637,392.99889080303564,351.752530040129,41.24636076290665,15.536279172445973,11.157039471110096,4.379239701335877
frame_mu_289.01_289.23,82.60516241946092,2.490000000000009,2.1266491444352575,388.1798670050629,344.5707826973826,43.60908430768029,119.08972562812139,66.04265435703303,53.047071271088356
frame_E_291.72_291.77,75.57976773778405,0.0,-0.6028114348970264,401.4020064891797,359.37430559594554,42.02770089323411,135.8758925460628,106.08286878715997,29.793023758902848
frame_la_291.77_291.87,1.0901105659157793,0.0,-0.5457894031448217,408.6367795291512,365.2104721885538,43.42630734059742,3.4503661991556953,1.3673813521899092,2.082984846965786
frame_pre_291.87_291.96,130.87020812192304,0.0,-0.8804284990523507,379.10283987022916,341.1471316835337,37.95570818669546,0.828538723949606,0.5645517784835192,0.2639869454660868
frame_si_291.96_292.09,17.92178586137561,0.0,-0.448231590600529,397.1852401794819,353.27738771006153,43.90785246942039,34.01137768970989,18.322721271787003,15.688656417922886
frame_za_292.09_292.28,6.3637297903266585,0.0,0.40178374429753433,408.66556976923243,362.0352880252318,46.63028174400063,31.019314060176185,17.05276798362752,13.966546076548667
frame_ra_292.28_292.56,8.676848642572963,0.6499999999999773,2.0261948541989363,405.6013148485961,358.77998262985534,46.821332218740736,21.92863639645674,10.844543408883766,11.084092987572973
frame_teX_293.21_293.71,2.554314159098766,0.4700000000000273,7.11935485380039,405.36784824915367,352.3030517086107,53.06479654054294,67.46979862153535,35.23336464114982,32.23643398038553
frame_pe_294.18_294.36,10.212996781629954,0.0,-0.08045016376673561,404.6087599805361,358.5903531257214,46.018406854814714,24.32563376584241,15.668110527381486,8.657523238460925
frame_lu_294.36_294.43,19.165925746998766,0.0,-0.5689353011187752,408.5855597732005,364.53431657632325,44.05124319687724,1.6317024701953642,0.9563370218063767,0.6753654483889875
frame_me~_294.43_294.57,3.813144233831281,0.0,-0.5426465692960226,409.0191239592438,362.74919958815946,46.26992437108436,41.163081868317136,20.17805532813307,20.985026540184066
frame_nus_294.57_294.71,14.541125817575903,0.0,-0.06351321757775319,409.41059365198885,364.58783816611776,44.822755485871085,40.943928210496125,19.629255364242965,21.31467284625316
frame_u~_294.71_294.83,10.374552919539013,0.0,-0.05434255514424627,403.4057014538903,360.1465521705228,43.25914928336749,27.118626075206294,10.93799346749097,16.180632607715324
frame_kuX_294.83_295.03,40.10766972242078,0.0,0.10496081026925415,412.5698244155117,364.29940772061275,48.27041669489893,80.59938867096784,22.044105188004778,58.55528348296306
frame_su_295.03_295.13,49.64023646149843,0.0,-0.5689353011197329,394.743612651513,351.65570046389166,43.08791218762133,16.835977064993074,11.40876918318827,5.427207881804804
frame_dZi_295.13_295.21,16.207553407012227,0.0,-0.5918308616933357,394.77822933282505,352.2081546188363,42.57007471398873,16.708278117089634,10.627452493694221,6.0808256233954125
frame_es_295.21_295.32,23.606808120746365,0.0,-0.8804284990512138,381.4477271674517,340.6826490384996,40.7650781289521,0.35214691593975544,0.10856835146051935,0.2435785644792361
frame_pe_295.32_295.43,17.17441589447523,0.0,-0.28044474758785515,406.4378106558668,362.39300870572924,44.04480195013758,34.08141202273157,23.68874656649939,10.39266545623218
frame_si_295.43_295.52,150.55167445317397,0.0,-0.5918308616933357,380.81356265072617,341.59928606425933,39.21427658646684,1.5200418216198415,1.090524438640898,0.4295173829789434
frame_a_295.52_295.58,30.598912867398326,0.0,-0.5457894031448217,404.7679325261065,363.9977122239852,40.77022030212129,12.800646409304562,7.619116593943744,5.181529815360818
frame_li_295.58_295.64,37.4012170313145,0.0,-0.5918308616933357,397.95417640859245,355.49460974139885,42.4595666671936,3.8205198248167846,2.6706298979271423,1.1498899268896423
frame_za_295.64_295.8,25.55016551573783,0.0,0.13104855931422388,404.4780604294771,360.6054641350262,43.87259629445094,22.51734213586539,3.5537319271163312,18.96361020874906
frame_sa~w~_295.8_295.97,10.801139097170648,0.0,-0.6984438112413401,407.14282454682404,360.30714957086406,46.83567497595999,11.038579484600291,6.819349748040793,4.219229736559498
frame_de~_295.97_296.13,51.50496767972578,0.0,0.3513858932327576,410.4583719616285,365.0794185206994,45.37895344092908,79.09224744972317,20.283516559697432,58.80873089002574
frame_tru_296.13_296.24,36.410238490100426,0.0,-0.5689353011187752,397.7530053159779,355.35407838169357,42.398926934284304,75.08815982134163,33.55737535167623,41.530784469665406
frame_da_296.24_296.35,26.03499863142443,0.0,-0.2750542181607418,402.399008600887,361.28844407736295,41.11056452352403,12.204458948854352,6.823500089846505,5.380958859007848
frame_pro_296.35_296.48,22.592725676074025,0.0,-0.48868376449745843,400.68166877454746,357.1641635391072,43.51750523544024,37.83886372667871,26.23543422724262,11.60342949943609
frame_fi_296.48_296.63,154.06469737704856,0.0,0.2697647648643205,376.5884952500023,334.1123782575051,42.476116992497225,0.775619649254935,0.24537914177132336,0.5302405074836116
frame_sa~w~_296.63_296.85,35.46079575524942,0.0,-0.5222382378574703,402.82926222897146,354.3806757403306,48.44858648864084,23.26449392162371,14.986670908468284,8.277823013155427
frame_dE_296.85_297.11,38.56930189851252,0.0,1.09687794983826,409.75292242844444,360.9695660112582,48.78335641718621,102.8196519415273,43.235301854480525,59.58435008704677
frame_la_297.11_297.22,38.8890397414805,0.4199999999999591,-0.4104218106523971,398.9729271200206,357.17546327904086,41.79746384097973,17.53674363439444,11.033297321159466,6.503446313234974
frame_i_297.64_297.7,34.800219657334424,0.0,-0.1610330484140994,398.5027255617458,355.71016146479155,42.792564096954266,4.234497211916704,3.3389781826872706,0.8955190292294333
frame_se~j~_297.7_297.99,57.580319918242765,0.0,0.2023804828114354,414.4269312842943,363.6840243581904,50.7429069261039,119.62534796605385,25.429871429460206,94.19547653659365
frame_es_297.99_298.08,76.98471733826665,0.0,-0.8804284990523507,400.10866857019903,357.647540593796,42.46112797640302,6.754909160167756,4.216323666455196,2.53858549371256
frame_ko_298.08_298.16,20.323234706597134,0.0,-0.8739373730137463,411.36916619598696,367.2878821938135,44.08128400217345,69.48323614900875,50.13133814614474,19.351898002864004
frame_la_298.16_298.31,21.035736979199072,0.0,-0.004319033177431361,403.5971651036648,358.8226426656123,44.77452243805254,22.7191601349964,11.906870081346085,10.812290053650315
frame_ri_298.31_298.37,33.523292171185375,0.0,-0.5918308616925193,400.74989475544595,359.4194313646759,41.330463390770035,3.2635365248627863,0.9753878823816251,2.2881486424811612
frame_da_298.37_298.53,23.293958549416487,0.0,-0.13968662566985607,402.6730983120707,357.92637435229847,44.746723959772225,25.385342144256327,10.602567033897401,14.782775110358926
frame_dZi_298.53_298.6,14.16526761207561,0.0,-0.5918308616925193,395.3002070039605,352.7833150006352,42.516892003325324,39.854137584673225,12.554883739573398,27.299253845099827
frame_E_298.6_298.63,16.34594996187198,0.0,-0.8152726079886352,388.4972005356269,346.85250129782173,41.644699237805185,2.436972907769359,1.4309916495423067,1.0059812582270524
frame_la_298.63_298.7,13.917315884341576,0.0,-0.8165245881289017,401.16208656034405,358.9180862425605,42.24400031778356,3.1259443808729372,1.1773244596242023,1.948619921248735
frame_na~w~_298.7_298.83,4.668703733016741,0.0,-0.8746493846262117,398.5496731351665,355.5990891710767,42.95058396408979,10.176181570425399,5.054809005316542,5.121372565108857
frame_ko~_298.83_299.04,22.894438339073588,0.0,0.3571261947871215,401.36298574493765,354.60316420835596,46.75982153658168,32.991571907029765,18.7903434082354,14.201228498794364
frame_se_299.04_299.37,63.88517837400278,0.0,2.119490258267853,397.271320548074,347.6728519899882,49.59846855808581,75.4401990571518,54.48774509756382,20.952453959587984
frame_gi_299.37_299.58,165.55629003446603,0.4700000000000273,0.98776112032917,381.66119253269113,336.5781338171524,45.083058715538755,24.29303830049639,12.807021285467968,11.486017015028423
frame_poX_300.05_300.18,7.870293686708067,0.0,-0.8739373730148412,391.41967567390543,348.63364690814035,42.78602876576508,21.99249791726396,9.927319283704037,12.065178633559924
frame_ki_300.18_300.63,0.132587993080989,0.3299999999999841,4.146945084374181,405.6542977100614,352.42803465358276,53.22626305647867,55.28341846465855,40.60141749309352,14.682000971565031
frame_mez_300.96_301.21,21.781405365206297,0.0,1.1195173391611184,412.16325587758024,363.8302986903017,48.33295718727862,68.54951112670534,33.0067482469195,35.54276287978584
frame_mu_301.21_301.34,37.505811117920956,0.0,0.27343483811626146,408.70813395108195,365.60729180141783,43.10084214966412,20.978869452262927,8.233723758243741,12.745145694019186
frame_ki_301.34_301.44,13.91685137944063,0.0,-0.5918308616933357,393.65977333238675,351.3284662601269,42.33130707225985,59.148852881718426,30.398642769848465,28.75021011186996
frame_se_301.44_301.67,54.36236713299567,0.0,0.5195335876977598,406.5457625609051,359.19406864450883,47.35169391639624,174.70935171109608,62.68650632266949,112.02284538842659
frame_Za_301.67_301.91,39.83926698115164,0.3199999999999932,0.8078865217732695,404.72068152344417,358.244540834132,46.47614068931216,43.573943497057286,19.20718144082616,24.366762056231124
frame_u_302.23_302.27,35.99001380003986,0.0,-0.4004612732727255,402.42012845407874,360.3514907629408,42.068637691137894,3.1788572533718877,1.9015438579698412,1.2773133954020466
frame_me_302.27_302.51,41.5979622439346,0.0,1.7195010906244772,411.1286129401592,365.7002589735482,45.42835396661093,88.49542834902238,27.81972198481583,60.67570636420655
frame_ka_302.51_302.64,3.368558773195616,0.0,-0.4104218106531665,412.8162685050022,367.0205695807212,45.795698924281,71.44931759995887,54.36577779877973,17.083539801179143
frame_niz_302.64_302.86,34.29109079085387,0.0,0.55696330705075,409.24651780281766,361.2686061975409,47.977911605276745,42.10888853056565,14.19270297484178,27.91618555572387
frame_mu_302.86_302.96,52.666138609287515,0.0,-0.4004612732727255,405.58115519227164,361.9750183545551,43.60613683771652,9.355528390280028,3.914113743022881,5.441414647257147
frame_da_302.96_303.07,58.72911656619024,0.0,-0.681156995636477,402.7012633261954,360.7754175608952,41.92584576530015,27.144461814413262,8.155154961999045,18.989306852414217
frame_pro_303.07_303.22,53.506873263845364,0.0,-0.48868376449745843,404.6604090286784,358.9550720783218,45.70533695035658,12.815856504191345,9.478750631314824,3.3371058728765206
frame_fi_303.22_303.37,51.32907391136581,0.0,-0.4482315905997127,391.6798222437819,346.73406131256377,44.94576093121816,28.229250269471322,16.806619601930436,11.422630667540886
frame_sa~w~_303.37_303.64,3.190362373917594,0.0,-0.16982709108973063,412.1627683468139,361.4304130300393,50.73235531677466,53.110282290132176,37.376469442862685,15.73381284726949
frame_E_303.64_303.68,17.945218837547117,0.0,-0.7090420214422269,402.5999559243853,361.0729217792443,41.52703414514099,5.514049977469398,3.779552690996553,1.7344972864728447
frame_la_303.68_303.8,11.858151721763022,0.0,-0.1396866256690866,413.02490216619833,367.9048851713482,45.12001699485012,12.022984277702676,4.943116730083318,7.079867547619358
frame_vaj_303.8_304.1,78.17808266641418,0.0,1.755459669215626,408.03957929370245,359.60193800871764,48.43764128498486,115.78833838632397,44.199277480333194,71.58906090599078
frame_teX_304.1_304.61,22.93255846253794,0.0999999999999659,3.719446928839083,411.17288892136025,355.66256765612945,55.5103212652308,58.95968286848432,34.79788332196563,24.161799546518694
frame_ki_304.71_304.94,1.7975724468324472,0.0,0.4133640359579434,408.635022959339,360.5332947318408,48.1017282274982,21.2508719953901,15.733359503156095,5.517512492234005
frame_leX_304.94_305.45,1.1860594956725947,0.6800000000000068,4.719419847944681,409.37296100245044,353.3929947043498,55.979966298100635,29.3676033887605,13.225477679615011,16.14212570914549
frame_ki_306.13_306.2,,0.34000000000003183,-0.5918308616933357,392.6275402249761,351.13282543205327,41.49471479292282,12.869534703607954,5.51905397648305,7.3504807271249035
frame_a_306.54_306.68,17.76241503528604,0.0,0.5371513367891896,407.31769095176026,362.2118201411239,45.10587081063636,6.262378242728772,4.511184103911887,1.751194138816885
frame_pre~_306.68_306.96,0.8150665548371308,0.0,1.5434291766041823,407.28149176446993,357.0553581324095,50.22613363206045,31.564458790538396,23.418659116792753,8.145799673745643
frame_deX_306.96_307.24,11.234090393505511,0.0,2.519479425910092,410.71832426074496,360.44963037376175,50.268693886983215,17.05552692970798,9.891062919147402,7.164464010560579
frame_seX_307.24_307.45,18.45559078411742,0.0,1.319511922983375,407.2891751355073,359.5619734529809,47.72720168252641,20.322928588288534,6.400093989314058,13.922834598974475
frame_tas_307.45_307.7,10.002723900731013,0.0,-0.2750542181615113,400.67706484299504,354.75699350304217,45.92007133995287,29.20224922279297,17.7333257331982,11.468923489594772
frame_a_307.7_307.87,17.1569551182792,0.0,0.9432541142649248,396.23045185994147,351.5737036771512,44.656748182790295,15.519315209912179,9.093082346278294,6.426232863633885
frame_te_307.87_307.96,40.209972374918976,0.0,-0.6804339152312311,412.78151652411276,367.8251225040631,44.956394020049686,18.609965580170297,11.829531332594854,6.780434247575442
frame_o_307.96_308.06,25.918509989480242,0.0,0.47445025679435615,410.19628505905945,369.46144166969117,40.73484338936828,11.199221817547283,6.861418099346167,4.3378037182011155
frame_ri_308.06_308.23,43.447518052180214,0.0,0.8441618492363634,413.99384589220097,366.8893275480333,47.10451834416767,68.57931583483895,20.07969388502832,48.49962194981063
frame_a_308.23_308.3,0.6070377755784477,0.0,-0.4104218106531665,407.4097579304122,365.99692132741444,41.41283660299774,25.439823991483422,11.351337555156505,14.088486436326917
frame_da_308.3_308.49,27.631464361862243,0.0,0.6725189292816143,401.3478607159894,356.6797900196556,44.66807069633376,8.86065323246413,4.93407388137075,3.9265793510933804
frame_koj_308.49_308.73,36.6043657883439,0.0,-0.6813105687556024,392.17732118069415,344.88942767041664,47.28789351027751,686.1558786199623,517.5360674195767,168.61981120038553
frame_za_308.73_308.81,116.4234063569522,0.5099999999999909,-0.681156995636477,390.9896027048521,349.11948802181246,41.87011468303962,134.2003857644355,96.38500818569679,37.81537757873871
frame_e~_309.32_309.35,186.42864224545212,0.0,-0.9896628005599893,372.8353464537013,334.458021106696,38.377325347005296,1.3267048666353745,0.34925318373692704,0.9774516828984474
frame_ta~w~_309.35_309.51,7.012135341114316,0.0,-0.5222382378574703,408.6307303048917,362.6284098491592,46.0023204557325,14.130928992978141,9.696134247281975,4.434794745696166
frame_ew_309.51_309.57,3.340928063524501,0.0,-0.8804284990512138,406.97624671886274,364.8305847595839,42.14566195927881,4.174772163126249,3.3680583671279862,0.8067137959982631
frame_a_309.57_309.71,12.948918262614484,0.0,0.5371513367891896,413.1532782021739,367.40802327533885,45.74525492683506,27.481733155453924,11.483461740024012,15.998271415429912
frame_Su_309.71_309.84,73.94951863124902,0.0,-0.2319872454257182,389.1550382000756,347.84520983965496,41.309828360420624,201.50903159987897,97.6733481175954,103.83568348228357
frame_ki_309.84_310.2,14.220879744125767,0.5300000000000296,2.998150915630095,403.1642265816568,353.6048817732388,49.55934480841802,89.1649098367279,55.55947439976666,33.605435436961244
frame_a_310.73_310.89,29.344000721707545,0.0,0.8078865217725001,401.7215120365482,358.4714944266847,43.25001760986345,49.37206723417799,35.875159431823846,13.496907802354144
frame_faj_310.89_311.28,25.294850545675928,0.0,1.3493568917398904,406.3566970250549,356.00315882712397,50.35353819793096,102.9654918039557,50.79288325608414,52.17260854787156
frame_Sa_311.28_311.63,123.19796920324329,0.34000000000003183,0.9432541142649248,393.6995862140215,345.9976602056816,47.70192600833991,145.07175983941409,97.54322316747086,47.52853667194323
frame_o_311.97_312.05,17.14979631267272,0.0,0.08919664827697335,405.4738076192947,362.54087536648706,42.93293225280763,12.229283728280564,6.8480746633837555,5.381209064896808
frame_Zi_312.05_312.16,5.4143704062160225,0.0,-0.4482315905997127,403.4552344424381,359.6532715785639,43.80196286387422,5.9498503731011,2.9782749610528754,2.9715754120482245
frame_e~j~_312.16_312.33,3.637035763387132,0.0,-0.6916519797181919,404.387229015558,358.7190211391929,45.6682078763651,7.408806925996089,4.454150636650468,2.954656289345621
frame_dZi_312.33_312.51,11.345399893384581,0.0,0.98776112032917,404.392541882026,357.22183762994666,47.17070425207936,16.855249387919372,5.956617778049832,10.89863160986954
frame_a_312.51_312.6,14.784979876972898,0.0,-0.1396866256690866,391.6043632898921,349.8706751037944,41.73368818609771,14.60018170551794,6.959255732527424,7.640925972990516
frame_dZi_312.6_312.66,12.607194391611358,0.0,-0.5918308616925193,388.3060491111278,346.98846130772336,41.31758780340442,15.613041198021449,3.4354930656049305,12.177548132416518
frame_ni_312.66_313.11,1.7114638677298046,0.0,0.4133640359579434,404.17456624375575,348.6710375560948,55.503528687660946,45.70958947582321,30.009867008626543,15.699722467196665
frame_vew_313.11_313.46,8.327633429660608,0.6500000000000341,-0.6804339152312311,395.08140224211655,346.4797581700687,48.60164407204786,29.181747740392183,7.763026887729069,21.418720852663114
frame_pa_314.11_314.34,24.69451695604704,0.0,1.0786217067558106,404.8942273295629,358.01183075324843,46.88239657631448,21.30071211098678,11.12181722777953,10.17889488320725
frame_ra_314.34_314.42,27.571308328039606,0.0,-0.681156995636477,375.89216058683775,335.2076095221031,40.68455106473465,14.697209775228202,6.413834010174128,8.283375765054075
frame_se~j~_314.42_314.61,41.530731534344,0.0,-0.24463574845337824,410.3060652268286,363.63900766285184,46.667057563976755,24.58708849345635,9.334732715823293,15.252355777633056
frame_es_314.61_314.68,43.043347195896956,0.0,-0.8804284990523507,388.941501506947,348.3999143615642,40.541587145382834,9.662981404971362,2.2562008288647917,7.40678057610657
frame_ko_314.68_314.77,13.672633014408035,0.0,-0.6813105687566973,405.390247990837,361.9889117873901,43.401336203446874,36.744932000823326,24.411439793901252,12.333492206922074
frame_la_314.77_314.92,26.173202354095196,0.0,-0.004319033177431361,403.8398584913064,358.58448808908264,45.255370402223775,26.190630425743535,14.243820603231626,11.94680982251191
frame_ri_314.92_315.0,33.61564352508452,0.0,-0.4482315905997127,396.5237747097025,354.0271785381964,42.4965961715061,7.264054743324067,3.1298034015062797,4.134251341817787
frame_da_315.0_315.39,20.617619862167345,0.0,2.296930039182247,408.52211778023747,357.4083468402251,51.11377094001239,112.0716145775973,50.38424118341888,61.68737339417842
frame_dZi_315.39_315.48,34.73838033737519,0.37999999999999545,-0.1610330484140994,392.3605533809851,350.9837104773557,41.37684290362938,8.635472886401033,4.208285824047891,4.427187062353141
frame_a_315.86_315.9,31.809578058599925,0.0,-0.8165245881289017,382.12244003235406,341.7154628625185,40.40697716983556,9.625943128834507,7.079771210819189,2.546171918015318
frame_pe_315.9_316.05,17.468312788741656,0.0,0.11954442005438394,401.91018535952537,356.5468928732396,45.363292486285786,28.81446678128458,10.648158427190054,18.166308354094525
frame_so_316.05_316.2,12.185258378891035,0.0,-0.8739373730148412,403.3251410934081,357.66093825322207,45.66420284018608,62.05122019429501,27.880940063113826,34.17028013118119
frame_a_316.2_316.42,71.04950926161635,0.0,1.6200920767239704,401.57277585678355,356.2510199849612,45.32175587182235,189.08337941362586,99.10711256614115,89.97626684748471
frame_es_316.42_316.48,14.760511234403737,0.0,-0.8804284990523507,369.5073712208888,331.5349596431664,37.97241157772237,26.72650669904715,11.268733562914747,15.457773136132403
frame_ta_316.48_316.64,33.181119877305036,0.0,-0.13968662566985607,404.3170882832239,359.15427559528115,45.16281268794273,12.195229117906592,6.546844134799642,5.648384983106951
frame_nu~_316.64_317.08,31.82951296417994,0.0,1.903542074481695,411.0126658429341,355.59503557030143,55.417630272632664,58.60453679791294,33.65393494862835,24.950601849284595
frame_ni_317.08_317.18,31.53847059948643,0.0,-0.1610330484140994,399.34611434155744,357.2239575362521,42.12215680530534,34.617265404671286,10.324306598114873,24.292958806556413
frame_vew_317.18_317.27,13.939798493907858,0.0,-0.8804284990512138,396.7234413359894,355.15652785483815,41.56691348115129,17.8590746228696,6.680562400795736,11.178512222073863
frame_dZi_317.27_317.33,30.475866625411157,0.0,-0.5918308616933357,378.61324170123476,338.98935159916266,39.623890102072096,0.36919892729144976,0.2719461376276797,0.09725278966377005
frame_sa_317.33_317.48,14.508938341349392,0.0,-0.2750542181607418,398.42019446508203,354.13553928748456,44.28465517759747,30.074288051000394,20.33471816729076,9.739569883709635
frame_la_317.48_317.64,7.5761195417235285,0.0,0.26641615180587913,400.70803840064593,355.52692812118903,45.1811102794569,7.501050257146744,3.6449438491174817,3.8561064080292624
frame_riu_317.64_317.74,20.856255622369304,0.0,-0.5918308616933357,401.46171039815016,358.2871759062346,43.17453449191555,9.279661164217487,2.8055589656755444,6.474102198541942
frame_mi_317.74_317.81,4.635607058880339,0.0,-0.5918308616925193,397.9030895799348,355.4558849990388,42.44720458089597,21.808824889351996,13.400178536132245,8.408646353219751
frame_ni~_317.81_317.9,58.505524148479935,0.0,-0.9271294991051637,392.4970419881226,350.6926835340766,41.804358454045996,21.822863360500463,16.715807931617803,5.10705542888266
frame_mu_317.9_318.01,158.52289486639114,0.0,0.27343483811626146,389.28167985191084,348.6108022964225,40.670877555488346,27.108158504826797,12.019969631999643,15.088188872827153
frame_mez_318.01_318.1,65.27085183566788,0.0,-0.8804284990523507,391.1947643767022,348.85758308120126,42.337181295500955,2.9610768000628696,1.4272131641401984,1.5338636359226712
frame_mu_318.1_318.38,54.46162678249928,0.7900000000000205,2.9690192836712517,383.65902389716996,336.677033238184,46.98199065898592,18.82406428686096,10.494841778810496,8.329222508050464
frame_E_319.17_319.2,14.151656482181636,0.0,-0.8152726079886352,381.1316093769757,341.1371286056069,39.994480771368785,5.8684095704414005,3.260539192569013,2.6078703778723877
frame_la_319.2_319.28,7.8535900046721,0.0,-0.6811569956372465,400.30844004668586,356.53791199730557,43.77052804938029,4.463741098975504,2.469789753491426,1.9939513454840778
frame_na~w~_319.28_319.59,4.508494380788875,0.4200000000000159,-0.87464938462521,398.6383101610687,349.77844007519394,48.859870085874775,16.13382430959652,6.276540114886416,9.857284194710104
frame_te~j~_320.01_320.22,10.1392619229822,0.0,0.05337507239011319,414.38362953007885,365.29394581574314,49.089683714335706,53.098113516565604,27.388050715620807,25.710062800944797
frame_muj~_320.22_320.44,5.067216449426951,0.0,0.6103828938112338,412.59391828311334,365.3499250828562,47.24399320025714,158.58491390076546,110.30046983521618,48.28444406554928
frame_ta_320.44_320.6,64.35262315559402,0.0,-0.004319033177431361,413.5294427465383,368.56661319805886,44.96282954847942,109.28707614506453,62.45414248383008,46.83293366123445
frame_pow_320.6_320.73,12.543916544127228,0.0,-0.48868376449745843,407.92684779057606,364.3733770884877,43.553470702088305,34.83323050255501,17.662476177240592,17.17075432531442
frame_ka_320.73_320.89,27.546057293187914,0.0,-0.13968662566985607,394.3786770970999,352.06604606813306,42.31263102896685,68.60512482530422,39.108362396901555,29.49676242840266
frame_Sa~_320.89_321.08,236.25271743196865,0.0,-0.6984438112423418,385.33948197677245,342.7012089304635,42.63827304630894,21.552979368096153,11.558837869719035,9.994141498377118
frame_si_321.08_321.14,221.111016225582,0.9300000000000068,-0.5918308616933357,376.15294404765433,338.825863747179,37.3270803004753,55.97185470790927,30.36466717805135,25.607187529857924
frame_poX_322.07_322.2,34.831299437502395,0.0,-0.8739373730148412,399.104552901924,357.2754274316364,41.829125470287636,49.876520945802554,22.830359944414084,27.04616100138847
frame_ki_322.2_322.31,8.32196658463522,0.0,-0.5918308616925193,405.97785836492835,361.42490745194635,44.552950912982,13.43373101593022,2.19076083181767,11.24297018411255
frame_ujs_322.31_322.46,0.4863986887318674,0.0,-0.5689353011197329,400.74791375787584,357.93096932138155,42.81694443649428,18.5729353672414,7.357719815610039,11.21521555163136
frame_ki_322.46_322.61,100.31120765561718,0.0,0.12616549377233013,410.293968670817,364.79403154306374,45.49993712775324,30.60722606061921,11.638067885124087,18.969158175495124
frame_Za_322.61_322.89,28.527286642454044,0.0,1.4847244842315457,409.0592329244588,360.8688775485073,48.19035537595147,65.4958644157295,35.600436456179864,29.895427959549636
frame_sa~w~_322.89_323.2,61.35543799539491,0.7800000000000296,0.18258405567901068,407.50029336070287,360.0122859878283,47.48800737287456,92.2641896274028,57.575491414032854,34.688698213369946
frame_ko~_323.98_324.15,27.011159382829817,0.0,-0.4123722359701422,406.5926157934704,360.54851046867833,46.04410532479204,8.633873160936503,5.731359456501053,2.9025137044354494
frame_es_324.15_324.28,37.810617338287216,0.0,-0.4804393314089747,403.79481007339234,361.16127394545765,42.63353612793469,21.76089733520604,15.685874766435177,6.075022568770862
frame_ko_324.28_324.38,8.538896087449558,0.0,-0.8739373730148412,410.60971479919243,366.1614703323806,44.44824446681184,21.468432090003944,14.610510351791618,6.857921738212326
frame_la_324.38_324.52,42.562203277466324,0.0,0.1310485593134544,413.3702157736076,366.88848781489713,46.48172795871045,21.598620304548206,11.936523980143534,9.662096324404672
frame_ri_324.52_324.63,57.132639884973344,0.0,0.12616549377151387,405.1383202275149,362.3507343017896,42.787585925725296,9.301795229872198,4.980159981610484,4.321635248261714
frame_da_324.63_324.84,20.90685630253944,0.0,0.40178374429753433,415.2382661944691,366.4418677213528,48.796398473116255,119.38787683724973,25.27120416610859,94.11667267114115
frame_dZi_324.84_324.9,17.60984064641403,0.0,-0.5918308616933357,393.52828331275526,354.0492815574385,39.479001755316744,18.108376839907464,12.823322504276604,5.285054335630861
frame_es_324.9_324.96,181.17071546967128,0.0,-0.8804284990512138,380.0390605457537,342.44394705247055,37.595113493283236,10.632799375682033,4.731711879248067,5.901087496433966
frame_ta~w~_324.96_325.06,12.5568302518069,0.0,-0.8746493846262117,408.8073309058577,365.10828769349536,43.69904321236237,30.085541526606022,14.765199550034083,15.320341976571939
frame_pro_325.06_325.2,23.255990219285252,0.0,-0.10343015598117057,407.4652799919559,363.58244403445326,43.882835957502664,25.988805581883355,14.831313408419987,11.157492173463368
frame_ku_325.2_325.29,23.103698407114223,0.0,-0.5689353011187752,401.8707157814947,361.1229549919218,40.74776078957291,8.4905742614352,3.4658843201222567,5.024689941312943
frame_ra~_325.29_325.43,31.970366417629407,0.0,0.35878962906288053,411.31062829640007,365.1765166205457,46.13411167585434,24.726212809298715,15.481797165886462,9.244415643412253
frame_du_325.43_325.51,84.15509494285249,0.0,-0.2319872454247605,410.37021296400576,367.0325218046852,43.337691159320514,36.88796734406486,11.362706421541134,25.525260922523728
frame_majs_325.51_325.95,5.180725202864181,1.410000000000025,1.3493568917398904,409.5672582698014,356.45476730329193,53.11249096650948,95.01412365659192,67.64883133748705,27.365292319104867
frame_ta~_327.36_327.55,22.831423446805076,0.0,0.7112007758306202,409.6881315857793,362.83771882274425,46.850412763035024,26.38472764342859,13.391083443111853,12.993644200316737
frame_tu_327.55_327.62,33.10546664305156,0.0,-0.40046127327176784,392.39087919494625,351.47824102315377,40.91263817179248,5.510579185833819,1.7436388810335188,3.7669403048003005
frame_ki_327.62_327.73,46.120202746549865,0.0,-0.5918308616925193,405.6623091504796,362.618303535225,43.04400561525455,24.30891196018723,13.404028319154122,10.90488364103311
frame_a_327.73_327.86,5.992269671362521,0.0,0.40178374429753433,405.22021689622835,362.24562515306036,42.97459174316799,49.71671853828764,22.288228507139138,27.4284900311485
frame_si~_327.86_328.15,2.762213842021964,0.0,1.308282737625111,401.24709701194894,353.71944748338154,47.527649528567395,56.99481979448851,32.69708593867526,24.29773385581325
frame_poX_328.15_328.3,6.265428442434427,0.0,-0.4886837644985534,406.1298009108507,360.38465452258595,45.7451463882648,29.115506362594544,14.71914824600276,14.396358116591784
frame_e_328.3_328.39,23.59200091015404,0.0,0.3195390038755035,406.56720279312515,362.1124084948075,44.454794298317665,5.655448058697317,2.9670637544224405,2.6883843042748765
frame_ze~_328.39_328.55,21.35368178005308,0.0,0.5003913036540798,404.5462862312465,358.8283599486642,45.71792628258231,14.35133708967345,6.466787405565157,7.884549684108293
frame_plu_328.55_328.75,23.128031200964756,0.2799999999999727,1.1158049773522558,397.6269489961127,352.5198519195438,45.10709707656889,19.691403599289174,9.475491212847999,10.215912386441175
frame_to_329.03_329.39,124.18603104957117,0.0,1.052330669568788,414.3355555160414,362.9759737693446,51.35958174669685,92.61506234965935,17.791064473716233,74.82399787594312
frame_dus_329.39_329.59,16.30398007012289,0.0,-0.06351321757775319,405.87766911697486,359.1837021573085,46.6939669596664,68.82389896566201,33.678401611969406,35.145497353692605
frame_ujs_329.59_329.73,14.176969189521458,0.0,-0.06351321757775319,400.54823443228986,356.43965916561,44.10857526667985,31.54999348182858,18.82099677541615,12.728996706412431
frame_es_329.73_329.87,19.070534928792057,0.0,-0.4804393314101115,393.885813397653,351.22750032685553,42.65831307079742,15.036225501117315,10.373230569602725,4.662994931514589
frame_ta_329.87_330.09,29.888875179673164,0.0,0.8078865217725001,401.96537326667647,357.5106888658504,44.45468440082607,22.371560492693277,15.604361373767489,6.767199118925788
frame_tu_330.09_330.36,10.081415803700708,0.0,2.4635972001302298,399.568527772584,352.67607742414816,46.89245034843583,35.81578435882193,16.306122414956832,19.509661943865098
frame_tus_330.36_330.57,31.753565338228015,0.0,-0.5689353011197329,391.83820048843074,347.7172434179703,44.120957070460406,16.83120633089129,11.30118613357854,5.530020197312751
frame_to_330.57_330.7,21.56047329209673,0.0,0.08919664827697335,409.6087567208142,365.4949792646052,44.11377745620899,39.9273420071022,20.157979288390266,19.769362718711932
frame_das_330.7_330.86,9.777921686184754,0.0,-0.5457894031448217,405.19486493295483,359.7280185943125,45.46684633864231,33.40775960729505,11.970094519153974,21.437665088141074
frame_ajs_330.86_331.03,59.15017399659169,0.0,-0.5457894031448217,395.7327363319446,351.6270941981071,44.10564213383748,145.2418896617428,46.23186129272901,99.01002836901378
frame_koj_331.03_331.15,9.212427728617627,0.0,-0.48868376449745843,406.2934367097803,362.2995655737516,43.9938711360287,42.18456861681847,30.18927585028254,11.995292766535925
frame_zas_331.15_331.24,25.835298511989038,0.0,-0.9518921806205569,395.01088008173474,355.01704725331825,39.99383282841649,11.12450961937435,5.254861438629945,5.869648180744406
frame_es_331.24_331.3,156.78093333987607,0.0,-0.8804284990523507,375.00519927388615,335.5391432421266,39.466056031759535,1.4669361532665732,0.8497088595085813,0.6172272937579919
frame_ta~w~_331.3_331.43,18.939033236504486,0.0,-0.87464938462521,405.89718620204235,360.7462635274127,45.150922674629726,16.65547411127372,12.766792877013273,3.8886812342604458
frame_mu_331.43_331.51,28.535244512242997,0.0,-0.2319872454247605,404.9097490398454,362.6423192515872,42.2674297882582,4.398945193648558,3.424544131543996,0.9744010621045618
frame_da~_331.51_331.65,28.694457604213483,0.0,-0.16982709108973063,405.6220049106234,359.759442135024,45.86256277559937,30.022353414321884,5.3991856114031975,24.623167802918687
frame_du_331.65_331.72,36.716594016940604,0.0,-0.40046127327176784,400.51862474131383,357.8318599167396,42.686764824574254,7.561872602000193,4.501713814019865,3.0601587879803276
frame_du_331.72_331.83,32.78581313324875,0.0,-0.2319872454247605,404.16838309458984,360.36819653260693,43.80018656198291,19.11040523547223,3.6734432925849774,15.436961942887251
frame_go_331.83_332.01,32.281299645878164,0.0,0.859703865310644,405.83487663249247,359.0813265372187,46.753550095273795,9.571162754971027,5.727782557933125,3.8433801970379022
frame_veR_332.01_332.36,39.903157648788294,0.0,1.5195065068044944,415.9972720272861,363.2827157008179,52.7145563264682,157.3668505492247,82.47902890864253,74.88782164058216
frame_nu_332.36_332.45,77.98066335180485,0.410000000000025,-0.4004612732727255,382.5085604323308,341.0967780536606,41.41178237867018,167.30556169167556,84.66078318838325,82.6447785032923
frame_to_332.86_333.04,72.56732920056103,0.0,0.6670770610525001,415.19611579412145,369.5374007373015,45.65871505681997,27.026260960123295,15.051098473052662,11.975162487070634
frame_das_333.04_333.19,69.43595646315211,0.0,-0.2750542181607418,414.10123200869134,369.0735361614376,45.02769584725377,51.086447098948724,17.973099809795883,33.11334728915284
frame_ajs_333.19_333.4,47.64448327116972,0.0,-0.2750542181615113,409.160852627859,365.02525396693045,44.135598660928565,40.26430527919342,13.934095410802513,26.33020986839091
frame_faj_333.4_333.56,1.083685992306016,0.0,-0.13968662566985607,411.799673608393,366.19235688700087,45.607316721392124,36.04734117691112,20.050737064958327,15.996604111952792
frame_Sas_333.56_333.71,15.03404029065149,0.0,-0.8165245881281322,402.52268507598484,358.31027865746654,44.2124064185183,38.931843467458805,19.38783561410324,19.544007853355566
frame_maj_333.71_333.99,32.024870587300484,0.0,0.13104855931422388,411.37132717461407,360.0810442860248,51.290282888589275,21.984102176739754,12.434257044717327,9.549845132022426
frame_O_333.99_334.18,45.930098964381216,0.0,1.1376266953700667,413.9135759476203,365.9135126986393,48.00006324898101,8.409564543275764,3.2220003320674095,5.187564211208354
frame_ris_334.18_334.45,63.41382882401575,0.4600000000000364,-0.30463231950690606,397.3090637665919,352.2093601333719,45.09970363322003,15.355508242340363,8.87648040204084,6.479027840299523
frame_dZi_334.91_335.03,15.697193199798278,0.0,-0.30463231950772235,409.7952735784222,364.35681039943023,45.43846317899198,40.378489351474656,15.153044213503534,25.22544513797112
frame_oR_335.03_335.15,9.675269969493684,0.0,-0.10343015598007561,408.2779347445503,363.57306784371804,44.704866900832315,16.0293654315268,7.0860637030489215,8.943301728477877
frame_de_335.15_335.29,8.464824080778925,0.0,0.3195390038766403,408.64770356008677,363.44447794165217,45.2032256184346,12.825460331712662,2.25821129901675,10.567249032695912
frame_na_335.29_335.85,5.465844565298255,0.0,5.139649481510085,406.0532870673237,347.4528895563707,58.60039751095297,41.81652617983519,19.67209866919478,22.144427510640412
frame_du_335.85_335.95,2.87173294134908,0.0,-0.2319872454247605,402.92335109158915,358.4194653256132,44.50388576597595,34.42724151148542,8.929753076006563,25.497488435478857
frame_i_335.95_336.01,7.596292120326353,0.040000000000020464,-0.1610330484140994,384.4354717443749,344.63436203718055,39.80110970719437,8.400258842875843,2.4692275587738095,5.931031284102033
frame_tu_336.05_336.4,37.21160873970916,0.0,3.474441367212274,400.9700925187368,350.1223373233215,50.84775519541529,25.653651517926363,11.657422710378228,13.996228807548135
frame_du_336.4_336.47,71.65765684777287,0.0,-0.40046127327176784,392.75116774304087,350.7398959923895,42.01127175065136,3.371116155855816,2.253105622490665,1.118010533365151
frame_dZi_336.47_336.61,74.44949507980198,0.0,0.2697647648651368,396.9787494192222,354.32782410171285,42.65092531750935,16.226438410119727,5.25035650720676,10.976081902912966
frame_pro_336.61_336.77,52.3387755592145,0.0,-0.2960569602393145,408.36410582841836,362.6262131832657,45.73789264515267,23.853381061517155,11.707011710846615,12.14636935067054
frame_mo_336.77_336.94,63.04538872391856,0.0,0.08919664827697335,404.5306982857829,358.40197059814307,46.12872768763981,10.044877414018487,4.899791772687365,5.1450856413311215
frame_sa~w~_336.94_337.14,4.704543526735279,0.0,-0.6984438112413401,407.0025998929609,360.91782508270893,46.084774810251986,108.40793267849213,37.74908863148619,70.65884404700594
frame_E_337.14_337.25,35.28274061089962,0.0,0.034572084379007974,405.14636641659206,364.45618471823616,40.6901816983559,14.972986793019516,6.016846176519664,8.956140616499852
frame_tu_337.25_337.33,37.823727600973996,0.0,-0.2319872454247605,386.9629322083968,348.4963799654148,38.466552242982004,3.4678185183205983,1.6836195070885651,1.7841990112320332
frame_du_337.33_337.5,136.71898685530118,0.0,0.6103828938112338,408.30499556655576,364.99595597056503,43.309039595990726,35.04182417631557,12.116743695126104,22.925080481189468
frame_na_337.5_337.72,83.21908079830399,0.0,0.8078865217732695,405.3236151398605,360.0340928267673,45.289522313093244,159.8519958019533,84.81767479973843,75.03432100221488
frame_ba_337.72_337.92,6.137237992439282,0.0,0.5371513367899591,410.4228980816985,363.1956459751505,47.22725210654801,47.66168251586876,16.108736457918837,31.552946057949924
frame_zi_337.92_338.01,10.933153930953779,0.0,-0.1610330484140994,399.9985200320825,358.5560435912231,41.44247644085942,27.596432894250256,10.068450630372524,17.527982263877732
frame_dZi_338.01_338.11,26.479954873566157,0.0,-0.017433777321292775,409.2661524418513,364.61712339818683,44.649029043664484,24.134597534643888,5.228743252926563,18.905854281717325
frame_ni_338.11_338.33,10.729613245967755,0.0,0.5569633070499338,409.63374662256456,363.73162389215577,45.90212273040879,22.83842587669406,15.191421254068132,7.6470046226259285
frame_vew_338.33_338.43,10.273001392318406,0.0,-0.8804284990523507,403.9849446805058,359.677981593766,44.30696308673981,38.18902960635626,17.454492860420032,20.734536745936225
frame_u~_338.43_338.47,19.080053297970096,0.0,-0.6567685950290525,399.3101234175737,357.37294696494797,41.93717645262575,8.744833190119778,5.994089367721642,2.7507438223981353
frame_ni_338.47_338.54,25.260175486279422,0.0,-0.4482315905997127,403.8171805859391,362.6769614814433,41.14021910449583,11.42272322764012,3.755356575326516,7.6673666523136035
frame_veX_338.54_338.7,30.01104805643621,0.0,-0.4804393314101115,398.1417318268672,354.8833428419184,43.258388984948795,22.805016941830672,8.288075035684699,14.516941906145973
frame_si_338.7_338.82,36.582485363049784,0.0,0.2697647648643205,379.15174906544974,338.14160093196574,41.010148133483995,13.2051542722117,9.204661955041729,4.000492317169972
frame_ta_338.82_339.07,34.24979401637711,0.0,0.6725189292808448,393.63567982366334,346.8211113777459,46.814568445917416,85.31402531278454,70.04922837610229,15.264796936682245
frame_riu_339.07_339.19,43.368145049914915,1.3100000000000023,-0.1610330484140994,365.32721404712703,324.7567794188209,40.570434628306145,26.6747492928491,18.67886381179528,7.9958854810538185
frame_poX_340.5_340.76,18.790254717796927,0.0,0.6670770610525001,407.7985906183968,360.09172054672024,47.706870071676576,47.950951025077416,16.848588853229614,31.1023621718478
frame_e_340.76_340.92,18.993808089521366,0.0,1.7195010906256138,403.53738874637855,360.146817515076,43.390571231302545,25.17976886797075,11.769316126363776,13.410452741606974
frame_ze~_340.92_340.98,25.37638225135683,0.0,-0.9896628005599893,368.4632913351402,330.6922909003112,37.77100043482898,21.18957620841215,12.7358680823302,8.453708126081949
frame_plu_340.98_341.37,151.4925956540771,0.07999999999998408,4.485285534295276,388.88481708528013,339.5767414082883,49.30807567699185,4.503602875025024,3.023994752955936,1.479608122069088
frame_u~_341.45_341.91,12.571025188880157,0.0,2.5059681143669295,404.435679634154,349.01548661315644,55.420193020997544,47.49171786138646,25.563477121295932,21.92824074009053
frame_u~_341.91_341.94,2.596009881276075,0.0,-0.7320718500150277,386.2078573225348,345.05314235684585,41.154714965688925,8.413182127842617,4.101402813576897,4.311779314265721
frame_ma_341.94_342.12,5.17800375352644,0.0,0.13104855931422388,401.2612212763303,357.54445392526964,43.71676735106064,8.118544050124484,4.171632457399625,3.9469115927248595
frame_koj_342.12_342.28,16.86472617982858,0.0,-0.2960569602393145,401.1132554599965,355.594824001403,45.518431458593454,35.71586584534879,19.769225693401722,15.946640151947065
frame_za_342.28_342.37,1.375673630766073,0.0,-0.681156995636477,393.4503184065644,352.5136775555116,40.9366408510528,8.723142813380605,3.436913486520382,5.286229326860223
frame_ki_342.37_342.46,128.21609958463313,0.0,-0.5918308616933357,375.99008217798234,336.75701649317705,39.233065684805354,1.1647580856223811,0.5359054567255015,0.6288526288968797
frame_ew_342.46_342.52,3.919920200693383,0.0,-0.8804284990512138,395.9990442362047,355.386937605846,40.61210663035871,8.154312533174874,5.578809024146182,2.5755035090286924
frame_ow_342.52_342.62,12.373504020966436,0.0,-0.6813105687556024,394.1046859220282,353.01017001525537,41.09451590677281,9.496362965452363,3.2059766718357707,6.290386293616592
frame_vi_342.62_342.78,9.756318917743016,0.0,0.5569633070499338,390.88530630334964,348.36177326024466,42.523533043104976,20.09085026578728,5.626833465974698,14.464016799812583
frame_fa_342.78_342.93,37.85201668960994,0.0,-0.4104218106531665,397.4070816137012,352.98456741229904,44.42251420140218,108.05892109595507,37.46192893408957,70.5969921618655
frame_laX_342.93_343.25,22.141198390940247,0.29000000000002046,0.26641615180587913,399.1225996199186,350.4383983716424,48.684201248276224,24.012749423601917,11.595217195085098,12.41753222851682
frame_a_343.54_343.57,50.946586076234894,0.0,-0.9518921806205569,378.93648195283015,339.8664275570273,39.070054395802856,0.23603568748490034,0.15386668899682832,0.08216899848807202
frame_pow_343.57_343.8,85.33831328876005,0.0,-0.8739373730148412,384.8745885113513,342.8531920105474,42.02139650080392,138.14383208960135,59.42974308399701,78.71408900560435
frame_kus_343.8_344.01,39.346087668396706,0.0,-0.2319872454247605,394.127167680599,348.3691288211944,45.758038859404564,44.64687529206938,30.379745300451077,14.267129991618305
frame_dZi_344.01_344.24,67.5956741144482,0.0,1.4185589336084061,406.77667603893116,359.96760741678594,46.80906862214522,152.6052400100827,52.78029337345288,99.82494663662982
frame_as_344.24_344.33,35.136792737412776,0.5,-0.5457894031448217,393.87575736640514,353.0380680270505,40.837689339354654,32.248238159961176,16.510301905301816,15.73793625465936
frame_E_344.83_344.99,4.574605295957099,0.0,0.565725017108634,402.1087098495976,358.29375086507036,43.81495898452721,13.737868104522818,7.578731215155585,6.1591368893672325
frame_ki_344.99_345.14,11.12391107352505,0.12999999999999545,0.12616549377151387,392.9273931020852,351.4894307116478,41.437962390437406,51.4980487390483,28.84819292376136,22.64985581528694
frame_sO_345.27_345.68,0.8356190454201169,0.0,1.9309716276677578,406.0165298007719,353.6660828538161,52.3504469469558,95.73398112607708,47.6124400706091,48.121541055467986
frame_va~w~_345.68_345.88,25.18956084418349,0.0,0.5349952024457487,406.9547783147556,361.10295347312956,45.85182484162601,85.08743605821795,19.395301789119117,65.69213426909883
frame_pres_345.88_346.06,10.620292969450531,0.0,-0.08045016376673561,400.6412703693769,356.7701877382796,43.871082631097295,45.12443220776464,24.51614470720844,20.6082875005562
frame_taX_346.06_346.24,19.04452103638056,0.0,-0.681156995636477,401.42841475615825,356.7593474741756,44.66906728198262,47.60186459174838,30.1632585111322,17.438606080616182
frame_ko~_346.24_346.42,31.530154822897543,0.0,0.20322650863584368,402.765333724371,357.0611804477054,45.70415327666558,29.452836729043185,17.29279600929837,12.160040719744813
frame_kuX_346.42_346.59,37.86573274521152,0.0,-0.40046127327176784,395.3947867137189,352.037988255672,43.35679845804685,21.102410074190885,10.471357248761166,10.63105282542972
frame_sus_346.59_346.64,41.39541782170227,0.0,0.0,369.0575658477846,329.3899617364276,39.66760411135698,14.77777485762337,8.536574808306568,6.241200049316802
frame_pu_346.64_346.68,34.35107899103832,0.0,-0.40046127327176784,387.04990524220767,346.8434422751539,40.20646296705377,9.78893832739135,5.389557881722141,4.399380445669209
frame_bli_346.68_347.03,68.58248376515641,0.0,-0.4004612732727255,398.96469531454113,347.66055499044455,51.30414032409658,158.2372933767553,52.44720627728938,105.79008709946592
frame_kus_347.03_347.18,46.20040739317457,0.0,-0.5689353011197329,373.88091169441196,332.93206536137313,40.94884633303883,7.40064700261388,3.4411647280717546,3.9594822745421254
frame_pa_347.18_347.32,35.27556489748946,0.0,-0.2750542181615113,404.5802393090958,359.8689210609043,44.7113182481915,16.462833205419145,7.717043343426866,8.745789861992279
frame_ra_347.32_347.38,32.56981691336807,0.0,-0.9518921806205569,373.50751574339296,334.5942799481824,38.91323579521054,6.49492238113325,3.4678888386290794,3.027033542504171
frame_pro_347.38_347.47,38.05810444729525,0.0,-0.8739373730137463,400.4080258802587,356.5474431687233,43.860582711535415,10.699893047054786,7.590482531345771,3.1094105157090155
frame_fe_347.47_347.54,39.250738595901566,0.0,-0.8804284990512138,379.4729967245329,339.6437988377082,39.829197886824716,5.72130630431414,1.7646278638087551,3.956678440505385
frame_so_347.54_347.67,9.431600667162002,0.0,-0.10343015598117057,403.2111156525123,358.55201515825286,44.65910049425946,28.26945523442629,16.205969739576545,12.063485494849743
frame_ra_347.67_347.77,53.72933667220869,0.0,-0.4104218106531665,400.2624532644839,359.3305554250367,40.931897839447174,16.992338803726454,8.11209652585444,8.880242277872014
frame_pro_347.77_347.9,43.0004514641561,0.0,-0.2960569602393145,401.59003245856735,358.0596863258404,43.53034613272695,22.67229073067648,10.222255344300606,12.450035386375873
frame_fe_347.9_347.98,26.850722680083862,0.0,-0.8804284990512138,397.4839287858298,354.71596160288345,42.76796718294639,20.161353798929554,13.009951836842674,7.151401962086879
frame_so_347.98_348.04,19.35321548058343,0.0,-0.8739373730137463,380.14685822432375,341.46053701389394,38.68632121042987,18.880533891952297,5.691039885707426,13.189494006244871
frame_ras_348.04_348.2,17.925353725716462,0.0,-0.1396866256690866,397.79918249807866,354.54965631943725,43.24952617864142,15.444903149774603,6.178636511042328,9.266266638732276
frame_ki_348.2_348.3,22.113500242630465,0.0,-0.1610330484140994,373.95923009793927,333.83803358734144,40.12119651059783,9.917652176849174,7.407654475572713,2.509997701276461
frame_tSi_348.3_348.4,26.738467737513957,0.0,-0.1610330484140994,395.5981731182413,355.008734350685,40.58943876755626,31.999955105254287,13.837154909858725,18.162800195395562
frame_ve_348.4_348.61,6.8305115954476605,0.0,1.9194956744467335,394.40628247898917,350.1799153518547,44.226367127134495,5.556435845650981,2.835391329571735,2.721044516079246
frame_re~j~_348.61_348.74,15.481330521911246,0.0,-0.9896628005599893,392.9240136280547,350.44628867244506,42.47772495560963,12.106938995903562,5.657677624696078,6.449261371207484
frame_pe_348.74_348.87,29.74999185396055,0.0,-0.28044474758785515,400.0178122326814,357.4084642988024,42.60934793387901,52.083981970213415,31.69009027223359,20.393891697979825
frame_da_348.87_349.0,38.01550631769467,0.0,-0.4104218106531665,402.63677367534564,358.3210200239081,44.31575365143755,49.98601764547561,16.324330195012294,33.66168745046332
frame_go_349.0_349.17,46.26463537125355,0.0,0.6670770610525001,400.15252396822626,355.1957433875469,44.95678058067938,37.765362902946094,9.742406208804482,28.022956694141612
frame_Zi_349.17_349.37,0.07769606837612741,0.0,0.55696330705075,398.5786724969845,351.754961156542,46.82371134044246,31.84022609853082,16.294553444697925,15.545672653832895
frame_a_349.37_349.49,27.325086981859556,0.2300000000000182,0.26641615180587913,381.4033947851895,340.95984337274797,40.443551412441536,22.182075019628513,13.653126459158727,8.528948560469786
frame_kEX_349.72_349.84,15.489662854241459,0.0,-0.6028114348964225,398.8344145310707,355.24346126048385,43.59095327058685,13.476104550716542,5.34570643255833,8.130398118158212
frame_dZi_349.84_349.9,29.589278194339727,0.0,-0.5918308616933357,386.20761914990493,347.2689131607758,38.93870598912912,9.703733829775302,4.324836188689858,5.3788976410854445
frame_zeX_349.9_350.01,2.79393399550122,0.0,-0.4804393314089747,397.719439845936,357.50867626288675,40.21076358304924,14.371122337777678,4.1794168108170595,10.191705526960618
frame_ki_350.01_350.15,4.4139795754431645,0.0,-0.017433777321292775,375.3446042408966,334.0828922339606,41.26171200693602,4.986582102138783,1.8479229972050746,3.1386591049337085
frame_te~j~_350.15_350.37,56.83988662742897,0.0,-0.39364115887470047,403.5321820412904,359.3568814148232,44.17530062646722,30.261542032595344,13.931211609710772,16.330330422884572
frame_kuX_350.37_350.53,22.258764023055534,0.0,0.10496081026925415,401.8920673014764,357.94660665910175,43.945460642374655,49.561534256265986,31.97297062382023,17.588563632445755
frame_su_350.53_350.66,18.798217667292647,0.0,-0.5689353011187752,403.70529618707985,358.5876332913843,45.11766289569556,23.814597339356027,13.150397538401847,10.66419980095418
frame_noR_350.66_350.9,20.352025010765317,0.0,0.859703865309549,406.14894875766777,356.93550841093906,49.2134403467287,69.71998496246232,37.644120105902374,32.075864856559946
frame_maw_350.9_351.33,0.013280009058320275,0.0,1.6200920767239704,405.0423297055756,353.8340014862814,51.208328219294174,60.593633196194475,35.72432591903521,24.869307277159265
frame_ki_351.33_351.41,14.69858723572608,0.0,-0.5918308616925193,398.14686519361726,355.34644371157077,42.80042148204649,24.401100729673345,15.357659093837526,9.04344163583582
frame_Za_351.41_351.59,38.714159757282346,0.0,-0.13968662566985607,404.1613775543877,357.11645908857884,47.04491846580885,22.21846554954857,9.659716186407763,12.558749363140805
frame_E_351.59_351.69,33.48554917416223,0.0,-0.07165850216679646,405.11679384144384,362.0811881906767,43.03560565076714,20.470315606081556,11.956207248606148,8.514108357475408
frame_u~_351.69_351.73,15.8334997668058,0.0,-0.6567685950290525,386.7077484793616,346.8406283839642,39.86712009539741,2.277249312629465,1.060667064195684,1.216582248433781
frame_ma_351.73_351.98,27.944535556889065,0.3199999999999932,1.07862170675658,398.3900046356267,355.565798221009,42.82420641461772,36.595840550424015,19.60431357093597,16.991526979488043
frame_u~_352.3_352.33,24.61737451834682,0.0,-0.7320718500150277,386.51311975485396,345.4701208777954,41.04299887705855,5.598641051478495,2.7719488216821446,2.8266922297963504
frame_ma_352.33_352.41,28.193342276027835,0.0,-0.9518921806197874,405.43153252780553,360.8410133467654,44.59051918104012,4.533302023726122,1.7155346201944042,2.817767403531718
frame_es_352.41_352.49,24.673566257052272,0.0,-0.8804284990523507,389.7197109600796,348.5261220053766,41.1935889547031,5.8501668664321755,2.8695587956386532,2.9806080707935223
frame_ko_352.49_352.59,78.27516953847118,0.0,-0.8739373730148412,395.1432363325529,352.2500583825779,42.893177949974984,142.41869704917247,64.31070428248941,78.10799276668305
frame_la_352.59_352.72,34.62887147893798,0.0,-0.004319033177431361,403.4943238062997,359.08362103682407,44.41070276947562,6.30978275415697,4.747798521856652,1.5619842323003184
frame_ri_352.72_352.79,24.669564378693877,0.0,-0.5918308616925193,397.20318435268064,354.8193450323179,42.38383932036271,11.15470693692771,3.6230006725920987,7.531706264335611
frame_da_352.79_352.98,46.280482983759754,0.0,0.26641615180587913,402.50217628004134,356.642652484622,45.85952379541936,34.48729515264674,21.1131253506432,13.374169802003536
frame_dZi_352.98_353.09,79.87069194809825,0.0,-0.448231590600529,401.4831287849162,358.7825576413602,42.70057114355592,156.30243807088428,39.397192369635945,116.90524570124833
frame_aw_353.09_353.37,37.07437864880572,0.0,0.9432541142649248,406.63096077010687,359.1821993269068,47.448761443200056,103.30835240899631,66.09231935139212,37.21603305760419
frame_ta_353.37_353.56,182.99552122962066,1.740000000000009,0.40178374429753433,397.0231633409618,351.65082162367196,45.37234171728983,13.934937067294868,7.7977166618109095,6.1372204054839585
frame_e_355.3_355.34,23.329339329627317,0.0,-0.6804339152312311,403.0134914469646,360.51560357203584,42.497887874928836,3.358472695000245,2.304245683092205,1.05422701190804
frame_li_355.34_355.41,17.828208860697913,0.0,-0.5918308616925193,407.31090387608833,364.1392660081941,43.17163786789422,9.4279459216188,4.286357581332169,5.141588340286631
frame_Za_355.41_355.59,13.685504368641375,0.0,0.1310485593134544,410.61492023359295,364.6100469761169,46.00487325747605,34.05686338380417,8.31973432242728,25.73712906137689
frame_na~w~_355.59_355.78,20.70761564189695,0.0,0.35878962906288053,408.5176714946339,362.6066323346806,45.91103915995319,20.586165160190262,6.846660379166735,13.739504781023527
frame_po_355.78_355.95,0.32024171250373,0.0,0.859703865310644,413.3599963469388,366.7478288389444,46.6121675079944,38.19604158471941,25.417570971595808,12.778470613123602
frame_dZi_355.95_356.02,25.87141730287817,0.0,-0.448231590600529,408.1633052178054,366.7674728190036,41.39583239880176,17.559595813833425,2.272806968224586,15.28678884560884
frame_majs_356.02_356.22,20.98029281352194,0.0,-0.5457894031448217,409.66947465379366,365.2684552528612,44.401019400932455,13.43645454560857,4.503389318021277,8.933065227587292
frame_pres_356.22_356.4,23.273763481357946,0.0,0.11954442005552077,403.26556142505257,360.36228037259843,42.90328105245413,35.916917479367726,13.96934478026219,21.947572699105535
frame_taX_356.4_356.65,4.359213082970143,0.0,0.26641615180587913,404.7860762241545,359.7423685945665,45.04370762958797,52.23452629301369,42.17596142693549,10.0585648660782
frame_ko~_356.65_356.81,14.9395544105584,0.0,0.20322650863584368,407.96971838649415,363.0707514242709,44.898966962223255,28.601852002656187,14.509406341086446,14.09244566156974
frame_kuX_356.81_356.95,6.917271037524586,0.0,-0.2319872454247605,395.6393337950123,351.817683184108,43.82165061090433,24.696712046627994,11.510574016444252,13.186138030183741
frame_su_356.95_357.15,23.706405981492367,0.0,1.2842790051992632,392.63616615048585,349.90720241460474,42.72896373588111,49.6597641961709,27.137930638278704,22.521833557892194
frame_pu_357.15_357.26,2.773900743228978,0.0,-0.06351321757775319,404.23935642324216,360.23862442121185,44.000732002030304,27.550843031326423,10.782042455421106,16.768800575905317
frame_bli_357.26_357.38,9.938819663439688,0.0,-0.4482315905997127,402.7448545447156,357.82619395812475,44.918660586590875,45.42173555131134,17.85643488308142,27.565300668229924
frame_ku_357.38_357.46,4.664444478881194,0.0,-0.5689353011197329,388.22693689801855,345.89297446811696,42.33396242990159,21.70272904919426,6.16988845553152,15.53284059366274
frame_pa_357.46_357.6,19.3641659845307,0.0,-0.2750542181607418,403.18226321264876,358.7483753766108,44.43388783603797,30.222992095061443,8.968230024613263,21.25476207044818
frame_ra_357.6_357.66,16.255428636062277,0.0,-0.9518921806197874,379.47027700908825,341.00550635602985,38.46477065305834,6.571795288086037,4.286764935991243,2.285030352094793
frame_seX_357.66_357.75,7.868613015709855,0.0,-0.8804284990512138,393.1913223096605,352.151116585505,41.0402057241555,60.974802924624754,17.584298993300763,43.39050393132399
frame_pro_357.75_357.88,24.949097571924483,0.0,-0.2960569602393145,401.41035159327436,357.94284113956206,43.46751045371229,28.94384956512596,8.81374919545334,20.13010036967262
frame_fe_357.88_358.03,39.94586031260582,0.0,0.11954442005438394,399.07462459875387,355.10341213440483,43.97121246434904,36.83548435006122,15.151096038478897,21.684388311582325
frame_so_358.03_358.28,9.713356893189825,0.0,0.859703865309549,398.9458689992516,351.72514751104626,47.220721488205356,103.198900564257,53.49852481073418,49.70037575352282
frame_ra_358.28_358.38,92.84176845384178,0.18000000000000682,-0.4104218106531665,389.1671330214766,347.92261693552075,41.244516085955865,21.46032058160077,12.519841037235494,8.940479544365274
frame_poX_358.56_358.67,84.7039293404263,0.0,-0.8739373730148412,364.81412842771226,325.06272063659367,39.751407791118595,196.05207371128222,80.31517616713683,115.73689754414539
frame_ki_358.67_358.81,39.53514208210456,0.0,-0.30463231950690606,389.48187858596464,347.14906418963807,42.33281439632657,38.530576408685846,23.716180197479986,14.81439621120586
frame_te~j~_358.81_359.0,8.384892789210227,0.0,-0.5426465692960226,403.76394005057693,357.3228127739888,46.441127276588134,20.372144779371553,12.990379128090552,7.381765651281
frame_ki_359.0_359.09,0.640676325207636,0.0,-0.1610330484140994,384.21340835808826,343.1485954652708,41.064812892817486,9.594946794738433,6.056245571954577,3.538701222783857
frame_teX_359.09_359.25,17.35460669145624,0.0,-0.28044474758785515,403.91237271883824,361.34497537746824,42.56739734137,27.067890906022797,16.382779905963616,10.68511100005918
frame_u_359.25_359.3,15.653084324230633,0.0,-0.2319872454247605,375.4628668575405,337.0078277807949,38.45503907674561,1.7079162068728806,0.9759546402272576,0.731961566645623
frame_kuX_359.3_359.45,6.367507669833003,0.0,-0.2319872454247605,402.99273094871944,358.0213318033408,44.971399145378655,22.42659025742907,10.112681115977637,12.313909141451433
frame_su_359.45_359.55,10.892840509430243,0.0,-0.5689353011187752,388.91179995962375,346.27632992597853,42.63547003364522,24.749779514869488,15.078733804213584,9.671045710655903
frame_dZi_359.55_359.63,14.632938234482083,0.0,-0.30463231950690606,394.869034981904,353.8098972516175,41.05913773028652,29.615083536230458,6.481760505233865,23.133323030996593
frame_pe_359.63_359.75,21.806284209008425,0.0,-0.28044474758785515,399.4188468681432,356.2669161816642,43.15193068647898,30.047137820648913,18.920864502996608,11.126273317652306
frame_da_359.75_359.88,25.860163677244827,0.0,-0.2750542181615113,399.889512862359,356.0332809070292,43.856231955329804,36.31039710305197,13.734678915987217,22.57571818706475
frame_go_359.88_360.03,28.90436092309534,0.0,0.28182345253511726,397.4280336364473,353.40243669033003,44.025596946117275,33.37937329843339,13.054326028713945,20.325047269719448
frame_Zi_360.03_360.26,25.61370971818411,0.0,0.8441618492363634,387.5134663145729,342.6467010441696,44.86676527040328,55.822919188807845,33.604419448422334,22.21849974038551
frame_a_360.26_360.33,51.65066706065329,0.8300000000000409,-0.4104218106531665,380.2789415551397,343.9670072002623,36.31193435487745,15.829227411210866,11.454444590177104,4.374782821033762
frame_pe_361.16_361.23,7.634919090959073,0.0,-0.8804284990512138,401.55586902576835,358.4254750185044,43.13039400726393,3.640543660624587,2.780438187395731,0.860105473228856
frame_la_361.23_361.36,9.530688383874747,0.0,-0.004319033177431361,408.79405431233727,363.88352481896527,44.910529493371996,15.015221288109473,9.088678370652929,5.926542917456544
frame_lej_361.36_361.68,1.9144272304921515,0.0,0.7195281715188794,406.48323978477276,356.8923984958632,49.59084128890959,34.31921357438111,14.174984899372447,20.144228675008662
frame_pe_361.68_361.79,18.99633236598777,0.0,-0.6804339152300942,403.9281058301719,360.8810370506926,43.047068779479275,7.109822758000746,4.1442096162626,2.965613141738146
frame_la_361.79_361.89,2.011967377966812,0.0,-0.4104218106531665,407.9647507314729,363.2863883633462,44.678362368126784,9.12636471646664,6.916989668757452,2.2093750477091874
frame_nO_361.89_362.09,5.903793543301276,0.0,0.18561277661301773,406.2875366061472,361.08597082477553,45.2015657813717,16.64264379656072,8.35274039305122,8.289903403509499
frame_va_362.09_362.21,8.901706462046832,0.0,-0.2750542181615113,404.2035001891137,360.17577622483714,44.027723964276504,18.75720152313218,5.783039884403223,12.974161638728958
frame_lej_362.21_362.42,12.372529273393553,0.0,0.9195227553399989,401.69892339689255,355.83446715905137,45.86445623784118,13.466296599495507,3.6348374820809397,9.831459117414568
frame_dZi_362.42_362.53,11.842444532475923,0.8300000000000409,0.12616549377151387,374.473541847717,333.22905618426233,41.24448566345467,8.338844047964216,2.5322283853472527,5.806615662616963
frame_e~_363.36_363.49,33.00831265211909,0.0,0.5003913036540798,406.2465364340711,361.5758463112365,44.67069012283463,8.888233414015872,4.314926834181364,4.573306579834508
frame_si~_363.49_363.88,19.393479030562702,0.0,1.3082827376260187,408.94418125628727,354.8584451015492,54.08573615473807,102.09988918025266,42.82168147302937,59.27820770722329
frame_nu_363.88_363.95,8.642447633161453,0.0,-0.5689353011197329,399.0473049209648,356.2146811244218,42.832623796542975,35.97774364185298,18.755441247381725,17.222302394471257
frame_nE_363.95_364.22,11.233943299422833,1.4499999999999886,0.6719556036544384,397.0149165699941,349.4535801586234,47.56133641137069,77.51397170333661,36.00021981880974,41.51375188452687
frame_ni_365.67_365.9,11.59776838639354,0.0,-0.017433777321292775,404.2818394885098,355.51202916658616,48.769810321923615,21.76977220422225,7.902885289733632,13.866886914488617
frame_vew_365.9_366.05,4.385524255255035,0.0,-0.28044474758785515,404.4937766181912,358.9874409719179,45.50633564627327,30.212555663059277,8.01225921142202,22.200296451637257
frame_u~_366.05_366.08,9.312821345917143,0.0,-0.7320718500150277,385.7743013305487,345.37723123871757,40.397070091831154,1.1285370587085026,0.5162375959018561,0.6122994628066465
frame_ni_366.08_366.15,20.852775495528704,0.0,-0.448231590600529,399.0461265793139,356.2852189729172,42.7609076063967,14.849057710860905,8.316118814798216,6.532938896062689
frame_veX_366.15_366.35,15.168374624222963,0.0,-0.08045016376673561,401.85689991349483,356.4787374410625,45.37816247243234,22.516129240222313,7.099845683381631,15.416283556840682
frame_si_366.35_366.49,51.89661848093331,0.0,0.4133640359579434,390.48493686158906,347.00587906129294,43.47905780029612,160.77404730221264,59.189079255880415,101.58496804633222
frame_ta_366.49_366.77,5.547598185335744,0.0,1.07862170675658,408.8296939618654,358.2480703482616,50.581623613603824,45.21426302324838,30.890637041554527,14.323625981693851
frame_riu_366.77_367.06,78.47180916330316,0.6399999999999864,-0.4482315905997127,398.6881319965625,351.79805119030124,46.89008080626127,69.13456091257606,19.80999212050665,49.324568792069414
frame_to_367.7_367.85,2.553707816017976,0.0,0.2818234525362122,412.6015079115871,366.69422790477915,45.90728000680798,22.403976100036743,13.48865872779379,8.915317372242953
frame_du_367.85_367.94,7.153151270793757,0.0,-0.5689353011197329,412.1308407681115,367.5563269681768,44.57451379993472,10.042618287894214,6.156563209851356,3.886055078042858
frame_mu~_367.94_368.13,9.69461636252268,0.0,0.17156720981239554,408.90231240141134,361.70359036914226,47.198722032269075,77.4966537852415,45.50445818500896,31.99219560023255
frame_du_368.13_368.19,47.39800115200356,0.0,-0.5689353011197329,394.4884197326401,353.60804183195796,40.88037790068216,8.880648512055927,5.605815491404542,3.2748330206513856
frame_te~j~_368.19_368.35,43.339753823250334,0.0,-0.6916519797173449,408.3848083302795,362.5034761352513,45.88133219502822,78.11276026988637,40.094062792344175,38.01869747754219
frame_ki_368.35_368.44,37.427937219943175,0.0,-0.1610330484140994,382.2513960251465,343.31588595756114,38.93551006758537,14.66627149584724,9.846239882650025,4.820031613197216
frame_teX_368.44_368.69,39.54211665119297,0.0,1.319511922982238,398.1128567452959,354.8243473100819,43.288509435213996,85.346256471414,73.88053211193886,11.465724359475132
frame_u~_368.69_368.74,40.83558478572215,0.0,-0.5814653400435051,376.9964132115334,337.79307986038276,39.20333335115066,36.748290451520916,18.64927725506152,18.099013196459396
frame_to_368.74_369.01,46.303902371150144,0.0,0.4744502567932612,412.8732190893628,363.4778471830518,49.39537190631103,30.60923564724112,16.145529992824095,14.463705654417026
frame_da_369.01_369.21,22.580568204536036,0.0,0.5371513367891896,408.56991955021465,363.5590597285468,45.01085982166779,47.77191077950579,23.66506820341641,24.106842576089377
frame_pe_369.21_369.35,18.736460539295734,0.0,0.3195390038766403,405.45100646573985,361.25752471737974,44.193481748360114,55.128888849632204,32.8267114164824,22.302177433149808
frame_so_369.35_369.64,46.61475400049454,0.0,0.859703865310644,404.6197690713532,354.0654927703318,50.55427630102139,51.3600193012239,35.93933966054735,15.420679640676553
frame_a_369.64_369.76,70.75854579456683,0.6399999999999864,0.26641615180587913,392.85928260144254,350.9939048061602,41.86537779528237,17.466826850797446,9.483357676572496,7.98346917422495
frame_te~j~_370.4_370.55,12.213487570231422,0.0,-0.39364115887470047,407.6279742771155,363.110342895387,44.517631381728506,45.22936160458937,34.73429980812648,10.495061796462892
frame_ki_370.55_370.61,30.07184692991865,0.0,-0.5918308616925193,384.9295980197334,347.70180672200274,37.227791297730676,5.187912777690968,3.8672323756374283,1.32068040205354
frame_teX_370.61_370.77,19.473812362069054,0.0,-0.08045016376673561,405.4442928021323,359.0950703810276,46.349222421104685,156.4715117134602,47.84754331342367,108.62396840003653
frame_ni_370.77_370.89,2.4622573731916475,0.0,0.2697647648643205,403.89517893731465,358.9520171905726,44.94316174674208,4.328889774599759,2.00976328024106,2.3191264943586987
frame_vew_370.89_370.98,22.238640633580985,0.0,-0.8804284990523507,397.28887732725127,354.2604183604527,43.02845896679855,25.000688181510498,11.030187227815446,13.970500953695051
frame_dZi_370.98_371.11,33.78434112256832,0.0,0.4133640359579434,396.840664627617,354.20839090620905,42.632273721407955,12.057647190094968,6.941234204670309,5.11641298542466
frame_pe_371.11_371.25,9.510224284669107,0.0,0.11954442005438394,406.55810834264526,362.2594028829435,44.29870545970175,31.960726342591244,17.15099731013683,14.809729032454413
frame_da_371.25_371.4,21.723278021059144,0.0,-0.004319033178200837,409.0736661355016,365.5624138622275,43.51125227327407,15.726988582125813,3.5166574553238377,12.210331126801975
frame_go_371.4_371.52,24.237943502684686,0.0,0.08919664827697335,404.57683220686476,360.0606035029689,44.51622870389588,45.878670990458204,8.40806898537619,37.470602005082014
frame_Zi_371.52_371.69,15.065485663487806,0.0,0.12616549377151387,406.34004796596275,360.4898405562885,45.850207409674226,10.4818316955419,5.615817884795945,4.8660138107459545
frame_a_371.69_371.75,17.944986033837893,0.0,-0.5457894031448217,389.1507439145869,350.3071234033535,38.84362051123338,8.312636250700251,1.2935767324110827,7.019059518289168
frame_pa_371.75_371.87,37.364627799985215,0.0,-0.4104218106531665,403.5851787995743,359.15363063676386,44.43154816281043,43.668833347819174,18.429289548267207,25.239543799551967
frame_ra_371.87_371.95,39.06231102995565,0.0,-0.9518921806205569,393.7729432441763,352.26801580760053,41.50492743657577,5.313924329811357,3.1380177792535164,2.1759065505578405
frame_e~_371.95_371.98,44.50665883831033,0.0,-0.9896628005599893,356.67886171338114,320.0379830466744,36.640878666706726,19.26914488049755,8.954200282088266,10.314944598409284
frame_si~_371.98_372.12,69.68654195847222,0.0,-0.28844028861041054,406.40584117935595,360.1158442886041,46.289996890751866,61.285790818219255,27.989462298574495,33.29632851964476
frame_naX_372.12_372.35,25.272248886349843,1.92999999999995,-0.5457894031448217,399.4578552053687,354.1380247417495,45.319830463619155,54.566499587231164,42.89463471621673,11.671864871014435
frame_sO_374.28_374.58,13.784452327930467,0.0,1.4549646682887825,406.4494552341106,359.8524127369504,46.5970424971602,20.687249120543328,15.950151712606356,4.737097407936972
frame_po_374.58_374.76,1.5095865701842683,0.0,0.4744502567932612,411.80372464762866,365.2321556928432,46.57156895478545,12.2827828963064,8.901122164560206,3.3816607317461944
frame_dZi_374.76_374.82,0.5147920046279921,0.0,-0.5918308616933357,379.9391298083032,340.80866104779,39.130468760513224,3.0393105412129557,0.9522794821185414,2.0870310590944143
frame_seX_374.82_375.02,26.789295434734782,0.0,-0.08045016376673561,408.49718986044434,361.78402485125434,46.71316500918999,49.967759148447584,14.638273710862393,35.32948543758519
frame_u~_375.02_375.09,25.75961565664153,0.0,-0.43085883007241066,407.98120718305756,364.96660083816414,43.01460634489342,6.508121036230619,3.086126723277289,3.4219943129533306
frame_pe_375.09_375.24,36.00224342542779,0.0,0.11954442005438394,407.5130944749774,362.47075229866255,45.04234217631483,34.04530551412691,21.76640473184284,12.278900782284069
frame_da_375.24_375.46,24.331886074674628,0.0,0.9432541142641553,407.3747598930296,360.86293609283223,46.51182380019736,80.16711600115576,35.531605546749375,44.635510454406386
frame_go_375.46_375.63,14.872066619326489,0.0,0.859703865310644,409.79713897953377,363.00171723977826,46.795421739755454,17.063304073410876,8.974453258567024,8.088850814843852
frame_gu_375.63_375.74,32.250202258334326,0.0,-0.5689353011187752,397.25861121080703,354.6880722011231,42.570539009683955,36.2258969755064,20.536856418098893,15.689040557407509
frame_a_375.74_375.81,57.0230057808684,0.0,-0.4104218106531665,389.582856891067,348.47404218411594,41.10881470695108,4.117480784375772,1.6324268566346518,2.48505392774112
frame_gO_375.81_375.97,68.75600572893845,0.0,-0.44906316922441364,392.4627084484673,350.44678650531574,42.01592194315157,13.2072338244231,3.917992292563383,9.289241531859716
frame_ra_375.97_376.06,99.29567316002641,1.3899999999999864,-0.5457894031448217,372.19256511967603,331.95295575489195,40.23960936478409,89.85007914823916,33.751051573176824,56.09902757506234
frame_a~_377.45_377.53,6.179779938920035,0.0,0.006378482294139229,404.2079476045121,359.92338161011327,44.28456599439886,8.928248671635203,4.332374963215358,4.595873708419845
frame_tSi_377.53_377.64,25.877953330130765,0.0,-0.448231590600529,396.7935022313357,355.24110060199405,41.55240162934166,53.365069678074406,25.470775320145975,27.89429435792843
frame_ga_377.64_377.75,8.160329760754934,0.0,-0.4104218106531665,403.30214238813335,361.9056397293408,41.39650265879254,12.762506749537607,6.082477994835955,6.680028754701652
frame_me~_377.75_377.87,13.47150300733918,0.0,-0.5426465692960226,403.0504762414092,360.0927852389418,42.95769100246747,16.536808502375948,8.139026561974902,8.397781940401046
frame_tSi_377.87_377.96,34.51043169233483,0.0,-0.5918308616933357,393.91258538447994,353.164029833448,40.74855555103193,52.44126227429447,21.164926275840287,31.276335998454186
frame_nOjs_377.96_378.13,26.45737483367398,0.0,-0.7664011421440313,401.8915884338991,358.0935136386921,43.79807479520696,44.251116317274665,16.54423967929324,27.706876637981424
frame_tSi_378.13_378.2,123.27019611808291,0.0,-0.5918308616933357,370.0190351799577,332.34419989869707,37.67483528126064,24.318275586071906,11.908368483969966,12.40990710210194
frame_Ja_378.2_378.26,18.448450463568832,0.0,-0.9518921806205569,398.8585540228358,356.91440995350865,41.94414406932714,9.947420618298082,7.383295898497579,2.5641247198005033
frame_mus_378.26_378.4,5.966116499864938,0.0,-0.5689353011187752,403.00920589157,360.0071071230039,43.0020987685661,18.74380552870602,9.020014857121566,9.723790671584453
frame_adZ_378.4_378.57,10.535460641951232,0.0,-0.2750542181607418,402.12457300337564,355.9734328119141,46.151140191461536,20.515947081587683,7.3729963205801425,13.14295076100754
frame_vo_378.57_378.73,7.9646206763166845,0.0,0.08919664827806831,405.1969104791077,359.2174965737463,45.97941390536141,25.48985180899959,9.017753124739073,16.472098684260516
frame_ga_378.73_379.0,12.96450074865325,0.0,1.3493568917398904,403.26902889130037,355.4111501236429,47.85787876765744,40.69086135453199,8.865698586816677,31.825162767715312
frame_du_379.0_379.06,4.186479023418769,0.0,-0.5689353011187752,398.06951900489116,357.36090785505513,40.70861114983603,6.264853807478943,2.15480395076969,4.110049856709253
frame_e~_379.06_379.12,1.2478160412922534,0.0,-0.5426465692960226,404.4027231165677,362.1334753742113,42.26924774235641,1.3133323702923576,0.6261527898413419,0.6871795804510157
frame_Ze_379.12_379.28,3.016259367383725,0.0,-0.28044474758899196,402.9183758631874,357.71306715676883,45.20530870641858,32.66677050445452,13.83376343780347,18.83300706665105
frame_Jej_379.28_379.62,5.899489700572616,0.0,0.9195227553388621,403.26548385635647,352.09456732811316,51.17091652824331,10.77023463832893,4.445589395278773,6.324645243050156
frame_ru_379.62_379.9,89.28006969148905,0.28000000000002956,3.1374933115182593,397.3311388920408,351.6835247418528,45.647614150188076,123.43394122373323,77.37969102652139,46.054250197211836
frame_to_380.18_380.32,47.16519025155719,0.0,0.08919664827697335,408.9123156902765,363.3416623033962,45.57065338688028,4.832396665966769,3.497469191687401,1.3349274742793682
frame_da_380.32_380.46,27.1123156059777,0.0,-0.4104218106531665,407.0260588885534,363.5096697474462,43.51638914110714,29.43741818632617,19.17581466475616,10.26160352157001
frame_E_380.46_380.49,24.81917080736619,0.0,-0.8152726079880314,373.6717607834746,334.7914665603271,38.88029422314753,11.819396145824584,5.501185495939865,6.318210649884719
frame_sa_380.49_380.66,7.018851850524641,0.0,0.4017837442983038,403.6689329481679,359.15908088001856,44.509852068149314,46.29271848765487,30.897278276964613,15.395440210690253
frame_an_380.66_380.78,37.032486100598675,0.0,-0.13968662566985607,403.1620456667946,358.36944609333307,44.79259957346153,2.0404516900436818,1.29613259848324,0.7443190915604418
frame_e_380.78_380.89,36.0157892166647,0.0,0.7195281715188794,399.65438636024305,359.26800123437926,40.3863851258638,6.547255746732617,3.75344256364491,2.793813183087707
frame_si_380.89_381.0,36.9008742841645,0.0,-0.1610330484140994,372.13425749160024,331.7515169642444,40.38274052735585,10.494546130861181,4.92637028938762,5.568175841473561
frame_pe_381.0_381.16,30.43317424923626,0.0,0.3195390038766403,401.1202985077865,356.300869910019,44.81942859776751,22.322870706942865,16.82864469066442,5.494226016278446
frame_so_381.16_381.32,13.832727754614439,0.0,-0.8739373730148412,407.2219888312244,360.82835130265545,46.393637528568945,8.443245008992477,7.509501610070629,0.9337433989218482
frame_aw_381.32_381.53,7.034735789120731,0.21000000000003638,0.8078865217732695,408.6332103027889,363.0868945325152,45.54631577027368,48.782605898950806,22.073077725428163,26.709528173522642
frame_fa_381.74_381.88,3.345214763865016,0.0,-0.13968662566985607,407.17717445094456,363.0014878551931,44.175686595751415,2.8554496787092774,1.2660293676544256,1.5894203110548517
frame_ze~_381.88_382.04,1.6043838118735039,0.0,0.05337507239011319,408.41180734413524,361.61335852403425,46.79844882010099,39.891237892968235,15.799935281506265,24.09130261146197
frame_du_382.04_382.1,11.192422301819732,0.0,-0.5689353011187752,403.3546521458082,361.7975006514977,41.55715149431046,2.8822290153511574,1.6722302846793013,1.209998730671856
frame_op_382.1_382.23,17.659698435409922,0.0,-0.2960569602393145,401.16466960410315,358.9754441215437,42.189225482559436,12.455059948273913,6.160749515589799,6.294310432684114
frame_sa~w~_382.23_382.48,5.143640427750142,0.0,-0.16982709108973063,410.8260736377927,360.98064597291705,49.84542766487567,36.36735909483252,26.922581101507944,9.444777993324578
frame_dZi_382.48_382.57,20.38492600808584,0.0,-0.30463231950690606,400.74542064539685,358.92005867709673,41.825361968300115,7.015275667720772,3.5560420911133406,3.4592335766074314
frame_pe_382.57_382.68,7.756194396966123,0.0,-0.28044474758785515,398.76236209892494,358.15427223700306,40.60808986192188,40.91650609494101,23.58571561326616,17.330790481674853
frame_da_382.68_382.81,16.618862050727415,0.0,-0.4104218106531665,403.4185882339398,359.3891504041701,44.02943782976968,14.354806411782192,5.269600333336854,9.085206078445339
frame_go_382.81_382.98,8.052110269255849,0.0,0.47445025679435615,403.83626410756864,358.5549700843983,45.28129402317035,20.461377326163188,6.103768336521171,14.357608989642017
frame_Zi_382.98_383.18,23.203244595024103,0.0,0.12616549377151387,403.189126972522,357.28999307145654,45.899133901065454,126.41195359237776,72.04954815403644,54.36240543834131
frame_a_383.18_383.27,104.56651453929985,0.29000000000002046,-0.13968662566985607,397.0417293523646,354.87280925340247,42.16892009896213,23.884187887551946,8.60316480635663,15.281023081195315
frame_i_383.56_383.6,12.950724602510178,0.0,-0.4482315905997127,395.9157591979273,354.0913083843195,41.82445081360777,3.1214731207758746,1.9939664478208101,1.1275066729550645
frame_le_383.6_383.69,29.259203681457308,0.0,-0.4804393314089747,406.99549733195556,362.89493557553607,44.100561756419495,32.870242106260775,8.377052344077072,24.493189762183704
frame_si_383.69_383.83,55.64928624873218,0.0,-0.448231590600529,400.77545026889425,355.95747765130955,44.8179726175847,52.96095425053835,27.78868273683645,25.1722715137019
frame_o_383.83_383.9,38.46823701771203,0.0,-0.10343015598117057,401.5687302046479,361.5873445939928,39.98138561065514,33.5454116425779,17.408298433036748,16.137113209541155
frame_na~_383.9_384.08,38.6941742369672,0.0,1.06361192259836,402.63521409561463,355.185817436844,47.44939665877064,47.702714489435465,33.50646285363683,14.196251635798632
frame_du_384.08_384.15,62.29361345830259,0.0,-0.5689353011197329,390.49806289550963,349.42403512562936,41.074027769880274,5.056002276271897,2.9685091579494554,2.087493118322442
frame_a_384.15_384.23,129.9813728667367,0.18999999999999773,-0.2750542181607418,376.05727803013457,336.19795686623536,39.85932116389921,135.1597089241292,69.02461038314793,66.13509854098126
frame_a_384.42_384.51,24.61007072105437,0.0,-0.13968662566985607,387.4929514653824,348.4080152179385,39.08493624744392,6.326721092658147,3.367454392643168,2.959266700014979
frame_tu_384.51_384.63,4.132310543964195,0.0,-0.06351321757775319,402.5820474355532,358.20738074368444,44.374666691868754,16.376367101101863,8.33463040319117,8.041736697910693
frame_aw_384.63_384.69,9.190544421026658,0.0,-0.9518921806197874,396.1560893624787,355.33468126787636,40.82140809460236,3.1099994229251706,1.5936775707738775,1.5163218521512931
frame_me~_384.69_384.82,14.112345416572822,0.0,-0.24463574845337824,395.64734640809064,352.6099930809912,43.037353327099424,13.570300928020089,9.235202625610924,4.335098302409165
frame_tSi_384.82_384.9,18.25176999633993,0.0,-0.5918308616933357,381.6495151350426,339.5440167615702,42.10549837347236,19.877358690728414,10.053305552912178,9.824053137816236
frame_E_384.9_384.95,18.92873667283797,0.0,-0.6028114348964225,384.10342326662374,343.8336335691694,40.269789697454314,7.72735258711316,5.372270882646859,2.3550817044663006
frame_proj_384.95_385.13,60.48787431188725,0.0,-0.8739373730137463,401.16768457908546,354.98672831083087,46.18095626825459,67.36141664819132,20.023033575083105,47.33838307310822
frame_bi_385.13_385.38,42.76971888754397,0.0,1.2749596625147832,395.41946663795187,350.1964714688308,45.22299516912108,188.47589013763616,52.064191384528755,136.4116987531074
frame_du_385.38_385.62,161.2010203392503,0.19999999999998863,1.6212270608942354,370.4512636807833,325.67731317409226,44.77395050669105,33.29609960957025,20.895788855664534,12.400310753905714
frame_sO_385.82_386.01,14.837113611026666,0.0,-0.13172519630569798,404.8131302060228,359.387968096821,45.42516210920178,6.636616337176491,3.6106475152191138,3.0259688219573775
frame_ke~j~_386.01_386.27,23.79814339521664,0.0,0.2023804828114354,396.95923195504184,351.5073460144368,45.45188594060505,76.32998873003046,39.42707850696928,36.902910223061184
frame_fajs_386.27_386.51,31.562053447027438,0.0,0.26641615180587913,400.65129451806285,353.8295980114079,46.82169650665497,42.85030686739765,20.858736015092234,21.991570852305415
frame_a_386.51_386.63,67.5427576976399,0.0,0.26641615180587913,394.06042712195017,352.0074200343761,42.05300708757403,184.6609729297289,82.08755669449559,102.57341623523331
frame_fa_386.63_386.79,5.4325714650158545,0.0,-0.004319033177431361,396.35534399765044,352.8934577752785,43.46188622237196,23.942724615589952,14.717245877897085,9.225478737692868
frame_kuw_386.79_386.91,8.749192981368225,0.0,-0.5689353011197329,392.84207586622404,349.3697862173813,43.47228964884272,34.21459668091825,21.4510675833898,12.763529097528448
frame_da_386.91_387.22,22.090095447047105,0.0,1.6200920767239704,396.9571112141762,347.9487879660947,49.008323248081524,25.252767503565934,7.88187046090809,17.370897042657845
frame_dZi_387.22_387.34,9.621745743357224,0.0,-0.017433777321292775,390.8242601338482,349.649752294026,41.17450783982224,25.73520948298102,7.949691155273484,17.785518327707535
frame_dZi_387.34_387.4,3.9280929863149368,0.0,-0.5918308616933357,368.2082507735921,329.46290489271894,38.74534588087312,1.3288540015347508,0.37064868157673914,0.9582053199580116
frame_pe_387.4_387.5,0.9341934479448355,0.0,-0.28044474758785515,392.38440003612607,351.169375956925,41.215024079201044,20.53340991927692,14.467922855800623,6.065487063476297
frame_da_387.5_387.63,17.883239302792134,0.0,-0.5457894031448217,393.74111481555843,350.76715203424004,42.97396278131839,29.997396539685724,12.448742721655975,17.54865381802975
frame_go_387.63_387.76,27.00693560970572,0.0,-0.2960569602393145,391.33823649628346,348.58574411184804,42.75249238443541,6.9121213877071455,2.8270371877976856,4.08508419990946
frame_Zi_387.76_387.88,30.959336548233182,0.0,-0.30463231950690606,387.6475169109064,345.1642071567354,42.48330975417099,20.441950769833653,13.640381967526793,6.801568802306861
frame_a_387.88_387.91,16.01084539973141,0.0,-0.9518921806197874,376.27012370011175,335.87879623717464,40.39132746293711,2.7662607988421826,1.473312455876595,1.2929483429655875
frame_E_387.91_387.97,0.844668498973931,0.0,-0.49658084835061805,386.77957527363617,347.94811731484685,38.831457958789315,6.921706031493301,1.865519996961325,5.056186034531976
frame_ki_387.97_388.07,5.570024420130494,0.0,-0.4482315905997127,369.764205085674,330.84629522395625,38.91790986171776,21.208830770222676,6.606471416370226,14.60235935385245
frame_po_388.07_388.19,43.04574672001752,0.0,-0.48868376449745843,397.8780038274052,354.2552032965112,43.62280053089404,15.06795473454315,9.22813919221204,5.8398155423311096
frame_de_388.19_388.31,32.91673481439955,0.0,-0.28044474758785515,394.6781594062154,351.6188394659979,43.059319940217506,14.192797206508146,4.42573189902447,9.767065307483676
frame_ra_388.31_388.4,20.786673059248756,0.0,-0.6811569956372465,394.5187530908068,351.60059997333633,42.91815311747047,12.76099076406399,4.8751092270839536,7.885881536980037
frame_e~_388.4_388.55,23.46231163391559,0.0,0.7984021244975713,392.4014786063428,348.54887278085187,43.85260582549091,10.727353778256088,3.703812739514376,7.023541038741712
frame_si~_388.55_388.67,32.559823686152924,0.0,-0.7674571964807947,394.2412189554083,350.5402709651941,43.70094799021422,252.10759250953572,113.68099909883671,138.426593410699
frame_naX_388.67_388.86,9.269741845971822,0.0,-0.9518921806205569,393.79161302937706,348.8405775708868,44.95103545849025,82.78403773218815,50.63080315344112,32.15323457874703
frame_e~_388.86_389.02,37.933894562675846,0.0,0.9474075349180465,389.4878917725393,345.9892532942873,43.49863847825196,6.873584704246383,3.7699642743967274,3.1036204298496557
frame_te~_389.02_389.21,36.64598099915108,0.0,-0.09563033803205602,385.99740135613513,341.4932111103003,44.50419024583482,192.07415071656467,50.44756700771305,141.62658370885163
frame_dZi_389.21_389.27,16.46023920161599,0.660000000000025,-0.5918308616933357,378.9223568489655,340.70811981543227,38.21423703353321,2.217644043718451,1.283249016147181,0.93439502757127
frame_ow_389.93_390.03,3.539435836881836,0.0,-0.10343015598117057,405.7753867155648,360.93759106892725,44.837795646637574,31.1016857144474,21.351952770547882,9.749732943899517
frame_e~_390.03_390.13,25.430158760980532,0.0,0.05337507239011319,405.94103325158284,363.2021661851289,42.73886706645396,9.372783712125937,6.220341383442104,3.152442328683833
frame_ta~w~_390.13_390.47,16.618524290983117,0.0,2.649462083055192,408.33130969460524,356.7614445294978,51.56986516510739,91.59822294845733,46.21713892986935,45.381084018587984
frame_nu_390.47_390.53,37.993728632258666,0.0,-0.5689353011197329,385.9708952176359,345.8738787115954,40.09701650604052,13.010622662531205,8.1355568705402,4.875065791991005
frame_ka_390.53_390.74,45.883187971978344,0.0,0.5371513367891896,394.89037998331526,351.1014566585423,43.78892332477295,35.602954092085156,18.838178815062747,16.76477527702241
frame_zu_390.74_390.96,25.336155050093083,0.08000000000004093,1.6212270608932777,393.5038132822555,348.650921480313,44.85289180194252,49.536228744926916,25.55154578595014,23.984682958976776
frame_ow_391.04_391.14,22.287833598104555,0.0,-0.10343015598117057,393.7769469507944,352.3832611739926,41.39368577680182,8.326853843330923,4.068089951093583,4.25876389223734
frame_tras_391.14_391.34,13.32542315427554,0.12000000000000455,-0.9518921806205569,393.0923057384662,350.38101757452705,42.71128816393917,45.723034430554975,31.6913978150194,14.031636615535575
frame_fa_391.46_391.63,26.74325367902557,0.0,0.13104855931422388,397.8481855864241,353.65990403828266,44.18828154814145,22.56076172458927,14.859016921297325,7.701744803291945
frame_kuw_391.63_391.72,9.091943779890045,0.0,-0.5689353011197329,393.8572223747722,350.62805941754226,43.22916295722996,16.889344771975686,8.808789297751474,8.080555474224212
frame_da_391.72_391.93,39.68217370385901,0.0,0.5371513367891896,399.32597485784447,352.69252079432454,46.633454063519935,18.392891320645163,9.29078030273351,9.102111017911653
frame_dZis_391.93_392.05,37.17508393264646,0.0,-0.5918308616925193,377.5077213664303,336.4110004102926,41.09672095613769,5.371422099082878,2.3019174599688483,3.0695046391140295
frame_ki_392.05_392.16,72.26584776146905,0.0,-0.1610330484140994,400.23491325437226,357.9854603894314,42.24945286494085,37.007597838599,10.920343943320177,26.08725389527882
frame_da~w~_392.16_392.41,13.84334581081535,0.0,0.006378482294139229,402.0905048643455,355.2217453909352,46.86875947341031,185.2040309813894,47.86987188901091,137.3341590923785
frame_a_392.41_392.58,56.21484666873076,0.0,0.9432541142641553,399.04751980191264,354.8033599296411,44.24415987227155,183.16529140746928,78.71073794226089,104.45455346520839
frame_fi~_392.58_392.67,12.51347216173528,0.0,-0.6077848938573334,396.6802511174367,353.2674328902126,43.41281822722408,16.570959536040533,11.645948298565628,4.925011237474905
frame_da_392.67_392.73,27.545158531931918,0.0,-0.9518921806197874,404.8500931960722,362.0516356531142,42.79845754295792,21.815570970391235,11.358632886987351,10.456938083403884
frame_e_392.73_392.79,18.91754353376112,0.0,-0.28044474758785515,397.8192372126391,356.11399753045157,41.70523968218754,3.8309374335263158,1.3153399854859344,2.5155974480403813
frame_du_392.79_392.91,4.201306192538226,0.0,0.10496081027021181,391.23518474758606,347.31856717347034,43.91661757411572,15.547911348463373,6.284197873684349,9.263713474779024
frame_ka_392.91_393.08,81.99808706221955,0.0,0.1310485593134544,395.6638232203509,351.5388895672917,44.1249336530592,44.648457091083515,21.901806037539927,22.746651053543587
frame_sa~w~_393.08_393.36,32.571697845054956,0.0,-0.3460326644736005,393.4237215057362,345.7004745544206,47.72324695131556,150.9648212543855,114.2820014052327,36.68281984915279
frame_nE_393.36_393.42,139.6444940858927,0.5099999999999909,-0.8152726079880314,385.3991053591174,345.0302229650181,40.36888239409933,2.6757748307147153,1.0413499835071036,1.6344248472076117
frame_majs_393.93_394.06,37.43669839167484,0.0,-0.8165245881281322,393.9909092271628,351.4507358839264,42.54017334323635,14.924006195916292,8.835912130995439,6.088094064920853
frame_se_394.06_394.19,4.550436403223273,0.0,-0.6804339152300942,399.0081846662706,354.60041832781513,44.407766338455474,22.444776431513162,10.991980803944983,11.452795627568179
frame_na~w~_394.19_394.49,10.03394712472226,0.0,-0.169827091088729,402.6124223753129,351.678513899123,50.93390847618991,76.24309933513376,45.11525241234264,31.12784692279112
frame_na~w~_394.49_394.82,6.40224770026623,1.670000000000016,-0.87464938462521,399.01874817724445,348.5615607966517,50.45718738059276,87.618394850724,43.62698143439579,43.991413416328214
frame_ew_396.49_396.55,6.010662174388727,0.0,-0.8804284990523507,393.09342920619235,352.5644646912134,40.52896451497895,4.745257988063514,2.8072116289888527,1.9380463590746615
frame_a_396.55_396.64,12.877812983129957,0.0,-0.13968662566985607,397.15488643978915,355.4318232257988,41.72306321399037,8.127127712421554,4.551780169990593,3.5753475424309613
frame_Su_396.64_396.71,15.092331583301899,0.0,-0.5689353011197329,371.0473791451085,331.83255574553885,39.21482339956964,7.415932302790196,3.0797063584719524,4.336225944318244
frame_ki_396.71_396.81,87.60474509554308,0.0,-0.1610330484140994,376.7633610084936,335.61468463534686,41.148676373146714,22.913582112900826,11.22059191136185,11.692990201538976
frame_se~j~_396.81_397.21,7.355836121710553,0.0,0.9474075349188935,399.4508057097647,346.7582285085187,52.692577201246024,87.1933837819835,57.75956150262974,29.433822279353762
frame_se~j~_397.21_397.5,38.70406385517779,0.0,0.3513858932327576,406.23356748940074,356.0079441768792,50.22562331252152,26.872296606353245,15.73575346721529,11.136543139137956
frame_es_397.5_397.61,151.668712274725,0.0,-0.8804284990523507,386.9388813918939,346.8003258198976,40.13855557199628,1.901553771139973,0.7568987595457486,1.1446550115942244
frame_ko_397.61_397.72,15.624422452745335,0.0,-0.48868376449745843,402.08640960030283,359.7457347094302,42.340674890872606,40.21781970700084,26.040249175897856,14.177570531102987
frame_la_397.72_397.88,18.339145005463592,0.0,0.26641615180587913,398.23752207015883,352.36386121250354,45.873660857655295,20.369473727571204,10.805501025156104,9.5639727024151
frame_ri_397.88_397.97,12.846811608933393,0.0,-0.30463231950690606,400.35971235595014,357.2227336898926,43.13697866605753,7.928291353665827,2.6976086575427303,5.230682696123097
frame_da_397.97_398.22,17.1622632375352,0.0,0.8078865217732695,396.8667456581892,348.39720684732424,48.46953881086495,12.641503766038483,8.033468448898645,4.608035317139837
frame_dZi_398.22_398.3,0.8732974536096378,0.0,-0.5918308616925193,397.8680786980444,355.4026504390361,42.46542825900832,26.47261762552162,9.785911301757807,16.686706323763815
frame_ew_398.3_398.36,12.846712615438975,0.0,-0.8804284990523507,394.06078246925006,352.6739803828065,41.38680208644354,2.60405583127789,2.1211887147741777,0.48286711650371217
frame_a_398.36_398.45,17.677653029570138,0.0,-0.13968662566985607,394.0904856346942,351.0989925103399,42.99149312435429,6.516679658772432,3.377263611758025,3.1394160470144072
frame_Su_398.45_398.54,16.101292643766158,0.0,-0.5689353011187752,372.6025329142326,332.32162351755477,40.28090939667783,6.341667397585809,0.5191669384335569,5.822500459152252
frame_ki_398.54_398.61,1.7984020292387584,0.0,-0.5918308616925193,387.33362347418876,346.01768382565376,41.31593964853499,54.29575268614087,34.56076067139898,19.73499201474189
frame_a_398.61_398.66,18.57723901300332,0.0,-0.681156995636477,382.7360409580291,343.8952055520012,38.84083540602791,5.05882817493719,3.3293378043620407,1.7294903705751494
frame_pe_398.66_398.79,14.140472024649227,0.0,-0.4804393314089747,392.5101456062231,349.6601646967593,42.849980909463795,24.674401771969002,17.003505589868524,7.670896182100478
frame_so_398.79_399.01,6.213930151532992,0.0,0.08919664827697335,404.90184403563757,358.0269194374122,46.87492459822539,16.59582341281495,9.741900301326837,6.853923111488115
frame_a_399.01_399.07,10.309106546888643,0.2699999999999818,-0.5457894031448217,387.2307715262824,347.435203035084,39.79556849119842,9.173354661272839,5.166039646898213,4.007315014374626
frame_te~j~_399.34_399.47,18.644824052756093,0.0,-0.6916519797173449,403.71002502301593,358.82874552807755,44.88127949493838,30.668913693254837,22.582531072919352,8.086382620335485
frame_muj~_399.47_399.7,85.19099169126704,0.0,0.27343483811626146,410.83166032855746,363.54379779603005,47.28786253252741,159.19779891509032,59.475020199567666,99.72277871552265
frame_tu_399.7_399.83,74.07592092081771,0.0,-0.06351321757775319,397.0493168906392,353.65280922594303,43.39650766469617,71.40752205153177,39.7496928327422,31.657829218789573
frame_pow_399.83_400.06,28.313063029958982,0.0,-0.6813105687566973,397.63792354058796,352.92628877636525,44.71163476422271,186.35033178805102,61.87318288055721,124.47714890749381
frame_ka_400.06_400.16,4.112702001236556,0.0,-0.681156995636477,389.22168198281406,347.43661375088703,41.78506823192703,28.387060582223285,14.366264481741098,14.020796100482187
frame_Sa~_400.16_400.49,45.073492697344506,0.0,1.06361192259836,398.26512331180476,348.0851454115648,50.179977900239976,164.65797077539662,50.08600648919264,114.571964286204
frame_si_400.49_400.66,25.636818600998765,0.0,-0.5918308616925193,388.9561709968493,343.49928622601215,45.45688477083718,28.096451634693835,16.380919097284448,11.715532537409388
frame_o_400.66_400.73,38.563912023803994,0.0,-0.10343015598117057,393.63957850933855,352.59267961148475,41.046898897853794,8.585372681264317,4.881481180384924,3.7038915008793936
frame_Zi_400.73_400.84,40.724506325815014,0.0,-0.1610330484140994,389.5249444195549,348.65357316529395,40.871371254260964,7.104722080386864,2.5660439260589385,4.5386781543279255
frame_dZi_400.84_400.93,34.515208760346326,0.0,-0.1610330484140994,384.129867781354,347.3030264925495,36.826841288804474,7.0333866043779665,4.3523964860384865,2.68099011833948
frame_pro_400.93_401.08,35.60580715516764,0.0,-0.48868376449745843,394.0489078718448,350.21546955755844,43.833438314286354,25.194623991818048,15.106440095749463,10.088183896068585
frame_gre_401.08_401.17,47.18566660857604,0.0,-0.8804284990512138,386.56450217616685,345.14776454028635,41.41673763588051,14.586863044607838,5.0047314206562135,9.582131623951625
frame_dZiX_401.17_401.5,71.16195248664403,0.75,2.854551644538105,387.7704914173008,340.313626611024,47.45686480627677,131.20651126669938,33.276065827024524,97.93044543967486
frame_ko~_402.25_402.5,1.7718951694655516,0.10000000000002274,1.742223370150371,401.3577843697161,352.920113658779,48.43767071093714,23.784065484093702,12.83470408689891,10.949361397194792
frame_pow_402.6_402.79,37.96502300229395,0.0,-0.2960569602393145,405.69992487007664,360.8559539788387,44.843970891237916,11.76870732241241,2.767432849720308,9.001274472692103
frame_ka_402.79_402.85,38.02274757092064,0.0,-0.9518921806197874,378.00340449884584,338.30657578337025,39.69682871547565,0.9242436694587468,0.5355136753343572,0.3887299941243896
frame_es_402.85_402.96,6.390704124657873,0.0,-0.8804284990523507,381.03585694490084,340.92259852126426,40.11325842363658,55.77396118698829,29.262888308501687,26.5110728784866
frame_ko_402.96_403.05,4.330193538311306,0.0,-0.6813105687556024,401.8275823098875,358.6986421060267,43.128940203860736,16.508361657640222,10.004706508262785,6.503655149377437
frame_la_403.05_403.18,18.121392308367632,0.0,-0.004319033177431361,400.95150110959923,356.7748053924288,44.1766957171705,9.03242856288864,4.885091954538012,4.147336608350628
frame_ri_403.18_403.26,18.86335273428594,0.0,-0.30463231950690606,398.1744232299257,357.13655526850084,41.037867961424865,11.62567114911539,8.207417617050567,3.418253532064824
frame_da_403.26_403.38,7.7679164124932925,0.0,-0.5457894031448217,399.35673460025197,355.00855472188084,44.34817987837113,21.2861247223272,5.462334864794457,15.823789857532745
frame_dZi_403.38_403.44,0.3955065154676731,0.0,-0.5918308616933357,391.05914237568993,350.73381723229977,40.32532514339016,7.001036738367617,3.919788086203681,3.0812486521639357
frame_e~_403.44_403.49,13.333975714553247,0.0,-0.6916519797173449,388.6159851997606,349.211856380708,39.40412881905257,10.663293514799676,5.1414632430147265,5.52183027178495
frame_ta~w~_403.49_403.66,5.210831648236848,0.03999999999996362,-0.87464938462521,390.95258535191965,349.04960066702836,41.90298468489124,41.4928465082327,23.837034525200323,17.65581198303238
frame_na~w~_403.7_403.82,11.057583815340791,0.0,-0.8746493846262117,393.6073698193738,349.926976155094,43.68039366427979,31.605903857515727,15.181757370910987,16.42414648660474
frame_te~j~_403.82_404.02,12.408980638095215,0.0,-0.6916519797173449,393.0599935004918,347.5668834573745,45.493110043117326,42.108475416756335,27.619492014317785,14.48898340243855
frame_na~w~_404.02_404.12,20.04941059809329,0.0,-0.8746493846262117,379.3237581451464,338.3650473292563,40.95871081589013,12.817381012994844,6.111477665366721,6.705903347628123
frame_te~j~_404.12_404.27,19.90801803936742,0.0,-0.6916519797173449,397.7536955944586,353.2835435845622,44.47015200989637,23.727180479566783,13.446872988206934,10.28030749135985
frame_Sa~_404.27_404.33,33.359265008428395,0.0,-0.8746493846262117,378.5404437580145,338.49823751877506,40.04220623923942,12.55121158597592,8.089919846523742,4.461291739452179
frame_si_404.33_404.39,161.80357586372972,0.0,-0.5918308616933357,367.15954766287393,329.3109446473844,37.848603015489516,2.000953504391518,1.0864428991375448,0.9145106052539731
frame_ne_404.39_404.45,39.21488402260735,0.0,-0.8804284990523507,395.2870664580174,355.1693054836214,40.11776097439605,22.204394527803714,13.559203131838501,8.645191395965213
frame_J_404.45_404.49,31.296168092377314,0.0,-0.6804339152300942,396.65368967044503,354.386458081985,42.26723158846005,4.15197107455873,2.4686600920611284,1.683310982497602
frame_u~ma_404.49_404.62,14.833718334136591,0.0,-0.43085883007241066,399.1937752927355,356.232414047044,42.96136124569148,29.112773780936635,12.833230485802773,16.279543295133863
frame_ko~_404.62_404.68,23.700970440164213,0.0,-1.181870666726531,392.70499037725625,352.41447612009483,40.29051425716142,1.2864949612286694,0.690553331589598,0.5959416296390714
frame_mu_404.68_404.81,38.943853762213024,0.05000000000001137,0.6103828938112338,392.5007303208058,350.4172499587146,42.08348036209122,14.404583602743088,8.877445277045297,5.527138325697791
frame_E_404.86_404.89,,0.8799999999999955,-0.8152726079886352,376.5426001023491,337.70803744748486,38.83456265486427,,,
frame_ki_405.77_406.02,147.18775273301065,0.0,1.5621582047012128,404.9384280320122,355.7170691085173,49.221358923494904,126.94679006759412,56.361433741624126,70.58535632597
frame_vo_406.02_406.13,13.706041484876607,0.0,0.08919664827697335,400.6970972936139,360.7074418846722,39.9896554089417,42.56611330562353,12.300878223827056,30.265235081796476
frame_se_406.13_406.26,27.063045119792918,0.0,-0.08045016376673561,402.7140659761787,359.96892261078926,42.745143365389424,104.76231916896361,27.23285418133358,77.52946498763004
frame_kla_406.26_406.42,42.59293635511756,0.0,-0.1396866256690866,402.668064247423,357.6459967900982,45.022067457324795,11.960171485029775,3.8964195038388993,8.063751981190876
frame_si_406.42_406.53,147.61575382680758,0.0,-0.5918308616933357,389.49658412805553,346.8398149277174,42.65676920033815,0.1666603353922369,0.12615731152436638,0.040503023867870525
frame_fi_406.53_406.63,39.27567273552222,0.0,-0.1610330484140994,402.8180664392173,361.0108007083593,41.807265730858035,46.546078467520374,25.378590942115153,21.16748752540522
frame_ka_406.63_406.83,48.794028300710465,0.0,0.1310485593134544,405.92110655550437,358.8713683872721,47.04973816823224,16.411081091860183,9.240355838222257,7.170725253637926
frame_ri_406.83_406.9,53.73353896399112,0.0,-0.5918308616933357,408.95972729081063,365.09335510576614,43.8663721850445,2.5212905897868723,1.3205300480574067,1.2007605417294656
frame_a_406.9_406.94,48.23859344266481,0.0,-0.8165245881281322,393.0156397153013,352.40145910974286,40.61418060555843,2.317473024977801,0.5728689751082356,1.7446040498695652
frame_ke~j~_406.94_407.14,162.46448754575812,0.0,-0.8406573901386671,403.8742643388353,358.90107345326794,44.97319088556736,59.5093700593639,21.05080898649595,38.45856107286795
frame_se_407.14_407.28,16.988103310258452,0.0,-0.08045016376673561,407.7072559124675,362.052399504983,45.65485640748449,45.934004667978655,22.087173516658368,23.846831151320288
frame_ri_407.28_407.35,40.754791948093384,0.0,-0.4482315905997127,402.98614841884256,360.43538310558023,42.55076531326233,0.7905795643683575,0.1317188500541704,0.6588607143141871
frame_a~w~_407.35_407.42,46.02255328977972,0.0,-0.8746493846262117,400.00879841298064,360.76295428462197,39.24584412835867,5.899758341727193,2.7636802926511734,3.136078049076019
frame_E_407.42_407.45,41.165451643349485,0.0,-0.8152726079886352,362.23956950526656,324.73563224772676,37.5039372575398,8.324666874097773,3.91893252770339,4.405734346394382
frame_sas_407.45_407.5,186.799610411941,0.0,0.0,372.2263595249377,333.71549708600355,38.51086243893417,3.0022010536509924,1.4255186946900835,1.576682358960909
frame_pe_407.5_407.75,54.510938397165745,0.0,-0.8165245881281322,402.1593137577833,355.9721276128197,46.18718614496362,30.24655197860369,17.525724342791648,12.720827635812043
frame_so_407.75_408.05,50.018735187098514,0.0,1.6302110823443146,406.56020749175536,355.8450960746958,50.715111417059575,38.41448927499445,29.864275597494327,8.550213677500125
frame_as_408.05_408.15,73.46357171982643,0.4600000000000364,-0.9518921806205569,395.5127532623192,356.84608290307756,38.666670359241664,16.88060273797322,9.637676621939931,7.2429261160332885
frame_se~j~_408.61_408.89,1.7623446551445738,0.0,0.2023804828114354,407.2122315132728,357.90551860526324,49.30671290800956,34.51861098632921,23.721784173197705,10.796826813131503
frame_es_408.89_409.0,22.00718402002434,0.0,-0.8804284990512138,384.27443467935905,346.2010026085447,38.07343207081436,4.406670423095051,3.323623700394421,1.0830467227006295
frame_ko_409.0_409.12,0.853205064401692,0.0,-0.2960569602393145,402.49934377720865,358.4924847572355,44.00685901997315,22.587814054276237,13.687025212128702,8.900788842147534
frame_la_409.12_409.28,19.42031845427573,0.0,-0.004319033178200837,397.01608095535124,353.5583608461584,43.45772010919285,13.624142015017526,5.280113818982983,8.344028196034543
frame_ri_409.28_409.38,17.307014282393283,0.0,-0.017433777321292775,395.2542390538321,353.8180014150365,41.4362376387956,11.309343695487115,4.10748724905045,7.201856446436665
frame_da_409.38_409.61,31.370247057077705,0.0,0.5371513367891896,394.8680874004071,348.5648867192406,46.303200681166516,13.762098842735128,4.715318279836083,9.046780562899045
frame_dZi_409.61_409.74,21.221415110394503,0.0,-0.5918308616925193,376.4864896799506,334.48920670041787,41.99728297953271,663.5503222415493,499.6452220180546,163.9051002234948
frame_ko~_409.74_409.82,39.55798571530809,0.0,-1.181870666727406,397.95513903346495,355.460857865413,42.49428116805194,7.048520211509356,4.555350931361659,2.493169280147697
frame_mu_409.82_409.88,70.5061139547357,0.0,-0.5689353011197329,399.10143540000666,358.22582315008276,40.875612249923904,13.828032634684746,5.454457221466839,8.373575413217907
frame_E_409.88_409.92,61.02809808999419,0.0,-0.7090420214422269,383.256966315824,345.368309138782,37.888657177042035,17.701399873442597,9.396191927864948,8.30520794557765
frame_ki_409.92_409.98,65.38619806754437,0.0,-0.5918308616925193,373.4307850744274,335.60769088978225,37.82309418464513,16.696727676184707,11.74585721205267,4.950870464132038
frame_vo_409.98_410.05,31.03286846263734,0.0,-0.6813105687556024,400.51763533311544,357.2794554683908,43.23817986472466,5.150397079434242,1.807766581972345,3.342630497461897
frame_se_410.05_410.2,17.074953921303518,0.0,-0.4804393314089747,398.02690248550186,354.1015162423354,43.925386243166486,28.35072063191052,12.553800973842499,15.79691965806802
frame_Sa_410.2_410.35,1.171014766859713,0.0,-0.9518921806197874,399.6962313539289,354.2605659089885,45.43566544494041,28.441630211438962,18.790499439603764,9.651130771835199
frame_ma_410.35_410.56,41.63342339495807,0.0,0.5371513367891896,398.1403070619639,353.02042413344253,45.11988292852135,105.7578585597436,34.617893508600275,71.13996505114332
frame_ri_410.56_410.64,89.15154375233864,0.0,-0.448231590600529,375.5056278154242,336.0240393315188,39.4815884839054,126.44677679650522,76.71425952498875,49.732517271516464
frame_a_410.64_410.73,135.37389620645519,3.519999999999982,-0.1396866256690866,375.25184471423495,335.3674013577708,39.884443356464146,1.6987567856284187,0.9667618529984452,0.7319949326299735
frame_O_414.25_414.38,20.672995093209323,0.0,0.18561277661301773,408.0401711297361,363.4379107814539,44.602260348282186,16.358194855988074,6.615830891845604,9.74236396414247
frame_La_414.38_414.52,39.88330733601143,0.06999999999999318,-0.2750542181615113,388.2355819664442,347.31985428011046,40.91572768633375,4.987598742033072,3.7043728254167263,1.2832259166163453
frame_ew_414.59_414.78,44.74643713975624,0.0,-0.08045016376559877,406.2631231997284,360.5637565943506,45.699366605377804,21.562946543130636,10.11719670421445,11.445749838916186
frame_a_414.78_414.95,38.06510687642967,0.0,0.9432541142649248,400.8161253847864,356.67941098954964,44.136714395236766,76.95837423785451,34.86459006269831,42.0937841751562
frame_Su_414.95_415.12,36.31085589847922,0.0,-0.40046127327176784,381.0572053866232,336.69470112704016,44.362504259583034,223.70027988412957,80.4143424139686,143.28593747016097
frame_ki_415.12_415.21,20.740872758559476,0.0,-0.5918308616933357,393.06345075863106,350.77894437065805,42.28450638797301,7.95900589188841,6.4617780475008715,1.4972278443875382
frame_ajs_415.21_415.36,43.31394848334418,0.0,-0.681156995636477,387.98564066826214,346.2413351304499,41.74430553781224,13.908893396551832,8.054074626859602,5.85481876969223
frame_pe_415.36_415.48,36.5644069305724,0.0,-0.08045016376673561,395.31244811668677,352.48787140799453,42.824576708692234,30.820896234929904,20.107367745166556,10.713528489763348
frame_so_415.48_415.71,19.160515018283235,0.0,-0.2960569602393145,397.59257915919136,351.1329575857003,46.45962157349112,46.2976664374344,21.130639130679327,25.167027306755074
frame_as_415.71_415.88,46.89402169618589,0.9700000000000273,0.40178374429753433,396.35733753746115,353.20329353585066,43.15404400161049,19.269556785700246,11.848294446792352,7.421262338907894
frame_se~j~_416.85_417.16,18.712767431425647,0.0,0.3513858932327576,399.05446999826984,351.96830899535433,47.0861610029155,57.92846943149485,26.039635804095667,31.88883362739918
frame_a_417.16_417.27,21.816787751660314,0.0,0.1310485593134544,387.13027934708975,347.5418219341883,39.58845741290145,13.904240106140719,8.093374467551854,5.810865638588865
frame_se~j~_417.27_417.51,46.310373153529724,0.0,-0.24463574845253125,401.6560780397167,353.0521298209454,48.60394821877122,21.59874430995916,6.578715467362542,15.020028842596616
frame_a_417.51_417.54,15.61486898068631,0.0,-0.9518921806197874,383.62666380642406,344.6676529458618,38.95901086056227,5.985547744992914,3.9387566982372277,2.0467910467556862
frame_es_417.54_417.7,5.071379295621227,0.0,-0.28044474758785515,393.14416110755474,349.821997385266,43.322163722288735,14.200013420957106,7.788504974140238,6.4115084468168675
frame_ko_417.7_417.83,27.231790983990578,0.0,-0.2960569602393145,392.4458535142218,348.8505814617225,43.5952720524993,9.122309074883162,5.020502076047677,4.101806998835485
frame_la_417.83_417.99,39.61202921056878,0.0,0.26641615180587913,389.5635044283542,347.7569745466486,41.80652988170556,11.377507377938343,7.301002464438369,4.076504913499974
frame_ri_417.99_418.12,68.00880046377333,0.0,0.2697647648651368,383.02631826851723,342.60653683930025,40.41978142921704,109.88310323186039,52.77634948704957,57.10675374481082
frame_da_418.12_418.48,7.299817549836348,0.0,2.5676652241663267,403.2970468419187,353.44926735348156,49.84777948843714,186.29828393797948,44.15411920337249,142.144164734607
frame_dZi_418.48_418.54,26.983978221762328,2.589999999999975,-0.5918308616925193,383.8881791529893,343.4623698728242,40.42580928016514,5.6898537732742795,3.8278134644325235,1.862040308841756
frame_ko~_421.13_421.26,44.36920986945293,0.0,-0.8740712944239756,406.14618270771024,360.86771219909315,45.27847050861709,10.224793040114662,4.668884785180637,5.555908254934025
frame_mu_421.26_421.34,30.308139939785605,0.0,-0.5689353011197329,404.9895362990705,362.4640702159236,42.52546608314691,15.204144717890301,8.332489182048164,6.871655535842137
frame_ew_421.34_421.42,7.104046290648597,0.0,-0.6804339152300942,397.39049262497645,356.6881169720857,40.70237565289074,17.5057318649784,10.83949757071872,6.666234294259681
frame_Sa_421.42_421.59,1.271012210462061,0.0,-0.6811569956372465,401.1711814434199,355.4959221499453,45.67525929347465,48.13524502559983,27.2010552138035,20.93418981179633
frame_ma_421.59_421.76,26.860038580914562,0.0,0.13104855931422388,399.54988478677797,353.873641387977,45.67624339880098,15.23623044791799,10.294683765128582,4.941546682789408
frame_ri_421.76_421.91,5.368682862129418,0.0,0.4133640359579434,400.2259538487656,355.9738264985403,44.252127350225294,25.217386442427795,8.111340893269727,17.10604554915807
frame_a_421.91_421.95,14.219722200061256,0.0,-0.8165245881289017,391.8574567397634,352.8447864309794,39.01267030878398,0.2411217577420075,0.17951613541848133,0.06160562232352618
frame_ajs_421.95_422.27,25.85699257685991,0.2599999999999909,-0.1396866256690866,392.5580834422488,346.1044348635819,46.4536485786669,12.540997272666544,7.650947802269712,4.890049470396832
frame_da_422.53_422.67,26.93138522441214,0.0,-0.2750542181607418,403.61944292950216,359.0200598409534,44.599383088548734,12.493317936616222,7.609382972202752,4.88393496441347
frame_ri_422.67_422.75,11.408354962598537,0.0,-0.4482315905997127,401.81496907678445,358.8943700210086,42.920599055775824,24.70214196090714,7.65550412682623,17.04663783408091
frame_a_422.75_422.78,10.238580872667143,0.0,-0.9518921806205569,386.6310943436297,347.13349277337034,39.49760157025935,1.6448201303398093,0.9257563852600583,0.719063745079751
frame_u~_422.78_422.89,35.95491551762581,0.0,-0.12964581012979354,408.0859637033578,363.08614791471905,44.99981578863873,18.91912564624093,13.065317025363441,5.853808620877487
frame_no~_422.89_423.11,21.08800393353988,0.0,0.9727249393931073,405.25908905518816,359.78766699999295,45.471422055195205,35.12191505404874,16.363299195387214,18.75861585866153
frame_mi_423.11_423.18,55.53631829650331,0.0,-0.4482315905997127,390.2857246067401,349.42710049737707,40.85862410936301,8.42181645757583,6.014327178806582,2.4074892787692477
frame_a_423.18_423.21,62.76364242714121,0.0,-0.9518921806205569,370.48425767972816,331.09970163767264,39.38455604205552,0.9241034356953435,0.4125841636061125,0.511519272089231
frame_si~_423.21_423.31,56.945348778141636,0.0,-0.4481125912338719,400.95971430745715,356.99274301516743,43.96697129228966,24.042845003209436,15.194694800176023,8.848150203033413
frame_E_423.31_423.43,18.7941168418252,0.0,0.1408026709248124,403.178948999906,359.9820060082198,43.19694299168623,54.964909455775796,15.010616466469742,39.954292989306055
frame_ki_423.43_423.53,91.68046927314543,0.0,-0.448231590600529,405.82399502938665,365.10564780403104,40.718347225355615,182.8360535264265,51.287505518795115,131.54854800763138
frame_pro_423.53_423.69,150.9980944643708,0.0,-0.10343015598117057,411.2394154358402,366.10075262010906,45.13866281573115,85.10267375028502,12.18961519424812,72.9130585560369
frame_fi_423.69_423.75,35.17374131380001,0.0,-0.5918308616933357,397.9635077773647,356.1902119146945,41.773295862670295,4.254064167353022,3.00491209381903,1.2491520735339918
frame_so~j~s_423.75_423.91,106.01966509221944,0.0,0.0,400.1178862776606,353.9233150121776,46.19457126548298,10.44725122798792,3.4359321529110503,7.0113190750768695
frame_ki_423.91_424.33,0.44176102615730883,0.0,-0.4123722359701422,402.7972150064414,349.6885543068442,53.10866069959718,115.02260687452525,67.90254942805822,47.12005744646703
frame_pro_424.33_424.47,97.04228844899694,0.0,-0.48868376449745843,404.85482891936016,360.43806585146507,44.41676306789509,28.57605642680295,8.576466270435674,19.999590156367276
frame_fi_424.47_424.53,90.06219831868145,0.0,-0.5918308616933357,375.6825549027451,338.1635950496384,37.51895985310671,4.924826660755571,2.609300237298953,2.3155264234566175
frame_so~j~s_424.53_424.63,494.0383751874758,0.0,0.0,384.9864387354767,344.8117288077323,40.1747099277444,151.9142550980198,81.13025002607856,70.78400507194124
frame_E_424.63_424.86,16.95485619361412,0.0,-1.181870666726531,402.92191572359263,356.4536242404174,46.46829148317522,120.6581063456826,72.23098082287348,48.42712552280912
frame_las_424.86_425.01,43.35033142439866,0.0,-0.4104218106531665,398.4946773593106,354.7584195881731,43.736257771137446,17.012247826403353,6.837463435496204,10.17478439090715
frame_e_425.01_425.1,43.03247222656245,0.0,0.3195390038766403,398.1477268012775,354.8156590740803,43.33206772719717,8.157556259152386,4.575966363856537,3.581589895295849
frame_zeX_425.1_425.37,85.47680013426415,0.0,0.9195227553399989,393.4133123637308,348.05721906572734,45.356093298003486,95.62607413230212,40.13554459109602,55.4905295412061
frame_se~j~_425.37_425.48,11.5362834358925,0.0,-0.9896628005608363,402.6701861709382,358.7026370064289,43.96754916450931,4.16163017532034,1.8866824489828673,2.274947726337473
frame_des_425.48_425.6,73.41828495006024,0.0,-0.8804284990512138,389.19533894519765,347.9128550294814,41.28248391571623,99.48705805064246,53.091559977197534,46.39549807344493
frame_kuw_425.6_425.8,42.16717111790115,0.0,0.10496081026925415,406.4295587464044,361.49924650700575,44.93031223939863,148.37468057876984,95.60383447982133,52.77084609894851
frame_pi_425.8_425.86,5.853759166630681,0.0,-0.5918308616925193,402.55937307375837,359.54389200150257,43.015481072255795,6.994261556635934,5.708390515818053,1.2858710408178808
frame_a_425.86_425.89,126.97940004026371,0.0,-0.9518921806205569,385.83827051404654,344.4325218854082,41.40574862863832,10.178814224981238,6.246140445594932,3.932673779386306
frame_peR_425.89_426.06,2.3442160121470863,0.0,-0.6804339152312311,412.2277668525235,366.1844107402899,46.04335611223365,36.338703318625846,24.037137280345206,12.30156603828064
frame_gu~_426.06_426.19,10.3896798909158,0.0,-0.2802523201013161,408.01276142487086,363.0031681318046,45.009593293066246,32.329994385391416,9.38493476925268,22.945059616138735
frame_ta_426.19_426.39,5.2649044240430385,0.0,-0.2750542181615113,408.6506704854516,360.6568060935598,47.993864391891805,40.86086633176981,12.530421511169749,28.330444820600064
frame_foj_426.39_426.56,39.05159124906197,0.0,0.6670770610514051,404.1891493886757,359.48445284865704,44.70469654001863,24.75544774069246,17.205335994424445,7.550111746268016
frame_fej_426.56_426.74,33.97507481249056,0.0,-0.28044474758785515,397.3954300881034,353.6632876652147,43.73214242288873,78.33454972622172,63.84592857599711,14.488621150224617
frame_ta_426.74_426.81,16.884644869541575,0.0,-0.9518921806197874,386.188488487368,345.1086562293514,41.07983225801655,18.940288026539832,7.660713428535843,11.27957459800399
frame_maw_426.81_426.9,22.042151650601454,0.0,-0.9518921806197874,396.72927100470343,353.2629685396716,43.466302465031845,7.752578954728705,1.4110615315170776,6.341517423211627
frame_fej_426.9_427.01,11.380430103024025,0.0,-0.4804393314089747,384.4030060858106,343.6523554168796,40.75065066893103,17.920847319222617,8.001980034556027,9.91886728466659
frame_ta_427.01_427.07,0.3599169066359025,0.0,-0.9518921806205569,376.65606414548864,337.0771871272841,39.57887701820454,12.606617302744013,5.55589163105509,7.050725671688923
frame_ki_427.07_427.16,34.93743130957313,0.0,-0.30463231950690606,407.23309969735385,364.35999996312523,42.87309973422856,64.53078837035517,27.973644525241923,36.557143845113245
frame_pro_427.16_427.29,78.6283888020958,0.0,-0.48868376449745843,409.68883461973553,365.40122153577056,44.28761308396497,52.4044567665519,10.214551575195003,42.1899051913569
frame_fi_427.29_427.35,75.34933535223803,0.0,-0.5918308616925193,385.0429273591822,344.0768498252391,40.96607753394312,25.845609265431676,4.34790534044555,21.497703924986126
frame_so~j~s_427.35_427.44,60.33952817530718,0.0,0.0,396.7302456215193,352.60625576558334,44.123989855935974,642.7912549051496,436.7165368480202,206.07471805712936
frame_e_427.44_427.68,39.055958414207396,0.0,-1.181870666726531,409.52262182849176,360.7316909524581,48.790930876033656,139.99621173583685,83.42527435475085,56.570937381086
frame_zeX_427.68_427.91,37.12659335723808,0.0,1.1195173391611184,400.00887399028517,355.02308268816194,44.98579130212323,30.74311491588469,14.508029876082446,16.235085039802243
frame_se~j~_427.91_428.03,42.18172207006475,0.0,-0.9896628005608363,393.630844754984,350.9587660998925,42.672078655091525,28.35570472335138,10.76404496500075,17.59165975835063
frame_E_428.03_428.06,51.898079770562106,0.0,-0.8152726079880314,362.8303650647589,324.63640718879697,38.19395787596193,9.638833375959393,2.8242798328241463,6.814553543135247
frame_sas_428.06_428.09,181.37730011724057,0.0,0.0,358.9660295463399,320.5182473620961,38.447782184243806,0.6028268864999973,0.3224333536792727,0.28039353282072454
frame_pe_428.09_428.29,51.320227732797065,0.0,-0.8165245881281322,391.37972652003293,347.37489833349,44.00482818654291,14.42743444123073,7.410280437518082,7.017154003712648
frame_so_428.29_428.53,173.2061996335172,0.0,0.28182345253511726,387.4075475428185,341.0200997448455,46.38744779797304,22.225449592892545,11.57592058355256,10.649529009339986
frame_as_428.53_428.63,68.65805607178035,3.009999999999991,-0.4104218106523971,380.2501747992475,341.06912510824384,39.181049691003636,13.089748637503732,8.89084534411495,4.198903293388781
frame_pro_431.64_431.85,2.0237636041870246,0.0,0.47445025679435615,403.4263170942387,357.81696524381414,45.60935185042456,25.308411315853505,11.364788579446895,13.94362273640661
frame_fi_431.85_431.95,10.832511045820581,0.0,-0.5918308616933357,386.1073097653388,344.2287545956785,41.87855516966033,31.473426251097465,14.140715485109013,17.332710765988452
frame_so~j~s_431.95_432.09,49.31327707499986,0.7700000000000387,0.0,397.36865162846675,352.36881099803554,44.99984063043121,17.16646901278466,9.418729402384315,7.747739610400345
frame_poX_432.86_433.01,37.498547246976614,0.0,-0.48868376449745843,404.4050979662505,360.02622492297326,44.378873043277224,12.923989212543574,10.21483959381095,2.7091496187326243
frame_e_433.01_433.08,32.93056549971368,0.0,-0.08045016376673561,403.8107836060864,361.76998856323814,42.04079504284823,6.448171089390769,4.370415298550256,2.077755790840513
frame_ze~_433.08_433.32,18.475443387661784,0.0,0.649396714075402,398.37840327314615,350.9496308177075,47.42877245543866,59.1100290032534,28.86379131607569,30.24623768717771
frame_plu_433.32_433.45,28.097618892536218,1.7200000000000273,-0.06351321757775319,373.1159415445388,330.917006791653,42.198934752885805,15.286916679741779,7.43371173032034,7.853204949421439
frame_li_435.17_435.3,16.417657051654146,0.0,-0.017433777321292775,405.0538253074014,361.19348203543586,43.86034327196552,24.725199683076653,8.230747910783663,16.49445177229299
frame_Sej_435.3_435.65,2.1853736912132433,0.0,1.5195065068033575,402.0060411127044,351.56034591220913,50.445695200495265,49.865256784128405,33.96047862253204,15.904778161596369
frame_ru_435.65_435.83,18.895593146037527,0.2599999999999909,1.4527530330462706,386.2817251049894,342.9007703840231,43.380954720966315,15.517596267061634,10.838078434965638,4.679517832095996
frame_bo~_436.09_436.24,273.02888052182107,0.0,0.04932682248456592,399.7870294868482,356.1794723987373,43.60755708811092,588.7231400750567,307.4768553042377,281.246284770819
frame_a_436.24_436.37,5.396715370313132,0.0,0.40178374429753433,397.58261453999177,355.09985624916277,42.482758290829,10.148954429252512,4.743430630667831,5.405523798584682
frame_tu_436.37_436.49,22.319264904074032,0.0,-0.06351321757775319,407.2436529021567,362.5336086881479,44.7100442140088,27.345625940269258,16.426079013427994,10.919546926841264
frame_aw_436.49_436.55,11.48394413043826,0.0,-0.9518921806205569,404.10253950280867,362.5951663112206,41.5073731915881,1.3015856003542297,0.4853647958543945,0.8162208044998351
frame_me~_436.55_436.91,47.916246436411626,0.0,2.4374616391338098,394.77942831758946,345.9385730571893,48.84085526040019,155.8257620013601,60.71827249988121,95.10748950147888
frame_tSi_436.91_437.07,49.017872819642605,1.509999999999991,-0.1610330484140994,369.80499878596896,329.25372021209745,40.551278573871514,153.1610472355751,58.70125142843611,94.45979580713899
frame_va_438.58_438.73,50.99407382321749,0.0,0.13104855931422388,405.8384823907165,361.62150328727745,44.21697910343903,31.78668097411702,15.740929523050568,16.04575145106645
frame_Re_438.73_438.87,17.60515824969113,0.0,0.7195281715188794,408.4430472758833,363.67132835590985,44.771718919973466,42.88711318086527,14.33168065063893,28.55543253022634
frame_doX_438.87_439.08,10.53693095389741,0.0,0.28182345253511726,403.87181398792956,357.8911032757761,45.98071071215344,23.544086057199024,9.897861015124931,13.646225042074093
frame_dZi_439.08_439.27,8.756324390736154,0.0,1.2749596625147832,397.8366881045819,353.1806977782091,44.65599032637283,28.912734616264288,14.796888056244228,14.11584656002006
frame_Ru_439.27_439.53,10.260912242345114,0.0,2.4635972001292723,400.93618387486623,351.15344295095264,49.78274092391359,16.3859697850298,10.127234966197449,6.258734818832352
frame_a_439.53_439.66,17.02423739345042,2.0499999999999545,0.4017837442983038,391.6438131951114,349.7599449387157,41.883868256395715,2.249237988614567,1.1962805254354976,1.0529574631790695
frame_seR_441.71_441.92,82.92559357103872,0.0,0.5195335876977598,408.37596754217077,362.3971662879221,45.978801254248594,67.63870376484061,23.969119832781473,43.66958393205914
frame_ve~_441.92_442.12,26.523072048166455,0.0,0.7984021244967242,403.31094934501573,358.9404303832631,44.37051896175262,42.51258456757739,20.421127708947097,22.091456858630295
frame_tSi_442.12_442.24,19.632178515542478,0.0,-0.30463231950690606,396.50628582296395,353.2146077806232,43.29167804234072,35.03589591231153,16.805457831794797,18.230438080516734
frame_dZi_442.24_442.31,104.5869551057294,0.0,-0.5918308616925193,385.36757130490105,344.12932697965886,41.23824432524219,1.4167114930894655,0.7197274576391663,0.6969840354502992
frame_es_442.31_442.46,382.71056321268907,0.0,-0.8804284990523507,386.6686976465337,344.1526612008473,42.51603644568638,523.8299291451114,137.940681526724,385.88924761838734
frame_kO_442.46_442.74,6.522343056699782,0.0,1.2962956818294245,409.71405975833665,359.3750861932351,50.338973565101526,49.620628778441414,33.38557624206558,16.235052536375832
frame_la_442.74_442.89,7.645903729100809,0.0,0.13104855931422388,394.8133522902533,352.82913404187406,41.98421824837925,8.044567746418068,2.670861688374316,5.3737060580437515
frame_ki_442.89_443.05,6.648270850739323,0.0,-0.5918308616925193,402.0338915862697,355.41692970497644,46.616961881293264,15.1600404147392,8.618492925658927,6.541547489080273
frame_E_443.05_443.1,18.159553004045165,0.0,-0.6028114348964225,400.7786645548303,358.40405090535114,42.37461364947916,2.4013183594201735,1.5849696358476422,0.8163487235725313
frame_u_443.1_443.19,21.274679739208466,0.0,0.44190886596326884,382.9955334259203,344.1401642518567,38.85536917406364,1.7881616523306434,1.0076513990616434,0.780510253269
frame_ko~_443.19_443.49,4.089124636566652,0.0,1.5883236839990933,396.169789707657,349.322140950924,46.84764875673301,150.85388780317314,122.15026629460192,28.703621508571217
frame_ki_443.49_443.6,11.95698686025412,0.0,-0.5918308616925193,398.2258046244157,355.14904339759795,43.07676122681772,3.3797440477462715,2.572751622729214,0.8069924250170573
frame_ew_443.6_443.67,13.640044704514679,0.0,-0.8804284990523507,400.3298735487682,358.10344023752714,42.22643331124107,7.811253510997659,5.920559152724252,1.8906943582734073
frame_te~_443.67_443.8,5.136248095992613,0.0,-0.9896628005599893,401.6497988983872,357.3293174351687,44.32048146321847,22.36575999167644,9.249421130398645,13.116338861277796
frame_Ju_443.8_443.91,13.15454882436228,0.0,-0.5689353011187752,402.6294584585034,359.46933643836473,43.16012202013866,11.279206523469156,6.296700187676379,4.9825063357927775
frame_maj_443.91_444.05,19.825117680211235,0.0,-0.9518921806205569,400.1539656391055,355.2633460921667,44.89061954693875,12.271609550610776,6.550481723223214,5.721127827387562
frame_OX_444.05_444.23,20.38650781410624,0.0,-0.13172519630569798,395.5403965556986,352.67874420191254,42.86165235378604,13.860592701422519,5.596239268904753,8.264353432517765
frame_ko~_444.23_444.45,5.4269184487219775,0.0,0.664925567089677,402.26092981996726,358.0014330396093,44.25949678035795,48.818702730789795,31.90192236800553,16.916780362784266
frame_ta_444.45_444.81,6.766869044172807,0.0,2.296930039182247,402.90842899259604,354.78004221951403,48.12838677308201,35.32214674262667,26.12058634775704,9.201560394869631
frame_tu_444.81_444.99,0.09712855051841984,0.4300000000000068,0.9473309495052484,393.6621617018936,350.6079942310427,43.05416747085087,30.600095176902613,22.384230227008942,8.215864949893671
frame_i_445.42_445.48,0.4661244051843596,0.0,-0.1610330484140994,398.8811270375374,356.9440461651991,41.9370808723383,20.851967959644554,11.20854484294162,9.643423116702934
frame_su_445.48_445.61,123.88502572833568,0.0,-0.5689353011187752,384.75332385497256,342.8053650290358,41.94795882593672,38.174663785503625,24.64250875899387,13.532155026509756
frame_e_445.61_445.68,0.12356950770072217,0.0,-0.08045016376673561,406.51788134207186,362.95867316008287,43.55920818198899,13.617542882175428,10.133573655469547,3.483969226705881
frame_lis_445.68_445.8,3.126704530754779,0.0,-0.448231590600529,402.99273447184737,360.66471956670796,42.32801490513941,16.90651023096882,11.670013307810507,5.236496923158313
frame_sa_445.8_445.92,12.003084171703819,0.0,-0.4104218106531665,406.2113336362623,361.41659554304846,44.79473809321382,38.269310992180436,24.38786648917747,13.881444503002967
frame_a_445.92_445.95,7.790342341614746,0.0,-0.9518921806205569,392.20927377808715,350.38345681440063,41.82581696368652,0.3030672080906811,0.20205993265992106,0.10100727543076005
frame_es_445.95_446.06,5.8537012340716785,0.0,-0.8804284990512138,386.99724325623527,346.25296643938094,40.744276816854324,8.420554158618302,1.2943109040235754,7.126243254594726
frame_ko_446.06_446.15,27.606290387764943,0.0,-0.8739373730148412,399.3182586022826,358.8506693826823,40.46758921960026,18.97598748492271,11.06922540199892,7.906762082923791
frame_la_446.15_446.27,0.5027378344260853,0.0,-0.2750542181615113,407.71706323961496,362.79239034483555,44.92467289477946,15.844288098855486,9.572869013235078,6.271419085620408
frame_ri_446.27_446.33,6.23591894392726,0.0,-0.5918308616933357,400.8405157735406,358.7638133074055,42.07670246613509,1.181924775597821,0.9638810683419194,0.2180437072559016
frame_da_446.33_446.48,5.762688193472172,0.0,-0.1396866256690866,405.8227054428122,359.5386690809499,46.28403636186232,17.952305747340972,9.161342492989178,8.790963254351794
frame_dZi_446.48_446.56,8.094037033122504,0.0,-0.30463231950690606,398.7829361618317,356.01808480724424,42.76485135458745,6.505272435074005,2.7610953450221984,3.7441770900518065
frame_de_446.56_446.68,6.785118791898867,0.0,-0.4804393314089747,406.3756566114107,362.2352075785045,44.14044903290625,26.681462272557923,6.459969210786539,20.221493061771383
frame_lis_446.68_446.84,11.209794934704576,0.0,-0.1610330484140994,398.22800425539043,354.4293738953107,43.798630360079756,20.94349232272552,8.629099633931872,12.314392688793646
frame_E_446.84_446.93,15.656443672317266,0.0,-0.1778890887126009,404.9722276953842,360.7081197442271,44.26410795115714,14.652216348487798,11.294403544104796,3.357812804383002
frame_mi_446.93_447.18,14.32325566916768,0.0,0.7005625781435567,407.80919141456815,358.8130762971027,48.99611511746542,14.764974811199352,7.245452822301814,7.519521988897537
frame_ni~_447.18_447.33,8.723038301163484,0.0,-0.6077848938573334,406.44410601091386,360.19005870370864,46.25404730720521,7.903602969985144,3.4002337357363217,4.503369234248822
frame_ma_447.33_447.52,3.6435472216596168,1.670000000000016,0.1310485593134544,400.4047490715692,356.16066291425193,44.24408615731727,9.326168025915678,3.7349442487978024,5.591223777117875
frame_maw_449.19_449.51,50.47329866960476,0.0,0.5371513367891896,410.88735793850094,360.0029804698799,50.88437746862104,409.55970933458184,348.2599686597608,61.29974067482107
frame_e_449.51_449.67,16.842761406642722,0.0,1.7195010906256138,408.59447367776045,363.65719249102614,44.93728118673431,116.66226347482079,25.69800536310973,90.96425811171106
frame_li_449.67_449.76,3.029016268235779,0.0,-0.5918308616933357,400.9806243056232,357.19315172672844,43.78747257889478,11.987924744648296,4.063367603217387,7.92455714143091
frame_na~w~_449.76_449.93,2.2487225574799936,0.0,-0.8746493846262117,401.4046287895852,355.42539461310696,45.9792341764782,3.8936118135100344,2.7888972977270043,1.10471451578303
frame_i~_449.93_449.96,15.509046551545907,0.0,-0.9271294991051637,386.42920572644533,345.85647021584737,40.572735510597965,2.465248763140778,1.7368973844890547,0.7283513786517233
frame_klu_449.96_450.11,2.925198335708245,0.0,-0.5689353011187752,400.46241924591095,355.571588281107,44.89083096480397,29.25657164734065,4.966080289643372,24.290491357697277
frame_zi_450.11_450.27,9.50551880784056,0.0,0.12616549377151387,406.3348594686758,360.85402859809716,45.48083087057864,52.24827152580727,24.30178456894842,27.94648695685885
frame_vi_450.27_450.36,2.4792416071407786,0.0,-0.1610330484140994,404.06910427036235,359.60080770322656,44.46829656713578,9.291400702658905,4.8114175366689835,4.479983165989921
frame_e~ni_450.36_450.64,16.33318105242668,0.13999999999998636,-0.9896628005608363,402.95707064200013,356.1594333678171,46.797637274183046,25.53109439392952,14.65325954681461,10.877834847114912
frame_a_450.78_450.82,34.38864355845496,0.0,-0.8165245881281322,381.79906349532075,342.74158940881,39.05747408651081,4.4797419356076205,2.4559932622402414,2.023748673367379
frame_tE_450.82_451.06,49.70846941713634,0.0,-0.17788908871320475,410.7421342775658,361.5500732126507,49.192061064915094,35.823417488345456,22.91457693786623,12.908840550479226
frame_nujs_451.06_451.22,2.450771114399771,0.0,-0.5689353011187752,404.0930624920019,359.0779887219343,45.015073770067545,36.40125796531797,21.938431807433886,14.46282615788408
frame_li_451.22_451.36,4.945045817331078,0.0,-0.30463231950690606,404.93998585832384,360.3625908866933,44.577394971630554,29.705948738337298,10.594742929844728,19.11120580849257
frame_vrus_451.36_451.48,14.892758057663826,0.0,-0.5689353011197329,400.8180921143889,356.74824714101265,44.069844973376235,6.494624134302711,3.676379132123202,2.818245002179509
frame_dZi_451.48_451.61,10.458731856967205,0.0,0.4133640359579434,401.1886088869624,359.2622870767941,41.926321810168304,9.900088114974324,4.951591324541766,4.948496790432557
frame_po~_451.61_451.82,6.954984014726222,0.0,0.3571261947871215,408.7580772452845,361.20683104518315,47.55124620010133,55.81366157983342,36.314790420863005,19.498871158970417
frame_tus_451.82_451.95,3.795445893609184,0.0,-0.40046127327176784,399.91740960379553,355.7692359803502,44.14817362344536,19.664208821530394,11.288125151993796,8.376083669536598
frame_e_451.95_451.98,9.691325806491221,0.0,-0.8804284990512138,389.52585184538816,348.1551482233474,41.370703622040764,1.267928532838937,0.6987688618212928,0.5691596710176441
frame_lis_451.98_452.11,19.871761198657367,0.0,-0.5918308616925193,398.9286962771864,356.31138470563104,42.617311571555376,13.398352960754579,7.798760148999634,5.599592811754945
frame_na~w~_452.11_452.38,53.330197111484466,0.0,1.2398174959832313,409.02018785908257,360.5670760332126,48.453111825869996,69.45617598299717,26.253427993148364,43.2027479898488
frame_ko~_452.38_452.54,9.390495519235145,0.0,0.3571261947871215,401.3962772192391,356.4457489926857,44.950528226553445,29.81810068974346,22.144348043365113,7.673752646378347
frame_se_452.54_452.74,28.057041233655212,0.0,0.11954442005438394,408.35581500582316,360.48209346879094,47.873721537032225,137.19513933765143,51.54267453814444,85.65246479950697
frame_ge~j~_452.74_452.87,143.55359162744094,0.0,-0.9896628005608363,398.1361202103943,354.3549822244659,43.78113798592841,4.7831790208695395,2.340332632431867,2.4428463884376725
frame_a_452.87_452.9,14.89236574093664,0.0,-0.9518921806205569,372.2967122735489,331.6644698144288,40.63224245912011,7.288764519824355,4.474831575437207,2.8139329443871475
frame_si~_452.9_453.01,41.37532921353832,0.0,-0.6077848938573334,397.75377693100035,353.7180089914475,44.03576793955284,152.25251840169264,46.26171379610432,105.99080460558832
frame_naX_453.01_453.23,20.91578319494849,0.0,0.26641615180587913,401.7881089525113,353.80866000676855,47.979448945742774,12.277222984480204,6.412784982598396,5.864438001881808
frame_u_453.23_453.35,18.17537910124875,0.0,0.9473309495052484,404.3326037839257,359.4140850700579,44.9185187138678,16.581950559783053,10.308186451741165,6.273764108041888
frame_nu_453.35_453.56,6.464808946765885,0.0,1.4527530330462706,405.27813509242486,358.61098673050793,46.66714836191693,18.682062715713784,5.395855120698457,13.286207595015327
frame_u_453.56_453.61,9.347602894420561,0.0,-0.2319872454247605,385.7854245341184,346.5669424148743,39.21848211924413,52.612185510059675,24.849794983641885,27.76239052641779
frame_prO_453.61_453.87,6.413447869504665,0.0,0.02694379015365987,408.22981178507064,361.2101150515438,47.019696733526814,27.86954267288047,14.937115955151938,12.932426717728532
frame_priu_453.87_454.02,2.4021478704304684,0.0,-0.5918308616925193,401.4390782116514,356.1926525881287,45.246425623522725,11.13227429581434,5.139921013885896,5.992353281928445
frame_no~_454.02_454.24,0.06830312569658759,0.0,0.5110258809383992,401.2256093852064,353.9896806046287,47.235928780577694,7.074177504605473,3.0675229500058094,4.006654554599663
frame_mi_454.24_454.44,6.400570700210494,1.2200000000000273,0.55696330705075,396.75959594862434,353.47050448553625,43.28909146308803,9.715080463332043,3.768189938533908,5.946890524798135
frame_na~w~_455.66_455.89,32.016655645468774,0.0,-0.3460326644736005,411.75608780069797,362.9868302112426,48.76925758945538,28.976242420226413,11.905359145806273,17.07088327442014
frame_si_455.89_456.09,15.003429405370952,0.0,0.12616549377151387,398.6557708478584,354.1781451828157,44.477625665042694,48.06464726591551,19.238607527862825,28.826039738052685
frame_ko_456.09_456.23,6.379089012451772,0.0,-0.48868376449745843,403.59102824902857,358.4357444447267,45.15528380430186,42.2234086558004,29.1291073209332,13.094301334867197
frame_mu~_456.23_456.39,10.462899159853976,0.0,-0.20494906511576885,407.45574728356604,360.2894235025097,47.16632378105635,4.447133246097394,1.6265961989670927,2.8205370471303013
frame_ni_456.39_456.57,3.0529261106448757,0.0,0.55696330705075,400.55903926412515,358.4353282064363,42.123711057688865,20.76672886716696,9.79482487614115,10.971903991025812
frame_ka~w~_456.57_456.72,0.4060479287945782,0.0,-0.87464938462521,403.61234274358793,357.38535723574984,46.226985507838094,20.991400097096374,13.398868299777547,7.592531797318827
frame_dZi_456.72_456.81,4.140020056748,0.0,-0.1610330484140994,403.3124392406879,360.51910800151165,42.79333123917627,7.040821741548228,2.573798330960784,4.467023410587444
frame_foR_456.81_457.21,2.283517503264335,0.0,1.0523306695698829,412.7850806502056,357.8636372154695,54.92144343473609,188.46578932654916,45.633090942804614,142.83269838374457
frame_ma_457.21_457.33,15.356127555015632,0.0,-0.681156995636477,403.30169091730215,359.25957038423314,44.04212053306901,4.646009276447899,2.589537946314067,2.0564713301338315
frame_ne_457.33_457.41,14.525187344805602,0.0,-0.8804284990512138,400.9125538403869,357.59309259261596,43.31946124777096,5.173744341709465,2.7113381405614803,2.462406201147985
frame_J_457.41_457.44,15.328013608656732,0.0,-0.8804284990523507,384.0576290787426,343.3973283690208,40.66030070972181,0.6121132883020266,0.37000430726888567,0.24210898103314094
frame_u~ma_457.44_457.88,12.234771099309796,1.2699999999999818,1.2258127796113414,400.5636043334348,346.6275023701138,53.93610196332099,5.768440362895234,2.5059182767594166,3.2625220861358173
frame_ajs_459.15_459.28,48.82049727885814,0.0,-0.681156995636477,397.4580850678323,353.1823924408028,44.275692627029514,30.810779278987923,21.073272315677116,9.737506963310807
frame_e~_459.28_459.34,14.724369964718278,0.0,-0.5426465692960226,393.8205063557618,355.272274069179,38.54823228658279,22.60735359381954,13.377700354993152,9.229653238826387
frame_pre_459.34_459.5,9.265385947776736,0.0,-0.4804393314089747,399.20962291195156,353.3888801596704,45.820742752281205,28.45815096105909,15.621111416840563,12.837039544218527
frame_ga_459.5_459.65,8.175121637118167,0.0,-0.2750542181615113,396.63758506773877,353.1341303748747,43.50345469286407,15.003642320817448,10.213799798690417,4.7898425221270315
frame_das_459.65_459.82,11.203957572391175,0.0,-0.5457894031448217,399.2691345047713,354.0236939380049,45.245440566766376,12.811721546798253,4.118608315051006,8.693113231747247
frame_do_459.82_459.94,4.0857319113557935,0.0,-0.10343015598117057,402.9481235373703,358.5225754369758,44.42554810039451,20.88192791326017,12.423221117322214,8.458706795937957
frame_mEs_459.94_460.23,5.236369791757255,0.0,0.3532638440164213,401.89404323645545,353.1970628904912,48.69698034596422,14.798003678141924,9.386389975052396,5.411613703089529
frame_tSi_460.23_460.34,132.19914532972297,0.0,-0.448231590600529,369.56390835884275,329.4242022168999,40.13970614194284,19.563952604640264,9.06717160249795,10.496781002142313
frame_kas_460.34_460.51,71.85374728915198,0.0,-0.8165245881281322,387.3816770406719,344.9935342678995,42.38814277277237,135.60766234820633,75.90664599271597,59.70101635549037
frame_ta~_460.51_460.66,51.11911712874854,0.0,-0.5222382378574703,393.94567669421343,350.44398197501454,43.501694719198895,129.10223648309895,44.29443783822907,84.80779864486988
frame_be~j~_460.66_460.96,10.027999390455278,1.5900000000000318,-0.24463574845337824,392.13742226310416,344.43384222835107,47.70358003475309,20.04050255728083,10.101671582851935,9.938830974428896
frame_e~_462.55_462.58,303.5638225221368,0.0,-0.9896628005608363,341.8876937966779,307.0777894927169,34.80990430396105,0.04654084720532836,0.028800168634752765,0.017740678570575596
frame_ta~w~_462.58_462.72,61.586246925920136,0.0,-0.87464938462521,402.72393560132696,357.91942868016554,44.80450692116142,51.19618427287929,28.490865157050678,22.705319115828615
frame_E_462.72_462.81,37.6964617789601,0.0,-0.17788908871320475,400.5562861780952,360.96313704258705,39.593149135508156,17.38391119716374,8.422785787962653,8.961125409201088
frame_sO_462.81_462.96,43.18680558719694,0.0,-0.4490631692253156,398.43230738421124,354.46148954649334,43.9708178377179,141.94988241672377,49.569265195744435,92.38061722097933
frame_E_462.96_463.11,43.66747768497203,0.0,0.45949443056282957,376.0994972831737,334.2684678756117,41.83102940756203,20.821387698205058,8.588087190061287,12.23330050814377
frame_sas_463.11_463.18,82.18873034271326,0.8199999999999932,0.0,363.24690500634017,327.2672676574965,35.97963734884365,5.524269144646496,2.5461942320520734,2.9780749125944226
frame_pro_464.0_464.3,84.75773091902028,0.0,0.08919664827697335,404.19957449675746,355.3552931912096,48.844281305547895,125.83541708053122,71.8293123449256,54.00610473560562
frame_fi_464.3_464.42,115.86582840746547,0.0,0.2697647648651368,402.23003702259587,358.8692244643039,43.36081255829197,112.29838552359723,44.94216538525632,67.35622013834092
frame_so~j~s_464.42_464.52,153.1693315253286,0.0,0.0,390.32611955858454,346.8986549131546,43.42746464542995,6.592653139167197,3.6348824841142573,2.95777065505294
frame_a_464.52_464.84,1.6538108138878442,0.0,-0.56627192212142,406.632945545146,358.61170229750337,48.021243247642644,49.17930556028119,22.356709257276464,26.82259630300473
frame_si~_464.84_465.09,19.037998297033027,0.0,1.4679550402485724,409.0672020497778,359.43728505117,49.62991699860777,61.78065677254193,43.176764051403325,18.603892721138607
frame_majs_465.09_465.52,64.18754459287595,0.0,1.07862170675658,400.9249949012942,348.3621093940785,52.5628855072157,72.01776189137976,24.884458087790165,47.1333038035896
frame_poX_465.52_465.64,68.63562263274017,2.509999999999991,-0.8739373730148412,372.48041592399306,332.73489260478567,39.74552331920739,20.00903443627459,7.869253912601323,12.139780523673267
frame_e_468.15_468.18,41.89120907672887,0.0,-0.8804284990512138,375.2529502904283,334.9961894524041,40.256760838024206,0.34305198075429644,0.2298561077960244,0.11319587295827205
frame_ze~_468.18_468.3,35.89071368371353,0.0,-0.24463574845337824,400.0221524758387,356.80157531711507,43.22057715872364,33.74525052419125,14.810062794254065,18.935187729937184
frame_plu_468.3_468.42,11.628164243788376,0.0,-0.40046127327176784,393.645355995784,349.88691596223964,43.75844003354433,57.506466522987324,30.44316131459604,27.063305208391284
frame_baw_468.42_468.63,14.014573720084343,0.0,-0.9518921806205569,401.05171265038024,356.2539966023424,44.79771604803784,25.600131361732338,7.374151402785287,18.22597995894705
frame_ko_468.63_468.8,102.30651171764245,0.0,-0.10343015598117057,405.97682759303024,359.5683192438731,46.40850834915716,523.4440001688981,413.6257728211248,109.81822734777325
frame_nis_468.8_469.18,18.253498862810915,0.0,1.8493567468876422,395.6633232227029,347.8393661151048,47.82395710759812,16.48215025115954,10.27181982326448,6.210330427895059
frame_ta_469.18_469.38,26.956557693579754,3.420000000000016,0.13104855931422388,390.9112302454974,347.3844961956232,43.526734049874165,167.68064582877426,29.416270108926454,138.2643757198478
frame_ow_472.8_472.86,19.134707069987797,0.0,-0.8739373730148412,387.1727872073441,346.81326369441445,40.35952351292963,18.25065810734921,5.403880764769411,12.846777342579799
frame_pe_472.86_472.99,25.508903996371487,0.0,-0.4804393314089747,399.8534855364259,356.63709147727525,43.21639405915067,35.40395839196668,21.416627038488826,13.987331353477856
frame_so_472.99_473.15,21.88087603383775,0.0,-0.8739373730148412,399.10572901571624,354.4460182101669,44.65971080554931,33.548156562550076,21.16707399627404,12.381082566276035
frame_as_473.15_473.25,4.563138496227907,0.0,-0.5457894031448217,395.96476411099536,353.66597297998555,42.29879113100981,10.08476195675658,6.319666706330935,3.765095250425645
frame_u_473.25_473.42,7.880325079918208,0.0,1.7897010887412428,381.63860319398003,340.69671265210775,40.94189054187228,32.145158429209374,16.516419280443955,15.628739148765419
frame_ki_473.42_473.59,6.735062776180939,0.0,0.12616549377151387,398.0689797170775,353.5409916166713,44.52798810040622,27.96221870702331,13.998259867615559,13.963958839407752
frame_Li_473.59_473.76,7.2852886881613586,0.0,0.12616549377151387,394.2576641387573,349.9721487767375,44.285515362019794,6.70695495757829,2.6919385895444066,4.0150163680338835
frame_seR_473.76_474.04,15.95925816024058,0.0,0.9195227553399989,410.7975184780841,361.1045616339817,49.69295684410241,42.60117251232532,30.006331105137463,12.594841407187857
frame_ve~j~_474.04_474.16,1.2920730330920662,0.0,-0.8406573901386671,403.04286703672636,358.5258241458213,44.51704289090509,6.804352506980905,3.2516685311839524,3.5526839757969526
frame_e~j~_474.16_474.23,15.277621282326464,0.0,-0.8406573901395141,395.12461203951864,353.6010280926892,41.52358394682943,15.677942852188806,4.03918448872102,11.638758363467787
frame_Res_474.23_474.4,13.747299182206433,0.0,-0.08045016376673561,394.9667999340995,352.46245506130947,42.50434487279,13.666096062279763,3.79943267314772,9.866663389132043
frame_taw_474.4_474.57,1.254253697292853,0.0,-0.8165245881281322,404.717397900152,358.0064332667984,46.71096463335357,17.38615484257801,11.428515251521333,5.957639591056676
frame_ra~_474.57_474.89,3.7830298525225317,0.0,3.3542843765906714,404.15784946781054,352.9181679077126,51.23968156009795,10.127733315288538,4.549265481057432,5.578467834231105
frame_tSi_474.89_475.17,54.3098008927621,1.079999999999984,-0.017433777321292775,391.2004690159232,344.46197817691154,46.73849083901172,145.89685055297014,64.86784582074026,81.02900473222988
frame_e~_476.25_476.37,15.925409671940088,0.0,0.3513858932327576,396.959556686105,355.1689608718151,41.79059581428987,3.5214402422881506,1.832592642741531,1.6888475995466194
frame_te~_476.37_476.72,6.247885768202309,0.0,2.735472459976454,400.98298190455137,350.8872794761747,50.09570242837668,104.72492399408716,57.07108107304677,47.65384292104039
frame_dZi_476.72_476.87,149.01823923864706,0.6599999999999682,0.4133640359579434,373.30166293305297,330.33382152919893,42.96784140385404,4.659853192062336,2.1174990449831483,2.5423541470791875
frame_sa~w~_477.53_477.74,0.735901318293088,0.0,-0.5222382378574703,406.86279325528824,358.62166673562757,48.24112651966067,20.010568296941187,10.605154794822738,9.40541350211845
frame_E_477.74_477.82,12.476820997362552,0.0,-0.28411967525900916,403.57301612454023,361.9363861267063,41.63662999783395,18.34659657012594,4.305588029865419,14.04100854026052
frame_sas_477.82_477.89,7.551696840433863,0.0,0.0,386.71161804449264,347.0212294321185,39.69038861237408,4.3609789475357275,1.952360604138505,2.4086183433972224
frame_pro_477.89_478.2,3.5746674566746606,0.0,-0.5457894031448217,400.0943042829817,352.33475347297184,47.75955081000984,50.21801399123075,23.15195198791713,27.06606200331362
frame_fi_478.2_478.29,0.5985375331476348,0.0,-0.4482315905997127,389.12108409189943,349.6464315696977,39.47465252220172,29.524180649361142,12.117032913741923,17.40714773561922
frame_so~j~s_478.29_478.45,4.4296202418878465,2.0,0.0,384.05406838999687,340.1448771765892,43.90919121340767,40.258478703622245,26.64930772057255,13.609170983049694
frame_majs_480.45_480.89,0.4114940003253764,0.0,0.6725189292808448,402.34625743434606,348.9479126549846,53.39834477936148,40.89684845380671,13.274883612551463,27.62196484125525
frame_se~j~_480.89_481.01,1.8066065374596576,2.490000000000009,-0.9896628005608363,375.1467270297766,333.5770869763386,41.569640053438036,11.259257663271939,7.374693632654527,3.884564030617412
frame_es_483.5_483.68,26.974500495627694,0.0,0.9195227553399989,402.7457833185846,358.20710179980165,44.53868151878288,21.53344855707192,12.24811155218299,9.28533700488893
frame_ko_483.68_483.77,9.143528244590641,0.0,-0.8739373730148412,408.81847934594765,366.0843130138566,42.734166332091036,22.21542940492327,14.868786621914865,7.346642783008406
frame_la_483.77_483.89,2.024549651288737,0.0,-0.2750542181615113,409.9690932092127,364.9157590970532,45.05333411215952,6.787830437861373,4.763763298577828,2.024067139283545
frame_ri_483.89_483.95,0.033618900454030154,0.0,-0.5918308616933357,402.72320141833154,360.94238446859924,41.780816949732355,27.378721029523433,11.896514489399976,15.482206540123457
frame_da_483.95_484.11,14.493905991476538,0.0,-0.004319033177431361,411.98395352700214,366.36201983265823,45.62193369434391,21.92784910796297,4.962780124282688,16.965068983680283
frame_dZi_484.11_484.19,3.5599444674194274,0.0,-0.4482315905997127,393.541240153783,354.5285622839499,39.01267786983311,20.89020847364725,5.954125482856341,14.936082990790908
frame_ki_484.19_484.31,37.61221852831102,0.0,-0.30463231950690606,404.5681028041913,360.12867849344696,44.43942431074436,76.68166026894596,26.397653868427312,50.28400640051865
frame_le_484.31_484.49,45.25253108972424,0.0,0.9195227553399989,408.7532518374175,363.6029863785615,45.15026545885598,18.978203539915285,3.882611495425806,15.095592044489479
frame_va_484.49_484.57,76.42055945860983,0.0,-0.681156995636477,404.52560491093163,364.6511438058876,39.87446110504396,9.761277047357055,2.711112114839352,7.050164932517703
frame_a_484.57_484.67,42.30734077548669,0.0,-0.004319033177431361,403.4684721929849,358.9999056784623,44.46856651452259,49.26537352547689,27.37371264393289,21.891660881544
frame_i_484.67_484.78,0.4936072883194811,0.0,0.5569633070499338,403.33915887032015,361.67623546729965,41.6629234030205,8.275238642861552,5.281075138501706,2.9941635043598467
frame_su_484.78_484.91,9.7661916517917,0.0,-0.5689353011187752,384.43308480165507,342.4624344248311,41.97065037682398,11.286426874366782,5.350834784524409,5.935592089842373
frame_nE_484.91_485.09,34.98542443386194,0.0,0.14080267092420856,401.5436568723519,358.12572560066826,43.41793127168364,19.26581169179198,10.863474574864568,8.402337116927413
frame_ki_485.09_485.18,24.304762765790542,0.0,-0.30463231950690606,409.70599758069807,366.12208148454,43.58391609615808,15.455386728230053,6.21745173222962,9.237934996000433
frame_na~w~_485.18_485.28,51.57185530714548,0.0,-0.87464938462521,409.83596375149364,366.55311147437214,43.28285227712149,45.09604487030771,22.84613249779278,22.249912372514927
frame_e_485.28_485.43,62.96425440186846,0.0,1.5195065068044944,400.52528011821255,355.0383609092435,45.48691920896903,128.31687450273876,62.517983361703955,65.7988911410348
frame_zi_485.43_485.69,3.713941928099871,0.0,2.280154560166062,409.9969188673111,361.2885709521391,48.708347915172,86.28293390696439,41.56320688754312,44.71972701942127
frame_Zi_485.69_485.89,25.61038692312377,0.0,0.12616549377151387,394.7915993565142,349.6647596274442,45.126839729070014,121.26403785002637,53.180057537658286,68.08398031236808
frame_da_485.89_486.07,84.04716274766912,0.0,-0.004319033178200837,400.267663770729,356.78561430014037,43.482049470588606,17.902376988189246,12.239626225040666,5.66275076314858
frame_pe_486.07_486.2,74.72455679876069,0.0,0.3195390038755035,396.81119065533744,353.62636530132147,43.18482535401597,18.720373317868507,12.0954769473515,6.624896370517007
frame_so_486.2_486.4,34.211429856544214,0.0,-0.4886837644985534,404.47748569955763,357.59412422252785,46.88336147702978,72.26501928802548,25.608266358898163,46.65675292912732
frame_a_486.4_486.59,29.487298752952256,0.2400000000000091,1.2139892992482353,408.1553752867116,364.28823580283,43.8671394838816,42.258665387926555,19.230458215302633,23.028207172623922
frame_poX_486.83_486.95,45.96161358172475,0.0,-0.6813105687556024,401.6463456188051,358.64009815159216,43.00624746721297,209.19493371303324,32.562304185506946,176.6326295275263
frame_ki_486.95_487.03,11.001364165908853,0.0,-0.5918308616933357,404.69902891943406,361.59690166324816,43.102127256185895,33.822867483681705,8.56456815511541,25.258299328566295
frame_E_487.03_487.06,8.60428414513683,0.0,-0.8152726079880314,397.6914623433189,355.1749122973458,42.51655004597308,3.3742145821940426,1.8665579546564004,1.5076566275376422
frame_u~_487.06_487.09,5.614471606949337,0.0,-0.7320718500150277,391.66326869841214,349.764765455036,41.898503243376126,13.556439471725014,6.960253215977048,6.596186255747966
frame_ma_487.09_487.25,0.4704764491859805,0.0,0.26641615180587913,407.11222042597825,362.6893080518343,44.42291237414395,16.6343646946097,8.171383741021828,8.462980953587874
frame_koj_487.25_487.41,4.721435584518304,0.0,-0.2960569602393145,410.2282678098987,364.4653985389068,45.76286927099187,23.94903885003066,12.760165363172007,11.188873486858654
frame_za_487.41_487.51,2.6631170299521614,0.0,-0.4104218106531665,404.42623268277686,361.5901174641626,42.83611521861428,14.988830428636732,5.479362690950836,9.509467737685895
frame_majs_487.51_487.72,3.281740547730408,0.0,-0.2750542181615113,405.6065608634083,358.3209649986617,47.28559586474654,16.828675376100534,8.28480060696387,8.543874769136664
frame_me_487.72_487.92,48.13068195618621,0.0,1.5195065068044944,407.93507423040455,364.2145825803551,43.72049165004944,58.74561336443412,22.041527667002526,36.704085697431594
frame_ka~_487.92_488.14,3.006845779822072,0.0,0.88740634921449,408.5534920028288,362.23791624608214,46.31557575674668,34.95783661919137,25.044925125988755,9.912911493202614
frame_ni_488.14_488.32,22.263008319121468,0.0,0.12616549377151387,407.02127646297936,362.60327029099346,44.418006171985894,16.178521881087903,8.056285686734952,8.12223619435295
frame_ka_488.32_488.5,15.495567694784938,0.660000000000025,0.26641615180587913,378.7826584255732,337.0855434320797,41.69711499349347,36.32650270123884,9.219094305054284,27.107408396184553
frame_E_489.16_489.21,16.10279569824013,0.0,-0.6028114348970264,400.5039170911857,360.33743590301196,40.166481188173805,0.8911734919689422,0.435979638049389,0.45519385391955325
frame_la_489.21_489.29,3.0228144485795383,0.0,-0.681156995636477,406.80344420597004,363.56989358748365,43.23355061848639,2.54904744406619,0.9818770105480894,1.5671704335181005
frame_na~w~_489.29_489.46,0.7981337208544517,0.0,-0.6984438112413401,401.742999706002,357.96477475127733,43.77822495472469,29.32751056919929,10.278563446060133,19.048947123139158
frame_te~j~_489.46_489.61,7.713997999215991,0.0,-0.5426465692960226,402.8296568619966,358.3995174574858,44.43013940451084,39.269117740206866,25.032478839891382,14.236638900315484
frame_ki_489.61_489.74,20.12709618772689,0.0,-0.017433777321292775,387.3986257074339,344.9134917150176,42.48513399241631,30.59820753293107,17.356873744159714,13.241333788771357
frame_ko_489.74_489.85,39.471035192922216,0.0,-0.48868376449745843,396.51306391630567,354.46280569102686,42.05025822527881,20.24541215940465,13.743004753736585,6.502407405668066
frame_mu~_489.85_489.98,35.28002847212613,0.0,-0.5814653400435051,399.0795547327477,354.23478989866663,44.84476483408105,19.242463155989185,9.679625617169734,9.562837538819451
frame_ni_489.98_490.2,35.34309738536345,0.0,1.2749596625147832,403.5530686558667,358.7793998076037,44.77366884826307,66.98135670554623,19.390579624674217,47.590777080872016
frame_kaX_490.2_490.7,15.892449913581657,0.2400000000000091,2.703032816657982,408.1511575335059,352.5879024338163,55.56325509968963,101.3268601565889,67.56938984378047,33.75747031280844
frame_E_490.94_491.01,2.8961135300153273,0.0,-0.39035026180481364,401.4877836258327,359.07221476320314,42.415568862629584,6.248103365273067,2.3865480655389604,3.861555299734107
frame_la_491.01_491.27,25.32195673375884,0.35000000000002274,1.7554596692148563,399.3633781052645,354.8408676260102,44.522510479254265,125.58817570708035,29.472706227927688,96.11546947915267
frame_e~_491.62_491.65,198.40656224148444,0.0,-0.9896628005608363,350.680259735361,313.3283001235106,37.35195961185042,5.8232641255712,2.8614950404151074,2.9617690851560923
frame_ta~w~_491.65_491.91,6.8858050544714615,0.0,1.4160230693660996,409.7596626013118,360.06047431371724,49.69918828759455,24.636184980418307,12.490760631252044,12.145424349166262
frame_u_491.91_491.94,0.9540719620796949,0.0,-0.5689353011197329,380.3280417753236,339.4733242038448,40.85471757147877,0.5198588560013491,0.3742203088885958,0.14563854711275326
frame_pe_491.94_492.05,45.275413210390184,0.0,0.11954442005438394,408.9738934905663,364.67855863154705,44.29533485901919,41.389090184297345,10.001120493030726,31.38796969126662
frame_so_492.05_492.17,77.37982233117862,0.0,-0.8739373730137463,410.6403055931818,365.11536469746125,45.52494089572053,31.954101368046963,8.648079167058995,23.306022200987968
frame_aw_492.17_492.26,81.19417792307297,0.0,-0.5457894031448217,409.5811154188965,365.2890449540648,44.29207046483168,23.230705116100353,10.081719240744974,13.148985875355379
frame_i~_492.26_492.29,33.768459282763445,0.0,-0.9271294991042561,375.7113062196956,336.1612621244152,39.550044095280384,22.38608732399075,14.305605558077104,8.080481765913646
frame_klu_492.29_492.41,41.21149354345118,0.0,-0.06351321757775319,407.7789794337062,362.8302900475817,44.9486893861245,33.00096915618917,8.55844303518819,24.44252612100098
frame_zi_492.41_492.49,33.98439066619477,0.0,-0.4482315905997127,408.6507396049358,365.4248056311101,43.225933973825704,36.53589998532499,11.684673717058445,24.851226268266544
frame_vi_492.49_492.55,86.74046527356933,0.0,-0.5918308616925193,405.65794545371295,362.32513838889224,43.33280706482071,32.506548159657086,5.915679799565623,26.590868360091463
frame_na~w~_492.55_492.64,224.3730326471903,0.0,-0.87464938462521,397.7456565313796,355.40721863367867,42.33843789770094,154.39243978837982,56.20811741391503,98.18432237446478
frame_es_492.64_492.79,31.180575230224832,0.0,-0.8804284990512138,381.83790542496104,338.84664461283865,42.99126081212239,205.26815845701663,53.75603961296437,151.51211884405228
frame_pE_492.79_493.01,16.972925649826152,0.0,0.5657250171080301,412.74810817145516,365.18763721537573,47.56047095607943,44.19638190850657,20.248746658052426,23.94763525045414
frame_ra_493.01_493.11,39.97658256740894,0.0,-0.4104218106531665,408.77214375521186,365.2020395628818,43.570104192330064,8.32165284125901,4.401284166048697,3.9203686752103124
frame_na_493.11_493.3,58.55560013227253,0.0,0.40178374429753433,404.4286682501689,358.99945743799833,45.429210812170595,23.11078603974869,14.282543499247367,8.828242540501321
frame_da_493.3_493.47,56.96960737043591,0.0,0.26641615180587913,403.6506201929117,359.7206945798744,43.929925613037256,40.67411474479641,15.586484047454974,25.08763069734144
frame_dE_493.47_493.72,67.64654670134931,0.0,0.9906473632924556,407.4721754334876,359.77458745601996,47.69758797746766,30.932367200061236,7.107608366611828,23.82475883344941
frame_la_493.72_493.85,98.64880769073139,1.329999999999984,-0.004319033177431361,391.3002250994682,349.1141511575098,42.1860739419584,11.648703814576805,5.1002424132087185,6.548461401368087
frame_na~w~_495.18_495.36,3.4318846024594905,0.0,-0.8746493846262117,403.6255106954681,356.688118146,46.937392549468086,60.16617585747207,45.38724568343858,14.77893017403349
frame_es_495.36_495.45,13.454799705162628,0.0,-0.8804284990523507,379.3851147366593,338.524098608303,40.86101612835631,9.31114704617994,2.6498769107283806,6.661270135451559
frame_pE_495.45_495.67,24.321539905535417,0.0,0.35326384401702515,410.1337305150242,362.7140720081909,47.41965850683329,41.17456667964768,28.066882264109694,13.107684415537989
frame_ra_495.67_495.91,17.59582445445247,0.049999999999954525,1.484724484232315,405.6598171114625,359.5732534655372,46.08656364592525,27.074957556615033,16.940307269083746,10.134650287531286
frame_es_495.96_496.05,72.87357811802988,0.0,-0.8804284990512138,369.73366503034606,330.82893840863954,38.904726621706516,2.294654315569403,1.1933983035117706,1.1012560120576325
frame_pE_496.05_496.16,15.432957181379606,0.0,-0.3903502618042098,407.2089383542615,365.2579857984033,41.95095255585818,33.426359512902906,25.37705944354383,8.049300069359077
frame_ra_496.16_496.27,11.92610825332082,0.0,-0.2750542181615113,406.2180966889195,363.1597287383424,43.05836795057712,20.467938025741034,9.217484909144162,11.250453116596873
frame_sO_496.27_496.39,8.049014832804573,0.0,-1.2424081015230068,409.3981405398879,364.1703135406532,45.227826999234765,32.29285428240041,10.935505629733257,21.357348652667156
frame_a_496.39_496.67,0.30381135445668406,0.0,2.4322976316746714,408.52767040939744,360.3235146702311,48.20415573916637,47.93602781222947,17.17589153183019,30.76013628039928
frame_tus_496.67_496.81,170.79966662142346,0.0,-0.5689353011187752,386.2793236033615,343.2808648910298,42.99845871233168,221.63194678295432,179.14820941533424,42.4837373676201
frame_me_496.81_496.97,48.580433851608575,0.0,0.7195281715188794,407.1834434688911,364.2777690339872,42.90567443490386,27.88248521489993,8.823601024589209,19.05888419031072
frame_ka~_496.97_497.17,6.51489417369055,0.0,0.5349952024467504,406.9673959599338,360.2250445073925,46.7423514525413,78.62445882418368,54.221398256464795,24.40306056771888
frame_ni_497.17_497.28,32.63979313638154,0.0,-0.1610330484149157,400.48967249018904,360.57656033351157,39.91311215667747,16.86733731595092,8.80099807711403,8.066339238836889
frame_kus_497.28_497.59,211.93740105755097,0.5,-0.4004612732727255,377.6639962475646,329.9928307521255,47.67116549543914,4.4934608647684655,2.0361752013542898,2.4572856634141758
frame_e~_498.09_498.18,17.09718037832249,0.0,-0.09563033803120903,401.28315507200415,359.86476149873,41.41839357327416,16.341386568121692,10.476227967361524,5.865158600760168
frame_ta~w~_498.18_498.31,10.715541269002188,0.0,-0.8746493846262117,408.0688069805406,362.70083624176766,45.367970738772954,32.33811192286879,8.448614306828574,23.889497616040217
frame_E_498.31_498.49,26.096706374614428,0.0,0.7781861902002428,406.0794951234212,360.583846003354,45.49564912006724,15.094042163610652,4.233152018815758,10.860890144794894
frame_sa~w~_498.49_498.68,31.80148963790623,0.0,-0.6984438112423418,407.9144362484998,360.7207615545363,47.19367469396349,18.65713753465775,10.37069383058116,8.28644370407659
frame_E_498.68_498.75,20.69587152769583,0.0,-0.39035026180481364,402.9672794665993,362.7633803138472,40.20389915275206,25.461921987634355,10.682950690419489,14.778971297214866
frame_sas_498.75_498.82,26.324938894472893,0.0,0.0,388.60952403563783,347.57386622159487,41.03565781404296,14.299081201198362,9.559794479027971,4.739286722170391
frame_pro_498.82_499.09,27.955112709575957,0.0,-0.8165245881281322,400.46638860604145,354.2773998031225,46.18898880291897,219.2148798149016,70.23022588765545,148.98465392724614
frame_fi_499.09_499.15,34.33868125788706,0.0,-0.5918308616933357,379.8113814019889,340.0651841171913,39.746197284797574,9.871950412022727,3.191949903812599,6.680000508210128
frame_so~j~s_499.15_499.3,60.899966749216105,0.0,0.0,380.7019964516815,337.51046758362526,43.19152886805625,167.95419473097584,111.79799665271582,56.15619807826002
frame_ki_499.3_499.91,43.541485780936966,1.0,-0.56627192212142,400.65275777037425,343.0174090512767,57.63534871909758,61.59103483649724,20.479964952743273,41.11106988375397
frame_poX_500.91_501.0,118.13398093091118,0.0,-0.8739373730137463,386.4620510506185,344.709918569068,41.75213248155052,160.3422222250255,64.81330092073284,95.52892130429265
frame_ki_501.0_501.14,11.416413884077144,0.0,0.12616549377151387,402.9080643987852,359.57023688921413,43.33782750957107,24.316841824990348,10.74039848698493,13.576443338005419
frame_kwaw_501.14_501.22,0.8866119328540663,0.0,-0.5689353011187752,403.54039855174886,360.67878244070255,42.86161611104632,24.02908030570319,7.327844920235634,16.701235385467555
frame_kEX_501.22_501.46,17.527802044271766,0.0,-0.8165245881289017,406.98880587502885,360.54388263284585,46.444923242182995,69.61918380895014,29.569696299271413,40.04948750967873
frame_pe_501.46_501.68,5.084919213041189,0.06999999999999318,2.119490258267853,402.71070286471115,358.674998284845,44.03570457986615,55.48837766006096,35.34388937746638,20.14448828259458
frame_pro_501.75_501.92,21.881004066874794,0.0,-0.2960569602393145,406.0928788968982,360.0434834081443,46.04939548875387,35.23026403769248,23.256001048546267,11.974262989146212
frame_fi_501.92_502.08,10.381382571979714,0.0,-0.1610330484140994,382.4068769796571,340.44158983997977,41.96528713967734,20.84853857736894,6.089227534703497,14.759311042665445
frame_sa~w~_502.08_502.35,1.4160402770789915,0.0,0.1825840556780091,403.73037680292543,356.20118179449946,47.52919500842597,53.375572417913816,35.615226095284186,17.76034632262963
frame_ki_502.35_502.63,15.334775590768004,0.410000000000025,1.4185589336084061,398.28997796274206,351.41643242118664,46.873545541555416,55.79344386602733,28.806046567935482,26.98739729809185
frame_e_503.04_503.14,20.368979446529266,0.0,0.5195335876966231,398.42804581632214,354.79687692676663,43.63116888955551,8.31380780480157,5.332672667606374,2.9811351371951957
frame_zi_503.14_503.35,10.595573919092203,0.0,0.8441618492363634,405.1696269565668,359.0566693773444,46.11295757922238,29.586026785196054,13.71119021449627,15.874836570699784
frame_a_503.35_503.46,21.377324770871695,0.0,0.1310485593134544,406.43578483489296,363.6633337787681,42.77245105612485,5.299585512656648,1.8431381061137984,3.45644740654285
frame_pe_503.46_503.57,13.509306279065981,0.0,-0.28044474758785515,400.1372262461271,358.17360906667926,41.96361717944785,12.818691661509888,4.674064881440245,8.144626780069643
frame_so_503.57_503.66,57.343879729249636,0.0,-0.8739373730137463,405.9380975230268,361.8906176818651,44.0474798411617,67.91164692814147,16.604614972535728,51.30703195560574
frame_a_503.66_503.72,63.517633215578144,0.0,-0.5457894031448217,392.2896646711013,351.8447379922207,40.44492667888062,5.7260942779511765,4.1815943929964305,1.544499884954746
frame_te~j~_503.72_503.84,142.6072743907386,0.0,-0.8406573901386671,402.85037489549063,359.7775891374074,43.07278575808323,92.12264707161177,18.287353789927693,73.83529328168407
frame_ki_503.84_503.91,141.26708643384285,0.0,-0.4482315905997127,376.7618288434181,339.6745324825885,37.087296360829555,11.791648255355994,4.05140097705663,7.740247278299364
frame_teX_503.91_504.05,8.674642303490515,0.0,-0.4804393314101115,404.3565575636218,360.09795266218975,44.25860490143202,60.403327032720256,29.617035171932145,30.78629186078811
frame_es_504.05_504.14,9.635783088898279,0.0,-0.8804284990523507,383.4146427937554,342.7448050722109,40.66983772154447,4.1186449478780105,2.3810028044784133,1.7376421433995972
frame_ko_504.14_504.24,20.88633744791761,0.0,-0.8739373730137463,399.2246534692196,356.67285033605134,42.55180313316828,25.47418231183258,13.808500930714672,11.665681381117906
frame_la_504.24_504.37,41.97104096746213,0.0,-0.1396866256690866,402.2176292331204,359.07902149526245,43.13860773785797,14.422954806292296,7.508519215940453,6.914435590351843
frame_ri_504.37_504.45,45.193065023061166,0.0,-0.30463231950690606,394.56284278332066,352.4359472192989,42.126895564021765,15.326416674474643,3.4983017890762937,11.82811488539835
frame_da_504.45_504.65,0.9422786472035511,0.0,0.26641615180587913,410.0757821948125,363.1560710278594,46.91971116695311,74.56818227172829,19.69745445597951,54.87072781574878
frame_dZi_504.65_504.71,18.451211122609777,0.0,-0.5918308616933357,397.8201396655668,356.3920317061511,41.428107959415684,16.56933732577039,6.379718394544966,10.189618931225425
frame_pa_504.71_504.77,32.24909616017089,0.0,-0.9518921806205569,381.98892576248954,343.853140457077,38.135785305412526,10.309614879554204,3.183184824755898,7.1264300547983055
frame_ra_504.77_504.83,6.347898385554771,0.0,-0.9518921806205569,392.51959746894505,352.0867884990802,40.43280896986482,9.83549704800032,6.083230888690025,3.7522661593102953
frame_u~_504.83_504.86,1.6885649240247176,0.0,-0.7320718500145997,387.1729099888106,345.6312189646685,41.5416910241421,0.7565568349383227,0.33711767721339925,0.41943915772492346
frame_ma_504.86_504.98,10.983591806084434,0.0,-0.1396866256690866,404.51345724123695,362.2999471329799,42.213510108257026,23.288107600796195,9.913770458801679,13.374337141994516
frame_pro_504.98_505.1,2.0528833191315528,0.0,-0.48868376449745843,401.2933889652586,357.36033862252617,43.93305034273243,13.23985581902133,4.731537199900799,8.50831861912053
frame_fi_505.1_505.19,8.778399746556317,0.0,-0.5918308616933357,377.3667064891381,338.92964967601927,38.43705681311883,28.277564052313323,12.706387045756742,15.571177006556582
frame_sa~w~_505.19_505.36,4.706335430077274,0.0,-0.6984438112413401,403.4500610097326,357.63497076998584,45.81509023974678,36.101492429387264,24.12546812803356,11.976024301353704
frame_u~_505.36_505.39,30.030420320885895,0.0,-0.7320718500150277,377.74046776573846,338.14285856252604,39.597609203212414,2.727785094718655,1.605144675113138,1.122640419605517
frame_pow_505.39_505.53,8.522194134797928,0.0,-0.8739373730137463,399.0734618616097,355.93337099239363,43.14009086921607,31.673342188714713,15.133850380287328,16.539491808427385
frame_ki~_505.53_505.63,28.044781988270785,0.0,-0.9271294991051637,410.68363109442265,365.9631061160663,44.720524978356366,8.199855402757294,4.848289404656356,3.351565998100938
frame_Ju_505.63_505.69,18.701415683317634,0.0,-0.5689353011197329,402.6581212863983,361.1969361150271,41.4611851713712,8.310603282404827,5.355033370211601,2.9555699121932264
frame_me_505.69_505.84,29.561193966546995,0.0,0.3195390038755035,407.09617499216023,361.7003469186845,45.39582807347574,17.748434862271978,7.940843085663374,9.807591776608604
frame_LOX_505.84_506.08,21.346680320795798,0.0,-0.13172519630569798,403.82262139015927,355.58429908942935,48.23832230072992,43.80517858540472,25.156658709428456,18.648519875976262
frame_e~_506.08_506.16,39.459725884632064,0.0,-0.24463574845253125,389.6946642806295,350.5877230761194,39.10694120451012,2.857348701544538,1.5246165069334836,1.3327321946110544
frame_te~_506.16_506.39,9.753174210759198,0.0,0.05337507238926619,398.6789862340966,350.4002044018968,48.2787818321998,69.14562607210021,45.016031555579275,24.12959451652094
frame_dZi_506.39_506.45,22.455468338410213,0.0,-0.5918308616933357,397.2794560898644,355.38801248172655,41.89144360813788,4.075078255217676,1.782978614883632,2.292099640334044
frame_un_506.45_506.67,23.44622883321142,0.0,0.7788569216582412,393.3094141439772,346.5669771768473,46.74243696712995,103.28902641189325,71.53072269926747,31.758303712625775
frame_un_506.67_506.91,102.96081424376297,0.8699999999999477,2.4635972001292723,381.7802079238463,336.33919664335997,45.44101128048635,34.96859553815369,14.450784918165766,20.517810619987927
frame_u~_507.78_507.82,19.14560385017981,0.0,-0.6567685950290525,391.6289764757306,351.5042594346862,40.12471704104439,6.634734931246811,4.296097092365642,2.3386378388811693
frame_ma_507.82_507.99,23.54595020265822,0.0,0.13104855931422388,402.54741492159076,357.2872817326994,45.26013318889136,12.764587213691215,3.945421698010904,8.81916551568031
frame_se_507.99_508.09,19.61148604597591,0.0,-0.28044474758785515,398.5836170402119,355.2367729713045,43.34684406890739,13.599475266075359,7.58730189396249,6.012173372112869
frame_kre_508.09_508.33,15.100847135433611,0.0,0.9195227553399989,398.78799615755406,355.37445780717064,43.41353835038342,112.71699028401933,17.959378896600185,94.75761138741915
frame_ta_508.33_508.57,19.14923407506106,0.0,0.5371513367891896,406.60661452736605,357.4801190267442,49.12649550062184,31.615026448137968,24.24820716032403,7.366819287813939
frame_ria_508.57_508.66,18.33728374797974,0.0,-0.5918308616933357,405.40216310250474,360.72323168346713,44.67893141903761,1.5349991088220065,0.7766221078921944,0.7583770009298121
frame_e_508.66_508.74,10.975587535344886,0.0,0.11954442005438394,404.38138224080626,361.65964089672264,42.72174134408357,5.385843108413752,2.8537608458095747,2.5320822626041775
frame_vi_508.74_508.85,12.623123545638862,0.0,-0.1610330484140994,402.40802727331265,358.84323626300255,43.5647910103101,16.290544952188924,5.3087928857466125,10.981752066442311
frame_de~_508.85_509.04,3.7542013504475165,0.0,0.649396714076249,403.79799775631454,357.4375019757856,46.36049578052888,23.69525434770935,12.269139678874666,11.426114668834686
frame_te_509.04_509.14,42.889882528936056,0.0,-0.4804393314089747,408.3419667404242,363.84283816887205,44.49912857155215,11.280189827471048,5.009973526365798,6.2702163011052505
frame_me~_509.14_509.29,21.902189137992593,0.0,-0.24463574845253125,403.71696533290094,359.49585334544065,44.22111198746029,127.68860838277804,46.03928179003813,81.64932659273991
frame_tSi_509.29_509.37,65.68168327984839,0.0,-0.5918308616925193,381.7939235611573,341.75829253330664,40.035631027850684,21.94881269221588,9.90240602948137,12.046406662734512
frame_ki_509.37_509.43,144.24489536737948,0.0,-0.5918308616925193,377.35693471674927,337.06253606458193,40.29439865216733,15.30184465372961,3.2698298491111473,12.032014804618463
frame_E_509.43_509.47,79.69847868612194,0.0,-0.7090420214422269,397.131752165291,356.5577714862762,40.573980679014824,8.548083280134279,4.0928960626908975,4.455187217443381
frame_la_509.47_509.55,108.50275924387049,0.0,-0.681156995636477,397.1560708956186,355.59772238900604,41.55834850661256,44.855506258947685,16.238212814559745,28.61729344438794
frame_te~j~_509.55_509.72,40.04504480976965,0.0,-0.6916519797173449,403.93540916520044,357.6862038358992,46.24920532930122,94.98316499341306,62.08822989795394,32.89493509545912
frame_ki_509.72_509.79,1.4961242481568888,0.0,-0.4482315905997127,384.21476954106333,343.6482397675234,40.56652977353991,8.225191816918596,2.630332456587297,5.594859360331299
frame_teX_509.79_509.95,1.1689333561998012,0.0,-0.4804393314089747,402.4344134772854,356.2795565300695,46.154856947215876,27.180490277147555,15.2474365613798,11.933053715767755
frame_es_509.95_510.03,7.338955121745869,0.0,-0.8804284990512138,378.90785065367436,338.83434426258805,40.07350639108631,1.6166310566448772,0.7545698939169654,0.8620611627279118
frame_ko_510.03_510.11,12.659406755518972,0.0,-0.6813105687556024,402.5797232064155,359.33713225516397,43.24259095125154,18.781209449037704,14.53285107940232,4.248358369635383
frame_la_510.11_510.24,8.3437645866087,0.0,-0.1396866256690866,403.10419974734384,359.11737574319324,43.986824004150606,5.709211929619443,2.866575114389377,2.8426368152300654
frame_ri_510.24_510.33,22.34694779220831,0.0,-0.1610330484140994,400.5452138159894,357.88496847498186,42.66024534100757,33.6799895905385,9.48990022222182,24.190089368316677
frame_da_510.33_510.67,27.1607430977584,0.0,2.296930039183016,400.53525840420497,352.74386015386875,47.791398250336215,39.97778160921291,17.685842946772368,22.291938662440543
frame_dZi_510.67_510.76,150.8850890124794,0.7300000000000182,-0.1610330484140994,370.1763942158558,330.1743512053892,40.00204301046659,5.649332703150861,2.171872480864053,3.4774602222868083
frame_e~_511.49_511.53,53.14708152924618,0.0,-0.8406573901395141,391.6120671030957,351.3205271057506,40.29153999734507,5.073856522472028,2.895082021992323,2.1787745004797046
frame_ta~w~_511.53_511.73,19.878216925121478,0.0,0.5349952024467504,407.0876845512274,362.37673671606666,44.710947835160766,42.839017926335885,24.959491492789823,17.87952643354606
frame_u_511.73_511.76,1.4675218930119058,0.0,-0.5689353011197329,374.1429673651436,334.15283957386947,39.99012779127412,6.173760916428989,3.2513082840316088,2.9224526323973805
frame_pe_511.76_511.87,37.85075650582962,0.0,0.11954442005438394,400.9755032412981,362.0562026279527,38.9193006133454,43.98147179629302,15.316181552491685,28.665290243801337
frame_so_511.87_512.0,32.00469926732376,0.0,-0.8739373730148412,410.62311404519505,364.9739095639833,45.64920448121177,34.31613275963355,18.230364113295252,16.085768646338295
frame_aw_512.0_512.09,23.560638008584817,0.0,-0.6811569956372465,406.1540074951483,364.59021845173527,41.56378904341301,7.1193072551577075,2.7465924691611576,4.37271478599655
frame_pro_512.09_512.33,63.971161137630475,0.0,1.4375842780872656,403.05143133343216,357.1911945223374,45.86023681109475,55.93968852832205,15.974680556269277,39.965007972052774
frame_ku_512.33_512.51,9.605759541322527,0.0,0.7788569216582412,405.77275687776563,359.6958529076718,46.07690397009384,84.72085703635736,69.71701234943572,15.003844686921639
frame_ra_512.51_512.69,99.69289459689597,0.6699999999999591,0.5371513367907286,397.0971671035402,353.7655135510719,43.33165355246837,49.346252689858375,30.712668846460446,18.63358384339793
frame_ew_513.36_513.44,55.15120055305775,0.0,-0.4804393314101115,408.91438930969656,364.8121857698584,44.10220353983817,13.394367759460692,4.362385713612412,9.031982045848281
frame_a_513.44_513.6,46.82096637025822,0.0,0.8078865217725001,411.72075208278875,366.19949765323577,45.52125442955298,25.126040836587464,8.927859573284195,16.19818126330327
frame_Su_513.6_513.69,50.56389779674387,0.0,-0.4004612732708102,384.4724063384613,343.9258570548335,40.546549283627826,13.999669697351976,4.549656139393051,9.450013557958926
frame_ki_513.69_513.78,29.04184429105277,0.0,-0.448231590600529,399.32698467144,356.84182374472505,42.48516092671497,27.965884381158617,14.667615274517374,13.298269106641243
frame_u_513.78_513.81,159.85538536431372,0.0,-0.5689353011197329,374.22467522944237,333.83981006330396,40.38486516613841,2.615275606734791,1.7195294729849735,0.8957461337498174
frame_ki_513.81_513.95,28.212281811772726,0.0,-0.16103304841328314,406.3648942179872,360.7269262549113,45.63796796307594,26.655422698173567,14.056987198956108,12.598435499217459
frame_u_513.95_513.99,4.812985386721209,0.0,-0.4004612732727255,395.97049217913116,354.7034968342654,41.266995344865734,0.7202047512693639,0.46421507207563195,0.25598967919373194
frame_le_513.99_514.17,6.239197541074645,0.0,0.9195227553399989,411.5681747101317,365.6763247552517,45.89184995488,12.94657339489001,5.94811561316061,6.9984577817294
frame_va_514.17_514.3,24.07832147222618,0.0,-0.13968662567062554,405.56543946747786,360.879854930437,44.685584537040825,8.831084050645984,3.6524824981693484,5.178601552476636
frame_a_514.3_514.33,25.372870683640883,0.0,-0.951892180619018,368.24081307354965,330.4383318691147,37.80248120443497,3.538753948249365,1.994041224882153,1.544712723367212
frame_tE_514.33_514.43,12.912889739024621,0.0,-0.6028114348970264,405.6791619664913,362.1266346958481,43.55252727064317,29.131414635289303,19.261684548234086,9.869730087055217
frame_a_514.43_514.56,31.423833881967397,0.0,0.40178374429753433,395.8968521413493,354.2525482630085,41.644303878340736,10.592938624653073,4.505279217777087,6.087659406875986
frame_faw_514.56_514.72,4.523869096296693,0.0,-0.1396866256690866,409.10276866687343,364.9711540216175,44.13161464525592,35.88284707039381,25.531680982847405,10.351166087546403
frame_ta_514.72_514.8,21.686938271933286,0.0,-0.8165245881289017,399.3181385402356,356.77589105273006,42.54224748750556,32.281797950829855,17.333194224218744,14.948603726611111
frame_dZi_514.8_514.86,46.73205092485921,0.0,-0.5918308616933357,387.41153477441827,346.4443978709602,40.96713690345808,2.4831479002579613,0.7545900923174145,1.7285578079405468
frame_es_514.86_514.95,163.21975802088065,0.0,-0.8804284990523507,377.34715721374766,336.63131399689655,40.71584321685111,21.54546244173821,13.491475802770964,8.053986638967245
frame_ko_514.95_515.04,18.537928963426907,0.0,-0.4886837644985534,404.05285129688247,361.09994320370305,42.95290809317942,30.344254188410986,20.947178380563173,9.397075807847813
frame_la_515.04_515.17,43.078064438435064,0.0,-0.27505421816228076,404.33751760250397,360.37383638229977,43.963681220204194,15.075211822039847,6.402461370717418,8.672750451322429
frame_ri_515.17_515.26,43.65564740736289,0.0,-0.1610330484149157,396.79129304695414,354.1507156322926,42.64057741466155,6.02752770450698,2.0869536889240123,3.9405740155829676
frame_da_515.26_515.62,27.789280552419825,0.0,2.296930039182247,403.86224819439576,355.33988128223587,48.522366912159896,161.04611055645327,79.23320445471361,81.81290610173966
frame_dZi_515.62_515.72,52.986096404838776,0.6100000000000136,-0.017433777320476507,387.97242634616134,347.85453523795746,40.11789110820388,17.918999291660327,10.271418407425529,7.647580884234799
frame_E_516.33_516.66,36.39761372286466,0.0,2.3716449883879136,405.20698933455486,353.996054280673,51.21093505388188,211.66436559314226,124.28631372753125,87.37805186561101
frame_a_516.66_516.74,481.3578149637144,0.0,-0.2750542181607418,400.4717143931823,359.27952059435836,41.19219379882395,25.62623295265405,16.291509540786933,9.334723411867117
frame_E_516.74_516.77,75.70355631812254,0.0,-0.8152726079886352,376.11553344569654,337.3763403997891,38.73919304590743,2.307364856033985,1.1530265761427927,1.154338279891192
frame_a_516.77_517.33,60.39403778045963,0.0,6.222590221444865,400.38966281028394,342.54363389685346,57.84602891343047,196.11965696819354,43.58826844216958,152.53138852602396
frame_pe_517.33_517.46,22.46050036357167,0.0,0.11954442005552077,403.73965195595986,360.1699340976176,43.569717858342244,15.81677633051902,9.48570532434195,6.331071006177069
frame_so_517.46_517.58,45.80172982471089,0.0,-0.8739373730126513,406.7429128867179,361.5277748693552,45.215138017362676,33.74036858837678,17.731916503549144,16.00845208482764
frame_a_517.58_517.62,50.07444417198349,0.0,-0.8165245881289017,389.2130358313886,348.602907136104,40.61012869528457,10.145836469614494,6.384120072174085,3.7617163974404093
frame_pre_517.62_517.71,49.13731503935941,0.0,-0.8804284990500769,377.4832032432175,340.19878322814225,37.28442001507523,12.579808024077977,8.31727659832842,4.2625314257495575
frame_si_517.71_517.81,42.12532740753352,0.0,-0.5918308616933357,397.0072893596514,354.2506201572408,42.75666920241059,18.7242221600643,6.860726612212773,11.863495547851528
frame_zaX_517.81_518.0,29.67637972113829,0.0,-0.004319033177431361,407.408827921355,361.2113328676747,46.19749505368031,44.16404449926131,18.669711734917428,25.49433276434388
frame_tra_518.0_518.12,44.22561255937694,0.0,-0.5457894031440523,408.7180991672393,365.1434088542238,43.57469031301548,21.25000041762206,12.91303886757754,8.33696155004452
frame_ba_518.12_518.3,75.14008974583311,0.0,0.40178374429753433,407.28911643407963,360.844839736067,46.44427669801263,85.82120894293024,20.37271398592435,65.44849495700589
frame_LaX_518.3_518.58,30.805269414696284,0.6299999999999955,-0.5457894031440523,397.54212101002395,354.93850571321184,42.60361529681211,29.289468037761083,19.538451429083807,9.751016608677276
frame_e~_519.21_519.33,53.120136702566555,0.0,0.3513858932327576,401.55947614269803,360.09248745950396,41.466988683194074,16.585130804750037,6.047547463432807,10.53758334131723
frame_ta~w~_519.33_519.54,7.637620635506551,0.0,-0.34603266447259884,409.0837403912364,361.49830952631515,47.58543086492125,29.454671045581676,18.14854035261351,11.306130692968168
frame_E_519.54_519.57,25.18232601074368,0.0,-0.8152726079874275,394.10023401494215,353.5598203432894,40.54041367165274,6.8235156416702125,1.7300995303658055,5.093416111304407
frame_la_519.57_519.68,90.5817769989876,0.0,-0.27505421816228076,408.48309748281673,366.9412794929337,41.54181798988304,96.18816073817561,50.111993615665426,46.076167122510185
frame_laR_519.68_520.05,15.80060742010886,0.0,1.890827261707281,405.6207164457577,356.0968963145066,49.523820131251114,179.1948988980189,104.15185491180767,75.04304398621122
frame_ga_520.05_520.11,77.93703870970054,0.0,-0.9518921806205569,397.58703425664504,357.7289887212234,39.85804553542164,10.220731336443237,3.0853205645977084,7.135410771845528
frame_E_520.11_520.15,71.6269047677134,0.0,-0.7090420214428308,401.2077198235335,360.4789394029394,40.72878042059415,0.30684938692749597,0.11540103919182343,0.19144834773567254
frame_la_520.15_520.23,56.435387791435915,0.0,-0.6811569956357075,407.600405114003,364.925436005067,42.67496910893601,13.725885627258265,5.874607563125807,7.851278064132458
frame_na~w~_520.23_520.41,7.207286281672452,0.0,0.35878962906288053,407.26912661909006,362.6172972278898,44.65182939120024,26.384339458760508,5.3346843723285815,21.049655086431926
frame_te~j~_520.41_520.61,91.99080701807412,0.0,-0.09563033803290302,404.63199590113265,359.7553712500196,44.87662465111305,146.5025417167431,44.677979372532434,101.82456234421068
frame_ko~_520.61_520.84,52.900792413419,0.0,0.3571261947871215,403.6618446862951,355.90279178586024,47.759052900434824,65.64286404673831,43.35571976309595,22.287144283642363
frame_dZi_520.84_520.91,90.83353637310282,0.0,-0.5918308616933357,384.2859913982044,344.4322239622551,39.853767435949294,3.2770022146420956,1.3930793035956128,1.8839229110464828
frame_so~j~s_520.91_521.05,67.35537485517855,0.5200000000000955,0.0,376.90507414837805,335.5982152149799,41.30685893339813,1.4339576184028715,0.4691731532816732,0.9647844651211983
frame_dZi_521.57_521.67,17.495692391502132,0.0,-0.017433777322109042,396.6039374731671,354.27967200569077,42.32426546747632,30.694822250579534,15.64427602084973,15.050546229729804
frame_tra_521.67_521.84,16.38435810393355,0.0,-0.4104218106523971,411.58718612688125,364.95465520488597,46.63253092199528,49.718187444215545,25.738693366236163,23.979494077979382
frame_ba_521.84_521.98,4.4980440578255525,0.0,-0.004319033177431361,409.5679200904223,365.33141960631,44.2365004841123,32.35967182368964,8.319202988343193,24.040468835346445
frame_LaX_521.98_522.11,6.9278301967720495,0.0,-0.5457894031440523,409.6719444275458,365.36197899418386,44.309965433361924,3.9544421758695876,2.1481548841796894,1.8062872916898982
frame_u_522.11_522.14,26.098183129310087,0.0,-0.5689353011197329,386.73658529012243,345.95672433197353,40.7798609581489,6.168648798602106,3.996634587697571,2.1720142109045355
frame_dZi_522.14_522.2,4.881224766056192,0.0,-0.5918308616917031,400.7332374253207,358.5195666889747,42.21367073634599,5.125344711511758,1.3688500295134531,3.756494681998305
frame_a_522.2_522.23,4.1693790387481044,0.0,-0.9518921806205569,385.7563651539011,344.8339397118321,40.92242544206897,0.6769101209148971,0.4668607417650037,0.2100493791498934
frame_i~_522.23_522.28,27.974422212290676,0.0,-0.607784893858241,384.5743721470258,345.3953188487402,39.17905329828562,22.28506029558173,14.067397099391172,8.217663196190557
frame_tej_522.28_522.42,13.307844746180479,0.0,-0.8804284990523507,403.3525100846534,358.82081464416854,44.53169544048484,44.35688120062568,13.097633642178636,31.259247558447044
frame_ru_522.42_522.48,17.955576529805853,0.0,-0.5689353011197329,399.6048144904145,358.364927043765,41.239887446649504,6.789955855219972,1.710251423905703,5.079704431314269
frame_i_522.48_522.51,0.3147748918007096,0.0,-0.5918308616933357,372.5329923929447,333.2201592967554,39.31283309618931,8.660149428523766,6.61744624757651,2.0427031809472567
frame_es_522.51_522.58,103.26939046640906,0.0,-0.8804284990523507,376.56030117145434,337.3278018550876,39.23249931636673,0.35532345543437316,0.17089009884581685,0.1844333565885563
frame_tu_522.58_522.71,55.775853810657594,0.0,-0.06351321757679552,399.02422278915793,354.8397149759203,44.184507813237644,53.13691705415749,22.629777390150707,30.507139664006786
frame_daX_522.71_523.07,2.975345092159074,0.6499999999999773,-0.27505421816228076,400.77964991739566,352.1271722106235,48.65247770677223,40.839263337464956,29.10925642684208,11.730006910622876
frame_e~_523.72_523.75,205.3302663330954,0.0,-0.9896628005608363,359.531765034068,320.18471124118463,39.347053792883344,1.425674554866177,0.6623484582378865,0.7633260966282904
frame_ta~w~_523.75_523.93,12.716887963195745,0.0,-0.34603266447259884,403.48469311466954,357.03095814209706,46.45373497257248,41.01838435035904,23.669613626975377,17.348770723383666
frame_E_523.93_523.96,22.96757114503191,0.0,-0.8152726079874275,391.2204720552619,351.2110055708474,40.009466484414475,1.0500672380611036,0.5368546670549676,0.5132125710061359
frame_la_523.96_524.07,57.17133446515089,0.0,-0.2750542181607418,402.73973875997467,362.1867488122462,40.55298994772846,13.524848106920615,5.494013843350501,8.030834263570114
frame_laR_524.07_524.36,7.837140275122579,0.0,1.0786217067573494,402.2367080969085,353.54019344408766,48.69651465282084,94.11072515183764,50.72155446300451,43.38917068883313
frame_ga_524.36_524.43,49.59536472957265,0.0,-0.9518921806205569,393.49999461897625,351.2315414247019,42.26845319427434,3.460987716905521,1.1942413249948913,2.2667463919106297
frame_e~_524.43_524.51,61.2295292848747,0.0,-0.24463574845253125,389.91050002155276,350.21507274974306,39.695427271809706,21.8414891656804,7.371673869783194,14.469815295897206
frame_ta~w~_524.51_525.08,21.874804147622996,0.5599999999999454,-0.16982709109073224,404.84971172373344,347.45691903760587,57.39279268612762,272.08866506792907,68.7363951403664,203.3522699275627
frame_Re_525.64_525.74,32.541142434145826,0.0,-0.28044474758671833,399.7379455550132,356.4220658785473,43.3158796764659,9.343095387278396,4.453141809800059,4.889953577478337
frame_zuw_525.74_525.96,9.239147175523925,0.0,1.1158049773522558,394.8412309071642,348.5616565109337,46.27957439623049,108.09468164757276,28.474863639924223,79.61981800764853
frame_ta_525.96_526.22,14.39571771010165,0.0,1.484724484232315,392.85065600453134,346.189338592111,46.66131741242032,61.703507819754265,45.04635473946064,16.657153080293625
frame_du_526.22_526.38,73.79224864788117,0.37000000000000455,1.1158049773522558,376.23836321248933,334.90719505790474,41.33116815458459,82.64217174854383,46.6921429532421,35.95002879530173
frame_vOw_526.75_527.1,2.75362131866072,0.0,0.6616197359910913,404.71048576053107,355.3765416508062,49.33394410972488,94.19667351464366,62.07890372097549,32.117769793668174
frame_ta_527.1_527.23,9.098709863121826,0.0,-0.4104218106523971,394.67237058568054,350.6666711495699,44.00569943611066,43.08375689185445,29.85228452421981,13.231472367634638
frame_nE_527.23_527.34,12.999526774791832,0.0,-0.8152726079874275,393.6491085193471,352.99694882315924,40.65215969618788,23.092679519099136,14.186605534537847,8.906073984561289
frame_e~_527.34_527.38,4.252701770872989,0.0,-0.8406573901395141,374.5640696410452,336.0116036835138,38.55246595753141,4.840386063126516,1.4534784299132752,3.386907633213241
frame_ta~w~_527.38_527.81,9.42520056724456,0.0,-0.8746493846242084,398.0151085986021,344.55147420509724,53.46363439350489,168.13787820359667,36.997770130464176,131.1401080731325
frame_laR_527.81_528.11,7.802989268892247,0.0,1.34935689174066,403.3827022065093,353.72898399028,49.653718216229265,43.37807587312014,20.07413543102456,23.30394044209558
frame_ga_528.11_528.19,12.78089025776319,0.0,-0.951892180619018,403.5065922817994,360.0323116232969,43.474280658502494,11.178691823626963,1.5629137461077676,9.615778077519195
frame_ajs_528.19_528.28,10.570220975409597,0.0,-0.9518921806205569,397.46255327552075,353.94170095970725,43.5208523158135,24.578051610635413,16.670307424817537,7.907744185817876
frame_ve_528.28_528.38,0.3651706157218655,0.0,-0.08045016376559877,400.69184359116707,357.2376959685018,43.45414762266529,14.641073847569942,4.505002417465249,10.136071430104693
frame_zis_528.38_528.48,1.209804229480909,0.0,-0.5918308616917031,398.7385151527086,354.7006012493347,44.03791390337392,33.137228769354124,10.648893011369722,22.4883357579844
frame_u~_528.48_528.55,16.563190740954525,0.8100000000000591,-0.4308588300728387,395.4214639007608,353.97361119614476,41.447852704616025,14.429500709485666,9.369530081301605,5.059970628184061
frame_a_529.36_529.59,75.54441148929342,0.0,1.755459669215626,403.6929742021106,357.58616551070065,46.106808691409924,560.7806499497686,434.75632810607965,126.024321843689
frame_tE_529.59_529.79,8.952705556193308,0.0,0.6719556036538346,405.5196960243975,361.01237290959807,44.50732311479942,39.72257952306174,21.786364421023507,17.936215102038233
frame_kwa~_529.79_529.94,0.6538726101777854,0.0,-0.5222382378564687,408.8919397001644,363.3733513126312,45.518588387533214,24.94480461548835,16.430024537557642,8.514780077930709
frame_du_529.94_530.14,75.53766121640575,0.0,1.789701088740285,389.3755490320929,346.41586550230693,42.95968352978599,169.79166084780985,67.81097389091195,101.98068695689788
frame_poX_530.14_530.28,4.860799650052456,0.0,-0.8739373730148412,397.741004376835,354.215665241752,43.525339135083016,26.320694328351436,10.996496469661679,15.324197858689757
frame_e_530.28_530.35,12.003882841550734,0.0,-0.08045016376559877,403.2460901541438,361.5017119802118,41.744378173932034,13.02564683325869,8.577056518507902,4.448590314750788
frame_ze~_530.35_530.41,50.64821680145448,0.0,-0.9896628005608363,391.23612448961484,350.47328024872144,40.7628442408934,9.10421221481846,6.0332663968660825,3.070945817952378
frame_plu_530.41_530.5,17.56179791893493,0.0,-0.5689353011197329,372.8814728417501,334.4301046380925,38.45136820365764,8.396470675608072,3.376571637137033,5.0198990384710385
frame_kwa~_530.5_530.59,27.61643682758674,0.0,-0.8746493846242084,405.90225506081947,362.4964744068089,43.405780654010584,3.344814785973142,2.171678242424946,1.1731365435481962
frame_du_530.59_530.65,10.529417176961942,0.0,-0.5689353011197329,397.04695754899006,356.23136843967245,40.815589109317614,19.052285046188985,12.643699460464717,6.408585585724268
frame_te~j~_530.65_530.77,17.193100848827868,0.0,-0.6916519797164978,405.3718514606453,361.65060248154634,43.721248979099016,38.47270210985741,20.19016519781877,18.282536912038637
frame_kwa_530.77_530.93,7.557701101371407,0.0,-0.004319033178970312,402.8499204697695,359.15748362599754,43.69243684377193,40.347812117479606,27.65419048308911,12.693621634390496
frame_toR_530.93_531.14,24.731306043277556,0.0,0.08919664827806831,404.3723073912685,359.0870430926471,45.28526429862143,37.0989347941771,20.196858129214775,16.902076664962323
frame_zi_531.14_531.28,35.5391153792533,0.0,-0.1610330484149157,407.2736224955497,361.4056851218652,45.867937373684526,51.87939198504483,30.875983438264058,21.003408546780776
frame_a~_531.28_531.36,28.372732248939343,0.0,0.006378482295140842,407.7728643413843,363.9113829716882,43.861481369696094,13.061563504430751,4.95913924884286,8.102424255587891
frame_nus_531.36_531.49,5.26207794781979,0.0,-0.23198724542380286,405.20433716907985,362.325365273336,42.87897189574386,39.04275233526806,15.358196229625264,23.6845561056428
frame_E_531.49_531.56,20.97159340355924,0.0,-0.3903502618054175,403.57742505167874,361.46179358615683,42.115631465521915,6.195982392967068,4.188117980201383,2.0078644127656844
frame_of_531.56_531.63,38.7139154638314,0.0,-0.6813105687545074,393.41293980675516,351.46049263566925,41.95244717108591,18.048966387055145,11.029652373761621,7.019314013293524
frame_fi_531.63_531.75,20.408403077386737,0.0,-0.5918308616933357,390.94728734229784,348.1710448080362,42.776242534261655,18.493456448599943,10.460825729066158,8.032630719533785
frame_se_531.75_531.92,26.754619798126413,0.0,-0.4804393314101115,401.3794831325007,355.7980733245179,45.58140980798282,47.77108322920776,26.350308762220948,21.420774466986813
frame_bo_531.92_532.08,12.213180421719926,0.0,-0.10343015598007561,411.21866690607317,364.63904618875137,46.5796207173218,91.25636826792234,35.70456471503579,55.551803552886554
frame_i_532.08_532.11,42.08463835433818,0.0,-0.5918308616933357,395.33091997668913,353.6142756742018,41.71664430248734,3.36598882746614,1.6862805085617083,1.6797083189044315
frame_es_532.11_532.22,43.36755115224159,0.0,0.11954442005552077,393.2256535605314,351.6559122354975,41.569741325033874,23.754540817264115,16.35305972002925,7.401481097234864
frame_ta_532.22_532.33,46.187643836968874,0.0,-0.4104218106523971,400.8273148071349,362.0819948887186,38.74531991841627,42.0421018669158,23.949100387758165,18.093001479157635
frame_ma_532.33_532.59,17.079791616784036,0.0,0.26641615180587913,407.85447482795445,358.7566703549556,49.09780447299886,72.64377826298855,45.792185727862375,26.851592535126173
frame_ra_532.59_532.72,112.24389940953338,0.0,-0.004319033177431361,409.9892182895659,366.2863692998958,43.70284898967009,24.98765397024539,9.424511792011572,15.563142178233818
frame_vi_532.72_532.83,134.71121712083666,0.0,-0.017433777320476507,404.34377739401185,362.5951396599463,41.74863773406554,41.67760688761388,10.11605495158858,31.561551936025296
frame_Lo_532.83_533.01,6.679403294675353,0.0,0.2818234525362122,406.8358437434291,360.6897757618601,46.14606798156905,60.797297353134724,41.006278121256315,19.79101923187841
frame_zu_533.01_533.09,17.599951456023945,0.0,-0.5689353011178175,398.4708977677593,355.7848202736546,42.68607749410472,9.53449123273208,3.6021330959340503,5.93235813679803
frame_o_533.09_533.25,54.3432695973666,0.0,1.6302110823432197,402.9908126773527,357.6059550899874,45.38485758736533,29.657156701049132,10.529667285598151,19.12748941545098
frame_kwa_533.25_533.4,71.31589289810881,0.0,-0.8165245881289017,392.0580044564782,347.92254052125935,44.135463935218866,29.000792435819648,20.31354293562967,8.687249500189978
frame_toR_533.4_533.57,13.318022778479076,0.0,-0.4886837644985534,403.9992448744715,358.67707163011124,45.32217324436027,26.85304612471853,12.15110307549719,14.701943049221342
frame_zi_533.57_533.7,21.835808749643206,0.0,-0.3046323195060898,400.1319581440192,355.44455103968426,44.687407104334966,33.859965549796215,7.830384753706994,26.02958079608922
frame_a~_533.7_533.75,0.1269358309433244,0.0,-0.5222382378584719,395.1106386725783,354.90184901909544,40.20878965348288,11.9221580036685,4.29913821481469,7.62301978885381
frame_nus_533.75_533.85,26.091798243609986,0.0,-0.5689353011197329,398.08759317905316,356.37049910842984,41.71709407062332,19.523402763495767,6.443924934012841,13.079477829482926
frame_E_533.85_533.89,69.97717789436908,0.0,-0.7090420214428308,399.52659874724145,359.0577849670224,40.46881378021902,1.706184658299776,0.7796374347779533,0.9265472235218226
frame_u~_533.89_533.92,63.06892271086113,0.0,-0.7320718500150277,392.43308782906814,350.6352359465755,41.79785188249264,0.8276376836345207,0.4832466569250755,0.3443910267094452
frame_of_533.92_534.07,78.0331784889706,0.0,0.859703865310644,405.2702379547073,363.1153278497593,42.15491010494799,23.518745356463455,11.224885286222559,12.293860070240896
frame_fi_534.07_534.13,75.47562916198873,0.0,-0.5918308616933357,383.2842036995622,342.74745191412865,40.53675178543358,18.509916582722212,14.561680504913511,3.9482360778087013
frame_se_534.13_534.3,31.19126016857129,0.0,-0.8804284990523507,400.1409523935468,355.44751355127704,44.69343884226976,14.241710835006188,8.346637843361918,5.89507299164427
frame_bu_534.3_534.59,30.94599654701406,0.35000000000002274,2.126649144436215,404.29081552025787,356.6273275471492,47.66348797310866,35.81403056164257,17.56672564881839,18.247304912824177
frame_de_534.94_535.05,8.83682311696981,0.0,-0.6804339152312311,401.321807480457,358.092525558783,43.22928192167399,15.155327074433785,8.727524963726182,6.427802110707603
frame_pojs_535.05_535.23,77.15587530153812,0.0,-0.29605696024040945,408.53868039955296,362.2174103201205,46.32127007943245,112.25471310250003,28.47497446836212,83.77973863413791
frame_e_535.23_535.26,117.17412037783134,0.0,-0.8804284990523507,393.2190118421038,351.0496646169845,42.16934722511928,0.4103834163444162,0.258549065794341,0.15183435055007521
frame_li_535.26_535.33,107.65826789831823,0.0,-0.44823159059889645,403.34993426141017,360.4488832424201,42.901051018990074,32.897315517259926,16.482906198345972,16.414409318913954
frame_na~w~_535.33_535.42,53.77137337338473,0.0,-0.8746493846262117,406.7432721372936,364.7994591964564,41.94381294083729,55.93438056135551,25.558021208861135,30.376359352494376
frame_ko~_535.42_535.57,19.527031528068335,0.0,-0.2584725498179896,411.7655798424433,366.83530191799565,44.93027792444764,66.63843621716603,24.899582861036833,41.7388533561292
frame_se_535.57_535.7,5.18658397500667,0.0,-0.08045016376559877,409.231726051548,364.74415129515745,44.48757475639053,31.194828021916123,14.992978223452496,16.201849798463627
frame_gi_535.7_535.76,36.75458569866291,0.0,-0.5918308616933357,397.75013111183637,356.2949324393131,41.455198672523295,6.923718667847282,4.197896556077836,2.725822111769446
frame_es_535.76_535.82,33.597687038301956,0.0,-0.8804284990523507,384.8365071193443,345.45638182744966,39.380125291894615,3.834675492122642,2.2169603800379036,1.6177151120847384
frame_tu_535.82_535.88,15.68059459370886,0.0,-0.5689353011197329,397.94842531230955,356.043738217867,41.90468709444258,9.867981080226457,5.08949031784033,4.778490762386127
frame_daX_535.88_536.01,26.456031120327907,0.0,-0.6811569956357075,411.823154038403,367.1621448548573,44.66100918354567,22.852202259713465,14.515419893413934,8.33678236629953
frame_e_536.01_536.05,59.07299746052064,0.0,-0.6804339152312311,392.82444214122415,354.06784242696637,38.75659971425779,12.62812320615933,4.031094939876084,8.597028266283246
frame_li_536.05_536.11,34.76250085926347,0.0,-0.5918308616933357,383.7931676573742,343.0986654702557,40.69450218711853,6.138030197894693,2.8845043859984685,3.2535258118962247
frame_ko~_536.11_536.23,35.54842620961409,0.0,-0.2584725498179896,409.5476514724937,365.06314645163087,44.484505020862855,49.55720578180416,24.524768799493643,25.032436982310514
frame_tSi~_536.23_536.32,24.98940862851788,0.0,-0.6077848938564256,409.4304722381024,364.67663392770334,44.75383831039909,4.69811637136354,0.5931190982358316,4.104997273127708
frame_nu_536.32_536.38,8.607375421364566,0.0,-0.5689353011197329,408.6406566750367,365.7974297958555,42.8432268791812,8.945159315813953,6.930316135669955,2.0148431801439983
frame_a_536.38_536.41,3.663437382066718,0.0,-0.9518921806205569,396.0114370624515,354.52371613134744,41.487720931104036,1.5029265701592749,0.825911940210176,0.6770146299490989
frame_of_536.41_536.59,1.0272578646032002,0.0,1.4375842780850758,407.7783629045201,363.4721262644485,44.30623664007163,27.393323850150978,7.8918516241108705,19.501472226040107
frame_fi_536.59_536.65,3.570529444437625,0.0,-0.5918308616933357,396.958107144462,357.48537452893123,39.47273261553079,17.452565036443502,5.8627412651163695,11.589823771327133
frame_se_536.65_536.79,12.407945272610732,0.0,-0.6804339152312311,401.3784554661432,357.1830532821011,44.19540218404205,55.93445593363509,30.307864562175325,25.626591371459767
frame_bo_536.79_536.96,47.12385971427534,0.0,0.2818234525362122,408.94780507172334,363.31354809700827,45.634256974715015,26.97814469456688,14.48238135630038,12.4957633382665
frame_i_536.96_537.02,61.49856307688697,0.0,-0.1610330484149157,397.8710490519422,356.1690511476208,41.70199790432139,2.982062249900366,1.859835280504143,1.1222269693962232
frame_e~_537.02_537.05,101.05183370095864,0.0,-0.9896628005608363,367.99823408482285,329.48439959975343,38.513834485069424,34.91123281322976,26.88631186863452,8.024920944595237
frame_ta~w~_537.05_537.2,24.363719554177862,0.0,-0.8746493846262117,402.2414167081355,359.503318529082,42.73809817905351,22.448190847044884,11.17861421065777,11.269576636387114
frame_ko~_537.2_537.43,44.880349320537306,0.0,1.1266246255435104,409.5637081857768,360.6909005619426,48.872807623834206,91.5787188214909,49.57773268117208,42.000986140318815
frame_vi~_537.43_537.62,56.616049833013136,0.0,0.8292658297547268,407.9441553119989,362.0935682586419,45.850587053357,50.897432602714645,14.74186346224755,36.155569140467094
frame_tSi_537.62_537.69,47.72721693956083,0.0,-0.5918308616917031,381.3771069468041,341.2541256902344,40.12298125656969,9.95961595174046,3.3365251614725366,6.6230907902679235
frame_i_537.69_537.74,40.04422988925293,0.0,-0.30463231950772235,372.7511191577445,334.8918279238437,37.85929123390076,12.614107012457112,5.260285356741662,7.35382165571545
frame_si~_537.74_538.0,23.864263223256614,0.0,1.946971948120772,410.79142586120554,362.0044946441537,48.78693121705186,87.33318024754215,42.35111458455037,44.98206566299177
frame_ku_538.0_538.12,95.11157169953884,0.2699999999999818,0.27343483811721914,398.7830072902972,356.1342812617037,42.6487260285935,50.933535277227776,35.29195234404759,15.641582933180189
frame_Za_538.39_538.53,19.534140304668227,0.0,-0.27505421816228076,407.4453945354927,363.28442321129637,44.16097132419634,24.79318541504952,8.311083311392139,16.482102103657382
frame_E_538.53_538.57,16.157223045109703,0.0,-0.7090420214416231,375.4745904462023,335.6344651153457,39.84012533085661,0.3080734107270189,0.2404433168927369,0.06763009383428198
frame_pa_538.57_538.73,33.461573610890724,0.0,0.13104855931422388,410.6278697877303,365.7377608537793,44.890108933950955,21.86119825710847,13.835863735185058,8.025334521923412
frame_vo_538.73_539.13,106.44161004680623,0.0,5.482747167510478,410.63721614553276,357.92618398005834,52.711032165474364,92.59057769818452,46.57949758649602,46.0110801116885
frame_ro_539.13_539.19,5.686634468754818,0.0,-0.8739373730126513,389.8522761843641,348.61999191299975,41.232284271364335,32.989489158308714,22.80262368251988,10.186865475788835
frame_zu_539.19_539.48,146.42608342508444,0.0,2.126649144436215,389.2006836147252,341.26421684367597,47.936466771049254,139.68526342834903,86.75499621367908,52.93026721466995
frame_u~_539.48_539.69,76.72422539581854,0.0,0.6233867397265352,397.62653732254194,352.00105356560044,45.62548375694149,27.22652436311381,15.672903120051416,11.553621243062395
frame_o~_539.69_539.87,4.62680579351948,0.0,1.1266246255435104,410.63032212483984,364.7845621345747,45.84575999026515,85.97964379204038,37.4987296577732,48.48091413426718
frame_me~j~_539.87_540.0,14.437651713426987,0.0,-0.9896628005591424,408.5214769522649,363.60862809108767,44.912848861177224,43.89727644217862,21.436834136531246,22.460442305647376
frame_dZi_540.0_540.11,50.73891301044762,0.0,-0.017433777320476507,403.9371482281175,360.19954801527706,43.73760021284045,17.83386229846596,8.653097096051539,9.18076520241442
frame_vi~_540.11_540.28,22.617073617068257,0.0,0.030904316635604608,405.1108798129561,359.73772673850686,45.37315307444925,80.26566577846629,29.06203928378625,51.20362649468004
frame_tSi_540.28_540.34,2.5803171530236853,0.0,-0.5918308616917031,385.8714846365096,347.06665852567284,38.80482611083676,3.6010032568343036,2.050187115027086,1.5508161418072177
frame_i_540.34_540.37,2.88651549243437,0.0,-0.5918308616933357,366.0457031799106,327.41038737674756,38.63531580316305,13.954003098712263,7.500678403104246,6.453324695608018
frame_si~_540.37_540.51,0.13918091964740142,0.0,0.35024892188434265,403.3783327864536,360.137875324249,43.240457462204574,28.068088672714396,16.019511618456278,12.048577054258118
frame_ku_540.51_540.57,6.862015304237019,0.0,-0.5689353011178175,398.79870826398036,358.87401007640636,39.924698187573995,4.936832435404426,4.086236145062003,0.8505962903424233
frame_a~_540.57_540.6,3.7114444473361914,0.0,-0.8746493846262117,391.9458049790654,349.78241022446207,42.1633947546033,0.9736272491589659,0.4987686494441448,0.47485859971482114
frame_nus_540.6_540.7,30.69958598892302,0.0,-0.5689353011197329,401.91035219172596,359.2271695216509,42.68318267007504,19.75667271725888,7.051970420617522,12.704702296641358
frame_seX_540.7_540.8,87.61100351711562,0.0,-0.8804284990523507,405.20440679940054,360.8127429297877,44.39166386961284,68.22194805979143,14.718147262755224,53.503800797036206
frame_u~_540.8_540.83,65.10999880645258,0.0,-0.7320718500141716,392.9349379340659,351.85065910773136,41.084278826334526,0.4302435378684777,0.2639770619475712,0.1662664759209065
frame_of_540.83_540.98,35.87087047380689,0.0,0.859703865310644,408.4356024589436,364.4814064319456,43.954196026998034,23.599868083315755,10.613875422605417,12.985992660710338
frame_fi_540.98_541.04,39.624265137948754,0.0,-0.5918308616933357,380.3723569948695,341.0572577791574,39.31509921571211,4.07369640548751,1.558718019868877,2.514978385618633
frame_se_541.04_541.2,17.867364096381237,0.0,-0.6804339152289574,398.25362497497713,353.8067353217126,44.44688965326452,94.45671760671112,46.903218193297675,47.55349941341345
frame_bo_541.2_541.45,51.231967446352,0.0,1.4375842780872656,408.7075746731248,360.2747137681695,48.43286090495536,24.76992374415903,11.115150521528705,13.654773222630325
frame_i_541.45_541.52,56.03806505235087,0.4700000000000273,-0.017433777322109042,389.6711080539206,348.94509276622955,40.72601528769104,20.742296065904924,11.25517031446634,9.487125751438583
frame_e~_541.99_542.13,13.468576057753125,0.0,0.649396714075402,403.7223823381863,359.5380514892271,44.184330848959235,14.026395611087992,8.651370035049183,5.375025576038809
frame_ta~w~_542.13_542.55,3.3399407661751184,0.0,1.5922286427499694,404.2228647607067,352.5070118811033,51.7158528796034,94.67289504023154,58.50881114981877,36.16408389041277
frame_sa~w~_542.55_542.76,100.90729345144263,0.0,-0.169827091088729,402.2277719752983,356.23461982104146,45.99315215425685,100.38053549156558,58.432170487826056,41.948365003739525
frame_E_542.76_542.8,79.76294764141244,0.0,-0.7090420214428308,373.19270685416154,335.5332298522365,37.65947700192504,16.891758518348468,10.86894577162576,6.022812746722707
frame_sas_542.8_542.87,160.2967592571804,0.0,0.0,370.5100414692596,331.4016914753029,39.108349993956665,4.101228252263695,1.7143511506057791,2.386877101657916
frame_pro_542.87_543.16,28.992283426603308,0.0,-0.6811569956372465,403.8722480546902,355.02666757278575,48.845580481904506,74.19074365975669,40.292829153424236,33.897914506332455
frame_fi_543.16_543.24,57.031514037895874,0.0,-0.5918308616933357,392.4870430504049,350.9985739033659,41.488469147038984,30.495784035594937,14.892052172226556,15.603731863368381
frame_so~j~s_543.24_543.4,80.18195789378481,0.6700000000000728,0.0,375.9545857851952,335.49597912034335,40.45860666485186,164.69904497309125,40.574458869896574,124.12458610319469
frame_ki_544.07_544.16,42.56819820503361,0.0,-0.448231590600529,392.1155873991269,349.5106837378391,42.604903661287835,46.020906559752376,19.497653158443228,26.523253401309148
frame_le_544.16_544.3,5.640405768415576,0.0,0.3195390038743666,402.73127800856264,357.9166254099913,44.8146525985714,12.904501429602789,5.259034096508458,7.645467333094331
frame_va~w~_544.3_544.44,3.5343864346174882,0.0,-0.8746493846262117,392.4797930480096,349.6188052308281,42.86098781718147,12.644133265407646,8.635089609566108,4.009043655841538
frame_a_544.44_544.47,130.912878419158,0.0,-0.9518921806205569,356.026318880699,317.548722384337,38.47759649636197,5.365731581243608,3.061441342633586,2.3042902386100224
frame_faw_544.47_544.57,0.38192643224851963,0.0,-0.9518921806205569,391.0238932486136,350.3219554208257,40.7019378277879,16.618821558478402,11.919603633276296,4.699217925202106
frame_ta_544.57_544.65,0.27554500638373725,0.0,-0.9518921806205569,372.8829865408684,333.19301130514947,39.68997523571892,5.668206371936719,3.9022167661836136,1.7659896057531057
frame_dZi_544.65_544.78,2.236072490433685,0.0,-0.5918308616933357,379.11333295785533,337.14350263198963,41.9698303258657,9.421730895763659,5.044170050173875,4.377560845589784
frame_es_544.78_544.84,40.76769214446276,0.0,-0.8804284990523507,370.9650474620544,332.05145470143117,38.9135927606232,13.922070685891555,10.062014228321459,3.8600564575700957
frame_ko_544.84_544.91,10.761891444190638,0.0,-0.8739373730148412,398.5104938831173,356.16197242529825,42.34852145781912,22.117755953504627,10.582259034698666,11.535496918805961
frame_la_544.91_544.99,2.931906449651848,0.0,-0.6811569956372465,398.0737859489491,355.1290885222721,42.94469742667695,3.160083668592563,1.8643440564913192,1.2957396121012437
frame_ri_544.99_545.05,4.235721767081202,0.0,-0.5918308616933357,394.05227973387514,353.32753169566445,40.72474803821069,3.1340680774781333,1.641540179534303,1.4925278979438303
frame_da_545.05_545.23,8.85748947371593,0.0,0.26641615180587913,397.43605242288913,353.09036844607533,44.345683976813746,26.833439024716256,9.343702786605405,17.48973623811085
frame_dZi_545.23_545.29,19.52054320830578,0.2900000000000773,-0.5918308616933357,374.8431590685632,335.43669793430274,39.40646113426044,13.58899219307608,5.92191871240928,7.667073480666801
frame_e_545.58_545.61,119.0234860733087,0.0,-0.8804284990523507,350.04568161537065,312.9204311763698,37.125250439000865,0.11285808911432582,0.05842473868690945,0.05443335042741637
frame_sis_545.61_545.66,142.35795266976606,0.0,0.0,367.4948821321395,329.5763598534961,37.918522278643366,6.721680948685496,4.307244644181708,2.4144363045037878
frame_o_545.66_545.88,37.21615003225017,0.0,-0.017433777320476507,403.9563869608178,359.4238007254533,44.53258623536448,34.193012997875,20.188268360749845,14.004744637125157
frame_pe_545.88_546.04,19.41487107502283,0.0,0.7195281715188794,405.7015326739771,359.5651967884589,46.136335885518236,46.359369407073956,27.255005237232126,19.10436416984183
frame_ra_546.04_546.21,7.137414773817994,0.0,0.5371513367891896,400.6199611313024,356.44764658052395,44.17231455077837,9.256703610501518,4.066179953413098,5.19052365708842
frame_rius_546.21_546.34,7.422748037027901,0.0,-0.5918308616933357,396.7210599644016,352.83242949828315,43.88863046611846,9.062893633339627,5.156209654367075,3.906683978972552
frame_bra_546.34_546.67,9.890643541327847,0.0,1.6200920767224314,396.41673821324656,348.8284558748711,47.58828233837545,37.58391871412559,9.473084279804397,28.11083443432119
frame_sajs_546.67_546.72,9.42521446946921,0.0,0.0,361.91650039093065,324.14628817821904,37.77021221271161,10.97399732890483,4.972747627635471,6.001249701269359
frame_ta~_546.72_547.16,15.436321807015275,0.0,1.2139892992474657,397.2644983834225,343.23337511538796,54.03112326803455,36.37004772490738,26.427054577514838,9.942993147392542
frame_be~j~_547.16_547.42,18.208454737288804,0.0,0.05337507239011319,395.1936691503862,346.55394968209555,48.63971946829065,21.514857057560107,6.581108273072516,14.933748784487591
frame_nE_547.42_547.5,18.419585735791287,3.6299999999999955,-0.8152726079886352,388.0690727299832,345.8008360948605,42.26823663512272,12.908639182929676,7.273091482713141,5.635547700216534
frame_i_551.13_551.42,18.687851425072495,0.3000000000000682,3.141750186722902,389.54572954082164,343.46163877980746,46.084090761014124,213.2725144139049,49.572682984852605,163.6998314290523
frame_u~_551.72_551.82,61.12233579652468,0.0,-0.2049490651153408,397.10069987992495,354.14661183652805,42.954088043396894,32.027787381403186,13.810060158333954,18.217727223069232
frame_ma_551.82_551.99,114.7646919871969,0.0,0.5371513367891896,401.63439725470545,359.88815999602446,41.74623725868099,46.48065683786757,12.563217244006637,33.917439593860934
frame_pe_551.99_552.11,70.27680039880289,0.0,0.11954442005552077,406.43884643735146,362.2867352544846,44.15211118286692,33.52482890721154,13.876547075730741,19.6482818314808
frame_so_552.11_552.25,61.084003833635165,0.0,-0.8739373730148412,410.9369402780669,364.91771662568095,46.01922365238596,7.083484618582133,3.9223285369611176,3.161156081621016
frame_a_552.25_552.29,33.984793620107155,0.0,-0.8165245881289017,393.52745722732374,353.21877255216486,40.30868467515887,2.457267242031719,1.5749957292461545,0.8822715127855645
frame_ki_552.29_552.4,26.0071812871781,0.0,-0.448231590600529,396.1095878855771,352.4867398176099,43.622848067967254,38.808489279803894,22.092240642169912,16.71624863763398
frame_na~w~_552.4_552.63,13.198112405511466,0.0,0.7112007758306202,404.8627853071852,358.4507063648645,46.412078942320704,15.287662267701648,7.377787648063844,7.9098746196378045
frame_te~j~_552.63_552.8,20.837411565763063,0.0,-0.39364115887554746,410.9565498080974,364.62117020327634,46.33537960482107,15.005520554004477,7.784694755416439,7.220825798588038
frame_es_552.8_552.97,3.8275416650029968,0.0,-0.08045016376559877,406.90207445756425,362.2310736028778,44.67100085468644,11.230168208876478,5.214115239061698,6.01605296981478
frame_ko_552.97_553.08,12.850365575264107,0.0,0.08919664827806831,410.1940283759987,365.08392128270873,45.11010709328997,20.77490416993561,12.980402133475621,7.794502036459988
frame_la_553.08_553.25,20.479930106854965,0.0,-0.004319033177431361,411.4385622115461,365.3466799068881,46.09188230465804,13.552734676661885,5.588138779046318,7.964595897615567
frame_ri_553.25_553.41,35.66085547498645,0.0,0.7005625781435567,405.9897116586861,361.100968190896,44.88874346779005,27.20320840364502,11.922546081544482,15.28066232210054
frame_da_553.41_553.69,3.343213763889622,0.0,1.484724484232315,411.3536617569896,361.5487439517721,49.804917805217485,57.36782125844414,19.681438587429227,37.68638267101491
frame_dZi_553.69_553.81,34.449252937089085,0.0,-0.30463231950772235,397.6352425524097,355.31137715088346,42.323865401526234,20.907757952112632,7.432004756264973,13.475753195847659
frame_ki_553.81_553.9,22.645013401058293,0.0,-0.5918308616933357,380.2061690914151,339.98179927169906,40.22436981971606,25.710857744116453,13.929078067660157,11.781779676456296
frame_si_553.9_553.99,165.54606070238157,0.0,-0.5918308616933357,378.17385882445535,341.69658668964576,36.477272134809596,4.567680564482345,2.023407160379179,2.5442734041031656
frame_es_553.99_554.17,29.207991204080884,0.0,0.3195390038766403,405.37731494621784,360.06976337614566,45.30755157007218,29.32480632156586,6.641469519838381,22.683336801727478
frame_pe_554.17_554.28,4.324717504519043,0.0,-0.28044474758899196,402.2822416817937,361.02922878789104,41.25301289390268,37.44036603099815,20.651077345615107,16.789288685383042
frame_si_554.28_554.42,19.62587599251765,0.0,-0.5918308616933357,408.9534315157802,363.40167668207476,45.551754833705445,14.04751967125324,7.728426362464859,6.319093308788382
frame_a_554.42_554.5,20.944787022329848,0.0,-0.2750542181607418,411.6568426456478,368.23365291525414,43.42318973039369,9.486641689126486,5.301311976008748,4.1853297131177385
frame_li_554.5_554.63,7.881080656496721,0.0,-0.017433777320476507,408.4704869330832,362.9005125136817,45.56997441940149,14.237233251752457,4.986430636385222,9.250802615367235
frame_za_554.63_554.69,20.00474033740298,0.0,-0.951892180619018,392.4484092218129,352.4639222814681,39.984486940344766,14.766772839110075,8.945044831000246,5.8217280081098295
frame_e~j~_554.69_554.81,9.595773480479153,0.0,-0.39364115887554746,407.7651810819186,362.6161978680085,45.14898321391013,17.066454349394036,9.880954644783571,7.185499704610464
frame_aw_554.81_554.94,23.505710265402854,0.0,-0.004319033177431361,406.22800880192995,362.5020522515502,43.72595655037975,20.20609837206672,5.5055163130667495,14.70058205899997
frame_gu~_554.94_555.15,25.600569533364506,0.0,0.09626395482684827,403.72719638965395,357.2597564355295,46.46743995412447,11.555703800319634,5.471111505409283,6.084592294910351
frame_ma_555.15_555.47,0.3491526409550829,0.0,1.484724484232315,410.53419940569285,358.4856044533825,52.04859495231034,56.62076585212969,27.69910981576345,28.921656036366244
frame_Ra~_555.47_555.54,38.84675214682696,0.0,-0.6984438112423418,397.1145277139775,355.50021068075444,41.61431703322313,2.564303340810085,1.6567541683731974,0.9075491724368874
frame_mu_555.54_555.66,80.99321623440935,0.39999999999997726,0.27343483811530384,396.21361706156915,352.9394210780241,43.27419598354504,108.34502785312017,51.752296520806965,56.59273133231321
frame_kwajs_556.06_556.27,30.558325325897528,0.0,-0.1396866256690866,405.52471389632126,362.6746241571209,42.85008973920037,256.91256914225244,71.6729642077199,185.23960493453254
frame_se_556.27_556.42,42.963847253525785,0.0,0.3195390038743666,410.8186930815969,365.4692479780048,45.34944510359213,45.95794790107951,23.660313367380695,22.29763453369881
frame_ri_556.42_556.51,19.08061757320212,0.0,-0.1610330484149157,409.1094043608385,365.13655429095337,43.97285006988511,11.473033776846165,7.087411576279379,4.385622200566786
frame_a~w~_556.51_556.57,10.255426984616179,0.0,-0.8746493846262117,405.4883090093549,363.4437829553592,42.04452605399564,9.3980247298567,4.190320581666697,5.207704148190004
frame_E_556.57_556.6,12.498779729540843,0.0,-0.8152726079886352,369.62467690013284,330.22632624429997,39.39835065583287,22.87941298748123,7.886794135762898,14.992618851718333
frame_sas_556.6_556.65,37.348958853056104,0.0,0.0,377.58951540905923,338.53225984610356,39.05725556295573,13.994559216943912,4.930751005765444,9.063808211178468
frame_es_556.65_556.84,5.715145754921707,0.0,-0.6811569956357075,400.2026256887734,354.7952049804466,45.40742070832681,13.300784261861992,8.374245623319325,4.926538638542667
frame_pe_556.84_556.95,87.53550036915323,0.0,0.7195281715188794,399.78421656336025,357.02454115017946,42.75967541318079,150.41557245691362,84.08590301556518,66.32966944134844
frame_si_556.95_557.28,2.8841490228989812,0.0,0.5195335876977598,404.488904739052,355.88546278328795,48.603441955764026,24.14488750046641,14.148720368742659,9.996167131723752
frame_a_557.28_557.35,13.64964174106035,0.0,-0.4104218106523971,401.74781264921194,360.14579665013486,41.60201599907708,18.77161433134077,7.060719418259453,11.710894913081319
frame_li_557.35_557.46,18.0383481122594,0.0,-0.16103304841328314,397.8134197618519,355.8479225242435,41.96549723760842,30.37594787423828,14.352577109205015,16.023370765033263
frame_da_557.46_557.76,127.5568694497117,0.0,1.0786217067558106,397.717398692134,348.7957979064863,48.92160078564768,23.105092471117032,7.718659323610183,15.38643314750685
frame_dZis_557.76_558.05,143.07595869379372,0.15000000000009095,-0.5918308616933357,377.9344036785631,331.0205750988272,46.913828579735934,4.1869889886438685,2.3808319101952122,1.8061570784486563
frame_ki_558.2_558.26,135.4639794924361,0.0,-0.5918308616933357,386.3408116573877,346.4287771384461,39.912034518941596,452.9669469893372,194.86593792099302,258.1010090683442
frame_E_558.26_558.3,6.484878103802316,0.0,-0.7090420214428308,391.3525639282488,351.36049127213533,39.992072656113464,0.15691857815701837,0.09836643140104684,0.058552146755971535
frame_la_558.3_558.39,7.2257101323996835,0.0,-0.6811569956372465,397.5209403721488,356.5321130388261,40.98882733332272,6.484639885084533,1.9736024890678152,4.511037396016718
frame_po_558.39_558.51,4.471878184440101,0.0,-0.6813105687566973,401.5685668338891,357.33457932745046,44.233987506438666,1.303961300971764,0.3955948746688307,0.9083664263029334
frame_de_558.51_558.65,0.7668748594192323,0.0,0.1195444200532471,399.07485649587056,354.472370227523,44.60248626834755,7.113440756578143,2.7921565978531646,4.321284158724978
frame_ri_558.65_558.74,6.338773461986392,0.0,-0.30463231950772235,400.6002331644314,357.3309127308301,43.26932043360131,6.076245024775119,2.5858220447883866,3.4904229799867323
frame_a_558.74_558.77,2.934326001494668,0.0,-0.9518921806205569,372.2438537456999,334.16376240121446,38.080091344485425,6.658179488298089,3.0097658711009956,3.648413617197093
frame_fa_558.77_558.98,1.9367932741800757,0.0,-0.004319033177431361,394.01542149330635,347.783705156851,46.23171633645535,18.693969306161364,11.521318274520922,7.1726510316404415
frame_zeX_558.98_559.47,100.58732404489571,1.1299999999999955,0.1195444200532471,399.2127480602169,344.22454899362225,54.98819906659463,125.63255163851765,96.20959820304942,29.42295343546823
frame_sa~w~_560.6_561.39,18.379647008071714,0.37000000000000455,0.7112007758306202,399.9781058905202,334.37850479849646,65.59960109202376,174.3948374362779,52.64940818152738,121.74542925475053
frame_u_561.76_561.79,5.490197243026955,0.6100000000000136,-0.5689353011197329,356.1973344116503,318.6966132961567,37.50072111549355,23.46335877527474,6.153681723363263,17.30967705191148
frame_Esi_562.4_562.49,,2.480000000000018,-0.8152726079886352,371.68494326155843,331.4245076453293,40.26043561622913,1.3057707545222783,0.7613819615212378,0.5443887930010405
frame_o_564.97_565.48,44.88976395236185,0.0,8.372149231384826,400.15485704929677,342.5367994550626,57.61805759423419,52.042479324700906,30.246600450244642,21.795878874456264
frame_pe_565.48_565.65,12.131342265322019,0.0,-0.28044474758899196,408.47336331291416,364.2115556246583,44.261807688255885,199.07126904621805,46.355657518381975,152.71561152783607
frame_ra_565.65_566.07,47.09257909214563,0.0,3.2445031866253724,408.83812311620017,354.1253825151632,54.712740601036955,98.87579566165488,65.03400850865211,33.84178715300277
frame_rius_566.07_566.4,38.32265591792748,0.21000000000003638,-0.5918308616933357,399.61160297136655,351.30899431590746,48.302608655459096,34.078224558376974,18.202618540329695,15.875606018047279
frame_dZi_566.61_566.73,25.426679970116112,0.0,-0.16103304841328314,395.96201459468574,353.37248481705967,42.58952977762607,20.331622841700494,11.53798304811312,8.793639793587374
frame_Efi_566.73_566.85,132.08500368682508,0.0,-0.8152726079886352,378.59098979516335,337.3903745096222,41.200615285541176,4.291996369718049,2.2131613546887934,2.078835015029256
frame_dZi_566.85_567.05,28.492300098591812,0.0,0.7005625781435567,399.04059664157023,354.35994462815626,44.680652013413976,30.59367214169174,17.266867650034925,13.326804491656816
frame_fa_567.05_567.29,18.057116754468865,0.0,0.8078865217725001,405.9471143341833,357.33948253559254,48.60763179859077,40.34431816074462,28.77825731055205,11.56606085019257
frame_bri_567.29_567.44,19.462016844814826,0.0,-0.017433777320476507,397.17027988926066,353.85072468649474,43.31955520276591,29.957833636827644,14.426159461592306,15.531674175235338
frame_kas_567.44_567.7,58.88807170387864,0.4599999999999227,-0.2750542181607418,399.787915097196,354.11269886138723,45.67521623580876,269.97104121588535,30.32369551329242,239.64734570259293
frame_o_568.16_568.22,24.07407969663916,0.0,-0.29605696023821954,397.8638390607629,355.9622566765145,41.9015823842484,21.118980281979162,7.915460144012684,13.203520137966478
frame_pe_568.22_568.37,11.095512663441014,0.0,0.3195390038766403,411.3665130525784,365.5097515188263,45.856761533752035,21.662167453655883,10.352155812473285,11.310011641182598
frame_ra_568.37_568.51,20.410075922305992,0.0,0.13104855931422388,410.01359256091797,364.7154827348464,45.298109826071595,12.820456798259869,8.262338338141575,4.558118460118294
frame_rius_568.51_568.67,15.170994111447783,0.0,-0.5918308616917031,400.389969612256,356.4077586195222,43.98221099273377,20.09048320455517,7.715385621673846,12.375097582881324
frame_ki_568.67_568.74,22.952206652509858,0.0,-0.5918308616933357,397.98433010776074,358.71057946435747,39.273750643403275,14.210663488058884,8.315644193033222,5.895019295025662
frame_a_568.74_568.83,2.9084196182664925,0.0,-0.1396866256690866,402.8667019270788,359.79557435342514,43.071127573653655,21.320197727862194,4.159723340066648,17.160474387795546
frame_Ze~_568.83_568.94,0.7904161164664458,0.0,-0.5426465692951756,399.9486366156185,357.7802661957217,42.1683704198968,33.19171794222123,7.194952982658634,25.996764959562597
frame_tSi_568.94_569.06,171.41569033918793,0.0,-0.5918308616933357,380.6142189981215,338.813318885242,41.8009001128795,1.8178548947813198,1.2339379062745763,0.5839169885067435
frame_Sa~_569.06_569.16,4.7755882186829695,0.0,-0.6984438112423418,399.22054568487175,357.89264680075223,41.32789888411952,24.994850216915154,13.665980687628377,11.328869529286777
frame_ma_569.16_569.26,4.114804390172168,0.0,-0.8165245881289017,399.4427624620701,356.5426466580022,42.90011580406792,2.4454382851299385,0.862510056701808,1.5829282284281305
frame_dZi_569.26_569.34,2.2151344880055035,0.0,-0.5918308616917031,401.4011659138446,359.3634175570419,42.037748356802695,25.855767914887878,7.071242315536807,18.78452559935107
frame_o_569.34_569.38,2.428521128085748,0.0,-0.6813105687566973,392.3539601223316,351.909402021881,40.44455810045059,2.4856081879338774,1.4452060432091116,1.0404021447247658
frame_pe_569.38_569.53,0.4754075345551314,0.0,-0.08045016376787245,402.21757066218,357.15807292742164,45.05949773475834,32.630504390998794,20.995878993917017,11.634625397081777
frame_ra_569.53_569.67,25.172124855144432,0.0,0.13104855931422388,402.6197551065733,358.35768506965206,44.262070036921216,8.523841916538089,4.557123192860956,3.9667187236771326
frame_rius_569.67_569.82,12.82382510634875,0.0,-0.448231590600529,396.14089146937357,353.6878511877856,42.45304028158796,26.965767001645105,11.649282982395022,15.316484019250083
frame_es_569.82_569.93,4.769410209100471,0.0,-0.8804284990523507,377.7026956126711,339.3423759218522,38.360319690818926,15.634292629684438,8.428454058696559,7.205838570987879
frame_pe_569.93_570.04,30.639371980858925,0.0,-0.08045016376787245,400.69945159368945,357.6125212471777,43.086930346511735,27.912642019234028,11.20218326950527,16.710458749728758
frame_si_570.04_570.14,26.35119555120292,0.0,-0.1610330484149157,375.5788908926108,335.726347779331,39.85254311327981,17.68238329011865,10.880237638021299,6.802145652097352
frame_a_570.14_570.24,29.722116161180736,0.0,-0.004319033177431361,399.2878875667758,355.64940431301477,43.638483253761024,14.939735085380619,9.290669305458039,5.64906577992258
frame_li_570.24_570.37,63.14589980832665,0.0,0.4133640359579434,400.3962283601396,356.7991931625612,43.59703519757841,22.797143388596396,8.850152472342018,13.946990916254379
frame_za_570.37_570.68,9.813296134329676,0.0,2.0261948541989363,400.54931160094856,353.4244122618302,47.12489933911837,81.60685718510547,60.6198472145295,20.98700997057597
frame_dus_570.68_570.91,174.84325883464106,0.6200000000000045,-0.5689353011197329,369.5717096852735,326.3467785914113,43.22493109386221,20.46110739996888,12.108881565311236,8.352225834657645
frame_e~_571.53_571.56,66.1638598199834,0.0,-0.9896628005608363,362.2782208634163,325.91586925894046,36.362351604475805,0.6277048579398183,0.37570581300610684,0.2519990449337115
frame_ta~w~_571.56_571.65,17.21798117980623,0.0,-0.8746493846262117,406.3541286371902,362.07665171308736,44.277476924102814,10.858053185244529,4.677635932752537,6.180417252491992
frame_e_571.65_571.71,58.57292941616842,0.0,-0.28044474758671833,405.9043910306745,364.2581408389731,41.64625019170143,8.111276443404279,2.669259490629088,5.442016952775191
frame_lis_571.71_571.85,48.75318521974023,0.0,-0.5918308616933357,388.19512228627156,346.1009831601615,42.094139126110065,17.246191932875576,8.419758771388786,8.82643316148679
frame_fa_571.85_572.15,16.37143777830255,0.0,2.0261948541989363,404.9891249553775,355.63905529127055,49.35006966410697,47.46396875634085,21.415637704232097,26.04833105210875
frame_ze~j~_572.15_572.37,41.59489249754165,0.6599999999999682,-0.8406573901395141,392.60090344964993,349.07441985975237,43.526483589897566,22.885683304279695,8.0488957286681,14.836787575611595
frame_kuX_573.03_573.38,6.470728639791901,0.0,1.4527530330462706,407.7269811540061,357.4893415267004,50.237639627305725,300.6187999197592,239.86166559819117,60.75713432156806
frame_sus_573.38_573.46,3.4042525233955416,0.849999999999909,0.0,370.761852159592,333.5226755613486,37.23917659824343,3.9606868779815727,0.7243947773987429,3.23629210058283
frame_majs_574.31_574.48,14.826760338740002,0.0,-0.27505421816228076,407.97021597181754,362.50991919937894,45.460296772438596,26.74005345235281,10.307164207622321,16.43288924473049
frame_ujs_574.48_574.61,21.09420615556857,0.0,-0.4004612732727255,397.0704211726003,354.7841111882319,42.2863099843683,8.336370325648716,4.73885274022939,3.5975175854193253
frame_kuX_574.61_574.81,95.59166454304844,0.0,0.44190886596231116,398.4854939733848,354.2899745414702,44.19551943191459,498.78141693664793,404.10732930315993,94.674087633488
frame_sus_574.81_574.9,174.81545489536714,0.0,0.0,378.77938114102267,337.9542015985286,40.825179542494084,0.6402841414099356,0.4105159700976273,0.2297681713123083
frame_de_574.9_575.34,9.344033784228259,0.0,-0.23198724542380286,403.8959682546855,350.34312521408845,53.55284304059711,89.83206789455224,55.666121252415934,34.165946642136305
frame_lis_575.34_575.44,51.9424558193069,0.12999999999999545,-0.448231590600529,385.39738835844133,345.24302113968696,40.15436721875437,11.312427457684237,6.022098956350078,5.290328501334159
frame_i~_575.57_575.68,49.724198213834114,0.0,0.3502489218825274,397.47864559858346,354.92273835166196,42.55590724692149,128.57144960173298,38.39534935922006,90.1761002425129
frame_klu_575.68_575.84,3.9710013172651486,0.0,-0.4004612732708102,400.2378964581433,353.78431199944487,46.45358445869846,11.734791589334407,7.279325724012693,4.455465865321713
frame_zi_575.84_576.0,10.92759174237355,0.0,-0.1610330484149157,397.3886290900586,352.03732851759764,45.35130057246096,13.555981379383297,6.323221151541588,7.232760227841709
frame_vi_576.0_576.07,9.153613577769448,0.0,-0.5918308616917031,399.4509362419216,356.94415629678747,42.506779945134156,10.5320793096094,3.4676698638149333,7.0644094457944675
frame_ew_576.07_576.13,6.540569727601792,0.0,-0.8804284990523507,390.262570935704,350.33794982850463,39.92462110719936,5.008015024773357,2.0349605815818848,2.9730544431914723
frame_te~_576.13_576.25,31.05254293760504,0.0,-0.6916519797181919,400.8996105798266,356.4732234588349,44.42638712099165,157.00625014626377,49.40896219432244,107.59728795194131
frame_Ju_576.25_576.31,8.871062861004617,0.0,-0.5689353011197329,403.1823144577182,360.45688702185413,42.72542743586405,1.1497516707111117,0.5744088704238095,0.5753428002873022
frame_u~_576.31_576.36,11.293878149009572,0.0,-0.5814653400430772,394.2336172088659,354.1866101819452,40.04700702692071,6.613270433172033,5.187506566654946,1.4257638665170873
frame_pow_576.36_576.49,6.112177753628998,0.0,-0.8739373730126513,397.75238491870647,354.4875436687108,43.26484124999564,28.38087541033761,19.677571798715036,8.703303611622573
frame_ku_576.49_576.59,1.141748638112574,0.0,-0.23198724542380286,399.13479781667104,355.376734327211,43.75806348946003,21.154711870568917,9.733620454067534,11.421091416501383
frame_dZi_576.59_576.67,137.54559366676813,0.0,-0.5918308616933357,390.78087357159745,348.8234945735961,41.95737899800133,2.893190110180683,1.172660611678765,1.720529498501918
frame_es_576.67_576.76,125.04693605970684,0.0,-0.8804284990500769,373.0823127113134,332.74613526757804,40.33617744373538,34.47086732435854,21.891871277685226,12.57899604667331
frame_pe_576.76_576.87,23.509200194524226,0.0,-0.4804393314101115,401.67423947055124,358.06768692332474,43.6065525472265,25.842804238836322,11.170145791932725,14.672658446903597
frame_ri_576.87_576.94,9.489822617481877,0.0,-0.5918308616917031,401.51786441133146,359.0108326981636,42.50703171316786,5.87646073787792,2.621273639248301,3.2551870986296194
frame_e~_576.94_577.05,8.604564459843317,0.0,0.2023804828097414,401.01214148603697,359.0773232307714,41.934818255265554,12.40804616834481,8.95801272121625,3.450033447128561
frame_sia_577.05_577.15,3.503454789311718,0.0,-0.5918308616933357,397.1150762384909,354.0437956687266,43.07128056976427,20.385206549690025,13.290834546181316,7.09437200350871
frame_ni_577.15_577.26,14.931125627848218,0.0,-0.30463231950772235,401.81645255590706,359.12745726902585,42.688995286881266,7.549679202272188,4.642712300936779,2.9069669013354087
frame_su_577.26_577.32,8.29257895628686,0.0,-0.5689353011178175,378.25700000959523,338.2027640378797,40.054235971715514,9.876687458985629,1.7744190618768698,8.102268397108759
frame_poX_577.32_577.41,7.778087248448571,0.0,-0.8739373730148412,377.2198922644929,336.37256893072157,40.84732333377133,7.895269782413692,1.887001831544893,6.008267950868799
frame_ki_577.41_577.52,2.8492646262774883,0.0,-0.5918308616933357,394.60604923064597,351.7363750310952,42.869674199550786,38.19465728906198,19.17662423678624,19.01803305227574
frame_es_577.52_577.62,137.25429952757958,0.0,-0.8804284990523507,380.5084192007238,340.8684940293967,39.63992517132709,1.0935111718679025,0.4652652360945524,0.6282459357733501
frame_ta_577.62_577.78,14.309748054203055,0.0,-0.004319033177431361,399.93974605900723,354.73773265080615,45.20201340820108,27.002737177846484,20.088411492789703,6.914325685056781
frame_Zi_577.78_577.93,25.076196806217155,0.0,-0.30463231950772235,407.01292707300496,360.7437214604166,46.26920561258834,94.79856525830576,52.69642409766374,42.10214116064202
frame_ej_577.93_578.07,39.90483533205128,0.2799999999999727,-0.08045016376559877,404.0472196012083,360.7168419806774,43.33037762053095,45.43949497744279,24.650480757112888,20.789014220329904
frame_sa~w~_578.35_578.65,38.759039497445,0.0,-0.6984438112403385,399.50726233140034,351.3705487909219,48.13671354047847,42.133074980130885,20.474216461760562,21.658858518370323
frame_kuX_578.65_578.94,23.67650732524089,0.0,0.7788569216582412,402.68299478731416,355.67610968696994,47.00688510034422,36.59534791992104,17.61610695774226,18.97924096217878
frame_sus_578.94_579.02,33.8917737126618,0.5900000000000318,0.0,374.7065489118937,335.03538004183383,39.67116887005989,15.83552667144562,6.327885184224726,9.507641487220894
frame_an_579.61_580.27,0.12527187493904535,0.5900000000000318,5.5457522589850505,402.67597410596653,340.29809983634806,62.377874269618474,40.912486249071605,26.39410368033097,14.518382568740634
frame_to_580.86_581.12,44.809575968232195,0.0,1.2449574738269318,407.4744352097715,360.5245586052239,46.94987660454757,43.7421959055124,16.13963858225719,27.602557323255212
frame_taw_581.12_581.26,2.1440300193377766,0.0,-0.6811569956357075,410.1121139582287,364.54791059212084,45.56420336610785,72.48753156930741,42.55776837592606,29.929763193381348
frame_me~_581.26_581.59,19.125578045797624,0.0,2.1394508182903182,406.5923875434891,357.15136033982446,49.441027203664646,64.63336115551695,31.048809497597233,33.58455165791972
frame_tSi_581.59_581.96,7.246041689624519,0.2999999999999545,3.285349457817341,398.25774181523104,350.1073585409866,48.15038327424446,41.073992983399876,20.167016301506976,20.9069766818929
frame_a_582.26_582.85,4.874588337448699,0.32999999999992724,6.628692998919831,397.7937116995364,340.90421159085605,56.88950010868035,26.91527345830238,11.110417826548797,15.804855631753583
frame_a_583.18_583.37,7.187267195641994,0.0,1.2139892992490047,399.082010046454,357.6185648915069,41.463445154947124,7.0330699806769985,4.2544149278825785,2.77865505279442
frame_tu_583.37_583.53,6.714817510647009,0.0,0.44190886596231116,383.9376520741383,341.1154779507907,42.82217412334762,31.876099889873814,17.029156820309083,14.84694306956473
frame_dZi_583.53_583.64,13.84411822791219,0.0,-0.1610330484149157,395.0701631488096,352.4286474413885,42.64151570742115,20.08988274870464,10.181107597926058,9.908775150778581
frame_me_583.64_583.85,34.02438030659562,0.0,1.1195173391611184,408.1474296199143,361.39076117499985,46.75666844491445,63.92737766322267,23.41615434805925,40.51122331516342
frame_ka~_583.85_584.06,17.896508622109025,0.0,0.3587896290608773,411.1275832344145,364.2873698400326,46.84021339438186,66.99221932912502,30.02476313053984,36.96745619858518
frame_ni_584.06_584.21,14.142519793152076,0.0,0.2697647648651368,397.06974827085946,354.6732630835593,42.39648518730013,18.15900351137998,5.571791112708723,12.587212398671255
frame_kus_584.21_584.39,26.578068340025794,0.0,-0.06351321757679552,387.9326959104293,342.6189117452442,45.3137841651851,56.10359664039635,35.695692776802275,20.407903863594072
frame_na~w~_584.39_584.64,2.1867468939468324,0.0,-0.8746493846262117,400.26820746365274,354.92108381673813,45.34712364691461,34.591087707396326,9.334158497685223,25.256929209711103
frame_na~w~_584.64_584.85,39.8506510879854,0.0,-0.6984438112423418,411.6796371675696,362.7016816914952,48.977955476074385,38.586670157590504,22.38533657636583,16.201333581224674
frame_e~_584.85_585.02,75.2646239519807,0.0,1.0964129453393687,410.78609889524023,365.0683563913362,45.71774250390405,45.361465072993155,14.840929278197564,30.52053579479559
frame_tra_585.02_585.14,16.80192141271752,0.0,-0.5457894031455912,406.4617469118135,361.5221013690288,44.93964554278472,85.65054360142773,55.88417451786219,29.766369083565536
frame_a_585.14_585.23,15.73172333091054,0.0,-0.1396866256690866,386.2152919544095,346.3834311271136,39.831860827295884,9.60995706789106,4.534662815641809,5.07529425224925
frame_paX_585.23_585.44,20.457659361769487,0.0,-0.004319033177431361,402.3752112728481,359.64885340086033,42.72635787198777,36.40028110282023,22.02467101570494,14.375610087115291
frame_tSi_585.44_585.57,18.590001254027726,0.0,0.4133640359579434,397.1797636653162,354.5244820807632,42.655281584552995,32.46857614961564,18.62299502146402,13.845581128151622
frame_te_585.57_585.84,12.825900781954573,0.0,2.519479425911229,412.6571715674419,362.7138446042802,49.94332696316167,32.444359112642246,26.981360409480402,5.462998703161844
frame_O_585.84_585.92,3.0888352461863917,0.0,-0.6077321556855754,412.15595579298076,368.9275122018281,43.22844359115271,8.93973704474891,4.884515302390099,4.05522174235881
frame_ri_585.92_586.0,5.647563961391569,0.0,-0.448231590600529,398.054597079288,356.1791359296659,41.87546114962208,10.584528334875813,3.5092833929744245,7.0752449419013885
frame_ka_586.0_586.1,1.5284449123828097,0.0,-0.8165245881273627,397.25562787961996,355.979730028155,41.27589785146495,22.94974945117025,12.767606618370365,10.182142832799883
frame_ki_586.1_586.21,11.309755215997143,0.0,-0.5918308616917031,401.7115488293679,358.9106078699439,42.800940959424054,10.46840285641946,8.559182334722294,1.909220521697165
frame_e_586.21_586.24,1.8500543616098355,0.0,-0.8804284990523507,387.04891504316777,345.5252184209886,41.52369662217916,1.3317298153341426,0.8226801950120262,0.5090496203221164
frame_lis_586.24_586.41,21.198651908259848,0.0,-0.448231590600529,390.841114981153,349.14805304746835,41.693061933684646,19.906493704430545,9.37089366137198,10.535600043058565
frame_te~_586.41_586.58,2.8968375818397476,0.0,-0.09563033803120903,410.1952844861011,364.3689052721947,45.82637921390642,29.21569710900914,21.155323024148657,8.060374084860484
frame_Ja~w~_586.58_586.72,22.260796860672173,0.0,-0.8746493846262117,400.168613154914,355.4358579397379,44.7327552151761,25.16844229075403,7.026235086331212,18.142207204422817
frame_ki_586.72_586.82,9.577632795733962,0.0,-0.5918308616917031,396.31382031621735,354.3504703945859,41.96334992163145,26.19259226616896,11.151408663809661,15.041183602359297
frame_a_586.82_586.89,20.50935736990712,0.0,-0.410421810653936,383.1974178062088,343.89428948191437,39.30312832429445,6.180448859513405,3.4516804303484037,2.728768429165001
frame_pre~_586.89_587.09,18.395045716739475,0.0,0.5003913036540798,398.3730675043956,352.3912889162372,45.98177858815836,24.148063558049387,10.529085960157829,13.618977597891558
frame_deX_587.09_587.22,51.04800847122928,0.2999999999999545,-0.48043933140783784,393.406804577182,351.86310427689335,41.54370030028866,18.107190530712188,8.882810251195934,9.224380279516254
frame_e_587.52_587.55,66.09863018181758,0.0,-0.8804284990523507,381.9272289092384,341.4407310333064,40.486497875932,16.895605206906396,10.955814549223106,5.9397906576832895
frame_lis_587.55_587.68,31.957376609454087,0.0,-0.30463231950772235,399.3773773028476,354.73120538226374,44.64617192058387,14.457979825988417,6.91242811526169,7.545551710726727
frame_a_587.68_587.8,9.727648725920659,0.0,0.26641615180587913,405.9316143765073,363.0166635087188,42.91495086778849,19.13743425610093,10.322301661626653,8.815132594474278
frame_pre~_587.8_587.96,11.069189920235146,0.0,-0.09563033803120903,406.6794396875142,360.9936723023176,45.685767385196584,19.54104023618646,8.266535214688133,11.274505021498328
frame_de~j~_587.96_588.05,7.7975154625650305,0.0,-0.9896628005608363,405.259223528967,361.4400047323884,43.819218796578696,5.5151121246206,3.590763292546484,1.9243488320741164
frame_sO_588.05_588.3,65.24975602045106,0.0,-0.13172519630750182,410.2381487606897,360.7697985125745,49.4683502481152,121.63706729804292,44.512155749398346,77.12491154864458
frame_u_588.3_588.33,86.70134832033568,0.0,-0.5689353011178175,387.61408645123737,347.4468748226275,40.16721162860989,2.5721627762478647,1.9467027243781558,0.6254600518697089
frame_me_588.33_588.6,56.470471761219244,0.0,2.7194740097323487,406.24304712411737,359.5405545950457,46.70249252907166,52.53820902868955,19.8058047972346,32.73240423145495
frame_ka_588.6_588.79,47.78726366568549,0.0,-0.5457894031455912,408.46613051126934,362.2658738432356,46.20025666803372,14.674520405159114,9.847991479918392,4.826528925240723
frame_niz_588.79_589.07,2.9734612735513792,0.0,0.7005625781435567,406.9940092220729,359.17586220125486,47.81814702081806,29.711576324206277,17.00550285888704,12.706073465319236
frame_mu_589.07_589.22,26.820040996522494,0.0,0.10496081027021181,403.5416198993675,360.20936905209174,43.33225084727576,14.273118265549556,5.782711972155909,8.490406293393647
frame_da_589.22_589.44,19.57377476899609,0.0,0.807886521774039,397.2209292679709,353.8911692097007,43.32976005827021,51.26244143719404,16.164841042563125,35.097600394630916
frame_koj_589.44_589.68,80.24059271883783,0.0,0.47445025679435615,398.89548701098397,351.8437143419524,47.05177266903155,38.5760661990125,26.930277046845987,11.645789152166515
frame_za_589.68_589.74,83.20525038292473,0.7999999999999545,-0.9518921806205569,374.9623967746838,335.6022123128846,39.36018446179918,9.147547155754438,4.48518376806706,4.662363387687378
frame_e~_590.54_590.57,,0.0,-0.9896628005591424,347.74170937037854,310.1764240080271,37.56528536235152,,,
frame_ta~w~_590.57_590.73,1.2836797993517166,0.0,-0.34603266447259884,410.1025833915598,363.83966471288153,46.26291867867826,25.56628253809731,12.411323048126803,13.154959489970508
frame_e_590.73_590.76,37.30342571995283,0.0,-0.8804284990523507,396.6241692776566,355.4432497112909,41.18091956636573,2.7995287015154986,1.1962618097802533,1.6032668917352453
frame_lis_590.76_590.85,14.872317309348091,0.0,-0.5918308616917031,391.1562215705228,348.4652799150258,42.690941655497,19.57170822163465,7.48629051595708,12.085417705677571
frame_sa~w~_590.85_591.03,20.68175135101336,0.0,-0.34603266447259884,410.8339691252148,363.7715705339094,47.062398591305396,39.01193306598094,23.31902316385873,15.69290990212221
frame_su_591.03_591.22,79.31041291226575,0.0,0.27343483811721914,409.2730128881472,362.7457033244864,46.52730956366082,138.05589100703423,55.94718648331656,82.10870452371768
frame_peX_591.22_591.39,73.23456658410964,0.0,0.5195335876977598,404.79336193408807,360.72886074764403,44.06450118644403,131.20975431064102,61.97507823607589,69.23467607456513
frame_es_591.39_591.45,32.45290068383042,0.0,-0.8804284990523507,380.17189311738724,341.2896407229049,38.88225239448235,22.01118630966772,14.612370975793851,7.39881533387387
frame_pe_591.45_591.6,29.772918306735562,0.0,0.7195281715188794,403.222377829651,358.93963234827504,44.28274548137597,74.8357555338095,47.998741422930266,26.837014110879238
frame_si_591.6_591.66,40.01652726710387,0.0,-0.5918308616933357,384.79768693763486,343.4260971955556,41.371589742079266,23.165015639379533,10.848336516066013,12.31667912331352
frame_a_591.66_591.74,6.986924928913822,0.0,-0.2750542181607418,400.1598450523045,359.0651694734498,41.09467557885466,23.322906727665895,13.826121415380214,9.496785312285681
frame_li_591.74_591.86,10.968715929226335,0.0,-0.017433777320476507,393.8330850514542,350.661828492961,43.17125655849321,35.4825475941104,12.351465712656022,23.131081881454378
frame_za_591.86_591.92,15.13287418139464,0.0,-0.9518921806205569,369.045322050215,331.2359500640215,37.809371986193526,78.66865934999777,32.97972734854511,45.688932001452656
frame_dus_591.92_592.08,61.57510379556439,0.0,-0.5689353011197329,407.2760426744094,361.0172091054799,46.258833568929504,35.89134538775181,21.406060533684524,14.485284854067288
frame_e_592.08_592.13,26.690346135192215,0.0,-0.4804393314101115,401.15117636968023,359.70503424747676,41.44614212220347,1.310804524079657,0.35021540706566157,0.9605891170139955
frame_lis_592.13_592.24,90.40139414405115,0.0,-0.5918308616917031,393.78384520185256,352.2286687626385,41.55517643921405,179.2975149500467,55.636065081428626,123.66144986861806
frame_sa~w~_592.24_592.41,1.0892325095520619,0.0,0.35878962906288053,404.9562814879896,361.4901380755078,43.46614341248181,38.480179377416675,16.531345840266795,21.94883353714988
frame_ki_592.41_592.5,6.311125901183573,0.0,-0.5918308616933357,407.1120074416086,362.6908194617662,44.4211879798425,28.766360265359936,8.588233294234158,20.178126971125778
frame_ne~j~_592.5_592.68,72.20091349720116,0.0,0.05337507239011319,408.46124043798557,361.9656415602296,46.49559887775598,127.56177209887261,45.32218475443511,82.2395873444375
frame_ma_592.68_592.95,15.965621319326658,0.0,1.2139892992490047,404.31109447470874,360.1128714502638,44.198223024444985,84.56002453575368,55.702275353369316,28.857749182384367
frame_ki~_592.95_593.04,53.56930221711221,0.0,-0.9271294991051637,397.3286856489482,353.7828653238452,43.545820325102966,36.20600314961848,19.409354010659968,16.796649138958514
frame_nas_593.04_593.21,86.52887251367878,0.0,-0.004319033178970312,397.5065587803191,354.1485328930943,43.358025887224755,16.238747212393434,8.099118846366196,8.139628366027239
frame_mez_593.21_593.41,96.15063808569565,0.0,-0.08045016376559877,398.3128037102962,352.70291244764434,45.60989126265184,24.61244586152776,11.787841283587568,12.824604577940192
frame_mu_593.41_593.47,104.88834080632293,0.2899999999999636,-0.5689353011197329,380.48050022206826,341.2319823052793,39.248517916788956,1.114013670198517,0.6364756276828416,0.47753804251567544
frame_e_593.76_593.8,34.40590272715468,0.0,-0.6804339152312311,399.937599362332,357.9153556705704,42.02224369176156,2.919547935899459,1.4390073839009574,1.4805405519985015
frame_lis_593.8_594.0,31.043710362099404,0.0,0.26976476486350426,397.73532532582635,353.16368311412884,44.57164221169751,17.290118890181276,7.3471315370900925,9.942987353091183
frame_fa_594.0_594.18,21.457510461425272,0.0,0.5371513367891896,404.4836024014629,358.4473042686773,46.03629813278559,25.692980415483078,12.296178710543643,13.396801704939435
frame_ze~j~_594.18_594.3,26.839880250321357,0.0,-0.8406573901395141,406.80762323723843,362.68438890071576,44.12323433652267,16.362422415324545,9.157174506847298,7.205247908477247
frame_sO_594.3_594.58,69.70471273364757,0.0,-0.13172519630569798,408.341742853754,360.08524554192456,48.25649731182949,84.5086028808301,39.15438315543474,45.35421972539535
frame_a_594.58_594.69,92.9225622171927,0.0,0.13104855931422388,375.93390721429444,336.176605142365,39.757302071929416,1.4636956369228358,0.9787301180209624,0.48496551890187334
frame_ki_594.69_594.93,44.63819494709557,0.0,1.1313603914219768,403.8911825149065,356.36981541410387,47.52136710080265,67.0824935111203,29.532846292746797,37.54964721837351
frame_lu_594.93_595.49,116.67557236253464,1.4399999999999409,7.686292063391288,386.6810102769032,332.0957077882515,54.58530248865168,183.6706674927126,100.11092868968674,83.55973880302587
frame_e~_596.93_597.02,24.98328358746798,0.0,-0.09563033803120903,399.3620541518754,358.6203264069243,40.741727744951106,5.249680817630917,2.362739186021173,2.8869416316097443
frame_ta~w~_597.02_597.27,24.637152841448483,0.0,0.18258405567901068,408.4346140115256,359.532846193915,48.90176781761056,36.02802059089703,20.286347085155626,15.741673505741403
frame_sa~w~_597.27_597.58,38.77913232117601,0.0,1.7684342161338393,407.7744781871995,357.89968616322295,49.87479202397657,176.18948395998768,47.28837679949328,128.9011071604944
frame_a_597.58_598.18,26.944721152061305,0.4900000000000091,6.764060591409947,402.11568135836274,344.67985754139727,57.43582381696547,180.1381114454485,126.70034571023089,53.437765735217596
frame_a_598.67_598.85,4.534204587392566,0.0,1.0786217067573494,400.34476066202404,357.1342946607502,43.21046600127386,7.916892420576545,2.1917212792410226,5.725171141335522
frame_paX_598.85_599.24,12.680704249725864,0.0,0.6725189292808448,405.2664493177973,353.6869347889819,51.57951452881542,46.987634082136566,33.5055557123722,13.482078369764366
frame_tSi_599.24_599.54,18.43743112961593,0.0,2.5673531023516754,401.9633053125923,352.5802048913921,49.3831004212002,46.969601509024386,16.89565677539261,30.073944733631777
frame_dZi_599.54_599.77,26.1595296397619,0.0,1.5621582047003966,392.20871890744513,347.6424657965727,44.566253110872424,25.189303975255143,11.047182687465721,14.142121287789422
frame_dZi_599.77_599.87,17.467938687756515,0.0,-0.017433777320476507,397.34264191734053,353.78545176752993,43.55719014981065,20.89839927676107,9.198635234046748,11.699764042714321
frame_o_599.87_599.9,17.536282826021477,0.0,-0.8739373730148412,374.10257376946237,335.1698165498495,38.93275721961288,8.345083341284408,3.1951196827664887,5.149963658517919
frame_pe_599.9_600.08,17.192272642099823,0.0,0.3195390038766403,402.13818832692607,356.58574151129415,45.552446815631924,40.34277954514678,26.260200780917472,14.08257876422931
frame_ra_600.08_600.21,7.452271143822941,0.0,-0.004319033177431361,404.05932485311763,358.75994162260866,45.299383230508965,10.577651818101998,7.029328007959492,3.548323810142506
frame_rius_600.21_600.45,4.836315483111264,0.2699999999999818,-0.5918308616933357,396.69961193184946,350.50700579997664,46.19260613187282,16.392474942098232,10.983438331224136,5.409036610874097
frame_ew_600.72_600.82,9.157573185370666,0.0,-0.28044474758899196,408.7470214607996,365.2013452201432,43.545676240656405,43.037029779551574,22.953930981266012,20.08309879828556
frame_a_600.82_601.03,33.243870290824134,0.0,1.4847244842307763,410.6664539239734,364.0810614624493,46.585392461524066,30.85210469475112,17.173731640325684,13.678373054425435
frame_Su_601.03_601.19,19.07529370320549,0.0,-0.23198724542380286,396.23218761913375,350.4064164298056,45.82577118932818,24.49264347754942,9.059916312916272,15.43272716463315
frame_ki_601.19_601.32,24.35829502410016,0.0,-0.44823159059889645,400.8592863303184,357.09356641039625,43.76571991992216,26.82532319798969,7.178749037550688,19.646574160439002
frame_nes_601.32_601.56,27.916083150922873,0.0,1.319511922982238,407.3283929711793,360.13991721338374,47.18847575779557,91.24689901450304,32.606129276977924,58.64076973752512
frame_ta_601.56_601.76,17.894213814833535,0.0,0.6725189292808448,400.52082923496266,356.8055107992272,43.71531843573547,86.69585699859533,65.65732486496321,21.038532133632117
frame_paX_601.76_602.1,4.668007589075245,0.0,0.6725189292823838,401.09976682939964,353.4638665984935,47.635900230906145,56.445698003394995,16.704995950679944,39.74070205271505
frame_tSi_602.1_602.27,60.478403294811415,0.2699999999999818,0.8441618492363634,395.86937189162063,352.2528681279308,43.61650376368982,35.88334482326562,24.829766470854338,11.053578352411279
frame_se~j~_602.54_602.75,74.35915676764421,0.0,0.2023804828114354,411.9810444767863,362.5883041068362,49.392740369950104,29.679572945405823,11.825578453970593,17.85399449143523
frame_es_602.75_602.88,51.4377393130365,0.0,-0.28044474758899196,405.7035717305956,361.51469462799025,44.18887710260543,34.14737610883486,17.642679294336915,16.504696814497947
frame_ko_602.88_602.98,20.165330598581875,0.0,-0.6813105687566973,404.4175631004063,360.5692082158108,43.848354884595494,73.65349924303109,46.79201913947645,26.86148010355464
frame_la_602.98_603.12,30.520326457464364,0.0,-0.004319033177431361,407.97601929670236,362.9308257825242,45.04519351417815,21.491417767470267,13.070930133693565,8.420487633776702
frame_ri_603.12_603.19,36.7553602887279,0.0,-0.44823159059889645,397.00285970050567,355.53032607038193,41.472533630123735,14.095095690198832,3.0914246596290127,11.00367103056982
frame_da_603.19_603.39,55.76922014637438,0.0,0.40178374429753433,406.48838234356725,361.12505844555113,45.36332389801612,34.08628383375938,24.106360576037645,9.979923257721737
frame_dZi_603.39_603.45,7.00781390629416,0.0,-0.5918308616917031,399.2990102095622,358.5394065273582,40.75960368220399,43.83354659692196,16.421379322157094,27.41216727476487
frame_i_603.45_603.53,35.64064045301154,0.0,0.1261654937706976,403.2066020290652,364.2097744377978,38.99682759126739,2.306721993178485,1.3000045291516926,1.0067174640267922
frame_es_603.53_603.59,35.14320783291271,0.0,-0.8804284990523507,383.55695855668637,344.82022693836683,38.73673161831954,3.4619077974208494,1.9598502705021588,1.5020575269186907
frame_pe_603.59_603.71,2.960547784902019,0.0,-0.28044474758671833,404.61017736721885,360.30239710190654,44.30778026531232,33.609937995571414,14.413424263057607,19.196513732513807
frame_si_603.71_603.83,2.759173027183465,0.0,-0.44823159059889645,397.18875532720074,353.24630324227496,43.942452084925776,8.947287151160822,3.6150086852775303,5.332278465883292
frame_a_603.83_603.89,38.2159150526347,0.0,-0.5457894031455912,401.3326557372593,360.77551162602265,40.55714411123665,5.777885367282124,4.3100125263808025,1.4678728409013218
frame_li_603.89_604.03,59.10123723770869,0.0,0.4133640359579434,397.01963991865426,353.329734348169,43.68990557048528,13.344697129136335,5.714502653877901,7.630194475258435
frame_za_604.03_604.25,1.9471960621005167,0.0,0.6725189292808448,402.1669287191169,357.1772224688369,44.98970625028005,97.94659353550566,23.375266579255396,74.57132695625026
frame_dus_604.25_604.35,37.43620915006986,0.0,-0.5689353011178175,384.8660683667099,343.08293030924557,41.78313805746433,15.437667453878959,8.739244486570811,6.698422967308147
frame_sO_604.35_604.5,33.628966764860195,0.0,-0.7664011421431294,404.2412214549115,358.9938148917461,45.247406563165384,13.98474631385045,7.991085141448423,5.993661172402028
frame_na_604.5_604.69,51.86562054277613,0.42999999999995,0.5371513367907286,401.05014457816947,356.9862663463653,44.06387823180415,80.45763933715017,52.02116321273468,28.436476124415492
frame_pa_605.12_605.27,11.88044074930309,0.0,-0.004319033177431361,410.69078220921847,364.2745678692436,46.416214339974886,11.858938499078107,8.834711961852918,3.0242265372251893
frame_ra_605.27_605.33,33.38441808696797,0.0,-0.951892180619018,400.1395844707962,357.57291424433004,42.56667022646616,7.397665937272137,6.314152657081394,1.0835132801907434
frame_daX_605.33_605.59,24.5022313324867,0.0,0.13104855931422388,407.65941004388355,362.02152534430945,45.63788469957416,28.51839301429831,10.56112709578207,17.957265918516242
frame_sEX_605.59_605.82,53.76390958291006,0.0,0.6719556036538346,404.954396522255,360.25104489638926,44.703351625865764,10.773620056231039,6.5974061274163205,4.176213928814718
frame_tu_605.82_605.88,51.18412419634893,0.0,-0.5689353011197329,377.90769925291204,338.7102114379962,39.19748781491586,16.09792937688951,10.482599378764633,5.615329998124878
frame_sO_605.88_606.03,67.01515095526452,0.0,-0.7664011421449332,409.5319403255337,363.1756660312566,46.356274294277114,33.87350313824652,9.257692533922238,24.61581060432428
frame_na_606.03_606.2,64.67160751633372,0.0,0.40178374429753433,401.45277823294384,358.10546915936004,43.3473090735838,32.866307780779664,14.999233388485266,17.8670743922944
frame_paX_606.2_606.47,26.390197982325844,0.0,0.9432541142641553,400.61505301883517,355.35336650495174,45.26168651388343,29.979853758624643,24.11885123054708,5.861002528077563
frame_tSi_606.47_606.59,3.355673379773748,0.0,0.12616549377233013,392.05013531830207,349.73618576645333,42.31394955184874,30.682335137012757,15.740150178885216,14.942184958127541
frame_dZi_606.59_606.74,4.866979010035351,0.0,0.4133640359579434,401.5695942137071,356.57040695531555,44.9991872583916,41.04126612336259,14.165472182719071,26.87579394064352
frame_o_606.74_606.82,1.2900641585364099,0.0,0.08919664827806831,398.18912984946576,357.1194711006369,41.069658748828886,3.979257331474372,3.05396861205719,0.9252887194171819
frame_pe_606.82_606.99,40.665621515831106,0.0,0.5195335876977598,404.74789451536304,359.81159637063246,44.936298144730586,50.19561679698191,16.213891737303243,33.981725059678666
frame_ra_606.99_607.21,20.214818565954005,0.0,1.0786217067573494,403.6758861450522,356.27412839380554,47.401757751246635,35.95858518792792,23.278581913755545,12.680003274172378
frame_rius_607.21_607.37,59.3004878141665,0.0,-0.30463231950772235,391.1960659336866,347.85855794116543,43.33750799252118,24.313042175140453,16.164422912859806,8.148619262280647
frame_es_607.37_607.5,54.09936286756249,0.0,-0.4804393314101115,388.6672653350796,347.0297850996949,41.637480235384714,11.335228352802545,5.5057663658538445,5.829461986948701
frame_pe_607.5_607.65,40.09490490725824,0.0,0.3195390038766403,394.31201331218114,351.9194236416927,42.39258967048846,31.510688379568933,24.012829175569493,7.49785920399944
frame_si_607.65_607.72,166.9115845344199,0.0,-0.5918308616933357,368.4778671515921,329.0745643957665,39.403302755825564,17.24767702342475,7.277090276460299,9.97058674696445
frame_a_607.72_607.82,48.61164976114483,0.0,-0.004319033177431361,393.0808314703701,351.3307027369573,41.750128733412794,8.476839114273957,5.845512063940532,2.631327050333425
frame_li_607.82_607.96,51.15929681547473,0.0,0.4133640359579434,386.1777179035668,342.5008348092241,43.67688309434271,7.700491513091578,2.6753551559185382,5.025136357173039
frame_za_607.96_608.18,86.9881690436163,0.0,0.8078865217725001,390.1576396758788,343.6690126063053,46.48862706957351,105.86526340525906,35.278416546199,70.58684685906006
frame_dus_608.18_608.48,124.33865639997647,0.9700000000000273,0.44190886596231116,381.3819025834201,333.6341471890637,47.74775539435643,125.88763106040173,74.82290848450042,51.06472257590131
frame_poX_609.45_609.59,4.753185709851891,0.0,-0.6813105687566973,395.68135574491475,352.6782065967276,43.00314914818716,31.613357872966645,19.465319727825886,12.14803814514076
frame_ki_609.59_609.8,29.714829629365568,0.0,0.5569633070491176,402.302981472261,355.8299373527555,46.473044119505516,27.58566796127741,16.58418150263887,11.001486458638539
frame_nu~_609.8_610.02,11.555030641640712,0.0,0.4727802297545846,398.07065525443693,351.8511215086103,46.21953374582665,9.641663295010176,3.9575365246760725,5.684126770334103
frame_nu~_610.02_610.3,0.10497393717082559,0.0,0.5480834847401319,405.5570532915482,354.9850895498755,50.571963741672675,11.303933514309676,6.675683252747206,4.628250261562471
frame_ni_610.3_610.48,13.948811772882067,0.0,0.8441618492363634,401.82340188182945,355.1328427557358,46.69055912609366,38.407795052935796,12.828423803536907,25.57937124939889
frame_vew_610.48_610.59,5.65006815133313,0.0,-0.8804284990523507,398.62379648451304,355.98221429545583,42.6415821890572,8.788300497264288,4.189957674856402,4.598342822407886
frame_dZi_610.59_610.7,27.767466621543576,0.0,-0.16103304841328314,401.35364526556435,357.57643157578053,43.77721368978382,112.72790418655379,32.32788252970869,80.4000216568451
frame_e_610.7_610.73,12.748130821482931,0.0,-0.8804284990523507,384.3707425094889,345.3641047023754,39.006637807113464,3.894260065779747,2.101423222780113,1.792836842999634
frame_du_610.73_610.86,3.8859865621138283,0.0,0.10496081027021181,397.3834386396299,354.73252479507187,42.65091384455803,20.37788247050895,9.128465149403723,11.249417321105227
frame_ka_610.86_611.11,13.044217173194482,0.0,0.6725189292808448,398.17171062855124,353.40432322843895,44.767387400112284,18.845267042525535,10.343857825148831,8.501409217376704
frame_sa~w~_611.11_611.62,11.570244086791291,0.0,2.8256676564390615,405.7036338086782,349.45209053361805,56.251543275060214,13.748299164050252,6.373563345085387,7.374735818964865
frame_dZi_611.62_611.83,55.804182897485674,0.06999999999993634,1.274959662516416,389.6366448465046,346.8897840627013,42.7468607838033,127.23339977134592,37.94332709447755,89.29007267686836
frame_a_611.9_612.03,64.06075406884881,0.0,0.40178374429753433,395.31804189171254,354.4812750372151,40.836766854497455,6.264950028075333,4.293709851933045,1.9712401761422882
frame_si~_612.03_612.45,13.22762586554407,0.30999999999994543,3.0646780664868167,405.1379203939438,353.8305621436252,51.3073582503186,266.9425764775539,99.75135211534223,167.1912243622117
frame_u~_612.76_612.81,25.456727704130998,0.0,-0.5814653400439332,400.51422608573506,358.895542829762,41.61868325597305,11.262068910897142,6.745548060860244,4.516520850036898
frame_ma_612.81_612.96,15.771498762516586,0.0,-0.2750542181607418,401.7732623100018,358.44461011522276,43.32865219477907,12.764395965042752,3.769739698238908,8.994656266803844
frame_pe_612.96_613.09,1.5859139945572451,0.0,0.3195390038766403,404.2201836213762,360.467346395609,43.752837225767166,45.60288287404265,27.57534471263449,18.02753816140816
frame_so_613.09_613.32,59.494905602711725,0.0,-0.10343015598007561,406.36197081616353,358.2814073221203,48.08056349404325,270.62555509122313,200.6215290066762,70.00402608454692
frame_a_613.32_613.37,17.760139243351915,0.0,-0.6811569956372465,394.9092839825662,354.13559626846614,40.77368771410005,14.705005008816357,6.794257715197887,7.910747293618471
frame_se~j~_613.37_613.68,35.26551412978441,0.0,0.2023804828114354,408.62482852178357,357.61489781842494,51.009930703358634,76.76938804965673,19.949475865478746,56.81991218417798
frame_es_613.68_613.76,43.315099535439316,0.0,-0.8804284990500769,385.387277047522,346.0398059214747,39.34747112604731,2.3563196209720445,1.3393874064294664,1.016932214542578
frame_ko_613.76_613.9,1.436123392686568,0.0,-0.29605696024040945,404.1108092836455,359.52653842251544,44.58427086113005,77.06388028057447,47.72146250425064,29.342417776323828
frame_la_613.9_614.06,36.90100208221571,0.0,0.13104855931268491,398.7325883959138,354.4282180751511,44.3043703207627,16.528903278445284,10.44135267825007,6.087550600195215
frame_ri_614.06_614.16,40.91834153239506,0.0,-0.017433777322109042,391.4528880585426,352.3457094957614,39.1071785627812,6.539686526240729,2.3765281257533672,4.163158400487362
frame_da_614.16_614.55,19.305150408182527,0.0,2.567665224165557,406.25094603323475,354.76477997566855,51.48616605756621,192.87056180330373,47.78958235027585,145.08097945302788
frame_dZi_614.55_614.62,163.75254258328192,0.6399999999999864,-0.5918308616933357,377.65888122154865,336.58131772059505,41.0775635009536,2.795859439052009,0.9852660880283253,1.8105933510236838
frame_E_615.26_615.29,118.58032206005555,0.0,-0.8152726079886352,386.7480412444993,345.82074062156926,40.927300622930034,0.920734981410547,0.5754780434229616,0.3452569379875854
frame_la_615.29_615.37,5.062557105221572,0.0,-0.6811569956372465,403.4764653203,360.3183715568708,43.158093763429235,6.973053018606976,3.0967101508362873,3.8763428677706884
frame_na~w~_615.37_615.57,47.576777616557706,0.0,-0.8746493846242084,403.6578121877498,359.04213944394553,44.61567274380428,43.65536419506401,21.75770667891851,21.8976575161455
frame_po_615.57_615.79,12.207469505433068,0.0,1.2449574738269318,411.91918532248894,363.73435553829444,48.184829784194505,69.17000719876788,44.241665930397545,24.928341268370332
frame_dZi_615.79_615.92,2.039940205486033,0.0,-0.448231590600529,385.6081183169931,342.4690771480859,43.13904116890723,16.877699820808203,4.7519498333318495,12.125749987476354
frame_poX_615.92_616.1,7.080605834226276,0.0,-0.8739373730148412,394.67075305093687,351.4390511434674,43.23170190746947,24.75181567063433,12.926994439006393,11.824821231627936
frame_ki_616.1_616.29,16.020341836024926,0.0,0.26976476486350426,403.0204652523994,356.8348899948656,46.1855752575338,51.160407812312116,27.064564342738578,24.095843469573538
frame_na~w~_616.29_616.54,26.75177254218633,0.43000000000006366,-0.8746493846262117,400.3414439576125,353.42478893797573,46.91665501963678,26.793526245137542,9.695132616350463,17.09839362878708
frame_e~j~_616.97_617.05,39.81495706828912,0.0,-0.9896628005608363,405.66515943379227,362.702808256171,42.962351177621315,8.513882382949362,5.187664624789875,3.326217758159487
frame_seX_617.05_617.32,22.58931649598196,0.0,0.7195281715188794,405.17881148062077,360.60150747213044,44.57730400849033,154.40609397193862,42.73808660953861,111.66800736239999
frame_tus_617.32_617.47,27.02010032254765,0.0,-0.5689353011197329,397.48439550202215,352.98454224021424,44.499853261807914,30.37724022120338,15.996708060040191,14.380532161163188
frame_Ra~_617.47_617.73,21.532038887878144,0.0,1.2398174959822297,410.29184860282686,360.61951684720975,49.67233175561711,118.55895789468997,52.896878872027486,65.66207902266248
frame_mus_617.73_618.01,44.39442447301218,0.0,1.9581751165892078,404.683042639046,356.84287838643326,47.84016425261274,198.66305517801936,76.65405709870902,122.00899807931035
frame_na~w~_618.01_618.34,7.177106309685712,0.0,-0.5222382378584719,407.24241881646975,355.2326245917758,52.00979422469396,40.401880976019584,18.22537786206459,22.176503113954993
frame_e_618.34_618.37,16.427168673900212,0.0,-0.8804284990523507,379.0053056403216,338.9455650712591,40.059740569062456,5.79222674189694,3.3353282546279956,2.456898487268944
frame_zis_618.37_618.72,20.463551101746503,0.0,0.98776112032917,404.39662955378026,354.2031796880239,50.19344986575635,281.64079863269865,80.38762502942708,201.25317360327153
frame_tSi_618.72_618.88,80.70667756619142,0.0,0.12616549377233013,395.4479766936499,352.14022015136334,43.30775654228654,128.39620307760666,49.56143645255253,78.83476662505413
frame_nE_618.88_619.04,30.382622930744617,0.5600000000000591,0.1408026709248124,393.20889013520036,349.2712187410757,43.93767139412466,40.31326962574059,20.473343641941568,19.83992598379902
frame_a_619.6_619.72,25.078373683275743,0.0,0.26641615180587913,396.48102461331297,354.50557126087085,41.975453352442116,9.24472884300505,4.342391596100953,4.9023372469040964
frame_paX_619.72_619.95,15.844354262079975,0.0,-0.1396866256690866,402.6902345888553,357.5876269394505,45.102607649404774,6.309461866855912,2.689041206923349,3.620420659932563
frame_tSi_619.95_620.01,152.00494737861467,0.0,-0.5918308616933357,370.75521029046166,331.1511346685049,39.60407562195678,0.6132906367659388,0.31141774630891206,0.3018728904570267
frame_sO_620.01_620.18,21.38902793095309,0.0,-0.925070128604291,407.76510487790625,362.01549617505026,45.749608702855994,26.396638573623477,17.80485293062884,8.591785642994637
frame_me_620.18_620.35,35.350302332646635,0.0,0.5195335876977598,403.8322760058705,360.6335941477123,43.19868185815818,26.127901217324535,10.569931045933771,15.557970171390764
frame_ka~_620.35_620.59,7.571306276802716,0.0,0.5349952024467504,411.93478226318905,362.29678726486367,49.63799499832538,46.40337856250318,18.55725063163146,27.846127930871717
frame_ni_620.59_620.77,29.23147654852204,0.0,0.2697647648651368,395.0672298158211,351.60415261207993,43.46307720374119,26.783223727196884,6.197801323881578,20.585422403315306
frame_ka_620.77_620.85,86.8699181729043,0.0,-0.9518921806205569,370.3162600330009,332.2072902344217,38.10896979857921,147.79397209811356,83.06259765791381,64.73137444019976
frame_na_620.85_620.94,21.686249479692094,0.4799999999999045,-0.5457894031440523,364.8998776891902,327.1785558458343,37.721321843355895,58.64954631475075,30.47389001539696,28.17565629935379
frame_e_621.42_621.52,26.57604348692567,0.0,0.5195335876977598,396.1524678819656,355.3445431747551,40.80792470721053,3.372075879595627,1.6590962852670543,1.7129795943285728
frame_du_621.52_621.61,0.12586955112945475,0.0,-0.4004612732727255,396.4978075788654,354.26991411693325,42.227893461932126,27.057525099813347,5.158880947178233,21.898644152635114
frame_ka_621.61_621.81,49.83132168592769,0.0,-0.004319033178970312,403.7061561968137,358.578866784793,45.12728941202073,11.560534189872925,5.024832840769193,6.535701349103732
frame_sa~w~_621.81_622.14,0.748035611185685,0.0,0.35878962906288053,403.4744543805167,353.17384817393156,50.300606206585144,44.19196587034452,34.30730196673707,9.884663903607446
frame_e~j~_622.14_622.27,18.849524001540544,0.0,-0.6916519797164978,397.1281743868122,353.22427323747513,43.90390114933706,17.296868893577,11.031113327787239,6.26575556578976
frame_ow_622.27_622.35,14.53326716708304,0.0,-0.48868376449636347,394.53740065865753,352.95718263453904,41.580218024118494,5.506625992674856,2.979308454076943,2.527317538597913
frame_tras_622.35_622.56,16.127550975636126,0.0,-0.9518921806205569,380.77439807074757,335.95837940070953,44.816018670038034,1.3764571155265344,0.8825233776526318,0.4939337378739026
frame_pro_622.56_622.66,1.5850870993385229,0.0,-0.8739373730148412,397.35571613996086,354.107397905509,43.24831823445186,20.290223846146205,14.17484266046165,6.115381185684555
frame_fi_622.66_622.81,15.90792685412228,0.0,-0.448231590600529,391.22596357467273,346.84768546345464,44.378278111218094,57.53825510020178,33.07648952402644,24.46176557617534
frame_so~j~s_622.81_622.96,7.832723746225952,0.599999999999909,0.0,376.11824753281724,333.54454808825454,42.57369944456269,0.36470218108411245,0.11653916940343834,0.24816301168067412
frame_na~w~_623.56_623.68,19.362921746768677,0.0,-0.6984438112423418,407.286674623997,361.9086482883332,45.378026335663776,29.24588571568796,12.40490582481246,16.840979890875502
frame_e_623.68_623.74,17.768516446004554,0.0,-0.28044474758671833,395.43511085300236,354.6082775572545,40.82683329574786,3.9507994596561105,2.7406180931667734,1.210181366489337
frame_zis_623.74_623.92,67.4455505648539,0.0,0.12616549377233013,399.357066628036,356.14568546932077,43.211381158715255,97.93308120481527,28.332607543844176,69.60047366097109
frame_tSi_623.92_624.0,87.92821001947058,0.0,-0.5918308616933357,398.74062907382654,355.3127565524228,43.42787252140374,4.084249575772276,1.4702748767466574,2.6139746990256185
frame_a_624.0_624.09,46.564845417985026,0.0,-0.1396866256690866,390.3374393888755,349.97638766953463,40.36105171934088,7.200474842237583,4.673286158528356,2.527188683709227
frame_paX_624.09_624.27,55.146412088549226,0.0,-0.4104218106523971,389.0752253547876,347.6840983819115,41.39112697287612,9.031426611466145,5.408325979814435,3.6231006316517096
frame_tSi_624.27_624.37,43.78359910784613,0.0,-0.5918308616933357,374.9431235558418,333.9559352661343,40.98718828970749,644.5896627095397,448.85834515961625,195.7313175499234
frame_sO_624.37_624.48,28.498215168384604,0.0,-0.9250701286024872,397.62512079605295,356.3435278314056,41.28159296464736,42.35782172961558,30.254048775664643,12.103772953950937
frame_me_624.48_624.59,21.451294614477263,0.0,-0.6804339152289574,394.27632086355595,351.12488358494073,43.15143727861522,17.379532848285663,8.967148391151369,8.412384457134294
frame_ka~_624.59_624.85,68.3081306487432,0.0,0.18258405567901068,394.7807127538448,346.86175101135507,47.91896174248973,123.23137664090535,42.139918731790345,81.09145790911501
frame_ni_624.85_625.01,26.275164807728117,0.0,0.12616549377233013,384.4066678804701,341.6451922956021,42.76147558486804,17.018638555757235,8.846720398483853,8.171918157273382
frame_ka_625.01_625.1,46.94400698040769,0.7699999999999818,-0.5457894031440523,367.64560838923234,330.66769714465374,36.97791124457859,3.047681756648444,1.3567729069870893,1.690908849661355
frame_e~_625.87_626.02,31.46203774004826,0.0,0.7984021244967242,392.8636780522404,349.31244786284293,43.55123018939747,23.158170973148714,8.096375023690342,15.061795949458372
frame_ta~w~_626.02_626.3,13.484653140526575,0.0,0.35878962906288053,404.2195699073681,353.99856017086216,50.22100973650595,39.36209128546494,19.167781131527306,20.194310153937636
frame_ew_626.3_626.43,8.515984906040757,0.0,-0.28044474758671833,403.16391407044625,358.3656148615282,44.79829920891808,21.031709042719655,9.619197289870783,11.412511752848872
frame_a_626.43_626.53,9.298555603416247,0.0,-0.004319033177431361,400.90276404356524,358.2632725242448,42.639491519320416,8.501591247861512,3.5693888654431305,4.932202382418382
frame_Su_626.53_626.62,8.273330865572348,0.0,-0.5689353011197329,375.86792874820003,336.14771788385406,39.72021086434597,8.836924895572793,3.6907420131739173,5.146182882398875
frame_ki_626.62_626.68,3.825911772036136,0.0,-0.5918308616933357,379.0944297371568,339.14699218523606,39.94743755192076,27.530483158168522,15.249324528512517,12.281158629656005
frame_sO_626.68_626.88,62.41577280497674,0.0,-0.925070128604291,403.48335427890896,358.1676549163937,45.31569936251526,25.472852639629025,18.62049495717946,6.852357682449565
frame_o_626.88_627.0,106.5920720538422,0.0,0.859703865310644,397.9412724923166,355.82521436951373,42.11605812280288,62.89673771613042,25.09133986103967,37.805397855090746
frame_pe_627.0_627.13,100.5931012641777,0.0,0.3195390038766403,406.4353742566857,361.7321847331847,44.70318952350101,42.17554045741974,22.949964609329925,19.225575848089818
frame_ra_627.13_627.33,23.558909915509872,0.0,0.9432541142656943,398.06808673358614,351.9120659036569,46.15602082992922,67.9317777840433,41.237568848091826,26.69420893595148
frame_rius_627.33_627.45,26.54949151939934,0.0,-0.5918308616933357,385.62378315438565,344.1426078053066,41.481175349079024,32.910071068257054,16.606107815015093,16.30396325324196
frame_es_627.45_627.51,1.9797135184041679,0.0,-0.8804284990523507,366.8721294795099,328.6455485536892,38.22658092582071,4.9169618618029745,1.930950752350327,2.9860111094526474
frame_pe_627.51_627.61,48.72486052768659,0.0,-0.48043933140783784,394.7564638473481,351.9459083183559,42.810555528992154,11.59939649076614,7.440485346795953,4.158911143970187
frame_si_627.61_627.72,142.52168392909903,0.0,-0.017433777320476507,370.4285836779997,333.1210050465263,37.307578631473405,150.32044486874202,99.27090950243696,51.049535366305065
frame_a_627.72_627.8,54.20872595070517,0.0,-0.27505421816228076,386.6419397833985,350.1372340691942,36.504705714204306,7.072257118405389,4.775314639163099,2.29694247924229
frame_li_627.8_627.93,98.96090672516718,0.0,0.4133640359563109,389.76572550378097,346.796304270391,42.969421233389994,99.15971524673981,53.22580660463237,45.93390864210744
frame_za_627.93_628.09,59.71093130403651,0.0,-0.1396866256690866,395.21587536027135,350.823390530415,44.39248482985636,18.05206562309752,8.912178328285336,9.139887294812183
frame_dus_628.09_628.25,68.11839506345811,0.17999999999994998,0.6103828938112338,382.2070883871655,339.43111396731996,42.77597441984557,13.016886453651438,8.109613448336205,4.907273005315233
frame_si~_628.43_628.55,135.61277978544487,1.32000000000005,-0.28844028861131815,380.9238110569966,339.99489340231634,40.928917654680276,2.099014821176965,1.1237832079518952,0.9752316132250698
frame_E_629.87_629.9,140.2184182447,0.0,-0.8152726079886352,342.8235119636106,306.0188511606219,36.80466080298868,0.02471650113660928,0.01437353955202525,0.010342961584584032
frame_sa_629.9_629.99,7.571836693854749,0.0,-0.6811569956372465,390.2299353681681,348.0060217418,42.22391362636813,18.802830420518404,11.707404675210427,7.095425745307978
frame_paX_629.99_630.23,49.42334521969249,0.0,-0.5457894031455912,389.06427386295593,344.47025906432634,44.594014798629644,143.26603712381132,52.43349222890683,90.83254489490447
frame_tSi_630.23_630.35,7.5404871329710375,0.0,-0.44823159059889645,391.0152219167025,347.9476352601207,43.067586656581796,54.42006664766254,36.7990317399524,17.62103490771014
frame_dZi_630.35_630.41,6.008742216386565,0.0,-0.5918308616933357,372.90578657797914,333.3224790515147,39.583307526464466,12.858473843088518,5.5828764770550094,7.275597366033509
frame_es_630.41_630.49,136.43534406963295,0.0,-0.8804284990500769,366.7291154755825,326.7177438054556,40.01137167012689,20.977523932710398,11.298715685598708,9.67880824711169
frame_pe_630.49_630.61,8.52268125159955,0.0,-0.48043933140783784,395.3590987609898,352.1900453546749,43.1690534063149,34.821349979424895,24.39671845134731,10.424631528077583
frame_si_630.61_630.72,132.3639466547346,0.0,-0.16103304841328314,374.26012343179514,334.81981377634594,39.4403096554492,1.382444587077913,0.5843619004814116,0.7980826865965014
frame_a_630.72_630.77,10.894167572027072,0.0,-0.6811569956372465,390.1053927511092,351.18944534883974,38.91594740226952,3.952259992490667,2.840180965085125,1.1120790274055423
frame_li_630.77_630.86,12.529044083248493,0.0,-0.16103304841328314,387.2923645660278,345.08547621441227,42.20688835161553,8.717794751946087,7.006033518063447,1.7117612338826405
frame_za_630.86_630.98,8.11681274077128,0.0,-0.1396866256690866,388.25724718675536,346.05924169410116,42.198005492654204,7.485150764116554,5.851887408695774,1.6332633554207803
frame_sa~w~_630.98_631.17,0.06135174203316751,0.0,-0.8746493846262117,392.195398583933,348.00870077793667,44.186697805996346,27.841868755990703,20.53722431847126,7.304644437519443
frame_dZi_631.17_631.25,1.3297917317523513,0.0,-0.5918308616933357,391.0933974459185,348.5531043417065,42.540293104212026,10.746818301461047,2.4812035009252895,8.265614800535758
frame_o_631.25_631.28,2.1819612538941726,0.0,-0.8739373730148412,375.80952465940845,336.2192539901829,39.59027066922556,0.4583929272413343,0.22821907793149876,0.23017384930983553
frame_pe_631.28_631.47,38.07853606777553,0.0,-0.08045016376559877,388.98647809533674,344.04743868506154,44.9390394102752,73.67104420214758,34.256534574678255,39.41450962746933
frame_ra_631.47_631.74,26.732077461814384,0.0,1.755459669215626,380.9524281589625,337.807500987851,43.14492717111153,153.19713504408418,66.9501092105427,86.24702583354146
frame_rius_631.74_631.97,12.99089348899858,3.0399999999999636,-0.3046323195060898,373.71912567111684,329.55366492279046,44.16546074832638,84.96939391820985,62.18146426151756,22.787929656692285
frame_maX_635.01_635.16,45.23641434519246,0.0,-0.1396866256690866,399.4398601429192,354.60723853876266,44.83262160415654,15.76192085589139,5.956798502055051,9.805122353836339
frame_le_635.16_635.26,67.25130742902687,0.0,-0.4804393314101115,401.48127227760824,357.4102422953171,44.07102998229112,18.793677397847432,4.1188031729320755,14.674874224915357
frame_ni_635.26_635.38,70.11001173081169,0.0,-0.017433777320476507,399.49518327887915,357.91163438847695,41.5835488904022,35.057556516065574,11.405075957172187,23.652480558893387
frame_kwajs_635.38_635.65,154.24047160110896,0.0,-0.004319033178970312,407.3453480411127,357.47694351593964,49.86840452517305,106.66394138582018,32.79520138133233,73.86874000448785
frame_ujs_635.65_635.76,8.885817615942074,0.0,-0.5689353011197329,395.7976850900544,352.46114693275604,43.33653815729838,33.896132811668735,24.553503998517044,9.342628813151691
frame_Ra~_635.76_635.97,19.304007060161496,0.0,1.06361192259836,403.44613807160135,358.1777440795627,45.26839399203868,44.0637080087007,13.343684019261616,30.720023989439085
frame_mus_635.97_636.19,14.80805603449707,0.0,0.7788569216582412,403.53673711713583,356.9613412081837,46.575395908952146,36.992273466180194,19.69394586135641,17.298327604823783
frame_da_636.19_636.32,8.875587981959939,0.0,-0.5457894031440523,405.9676483425761,361.3050924636801,44.662555878896,29.37577622963596,4.312181614987622,25.063594614648338
frame_me_636.32_636.49,2.546036946816372,0.0,-0.08045016376559877,404.1226073923558,359.6418279551618,44.48077943719403,8.197751047211,3.8696390994976184,4.328111947713381
frame_dZi_636.49_636.66,65.55967873780989,0.0,0.1261654937706976,386.3919460821664,344.83470614941785,41.55723993274853,99.21817404363566,35.120332897397475,64.09784114623818
frame_si~_636.66_637.1,4.5589002351003955,0.0,1.946971948120772,404.32716921513816,349.71261003792176,54.61455917721639,27.88327796452137,5.973730710939179,21.90954725358219
frame_na_637.1_637.32,28.912302941042896,0.0,-0.1396866256690866,400.1092636172341,353.0020571276624,47.107206489571695,19.816292757734033,10.746609002820747,9.069683754913285
frame_da_637.32_637.43,26.81284837140683,0.0,-0.9518921806205569,401.7014933754251,358.0256136850225,43.67587969040261,29.163085316087518,11.14556986415056,18.01751545193696
frame_e~_637.43_637.55,17.07255557610813,0.0,0.3513858932327576,400.37038599472,356.1278585722398,44.24252742248018,5.357394280324314,2.884479777495642,2.4729145028286723
frame_Ze_637.55_637.69,25.23045035589672,0.0,-0.6804339152289574,402.0767247436159,356.7639209591963,45.3128037844196,35.48937873152556,19.14335864012068,16.34602009140488
frame_Ja_637.69_637.98,54.824163133534256,0.0,0.5371513367891896,398.02100104713566,349.0081805979544,49.01282044918128,114.103933868523,38.4759881947883,75.6279456737347
frame_ri_637.98_638.39,9.411143102139164,0.0,4.003345813281374,399.9474087301069,346.10471000766324,53.84269872244363,57.57771986820711,20.39930832767695,37.17841154053016
frame_a_638.39_638.56,34.75709349890707,0.0,0.9432541142641553,396.8657521945451,353.03568158871803,43.830070605827075,2.7247474907644857,1.942095696574313,0.7826517941901727
frame_i_638.56_638.72,26.492697909606164,0.0,1.274959662516416,397.19506727574935,353.2097648840755,43.98530239167383,13.554183091886188,6.7596528790357695,6.794530212850418
frame_da_638.72_638.83,13.433978547910812,0.0,-0.951892180619018,403.38159115441056,360.56801986471237,42.81357128969813,38.24247997430092,17.844848788133163,20.397631186167757
frame_adZ_638.83_638.99,24.60001010642955,0.0,-0.6811569956372465,400.8975111802502,355.49507310426486,45.402438075985344,21.92048999505755,10.263638380610814,11.656851614446737
frame_vo_638.99_639.12,20.144921645593115,0.0,-0.10343015598007561,398.3284065579383,355.21782466146,43.11058189647832,23.24716392535433,6.918983394228121,16.328180531126208
frame_ka_639.12_639.35,56.66426918656393,0.0,0.40178374429753433,391.6402149117836,349.0355939314733,42.6046209803103,94.2555110176342,36.33794815332922,57.91756286430498
frame_si_639.35_639.74,22.179975733415745,0.0,2.1365552890732555,402.7293877912914,349.98393070475737,52.74545708653403,178.36167913052628,36.95701070424215,141.40466842628413
frame_a_639.74_639.84,42.61132088263122,0.4399999999999409,-0.004319033177431361,388.8191096471445,346.9754010234388,41.84370862370571,11.949696755972923,7.523266228858631,4.426430527114292
frame_ki_640.28_640.38,24.84289112860759,0.0,-0.5918308616933357,400.96060827418916,357.1385538165172,43.82205445767198,9.357972445317444,3.346758658860267,6.011213786457176
frame_vo_640.38_640.49,21.503484515667736,0.0,-0.29605696023821954,410.2769516256078,365.86685773386483,44.410093891742974,9.22719614165311,2.58130593144881,6.6458902102043
frame_se_640.49_640.68,16.919506560921576,0.0,0.1195444200532471,404.2970669281158,359.6310404718005,44.66602645631531,32.15883755901487,7.738338157192629,24.42049940182224
frame_ko_640.68_640.8,13.132459879281157,0.0,-0.4886837644985534,403.1447272120459,358.7207705498083,44.42395666223757,12.888410502645286,7.218801308073779,5.669609194571507
frame_Je_640.8_640.97,52.86876494964824,0.0,-0.6804339152289574,394.2370453062594,352.05503217925997,42.182013126999436,133.56597044326833,27.68973086936799,105.87623957390034
frame_si_640.97_641.06,9.331671845455503,3.2900000000000773,-0.1610330484149157,380.75395846986584,339.5275634270164,41.22639504284945,44.63605230886054,19.587743573407437,25.048308735453105
frame_ajs_644.35_644.49,0.6856353928958754,0.0,-0.27505421816228076,396.09079669738725,353.26294231293747,42.82785438444978,10.718418488954512,5.00163959073987,5.716778898214642
frame_esp_644.49_644.67,5.747503522405481,0.15000000000009095,-0.6804339152312311,391.8023653085185,348.73464730069907,43.06771800781945,24.85042438247649,10.6716025906573,14.178821791819189
frame_E_644.82_644.93,3.8797567268853186,0.0,0.03457208437780027,397.50755555074534,356.26310058110505,41.24445496964029,10.605109993948673,5.231791297693434,5.3733186962552395
frame_ajs_644.93_645.24,6.423049415574155,0.0,1.6200920767239704,393.3737744570724,343.2183595171458,50.15541493992657,19.94087575622072,11.128577462904644,8.812298293316076
frame_es_645.24_645.35,123.28892311196975,0.0,-0.8804284990523507,367.29910116399986,330.6405614055924,36.65853975840747,4.499661454765416,1.6020535990125282,2.897607855752888
frame_pe_645.35_645.56,15.50777447967829,0.0,1.5195065068033575,398.8259963998629,355.53525925469796,43.290737145165,33.33681521474401,19.682747984527452,13.654067230216555
frame_si_645.56_645.66,1.2698381263757312,0.0,-0.5918308616933357,395.45976450648953,352.86035772078895,42.59940678570058,1.3654028804097607,0.466230240602556,0.8991726398072046
frame_a_645.66_645.74,9.607098468498066,0.0,-0.2750542181607418,391.14259251115834,351.0238208062516,40.11877170490669,4.654252415530237,3.2615494975197805,1.3927029180104569
frame_li_645.74_645.84,100.74890962512762,0.0,-0.16103304841328314,386.70677004808607,344.4909652004914,42.215804847594654,1.5221303985856593,0.6152278620018166,0.9069025365838428
frame_za_645.84_646.02,29.66901120576381,0.0,0.26641615180587913,390.0717380182964,346.40658526095723,43.66515275733917,100.74756850392117,28.765157562663546,71.98241094125763
frame_so~j~s_646.02_646.19,44.12674766178455,0.5,0.0,381.03089132910475,337.3478169200849,43.683074409019866,196.2562820122809,120.97306931848365,75.28321269379725
frame_i_646.69_646.83,35.45870065329413,0.0,0.98776112032917,388.7776336773022,346.42972497870505,42.347908698597166,119.69300845273735,31.575534605101012,88.11747384763633
frame_su_646.83_646.89,108.7179952971125,0.08000000000004093,-0.5689353011197329,370.76196456852915,332.3012941925201,38.460670376009034,0.5455507365775389,0.2607885964133345,0.2847621401642044
frame_es_646.97_647.03,37.24262686557506,0.0,-0.8804284990523507,385.7419855071535,346.87990668657443,38.862078820579086,2.080480951466882,1.1801641053548337,0.9003168461120481
frame_pe_647.03_647.28,25.215847993233808,0.0,0.1195444200532471,392.91628492073465,345.1781772787581,47.73810764197657,217.0334855119246,95.11737747343193,121.91610803849267
frame_si_647.28_647.36,94.24967411684048,0.0,-0.448231590600529,378.32251387079043,337.9101960820858,40.41231778870463,14.68553275228345,5.989073258901101,8.69645949338235
frame_a_647.36_647.44,102.77654950605137,0.0,-0.2750542181607418,404.7283950262249,364.9129230378519,39.81547198837302,18.072818499531706,9.776322288413155,8.296496211118551
frame_li_647.44_647.55,25.2758722427169,0.0,-0.017433777322109042,401.91710061341723,359.05529113321296,42.86180948020427,61.43364986423984,26.744707351584907,34.68894251265493
frame_da_647.55_647.89,16.759775147878287,0.0,1.6200920767239704,404.9150088404405,354.3226902389838,50.592318601456725,50.7948789813897,22.03527889005116,28.75960009133854
frame_dZis_647.89_648.06,30.39014272999077,0.0,-0.5918308616917031,392.38463847222323,346.26915125301304,46.115487219210195,8.440768728508715,5.2820974026179215,3.1586713258907935
frame_ko~_648.06_648.14,30.542428804337078,0.0,-1.181870666727406,406.5568635265149,362.5459455062032,44.01091802031175,17.219896679353837,11.212602611146337,6.0072940682075
frame_mu_648.14_648.22,48.500060009865024,0.0,-0.5689353011197329,407.8021142806003,364.87817438947684,42.92393989112344,26.324255933139625,9.592761728017763,16.731494205121862
frame_E_648.22_648.28,46.27471485915794,0.0,-0.4965808483512219,402.22430329266086,361.08539386770457,41.138909424956296,32.21483123501193,10.281993445357443,21.932837789654485
frame_ki_648.28_648.37,43.83103051953327,0.0,-0.5918308616933357,399.9152438662904,356.95213012551307,42.96311374077732,3.3599813822610827,2.92078011644287,0.4392012658182125
frame_E_648.37_648.4,15.663401247535262,0.0,-0.8152726079886352,389.2551565146203,349.342685656484,39.91247085813632,0.5503085513544761,0.40239375032228963,0.14791480103218646
frame_las_648.4_648.56,7.1526136506602995,0.0,-0.1396866256690866,401.8467591550217,358.6592608676524,43.187498287369294,36.76296178891408,14.796666682574454,21.96629510633963
frame_si_648.56_648.69,5.548732496230997,0.0,-0.44823159059889645,398.86410159893137,354.52349396298746,44.34060763594391,18.798440242622803,10.95059442676532,7.847845815857482
frame_sub_648.69_648.96,16.201296974435735,0.0,-0.4004612732727255,399.26038548104714,350.180766052253,49.07961942879416,39.300833777954864,23.048898627629995,16.25193515032487
frame_dZi_648.96_649.16,31.377315888745386,0.0,-0.017433777322109042,399.30390895888195,354.2154576875829,45.08845127129899,26.497605693813455,13.136354583970672,13.361251109842783
frame_vi_649.16_649.28,29.855459089946578,0.0,-0.448231590600529,402.79396461578165,358.3392993849616,44.45466523082001,31.90332674009551,15.804515972181832,16.098810767913676
frame_de~j~_649.28_649.38,27.53433498593813,0.0,-0.9896628005591424,399.68656579872174,357.4284949661595,42.25807083256217,18.24423946385724,7.552060598770311,10.69217886508693
frame_e~j~_649.38_649.5,20.993087276936876,0.0,-0.09563033803120903,402.6071573775002,359.04923066414403,43.55792671335615,10.470179343552502,3.4890305761926186,6.981148767359883
frame_ka_649.5_649.68,22.550754631817455,0.0,-0.13968662567062554,407.61811020046036,361.9187373719076,45.69937282855278,6.895338494714792,3.7072399512491074,3.188098543465685
frame_da_649.68_649.78,1.8011528830666634,0.0,-0.8165245881289017,407.92024409143914,362.9318467854902,44.98839730594892,13.329132760005734,6.249194692903615,7.07993806710212
frame_u~_649.78_649.81,12.886678391578755,0.0,-0.7320718500150277,387.43524665531714,346.5405494400202,40.89469721529696,0.40753355682957704,0.20388930881409806,0.20364424801547898
frame_ma_649.81_649.98,33.650862897406455,0.0,0.26641615180587913,398.3432044424746,355.1508230500289,43.19238139244567,32.91596758028459,16.46281059510207,16.453156985182517
frame_dE_649.98_650.06,159.68345353711507,0.0,-0.8152726079886352,392.3477560910714,350.9092608779455,41.43849521312592,55.579729424639694,41.945030172496075,13.63469925214362
frame_las_650.06_650.23,46.05122883342764,4.639999999999986,0.13104855931422388,381.9586735539999,338.46245836523633,43.496215188763586,76.3443761526159,46.393630284760064,29.95074586785583
frame_bo~_654.87_655.14,19.838579479400693,0.11000000000001364,2.050022742452927,389.2206191428025,344.22904259345063,44.99157654935186,127.22624972724077,38.380446815758205,88.84580291148256
frame_a_655.25_655.34,20.94760875978716,0.0,-0.1396866256690866,401.98977620967355,357.99151032043255,43.998265889241,7.096976445477793,4.121113315919985,2.9758631295578084
frame_e~_655.34_655.41,9.223415849965392,0.0,-0.39364115887554746,395.6328739905394,356.1050610443457,39.527812946193706,2.1006389577138407,1.0524760317642006,1.0481629259496401
frame_Ze_655.41_655.56,19.615117210536255,0.0,-0.6804339152312311,398.0274969993839,354.1211722012499,43.906324798133994,26.82308596415885,13.664508841211813,13.158577122947037
frame_Ja_655.56_655.83,23.482668108303727,0.0,0.40178374429753433,399.4202677043027,349.92713221102065,49.49313549328207,11.862961513260359,6.0176127382166555,5.845348775043703
frame_ri_655.83_656.11,26.98061191875084,0.0,2.423753831258869,403.18566212624535,353.6946364552811,49.491025670964234,120.37272707203587,65.08902658297416,55.283700489061715
frame_a_656.11_656.24,94.36155123775043,1.7000000000000455,0.40178374429753433,384.4698774518787,341.8255391260807,42.644338325797946,54.62503962494094,26.055680019952888,28.56935960498805
frame_ew_657.94_658.02,1.7776522844571048,0.0,-0.4804393314101115,389.15598503983614,348.7536786023729,40.40230643746327,7.9632500052230455,4.654348929143765,3.3089010760792803
frame_te~_658.02_658.2,6.599645181240874,0.0,-0.6916519797164978,395.98290240620884,350.41925098806166,45.56365141814723,29.838296063397735,17.296607916718727,12.541688146679007
frame_Ju_658.2_658.29,5.21611519468496,0.0,-0.4004612732727255,394.4325966528624,351.31864743209536,43.11394922076704,2.437330355416293,1.4041760785682982,1.0331542768479949
frame_majs_658.29_658.56,5.410945937353063,0.16000000000008185,-0.1396866256690866,388.41035460168644,344.9488366518127,43.46151794987372,14.962350558043568,9.257650765983044,5.704699792060524
frame_a_658.72_658.75,110.11244413245245,0.0,-0.9518921806205569,357.6594407442416,318.9958569969617,38.66358374727986,17.378757060216117,5.847134684196021,11.531622376020096
frame_si~_658.75_658.92,20.448598861737338,0.8700000000000045,0.6695935271312654,390.7566858850061,348.39190010086526,42.36478578414085,40.976715062434295,27.188704886693245,13.78801017574105
frame_ko~_659.79_659.89,14.681734044261816,0.0,-0.7201716082735725,388.8807119230756,346.9839397316994,41.89677219137616,19.75848999003904,15.019378527523855,4.739111462515183
frame_ta_659.89_660.09,41.60956093230092,0.0,-0.004319033177431361,390.3328667873936,345.84610124743784,44.48676553995574,123.62664504583083,34.02065388497033,89.6059911608605
frame_tu_660.09_660.19,86.73926704405045,0.0,-0.5689353011178175,367.26529767900354,328.2480980851297,39.01719959387384,102.44865002360864,59.86521038078908,42.583439642819556
frame_ko~_660.19_660.36,0.8037616435808275,0.0,-0.5662719221205451,396.9927526504001,351.56108513097087,45.431667519429254,57.660055847335315,45.8662358403561,11.793820006979217
frame_ujs_660.36_660.49,20.46149676990163,0.0,-0.5689353011197329,387.4680702818229,344.4191277546595,43.04894252716343,12.199436129993842,6.804274985725101,5.395161144268741
frame_e~_660.49_660.58,17.407652098194404,0.0,-0.09563033803120903,394.1694602603513,351.4608679329252,42.70859232742606,10.03197266437249,4.999665549803353,5.032307114569136
frame_Ze_660.58_660.69,19.01709348615492,0.0,-0.28044474758671833,387.4701567676694,347.8475559418928,39.6226008257766,6.641507364238237,1.1545382997506977,5.486969064487539
frame_Jej_660.69_660.98,12.624245743755694,0.0,-0.8804284990500769,394.8013532324346,345.41794160481015,49.38341162762447,86.77117388061444,54.47309978640624,32.298074094208204
frame_rus_660.98_661.2,67.44947398390929,0.4799999999999045,-0.06351321757679552,378.79053232303846,335.3532607656598,43.437271557378665,21.55613031178595,13.804406584355604,7.751723727430345
frame_te~_661.68_661.82,1.8078753932783513,0.0,-0.3936411588738535,395.90636614657507,351.5876337080563,44.31873243851879,32.41961769086194,26.44423962647025,5.975378064391691
frame_Ju_661.82_661.88,2.076368261150634,0.0,-0.5689353011197329,395.43593896365184,353.6018656762874,41.83407328736445,4.2796247558469815,2.133524048526141,2.1461007073208407
frame_muj~_661.88_662.01,3.8163742869546695,0.0,-0.23198724542380286,398.0462705119413,353.9713616930982,44.07490881884314,9.199115618840239,3.279988400831371,5.919127218008867
frame_tus_662.01_662.17,48.79326612565072,0.0,-0.5689353011178175,387.74172748241057,343.5472307861468,44.19449669626374,94.59368196589159,56.0581888271486,38.53549313874299
frame_e~_662.17_662.25,2.3889752925720984,0.0,-0.24463574845253125,400.73578045339286,357.80559912398087,42.930181329411994,7.092463223180943,3.886493686747855,3.205969536433088
frame_Ze_662.25_662.32,0.73940962610871,0.0,-0.8804284990500769,395.108871328555,351.8466304880037,43.26224084055127,17.287290131559956,6.861770379156752,10.425519752403204
frame_Jej_662.32_662.57,3.970803243328845,0.0,-0.8804284990523507,394.69877927880276,349.29371827721604,45.405061001586716,20.449991029260673,8.907244168336774,11.542746860923899
frame_rus_662.57_662.67,55.52000234471343,0.0,-0.5689353011197329,383.6136944946077,341.7064699954144,41.90722449919332,95.92356708355508,59.48406911498465,36.439497968570436
frame_na_662.67_662.81,1.5304381616882665,0.08000000000004093,-0.27505421816228076,389.888370004718,348.65536785866993,41.23300214604808,17.281677942184302,7.325136077617373,9.95654186456693
frame_fa_662.89_663.0,37.7263703084669,0.0,-0.4104218106523971,393.71188450199804,350.7593968026212,42.95248769937683,17.643933907149517,13.49493977851941,4.1489941286301075
frame_mi_663.0_663.19,17.006728706919716,0.0,0.4133640359579434,401.61761265022534,356.98897634781014,44.6286363024152,104.84205610541352,57.29807820105222,47.5439779043613
frame_lia_663.19_663.4,69.4746278319628,1.4300000000000637,0.2697647648651368,396.78882416424824,352.167838479668,44.62098568458026,214.95807834738872,117.8259810801814,97.13209726720733
frame_ki_664.83_664.89,82.32046288774083,0.0,-0.5918308616933357,359.33085246741337,321.71767999600144,37.61317247141193,123.4557050165339,75.91638470510458,47.53932031142932
frame_sa~w~_664.89_665.19,12.219337326329253,0.0,0.006378482295140842,406.6509358092807,355.9537382472507,50.69719756203,30.19362708318468,21.893034017399344,8.300593065785336
frame_ew_665.19_665.43,0.9849829822447305,0.0,0.7195281715166058,401.6942989551794,356.48480764745125,45.20949130772817,8.966681396402407,2.819201658437464,6.147479737964943
frame_na~w~_665.43_665.62,6.633629178196742,0.0,-0.8746493846262117,403.9456780035516,356.6858050662654,47.25987293728622,161.05007288531255,73.93409598506548,87.11597690024708
frame_sej_665.62_665.88,20.620442209803855,0.0,-0.4804393314101115,399.1115745476522,352.40496632132056,46.70660822633164,41.18071709324232,18.656758600645787,22.523958492596535
frame_si_665.88_665.99,43.69577275722634,0.0,-0.448231590600529,403.38119795003547,358.79301302353423,44.58818492650124,14.30886745337753,9.102994319640203,5.205873133737327
frame_ew_665.99_666.2,22.624144264217847,0.0,-0.6804339152312311,399.0451269776904,354.4212774432736,44.62384953441682,160.39569415630245,42.49270826381937,117.9029858924831
frame_e~_666.2_666.43,47.16481174556216,0.0,1.990445407867302,399.8134733635601,353.75250583825823,46.06096752530186,116.8733511518654,56.011469705745526,60.86188144611988
frame_te~_666.43_666.65,15.362333969623876,0.0,0.9474075349180465,403.4380761983433,355.0699645264246,48.36811167191871,38.74531190824706,30.348767300775677,8.396544607471384
frame_dZi_666.65_666.79,8.096962666513065,0.0,0.55696330705075,398.84915830112897,355.06742063256166,43.7817376685673,13.33298308513244,6.2769128256298075,7.056070259502633
frame_be~j~_666.79_667.03,7.345733394828613,0.0,0.05337507239011319,397.4451126565237,353.93347233587554,43.511640320648155,22.613737434750306,10.306950932128274,12.306786502622032
frame_sa~w~_667.03_667.19,1.6798187120544128,0.0,-0.6984438112423418,400.4347476645371,356.42978007127005,44.004967593267054,36.03045420122237,19.660154520895702,16.370299680326667
frame_vo_667.19_667.25,8.658919286026077,0.0,-0.8739373730148412,373.93040771574675,334.5008167999359,39.42959091581088,13.97747922294701,7.38985938102681,6.587619841920201
frame_se_667.25_667.33,18.069224961316593,0.0,-0.6804339152289574,398.7136056462055,355.87055211846587,42.84305352773964,31.209310255010166,14.633130267036648,16.576179987973518
frame_kEX_667.33_667.49,9.743335937367874,0.0,-0.3903502618042098,404.5344575878296,358.68332268094264,45.851134906886955,31.742752968099666,20.947600372736986,10.79515259536268
frame_dZi_667.49_667.55,15.88769608898835,0.0,-0.5918308616933357,386.16990493536457,346.8846412077056,39.28526372765896,2.9240229858397413,1.0095232364018898,1.9144997494378515
frame_zeX_667.55_667.65,4.959739869223597,0.0,-0.6804339152312311,399.805609276587,357.15053552711777,42.65507374946924,9.106133713939272,3.659616171294118,5.446517542645154
frame_a_667.65_667.68,4.962694183426976,0.0,-0.9518921806205569,359.00713762748927,322.6442163892149,36.362921238274396,11.383461800022872,8.906093103266215,2.477368696756656
frame_si~_667.68_667.78,5.995052158355236,0.0,-0.7674571964817023,401.47494561505147,356.9689703443525,44.50597527069897,15.031671183382315,10.853024561482442,4.178646621899873
frame_ujs_667.78_667.91,22.881129651053868,0.0,-0.5689353011197329,394.17290093642464,351.68065158324066,42.49224935318398,16.962780291431272,12.71854254722777,4.244237744203502
frame_e~_667.91_667.94,5.577702620934815,0.0,-0.9896628005591424,386.1415251763958,345.14121607564357,41.00030910075225,1.8974299556822132,1.060079356252885,0.8373505994293282
frame_Ze_667.94_668.08,10.175441128630808,0.0,-0.6804339152289574,399.02782380414584,354.5328690207338,44.49495478341203,27.225794045305804,14.107985025608514,13.11780901969729
frame_Jej_668.08_668.26,12.990756388882886,0.0,-0.8804284990523507,397.3713443982166,352.5424294383131,44.8289149599035,9.914500207357946,5.522942041272842,4.391558166085105
frame_rus_668.26_668.4,63.022584618560785,0.0,-0.5689353011178175,389.12857877305044,347.7217646264987,41.40681414655171,123.24377142422014,48.77269284213139,74.47107858208875
frame_si_668.4_668.62,32.02727623756749,0.0,0.8441618492363634,397.995850582822,352.1301056627395,45.865744920082534,147.33214791975692,47.8347436471833,99.49740427257362
frame_vijs_668.62_669.15,19.542363075517812,0.0,0.7005625781419241,398.2020173511701,344.88620021569545,53.315817135474674,167.6382452126641,50.3930008150478,117.24524439761629
frame_i_669.15_669.33,16.596309846623058,0.0,1.562158204702029,381.9354180615601,340.7113871132367,41.22403094832339,22.318508181670722,10.031062314282366,12.287445867388357
frame_su_669.33_669.4,123.86276140327037,0.7000000000000455,-0.5689353011197329,369.84477969213475,332.8610417402287,36.98373795190605,4.934712013387738,3.158757260861023,1.7759547525267152
frame_sa~w~_670.1_670.32,9.670438572333921,0.0,-0.34603266447460207,409.4310819736834,360.55172243185683,48.879359541826545,25.597401739988555,21.21915311038373,4.378248629604826
frame_a_670.32_670.39,6.006866230925425,0.0,-0.410421810653936,405.45223082241273,361.697980627286,43.75425019512676,2.2707762400509353,1.4226087279436967,0.8481675121072385
frame_e~_670.39_670.46,12.48438925217934,0.0,-0.3936411588738535,405.7265459215863,363.48528565694363,42.241260264642676,4.202887259048595,2.9224422875604716,1.280444971488123
frame_Ze_670.46_670.6,3.956067114616303,0.0,-0.28044474758671833,404.23064470453994,358.87503993016463,45.35560477437531,21.568865839898507,7.005269790468276,14.563596049430231
frame_Ja_670.6_670.73,1.7156905904557789,0.0,-0.5457894031440523,401.67876647594824,357.7079937473144,43.97077272863385,7.586217748574228,3.220589397730521,4.365628350843707
frame_ri_670.73_670.84,0.19578691483047805,0.0,-0.017433777320476507,400.0295837079999,356.4093081677243,43.6202755402756,13.294321497612287,5.273233397132913,8.021088100479375
frame_a_670.84_670.89,10.042606736873779,0.0,-0.6811569956372465,389.9725619935341,348.8352832496903,41.137278743843865,14.771123181244832,6.5924215841887985,8.178701597056033
frame_si_670.89_671.24,38.62063570062358,0.0,1.7057574757948357,397.2833649654374,348.1140832501603,49.169281715277066,159.21665946584065,64.6284321735701,94.58822729227055
frame_viw_671.24_671.68,5.315322416979711,0.39000000000010004,2.280154560166062,399.7202177081799,346.0234274147374,53.69679029344252,32.98947804255934,10.936773837234,22.05270420532534
frame_a_672.07_672.11,0.48341901646924157,0.0,-0.8165245881289017,391.9448132113338,352.2033086612389,39.741504550094874,1.233312949265013,0.7031923279057537,0.5301206213592593
frame_e~_672.11_672.17,9.559549444847022,0.0,-0.5426465692968697,402.5014347351191,359.7504472853241,42.75098744979499,4.432003528023358,1.9373687863182738,2.4946347417050845
frame_Ze_672.17_672.31,5.159223805631967,0.0,-0.28044474758899196,402.60523553861253,356.8307417325963,45.77449380601621,23.38584093827359,9.728896596266594,13.656944342006994
frame_Ja_672.31_672.54,4.4946507175534975,0.0,-0.13968662567062554,397.86024310335574,352.3896282587955,45.47061484456026,16.631598129896787,5.008757758997092,11.622840370899695
frame_ri_672.54_672.78,3.474466515403549,0.0,1.9929560179788164,396.32270577368973,351.8362012138045,44.48650455988525,10.860709077592674,3.4281120748708247,7.432597002721849
frame_a_672.78_673.09,9.668717391561529,0.6200000000000045,2.8384004091504065,397.4226148796145,348.4502516763095,48.97236320330501,11.444538273208991,7.512574567744139,3.9319637054648524
frame_me_673.71_673.88,5.470348623848082,0.0,0.7195281715188794,402.8973231318115,360.60830246619525,42.28902066561625,8.71374034737434,5.208236993586297,3.5055033537880433
frame_ka~_673.88_674.23,7.175899109946442,0.0,1.5922286427499694,408.7646178947751,356.4605435371926,52.304074357582465,43.91193756080037,27.24813080473487,16.663806756065497
frame_ni_674.23_674.46,13.66767315280319,0.0,0.8441618492363634,399.8419111052962,353.70002117382495,46.14188993147127,21.84243375599658,6.846508867704728,14.995924888291853
frame_ka_674.46_674.77,3.7437113784366147,0.5399999999999636,1.6200920767239704,398.15566656088697,349.0345700851527,49.12109647573425,44.004011448678625,26.344048742231223,17.659962706447402
frame_e_675.31_675.38,1.6203594635130685,0.0,-0.08045016376787245,401.85547438199546,359.0393594369039,42.816114945091556,2.80820253523882,1.4683497611300993,1.3398527741087207
frame_le_675.38_675.52,9.836658493495264,0.0,0.3195390038766403,401.6200437349164,357.59015520247027,44.02988853244614,18.2411078023367,10.89415952391235,7.34694827842435
frame_tro~_675.52_675.97,7.185088916564041,0.0,1.896123056301649,403.7200408004993,348.5318347259089,55.188206074590425,35.02285039301236,24.0912156959526,10.931634697059764
frame_ni_675.97_676.12,6.647106837738534,0.0,0.7005625781435567,391.0907313359127,346.6568346335963,44.43389670231642,5.30441709116559,3.424165917932555,1.8802511732330345
frame_ka_676.12_676.29,0.15233754553077006,0.0,-0.27505421816228076,392.7305232427122,349.18898462450176,43.54153861821044,23.733402730932056,16.792173616521268,6.941229114410788
frame_ki_676.29_676.37,2.7098466118145836,0.2599999999999909,-0.5918308616933357,404.4263436236096,361.96953285962843,42.456810763981196,10.990760917583259,7.624515475871874,3.366245441711385
frame_ew_676.63_676.74,25.17539219409818,0.0,-0.8804284990523507,381.7410753436585,341.3552356269201,40.38583971673842,8.135403166144698,3.9244779635534996,4.2109252025911985
frame_ko_676.74_676.84,1.29799643602081,0.0,-0.8739373730148412,390.4429563457533,347.0011783753265,43.44177797042681,3.1119782173199155,2.2316113911375624,0.8803668261823532
frame_Je_676.84_677.13,2.9108598936480803,0.0,0.7195281715188794,394.11426192158257,344.3471339752333,49.76712794634926,9.908838639630261,5.974899066804795,3.933939572825466
frame_su_677.13_677.44,66.52958499113284,1.4499999999999318,-0.06351321757679552,387.40707564318313,340.29998858266464,47.107087060518495,139.34236526507857,87.21876166615355,52.123603598925
frame_a_678.89_678.93,8.668316914960343,0.0,-0.8165245881289017,393.42534889306967,353.2295091937994,40.195839699270266,2.025036479448346,0.9423930050065223,1.0826434744418236
frame_na_678.93_679.2,4.840433601648101,0.0,1.34935689174066,398.72862165511106,353.81856127514015,44.9100603799709,30.504949959893878,6.983294937283802,23.521655022610076
frame_vaw_679.2_679.68,3.3891157132133287,0.42000000000007276,2.1615624466905916,404.53341031455125,350.83593533874046,53.69747497581079,26.737935663748033,15.515512528699418,11.222423135048615
frame_un_680.1_680.16,1.7536749967037508,4.800000000000068,-0.5689353011197329,383.1768512408022,342.44931345898965,40.72753778181254,8.220856060967463,4.526337911980221,3.6945181489872425
frame_un_684.96_685.03,41.119305663440414,0.0,-0.5689353011197329,386.78352700400956,346.9504927651951,39.833034238814435,129.854118631299,69.6602858813397,60.193832749959306
frame_un_685.03_685.19,2.8620327639412437,0.0,0.10496081027021181,389.0989121741239,345.58282083728017,43.516091336843715,72.51634273412571,33.806822692083955,38.70952004204176
frame_un_685.19_685.25,13.599616967902392,0.0,-0.5689353011197329,385.92283415352523,344.89417049093447,41.02866366259076,5.220049869406353,3.068685122457225,2.1513647469491275
frame_u_685.25_685.33,11.561914133356709,0.32999999999992724,0.27343483811721914,381.1940260532728,342.21978626879496,38.974239784477845,3.739407276439522,3.00152996820313,0.7378773082363921
frame_ki_685.66_685.75,60.863527525742086,0.0,-0.1610330484149157,382.65151717278815,341.8836456787474,40.76787149404072,33.77619785207443,20.32209971795328,13.454098134121153
frame_majs_685.75_686.01,4.054510447961832,0.0,-0.9518921806205569,386.57835620325693,340.85382842181747,45.72452778143946,9.358245133580823,3.3549556472371194,6.003289486343704
frame_da_686.01_686.07,9.06649262074896,0.0,-0.951892180619018,385.9188194678966,344.7194658344572,41.19935363343933,4.001828698857111,2.949145302436108,1.0526833964210027
frame_e~_686.07_686.12,0.3182186586107889,0.0,-0.6916519797181919,383.37019921815386,343.46722177473583,39.902977443418024,1.4588561702767606,1.1325166591543905,0.32633951112237014
frame_Ze_686.12_686.2,4.415834430167621,0.0,-0.8804284990500769,388.87919017233634,346.98415462057517,41.89503555176117,7.272411469105037,3.8751872351454324,3.397224233959605
frame_Ja_686.2_686.26,6.428474085250201,0.0,-0.9518921806205569,383.35373901640025,343.54823422511254,39.80550479128772,1.7162112893321648,0.5758849561794932,1.1403263331526716
frame_ri_686.26_686.39,0.8282287287034649,0.0,0.4133640359579434,384.7525769584961,342.140786812694,42.611790145802104,5.501198210144651,2.1316169824238216,3.369581227720829
frame_a_686.39_686.42,1.1471675127661456,0.0,-0.9518921806205569,369.5374627964904,331.05765373726695,38.47980905922344,0.24434256923763087,0.1756772206079802,0.06866534862965068
frame_ki_686.42_686.7,14.007187984082236,0.0,1.562158204702029,383.86517962750725,336.29446351849725,47.57071610900999,148.8038132859702,48.86636761481691,99.93744567115328
frame_ew_686.7_686.78,113.49698550932078,0.0,-0.8804284990523507,389.2921537921362,347.3268362884795,41.96531750365676,0.5125884594020107,0.27352569011830496,0.23906276928370573
frame_ko_686.78_686.84,7.113312203934669,0.0,-0.8739373730148412,388.5617582961008,346.84095316565845,41.72080513044233,3.7609985720889085,2.551303513067751,1.2096950590211577
frame_Je_686.84_686.9,13.869708224497884,0.0,-0.8804284990523507,380.1750605582169,339.5138880862637,40.66117247195319,2.905012343634411,2.11359345416588,0.791418889468531
frame_su_686.9_686.96,91.47251759218595,0.2899999999999636,-0.5689353011178175,368.96576856756735,329.37860416673084,39.587164400836514,0.6575132752901993,0.21395932262380768,0.44355395266639164
frame_na_687.25_687.31,0.6386476021606882,0.0,-0.9518921806205569,393.44323100960725,351.9845582547469,41.458672754860345,1.7972299920039063,1.1004647743424982,0.6967652176614081
frame_vaw_687.31_687.4,122.02534110785132,1.6900000000000546,-0.9518921806205569,378.0916676133432,338.6309052028544,39.46076241048877,2.579394417090569,1.5804040451593195,0.9989903719312494
frame_me_689.09_689.15,13.95619021308056,0.0,-0.8804284990523507,389.2842199365593,348.27856109476846,41.00565884179082,4.851019376998153,3.7668464675092252,1.0841729094889274
frame_ka~_689.15_689.42,72.322291868582,0.0,-0.8746493846262117,383.8295391180012,336.4912084769753,47.33833064102589,119.50449103838065,62.83456543618041,56.669925602200244
frame_ni_689.42_689.72,50.889240585617586,0.0,2.7109523734444823,385.0922869974065,337.0972325929624,47.99505440444409,148.81869060456415,69.7166969370025,79.10199366756167
frame_ka_689.72_689.8,127.23405755448336,1.9700000000000273,-0.9518921806205569,367.36883091626237,327.8121405365619,39.556690379700456,0.08925075640908631,0.05141774269463184,0.037833013714454466
frame_bo~_691.77_691.93,31.21572282037036,0.0,0.3571261947871215,399.4660813704993,354.9165957925066,44.5494855779927,47.168951092551,30.359478721409573,16.809472371141425
frame_ajs_691.93_692.08,29.446714606019412,0.0,-0.4104218106523971,397.8560682875083,353.6940266923615,44.16204159514683,44.44484024310256,30.61860585915332,13.826234383949242
frame_a_692.08_692.2,0.20380696548758692,0.0,0.26641615180587913,402.6062765217005,359.4240079795471,43.182268542153395,30.239981349483884,8.23127785263435,22.008703496849535
frame_ajs_692.2_692.41,13.069861682885033,0.0,0.6725189292808448,397.4600313695522,353.87336058309444,43.58667078645777,34.78419325967235,14.207404517572087,20.576788742100263
frame_majs_692.41_692.84,0.19268659530573018,1.6899999999999409,-0.004319033177431361,403.28295178799226,352.2050287775543,51.07792301043793,249.00615078116965,73.61065446607441,175.39549631509522
frame_ajs_694.53_694.69,134.72073687089298,0.0,-0.2750542181607418,391.06294173830275,348.825939148907,42.23700258939573,6.145745115048484,1.2268757346656258,4.9188693803828585
frame_majs_694.69_694.92,54.06141569528239,0.0,-0.1396866256690866,403.5297828860282,357.9955717050583,45.534211180969976,36.11159502237655,14.298571877141626,21.813023145234922
frame_ko_694.92_695.03,2.117218469440786,0.0,-0.8739373730148412,400.9569311938079,358.06739626299293,42.88953493081499,42.28112317101855,26.446500979861753,15.834622191156797
frame_Je_695.03_695.21,59.27868364662862,0.0,-0.28044474758671833,397.03285618934154,354.9656215745323,42.06723461480925,109.48700981032502,38.94278059636474,70.54422921396028
frame_si_695.21_695.4,12.675769730070016,0.0,0.4133640359579434,400.14156552087064,354.09964977765645,46.04191574321419,46.58137881860023,26.566257004904287,20.01512181369594
frame_das_695.4_695.54,30.113639351753392,0.0,-0.8165245881289017,398.5151659262965,355.7575117227471,42.75765420354941,15.302480215807037,6.96007699524759,8.342403220559447
frame_ajs_695.54_695.63,174.77908454871204,0.0,-0.951892180619018,372.14845310383555,331.614222473005,40.534230630830564,9.20561806945387,4.170138289938585,5.035479779515285
frame_ki_695.63_695.71,23.04868877522958,0.0,-0.3046323195060898,404.04815173859,360.4036818763179,43.6444698622721,15.249412533193976,10.44256553931723,4.806846993876746
frame_ujs_695.71_695.84,29.402464230309903,0.0,-0.5689353011197329,393.5242598325613,351.8630263901193,41.66123344244204,15.661869635644194,6.532962227512257,9.128907408131937
frame_mo_695.84_696.05,16.914793010997897,0.0,0.2818234525340223,405.1653883168002,359.2113927064085,45.9539956103917,25.972822269735786,14.838825360611423,11.133996909124363
frame_sus_696.05_696.15,113.07709516097175,0.0,0.0,382.03210967729115,341.81122314084666,40.22088653644448,163.92541449206684,104.16562297707485,59.759791514991996
frame_i~_696.15_696.34,42.649549835200844,0.0,-0.23198724542380286,402.2291982394438,355.8304375460786,46.398760693365205,25.517315275513823,9.62601188150586,15.891303394007963
frame_klu_696.34_696.48,38.07223372122155,0.0,-0.5689353011197329,398.2805008132542,353.3508135796597,44.92968723359451,14.127871097204064,9.804877027889319,4.3229940693147455
frame_zi_696.48_696.57,42.84078742755236,0.0,-0.5918308616917031,393.23178701762885,350.9024725207321,42.32931449689676,4.91715683536529,3.12729412624941,1.78986270911588
frame_vi_696.57_696.69,26.33197470208512,0.0,0.12616549377233013,396.23983779360196,354.32914550693175,41.91069228667021,20.86052496367185,10.067346750406728,10.793178213265122
frame_pre_696.69_696.85,31.277779197320086,0.0,0.5195335876977598,400.1322148980098,357.1352894780558,42.99692541995404,10.189356060831471,5.7748922622652685,4.414463798566203
frame_fe_696.85_696.92,24.276210000108563,0.0,-0.8804284990523507,397.97850676925844,355.95570255849,42.02280421076847,22.94205206722353,16.307712949256114,6.634339117967414
frame_re~j~_696.92_697.02,34.07234381878388,0.0,-0.9896628005608363,399.85898433138647,355.8091481590492,44.04983617233728,12.329354369987641,8.288064907462001,4.04128946252564
frame_E_697.02_697.06,27.898363109777563,0.0,-0.7090420214428308,396.75806213347903,355.2241236538268,41.53393847965225,3.3707028408767314,1.130332871837254,2.2403699690394774
frame_a_697.06_697.15,54.19943958114328,0.0,-0.1396866256690866,401.2230548673887,360.1655186554877,41.05753621190104,14.578867804609956,5.856071256709242,8.722796547900714
frame_me_697.15_697.33,70.40549461113164,0.0,0.9195227553399989,404.79484713069286,360.76834929837565,44.026497832317204,33.88168311688503,10.424725259336014,23.456957857549014
frame_ka~_697.33_697.6,59.2682647009193,0.0,1.06361192259836,409.4786306067606,359.8830429891717,49.59558761758893,18.95969752752103,11.762909831820991,7.1967876957000385
frame_ni_697.6_697.71,78.05546923818525,0.0,0.12616549377233013,404.4143436130789,362.0470301179487,42.36731349513025,18.674716754633494,9.981326469927524,8.69339028470597
frame_ka_697.71_697.96,64.09958546150563,0.2799999999999727,0.5371513367891896,397.27440098859233,353.0404686426427,44.233932345949654,58.08608036014226,29.128599123086985,28.957481237055276
frame_a_698.24_698.28,22.81820381042823,0.0,-0.8165245881289017,397.00246407581585,356.33861654539936,40.66384753041649,1.1510138487348343,0.4055317596356076,0.7454820890992266
frame_e_698.28_698.31,26.75008093516655,0.0,-0.8804284990523507,386.07119738599715,345.86430806039283,40.20688932560432,16.071780711644095,5.714608743580385,10.35717196806371
frame_le_698.31_698.56,2.014966257089668,0.0,2.3194848420878356,403.22510263939944,361.28926660312857,41.935836036270814,13.468744654088425,5.292213298237215,8.17653135585121
frame_tro~_698.56_698.79,3.1949271528563656,0.0,0.20322650863584368,411.75366375977296,362.25782177507773,49.49584198469523,23.099766300122297,18.550484066399434,4.549282233722863
frame_ni_698.79_698.96,4.150274823377856,0.0,0.2697647648651368,403.70374966068994,359.40580221417713,44.29794744651281,13.652950318277561,7.225277327756373,6.427672990521188
frame_ka_698.96_699.22,13.141809628299455,0.35000000000002274,0.807886521774039,393.16898281171535,348.17804569113287,44.99093712058249,25.228082661963185,16.426779304947388,8.801303357015797
frame_a_699.57_699.62,18.578875815129265,0.0,-0.6811569956372465,399.1128624386667,356.74783714287867,42.36502529578803,1.9879424416859877,0.6577331125265857,1.330209329159402
frame_na_699.62_699.87,1.0316337701053158,0.0,1.2139892992490047,402.6714996084362,354.92920719870517,47.74229240973102,18.94875397554597,8.299699460402252,10.649054515143717
frame_vaw_699.87_700.32,4.582442216643585,3.019999999999982,1.484724484232315,406.39104843184833,352.3990389066267,53.99200952522165,21.58978550588219,9.122835002900189,12.466950502982002
frame_da_703.34_703.48,5.961850497940645,0.0,-0.2750542181607418,406.7798401880486,361.5246592858938,45.25518090215479,10.688996189570787,5.356180867805534,5.332815321765253
frame_me_703.48_703.59,1.990587955565303,0.0,-0.6804339152289574,400.1605877779913,356.9600676342795,43.2005201437118,4.236968328233502,1.7357430990059584,2.5012252292275434
frame_dZi_703.59_703.77,10.579976058418282,0.0,-0.017433777322109042,396.68012106577686,350.8973884371087,45.78273262866816,14.213421689939224,7.623655647223188,6.589766042716036
frame_si~_703.77_704.11,38.28892646677494,0.0,0.8292658297547268,404.5047100280639,353.6119121211732,50.892797906890735,28.765805953353947,20.149003632635868,8.61680232071808
frame_na_704.11_704.33,14.12814756894008,1.3099999999999454,0.807886521774039,396.93146887942476,351.55629429813166,45.375174581293095,41.91346587797318,24.71385626111183,17.199609616861352
frame_bo~_705.64_705.79,29.869378913125644,0.0,0.20322650863584368,397.1439246469751,352.68720246782044,44.45672217915467,40.60049375256904,28.156123457132963,12.444370295436073
frame_da_705.79_705.85,19.837994790654477,0.0,-0.9518921806205569,389.135408969968,347.7863146586307,41.349094311337296,3.762988095665918,1.8174758908438946,1.9455122048220233
frame_me_705.85_706.0,35.477446209722785,0.0,0.5195335876977598,399.5458405459864,355.6485981159012,43.89724243008516,24.72045109432861,11.292432916911423,13.428018177417187
frame_dZi_706.0_706.08,33.74783819364248,0.0,-0.44823159059889645,372.3651135284801,334.5137836381193,37.85132989036077,6.800791613260941,3.4761880818477664,3.3246035314131746
frame_si~_706.08_706.18,85.11515684470731,0.0,-0.7674571964817023,399.301494562237,357.05695512849525,42.24453943374175,7.647934136186848,4.133459100562618,3.51447503562423
frame_na_706.18_706.24,77.20770234409224,0.0,-0.9518921806205569,396.9847112202763,357.4718145019139,39.51289671836241,23.597757189674155,15.260209916399049,8.337547273275106
frame_a_706.24_706.27,47.01429740800057,0.0,-0.9518921806205569,380.72322886891027,341.42151060127435,39.30171826763598,0.8323815305867015,0.5595730024834609,0.27280852810324063
frame_Su_706.27_706.33,60.85492540114393,0.0,-0.5689353011178175,377.21227078850814,337.6694800391813,39.54279074932691,10.27812528580074,7.654001191039981,2.6241240947607594
frame_ki_706.33_706.43,22.78528776722615,0.0,-0.448231590600529,396.7605795136955,354.1549305830452,42.60564893065032,39.19828048501276,23.47558679007392,15.72269369493884
frame_to_706.43_706.62,23.687624856572,0.0,-0.10343015598007561,397.3163296554364,353.47549277199533,43.84083688344106,143.04592439745235,35.91831908156044,107.12760531589191
frame_dus_706.62_706.77,3.7537704752348873,0.0,-0.5689353011178175,392.9391353076036,349.5172031021168,43.42193220548677,10.687325661142268,6.867202245857243,3.8201234152850247
frame_ujs_706.77_706.92,5.518460089657481,0.0,0.44190886596422646,396.6737189187021,352.60621315650616,44.067505762195935,21.903322714951997,13.187202807225077,8.71611990772692
frame_Ra~_706.92_707.16,5.997082911821707,0.0,0.35878962906288053,394.712008557895,349.43080650416863,45.28120205372636,18.681288034373637,8.02514887577729,10.656139158596346
frame_mus_707.16_707.36,23.46557541107444,0.0,0.10496081027021181,388.99368341725,344.82859288023656,44.16509053701344,6.93032751113779,3.8020799235304708,3.1282475876073192
frame_nE_707.36_707.5,78.79959811911934,0.0,-0.4965808483512219,391.9994053675127,347.27701177225396,44.72239359525872,88.1691827127835,61.283870423793644,26.88531228898985
frame_ujs_707.5_707.86,18.558355749035258,0.0,2.2951231722832226,383.68663111142195,335.1141497867317,48.57248132469027,17.848830166237377,10.744528771852117,7.10430139438526
frame_kaR_707.86_708.07,20.663539223719937,0.0,0.13104855931422388,399.09302835584555,353.32389121121474,45.769137144630804,22.694494565694214,13.961623666952647,8.732870898741567
frame_dZi_708.07_708.18,14.829808394147761,0.0,-0.1610330484149157,392.0286741852308,350.77502428981603,41.25364989541475,8.693022413444027,4.064868583031654,4.628153830412373
frame_o_708.18_708.24,21.525633459694603,0.0,-0.29605696023821954,388.9964751221164,347.94264010829545,41.05383501382096,4.538678054933342,2.863754880725139,1.6749231742082031
frame_lo_708.24_708.36,9.967218107984621,0.0,-0.10343015598007561,395.29853833225627,352.0069935962318,43.29154473602449,7.2052607256902945,4.1227500646389785,3.082510661051316
frame_Zis_708.36_708.81,19.76975390281612,0.0,1.8493567468876422,394.06231995583244,341.1864137093635,52.8759062464689,22.536258909263438,10.900310958667234,11.635947950596204
frame_tas_708.81_708.97,31.815199798038122,0.25,-0.5457894031440523,390.22628746385607,347.678400465582,42.547886998274066,19.73373868172206,13.09370077140008,6.640037910321979
frame_ujs_709.22_709.41,20.074821264694037,0.0,0.10496081026829648,378.4838296735779,335.0391955911702,43.444634082407674,5.767530398179275,4.42918125350198,1.338349144677295
frame_Zi~_709.41_709.52,3.0909192888789505,0.0,-0.12876798598785677,395.39121296038326,354.3950541830235,40.99615877735977,19.29466360064336,9.842861027777559,9.451802572865802
frame_ne_709.52_709.6,5.206789866291132,0.0,-0.6804339152289574,392.4103892750908,351.28067004524445,41.12971922984633,8.803490633505987,3.54588398518581,5.257606648320177
frame_ko_709.6_709.78,1.1101450796298593,0.0,-0.10343015598226553,397.7689323829238,351.694754189294,46.07417819362985,20.09631710851241,14.870649931844923,5.225667176667486
frame_lo_709.78_709.9,11.868331343801657,0.0,0.08919664827587839,399.52910145932447,355.60584270837364,43.92325875095082,13.387146633915535,4.332805453196073,9.054341180719462
frame_Zis_709.9_710.37,14.507682829995076,0.0,1.8493567468876422,394.33454064017644,340.66807195910684,53.6664686810696,126.79164287632253,24.911401672249497,101.88024120407303
frame_tas_710.37_710.49,15.233507402396526,0.0,-0.6811569956357075,388.13887969759253,347.1331334785108,41.00574621908174,12.939648320747096,7.104770434131183,5.834877886615914
frame_ujs_710.49_710.59,122.0328247119788,0.0,-0.5689353011197329,366.64449336787106,328.23169805776035,38.41279531011071,0.6175056547648339,0.251606694025611,0.3658989607392229
frame_pa_710.59_710.78,3.7665396619325975,0.0,0.13104855931422388,395.40720747099306,353.81873243106975,41.58847503992331,4.559480535934796,2.4147137336004505,2.1447668023343454
frame_to_710.78_710.89,2.9563301615096975,0.0,-0.29605696024040945,396.9166747560245,355.29738952376675,41.619285232257766,19.521447630848712,12.986246037440253,6.535201593408459
frame_lo_710.89_711.04,12.048236208536537,0.0,0.47445025679216624,402.5418881393549,356.72496195896446,45.81692618039045,26.785416255796747,12.32964353424586,14.455772721550886
frame_Zis_711.04_711.49,5.256611782771046,0.0,2.8545516445372887,397.65180484656133,345.7137261245848,51.938078721976524,32.90110339671517,12.425746990483503,20.47535640623167
frame_tas_711.49_711.69,5.92884360783674,1.67999999999995,-0.27505421816228076,390.8346449882748,347.2153088091498,43.619336179125014,33.024784049099736,21.213314373151974,11.811469675947762
frame_ujs_713.37_713.46,2.4609101214219464,0.8399999999999181,-0.5689353011197329,364.8638469912541,326.2958334445284,38.568013546725695,5.4150224572437935,2.9401094651780397,2.4749129920657538
frame_ka~_714.3_714.48,1.888591959190137,0.0,-0.169827091088729,397.92914101957587,353.64767984520427,44.2814611743716,16.804332541888016,7.342635792492132,9.461696749395884
frame_se_714.48_714.73,2.601165442861088,0.0,1.1195173391611184,395.71556752892667,348.48172146918597,47.2338460597407,29.488941272290873,20.36605945157706,9.122881820713815
frame_ro_714.73_714.86,1.912497907645502,0.0,-0.6813105687566973,397.25255292588577,353.08869510642455,44.163857819461214,24.33345993052754,10.560466763267016,13.772993167260523
frame_lo_714.86_714.92,11.109103984517532,0.0,-0.8739373730148412,397.8360847193703,356.41121802483036,41.42486669453996,1.847779828639574,0.7801463672561795,1.0676334613833944
frame_Zis_714.92_715.33,5.214076594448073,0.0,1.562158204702029,397.3396808423114,348.14481937995276,49.19486146235863,23.342307403845552,10.651670625327966,12.690636778517586
frame_tas_715.33_715.57,24.80120446117067,2.2299999999999045,-0.004319033177431361,390.8175602554369,345.856253219771,44.96130703566587,142.16068352639184,49.08140124161622,93.07928228477562
frame_a_717.8_717.89,13.777150030802972,0.0,-0.1396866256690866,401.36451988994475,359.24826003997094,42.1162598499738,12.347024548654275,3.949238478358552,8.397786070295723
frame_ws_717.89_717.97,9.657547487878219,0.0,-0.5689353011197329,392.6582896479324,353.03789671732847,39.62039293060394,39.81045391591442,19.474065439056403,20.33638847685802
frame_adZ_717.97_718.2,9.982285143838908,0.0,1.349356891739121,406.1166400583745,359.97094181420437,46.14569824417009,28.403339352850566,10.930896593897728,17.472442758952837
frame_vo_718.2_718.32,34.81196792645426,0.0,0.08919664827806831,406.663074583751,362.1152693344237,44.54780524932727,19.56505051025414,7.0885310719506265,12.476519438303512
frame_ga_718.32_718.56,61.28254618382863,0.0,0.9432541142641553,402.2621977266806,356.7268353287325,45.53536239794812,67.03166179968596,28.960411198444035,38.07125060124193
frame_dus_718.56_718.68,75.85842931743775,0.0,-0.4004612732727255,401.144060832975,356.9908558375679,44.15320499540718,87.52491289594883,47.34404399633945,40.18086889960938
frame_E_718.68_718.74,6.012437069421111,0.0,-0.4965808483500142,404.23589754293437,362.1556822744144,42.080215268519964,25.30957366301064,18.30523374549935,7.004339917511288
frame_a_718.74_718.84,43.63280580757416,0.0,-0.004319033177431361,397.49485153588165,356.9156859130338,40.579165622847825,12.506331098293998,5.917338928059536,6.588992170234462
frame_kri~_718.84_719.01,38.69443017419013,0.0,-0.7674571964817023,399.1974054287714,352.95376261455436,46.243642814217026,27.251464256413982,17.02277225389915,10.228692002514833
frame_mi~_719.01_719.14,7.246870812660461,0.0,-0.4481125912347796,404.3284389364968,358.7596315700067,45.56880736649009,36.815046861285396,12.667944440501259,24.147102420784137
frame_naw_719.14_719.58,1.1768889964282323,0.0,0.8078865217725001,402.10147630733275,348.6150573434596,53.48641896387318,32.602269604076525,18.67238218213521,13.929887421941316
frame_si_719.58_719.91,107.98219795769992,0.0,1.1313603914219768,398.5888392766124,348.5557462467,50.033093029912436,163.58811564108402,90.2730112087724,73.31510443231161
frame_viw_719.91_720.34,25.94355392463578,1.1999999999999318,1.1313603914219768,401.08465070783006,350.03174817883905,51.052902528990955,157.95428866350323,35.807918904455846,122.1463697590474
frame_ew_721.54_721.66,148.11244249830648,0.0,-0.08045016376559877,404.10005578902155,360.5758519361158,43.52420385290577,42.571551472210274,12.228643524045083,30.34290794816519
frame_a_721.66_721.78,88.77070982630735,0.0,0.26641615180587913,399.5901891894209,357.3532848076037,42.236904381817226,73.2485651526074,45.84282502931205,27.405740123295345
frame_Su_721.78_721.84,93.8019780009021,0.0,-0.5689353011178175,376.79268705868367,338.1160536738432,38.67663338484044,22.19493747032641,16.366254954360443,5.828682515965966
frame_ki_721.84_721.92,62.541291376675105,0.0,-0.5918308616933357,400.4874223462509,356.50169525157,43.9857270946809,4.4706357496745,2.578557987705949,1.892077761968551
frame_ew_721.92_721.98,34.29522651379324,0.0,-0.8804284990500769,387.51958492711935,348.2345652379238,39.285019689195565,9.622067496370505,4.028334913276552,5.593732583093953
frame_ko_721.98_722.11,26.199598033054997,0.0,-0.6813105687566973,401.4679622262492,356.70195655361204,44.766005672637164,29.78436402082616,18.36430941141188,11.42005460941428
frame_Je_722.11_722.26,1.4978238303550313,0.0,0.3195390038766403,397.7710384160219,354.93449617068893,42.836542245332964,20.41153465727723,5.419375453731192,14.992159203546038
frame_su_722.26_722.35,4.702511940067893,0.0,-0.5689353011197329,398.38620236175746,355.3742629045474,43.011939457210076,11.076769061055387,4.950878442380656,6.125890618674731
frame_a_722.35_722.39,23.716474866306186,0.0,-0.8165245881289017,381.1926287678666,343.14851298979835,38.04411577806826,3.230231286119931,2.4604541653979197,0.7697771207220114
frame_si~_722.39_722.54,39.40089084968088,0.0,-0.4481125912347796,397.81412152334593,352.3037977860608,45.51032373728515,167.24639475679007,53.20172712923849,114.04466762755158
frame_e~j~_722.54_722.67,17.82250160763681,0.0,-0.5426465692951756,403.99857437072257,359.42439579695605,44.57417857376652,7.716830705537234,5.963260990305713,1.7535697152315208
frame_dZi_722.67_722.78,23.669047162469866,0.0,0.1261654937706976,400.6704003351725,356.8057041077871,43.864696227385366,6.916890043820246,2.027657659371158,4.8892323844490875
frame_rej_722.78_722.95,6.49940584358788,0.0,0.3195390038743666,403.5174263805558,359.3302127091191,44.187213671436666,20.885255680580656,10.594813666496009,10.290442014084647
frame_tu_722.95_723.03,7.489082330261823,0.0,-0.5689353011197329,404.7446682668148,361.35938598775374,43.38528227906107,21.752896247658043,7.581590953643314,14.17130529401473
frame_a_723.03_723.06,11.920532511510913,0.0,-0.9518921806205569,376.2616871573112,335.6132599955358,40.64842716177537,1.6687848174006774,1.1004121159756153,0.5683727014250621
frame_Su_723.06_723.14,154.7113954794349,0.0,-0.5689353011197329,375.38554729195596,336.6912823825757,38.69426490938025,1.1849010422494217,0.6925584420112685,0.49234260023815324
frame_ki_723.14_723.24,2.2916254194459498,0.0,-0.448231590600529,394.5126943482362,356.0582865389947,38.4544078092415,27.431623149124192,16.777792615080074,10.653830534044118
frame_majs_723.24_723.47,23.41900682698133,0.0,-0.13968662567062554,403.31103600616785,356.1572406201199,47.15379538604793,6.728294879379604,3.4648024728166433,3.2634924065629605
frame_a_723.47_723.55,25.24111905665194,0.0,-0.27505421816228076,391.1639217760405,350.2656695534565,40.898252222584006,3.1579221509647084,1.453824091155127,1.7040980598095814
frame_kri~_723.55_723.7,26.05612002429001,0.0,-0.6077848938564256,398.4471838891822,353.41537888643904,45.03180500274317,20.193711909656514,13.620488690595039,6.573223219061475
frame_mi~_723.7_723.83,32.821820008401716,0.0,-0.4481125912329643,399.53688475258633,355.6551087493439,43.88177600324241,10.04726806157916,4.901613871802368,5.145654189776792
frame_naw_723.83_724.13,40.35958872098195,0.0,-0.2750542181607418,397.08637649282736,347.36404524457026,49.72233124825709,13.599127999148351,7.010565967202865,6.588562031945486
frame_i_724.13_724.16,35.885612903733346,0.0,-0.5918308616933357,382.39892905958055,342.47122482640526,39.92770423317529,0.4155337730793178,0.2544971104781837,0.16103666260113414
frame_a_724.16_724.2,49.19758020742967,0.08999999999991815,-0.8165245881273627,373.6440585253977,335.02557978339996,38.61847874199776,4.214993371857787,2.3443172591850328,1.8706761126727542
frame_si_724.29_724.46,6.949061722125975,0.0,0.7005625781435567,395.36205022565264,350.5492556526956,44.812794572957046,52.15321268478857,34.652443310377976,17.500769374410595
frame_viw_724.46_724.68,0.15673944840187914,0.0,0.8441618492363634,395.4117955060045,349.32243640318865,46.08935910281588,17.18881730700096,7.701226230384464,9.487591076616496
frame_a_724.68_724.74,5.990284092309821,0.0,-0.5457894031440523,386.27785399649645,345.2961126402364,40.98174135625999,10.630592730538268,7.534609106649157,3.0959836238891114
frame_si~_724.74_725.06,37.09304992057017,0.5,1.1486104350016497,393.78839407578624,346.42665791860503,47.36173615718121,142.61963638252803,59.531319944332125,83.0883164381959
frame_a_725.56_725.59,20.944067454056125,0.0,-0.951892180619018,371.22784676319776,332.9024209552183,38.32542580797946,16.278560814403164,7.753740465244277,8.524820349158887
frame_gO_725.59_725.69,0.5953140921112663,0.0,-0.9250701286024872,404.670531336447,362.21933621061453,42.4511951258325,7.918764103869961,2.094300733963877,5.824463369906084
frame_ra_725.69_725.81,4.6305242036456775,0.0,-0.13968662567062554,398.27172442517497,357.86797502858485,40.403749396590115,8.249676713250182,4.256630684982184,3.9930460282679974
frame_te~j~_725.81_726.04,1.2842915959845413,0.42000000000007276,-0.6916519797164978,400.0372554853391,354.8087504141423,45.228505071196764,40.807726159211654,27.4779586959539,13.329767463257753
frame_ko_726.46_726.56,36.218875740760154,0.0,-0.6813105687566973,407.2870825771864,363.6667340517181,43.62034852546833,24.084522553384403,15.288181460219334,8.796341093165069
frame_Je_726.56_726.7,21.115535896713027,0.0,0.5195335876977598,402.9473916244448,358.95883425691534,43.98855736752944,21.766595544838907,5.074247638884401,16.692347905954506
frame_su_726.7_726.76,22.8468667921521,0.0,-0.5689353011197329,379.68964693095654,340.63879069468925,39.05085623626729,9.115974368680412,2.3910624107575416,6.72491195792287
frame_ta~_726.76_726.87,30.800332755552034,0.0,-0.8746493846262117,402.3133923139261,357.6358054220076,44.67758689191851,32.46011629843022,22.328712957076988,10.131403341353234
frame_be~j~_726.87_727.02,8.090786906198247,0.0,-0.24463574845253125,401.87754279159464,356.1922796061764,45.68526318541825,11.018732036504616,6.347417843244386,4.67131419326023
frame_u~_727.02_727.08,3.434738940616853,0.0,-0.5061620850575299,401.45537051175967,358.4901348887094,42.96523562305026,5.36721357600743,3.976252503216813,1.390961072790617
frame_Ra~_727.08_727.2,2.9257091111000193,0.0,-0.34603266447259884,404.45681714509675,360.379226204082,44.07759094101476,14.099583770029483,4.451342346332893,9.64824142369659
frame_mu_727.2_727.32,0.23082764059222427,0.0,-0.5689353011178175,402.6875707722546,358.0648806063922,44.62269016586248,4.795902158262464,2.348971012481769,2.4469311457806953
frame_da_727.32_727.56,13.610079539099644,0.0,0.9432541142641553,404.1786357809333,357.8322380324686,46.34639774846471,25.60326314887135,11.135269271921231,14.467993876950118
frame_dZi_727.56_727.79,14.840642193757446,0.0,1.7057574757932032,403.61093780802423,355.6094471941786,48.00149061384565,14.292633256253112,7.076510387846554,7.216122868406558
frame_a_727.79_727.93,27.48091373504107,0.5,0.5371513367891896,390.8187269575915,348.13968878790155,42.67903816968993,8.161697439156114,4.894857698257624,3.26683974089849
frame_da_728.43_728.88,12.627249561578992,0.0,3.109135594133717,402.45846852847154,348.8858752444874,53.57259328398413,140.4615607310339,33.27292752324854,107.18863320778537
frame_u~_728.88_729.18,102.86437824935983,0.36000000000001364,1.3011160345964605,386.88262278777916,338.78975822320126,48.092864564577894,117.70935828046353,90.36472723323219,27.34463104723134
frame_da_729.54_729.64,105.20437831547173,0.0,-0.9518921806205569,392.0800034991778,350.1861393708686,41.89386412830919,2.935183839828454,1.7217521568047403,1.213431683023714
frame_adZ_729.64_729.76,12.226120716891614,0.0,-0.9518921806205569,398.9981299900873,355.95628696518565,43.04184302490165,24.507048461046935,6.328701771128465,18.17834668991847
frame_vo_729.76_729.9,7.657509458568597,0.0,-0.29605696024040945,397.4861153233421,355.1298692754258,42.35624604791633,15.03982850136606,6.504355540682496,8.535472960683563
frame_ka_729.9_730.1,29.48870097025477,0.0,-0.1396866256690866,395.3183330214169,350.7404758197571,44.57785720165981,139.84673658159653,38.09373097886663,101.7530056027299
frame_si_730.1_730.42,2.9077530055000693,0.0,0.55696330705075,402.49624026695477,351.8223870131863,50.67385325376847,167.66460211280628,32.77848228214944,134.88611983065684
frame_a_730.42_730.52,27.996907473336222,0.0,-0.004319033177431361,386.82468388548176,346.90061178762824,39.924072097853525,9.670097865840177,6.015546706430882,3.6545511594092943
frame_ki_730.52_730.98,9.96097538300694,0.0,3.8597465421885677,399.0300206290709,344.53049404779756,54.4995265812733,123.81239794409362,100.09219522719764,23.720202716895983
frame_e_730.98_731.12,5.190960994832494,0.0,1.319511922982238,398.82397491541207,354.6798962841132,44.14407863129884,5.55586369479343,1.9395430450734068,3.6163206497200235
frame_lis_731.12_731.28,41.023510361639836,0.75,-0.017433777320476507,388.7647469362033,346.2735213435741,42.49122559262929,126.11383730125542,34.09471478369926,92.01912251755616
frame_E_732.03_732.06,14.598509842948118,0.0,-0.8152726079886352,378.40352284199287,338.6918614449961,39.71166139699676,40.38513158224873,31.315945272188543,9.06918631006019
frame_u~_732.06_732.09,11.2805592173045,0.0,-0.7320718500141716,386.51636540586395,345.60890881339037,40.90745659247358,5.679410001931927,4.509129166432103,1.170280835499824
frame_ma_732.09_732.28,1.2204692874149998,0.0,0.5371513367891896,403.6140221730343,359.5958708619779,44.018151311056386,13.888958461221762,6.879338521926542,7.00961993929522
frame_paX_732.28_732.47,2.227822573211995,0.0,0.26641615180587913,405.04527719471184,360.21302243335737,44.83225476135448,12.101375990271293,7.087073893536029,5.014302096735264
frame_tSi_732.47_732.54,133.4982553017168,0.0,-0.5918308616933357,369.1745442731077,331.80512897517923,37.36941529792847,4.70216667720689,2.826582116710618,1.8755845604962715
frame_ki_732.54_732.69,1.0855782067936275,0.07999999999992724,-0.16103304841328314,389.75995160019954,347.2528158520385,42.50713574816103,11.751721464937816,6.279273628794613,5.472447836143203
frame_kuj_732.77_732.93,18.647091365403924,0.0,-0.06351321757871085,403.32264181129796,357.20199256544964,46.12064924584831,31.745112854884695,15.140176378957392,16.604936475927303
frame_da_732.93_733.05,1.916852299888717,0.0,-0.8165245881289017,405.7969005589331,361.5600693171147,44.23683124181838,9.591243140340794,4.916299470222839,4.674943670117955
frame_dZi_733.05_733.18,11.09667823529611,2.7100000000000364,-0.448231590600529,396.7275199136327,352.4643741712449,44.26314574238779,18.631072083350574,6.9111379266847734,11.7199341566658
frame_ki_735.89_736.0,6.4298650712048016,0.0,-0.5918308616933357,404.08489303151725,360.6733314517139,43.41156157980333,4.492309823942577,2.348941758262697,2.14336806567988
frame_E_736.0_736.05,4.730871668572831,0.0,-0.6028114348970264,398.75899452244465,358.52803847931415,40.230956043130504,1.8861087580432638,1.5163175171655325,0.3697912408777313
frame_u~_736.05_736.53,4.344538818950724,0.0,2.656574624338024,402.78808938030613,348.90178761017484,53.8863017701313,32.47816488222651,20.322597118696365,12.155567763530144
frame_tSi_736.53_736.66,14.32360179699404,0.0,-0.1610330484149157,398.6709834335892,356.0880507551634,42.58293267842578,57.59604732980867,25.78755969561726,31.80848763419141
frame_pu_736.66_736.75,25.168868959322566,0.0,-0.5689353011197329,405.9292474355803,362.02545570385337,43.903791731726926,5.795533774681729,2.3117528378126906,3.4837809368690387
frame_dZi_736.75_737.01,31.657246831481416,0.0,1.5621582047003966,405.40914690059276,355.1250795093908,50.28406739120197,146.28343215858513,33.57784683800185,112.7055853205833
frame_adZ_737.01_737.17,10.200770198702429,0.0,-0.8165245881289017,404.84781125574284,358.9251829126973,45.92262834304552,13.281289685138148,6.569802434669583,6.711487250468565
frame_vo_737.17_737.35,17.867174996030457,0.0,0.47445025679435615,400.22233812002776,356.66143305459366,43.5609050654341,9.434520201250194,4.457802275257734,4.97671792599246
frame_ga_737.35_737.56,2.8338387195827863,0.0,0.40178374429753433,405.70561225705495,359.0755838428742,46.63002841418074,6.1661944785774665,2.622354782134636,3.5438396964428307
frame_du_737.56_737.65,5.901485018054302,0.0,-0.2319872454257182,397.32238635296267,355.2238317159519,42.09855463701075,10.33694088063649,4.953057333859874,5.383883546776616
frame_ki_737.65_737.79,5.246768426341021,0.0,-0.448231590600529,384.52125313097014,341.9187632370818,42.60248989388833,20.458987994702937,13.643974158406309,6.815013836296629
frame_kuj_737.79_737.95,10.243942455153103,0.0,-0.4004612732727255,403.4445989450999,357.21942276088674,46.22517618421318,28.993737188985534,9.428365957201692,19.565371231783843
frame_da_737.95_738.04,1.5914103358089449,0.0,-0.8165245881289017,405.0706821276203,361.36493883773016,43.70574328989011,17.165569348607107,6.470903959120278,10.694665389486829
frame_dZi_738.04_738.17,3.0333459496650903,0.0,-0.017433777322109042,406.39117859561975,361.27206742193584,45.11911117368396,15.136301842671827,6.185924041706613,8.950377800965214
frame_a_738.17_738.25,15.60745515633161,0.0,-0.2750542181607418,396.85256309166476,354.97777133803964,41.87479175362512,7.848899519820179,5.399089963681035,2.4498095561391438
frame_su~_738.25_738.56,3.936482750404906,0.0,0.09626395482684827,401.2642085789297,351.84054355283354,49.42366502609616,33.89975044682626,19.50906803112767,14.390682415698592
frame_tus_738.56_738.9,124.22194247324671,0.0,-0.2319872454257182,384.7908035793089,337.8380685061918,46.95273507311708,627.876037235495,362.4365860777355,265.43945115775955
frame_na_738.9_739.12,14.840656162922073,0.0,0.5371513367891896,403.6517211409077,356.7492660216171,46.90245511929061,19.219716316714766,8.898993049263225,10.320723267451541
frame_vajs_739.12_739.51,10.119428256620239,1.3799999999999955,1.0786217067558106,400.8514711327276,353.4354283146189,47.416042818108735,28.5626474039926,11.191731356653605,17.370916047338994
frame_ki_740.89_740.99,7.588199586289761,0.0,-0.5918308616933357,404.71229478194573,360.1602764343885,44.55201834755724,22.057212054753506,14.477345948785398,7.579866105968108
frame_E_740.99_741.09,6.315588271286913,0.0,-0.07165850216679646,412.1728277408039,367.2661259755627,44.906701765241166,9.23903892897357,5.3847805909395845,3.8542583380339863
frame_mej_741.09_741.25,81.75640063537662,0.0,-0.08045016376559877,409.6584150361422,364.03780516063637,45.62060987550581,83.26063500691956,32.4826609190132,50.77797408790636
frame_u_741.25_741.37,69.31037057819924,0.0,0.9473309495052484,403.37754194676273,360.26020783942914,43.11733410733359,61.55145568538546,41.7317882947205,19.81966739066496
frame_Ra_741.37_741.57,41.93612826293537,0.0,0.9432541142656943,409.1374502319406,361.6162379954178,47.521212236522786,11.53552727307212,3.7106523622184966,7.824874910853623
frame_ru_741.57_741.63,11.119685210219387,0.0,-0.5689353011197329,403.0101834392683,360.43755561499324,42.57262782427506,8.77501523984796,5.96696396711252,2.8080512727354403
frame_a_741.63_741.72,3.8158065186318026,0.0,-0.1396866256690866,387.7235708517772,347.78382870911884,39.93974214265836,18.28450847184922,7.185128421897218,11.099380049952003
frame_ki_741.72_741.86,6.318828689820492,0.0,-0.3046323195060898,401.1597787481188,355.57720130853244,45.58257743958637,37.58642226927907,17.902304648852265,19.684117620426804
frame_nu_741.86_741.95,7.15914314057369,0.0,-0.5689353011178175,407.32920997293127,362.3924846727516,44.93672530017966,6.83827492228977,1.8134210294708737,5.024853892818896
frame_bra_741.95_742.22,16.290130700512748,0.0,0.5371513367891896,404.3905692081486,356.77670899004937,47.613860218099205,12.844064984272165,6.934097381925085,5.909967602347081
frame_ziw_742.22_742.31,11.194204841530137,0.0,-0.5918308616933357,397.8134736364013,354.82274760841284,42.990726027988444,33.93688991603642,19.17365422019361,14.763235695842809
frame_i~_742.31_742.43,10.147229616160502,0.0,0.5099212245078041,399.10818747612115,356.4603963282368,42.647791147884334,36.72901089411113,8.527148323849474,28.201862570261653
frame_klu_742.43_742.58,3.256086158150083,0.0,-0.5689353011178175,400.1152766336362,354.85296151581156,45.26231511782464,21.23974309693571,12.424734226870925,8.815008870064787
frame_zi_742.58_742.67,15.531607762513204,0.0,-0.5918308616933357,394.25973270313244,353.4330917512489,40.82664095188352,5.666701525741615,2.6144586958537275,3.052242829887888
frame_vi_742.67_742.83,14.764221628378777,0.0,0.7005625781435567,399.1816857450417,354.8136130556469,44.36807268939481,24.14067963209135,9.138782209875046,15.001897422216302
frame_pa_742.83_742.93,0.1715064907369026,0.0,-0.9518921806205569,403.70769012399495,360.3401006761636,43.367589447831335,24.014188303592988,15.486174484211432,8.528013819381556
frame_re_742.93_743.05,2.5443950417392216,0.0,0.3195390038743666,405.3360143781807,362.0980777887743,43.237936589406445,6.353830386592676,2.7343436467229196,3.6194867398697568
frame_si_743.05_743.11,1.9228901791502437,0.0,-0.5918308616933357,377.39627285811315,336.7819747108805,40.61429814723266,1.4332864305601447,0.7231758326241788,0.7101105979359659
frame_ki_743.11_743.23,6.34674674369532,0.0,-0.448231590600529,389.1335525590202,346.8661235291353,42.26742902988491,14.718046602666902,9.388574048439636,5.329472554227266
frame_sO_743.23_743.41,12.089715275491187,0.0,-0.44906316922621753,408.6481999970722,361.07404052184097,47.57415947523128,22.25349774243446,17.443611601764758,4.809886140669704
frame_e_743.41_743.45,14.405257141845539,0.0,-0.6804339152289574,394.71568046432753,355.1364409098087,39.579239554518836,0.5580696436892651,0.09956101916930038,0.45850862451996477
frame_zis_743.45_743.63,17.293622192410623,0.0,-0.44823159059889645,391.60062187580274,348.39373101221645,43.20689086358624,11.953488102946267,6.4223296184693766,5.53115848447689
frame_te~j~_743.63_743.8,2.8221727299866473,0.0,-0.39364115887554746,405.3749564793912,359.4325485359065,45.94240794348468,84.44576107886053,62.24415513438632,22.20160594447421
frame_dojs_743.8_744.04,6.763695647112058,0.0,0.6670770610525001,402.8142964085605,357.88716119764723,44.927135210913264,18.558462813652653,7.985378181544689,10.573084632107964
frame_ow_744.04_744.16,15.776476766583983,0.0,-0.48868376449636347,397.9040260729839,356.83095914094315,41.073066932040774,8.46646073002654,4.7357394297383735,3.7307213002881667
frame_trejs_744.16_744.49,19.74445071622958,0.0,0.5195335876977598,401.8730254433495,352.4500866360654,49.42293880728408,37.40645905724435,24.680832735772384,12.725626321471964
frame_es_744.49_744.55,141.88102467872926,0.0,-0.8804284990523507,378.5854844298908,338.70455289850526,39.880931531385556,0.9081580492912451,0.3778457748413615,0.5303122744498836
frame_pe_744.55_744.68,28.056998777702688,0.0,0.3195390038743666,396.0181306125673,354.4991294905168,41.5190011220505,26.96695896428747,18.661606508881903,8.305352455405568
frame_si_744.68_744.78,18.393322675712483,0.0,-0.5918308616933357,397.71410920034265,354.8061258263958,42.90798337394682,23.14448366645007,11.422954164555762,11.72152950189431
frame_a_744.78_744.86,25.350599716974813,0.0,-0.2750542181607418,395.0443841577121,353.05629101580286,41.988093141909246,2.842663469334866,1.085819208547946,1.7568442607869201
frame_li_744.86_745.01,32.312687132528026,0.0,0.55696330705075,386.7698360632493,343.43771493958724,43.332121123662034,13.899230718806876,10.668136210779295,3.2310945080275815
frame_za_745.01_745.28,36.81633887599966,0.0,1.890827261707281,396.9688989990085,350.79639199554106,46.172507003467445,118.40017564489202,46.085342390593496,72.31483325429852
frame_dus_745.28_745.52,139.00678052054974,1.8100000000000591,-0.5689353011197329,373.2142330436607,329.44955429163684,43.76467875202388,53.416594861712596,37.93714537316018,15.479449488552419
frame_a_747.33_747.36,,0.0,-0.9518921806205569,349.2310230113755,311.3474022145625,37.88362079681298,,,
frame_Su_747.36_747.43,515.7182980639066,0.0,-0.5689353011197329,366.6778189608332,327.93941365786696,38.738405302966214,13.068833903738096,11.156333108827312,1.912500794910784
frame_ki_747.43_747.72,50.39155430610205,0.0,0.2697647648651368,396.9185977363131,349.35368202329255,47.564915713020525,72.9276038795187,38.64026699317026,34.28733688634844
frame_sow_747.72_748.05,19.526385479568802,0.0,-0.29605696023821954,398.5588778119788,350.2424337008885,48.31644411109028,193.55629549905018,64.00619972761115,129.55009577143903
frame_Esi_748.05_748.19,7.971214788481319,0.4599999999999227,-0.8152726079874275,375.2709024261445,334.1888948152354,41.0820076109091,0.33394131952695716,0.21938276765200726,0.1145585518749499
frame_majs_748.65_748.95,0.11964441884040866,0.0,-0.2750542181607418,396.4941015728042,346.73175436649205,49.7623472063122,13.679891377360264,8.598740069159732,5.081151308200532
frame_ow_748.95_749.01,3.4179756460970907,0.0,-0.8739373730148412,398.851691905478,356.7329840121366,42.118707893341366,6.211912160670096,4.763191728842827,1.4487204318272688
frame_me~_749.01_749.16,3.1930619471973216,0.0,-0.39364115887554746,400.79262577673063,356.0248995437324,44.76772623299826,9.81789044095163,6.063898137303198,3.753992303648431
frame_nus_749.16_749.27,0.27533742742232903,0.0,-0.5689353011197329,397.513057419963,355.40332026073776,42.10973715922523,12.503902438938155,9.477748264959303,3.0261541739788527
frame_a_749.27_749.39,2.5385484286846065,0.0,0.26641615180587913,395.789119955146,353.4310794344698,42.35804052067624,6.015693294157501,3.47487182348479,2.540821470672711
frame_si~_749.39_749.51,21.74838036136788,0.0,-0.9271294991051637,397.65141167391914,353.81269138429883,43.83872028962031,167.55403471386694,59.76684266836051,107.78719204550643
frame_majs_749.51_749.73,4.74330379327813,0.0,-0.410421810653936,397.25476817773534,353.03826292622415,44.216505251511194,6.919733852296389,3.5158945207167847,3.4038393315796043
frame_fa_749.73_749.82,7.784584136426247,0.0,-0.951892180619018,396.4661262792426,353.4878060707305,42.97832020851206,7.547153469133491,3.1036361680176867,4.443517301115804
frame_mi_749.82_749.95,3.1987120386257857,0.0,-0.44823159059889645,400.5784941562376,357.3953359889175,43.18315816732007,11.706711040415655,6.683257584074113,5.023453456341542
frame_li_749.95_750.04,5.559375417906381,0.0,-0.5918308616933357,397.06598376127454,355.1393903338984,41.92659342737613,4.520558539209759,1.9365828084664543,2.5839757307433047
frame_a_750.04_750.1,8.775309959340404,0.0,-0.5457894031440523,394.7212771102786,353.35442507276684,41.36685203751176,4.683639124541116,1.1022932438924897,3.5813458806486267
frame_ri_750.1_750.18,17.096281112595534,0.0,-0.30463231950772235,385.9038024363065,347.1067626840869,38.797039752219575,12.305344020078138,6.4238160989686435,5.881527921109495
frame_za_750.18_750.33,2.8369813786482894,0.0,-0.1396866256690866,400.47385703962345,355.1868386065168,45.28701843310665,27.90248266471403,6.400830694970978,21.50165196974305
frame_da_750.33_750.41,12.472536907344335,0.0,-0.6811569956372465,393.50269300955296,351.5951018790582,41.90759113049478,6.826277971450452,2.4614021176716108,4.364875853778841
frame_ko~_750.41_750.54,20.901684430833768,0.0,-1.181870666727406,393.10312515050265,349.9743712775601,43.128753872942525,32.92408794356524,19.408248458967506,13.515839484597734
frame_E_750.54_750.57,3.210955835170722,0.0,-0.8152726079874275,372.30594649945897,332.8738905069884,39.432055992470566,0.6314508903163585,0.4276855023188091,0.2037653879975494
frame_sas_750.57_750.64,9.129570405194329,0.0,0.0,370.6634447533799,331.1355087002298,39.527936053150086,4.013250191680356,1.4475109037300342,2.565739287950322
frame_koj_750.64_750.91,62.96595401166786,0.0,-0.5457894031440523,387.91781022977693,343.4994543967524,44.41835583302458,148.93667351095837,80.11204870554337,68.82462480541501
frame_zas_750.91_751.04,10.078160454394094,0.0,-0.9518921806205569,382.81929073269663,341.8491332948423,40.97015743785431,16.556647387683427,9.56072215651804,6.995925231165387
frame_ki_751.04_751.13,2.3938416917148686,0.0,-0.5918308616933357,391.6922457249125,351.28525114485257,40.406994580059916,37.004915393660724,15.741576171098075,21.26333922256265
frame_ew_751.13_751.25,104.78647898941544,0.0,-0.8804284990523507,385.0433270083797,342.7664879485044,42.27683905987533,4.155784768647308,2.112419383896807,2.0433653847505013
frame_dZi_751.25_751.39,104.35747919770601,0.0,0.55696330705075,380.4923093479508,340.70765349294174,39.78465585500908,4.6285786586004605,3.239971302590831,1.3886073560096293
frame_si_751.39_751.45,9.321063537983804,0.9399999999999409,-0.5918308616917031,361.2483918681856,323.901187141866,37.3472047263196,31.664004573293283,15.87158623603068,15.792418337262603
frame_kwa~_752.39_752.6,153.1810167715052,0.0,-0.8746493846262117,402.36608873718933,358.1737366543922,44.19235208279707,13.278841980961957,8.786013004012077,4.49282897694988
frame_du_752.6_752.66,175.07269062394414,0.0,-0.5689353011197329,395.74711022265603,353.98739678182994,41.75971344082609,5.293252127552776,3.390382042878599,1.902870084674177
frame_vo_752.66_752.82,108.97487018912634,0.0,0.6670770610525001,395.8019343532187,353.47749422668284,42.324440126535876,52.13329576247071,29.085332098677327,23.047963663793382
frame_se_752.82_752.92,91.33004239772268,0.0,-0.28044474758899196,407.2012165724839,364.59894898600635,42.602267586477524,105.82142847795558,27.367345616254397,78.45408286170118
frame_te~j~_752.92_753.05,28.5541145850261,0.0,-0.9896628005608363,410.71868724626233,365.41894478026165,45.29974246600068,57.03201318818245,31.799998629389563,25.232014558792883
frame_aw_753.05_753.11,5.818113249299103,0.0,-0.951892180619018,403.8665514993634,363.209740608378,40.65681089098541,0.9104164423742986,0.5722836519677799,0.3381327904065188
frame_gu~_753.11_753.2,13.447190945937024,0.0,-0.5061620850575299,405.82791196027813,362.64715470842145,43.18075725185673,22.618622788204704,9.021275002674969,13.597347785529735
frame_pro_753.2_753.34,49.990530984760085,0.0,-0.29605696023821954,409.1182394321497,364.0643169079335,45.053922524216205,122.00369658669383,47.562032971111535,74.4416636155823
frame_ble~_753.34_753.48,27.35800060981839,0.0,-0.8406573901395141,404.699122128808,360.27738028705966,44.42174184174837,17.223496034534293,5.762115443842731,11.461380590691562
frame_ma_753.48_753.56,31.489558931146775,0.0,-0.8165245881289017,400.9262241571483,358.1202435183697,42.80598063877858,12.26431318073196,5.880331780133247,6.383981400598714
frame_dZi_753.56_753.7,34.93303541513046,0.0,-0.3046323195060898,398.32630307936324,354.4619388539603,43.86436422540294,24.870144348900652,10.197205091316249,14.672939257584403
frame_vis_753.7_754.01,40.739174434421585,0.0,1.4185589336092224,404.91693538276417,356.7303669836994,48.186568399064754,110.07162958674428,31.651010050902926,78.42061953584135
frame_ta_754.01_754.11,8.512060740423834,0.0,-0.8165245881289017,401.83039369708837,359.64085271971544,42.18954097737293,56.80909774356604,45.5619682415512,11.247129502014843
frame_vo_754.11_754.21,2.3058211891568874,0.0,-0.29605696023821954,401.51781742294185,358.6769532913071,42.84086413163476,13.137469560898182,4.517702730427487,8.619766830470695
frame_se_754.21_754.33,18.170198998123197,0.0,-0.6804339152289574,404.3654640477117,359.9737807885514,44.39168325916029,38.210141816043745,12.913322281674823,25.29681953436892
frame_Re_754.33_754.47,18.8011145172309,0.0,-0.28044474758671833,400.51798092422575,358.57100382852553,41.94697709570022,15.336573242358526,5.236019870639495,10.10055337171903
frame_ko_754.47_754.61,39.86553617297332,0.0,-0.10343015598007561,405.1672335267292,359.8409625838905,45.32627094283879,17.315061172692538,4.769316043870731,12.545745128821807
frame_Ri_754.61_754.71,9.614864500555257,0.0,-0.5918308616917031,400.05069326599335,356.2367052178457,43.81398804814762,11.148694072152097,4.063902520285524,7.084791551866573
frame_a_754.71_754.76,21.137004284732313,0.0,-0.6811569956372465,392.406276495636,353.1617518507745,39.244524644861485,14.938157733780315,6.918878512827007,8.019279220953308
frame_ke~j~_754.76_755.06,50.600616147916696,0.2600000000001046,0.3513858932327576,392.7420936847702,345.6431505165722,47.09894316819805,64.37738016816974,47.15207043514454,17.2253097330252
frame_a_755.32_755.36,,0.39999999999997726,-0.8165245881289017,365.7756906297002,326.92217997288293,38.853510656817264,5.207729372024055,2.1047827771329892,3.1029465948910655
frame_u~_755.76_755.84,9.987639191604842,0.0,-0.3555555750864353,404.4905562311614,360.9288021774384,43.56175405372301,6.710150283462497,2.9736690088374473,3.7364812746250493
frame_o_755.84_755.92,2.6012087460767077,0.0,0.08919664827587839,397.61244034175894,356.2095409449676,41.40289939679133,10.557811133718985,5.15089250685574,5.406918626863245
frame_ku_755.92_756.12,26.21923869126593,0.0,0.27343483811721914,399.051323330442,355.1996654930337,43.85165783740831,49.383879092570226,24.63094129233744,24.752937800232786
frame_lis_756.12_756.4,36.74264390535603,0.0,0.8441618492363634,390.50799281706736,344.7039519684258,45.80404084864148,115.62854687375943,43.853722408861216,71.77482446489822
frame_ta_756.4_756.5,108.40084185874645,1.82000000000005,-0.9518921806205569,366.0378338049618,326.3887532646638,39.64908054029797,176.64625676592618,132.2753216906354,44.3709350752908
frame_i_758.32_758.4,6.323347763384447,0.0,0.1261654937706976,382.12131667934926,341.4823510053256,40.638965674023666,8.510514466149885,3.0504154609331806,5.460099005216705
frame_pru_758.4_758.72,6.897888748645954,0.0,2.4635972001302298,397.07899785463206,347.3959813796052,49.683016475026875,48.6414173694651,37.142234910333,11.4991824591321
frame_i_758.72_758.97,6.107819187380699,0.16999999999995907,2.5673531023516754,388.4446709979016,341.9310529251875,46.51361807271411,14.703316535963012,8.354628102869214,6.348688433093798
frame_pos_759.14_759.31,8.582241700991375,0.0,-0.8739373730148412,393.14159992245914,351.2853850183388,41.85621490412035,25.69087945879295,17.479273484623747,8.211605974169203
frame_te_759.31_759.44,15.33457552753461,0.0,-0.48043933140783784,404.35989761951106,360.59595780996085,43.76393980955021,35.76936034516882,23.70307071958507,12.06628962558375
frame_ri_759.44_759.52,0.45056915907935036,0.0,-0.30463231950772235,404.3063147145705,360.19920137037707,44.10711334419341,5.41111335857434,3.319224776186246,2.091888582388094
frame_oR_759.52_759.6,1.2660935362243322,0.0,-0.48868376449636347,407.161751410629,362.8623294240183,44.299421986610696,12.358932341122909,10.3394449167576,2.019487424365309
frame_me~_759.6_759.86,4.687861236948891,0.0,1.2454183557623848,407.26585013800485,358.9122855629792,48.35356457502564,38.488756674798964,16.048759787332557,22.439996887466407
frame_tSi_759.86_759.92,7.631916339841979,0.0,-0.5918308616933357,391.0387281048768,351.0119147249625,40.02681337991436,49.88496932206286,29.50383233472988,20.38113698733298
frame_a_759.92_760.4,2.749580150573962,0.57000000000005,5.139649481510085,401.992134531251,347.9047251955327,54.08740933571829,136.14551628530177,30.261287877916146,105.88422840738562
frame_u~_760.97_761.41,9.925109428118418,0.0,2.3553616043949788,401.96544634227257,347.9824941010479,53.982952241224666,102.7927834504876,44.72917936781991,58.063604082667695
frame_ma_761.41_761.58,8.291652584499332,0.0,-0.1396866256690866,393.3193163230112,348.8038978018748,44.51541852113638,33.04491291163123,13.310437952873457,19.734474958757772
frame_O_761.58_761.61,136.32231390150176,0.0,-1.4010770879823646,364.9477257801897,327.18831799853393,37.759407781655796,4.473444778662966,3.515408995985638,0.958035782677328
frame_tSi_761.61_761.73,88.68004918017229,0.0,0.12616549377233013,387.53386910742324,346.4043984482959,41.12947065912732,154.81025819371717,61.36189506668879,93.4483631270284
frame_ka_761.73_761.8,7.371782070262185,1.4600000000000364,-0.9518921806205569,373.03676560367455,333.8175181742176,39.21924742945697,27.153323239899038,4.614566606434067,22.53875663346497
frame_es_763.26_763.35,118.27527499268146,0.0,-0.4804393314101115,394.3105290390877,352.6631702243695,41.647358814718245,2.4502846161264102,0.7704641680440432,1.679820448082367
frame_ku_763.35_763.76,146.44166205644098,0.0,5.32765567353127,395.54251122088846,343.2110911887934,52.33142003209508,14.508422962257193,5.852515272626356,8.655907689630837
frame_ta_763.76_764.33,24.686149706978398,0.07999999999992724,3.650605964100338,394.83995592776995,338.71849846316485,56.1214574646051,193.4193189474158,67.2346631622053,126.18465578521051
frame_i_764.41_764.58,32.942220197206524,0.0,1.4185589336092224,398.32434516895466,355.40379917648346,42.920545992471204,14.840553721184506,4.284475201660598,10.556078519523908
frame_kwa~_764.58_764.8,77.94015461667112,0.0,0.5349952024447472,401.6163052531498,354.76425265826634,46.852052594883446,14.622855145329027,5.989571396519068,8.633283748809959
frame_du_764.8_764.86,54.41953601890691,0.0,-0.5689353011197329,394.9053104093741,354.5109834522999,40.39432695707421,20.561955720025026,12.324468794248844,8.237486925776182
frame_vo_764.86_765.06,41.17235582883416,0.0,1.8228378866013637,407.92054894035635,363.1182191316005,44.80232980875587,19.96264744602891,6.605491547268059,13.357155898760851
frame_se_765.06_765.3,17.268448764017734,0.0,0.7195281715166058,406.82603346085796,361.5208872733509,45.305146187507034,17.460911158948818,11.157837539963936,6.303073618984882
frame_te~j~_765.3_765.51,21.030806901545276,0.0,0.05337507239011319,408.9810274801069,362.7060192096077,46.2750082704992,19.745278935645956,7.639163023934174,12.106115911711782
frame_pro_765.51_765.66,11.168844837358193,0.0,-0.4886837644985534,407.77088006429983,362.8923618485037,44.878518215796134,27.205766762849123,11.617416798309904,15.58834996453922
frame_ble~_765.66_765.81,2.156657208308758,0.0,-0.6916519797181919,406.178373360684,360.3406026017694,45.837770758914644,10.162577742027821,3.04280825545041,7.119769486577411
frame_ma_765.81_765.94,12.369126402694462,0.0,-0.4104218106523971,402.8298620562755,358.95399720917715,43.875864847098285,12.463495873716056,7.270810666334114,5.192685207381942
frame_de~_765.94_766.17,14.172290047126495,0.0,1.0964129453393687,399.8439795641818,353.64731247076224,46.196667093419535,22.65810868371136,16.888604862034754,5.769503821676608
frame_ta_766.17_766.54,13.273018979957925,0.0,2.0261948541989363,403.1481239727844,352.6354248990649,50.51269907371949,71.8241657299159,39.89651003595017,31.927655693965733
frame_riu_766.54_766.65,14.982299499667448,0.0,-0.448231590600529,399.56329426743184,357.2514473149014,42.31184695253046,11.407042242438393,3.6270980501621466,7.779944192276247
frame_vo_766.65_766.77,9.395885573209597,0.0,-0.29605696024040945,406.3311132591551,362.0487775408494,44.28233571830566,22.81524597043557,4.908723508485423,17.906522461950146
frame_se_766.77_766.98,16.864473732749587,0.0,0.5195335876977598,403.7540396637129,359.4597711120681,44.29426855164479,37.3214019687652,26.717202958908643,10.604199009856558
frame_es_766.98_767.08,445.66445017103916,0.0,-0.8804284990523507,391.6447751146962,350.6503420732064,40.9944330414898,275.94668593371534,122.2676247644705,153.67906116924485
frame_ko_767.08_767.41,17.42800654870811,0.0,2.4007182993757956,411.3933508271191,360.21236853509004,51.180982292029114,35.27781190800428,10.456098429352437,24.821713478651844
frame_Li_767.41_767.52,4.0812688748826815,0.0,-0.5918308616933357,403.57348042761913,359.4706392009622,44.10284122665695,5.499128800566325,3.543257563341683,1.9558712372246418
frame_u~_767.52_767.87,17.89433088850643,0.0,1.6776323095250532,400.125691125051,350.33397677772666,49.79171434732433,21.105220730640895,10.998910087445864,10.10631064319503
frame_de~_767.87_768.07,5.734053015983477,0.0,0.9474075349197405,404.644929333022,360.3429709393382,44.30195839368372,18.306198099055194,4.294064974378699,14.012133124676495
frame_tSis_768.07_768.35,14.562732105940398,0.0,0.12616549377233013,402.0262591901727,355.35112684489354,46.67513234527922,31.43197795775717,14.483497596444494,16.948480361312676
frame_ta_768.35_768.42,2.694218394689159,0.0,-0.9518921806205569,395.594664281294,355.21598893742413,40.37867534386987,37.014956829871494,15.02528124705944,21.989675582812055
frame_ko~_768.42_768.51,3.2767145858665003,0.0,-1.0279709805761281,402.59239328254927,359.65862081054144,42.93377247200783,9.506186204904992,5.473551657997149,4.032634546907843
frame_u~_768.51_768.54,3.0371550512647616,0.0,-0.7320718500150277,388.674045804616,347.5862445624218,41.08780124219419,0.7408824387570121,0.38711849020305067,0.3537639485539614
frame_ma_768.54_768.63,11.847975787825789,0.0,-0.5457894031455912,401.40317277363886,358.38888405879896,43.01428871483989,8.380791069966392,5.365534696778155,3.0152563731882367
frame_de_768.63_768.75,13.568959301556987,0.0,-0.28044474758899196,401.23246782374116,358.932841459325,42.299626364416156,5.468870637199444,2.7317309875612352,2.737139649638209
frame_teR_768.75_768.91,8.186269948075676,0.0,-0.08045016376559877,402.528078528907,357.47478915736724,45.053289371539734,20.424962639822553,12.377095907801845,8.047866732020708
frame_mi~_768.91_768.99,11.537985603648195,0.0,-0.7674571964817023,401.1317507542143,357.71313291212346,43.41861784209078,4.8995157021042814,2.4332914486158472,2.466224253488434
frame_na_768.99_769.14,11.108725859772733,0.0,-0.1396866256690866,400.783219068147,355.60449238843415,45.17872667971284,8.417488572216229,3.971650576655179,4.44583799556105
frame_da_769.14_769.23,16.655999746789547,0.0,-0.9518921806205569,373.1083524559772,332.3944161700977,40.71393628587947,10.509602521691022,4.653718611773542,5.85588390991748
frame_es_769.23_769.29,150.8394259706007,0.0,-0.8804284990523507,381.4636735074045,341.24781839204564,40.21585511535886,7.255574057233453,3.6339430609895658,3.621630996243887
frame_pe_769.29_769.41,13.096077861153105,0.0,0.1195444200532471,400.03708222308273,357.29856409368256,42.73851812940018,16.620380566776703,11.854522567124548,4.765857999652155
frame_si_769.41_769.55,5.103612402055461,0.0,-0.5918308616933357,397.333236874567,353.2743765089293,44.0588603656376,43.49444077745537,28.551726914947665,14.942713862507702
frame_a_769.55_769.6,25.665362794451482,0.0,-0.6811569956357075,383.6521942687181,343.976650432605,39.67554383611309,5.332134151885754,2.1205363873354486,3.211597764550305
frame_li_769.6_769.72,17.99247387465161,0.0,-0.017433777320476507,395.36015101519706,352.92974279924726,42.43040821594985,9.45069360014503,3.552553298715111,5.898140301429919
frame_da_769.72_770.13,21.789740030073318,0.0,2.7030328166572124,402.20792790474184,348.2606358264635,53.94729207827834,272.3719618663838,97.63450681887016,174.7374550475136
frame_dZi_770.13_770.24,35.21490982873297,0.0,-0.5918308616933357,393.5480285027402,351.45425022805716,42.09377827468302,27.25596970800143,15.309128577429021,11.946841130572409
frame_ow_770.24_770.45,43.94182185484931,0.0,0.859703865310644,393.4590168386095,348.79847769805605,44.66053914055345,114.97200270150095,51.14907866114419,63.82292404035677
frame_kwaw_770.45_770.67,7.219953085032955,0.0,1.1158049773522558,394.4862557808893,349.36448070600864,45.121775074880645,10.89405613214484,5.372623947379907,5.521432184764933
frame_kEX_770.67_771.27,59.14800443642838,1.0900000000000318,-0.5457894031440523,396.03126666277313,337.81573288553966,58.215533777233475,461.288137610597,387.10327491478347,74.18486269581356
frame_u~_772.36_772.41,,2.080000000000041,-0.5814653400439332,399.9189560061352,358.80508539659814,41.11387060953706,29.357741750556016,12.604492383986837,16.75324936656918
frame_seR_774.49_774.63,6.714510246949402,0.0,-0.8804284990523507,397.4941452552026,353.03213607652435,44.46200917867827,46.1848834267245,21.232871958264553,24.952011468459943
frame_vi_774.63_774.69,19.63133243957401,0.5399999999999636,-0.5918308616917031,385.12572153487173,345.9009084136663,39.22481312120544,16.406309232092212,9.237041037132855,7.169268194959358
frame_ew_775.23_775.95,1.1057809961121166,1.419999999999959,2.5194794259089552,403.9274467567256,343.04131929978684,60.886127456938766,92.39751273621852,55.932274889495545,36.46523784672297
frame_pro_777.37_777.6,26.560596389940997,0.6299999999999955,0.6670770610525001,394.91090907432243,350.40367520537046,44.50723386895197,177.438792664408,68.07100392951128,109.36778873489672
frame_e~j~_778.23_778.3,46.46884347650922,0.0,-0.8406573901395141,400.82299258863634,359.7007858416089,41.122206747027406,9.409300417799727,5.270083414614874,4.139217003184854
frame_Ze_778.3_778.5,56.61041434560548,0.0,0.7195281715188794,410.8685357691346,363.40154939029486,47.46698637883975,50.100674576434415,14.33912927472062,35.761545301713795
frame_raw_778.5_778.78,23.365434115919697,0.0,1.6200920767239704,411.9676647189341,361.1461454963373,50.821519222596805,48.97592441439167,31.772720677048255,17.203203737343415
frame_a_778.78_778.94,55.124600490503155,0.0,0.807886521774039,410.65251939354295,365.23744185281845,45.415077540724496,46.04871218759655,20.494616829013125,25.554095358583425
frame_Ze~_778.94_779.13,14.748984570223342,0.0,0.05337507239011319,407.4524222828919,362.2698172966162,45.182604986275635,25.855576765647584,7.272502353033531,18.583074412614053
frame_tSi_779.13_779.25,7.685394993866964,0.0,-0.1610330484149157,378.7810563181498,338.2137239512421,40.56733236690769,29.421608038821546,15.648595889012029,13.773012149809517
frame_pro_779.25_779.59,3.7256876805161028,0.0,3.9417327334453267,406.93083023860015,357.5586743010891,49.372155937511025,35.4857135250422,23.407481167798323,12.078232357243877
frame_ku_779.59_779.85,41.19465545210332,0.0,0.7788569216582412,404.32969721275447,355.06565213848074,49.264045074273724,23.22562196150932,16.31672506182622,6.9088968996831
frame_ra_779.85_780.0,56.40128939620001,0.0,0.13104855931422388,410.6990427779351,365.65472962114694,45.04431315678818,24.939188379336855,12.596959746738605,12.34222863259825
frame_u~_780.0_780.35,54.207034539482464,0.42999999999995,1.6776323095250532,396.6012945183587,349.33906003937216,47.26223447898656,28.13076498121501,12.91834220208625,15.212422779128758
frame_u_780.78_780.86,22.62379156038031,0.0,0.27343483811721914,409.4559543613807,365.60677163923765,43.84918272214304,11.13084650452933,3.938663027551911,7.192183476977419
frame_de~_780.86_781.17,31.69810561049576,0.0,2.1394508182903182,404.1798392377722,355.7752842777827,48.404554959989525,96.11725366885909,20.86310535701608,75.25414831184301
frame_tSis_781.17_781.39,0.7053295012261174,0.0,0.2697647648651368,397.5404193152701,352.14183118118245,45.398588134087674,50.623199759073,35.94397048429454,14.679229274778464
frame_ta_781.39_781.52,46.07371319000271,0.0,-0.410421810653936,409.51854584194916,365.25925452092457,44.25929132102459,32.679578847453115,13.363306904127171,19.316271943325944
frame_dZi_781.52_781.64,41.95864997380943,0.0,0.2697647648651368,398.99400455637186,356.6224879444439,42.37151661192797,11.62038217727337,5.437115879482917,6.183266297790453
frame_ke~j~_781.64_781.78,36.440936594392156,0.0,-0.9896628005608363,405.07330097742476,360.1615914768038,44.91170950062104,42.67112897062299,15.626263131410553,27.044865839212434
frame_a_781.78_781.81,22.124473728744164,0.0,-0.9518921806205569,374.77042153358894,336.07048528460825,38.69993624898069,2.8424708354136214,1.0657897690578295,1.776681066355792
frame_Ze~_781.81_781.96,17.293807988962556,0.0,0.05337507239011319,403.2894438458634,358.8020895335824,44.48735431228101,13.509449214790862,6.72650103074983,6.782948184041032
frame_tSi_781.96_782.03,19.6329283285246,0.0,-0.5918308616933357,378.94305991818635,340.2871842208283,38.655875697358056,8.016572040766277,5.2221971007239745,2.794374940042303
frame_te~j~_782.03_782.2,28.5393702159202,0.0,-0.39364115887554746,406.0518903461153,360.51748847865997,45.5344018674553,40.30712853682164,19.612322238336333,20.694806298485304
frame_Re_782.2_782.31,25.08172048726243,0.0,-0.4804393314101115,402.13967000596915,359.5051668787648,42.63450312720437,23.69632219567555,8.272103687162485,15.424218508513064
frame_ko_782.31_782.44,36.81386720458357,0.0,-0.6813105687545074,406.95668450461363,361.1588851268139,45.79779937779972,47.193541897708,26.29896082443247,20.894581073275532
frame_me~_782.44_782.6,31.52196115681562,0.0,0.05337507239011319,407.9880267579225,362.76579013954546,45.22223661837705,19.003986624409606,6.245694923183464,12.758291701226142
frame_da_782.6_782.75,46.58356428996257,0.0,-0.004319033177431361,404.16064527637565,360.61250971447464,43.548135561901006,8.71360365727162,3.129502895678627,5.5841007615929925
frame_sa~w~_782.75_783.35,57.8752223066476,0.0,0.18258405567901068,403.7116890499538,344.6291946636598,59.082494386294,194.59300882794565,75.88875168202287,118.70425714592278
frame_dZi_783.35_783.47,39.70874478373361,0.0,-0.16103304841328314,404.01100353996975,359.910977222505,44.10002631746477,12.633093436232741,5.862837155514768,6.770256280717973
frame_Re_783.47_783.55,36.03958271508594,0.0,-0.4804393314101115,397.19304253261987,355.86012652305135,41.33291600956852,18.670423063326524,13.736254846659534,4.93416821666699
frame_ko_783.55_783.63,16.71450741458571,0.0,-0.8739373730148412,408.3006932551922,364.5749217995268,43.72577145566538,17.463881357609978,10.765744878503199,6.698136479106779
frame_me~_783.63_783.76,20.89218635852427,0.0,-0.09563033803120903,399.8231509440512,356.3987011465973,43.42444979745386,4.539173375162278,2.3185525894450336,2.2206207857172444
frame_da_783.76_783.88,12.121829076031645,0.0,-0.4104218106523971,401.66541765720467,359.2788571057081,42.386560551496586,15.875032971740978,6.572943876769699,9.30208909497128
frame_so~j~s_783.88_783.98,2.109522007015727,0.0,0.0,378.3808508509022,337.5764981997929,40.804352651109355,57.45409443575653,41.4485093432468,16.005585092509733
frame_dZi_783.98_784.2,14.77772738634792,0.0,-0.412372235971017,398.96761967829434,353.72660865257785,45.24101102571649,55.38724227507154,33.011930644632486,22.375311630439057
frame_ko_784.2_784.37,82.94608875208326,0.0,0.2818234525362122,411.7462972948738,365.78079022901505,45.96550706585873,19.791182710353326,8.54690549668021,11.244277213673115
frame_le_784.37_784.7,30.882604823914903,0.0,2.919468593553468,406.2863866594284,356.1876833226095,50.098703336818915,77.56530699231268,60.834919424348016,16.73038756796467
frame_gas_784.7_784.97,39.47000819721521,0.37000000000000455,0.13104855931422388,405.7449242938167,359.55640195146674,46.188522342349984,15.300754140896373,8.209984431689435,7.090769709206938
frame_ow_785.34_785.5,36.10859822084356,0.0,0.6670770610525001,402.2467926602553,357.1592889737724,45.087503686482876,16.257542894684946,6.4282734835092015,9.829269411175744
frame_dZi_785.5_785.63,34.305115910339,0.0,0.12616549377233013,400.7693310245033,357.7242400612929,43.045090963210384,18.672706764158306,5.315356672400384,13.357350091757922
frame_fa_785.63_785.81,10.82050417729215,0.0,-0.27505421816228076,406.1963153668387,360.01778218625424,46.17853318058445,26.670777954335108,17.104102938526523,9.566675015808585
frame_mi_785.81_785.89,65.96001848683682,0.0,-0.5918308616933357,405.5321631164878,362.51244435570004,43.01971876078778,32.2714166477931,7.606794385940475,24.664622261852628
frame_li_785.89_786.01,56.02604316888062,0.0,-0.5918308616933357,407.0006949858493,362.00761348583757,44.993081500011726,37.89829424477901,14.005016750045286,23.893277494733724
frame_a_786.01_786.28,4.0185843564132995,0.0,2.296930039182247,404.834928438183,355.71456435300075,49.120364085182246,11.186791705917614,7.703442470980036,3.4833492349375774
frame_ris_786.28_786.61,12.005377769321484,0.92999999999995,-0.44823159059889645,395.6677690454892,347.6955584929003,47.97221055258888,22.094966408586032,10.334522506817393,11.760443901768639
frame_u_787.54_787.59,23.79938082130363,0.0,-0.23198724542380286,373.11798198157834,335.0571740443345,38.06080793724385,2.5258468054534546,1.2862556779611793,1.2395911274922753
frame_ki_787.59_787.7,542.3662033331539,0.0,-0.5918308616917031,379.4324288739857,340.82384094717884,38.60858792680688,8.5086174786544,6.17996202361644,2.3286554550379606
frame_se_787.7_787.83,10.377675563604214,0.0,0.11954442005552077,407.1196827869885,363.6041226398285,43.51556014715999,18.587955238848537,10.640099391265892,7.947855847582645
frame_ri_787.83_787.94,11.421749207081831,0.0,0.12616549377233013,405.82402397053073,360.9965704296508,44.82745354087996,6.788335863782493,3.17469900869645,3.6136368550860425
frame_a_787.94_787.97,19.018145921521352,0.0,-0.9518921806205569,389.70097061141325,347.6625791786222,42.03839143279106,3.9570672518809147,1.8059411666965275,2.151126085184387
frame_u_787.97_788.0,15.393148786781182,0.0,-0.5689353011197329,390.84083282604195,348.86591310464564,41.974919721396304,5.8741915098906645,3.1429195308896,2.7312719790010647
frame_mew_788.0_788.14,21.8369205318092,0.0,-0.6804339152289574,401.33402948223494,359.30675203532263,42.02727744691231,22.388971629348077,4.895616427876092,17.493355201471985
frame_ka_788.14_788.37,4.978055558805522,0.0,0.26641615180587913,402.414230601169,354.84050742603165,47.57372317513733,57.41194851088255,39.74933510191349,17.662613408969065
frame_zu_788.37_788.43,5.812983943552041,0.0,-0.5689353011197329,396.40225843345763,355.14936083302814,41.25289760042949,25.586850750250505,9.233049216741989,16.353801533508516
frame_i~_788.43_788.54,10.240832848441215,0.0,0.35024892188434265,395.35732917110585,353.8168271391148,41.540502031991025,34.732198719251414,20.489870758699425,14.24232796055199
frame_klu_788.54_788.67,57.81183910639194,0.0,-0.06351321757871085,399.4355718084699,355.52436078113107,43.91121102733882,17.016868784887777,7.422834759214254,9.594034025673523
frame_zi_788.67_788.85,3.948066512213245,0.0,0.55696330705075,398.5692024600739,353.304505192061,45.26469726801287,34.563778862351285,21.426572362802006,13.13720649954928
frame_vi_788.85_788.92,15.281553902442397,0.0,-0.448231590600529,388.8083503925897,349.94194929143924,38.86640110115047,7.528316387736368,3.1459925605267074,4.38232382720966
frame_ki_788.92_789.05,1.901022924052711,0.0,-0.017433777322109042,395.37846005339605,352.15133106881984,43.22712898457621,50.81366918662039,26.065637021081756,24.748032165538632
frame_fre_789.05_789.19,15.359851523068443,0.0,-0.08045016376559877,399.87752146605413,357.5371875458778,42.340333920176306,32.15692495949983,22.205689706082467,9.951235253417366
frame_ke~_789.19_789.36,28.139965132707403,0.0,-0.24463574845253125,402.72492347278546,358.2217699914115,44.50315348137394,49.85896198909231,30.610262771906662,19.248699217185646
frame_tu_789.36_789.47,52.094584373863455,0.0,-0.5689353011197329,399.4932443294276,355.2309780179894,44.262266311438225,142.17231183854508,36.23560145810001,105.93671038044508
frame_u~_789.47_789.51,26.234470088074033,0.0,-0.6567685950294805,396.65778160381154,356.7747055893944,39.883076014417156,3.3888815672652584,2.212879328612104,1.1760022386531546
frame_de~_789.51_789.71,31.635856029168167,0.0,1.0964129453410627,399.05278066556247,355.35855355753426,43.6942271080282,12.118572055455047,6.471072791054411,5.647499264400636
frame_tSis_789.71_789.88,36.54184247843949,0.0,-0.448231590600529,388.8971319252938,345.85666403866577,43.04046788662805,32.7957859597214,19.225700474080128,13.570085485641272
frame_ta_789.88_790.08,40.00135086427852,0.34999999999990905,0.40178374429753433,401.1502038925622,356.3104452001542,44.839758692408,52.43075711173029,28.42837156236675,24.002385549363538
frame_a_790.43_790.47,29.532545554943397,0.0,-0.8165245881273627,396.4571271881796,355.2694594642966,41.18766772388301,2.6884529039577956,1.6281956254696865,1.060257278488109
frame_majs_790.47_790.68,24.56289867968016,0.0,-0.2750542181607418,404.20912013244845,358.20383397750754,46.00528615494085,7.985368292160786,4.3055004290436045,3.679867863117181
frame_dZi_790.68_790.79,19.32783813263333,0.0,-0.1610330484149157,392.6850173135777,351.5965516441821,41.08846566939559,7.093194325303102,3.949217046602058,3.143977278701044
frame_ki~_790.79_791.0,6.9865705084824015,0.0,0.19057661926088126,403.8663340424186,358.29339678473445,45.572937257684146,22.623946592202202,18.534499063681665,4.089447528520537
frame_zi_791.0_791.29,2.940028469824682,0.0,1.9929560179788164,406.1789779590323,356.43396093084783,49.74501702818446,49.20057843965773,26.303885352003476,22.896693087654256
frame_a~_791.29_791.38,13.310900798398166,0.0,0.18258405567901068,406.05792428025325,361.67828164681066,44.379642633442586,2.678748220982243,1.3870706079821673,1.2916776130000756
frame_nus_791.38_791.59,11.11189306966827,0.0,0.10496081026829648,396.2054281186753,354.0555418769768,42.14988624169848,28.45293726723878,13.695157082080328,14.757780185158452
frame_poX_791.59_791.78,66.09352472737007,0.0,-0.6813105687566973,391.13844812341966,348.9432844731472,42.19516365027249,109.79344372713766,33.450770713335714,76.34267301380194
frame_ki_791.78_792.32,4.483289562481929,0.42999999999995,4.434143626559794,396.4015970226515,341.301779102938,55.09981791971353,64.9986593464894,45.30904694330383,19.689612403185578
frame_mi_792.75_792.88,3.809897677669966,0.0,0.2697647648651368,398.86334097622864,356.94168858034953,41.92165239587911,29.719220754340085,13.66179404688316,16.057426707456926
frame_foj_792.88_793.02,14.627450091713314,0.0,-0.8739373730148412,401.51885016679415,356.2467817639251,45.272068402869024,41.46445063242541,30.730663445293004,10.733787187132407
frame_Re_793.02_793.15,17.037590762834725,0.0,-0.28044474758899196,399.6086295595484,356.5364951782297,43.072134381318676,32.06454307037413,14.105486178694548,17.95905689167958
frame_ko_793.15_793.29,10.033465358052695,0.0,-0.6813105687566973,398.0702683375455,353.8719397150479,44.19832862249757,27.51584136226458,14.792376920098889,12.723464442165692
frame_me~_793.29_793.48,16.65188750279475,0.0,0.5003913036540798,399.17050861851084,353.05119100507994,46.119317613430894,18.948784185086936,6.781490949299098,12.167293235787838
frame_da_793.48_793.66,4.143909124460436,0.0,0.40178374429753433,398.77084434475086,352.6263548527312,46.14448949201966,24.8392922817674,14.402209265910074,10.437083015857326
frame_du_793.66_793.75,0.09882498181676169,0.0,-0.5689353011197329,383.9923457524171,342.8997071395264,41.09263861289071,30.584533525883955,14.969576262224365,15.61495726365959
frame_poX_793.75_793.92,29.71343612945566,0.0,-0.8739373730148412,391.2263534054052,349.34597506535135,41.880378340053824,190.84540633729634,73.53859704047136,117.30680929682498
frame_pe_793.92_794.1,87.09163580213965,0.0,0.7195281715188794,392.66381736653045,349.4520198352559,43.211797531274556,70.43411614367594,14.087910205044295,56.34620593863164
frame_so_794.1_794.37,43.28251072630755,0.0,0.859703865310644,396.0714711125671,347.5677694801977,48.50370163236943,198.20212771533352,94.21809661983625,103.98403109549726
frame_as_794.37_794.46,7.521937791741266,0.2999999999999545,-0.8165245881289017,380.9011963288457,340.3601415373648,40.54105479148086,18.873714410134966,11.409173840755756,7.46454056937921
frame_O_794.76_794.84,11.030735516297398,0.0,-0.6077321556837715,407.78627506170244,365.2296999223605,42.556575139341874,14.941140756966291,6.325346435440679,8.615794321525613
frame_ra_794.84_794.93,10.99925142472631,0.0,-0.6811569956372465,406.11032344365725,363.76656288945946,42.343760554197786,15.575610535517995,11.184384345197543,4.391226190320452
frame_na~w~_794.93_795.12,89.40856215324345,0.0,-0.5222382378584719,409.9600486698196,362.0934413726646,47.86660729715504,94.05535526670602,31.936357319004287,62.11899794770173
frame_e~_795.12_795.26,34.55713842488424,0.0,0.649396714075402,401.2540563299919,358.0751922482468,43.178864081745076,42.852180124789754,24.226360951134524,18.62581917365523
frame_tru_795.26_795.38,20.715166774859426,0.0,-0.5689353011197329,398.7950286775569,353.7712944818859,45.02373419567101,47.07886625626267,31.588075718101493,15.490790538161178
frame_nu~_795.38_795.57,11.871458306813821,0.0,0.09626395482770436,399.3023481618355,355.83901589653476,43.46333226530072,18.372650632164493,10.74809405188958,7.624556580274913
frame_ko~_795.57_795.69,11.968141769072162,0.0,-0.4123722359692674,398.86569752868155,355.0702469956773,43.79545053300427,18.705341995187496,10.437409053612555,8.26793294157494
frame_suw_795.69_795.86,44.32272697801241,0.0,-0.4004612732708102,387.7768633212105,345.0236400090897,42.75322331212078,158.1863818662394,38.81369757940794,119.37268428683146
frame_tO_795.86_796.08,15.042037735691167,0.0,0.02694379015365987,409.2298880513188,360.5406594491242,48.689228602194646,36.80199205301611,29.586274704502358,7.215717348513749
frame_riu_796.08_796.18,30.08358558671665,0.0,-0.5918308616933357,397.93235865725103,354.9206597838047,43.011698873446335,19.926941964481045,5.262828080163558,14.664113884317487
frame_de~_796.18_796.41,19.91114032954576,0.0,1.2454183557606908,402.86848944279814,355.1497112152392,47.718778227558914,17.250836513346428,9.445008340766066,7.805828172580362
frame_ta_796.41_796.61,25.04190215129927,0.0,0.5371513367891896,402.4008567194011,356.7260822968116,45.67477442258945,21.94900697642339,15.841558891505343,6.1074480849180475
frame_riu_796.61_796.78,25.021903633624333,0.2699999999999818,-0.44823159059889645,396.93473039535786,353.2984189197955,43.63631147556242,8.041599687267507,3.3461325874119154,4.695467099855591
frame_kwaw_797.05_797.16,7.8501335427949925,0.0,-0.4004612732727255,407.69452508734673,364.2604324381522,43.434092649194554,7.75166756344251,5.047291919627725,2.7043756438147852
frame_kEX_797.16_797.34,7.967156393150162,0.0,-0.8165245881273627,401.34222659801645,354.5641393680786,46.77808722993785,11.771599177211243,6.408954957341791,5.362644219869452
frame_ajs_797.34_797.46,12.00621777514425,0.0,-0.5457894031455912,403.71581381258,360.8241183185299,42.89169549405011,12.205925253003159,5.770637363978295,6.435287889024863
frame_ve_797.46_797.53,4.036199583963196,0.0,-0.6804339152312311,398.10400253876844,356.54333109113156,41.560671447636935,3.5714511341293758,2.6113676449390653,0.9600834891903105
frame_zis_797.53_797.7,21.22828374550224,0.0,-0.5918308616933357,401.66032023914227,355.03804417458633,46.62227606455593,39.24828785229036,22.707110752910495,16.541177099379865
frame_ew_797.7_797.77,16.53615084155092,0.0,-0.8804284990523507,397.81539165965853,356.7526342076778,41.06275745198076,32.90769917870563,15.318446152967283,17.589253025738344
frame_pre_797.77_797.95,15.259719915832733,0.0,-0.28044474758671833,396.7306220296398,351.3505761926458,45.38004583699404,46.404852250491786,28.558766469376707,17.84608578111508
frame_fi_797.95_798.05,30.32016313245981,0.0,-0.5918308616933357,400.38255883994344,356.7714933221387,43.61106551780472,22.716062652436165,11.550998077309117,11.165064575127047
frame_ru_798.05_798.11,13.302820338572275,0.0,-0.5689353011197329,403.786838737224,361.95146191614606,41.83537682107794,1.1097250047640728,0.6552830787321966,0.45444192603187616
frame_a_798.11_798.2,5.0474600854414575,0.0,-0.1396866256690866,390.6758486758943,349.207309832929,41.4685388429653,6.546574080680102,1.9373301720253835,4.609243908654719
frame_tE_798.2_798.35,20.60496089135006,0.0,-0.1778890887126009,403.34780651398853,360.03072518483975,43.31708132914878,26.33642397426769,18.430656438977337,7.905767535290352
frame_su_798.35_798.49,3.638239651845282,0.0,-0.2319872454257182,387.112761295237,344.3100742620565,42.80268703318052,27.34787140259121,16.58144794661294,10.76642345597827
frame_poX_798.49_798.68,1.6073117384812008,0.0,-0.29605696024040945,402.54001706677036,357.6498006933945,44.890216373375836,37.6342931946258,27.393006646481922,10.241286548143876
frame_taX_798.68_798.8,6.53265651144028,0.0,-0.8165245881289017,404.520352783023,360.676854645052,43.84349813797098,22.95547474099459,15.00434775633093,7.951126984663659
frame_u~_798.8_798.84,23.42480639584076,0.0,-0.6567685950286244,376.683108803771,337.9290791038995,38.75402969987152,13.690025723258344,5.630278222212837,8.059747501045507
frame_pow_798.84_798.96,4.846335246092963,0.0,-0.8739373730148412,399.1725293481504,355.8995631845552,43.27296616359524,14.753879589176364,7.915233205039073,6.8386463841372915
frame_ki~_798.96_799.1,4.998264846395131,0.0,-0.9271294991051637,401.7981277931983,356.7956167754606,45.00251101773773,16.461565598648207,10.984929268285612,5.476636330362595
frame_Ju_799.1_799.17,3.733462537470416,0.0,-0.5689353011197329,405.71857080096555,362.29962138501514,43.41894941595041,4.346821702545071,3.0515376262951293,1.295284076249942
frame_dZi_799.17_799.32,9.459362627751688,0.0,0.2697647648651368,403.0209212508636,358.04599307312526,44.97492817773832,19.605112150387896,8.235913805609044,11.369198344778852
frame_doX_799.32_799.62,16.253087925304328,0.22000000000002728,2.2080914951198416,404.89523968032086,356.71143383798494,48.18380584233586,25.759138498876837,12.127076348387192,13.632062150489645
frame_es_799.84_799.94,152.00622978503958,0.0,-0.8804284990523507,380.41713759754833,338.23202185283293,42.185115744715404,2.684322541639034,1.4963505073736982,1.1879720342653357
frame_pe_799.94_800.07,7.738938517305627,0.0,0.11954442005552077,410.087360263864,365.39641028230784,44.69094998155617,27.058051855187784,18.22106494780752,8.836986907380265
frame_ra~_800.07_800.23,21.473481440009266,0.0,0.7112007758306202,407.6319901269798,361.69403854871547,45.93795157826435,7.725563996675447,4.6751730042713575,3.0503909924040897
frame_du_800.23_800.29,27.948532340337664,0.0,-0.5689353011197329,381.8244218250321,343.93460512310344,37.88981670192868,7.13666077062706,2.9919056046213655,4.1447551660056945
frame_ki_800.29_800.38,99.80749519857497,0.0,-0.5918308616933357,372.4890462072139,333.4762823936492,39.012763813564675,105.48642015985571,84.13026251027529,21.356157649580425
frame_Se_800.38_800.6,15.426892848516275,0.0,0.3195390038766403,403.48584012575225,356.0081101341615,47.47772999159071,32.096832774558095,19.71870847810223,12.378124296455866
frame_gaX_800.6_800.86,30.541848865565868,0.0,1.0786217067573494,405.6758045107284,355.9458909905005,49.72991352022791,13.313840539000438,5.449017947435607,7.864822591564831
frame_u_800.86_800.89,24.35102613791446,0.0,-0.5689353011197329,388.84629671731307,347.4715698527005,41.37472686461257,1.4997704083923793,0.8911635975436241,0.6086068108487552
frame_mew_800.89_801.01,26.652658036483587,0.0,-0.48043933140783784,399.4365116243102,356.54973971646496,42.88677190784523,5.167783402948544,1.5101595592076933,3.6576238437408506
frame_de~_801.01_801.25,24.510626628945005,0.0,1.3944237661837071,397.3506499371586,351.8295338706644,45.52111606649419,24.34083813135169,19.324610724704456,5.016227406647232
frame_tSis_801.25_801.47,59.087899993928914,0.0,0.4133640359563109,404.2444668570059,358.9348403008623,45.3096265561436,45.91653931621428,15.42808734353514,30.488451972679144
frame_ta_801.47_801.74,118.27141407324697,0.18999999999994088,0.9432541142641553,401.61440351293294,356.58735131005227,45.02705220288067,227.815849579633,69.42951853373637,158.38633104589664
frame_du_801.93_802.02,14.130354494321466,0.0,-0.2319872454257182,392.2710240403333,351.22856726327586,41.04245677705745,61.81730249297166,28.786936308177758,33.030366184793905
frame_ki_802.02_802.14,19.647774011092338,0.0,-0.5918308616933357,404.2506956715283,359.2761641550963,44.97453151643202,21.986818003730946,12.387768954440162,9.599049049290784
frame_e~_802.14_802.21,7.912137380106685,0.0,-0.3936411588738535,399.42438924515176,357.68142409956675,41.742965145585,5.5347251159056725,2.338196004138638,3.1965291117670347
frame_traX_802.21_802.36,5.879283114479733,0.0,-0.951892180619018,399.39574123704233,354.9762733155718,44.41946792147053,18.599247053904094,8.652717495296088,9.946529558608006
frame_e~j~_802.36_802.42,16.046604139656182,0.0,-0.9896628005608363,384.7378492415971,345.1969344912037,39.54091475039337,20.82326586688751,9.70164862277943,11.12161724410808
frame_kwaw_802.42_802.54,10.157335141255203,0.0,-0.5689353011197329,403.3182680200186,358.6496208124834,44.66864720753517,25.195066568851075,19.498236579311907,5.696829989539168
frame_kEX_802.54_802.88,7.291543207396728,0.0,-0.951892180619018,397.7330933479989,349.142937199434,48.59015614856486,204.52534797449763,55.55592192594207,148.96942604855556
frame_kli_802.88_803.11,15.743156515248813,0.0,-0.5918308616933357,401.4713752392745,352.7384988132882,48.73287642598632,41.45276098146388,32.173011657373024,9.279749324090858
frame_ni_803.11_803.28,80.34836990896875,0.0,0.1261654937706976,399.11893782430724,354.7284047478429,44.39053307646435,132.903022309938,56.98153899110662,75.92148331883138
frame_ka_803.28_803.36,160.52592857574308,0.5299999999999727,-0.9518921806205569,379.86398504002835,339.1178465248764,40.74613851515193,13.96561122970661,5.819670243401745,8.145940986304865
frame_i_803.89_803.98,18.55712246926916,0.0,0.2697647648651368,398.0875663701526,356.6063645674177,41.481201802734915,15.116767061119532,3.9156814001792952,11.201085660940237
frame_su_803.98_804.45,20.321514832381382,0.2999999999999545,4.148337478602219,401.0291172036496,347.7858120785005,53.24330512514911,134.10084496543757,77.41483182718662,56.686013138250956
frame_ta~_804.75_804.93,9.898720519069627,0.0,0.3587896290608773,405.94813587367935,359.16117109907,46.78696477460937,11.927196895875142,6.315280379436189,5.611916516438953
frame_be~j~_804.93_805.4,4.187411830609449,0.6299999999999955,3.331494101660896,403.3384903498387,347.2057592955942,56.132731054244516,63.22680494904651,30.992676815959754,32.234128133086756
frame_ko~_806.03_806.34,17.287799523778517,0.7599999999999909,1.2805243116965377,398.7327059262526,349.37268810822025,49.36001781803236,47.135117011301986,24.589819618683123,22.545297392618863
frame_ko~_807.1_807.24,32.14744904486179,0.0,-0.7201716082718229,409.36006388365513,363.97427941670946,45.385784466945665,23.402483858497504,18.24178885252536,5.160695005972144
frame_mE_807.24_807.64,40.284896649132804,0.0,2.0529532287505,409.12797835282424,357.2973915836856,51.83058676913862,51.094276608434654,28.06846843923381,23.025808169200843
frame_dZi_807.64_807.77,41.94552773071848,0.0,0.4133640359579434,404.96708129527383,361.1463901455121,43.82069114976173,14.85521580011141,6.389668686080427,8.465547114030983
frame_kus_807.77_808.14,101.63904106063524,0.4600000000000364,0.6103828938112338,397.90414228246846,348.4710802401649,49.43306204230356,22.396206147307396,9.734757725630118,12.661448421677278
frame_i_808.6_808.73,10.729252614497085,0.0,0.8441618492363634,395.296679187716,354.2794814111365,41.01719777657951,13.558129490334295,7.397152022222741,6.160977468111554
frame_pos_808.73_808.91,7.2108208789646255,0.0,-0.6813105687545074,398.53285101966543,353.8471542230614,44.68569679660402,39.229835935140756,27.081030778824044,12.148805156316712
frame_te_808.91_809.02,19.228232729875714,0.0,-0.4804393314101115,404.0387016114152,361.3560742921601,42.68262731925512,34.182100379433734,23.075938703205054,11.10616167622868
frame_ri_809.02_809.09,21.97684715939593,0.0,-0.44823159059889645,407.57506862987816,364.78290072516074,42.79216790471742,8.659870486457038,5.1805548641604275,3.4793156222966104
frame_oR_809.09_809.18,7.837323130801309,0.0,-0.4886837644985534,402.8284411411506,359.0297202559034,43.798720885247235,14.514425348152173,8.186725284167863,6.3277000639843095
frame_me~_809.18_809.33,19.811669272695354,0.0,-0.5426465692951756,402.1860640380279,356.72918996208836,45.45687407593954,9.686075824307778,6.578922028081138,3.1071537962266405
frame_tSi_809.33_809.45,87.70061005547119,0.0,-0.44823159059889645,376.5676158787945,335.28238348637433,41.2852323924202,180.77495305222018,118.82669860170869,61.948254450511506
frame_ko~_809.45_809.73,42.90147009019,0.0,1.5883236839990933,406.75624219783833,357.83818099186595,48.91806120597238,139.40789851856758,67.35370944233247,72.0541890762351
frame_ow_809.73_809.92,29.902627717027173,0.0,1.6302110823432197,400.3563199981714,355.71058887786205,44.645731120309335,19.31290672571842,9.799192088823247,9.513714636895173
frame_tras_809.92_810.14,12.143427239662998,0.75,-0.8165245881289017,394.8048765029954,353.2933283519754,41.51154815102001,35.36149933989935,26.25620417620121,9.105295163698145
frame_koj_810.89_811.04,4.044959642889154,0.0,-0.4886837644985534,407.6358727076033,362.5105904267008,45.125282280902525,23.949105326237714,15.399468350148254,8.54963697608946
frame_zas_811.04_811.16,1.2246084478083503,0.0,-0.9518921806205569,397.93768063972624,355.30333806967883,42.63434257004741,6.477775047280147,2.6000111152399086,3.8777639320402386
frame_ki_811.16_811.25,56.83876046938656,0.0,-0.5918308616933357,407.9017972688769,363.560376607469,44.34142066140794,19.710999853755624,14.34097414228097,5.3700257114746535
frame_ew_811.25_811.31,18.25853136872658,0.0,-0.8804284990523507,401.1617341401254,360.07599797983033,41.085736160295085,43.141915077634906,18.629816887837734,24.51209818979717
frame_de_811.31_811.48,2.6641150596535965,0.0,0.5195335876977598,407.4377800510902,361.6612738288412,45.776506222249,23.02042945241888,9.613342514173496,13.407086938245385
frame_va_811.48_811.6,10.88318950266634,0.0,-0.2750542181607418,405.0525346822137,360.8102267078094,44.2423079744043,7.5496450377267195,2.8285295008277274,4.721115536898992
frame_Re_811.6_811.72,16.889279573739657,0.0,0.3195390038766403,398.8768689286229,357.60897152927936,41.26789739934355,5.148226033240348,2.266071193012692,2.8821548402276562
frame_ko_811.72_811.88,45.08708291976299,0.0,0.2818234525362122,406.4370161358379,361.938376714865,44.49863942097289,44.82480228441514,24.070003901467004,20.754798382948138
frame_ReX_811.88_812.11,29.05882534446789,0.0,0.5195335876977598,400.5546587542187,352.42233667395334,48.13232208026534,30.02859582349862,22.569753015488544,7.4588428080100755
frame_nE_812.11_812.25,14.675731082994048,0.0,-0.1778890887126009,395.4055521229505,351.70236566416884,43.70318645878166,14.120101429484436,8.8048727191061,5.315228710378335
frame_ki_812.25_812.57,96.71756189464901,0.0,2.7109523734461147,385.1458607933611,337.15359111862386,47.99226967473726,179.9245558510038,52.145564206926224,127.77899164407756
frame_ne~j~_812.57_812.77,15.201178454735782,0.0,-0.24463574845253125,404.359818905715,358.00614141857665,46.35367748713833,10.7559230120483,6.921434115311456,3.8344888967368433
frame_u~_812.77_812.85,12.002172631395098,0.0,-0.3555555750864353,406.6553645047342,362.5902090512977,44.065155453436546,2.9112486120775145,1.1717738149597494,1.739474797117765
frame_adZ_812.85_813.03,15.99783771407806,0.0,-0.004319033177431361,402.72820959540206,357.77560535828167,44.9526042371204,48.113152087060115,35.97965018827202,12.133501898788097
frame_vo_813.03_813.25,11.643768536568558,0.0,1.052330669568788,409.6672762854413,362.4010593721561,47.26621691328518,71.51681350432426,22.975752478262308,48.54106102606195
frame_ga_813.25_813.76,8.475987710583809,0.0,4.733546704035119,406.33061410759035,351.02771501729353,55.30289909029676,42.639429170495305,26.078864579964915,16.56056459053039
frame_du_813.76_813.92,15.168970227565353,1.5300000000000864,0.6103828938093185,400.6824286099975,356.73883875275556,43.94358985724193,20.182754512503692,9.320053402861674,10.862701109642018
frame_a_815.45_815.49,36.144011848373594,0.0,-0.8165245881289017,388.24261646712534,348.17105375790726,40.071562709218085,0.7895382712725905,0.5115505987666324,0.277987672505958
frame_Ze~_815.49_815.59,42.3197565616301,0.0,-0.5426465692951756,396.4625784674272,353.1790031010081,43.28357536641903,4.647901458649727,2.327258431602388,2.320643027047339
frame_tSi_815.59_815.7,149.83180890793733,0.0,-0.3046323195060898,370.9510318062131,331.5576709529212,39.39336085329188,31.652743648258927,20.913925509821524,10.738818138437402
frame_pro_815.7_815.81,25.215243697604876,0.0,-0.8739373730148412,397.8486560765408,356.07071341560624,41.77794266093457,17.602315772653213,5.5019817634787955,12.100334009174418
frame_ku_815.81_816.16,17.764948714610057,0.0,2.632071227975322,396.96300298224793,346.0332474143153,50.9297555679326,84.60417832265784,52.05551734369479,32.548660978963056
frame_ra_816.16_816.22,29.302449995327237,0.2400000000000091,-0.9518921806205569,369.10512035019417,330.56375188485123,38.54136846534294,7.538765557297495,4.197193545863996,3.341572011433499
frame_ew_816.46_816.57,7.129721699104181,0.0,-0.4804393314101115,397.771380721323,355.4277831649025,42.34359755642049,12.49915714992133,5.398647586524561,7.10050956339677
frame_pro_816.57_816.71,18.712239023889765,0.0,-0.48868376449636347,399.5648270198062,356.25985620740624,43.30497081239997,39.98038432823367,13.105429139576785,26.874955188656884
frame_ku_816.71_816.84,7.99507817252524,0.0,-0.5689353011178175,402.77591702234105,358.131100337048,44.64481668529305,35.924427467253,19.360360572586785,16.56406689466621
frame_ru_816.84_816.9,11.607629563097902,0.0,-0.5689353011197329,395.331102103769,353.97881137581714,41.35229072795187,3.5036092792513216,0.7644204868703071,2.7391887923810145
frame_pe_816.9_817.03,8.890660240068115,0.0,-0.8804284990523507,396.4053046967951,352.8757021134124,43.52960258338271,27.886625445095376,17.281068510764925,10.605556934330451
frame_lu_817.03_817.1,2.2628123266432,0.0,-0.4004612732708102,398.8602690991239,357.7147678017154,41.14550129740849,3.3090175639998165,1.7836297245950163,1.5253878394048002
frame_me~_817.1_817.22,10.203546019031904,0.0,-0.6916519797164978,400.59778455841996,357.2154670171967,43.382317541223244,15.393490819749076,9.331431101548134,6.062059718200942
frame_nus_817.22_817.53,53.74849610965481,0.12000000000000455,-0.2319872454257182,393.8356102964035,348.529279450791,45.30633084561248,138.46173361619077,55.36854250510362,83.09319111108715
frame_se~_817.65_817.83,26.611373426857057,0.0,0.5003913036540798,401.2120670823383,355.63431571739807,45.57775136494024,26.079772293647864,18.18729738573785,7.892474907910014
frame_pri_817.83_818.09,2.8048184414957404,1.0299999999999727,1.7057574757948357,393.3642592020507,349.59215207552194,43.77210712652874,216.38729425825932,53.12104287277151,163.2662513854878
frame_Re_819.12_819.23,29.45717781982188,0.0,-0.08045016376559877,400.769681519789,358.70467320883296,42.065008310956046,18.274578263058743,6.3586777542803645,11.915900508778378
frame_ko_819.23_819.41,1.2092951518644384,0.0,0.2818234525340223,408.75205323619286,362.8187029247696,45.93335031142328,25.288168090214242,12.799108258783264,12.489059831430978
frame_ReX_819.41_819.56,31.419756224691213,0.0,0.1195444200532471,406.679636797128,361.0223091541662,45.65732764296183,27.42842411975323,16.003343477212695,11.425080642540536
frame_a_819.56_819.78,2.537982037003246,0.0,1.6200920767239704,404.80655650660293,359.47969890650194,45.32685760010099,40.83319809833722,12.027022906587234,28.806175191749986
frame_E_819.78_819.81,12.130991981855061,0.0,-0.8152726079886352,363.7708110304618,325.8966534262288,37.874157604233005,14.512532446417481,3.5669728865519232,10.945559559865558
frame_sas_819.81_819.86,154.4652705668571,0.0,0.0,385.11811408238793,345.77602169686844,39.34209238551949,0.2608931363638618,0.09862573835948751,0.16226739800437429
frame_pe_819.86_820.1,9.260001251971062,0.0,-0.8165245881289017,406.54887184498733,359.0492909416222,47.49958090336514,37.04568902195774,21.46553233837284,15.580156683584903
frame_so_820.1_820.24,1.2743054861499274,0.0,-0.8739373730148412,406.9742868673517,361.65111400389196,45.32317286345966,22.26598036505979,10.570202162485458,11.695778202574331
frame_as_820.24_820.31,20.978062382410485,0.0,-0.9518921806205569,386.0494791943122,347.11815942346453,38.931319770847665,8.059547759604555,2.4100150046162696,5.649532754988286
frame_kwa~_820.31_820.51,61.19157464732382,0.0,0.006378482295140842,409.1037141745766,361.1504434665975,47.95327070797913,36.951933738454215,18.510291695486785,18.44164204296743
frame_du_820.51_820.57,123.72950845165889,0.0,-0.5689353011178175,399.46001296845037,357.0361248129703,42.423888155480086,23.971388291620258,9.673224858165042,14.298163433455215
frame_i~_820.57_820.73,58.402225126579594,0.0,1.1486104350016497,394.8805336975703,352.85289094745895,42.02764275011134,320.64572211567224,95.37683367866617,225.26888843700607
frame_dZi_820.73_820.8,177.07820895634384,0.0,-0.448231590600529,367.4491439074863,331.42943611345254,36.01970779403376,2.4231516036256124,1.778162125473962,0.6449894781516505
frame_ka_820.8_821.1,43.7375842265393,0.0,1.34935689174066,404.2345314198492,354.5327621998026,49.70176922004663,76.9048011669787,51.22099018500708,25.683810981971618
frame_das_821.1_821.27,66.61317375022529,0.0,-0.2750542181607418,393.97516730295445,351.26312385248195,42.71204345047249,13.832998104919653,7.64218962527363,6.190808479646023
frame_nE_821.27_821.5,26.28223853591814,0.2599999999999909,0.6719556036538346,400.3032831937635,356.1708204525095,44.13246274125407,16.123868521690497,7.113085289058375,9.010783232632122
frame_na~w~_821.76_821.95,18.88622891735082,0.0,-0.8746493846262117,404.5554031537285,357.5836034354603,46.97179971826819,20.659438449261046,5.951636545919342,14.707801903341704
frame_vow_821.95_822.08,59.70718269372301,0.0,-0.29605696024040945,409.12751917239234,363.37744746975295,45.75007170263939,36.29301191377408,8.210300485748832,28.08271142802525
frame_e~_822.08_822.18,46.8421809225448,0.0,0.05337507238841919,402.3644777255704,360.250342106533,42.11413561903737,21.653174785079756,10.702026452186914,10.951148332892842
frame_tra~_822.18_822.38,25.489404071856484,0.0,0.006378482295140842,402.25175797054396,357.1144518208798,45.137306149664084,59.685653407710646,46.35933327825694,13.326320129453705
frame_du_822.38_822.44,9.232605414461489,0.0,-0.5689353011178175,406.37106224882825,363.25585974239186,43.11520250643639,3.809386758239242,0.6837437107949427,3.1256430474442993
frame_a_822.44_822.54,1.7056505867133183,0.0,-0.004319033178970312,394.5279252456117,354.6756765860969,39.85224865951477,7.864631815033704,3.608244627714015,4.256387187319689
frame_si~_822.54_822.62,37.42499923135651,0.0,-0.9271294991051637,396.03086057383075,352.6348953490317,43.39596522479911,188.7318350620902,86.5049926619582,102.226842400132
frame_e~j~_822.62_822.71,1.475516554480322,0.0,-0.9896628005608363,400.82328412519064,359.0302206463439,41.79306347884676,10.396530863610252,5.177749491515328,5.218781372094924
frame_kwaw_822.71_822.81,8.591930228590371,0.0,-0.5689353011197329,398.7193348039731,356.9899030974266,41.72943170654651,5.07963615610015,2.4119250850326637,2.6677110710674867
frame_kEX_822.81_823.04,4.597303034564817,0.0,-0.951892180619018,398.6247718146813,351.50788411366653,47.116887701014775,35.215099766322226,23.555814183875015,11.659285582447211
frame_lu_823.04_823.1,13.089331614660239,0.0,-0.5689353011197329,389.2518854977897,348.1293747658391,41.12251073195063,0.9327442185736743,0.6625763940974991,0.27016782447617516
frame_gaX_823.1_823.48,40.675192598738136,0.0,2.1615624466905916,392.4631396032638,340.9177334572631,51.54540614600069,111.74900150066829,24.980814728342665,86.76818677232562
frame_a_823.48_823.57,30.53118078875636,0.0,-0.1396866256690866,379.9913740025635,345.053758507973,34.93761549459049,7.71118854237929,1.9729040177639376,5.738284524615352
frame_si~_823.57_823.97,24.458798158728,0.0,2.425988855991156,391.3283446967125,341.1465051566444,50.1818395400681,25.510908086298713,17.726842460926576,7.784065625372136
frame_ki_823.97_824.24,70.73972695571611,0.5800000000000409,1.7057574757948357,386.745865508825,341.8937534555268,44.852112053298185,126.85283193024216,66.93718547459933,59.91564645564282
frame_sO_824.82_825.03,33.05715442802929,0.0,-0.13172519630569798,406.8579424582897,360.8302541360931,46.02768832219658,6.952177568207361,4.791994184733085,2.1601833834742763
frame_poX_825.03_825.13,26.595098051787687,0.0,-0.8739373730148412,389.8847995826022,348.0021729820752,41.88262660052703,9.710671721215107,4.41510527061763,5.295566450597477
frame_ki_825.13_825.24,22.67456287103056,0.0,-0.30463231950772235,400.27689779682714,358.08477095991856,42.192126836908585,25.064839731165478,17.427815614054595,7.637024117110883
frame_es_825.24_825.3,26.083422398691084,0.0,-0.8804284990523507,370.62659838079196,331.957226255351,38.66937212544099,11.197720517857107,6.760891917965182,4.436828599891925
frame_tow_825.3_825.61,41.869646801289065,0.0,2.0154646908595075,409.0706620198311,358.0408626054064,51.0297994144247,111.71230130368201,24.982752349654447,86.72954895402756
frame_a_825.61_825.85,9.817974541974536,0.0,1.890827261707281,409.0707600463743,359.9523205627064,49.11843948366794,73.56195829381926,23.869363512202256,49.692594781617004
frame_bo~_825.85_825.94,18.92216847535329,0.0,-1.1818706667256562,411.7930912803243,366.84571522085565,44.94737605946864,12.083899143961332,2.4388577018796695,9.645041442081663
frame_a_825.94_826.07,27.700647774358174,0.0,0.40178374429753433,403.8759270566792,361.5365684103266,42.33935864635259,6.7761515950437285,4.069554051392714,2.7065975436510143
frame_ki_826.07_826.16,13.098864403009316,0.0,-0.5918308616933357,403.58766298894966,359.92304013784945,43.664622851100205,18.883970799310703,11.813578404098791,7.070392395211911
frame_E_826.16_826.19,0.5474627645842531,0.0,-0.8152726079874275,389.50985829967067,348.2720662750027,41.237792024667954,0.3939140801875851,0.21403100048613055,0.17988307970145456
frame_u~_826.19_826.28,9.746620905014396,0.0,-0.28025232010174417,402.7708411574473,359.4975607384674,43.27328041897988,9.084520704528245,6.8397323020275,2.2447884025007454
frame_adZ_826.28_826.43,26.868937316113715,0.0,-0.4104218106523971,403.8163603557689,359.1395374694297,44.67682288633915,16.404152911812446,8.802835971657856,7.6013169401545895
frame_vo_826.43_826.59,44.21483491929462,0.0,-0.10343015598007561,401.633068035354,356.18872407255594,45.44434396279809,11.699026837007409,7.165385110179557,4.533641726827852
frame_ga_826.59_826.76,28.09617741759294,0.0,-0.004319033177431361,405.3250998931149,359.42223694288896,45.90286295022594,21.470017737977912,4.333437165667277,17.136580572310635
frame_du_826.76_826.82,26.24741800143829,0.0,-0.5689353011178175,390.8890430856779,351.973379085448,38.91566400022987,1.7218978461182814,1.275684533769038,0.44621331234924355
frame_majs_826.82_826.99,32.744163995254496,0.0,-0.8165245881289017,397.99171930261645,353.22310773757175,44.768611565044694,24.2157593974041,9.130190185834891,15.085569211569208
frame_na~w~_826.99_827.21,54.19678259139059,0.0,-0.6984438112423418,391.16298203298396,346.362768831188,44.80021320179594,32.657741333541054,23.419447013873423,9.23829431966763
frame_se~_827.21_827.41,20.963181703635343,0.0,-0.39364115887554746,399.37405061002727,353.028938224589,46.345112385438256,207.26143039220963,69.69616850200623,137.5652618902034
frame_pri_827.41_827.5,34.35897071885378,0.0,-0.5918308616933357,385.29104428921465,343.71480227087415,41.57624201834051,5.181006669265628,2.610274495992371,2.5707321732732566
frame_ki_827.5_827.56,158.14300839748554,0.0,-0.5918308616933357,379.2966356587624,339.18595699199045,40.110678666772,0.6964011532676935,0.14639638000773658,0.5500047732599569
frame_te~_827.56_827.65,99.5756573333048,0.0,-0.9896628005608363,403.8225126430159,360.75749344381353,43.06501919920237,21.306773593229195,11.059711161646078,10.247062431583117
frame_Ja_827.65_827.76,67.73608296296109,0.0,-0.6811569956372465,402.4202348587085,359.39469064418006,43.02554421452845,30.08344232472217,14.992885597910458,15.090556726811712
frame_Re_827.76_827.87,58.44833721005344,0.0,-0.08045016376559877,397.6456760242011,359.6887996761551,37.95687634804602,7.837219098923356,3.703507060263803,4.133712038659553
frame_ko_827.87_827.98,56.993424091620085,0.0,-0.8739373730148412,402.9334180596093,359.488878063856,43.4445399957533,35.86780445814395,17.136839095468815,18.730965362675136
frame_me~_827.98_828.13,58.69676082526158,0.0,-0.09563033803120903,403.5022738102758,358.2209053592501,45.28136845102574,12.775907551459795,7.178598134726769,5.597309416733026
frame_da_828.13_828.26,86.9996669860756,0.0,-0.2750542181607418,394.8495268837335,351.4147423157981,43.434784567935424,28.361553897548447,9.647606637787703,18.713947259760744
frame_so~j~s_828.26_828.41,82.03579694350057,0.0,0.0,371.80249616610206,329.6300036416051,42.17249252449699,17.978103901314228,8.676365466891468,9.30173843442276
frame_nE_828.41_828.73,112.40167928415872,2.0499999999999545,0.04932682248456592,391.0919733588994,341.0516782522243,50.0402951066751,163.0892350448871,113.37812703390478,49.71110801098231
frame_maX_830.78_831.0,9.790621998494174,0.0,0.13104855931422388,405.98365298559537,358.48565119077887,47.4980017948165,17.544153020201605,8.779357253936809,8.764795766264797
frame_le_831.0_831.17,3.749822049607957,0.0,1.1195173391611184,406.41566190659796,361.1186914172674,45.29697048933059,66.88269027380278,33.33752249356192,33.54516778024086
frame_ni_831.17_831.32,12.867948997669174,0.32999999999992724,0.4133640359579434,391.90327020498336,349.89890948401876,42.0043607209646,83.66426810508585,52.709317116609526,30.954950988476327
frame_E_831.65_831.98,21.79020214118603,0.0,2.371644988389121,405.1193717141612,355.36838338056634,49.750988333594876,71.70897382040172,58.518749727439456,13.190224092962268
frame_de~_831.98_832.08,15.429763294540464,0.0,-0.3936411588738535,399.29221349862013,355.85676405570575,43.435449442914376,59.04257749747978,44.36491466788496,14.677662829594823
frame_tru_832.08_832.18,87.64239340368997,0.18000000000006366,-0.5689353011197329,412.8399400797747,368.1892808553305,44.65065922444421,57.71396892483665,22.094816535399502,35.61915238943715
frame_du_832.36_832.48,4.154029975717009,0.0,-0.23198724542380286,405.26169103196685,362.22772874052737,43.033962291439536,33.36751201148974,11.117577968179972,22.249934043309764
frame_ka~_832.48_832.74,9.347295060156085,0.0,0.7112007758306202,407.1417342687139,358.1218020097531,49.019932258960864,36.233565486185114,13.361580660158438,22.871984826026676
frame_pu_832.74_833.02,7.451191908056359,0.11000000000001364,1.4527530330462706,396.12383701170774,348.9093591392628,47.214477872444945,29.93578783782783,17.537329732076245,12.398458105751587
frame_da_833.13_833.27,19.892432048614324,0.0,-0.5457894031455912,406.99384319183275,361.0049919227248,45.9888512691079,55.21289542021026,19.846303092187554,35.366592328022705
frame_e~_833.27_833.39,26.62419971118291,0.0,0.3513858932327576,408.72463143393475,363.29209641275895,45.43253502117585,19.61867980642569,8.872265166510402,10.746414639915287
frame_Ze_833.39_833.54,25.72612898826773,0.0,0.1195444200532471,407.9897855856927,362.4418753696801,45.54791021601261,40.103471856905685,13.490348242107018,26.613123614798667
frame_Ja_833.54_833.8,17.031174935501923,0.0,0.40178374429753433,402.4116629082656,354.0795107322315,48.33215217603413,56.5937050387746,34.635305150719745,21.958399888054856
frame_ri_833.8_834.05,5.992511941322874,0.0,1.7057574757932032,404.68698203482916,355.0411938888617,49.64578814596746,33.208984791825145,11.873604464042444,21.3353803277827
frame_a_834.05_834.13,40.44174055570352,1.4400000000000546,-0.2750542181607418,393.5487126461734,352.2064496836987,41.342262962474706,8.463545950339409,3.732161618727787,4.731384331611622
frame_E_835.57_835.93,19.039180347601985,0.0,2.690336748025327,403.70350539011343,354.01693264420527,49.686572745908165,94.0662238723456,68.14584945092895,25.920374421416653
frame_kwajs_835.93_836.23,216.27297349660472,0.0,-0.8165245881289017,407.2727623827681,358.0118368816531,49.260925501115025,383.9926437815892,303.00820714708306,80.98443663450615
frame_ujs_836.23_836.35,13.199814242808628,0.0,-0.06351321757871085,401.9186419812055,358.333362850598,43.58527913060749,51.35733730767589,30.713941313917786,20.643395993758105
frame_Ra~_836.35_836.53,15.217790548966946,0.0,0.18258405567700747,409.96678152887193,362.28278337402736,47.68399815484457,19.137076515491913,5.383848617831859,13.753227897660054
frame_mus_836.53_836.71,8.01050099905413,0.0,-0.2319872454257182,402.6459384308053,358.2037573187407,44.44218111206459,27.827493915663865,10.228682565207691,17.598811350456174
frame_ki_836.71_836.84,25.605001405084494,0.0,-0.5918308616917031,389.0581293327714,346.8744766214479,42.18365271132353,22.534977669327247,9.29801419592772,13.236963473399527
frame_vo_836.84_836.96,22.332029123309013,0.0,-0.29605696023821954,400.1812867830782,356.6516332357441,43.52965354733408,8.668756276569724,3.3196263744119676,5.349129902157756
frame_se_836.96_837.16,13.632037937731951,0.0,-0.4804393314101115,398.36173793208206,353.881074462628,44.48066346945404,14.630068434780839,7.993075453566007,6.636992981214831
frame_a_837.16_837.26,26.907916428573145,0.0,-0.004319033177431361,399.4114372647562,355.8266945247684,43.5847427399878,8.126289792534408,3.521189470834827,4.605100321699581
frame_Sa_837.26_837.39,99.78728927860135,0.0,-0.8165245881289017,389.41044434355837,348.171854086883,41.238590256675366,303.66214604933174,169.0236028992112,134.63854315012054
frame_ki_837.39_837.49,151.11790621128844,0.0,-0.5918308616933357,376.00914735375864,336.35697134003254,39.65217601372609,8.83330858587221,4.216426926013895,4.616881659858315
frame_sa~w~_837.49_837.65,13.294802099920702,0.0,-0.6984438112423418,403.11855103164964,358.4175664702411,44.70098456140852,23.74686217317725,14.719806859450813,9.027055313726436
frame_majs_837.65_837.89,40.59906961766251,0.0,-0.410421810653936,399.7907129148139,353.49795623345153,46.29275668136239,139.36080688025095,24.96623077129911,114.39457610895184
frame_pro_837.89_838.02,27.362900237746118,0.0,-0.6813105687566973,391.9547581987609,350.81738615793273,41.137372040828154,33.622732288186626,18.62884577299522,14.993886515191406
frame_ku_838.02_838.18,30.036659471521716,0.0,-0.5689353011197329,395.6990295107041,350.8457149878795,44.85331452282463,12.922043863465348,7.292703995994714,5.629339867470634
frame_ra_838.18_838.43,43.428314459979305,0.0,1.4847244842307763,385.6223237150711,344.4754785676364,41.1468451474347,178.60676858790137,54.7471548299512,123.85961375795017
frame_dus_838.43_838.62,155.45038265994538,0.7300000000000182,-0.5689353011197329,388.33306655283246,342.4582046107675,45.87486194206497,37.87461133662746,23.37889546758381,14.49571586904365
frame_a_839.35_839.41,20.245749035075733,0.0,-0.5457894031455912,404.76270547848327,362.18217201050606,42.580533467977205,20.70759487029187,13.961358937292118,6.7462359329997525
frame_me_839.41_839.59,3.7376087680919454,0.0,0.9195227553399989,403.7644485139736,361.21684784677916,42.547600667194445,17.33167858635653,5.210080888228163,12.121597698128369
frame_ka~_839.59_839.8,18.910201855299448,0.0,0.18258405567700747,406.532398474183,358.2187593440781,48.313639130104946,26.817257705688377,15.730202266478216,11.087055439210161
frame_ni_839.8_839.88,29.788695376231175,0.0,-0.30463231950772235,401.00786127629647,360.4643499735317,40.543511302764784,25.871461439976855,12.494317328358079,13.377144111618776
frame_ka_839.88_839.96,40.123788199137806,0.0,-0.951892180619018,396.56235236112343,353.39579330261216,43.16655905851127,15.418914521328816,8.929011515700722,6.4899030056280935
frame_i_839.96_839.99,34.045853141861784,0.0,-0.5918308616933357,390.82852081671825,349.9580837611217,40.87043705559654,2.615671987969563,1.0221714863942566,1.5935005015753063
frame_a_839.99_840.02,28.450607162878867,0.0,-0.9518921806205569,391.1401037545867,349.513816927925,41.62628682666167,0.1389716466399591,0.06068436947072087,0.07828727716923822
frame_e_840.02_840.08,19.31908222620598,0.0,-0.28044474758671833,399.6822845882283,359.17370043830766,40.50858414992064,9.37600252361787,6.234147352086126,3.141855171531745
frame_le_840.08_840.21,24.569990072653383,0.0,0.3195390038766403,402.49518063121087,359.4977198736937,42.99746075751716,11.36949193858976,3.139222317457609,8.230269621132152
frame_tro~_840.21_840.49,69.3276037145221,0.0,0.3571261947871215,393.3112008305007,344.44418693074624,48.867013899754454,207.40242015537348,105.12157311358914,102.28084704178433
frame_ni_840.49_840.64,114.8213298054234,0.0,0.7005625781435567,383.9880624653263,342.83313936866665,41.15492309665967,127.09584873252791,68.80159307703374,58.29425565549416
frame_ka_840.64_840.73,131.31725618350097,1.0599999999999454,-0.9518921806205569,367.5326204799582,327.3715109388596,40.1611095410986,206.20433760204367,160.88173983201517,45.322597770028494
frame_sa~w~_841.79_842.01,0.28670072216175413,0.0,-0.34603266447259884,397.4619380853917,351.874746636081,45.58719144931075,29.035108849593314,25.485592574950005,3.5495162746433095
frame_ajs_842.01_842.18,6.2679749936147005,0.0,-0.1396866256690866,397.2548764217817,352.8470901386671,44.4077862831146,23.67818808191288,10.440836475669045,13.237351606243834
frame_du_842.18_842.44,3.8348212915715294,0.0,1.9581751165892078,402.9509852506479,354.2044372302053,48.74654802044256,41.78052360069623,18.186395905973683,23.594127694722545
frame_as_842.44_842.66,21.110234962116465,0.0,-0.410421810653936,390.00550463607635,346.14701981729326,43.8584848187831,15.27565961298555,9.151962864266835,6.123696748718714
frame_ki_842.66_842.83,17.849786964571166,0.0,-0.3046323195060898,395.6426324398742,349.69246078861636,45.95017165125785,29.67145560422415,21.859414272088145,7.812041332136005
frame_ew_842.83_842.91,6.823205318849631,0.0,-0.8804284990523507,396.64334060921306,353.9527573392031,42.69058327000994,2.464454351212396,1.6487745654965806,0.8156797857158153
frame_a_842.91_843.09,7.531903112196375,0.0,1.0786217067573494,397.3970953862973,351.31310353726934,46.08399184902794,13.531559159577114,7.075421899661592,6.456137259915522
frame_Su_843.09_843.2,4.074470131226747,0.0,-0.5689353011178175,371.28081844189614,330.4995211468494,40.78129729504673,0.737766373883602,0.5414016731837421,0.1963647006998599
frame_ki_843.2_843.34,135.66847427210314,0.0,0.12616549377233013,381.9297843820541,339.9601554457472,41.96962893630689,16.538624090485534,8.220250354682449,8.318373735803085
frame_sa~w~_843.34_843.53,2.0940337106595734,0.0,-0.8746493846242084,398.28485036791045,352.1927112212911,46.09213914661933,25.407070588548322,21.14701114804788,4.2600594405004415
frame_a_843.53_843.62,3.7141148663368426,0.0,-0.1396866256690866,389.90036808833634,351.04568154350795,38.85468654482838,10.328989714502796,6.0567778135529124,4.272211900949884
frame_tu_843.62_843.74,41.913156911012834,0.0,-0.2319872454257182,397.0893863899952,353.15330691854894,43.93607947144625,150.3122454613379,56.16552152755921,94.14672393377872
frame_aw_843.74_843.8,11.574521978686732,0.0,-0.9518921806205569,394.1084065632782,352.62433168661306,41.48407487666515,3.2857303545744685,2.424042964644883,0.8616873899295854
frame_me~_843.8_843.95,2.6147025017991723,0.0,-0.24463574845253125,392.7550251262524,350.9595545566792,41.79547056957318,12.726388540253339,6.874405065695839,5.8519834745575
frame_tSi_843.95_844.11,75.19955385022509,0.39999999999997726,0.4133640359579434,388.94347618851447,346.2622789205034,42.68119726801109,159.26787962296976,105.30406118329033,53.963818439679414
frame_majs_844.51_844.85,14.624713661939666,0.0,0.13104855931422388,402.6528613534471,353.8651408255543,48.787720527892816,87.06700144292387,31.45087262914066,55.616128813783206
frame_pro_844.85_845.01,35.73442790359766,0.0,-0.4886837644985534,396.8784027547717,354.1955768856887,42.68282586908299,46.709308479881884,28.612011546572205,18.09729693330968
frame_ku_845.01_845.21,21.98444942932045,0.0,0.10496081027021181,392.41767882329754,347.2032572693337,45.21442155396386,94.56837057858996,55.887388586157954,38.68098199243201
frame_ra_845.21_845.28,61.049347188036194,0.0,-0.9518921806205569,392.8551899250715,351.0569353063245,41.79825461874697,29.95721214417486,18.11074644811444,11.84646569606042
frame_das_845.28_845.37,112.90472544854892,2.5299999999999727,-0.951892180619018,377.0007123017356,337.99800654615274,39.00270575558284,151.2151538238909,79.3209549549337,71.89419886895718
frame_de_847.9_848.02,7.618490834331823,0.0,-0.08045016376787245,400.0303842379401,356.61689995050125,43.41348428743885,6.367969643466495,2.1626142051778174,4.205355438288677
frame_vi_848.02_848.24,4.793886321308207,0.0,0.7005625781435567,393.68537144439796,346.96430384562376,46.7210675987742,16.062811311908803,8.652207175172236,7.410604136736566
frame_du_848.24_848.38,19.754653794364856,0.0,0.44190886596422646,393.32515109054697,349.70643289907105,43.61871819147592,17.592264569718736,2.965796689458159,14.626467880260577
frame_a_848.38_848.5,0.4937851666780091,0.0,0.26641615180587913,390.68799180719225,348.1329739714772,42.555017835715034,11.714778857640681,8.035446144760499,3.679332712880182
frame_u_848.5_848.59,28.989722440279223,0.5699999999999363,0.44190886596422646,378.7142267059797,339.50743501987535,39.20679168610434,26.57248665708144,18.673342633872096,7.899144023209345
frame_prO_849.16_849.35,4.84628646465373,0.0,0.02694379015365987,397.4916134852162,353.2184716151937,44.27314187002247,23.800794748542188,14.885224970779717,8.915569777762471
frame_priu_849.35_849.52,41.25257362217377,0.0,-0.5918308616933357,394.01964618473784,349.2258501898121,44.793795994925745,165.1772232924001,74.82127136143689,90.35595193096322
frame_de_849.52_849.6,7.480827444066506,0.0,-0.8804284990523507,397.97484415106237,354.5288365446075,43.446007606454884,4.746165580593527,1.0090284740188622,3.7371371065746644
frame_ze~_849.6_849.76,5.527182972675092,0.0,0.05337507239011319,403.7717311604193,357.270624657034,46.5011065033853,14.523101789545166,5.429031127367068,9.094070662178098
frame_vow_849.76_849.89,5.2339026236619475,0.0,-0.6813105687545074,401.5359217659313,357.4253275027512,44.110594263180076,7.1820599758733294,2.719987938233345,4.4620720376399845
frame_vi~_849.89_850.0,11.347256279713633,0.0,-0.28844028860950294,400.1783652233772,357.15112445738384,43.02724076599333,8.096303704296275,2.7229707015997064,5.373333002696569
frame_me~_850.0_850.17,14.705506235170787,0.0,0.05337507238841919,396.0172313205206,351.9784244003543,44.03880692016628,19.018498593442956,15.169423982826686,3.8490746106162703
frame_tu_850.17_850.27,1.1095258147799996,0.0,-0.5689353011197329,381.9977964284328,342.0159379202234,39.98185850820943,35.4011093611893,20.0336165018914,15.367492859297897
frame_du_850.27_850.37,6.214138324285528,0.0,-0.2319872454257182,396.6271733510476,355.2631853677232,41.363987983324364,7.178071530887195,4.226488529412876,2.9515830014743187
frame_pa_850.37_850.61,35.72660502285322,0.0,-0.004319033177431361,392.1464661368608,344.4209385702707,47.725527566590074,174.68410361468486,77.8751579501407,96.80894566454415
frame_ijs_850.61_850.83,105.8801909135501,0.049999999999954525,0.98776112032917,385.50491832444095,340.7226292080186,44.78228911642242,3.803765971831055,1.8115890462322568,1.9921769255987982
frame_nE_850.88_850.98,88.22801581140978,0.42999999999995,-0.8152726079886352,390.754504871816,347.43804639034886,43.31645848146712,9.74769272288843,4.970946254339907,4.776746468548524
frame_un_851.41_851.49,2.122238276653377,0.17999999999994998,-0.5689353011178175,387.92938419174413,346.65327558523177,41.27610860651231,4.060324990625304,2.6627877279273378,1.3975372626979663
frame_un_851.67_851.75,14.460575253518755,0.4500000000000455,-0.4004612732708102,378.39344179055416,337.83847136910856,40.5549704214456,37.28571952561808,13.763563318226119,23.52215620739196
frame_ew_852.2_852.26,1.2241514953585977,0.0,-0.8804284990523507,398.9827836661522,356.72026873502205,42.26251493113017,2.6247020524446896,1.436723918190495,1.1879781342541946
frame_a_852.26_852.37,6.96793969597104,0.0,0.13104855931422388,398.0004514481368,355.094309788053,42.90614166008379,11.778530445304995,8.266053599158624,3.5124768461463702
frame_Su_852.37_852.48,2.9509870852262736,0.0,-0.06351321757679552,374.26065682118207,334.15528528186314,40.105371539318924,10.99196960118951,6.296785344838781,4.6951842563507284
frame_ki_852.48_852.55,,0.0,-0.5918308616933357,365.14017644511364,327.09799370034966,38.04218274476398,,,
frame_sa~w~_852.55_852.72,8.677221229853473,0.0,-0.8746493846262117,400.09474212078874,353.5041127622666,46.590629358522165,31.516986767349294,23.54120310702561,7.975783660323685
frame_ajs_852.72_852.92,3.2449369087090076,0.7400000000000091,-0.27505421816228076,396.47659784792705,352.28102910528537,44.19556874264168,28.328916899340612,17.59953479913179,10.729382100208824
frame_ajs_853.66_853.78,0.8017208668567832,0.0,-0.951892180619018,386.5881030369167,343.7881851611139,42.799917875802805,20.352395367092186,10.019585703746941,10.332809663345245
frame_majs_853.78_854.09,1.5079607645357953,0.31999999999993634,-0.1396866256690866,398.5007081856107,349.50306997183833,48.99763821377235,19.861950975069902,10.823485608637327,9.038465366432575
frame_pro_854.41_854.51,18.300345759332885,0.0,-0.6813105687566973,395.2077148041404,353.8824283699006,41.325286434239786,11.714049587482293,6.131517137222801,5.582532450259492
frame_ku_854.51_854.69,19.34748207901231,0.0,0.10496081027021181,393.7672736710539,349.2631767746091,44.504096896444764,34.247008677909406,21.809088619966587,12.437920057942819
frame_ra_854.69_854.86,61.38041710707277,0.0,0.5371513367891896,385.5927757663644,342.1554810503388,43.43729471602563,95.6650525968998,47.10492665010874,48.56012594679106
frame_das_854.86_855.01,121.21579815338804,0.0,-0.6811569956357075,368.35121895243395,327.59492324600046,40.75629570643349,28.5964873401494,14.364470375701202,14.2320169644482
frame_sa~w~_855.01_855.26,78.31353339840362,0.6000000000000227,-0.8746493846262117,387.47277941753595,341.02554293943484,46.447236478101104,175.76422764976067,118.02630365691337,57.7379239928473
frame_E_855.86_855.89,,0.0,-0.8152726079886352,368.2133113734681,328.37161818067153,39.84169319279658,,,
frame_sas_855.89_855.92,,0.37999999999999545,0.0,382.1052587827256,342.90155627331467,39.20370250941096,3.127503159094296,0.9959100943771659,2.13159306471713
frame_i_856.3_856.33,29.83326773250687,0.0,-0.5918308616917031,381.1515043288665,340.3244483766369,40.827055952229614,4.615430763644952,2.5676017870038095,2.047828976641142
frame_de~_856.33_856.47,107.67131689573083,0.0,0.2023804828114354,409.432256349965,364.93514492378085,44.497111426184176,62.04601749755375,23.33294058692826,38.71307691062549
frame_tru_856.47_856.57,25.989128500734154,0.0,-0.5689353011178175,406.23028815609496,364.97802754516704,41.25226061092792,60.260208172575545,27.970084757243114,32.29012341533243
frame_du_856.57_856.64,29.521546056142398,0.0,-0.5689353011197329,383.7114373636139,345.39900988822114,38.31242747539278,16.058802452667692,9.564177220733882,6.49462523193381
frame_ka~_856.64_856.72,0.6261082554083544,0.0,-0.5222382378564687,404.5312642011189,362.8093592904952,41.72190491062372,27.105609125044396,13.878073813672415,13.22753531137198
frame_pu_856.72_856.8,23.330946380648385,0.0,-0.5689353011197329,404.2924855129884,361.26613049446127,43.02635501852711,3.853133543330358,1.4410871712107962,2.412046372119562
frame_da_856.8_856.93,23.146231807917985,0.0,-0.5457894031455912,405.70601592835226,361.25951514953107,44.44650077882119,26.502087641070432,8.964907207263195,17.537180433807237
frame_me_856.93_857.06,32.18005212086044,0.0,0.1195444200532471,402.68140865504574,358.1125315841748,44.56887707087094,9.191875831282545,5.383158060572498,3.8087177707100466
frame_dZi_857.06_857.16,44.59418511739099,0.0,-0.5918308616933357,377.3266301956403,341.29379450074435,36.03283569489594,21.295371950168715,13.993594450493191,7.301777499675524
frame_si~_857.16_857.42,0.12796306073673236,0.0,0.6695935271312654,406.0782785537814,356.27764292303607,49.80063563074532,24.84707350894743,9.515528089483581,15.33154541946385
frame_na_857.42_857.67,40.9649924144897,0.11000000000001364,1.2139892992474657,395.41473307287237,350.8311556579888,44.583577414883564,58.165622576864564,34.052713231955266,24.112909344909298
frame_i_857.78_858.39,0.7047927152058548,0.0,7.736926861697613,403.74451929237136,343.36515387192384,60.37936542044753,28.0275921999538,12.522116398156527,15.505475801797274
frame_du_858.39_858.5,12.797208967675715,0.0,-0.4004612732727255,407.99023007771905,362.9999740260756,44.99025605164343,39.36771577769292,10.3757630799862,28.991952697706722
frame_dZi_858.5_858.71,1.2084104514860599,0.0,0.12616549377233013,405.23078552836444,358.9036689277523,46.3271166006121,32.741039024957814,11.091371969433226,21.64966705552459
frame_rej_858.71_858.91,43.62302238743544,0.0,-0.28044474758899196,393.4574463248099,351.6256518203048,41.831794504505126,117.9040874252168,63.73024324391582,54.17384418130098
frame_tu_858.91_859.12,126.59100755396058,2.07000000000005,-0.4004612732727255,373.6041167321052,330.69737981833094,42.90673691377424,30.398181603846886,19.21748662030673,11.180694983540157
frame_O_861.19_861.27,14.2088978460705,0.0,-0.6077321556855754,410.4839238813006,367.1135676386152,43.370356242685375,8.872707662550027,3.3837435402599,5.4889641222901275
frame_La_861.27_861.4,29.7236905383688,0.0,-0.13968662567062554,408.84843471426194,364.204143626542,44.64429108771992,11.48625238581539,7.159002432040182,4.327249953775208
frame_da_861.4_861.52,8.180534042225048,0.0,-0.5457894031455912,408.646351398297,363.2377722581396,45.40857914015737,7.777990303688199,3.0796404265974218,4.698349877090777
frame_me_861.52_861.73,24.164799689777368,0.0,1.319511922982238,404.3615880613289,358.1193287915391,46.24225926978983,23.580807030770927,8.366054931401834,15.214752099369093
frame_dZi_861.73_861.83,22.89441548478186,0.0,-0.16103304841328314,387.62181751547314,347.35715413277023,40.26466338270285,22.095659401066143,15.581669110964242,6.513990290101901
frame_si~_861.83_862.23,38.58955068185722,0.0,2.106644250744233,408.7761165150491,354.2896848613551,54.48643165369401,89.55097277961673,33.23224636977369,56.31872640984304
frame_na_862.23_862.46,48.48578887407686,0.42999999999995,0.9432541142656943,396.0839336608174,351.1716754709778,44.91225818983963,25.98096310081857,17.084849866723687,8.896113234094884
frame_ew_862.89_863.0,7.085036417983247,0.0,0.11954442005552077,402.1071660590385,358.47941956915105,43.62774648988744,21.116007565518885,17.930414975187148,3.185592590331737
frame_na~w~_863.0_863.27,37.35375694947882,0.0,-0.8746493846262117,399.81710980023354,354.8897228630027,44.927386937230835,32.79574842943023,9.517782769660698,23.277965659769535
frame_po_863.27_863.55,6.692178439005801,0.0,2.2080914951176513,409.8297989982439,360.76823855658034,49.06156044166357,21.719672246761462,15.76637487181614,5.953297374945322
frame_su_863.55_863.84,7.176584156938105,0.0,0.6103828938112338,397.67942611198026,349.3804676071764,48.29895850480386,44.081340652501666,20.89652324381774,23.184817408683926
frame_a_863.84_863.87,26.83435649151997,0.0,-0.9518921806205569,361.4893999809476,322.52219771345534,38.96720226749227,9.940790868965507,3.2471354013641474,6.69365546760136
frame_si~_863.87_864.33,18.34357564079039,0.0,3.224350369110278,402.3383750226998,346.9181902936301,55.42018472906966,22.930946031028043,9.63001260421359,13.300933426814453
frame_dZi_864.33_864.45,34.535920977896296,0.0,0.12616549377233013,394.4870754846644,351.1781585186509,43.3089169660135,18.997951395793137,7.045099289574807,11.95285210621833
frame_zeX_864.45_864.65,33.17863201052529,0.0,0.3195390038766403,402.8961654650602,357.58298014173715,45.313185323323125,149.10634886594124,20.145711919490964,128.96063694645028
frame_ko~_864.65_864.77,19.018095047571734,0.0,-0.8740712944248503,401.55580115192726,357.95865921045606,43.59714194147119,13.549924965558063,8.383554514159755,5.166370451398308
frame_ka_864.77_864.93,18.696747710283745,0.0,-0.27505421816228076,396.5732690174888,354.50474345944446,42.06852555804437,14.561222173983396,8.851661467349828,5.709560706633567
frame_te_864.93_865.06,14.595376099279434,0.0,-0.08045016376787245,405.9581062782547,361.70264506356875,44.255461214685965,20.237849556221448,14.750284401138288,5.487565155083161
frame_go_865.06_865.22,28.110263179759926,0.0,0.47445025679435615,407.02848695731825,362.42050494401155,44.607982013306696,19.328762687390537,7.018591963966031,12.310170723424505
frame_ri_865.22_865.43,15.641709897665123,0.0,1.1313603914219768,406.82547715516296,359.9540648534673,46.87141230169567,47.43599454582363,25.45826265305635,21.97773189276728
frame_a_865.43_865.47,8.37444704353888,0.0,-0.8165245881273627,380.7441365712208,342.2786673288549,38.46546924236583,2.3482992429823923,1.3228705372936247,1.0254287056887676
frame_poX_865.47_865.64,52.12258885426914,0.0,-0.6813105687545074,395.1599596899947,352.36523742882963,42.79472226116508,60.432029107153625,11.409771717434467,49.02225738971916
frame_ki_865.64_865.78,77.22093747839645,0.0,-0.448231590600529,405.8824969375281,360.5232015120014,45.35929542552668,16.171649651468897,11.917025332812898,4.254624318655999
frame_ew_865.78_865.84,77.39175425970282,0.0,-0.8804284990523507,405.4740229002956,362.78428726661537,42.6897356336803,5.407130021493231,3.3217979845209697,2.085332036972261
frame_na~w~_865.84_866.02,118.02657295175302,0.0,-0.8746493846262117,401.63245281060017,357.82292692402996,43.80952588657021,49.908760403850295,31.646841621613532,18.261918782236762
frame_te~_866.02_866.19,31.232494596072854,0.0,0.2023804828114354,410.2739121926958,362.91659685565594,47.357315337039836,54.065353932229044,34.88302492189749,19.182329010331557
frame_Ju_866.19_866.28,10.403150731068592,0.0,-0.06351321757871085,404.2992785443278,359.530222827088,44.76905571723984,15.734376127180184,8.317166933177106,7.417209194003078
frame_muj~_866.28_866.51,20.69923003849874,0.0,-0.2319872454257182,407.6477900289379,360.1463130661829,47.501476962754964,4.354399889780154,2.379966845678098,1.9744330441020566
frame_tu_866.51_866.58,20.53985783154579,0.0,-0.5689353011178175,376.5972169311632,336.2312254129464,40.36599151821679,9.493693568830338,4.2553072730596,5.238386295770738
frame_ko~_866.58_866.83,59.6155613399134,0.0,0.9727249393939822,407.7381203090769,360.37239005316246,47.36573025591446,43.05639575110479,21.425603506438733,21.630792244666054
frame_ta_866.83_867.05,0.7529592098045441,0.0,0.6725189292808448,403.89278088223966,358.9161701654311,44.97661071680858,108.76014005513218,81.00683610353153,27.753303951600657
frame_tu_867.05_867.16,17.17973175710347,0.0,-0.5689353011197329,402.64466336154965,358.9666813119906,43.677982049559034,19.760952004754643,14.893842122808763,4.867109881945879
frame_i_867.16_867.19,21.493012182506476,0.0,-0.5918308616917031,373.54486158588,334.4469878281167,39.09787375776335,8.888764710129891,4.845294720588271,4.04346998954162
frame_a_867.19_867.23,28.083510967681832,0.0,-0.8165245881289017,391.1162800154994,351.50607556305243,39.610204452446965,3.656530663489036,1.6942467917870658,1.9622838717019704
frame_Ze~_867.23_867.34,18.755438475024363,0.0,-0.24463574845253125,400.32801052005027,358.6052099244977,41.7228005955526,13.620490807642682,8.415726099214965,5.204764708427717
frame_tSi_867.34_867.44,0.26302440098817215,0.0,-0.44823159059889645,401.69868924314994,358.7171839926329,42.981505250517046,24.656292103415495,16.27109325213712,8.385198851278375
frame_E_867.44_867.47,16.249163666096905,0.0,-0.8152726079886352,386.7787498956026,345.6781441256705,41.10060576993209,10.434308348965374,2.8462039367590535,7.58810441220632
frame_majs_867.47_867.72,17.813019503691947,0.0,0.26641615180587913,398.429207139669,355.7115790661436,42.71762807352542,9.89827143751333,5.370229636193244,4.528041801320086
frame_dZi_867.72_867.92,20.533034957238215,0.0,1.1313603914219768,399.88802549924867,354.28152658003194,45.60649891921673,29.781078465325663,17.75098293439845,12.030095530927213
frame_leX_867.92_868.34,19.548252887012552,0.36000000000001364,5.319403599406903,408.3355127274226,354.93137702122885,53.404135706193756,25.868628665855226,13.68784887174644,12.180779794108787
frame_dZi_868.7_868.84,2.828235154372152,0.0,-0.16103304841328314,409.50160119648297,363.614638255029,45.88696294145399,40.72593569298286,12.027234641230393,28.698701051752465
frame_ow_868.84_868.99,25.26047667068562,0.0,0.08919664827587839,408.9292527856504,364.31657638362947,44.61267640202095,10.845040802560561,4.644903378629493,6.200137423931068
frame_viX_868.99_869.32,38.33544782215796,0.2899999999999636,2.136555289071623,396.57666959676976,347.2731878587389,49.30348173803088,131.03960336708224,35.91256771007403,95.12703565700821
frame_majs_869.61_869.86,27.368781735772473,0.0,0.26641615180587913,407.62999769804446,359.29714060040266,48.332857097641806,71.79488876317794,30.36412981427793,41.43075894890001
frame_ew_869.86_870.06,35.672280376447446,0.0,-0.28044474758899196,402.239956780827,356.3922383829431,45.847718397883966,21.719801921443974,13.076294529667734,8.64350739177624
frame_a_870.06_870.33,18.63598678820523,0.0,2.296930039182247,400.02454446679815,353.6100519557298,46.414492511068374,32.52821666379501,7.856510861534332,24.671705802260675
frame_Su_870.33_870.64,110.56396452968357,0.5199999999999818,2.1266491444342996,389.0120427331119,340.52079469732627,48.491248035785645,118.95184922478093,68.81202449371011,50.13982473107082
frame_ki_871.16_871.44,38.01556009594711,0.0,1.562158204702029,403.7361677557554,354.6580248637077,49.07814289204771,53.35151859314402,17.755456584581395,35.596062008562626
frame_dZi_871.44_871.54,53.096316658027746,0.0,-0.1610330484149157,407.6493004503098,364.3007026617221,43.34859778858771,28.237757593492177,6.728107250138976,21.5096503433532
frame_u~_871.54_871.57,28.474989927333667,0.0,-0.7320718500141716,389.0025263330876,347.0120973628404,41.990428970247194,2.748613599412977,1.48640709661629,1.262206502796687
frame_ma_871.57_871.81,23.460501387367202,0.0,0.9432541142641553,403.0041981289355,358.0825738141689,44.921624314766575,26.711178834409765,16.950436932671664,9.7607419017381
frame_foR_871.81_872.04,13.216872580943004,0.0,0.859703865310644,407.0987132904216,358.8231008986489,48.27561239177271,16.525189138526997,11.026769141924063,5.498419996602934
frame_ma_872.04_872.18,26.263585016332172,0.0,-0.13968662567062554,397.13185062440147,352.73591221651606,44.39593840788541,7.340045673368934,4.541598842488014,2.79844683088092
frame_Ze_872.18_872.38,42.289330133769084,0.0,0.5195335876977598,398.0883019291005,352.1054460051665,45.98285592393398,15.217156060776603,6.7992346769616745,8.417921383814928
frame_raw_872.38_872.78,8.054853231573134,1.5299999999999727,1.890827261705742,401.4996858654757,350.924714312553,50.574971552922705,72.32072182585279,35.17679422540553,37.143927600447256
frame_e_874.31_874.45,13.576937142029124,0.0,1.319511922982238,401.2489028021696,356.820385595357,44.428517206812614,29.804932950608332,12.17464851591825,17.630284434690083
frame_zis_874.45_874.72,12.247164332071634,0.0,0.4133640359579434,391.079812438831,348.8949278620045,42.184884576826505,35.27698133660877,17.557597266840503,17.719384069768267
frame_tSi_874.72_874.85,26.491199868721367,0.0,-0.16103304841328314,403.7313172936744,359.42959949488613,44.301717798788275,42.29498242828748,28.549746036837746,13.745236391449737
frame_a_874.85_874.99,57.76628488833114,0.0,0.5371513367891896,401.56206276636374,358.22938727120845,43.332675495155286,157.25457435222435,60.99850957412923,96.25606477809512
frame_E_874.99_875.58,13.092679277296725,0.0,5.133640238582452,401.8468096381081,345.17816272404355,56.66864691406454,568.818333468012,395.96266399633225,172.85566947167973
frame_E_875.58_875.69,31.82847871680073,0.0,0.034572084379007974,397.7849051016686,355.9818432866751,41.8030618149935,13.645257893093628,4.128354849428376,9.516903043665252
frame_ew_875.69_875.83,2.409441789967161,0.0,-0.08045016376787245,404.5331668611465,359.6445307287956,44.88863613235094,29.602245338943533,15.038806443003125,14.563438895940408
frame_a_875.83_875.92,37.87210068753183,0.0,-0.13968662567062554,401.6187014245951,358.5874872085488,43.031214216046294,8.296968299055436,2.64310651695763,5.653861782097806
frame_Su_875.92_876.01,127.53143745586914,0.0,-0.5689353011197329,383.0928208959994,341.43923511013145,41.65358578586796,27.694972120723293,8.434613561234812,19.26035855948848
frame_ki_876.01_876.09,76.60741177848746,0.0,-0.5918308616933357,402.3878090907934,359.37682441447976,43.010984676313626,14.038543214082665,11.606379136960072,2.432164077122593
frame_E_876.09_876.22,66.82045051228084,0.0,0.24703325747061686,405.9167876433,363.7981655890071,42.11862205429287,18.77915702434899,10.645926194695846,8.133230829653144
frame_e_876.22_876.25,57.805068443554035,0.0,-0.8804284990523507,366.9295839331433,327.7214818006446,39.20810213249871,5.029604433820225,3.1762636494512435,1.8533407843689815
frame_ki_876.25_876.38,120.19684706128231,0.0,-0.017433777322109042,410.06952975222015,365.83088984333494,44.238639908885204,26.237722535252374,13.2379421031888,12.999780432063574
frame_li_876.38_876.52,164.25398732055714,0.0,0.2697647648651368,412.4679491384312,367.02417157666827,45.44377756176294,23.28615021525286,9.171796958566972,14.114353256685888
frame_bra_876.52_876.92,69.0833519504597,0.0,2.0261948541989363,407.56436285604457,354.50910114512817,53.0552617109164,71.23856923055112,42.30333386534292,28.9352353652082
frame_du_876.92_877.16,104.50282474588488,0.09000000000003183,2.4635972001283144,398.4878745988371,351.81425906257715,46.673615536259945,22.44134095717348,14.357415321152814,8.083925636020666
frame_a_877.25_877.3,8.791871256729337,0.0,-0.6811569956372465,384.3083002661683,344.7498646037462,39.55843566242214,9.188377308870969,7.012254309768679,2.17612299910229
frame_pro_877.3_877.56,19.445749856955928,0.0,1.052330669568788,408.05945525496276,361.0293322904349,47.030122964527834,26.03815677496135,9.66598695292484,16.37216982203651
frame_ku_877.56_877.74,18.814974575164115,0.0,0.44190886596422646,404.84760987557996,359.07545626553326,45.7721536100467,24.32318346960315,15.4053319183175,8.91785155128565
frame_ra_877.74_877.82,8.797957358756634,0.0,-0.8165245881273627,405.3517408104633,364.49763572653114,40.854105083932154,5.632104369575956,2.8287504649911455,2.80335390458481
frame_dujs_877.82_878.03,10.241495708486013,0.0,-0.5689353011197329,400.7726455428888,353.98395734298185,46.78868819990697,21.282811526084316,7.55133097296283,13.731480553121486
frame_mE_878.03_878.23,7.48761934737081,0.0,0.1408026709248124,404.6551346820599,358.24862036849333,46.40651431356656,13.48360798694793,8.707541405840232,4.776066581107699
frame_dZi_878.23_878.31,4.3420762794029315,0.0,-0.5918308616933357,392.0046215767687,349.9507579389368,42.05386363783191,36.33332753807704,21.710919012088567,14.622408525988476
frame_kus_878.31_878.49,125.90858511266988,0.0,-0.5689353011197329,373.6075398944848,330.07549047750086,43.53204941698391,143.29334026646762,124.95840104181802,18.33493922464961
frame_pa_878.49_878.6,15.689698081688078,0.0,-0.6811569956357075,409.2159375834836,364.9611113931368,44.25482619034682,25.61642559646171,16.760945580770652,8.855480015691057
frame_ra_878.6_878.82,8.580450780345757,1.3899999999999864,1.2139892992490047,405.0298548448892,360.2750462615043,44.754808583384886,22.33093954055346,12.343055381476432,9.987884159077026
frame_pa_880.21_880.75,0.4386268933376698,0.0,5.004281889018429,402.3377917848698,345.2275981402596,57.110193644610206,34.67810334687903,17.276632361633318,17.40147098524571
frame_ra_880.75_880.88,125.13241050539585,0.08000000000004093,-0.004319033177431361,387.63856986404113,346.68062193842184,40.957947925619294,0.039893382526649646,0.026540231583148,0.013353150943501646
frame_a_880.96_881.01,15.349841707880984,0.0,-0.6811569956372465,400.514207853129,358.5217610055347,41.992446847594294,13.730153965796205,7.916203920509503,5.813950045286703
frame_es_881.01_881.1,18.24480919622303,0.0,-0.6804339152312311,390.22267213023144,349.31750507822466,40.90516705200679,7.293101110810852,5.017787710851934,2.275313399958918
frame_pe_881.1_881.28,14.515122185914748,0.0,0.9195227553399989,406.13725542731396,361.4076415004793,44.729613926834645,42.07177152377514,22.46151497505184,19.6102565487233
frame_si_881.28_881.37,17.946053738126977,0.0,-0.5918308616933357,401.28676815836735,357.50913309252707,43.777635065840286,25.929123794211876,15.136844994252215,10.79227879995966
frame_a_881.37_881.43,2.1973624850782585,0.0,-0.5457894031455912,392.335059532401,351.918424524176,40.416635008225,7.501771818166134,3.8690451798283334,3.6327266383378003
frame_li_881.43_881.51,0.9627937957725976,0.0,-0.5918308616933357,391.7011839660551,349.7720409797455,41.929142986309614,7.415398309780386,3.194004521627477,4.221393788152909
frame_za_881.51_881.71,26.53184797509698,0.0,0.40178374429753433,402.6166741922442,357.2200061609741,45.39666803127005,43.123282297405126,9.95337539373159,33.169906903673535
frame_sa~w~_881.71_882.06,61.353436432601654,0.38000000000010914,0.18258405567901068,400.17193795853353,351.6292711897661,48.54266676876745,148.6527727481922,59.07063148442501,89.58214126376718
frame_a_882.44_882.52,34.80674610315057,0.0,-0.27505421816228076,403.614787083258,362.7523225339516,40.862464549306424,5.2712457065400145,2.2988671386060844,2.97237856793393
frame_Su_882.52_882.61,35.114905465449255,0.0,-0.4004612732727255,390.05936092913146,349.1286431692807,40.93071775985078,11.390453415241893,3.19316855762267,8.197284857619223
frame_ki_882.61_882.73,47.05390752025792,0.0,-0.448231590600529,409.04970014954165,363.6181576275202,45.43154252202146,12.586824590705703,6.296040604622135,6.290783986083568
frame_u~_882.73_882.91,75.76270094072234,0.0,0.3974769747690373,410.95843239370765,364.9094193270124,46.04901306669524,67.00910574843397,23.729601571871285,43.27950417656268
frame_ma_882.91_883.08,23.676656971521595,0.0,0.13104855931422388,409.3573325317934,364.58169433168655,44.77563820010687,220.2476229280829,89.26227462684184,130.98534830124106
frame_ki_883.08_883.17,11.083876145696536,0.0,-0.5918308616933357,399.17747963547055,356.1796095238253,42.99787011164523,39.247742484626656,18.435899070098372,20.811843414528283
frame_es_883.17_883.25,2.913392923729276,0.0,-0.8804284990500769,381.2875604638982,340.5000945401854,40.78746592371283,0.38412592780380805,0.22126810205864444,0.1628578257451636
frame_ta_883.25_883.36,1.8230998382490782,0.0,-0.9518921806205569,401.1653832331259,361.41367466725774,39.75170856586817,36.20834508282539,23.33088860334155,12.87745647948384
frame_a_883.36_883.42,21.855490512865458,0.0,-0.5457894031455912,401.93017648173645,359.43566350099377,42.494512980742684,14.057722020529297,6.9228793550246905,7.134842665504607
frame_gO_883.42_883.57,13.884405164852467,0.0,-0.2903941827650558,409.613024143085,364.43092558937906,45.18209855370594,11.678082465920113,5.851560311307111,5.826522154613002
frame_ra_883.57_883.71,20.72522273078735,0.0,0.13104855931422388,403.97582002777176,360.8364606309561,43.13935939681568,5.349609632024084,2.3968413323443087,2.952768299679775
frame_se~_883.71_883.84,11.698312526639768,0.0,-0.5426465692951756,405.3733805965212,360.1538422239262,45.219538372595025,20.860392565144764,13.894651145171053,6.96574141997371
frame_du_883.84_883.92,23.606252564107393,0.0,-0.2319872454257182,404.4279778758518,361.7585656938316,42.66941218202021,5.914212922592753,5.002526638100761,0.9116862844919922
frame_muj~_883.92_884.16,49.83532547565309,0.0,0.27343483811721914,410.6495791559404,362.979815803021,47.669763352919404,94.27096146709184,24.527619058187383,69.74334240890445
frame_tu_884.16_884.25,1.5631077660769108,0.0,-0.4004612732727255,398.5894824175538,357.4056560053058,41.18382641224804,52.67967518750788,20.53626173554983,32.143413451958054
frame_pro_884.25_884.43,34.02991704712977,0.0,-0.10343015598226553,401.6100738844899,356.4475382675893,45.162535616900584,137.63130890684278,19.738247396282247,117.89306151056054
frame_ku_884.43_884.6,27.74966629265984,0.0,0.10496081027021181,403.701377198278,358.4295744407251,45.271802757552905,19.717725934564527,16.539678806401866,3.1780471281626603
frame_ra_884.6_884.81,21.864307310278235,0.0,1.0786217067558106,408.33940253833924,361.98610900715573,46.35329353118351,18.75206300677678,7.846472149976336,10.905590856800444
frame_da_884.81_884.87,22.16321061075999,0.0,-0.9518921806205569,396.16426420272734,354.4271936199458,41.73707058278154,8.77108713007155,3.981474481565357,4.789612648506193
frame_i_884.87_884.9,19.801967621051546,0.0,-0.5918308616933357,369.19933398031446,331.73029697131915,37.46903700899526,0.8189588713494231,0.6163194248664468,0.20263944648297638
frame_ki_884.9_885.04,84.02906380890519,0.0,-0.5918308616933357,397.5904932601087,352.9052730080451,44.68522025206357,153.92815492454565,81.89464069559409,72.03351422895156
frame_na~w~_885.04_885.21,29.631730621754826,0.0,-0.8746493846262117,401.17668180490216,356.30488812359977,44.87179368130239,11.386781897196414,8.289530259566817,3.097251637629597
frame_e_885.21_885.32,34.95317437396412,0.0,0.5195335876977598,397.50793788157523,356.41823379064465,41.08970409093058,3.8589250115316815,2.7536344465821685,1.105290564949513
frame_ra_885.32_885.52,46.22023498239912,1.25,0.9432541142641553,394.02007902896287,351.5385416170785,42.48153741188435,13.613476571257138,9.080510133980283,4.532966437276855
frame_i_886.77_886.88,22.310624647065936,0.0,0.55696330705075,407.3400580802112,362.4197094759253,44.92034860428589,56.83046042526249,49.90202447105551,6.928435954206975
frame_na~w~_886.88_887.11,9.388725543378769,0.0,-0.8746493846262117,408.55692813450344,360.71752128828575,47.839406846217685,44.220627735225236,9.41476973171288,34.805858003512355
frame_si_887.11_887.28,9.600336783872393,0.0,0.26976476486350426,378.4888830384313,336.0778631579913,42.411019880439994,18.892230843341196,6.152340961721563,12.739889881619632
frame_fa_887.28_887.48,0.490184429359374,0.0,0.26641615180587913,403.9761026163917,358.24241959374945,45.73368302264231,51.43578640950042,33.889780775450504,17.54600563404992
frame_zi_887.48_887.62,1.9424742613525439,0.0,0.2697647648651368,404.9705586447317,359.5771425499587,45.393416094773045,19.17950392457442,8.8315627550827,10.347941169491719
frame_a_887.62_887.69,19.631411281505137,0.0,-0.4104218106523971,398.8351352496516,356.1104821796674,42.72465306998424,3.606420269066149,1.7216721512012896,1.8847481178648593
frame_a_887.69_887.83,19.2216240715984,0.0,0.5371513367891896,383.1305947753832,340.34544081927584,42.785153956107365,4.318686318640317,1.3516668038726323,2.967019514767685
frame_pow_887.83_888.04,9.682475735786994,0.0,-0.6813105687545074,398.7631063837687,353.768319881921,44.99478650184767,30.495037597098843,20.422510005951438,10.072527591147406
frame_ku_888.04_888.11,100.36180717747466,0.0,-0.5689353011197329,391.187160240538,349.55939547705213,41.62776476348586,71.63401873029369,47.00996381773358,24.62405491256012
frame_a_888.11_888.26,23.194664520988596,0.11000000000001364,0.6725189292808448,386.9385919366082,344.963132894252,41.975459042356135,5.639174507507022,3.2093171640048013,2.4298573435022206
frame_te~_888.37_888.56,15.184060125655918,0.0,0.649396714075402,406.48212321729613,361.04109877348225,45.44102444381389,33.98182841532588,19.06016158809689,14.92166682722899
frame_pus_888.56_888.68,39.311762085000595,0.0,-0.5689353011197329,391.1658517267058,347.9302469026348,43.235604824071004,39.526354729595965,26.5406740066733,12.985680722922666
frame_at_888.68_888.85,27.46659365169856,0.0,-0.004319033177431361,401.6783433127365,355.4343011641973,46.24404214853922,54.07586307347407,30.720554014936624,23.355309058537443
frame_rajs_888.85_889.01,26.827742262866195,0.0,-0.4104218106523971,407.4143227332537,362.06837156331653,45.345951169937166,39.235588248265884,21.24457510274496,17.991013145520924
frame_E_889.01_889.06,37.6521277532581,0.0,-0.6028114348970264,405.72434655639046,363.7294257895697,41.99492076682077,3.495066362294324,1.8716718598967645,1.6233945023975593
frame_a_889.06_889.13,27.094538045722743,0.0,-0.4104218106523971,388.5456096824414,351.16984065259356,37.375769029847845,44.09601571527219,31.703323952088084,12.392691763184104
frame_E_889.13_889.16,102.3986548258094,0.0,-0.8152726079886352,387.3958328464115,347.2524023021567,40.143430544254784,3.904615146160708,3.5458947133220136,0.3587204328386946
frame_a_889.16_889.41,31.007658256432535,0.0,2.0261948541989363,403.04612906082053,356.68802923241583,46.358099828404704,26.129984913242822,12.872209556973047,13.257775356269775
frame_plas_889.41_889.71,21.22257023038165,0.0,1.349356891739121,402.4917483748321,355.34495448945063,47.1467938853815,55.8594559791311,43.64612504978791,12.213330929343186
frame_tSi_889.71_889.77,160.6551480434839,0.0,-0.5918308616933357,367.8290322229949,328.2684326105965,39.56059961239839,11.538827383496951,6.247448713163912,5.291378670333039
frame_ka_889.77_889.89,106.81760355618846,0.05000000000006821,-0.8165245881289017,371.78962395214944,329.76824336715987,42.02138058498957,138.17987745529123,83.7375234770879,54.442353978203336
frame_poX_889.94_890.03,78.96599693070719,0.0,-0.8739373730148412,368.9870155122926,330.0967131979288,38.890302314363794,90.49407564343886,61.13362052701946,29.360455116419402
frame_ki_890.03_890.09,35.20350052315408,0.37000000000000455,-0.5918308616917031,369.700361193841,330.1458126877734,39.55454850606759,102.55581641867721,42.36118224905732,60.19463416961989
frame_a_890.46_890.58,28.950480512427077,0.0,0.26641615180587913,400.9398146989532,359.8588411812498,41.080973517703455,5.583165624068073,2.8496126878112022,2.7335529362568707
frame_plas_890.58_890.75,9.739465634911255,0.0,-0.5457894031440523,406.8500770758677,363.3476702833506,43.50240679251709,8.042894716285247,3.289027357934316,4.753867358350931
frame_tSi_890.75_890.81,10.889941232573392,0.0,-0.5918308616933357,371.94585974786116,335.24650221248976,36.699357535371405,4.835516426819481,3.2003761676103295,1.6351402592091517
frame_ka_890.81_890.89,32.10644097625243,0.0,-0.9518921806205569,407.88103687275947,364.19996480489885,43.68107206786061,16.065540940538085,10.718296257524173,5.347244683013912
frame_e_890.89_890.92,21.41442015283735,0.0,-0.8804284990523507,384.227801965216,345.0615132778012,39.16628868741475,4.474335622634925,1.9099320500753265,2.5644035725595984
frame_ra_890.92_891.01,28.218856197647085,0.0,-0.5457894031455912,406.3389364526071,361.6629734796933,44.675962972913794,7.543393569062346,2.9533037825649444,4.590089786497401
frame_u~_891.01_891.12,25.333598612558035,0.0,-0.12964581012979354,399.34750895207594,357.9146589282541,41.43285002382186,36.02368128175999,16.69827877611499,19.325402505645002
frame_ta_891.12_891.39,22.041713968998238,0.0,1.2139892992474657,406.3483269411943,357.2712949774234,49.07703196377088,135.07253706966029,64.59209213233265,70.48044493732763
frame_bu_891.39_891.74,34.47598159563768,1.0199999999999818,3.8113894229062883,401.9064067148965,353.1923976889825,48.71400902591398,24.09900188980319,8.550363303028092,15.548638586775098
frame_i_892.76_892.81,1.5046518895518375,0.0,-0.30463231950772235,400.1740396400636,359.3748917016146,40.79914793844898,3.719216108827027,3.004508821452106,0.714707287374921
frame_a_892.81_892.86,3.652926768997361,0.0,-0.6811569956357075,398.73097470751475,358.5498415374842,40.181133170030535,0.48030036567081424,0.3152443772395088,0.16505598843130542
frame_w_892.86_892.93,8.528704076713495,0.0,0.10496081026829648,378.99723037832644,338.7873568716485,40.20987350667792,0.9274562698450666,0.43984247356431183,0.48761379628075474
frame_pa_892.93_893.1,1.6405636056010167,0.0,-0.004319033177431361,400.38955405306706,357.0196119690908,43.36994208397624,30.937768642838705,20.85529041867565,10.082478224163054
frame_su_893.1_893.2,3.6652740842293383,0.0,-0.5689353011178175,371.626269933267,332.4290478775601,39.1972220557069,1.8249383530996681,0.8926765015303602,0.932261851569308
frame_ki_893.2_893.3,26.693840886435567,0.0,-0.5918308616933357,402.50795382953277,359.2322281521563,43.27572567737644,35.20677368502808,20.397304809462952,14.80946887556513
frame_a_893.3_893.43,7.253860614848293,0.0,0.40178374429753433,400.44061328835295,357.20647279121397,43.23414049713898,23.87220970835503,10.38803995250936,13.48416975584567
frame_gO_893.43_893.77,6.6041199285754715,0.0,2.4069785870458316,408.25959676558,356.0923454449823,52.1672513205977,46.230454936140006,24.652189493104913,21.578265443035093
frame_ra_893.77_893.99,96.24317122431776,0.0,1.0786217067573494,401.02345908682616,353.1700476698456,47.85341141698058,90.73539672444866,37.855735012693856,52.87966171175481
frame_E_893.99_894.23,2.156171877705333,0.0,1.4155697094756734,398.76675137258434,350.0404353759552,48.726315996629125,94.73378135847739,66.11651396972493,28.617267388752452
frame_u~_894.23_894.36,26.787022006206058,0.0,0.020960699841301,402.3667376706196,357.5026858186257,44.864051851993906,12.42822150862105,7.180818267090842,5.247403241530208
frame_ne_894.36_894.47,27.376621279690767,0.0,-0.08045016376559877,398.1869448001496,358.1238524162087,40.0630923839409,3.560520474014851,1.6025505313670863,1.9579699426477646
frame_gO_894.47_894.71,26.612187430714528,0.0,0.5029507495335372,402.3784445080529,355.2118514815746,47.16659302647821,29.81427956804822,14.031339832748614,15.782939735299607
frame_siu_894.71_894.84,23.592134828096846,0.0,-0.5918308616933357,387.6730930331635,344.41825618617577,43.25483684698776,5.103808085270401,3.3577486200721864,1.7460594651982149
frame_a_894.84_894.87,23.157585304278314,0.0,-0.9518921806205569,372.42636512817256,332.83889569790233,39.58746943027023,0.29239910320762874,0.17756449763771798,0.11483460556991076
frame_si~_894.87_895.29,35.10595233909743,0.42000000000007276,2.5856611586146174,396.2268596646625,345.6026025945039,50.62425707015865,161.02066743168604,40.680026897697076,120.34064053398896
frame_bas_895.71_896.01,6.6665023219077,0.0,-0.004319033177431361,406.7284904511738,359.75781879547776,46.97067165569598,27.293880764238196,9.177709520251483,18.116171243986713
frame_ta~_896.01_896.2,1.6177626503850604,0.0,0.5349952024467504,401.6882668175444,356.3904148256991,45.29785199184528,53.67027905703094,40.4803430451864,13.189936011844537
frame_tSi_896.2_896.28,19.931526947481927,0.0,-0.5918308616933357,397.29158801940616,353.89710400874526,43.3944840106609,12.960199114522709,5.132317198374494,7.827881916148215
frame_noR_896.28_896.57,51.27352964947687,0.0,1.052330669568788,406.5710125930881,357.055737378375,49.515275214713085,90.36661723518961,36.45940411099423,53.90721312419538
frame_maw_896.57_896.92,37.37677422708114,0.0,-0.951892180619018,400.8077604263682,350.6181300672735,50.18963035909468,32.284996559721776,22.766541277306516,9.51845528241526
frame_nE_896.92_897.15,8.128770930022824,0.57000000000005,0.5657250171080301,396.04068758911865,350.01004984482586,46.03063774429279,77.52289327364906,29.272469328170445,48.250423945478616
frame_e~_897.72_897.8,31.751936507984823,0.0,-0.24463574845422523,392.1991236189041,352.9582039659195,39.24091965298459,28.219078030777354,9.391183187749675,18.82789484302768
frame_ta~w~_897.8_897.99,14.497038402580273,0.0,-0.5222382378564687,407.78538102362637,361.45350235345546,46.33187867017091,26.494268888651163,16.06173374471831,10.432535143932853
frame_ew_897.99_898.11,14.757692147505935,0.0,-0.4804393314101115,410.0836314799652,364.6823255943202,45.40130588564506,29.474808838010176,15.51561651234124,13.959192325668937
frame_a_898.11_898.22,4.430182892709325,0.0,0.13104855931422388,401.49379218243456,360.88819873742426,40.6055934450103,10.457886504362364,3.9971388377676647,6.460747666594699
frame_Su_898.22_898.31,182.87681424910303,0.0,-0.5689353011197329,381.7029424299739,339.98517550546364,41.71776692451027,20.960442296893667,14.226647159813737,6.73379513707993
frame_ki_898.31_898.4,3.830006470080008,0.0,-0.5918308616933357,405.3326231514941,361.8950249364501,43.43759821504398,32.796311814500456,23.709737333545945,9.08657448095451
frame_a_898.4_898.53,136.76057035149765,0.0,0.40178374429753433,386.81853282039356,344.3004746459203,42.51805817447325,167.10452930850866,115.6643850312328,51.440144277275856
frame_plas_898.53_898.77,3.420906544686062,0.0,0.5371513367891896,403.8983800604674,358.93078565025326,44.96759441021413,31.497606298489984,19.71075613546236,11.786850163027623
frame_tSi_898.77_898.83,160.31177829146654,0.0,-0.5918308616917031,383.0354192782212,341.9698242124741,41.06559506574706,102.40899691614658,67.77334486211558,34.635652054031006
frame_ka_898.83_898.91,21.690228156355857,0.0,-0.9518921806205569,402.00110769120374,359.591437175342,42.40967051586176,21.12045043888338,14.916522060757018,6.203928378126363
frame_es_898.91_898.97,27.790680960497042,0.0,-0.8804284990500769,380.136007740264,339.50759346751113,40.62841427275288,13.476883114053635,5.090744252844559,8.386138861209076
frame_ta_898.97_899.1,1.8553863050460393,0.0,-0.004319033177431361,397.7008923530245,355.9311157114613,41.769776641563226,10.555456639710087,3.227605493500505,7.327851146209582
frame_se~_899.1_899.23,1.1944073222743157,0.0,-0.5426465692951756,404.3046565652652,359.33496707714824,44.969689488116956,15.71815710724485,8.161610147090698,7.556546960154151
frame_du_899.23_899.4,12.865864952076436,0.36000000000001364,0.9473309495052484,397.7415318207662,356.404247139314,41.33728468145222,11.679678768505028,4.218625261071907,7.461053507433121
frame_E_899.76_899.82,9.442077725378908,0.0,-0.4965808483500142,407.6409296722812,364.7825700443093,42.85835962797188,10.877694438587042,6.853770905215242,4.0239235333718
frame_u~_899.82_899.87,2.0579433658241726,0.0,-0.5814653400439332,404.31873956025424,362.1228936791101,42.19584588114412,1.604361424375469,0.9048525552404669,0.699508869135002
frame_ma_899.87_900.05,15.16748860397621,0.0,0.26641615180587913,406.80417700228656,360.3087481515663,46.49542885072026,21.1173871206216,12.46862582162791,8.64876129899369
frame_u~_900.05_900.27,24.622258028235365,0.0,0.6986899947120825,403.2013618549583,355.2234063579234,47.977955497034884,22.22344575654924,8.701569483048416,13.521876273500823
frame_Ra~_900.27_900.41,4.1924475453832315,0.0,0.18258405567700747,407.1224093495032,361.87056254216515,45.25184680733804,17.35425000039038,4.258395014391795,13.095854985998585
frame_mu_900.41_900.51,13.580139365274363,0.0,0.10496081026829648,403.42225262697156,359.6180197718518,43.80423285511978,10.57381681048497,6.014215191559828,4.559601618925143
frame_da_900.51_900.63,27.105597931609793,0.0,-0.6811569956372465,406.0290526143662,361.33009263375,44.69895998061622,19.91404550671905,13.797295282230095,6.116750224488953
frame_me_900.63_900.72,29.77190802480621,0.0,-0.48043933140783784,401.7501236188536,358.0075343370897,43.74258928176391,16.14378542372185,3.9528379081058063,12.190947515616045
frame_dZi_900.72_900.78,137.7874065150462,0.0,-0.5918308616933357,387.99619255528245,347.67065357276647,40.32553898251598,3.9983070731787365,2.751982208760296,1.2463248644184404
frame_si~_900.78_900.84,35.796003042455794,0.0,-0.9271294991033485,378.0324761041528,338.75687217226465,39.275603931888156,8.141729754508816,5.086767681349812,3.054962073159004
frame_na_900.84_900.9,181.82505212639927,0.0,-0.9518921806205569,370.93242288602653,332.3448066575373,38.58761622848925,2.8566692043504816,1.765537005909863,1.0911321984406186
frame_ki_900.9_901.0,17.646982546415586,0.0,-0.1610330484149157,407.47636233611235,364.3603713770527,43.11599095905967,15.030032596958563,9.811187061833152,5.218845535125411
frame_es_901.0_901.11,19.516228610064246,0.0,0.11954442005552077,397.47774102611874,356.88381032394386,40.59393070217487,9.755503106147017,6.86699224412186,2.888510862025157
frame_ta_901.11_901.25,20.82685802540601,0.0,-0.5457894031455912,400.8429345688134,357.74743914347124,43.095495425342165,34.37046214642018,21.548025366414038,12.822436780006143
frame_se~_901.25_901.36,18.379824118165686,0.0,-0.24463574845253125,404.4768500910442,360.8834707330898,43.593379357954404,14.800150292387599,8.255288538642333,6.544861753745266
frame_du_901.36_901.42,4.0785050089252195,0.0,-0.5689353011197329,400.4300433041732,360.0815564403741,40.34848686379911,7.419229944707524,3.9562475504893655,3.462982394218159
frame_majs_901.42_901.65,39.561475740306605,0.0,-0.410421810653936,402.00868778416435,356.3425063745831,45.66618140958127,42.25462938019649,11.690144013803149,30.564485366393342
frame_pro_901.65_901.79,63.862947377390185,0.0,-0.29605696024040945,400.10430150719674,356.66140064826163,43.442900858935104,29.696055590557933,17.557590926554212,12.13846466400372
frame_ku_901.79_901.94,55.24454318408584,0.0,0.10496081027021181,402.07199312785013,356.89466855889066,45.17732456895948,72.08337928468288,29.558665338026174,42.5247139466567
frame_ra_901.94_902.2,52.5056322789429,0.0,1.755459669215626,402.5784850214733,355.15476495197055,47.423720069502735,62.73016464569696,44.25066395012374,18.479500695573222
frame_du_902.2_902.3,171.22167172425327,0.4600000000000364,-0.06351321757871085,373.6058895168296,334.06142146004436,39.54446805678526,8.767007073787823,3.664169710800408,5.102837362987415
frame_a_902.76_902.83,9.433743207800745,0.0,-0.4104218106523971,389.25718806607415,348.2152042683524,41.04198379772174,3.116029382018354,1.7656003432750538,1.3504290387433002
frame_gO_902.83_903.12,2.8524911862741362,0.0,1.1376266953709686,404.3533022785837,354.8625278602694,49.490774418314345,54.15222445548639,42.64563646729587,11.506587988190518
frame_ra_903.12_903.18,99.88330784002163,0.4600000000000364,-0.9518921806205569,370.0557772616207,331.3499298465571,38.7058474150636,9.96119617341904,5.145092783738576,4.816103389680464
frame_a_903.64_903.67,4.50363171958702,0.0,-0.9518921806205569,366.6729075285207,327.54395228453194,39.12895524398874,5.5393978845303025,2.70466880544609,2.8347290790842123
frame_si~_903.67_903.95,47.84510881774443,0.9399999999999409,0.35024892188434265,394.243899532911,348.53680172999134,45.707097802919634,129.6905860454319,49.05958034888491,80.63100569654699
frame_majs_904.89_905.09,46.02408160924216,0.0,-0.27505421816228076,403.97079386729854,359.1613519787119,44.80944188858672,70.86333736051154,26.899717219633317,43.96362014087822
frame_dZi_905.09_905.15,123.55901394233211,0.0,-0.5918308616933357,399.1698822444589,358.14652188025946,41.023360364199505,50.09104378441157,19.3832114025019,30.707832381909668
frame_u~_905.15_905.18,114.49479117552141,0.0,-0.7320718500150277,383.7657064009269,342.92375231411063,40.84195408681626,1.0459674236834644,0.5890010111967285,0.45696641248673586
frame_ma_905.18_905.32,83.89150178607798,0.0,0.13104855931422388,402.875368050348,360.7403809234993,42.134987126848785,96.26922975891398,41.578814425587666,54.690415333326314
frame_foR_905.32_905.65,28.87824176436132,0.0,1.4375842780850758,414.09917694998296,362.3487786084663,51.750398341516586,55.26548084879758,22.713630215873906,32.551850632923674
frame_ma_905.65_905.8,80.40264845790068,0.0,-0.004319033178970312,406.3728275251817,360.1209968087423,46.25183071643943,18.086081044142958,11.349407769597065,6.736673274545893
frame_Ze_905.8_905.96,97.31774985706431,0.0,0.3195390038766403,401.0621212511486,355.98830839536316,45.073812855785434,5.271946083154489,2.289511676850424,2.9824344063040655
frame_raw_905.96_906.16,27.863969504106933,0.0,0.40178374429753433,409.1354352666543,362.1772313527114,46.95820391394295,61.29061476184569,20.361310477061465,40.92930428478422
frame_ew_906.16_906.26,34.26601134149254,0.0,-0.6804339152289574,405.29905186294764,362.1697960822641,43.129255780683536,1.6249146156885672,1.1340940480950223,0.49082056759354487
frame_a_906.26_906.37,12.630274637729485,0.0,0.13104855931422388,402.054518674087,360.52733675090127,41.52718192318571,16.239476930202414,7.394712547636914,8.8447643825655
frame_Su_906.37_906.45,179.5583500298838,0.0,-0.5689353011178175,376.3654580801939,336.6984013336705,39.66705674652337,61.10160177433191,30.931171329651747,30.170430444680164
frame_ki_906.45_906.65,16.70352814853544,0.0,0.55696330705075,397.8952984531655,352.63942619277174,45.255872260393744,45.429297168106814,16.255833293751834,29.17346387435498
frame_to_906.65_906.98,139.70254754295405,0.0,3.363852320668705,410.100170258676,358.3414477442771,51.75872251439887,409.197594921631,212.00752433089008,197.19007059074093
frame_du_906.98_907.14,67.34262010036198,0.2799999999999727,0.7788569216582412,399.25915713709855,355.36591847646105,43.89323866063751,24.649546725664038,11.293207401189505,13.356339324474533
frame_to_907.42_907.61,80.33838088208444,0.0,0.08919664827806831,407.9362797314052,364.78800582468057,43.148273906724626,57.95767586000085,22.82312349166301,35.134552368337836
frame_das_907.61_907.77,23.124334394911216,0.0,-0.4104218106523971,409.9636575747447,364.2017156878681,45.76194188687657,100.14096196707453,59.25917994871946,40.88178201835507
frame_ajs_907.77_907.94,59.28654887751284,0.0,0.13104855931422388,407.2367890857287,360.6355824730224,46.601206612706335,57.94961549075322,36.03680436603659,21.912811124716626
frame_ujs_907.94_908.03,87.97839335526842,0.0,-0.5689353011197329,392.9983569763208,351.07354529208834,41.92481168423245,29.63793565509721,15.406588151095463,14.231347504001747
frame_Ra~_908.03_908.22,49.057638324307646,0.0,0.18258405567901068,410.8511082658103,362.9649576709123,47.88615059489797,45.43412046129322,13.155630717674796,32.27848974361842
frame_mus_908.22_908.34,72.17255089224727,0.0,-0.4004612732727255,400.8216087874795,357.3188144857667,43.502794301712754,24.24353592899118,12.837916234536209,11.40561969445497
frame_da_908.34_908.45,69.15112362561749,0.0,-0.6811569956357075,401.59553131392494,360.2503997973899,41.34513151653505,9.208579626200986,5.403758723643136,3.80482090255785
frame_me_908.45_908.57,75.26889751481622,0.0,-0.48043933140783784,403.5642551417471,359.6447143194189,43.9195408223282,3.324417405306832,1.7247605726353754,1.5996568326714566
frame_dZi_908.57_908.71,208.35822615437644,0.0,0.2697647648651368,377.1586904682563,334.4341700966202,42.72452037163606,4.940396645945256,2.277425559431279,2.662971086513977
frame_si~_908.71_908.84,1.2169580521959915,0.0,-0.28844028860950294,406.58514530142367,361.33645514684486,45.24869015457881,28.94122163908014,18.832062433769067,10.109159205311073
frame_na_908.84_909.0,62.72370628519815,0.0,0.40178374429753433,402.2434511500992,358.27533691380313,43.96811423629606,20.10525697136177,9.765826203632855,10.339430767728913
frame_sa~w~_909.0_909.2,109.41496490744078,0.0,-0.169827091088729,391.8781483672773,347.60982868862004,44.26831967865718,84.50714867370021,25.768327166797803,58.73882150690241
frame_te~j~_909.2_909.53,138.16276005550668,0.2799999999999727,0.2023804828114354,403.0067867469801,354.49655939889976,48.51022734808032,50.53906053616038,30.03884466795654,20.50021586820384
frame_E_909.81_909.96,82.29686072926972,0.0,0.4594944305634334,410.3909411214636,366.2408139074907,44.150127213972894,48.37047763315826,15.345693581698413,33.02478405145985
frame_a_909.96_910.31,43.883267217901675,0.0,3.3798707791154885,412.72335427188665,359.0617449383637,53.66160933352296,45.31021917343162,18.700383411968517,26.609835761463103
frame_u~_910.31_910.46,3.7054289670304,0.0,0.17156720981325163,403.14854768816804,360.41288014402323,42.73566754414486,20.63927051241501,13.652161509689336,6.987109002725674
frame_a_910.46_910.62,40.85944757132495,0.0,0.8078865217725001,413.4083201776403,366.696859664451,46.71146051318931,72.60317937463566,37.04823166846472,35.554947706170935
frame_u~_910.62_910.65,97.06396977900602,0.0,-0.7320718500150277,394.8119536221792,353.61777601253,41.194177609649216,14.441894869231078,2.8052789873854067,11.636615881845671
frame_e_910.65_910.78,92.37915773699717,0.0,1.1195173391611184,405.2998238157403,362.3549571160438,42.94486669969649,26.321909903011147,9.225364226629665,17.09654567638148
frame_ki_910.78_910.93,70.65953117113492,0.0,-0.017433777322109042,413.20499588156554,366.40195353411565,46.80304234744989,46.07710449733605,16.209903043816666,29.867201453519385
frame_li_910.93_911.16,13.447939955305799,0.0,0.98776112032917,412.9325476028734,364.1262560936393,48.806291509234086,59.3208350505887,15.144170422127104,44.176664628461594
frame_briu_911.16_911.35,75.08301633801176,0.0,0.12616549377233013,402.9309159506617,356.15163389566635,46.77928205499535,18.969988849162377,6.0157127604935,12.954276088668877
frame_dZi_911.35_911.48,74.7926396753025,0.0,0.2697647648651368,399.3392600075365,356.6521104314147,42.68714957612178,5.620133405076928,2.3121882214061884,3.307945183670739
frame_pro_911.48_911.74,67.38729156466334,0.0,1.6302110823432197,405.75352754238816,358.9652891514504,46.78823839093775,24.950313584477612,15.59305698448523,9.357256599992382
frame_ku_911.74_911.92,80.94199669166522,0.0,0.44190886596231116,403.82845053895153,358.2013801710279,45.627070367923636,36.28769196245642,23.11882833340107,13.168863629055352
frame_ra_911.92_912.15,99.7485794000259,0.4500000000000455,1.0786217067558106,400.2017485144364,353.5185302031324,46.683218311304074,11.090540173638459,5.0377363221641644,6.052803851474295
frame_du_912.6_912.85,21.48138352823463,0.0,1.4527530330462706,403.2154028168599,355.529872094523,47.68553072233692,19.696389043534793,8.149701413720322,11.546687629814471
frame_dujs_912.85_913.13,40.875186443634306,0.0,0.10496081027021181,405.66503984059034,355.2067982975954,50.45824154299493,122.35836078139806,57.979997028514504,64.37836375288356
frame_mo_913.13_913.38,27.373626952106207,0.0,1.8228378866013637,408.3544384059585,361.7589934354574,46.59544497050109,54.919683841622174,37.72635436482733,17.193329476794844
frame_sus_913.38_913.51,27.678260365945306,0.0,0.0,388.7735831359436,345.63381101952905,43.139772116414576,6.546626453555831,5.187716983501531,1.3589094700543
frame_i_913.51_913.66,38.27024312937323,0.0,-0.2319872454257182,398.20665825489783,352.65834829290793,45.5483099619899,34.112131019026066,16.229375316296256,17.88275570272981
frame_dajs_913.66_913.89,18.854533267697292,0.0,-0.1396866256690866,404.331821159967,356.01991391772776,48.311907242239215,10.966405014384947,6.813673577162689,4.152731437222258
frame_mo_913.89_914.11,9.15401297387109,0.0,0.47445025679435615,405.25512237431053,359.11322657331255,46.141895800997986,39.517466120115785,23.822355318443016,15.695110801672769
frame_sas_914.11_914.22,57.80675709713094,0.0,0.0,393.13459037601206,351.74728493473407,41.38730544127799,191.6124764529007,102.45881551253805,89.15366094036266
frame_ki_914.22_914.42,69.47268427396068,0.0,-0.9518921806205569,383.81888874507604,340.6158450156431,43.20304372943292,146.4470542845231,70.06873458525055,76.37831969927254
frame_si_914.42_914.64,11.264900093908778,0.0,0.7005625781435567,393.6967634014871,350.98412872607884,42.71263467540825,36.007373638429044,23.53589668127657,12.471476957152476
frame_foR_914.64_914.8,24.808263360782803,0.0,-0.4886837644985534,405.53948796279803,359.2880645577184,46.251423405079606,11.640251404031034,8.321019847488202,3.3192315565428316
frame_ma~w~_914.8_914.95,19.773737172014563,0.0,-0.8746493846262117,401.65666669034147,355.7990403664025,45.85762632393897,9.586268660140263,5.317238690068166,4.269029970072097
frame_e~j~_914.95_915.05,11.39787620391752,0.0,-0.8406573901395141,392.58555847412083,352.7931917817169,39.7923666924039,8.176124309946715,5.745433090266005,2.4306912196807104
frame_me_915.05_915.11,85.88135939196317,0.0,-0.8804284990523507,373.37319996523735,333.0777821510731,40.29541781416424,134.13625305303975,83.85833630865508,50.277916744384655
frame_dZi_915.11_915.22,149.2494597917489,0.0,0.12616549377233013,368.33466700634926,331.92603072968876,36.4086362766605,19.52859692272446,6.845011477780858,12.683585444943603
frame_si~_915.22_915.35,39.550161134981664,0.0,-0.4481125912329643,401.77382678480154,356.88171680181745,44.892109982984095,20.106664024385083,14.396059072778769,5.710604951606314
frame_na_915.35_915.46,48.812656352753294,0.5399999999999636,-0.5457894031440523,387.6930856899418,351.36239581516384,36.33068987477799,19.355795373610448,7.200904114657192,12.154891258953256
frame_a_916.0_916.06,4.5940462791860455,0.0,-0.5457894031455912,389.4987841850012,350.4376924893568,39.06109169564445,7.0176231436497005,3.9557306224542685,3.061892521195432
frame_Su_916.06_916.14,1.0792706978554065,0.0,-0.5689353011197329,373.22018763104876,334.42559335861836,38.7945942724304,27.945884484952984,11.501994448651487,16.443890036301497
frame_ki_916.14_916.23,50.834500495073826,0.0,-0.5918308616933357,405.65821008175965,363.05715170123887,42.60105838052078,36.922324061435745,20.404312246788777,16.518011814646968
frame_a_916.23_916.26,30.742807318436405,0.0,-0.9518921806205569,393.94719472388715,352.0620155791486,41.885179144738515,0.020282145713508726,0.013422429168258532,0.006859716545250194
frame_u~_916.26_916.38,31.994785430489685,0.0,-0.05434255514424627,410.13536542495217,365.29211195383937,44.8432534711128,9.038603732266836,4.389753625065509,4.648850107201326
frame_e_916.38_916.47,28.461501762037244,0.0,0.3195390038766403,394.6207266564191,353.0068367661041,41.61388989031502,16.84608365534848,5.620066821921114,11.226016833427366
frame_ki_916.47_916.61,45.87570588479451,0.0,-0.3046323195060898,403.87972742791544,358.8423273336171,45.037400094298334,42.605728819070464,18.611424664097456,23.99430415497301
frame_li_916.61_916.83,33.3310511789565,0.0,0.8441618492363634,401.4373786442516,354.8529345902286,46.58444405402304,66.21733743664669,36.05652499051649,30.160812446130194
frame_briu_916.83_917.1,69.54586353808256,0.42999999999995,-0.1610330484149157,389.26288785264217,345.2748182974201,43.98806955522207,11.034407793244554,6.9517375649860185,4.082670228258536
frame_pe_917.53_917.64,10.57234734189683,0.0,-0.4804393314101115,401.5927476600868,357.08219757151636,44.510550088570426,37.64410745368431,28.10552161725684,9.538585836427472
frame_la_917.64_917.71,4.392096370596846,0.0,-0.951892180619018,403.2246522371849,360.7608889427288,42.4637632944561,7.8721622966491225,4.6726947036686965,3.199467592980426
frame_es_917.71_917.81,6.273633887235206,0.0,-0.6804339152312311,378.88994573721743,341.25874442223756,37.63120131497982,5.2333498212476,3.6180037572535184,1.6153460639940818
frame_pe_917.81_918.0,8.511743467696704,0.0,0.9195227553399989,400.3312958065729,356.5608723521356,43.770423454437264,50.85770235861273,35.23219955224195,15.625502806370775
frame_si_918.0_918.21,34.90562269493881,0.0,-0.5918308616917031,401.59782793492064,355.0091006504816,46.58872728443902,139.17952327734088,45.23765459909259,93.9418686782483
frame_a_918.21_918.26,8.570575598029848,0.0,-0.6811569956372465,388.7599302007698,348.09909913512865,40.66083106564116,9.146494841843491,5.406408461214966,3.740086380628526
frame_li_918.26_918.36,4.006286941895667,0.0,-0.16103304841328314,392.5819139539473,351.54873603888745,41.033177915059866,9.697751708695819,3.5257854264463333,6.171966282249485
frame_za_918.36_918.53,2.197294219943359,0.0,-0.004319033177431361,394.365372229549,352.37805560877575,41.98731662077324,12.362054575501048,4.958639383895417,7.403415191605632
frame_sa~w~_918.53_918.82,24.294542199637334,1.0799999999999272,-0.8746493846262117,388.83513173847894,341.6210705986964,47.21406113978253,31.65047773412101,22.023848354745382,9.626629379375629
frame_kEX_919.9_920.02,0.5408946496987426,0.0,-0.7090420214428308,396.17455611617856,353.0966844063577,43.07787170982084,41.8348338674615,25.16123984760054,16.673594019860957
frame_dZi_920.02_920.08,30.980009955177962,0.0,-0.5918308616917031,382.1493366446704,342.0129100318253,40.13642661284513,6.767637621363917,4.381284422544667,2.3863531988192506
frame_zeX_920.08_920.22,19.899287957874947,0.0,0.11954442005552077,401.6969436601045,357.08108819063875,44.61585546946577,10.012916742364013,5.2683778439350135,4.744538898428999
frame_mew_920.22_920.42,13.71652403183387,0.0,0.11954442005552077,400.05371113325344,353.60070003772904,46.4530110955244,14.38551831586068,9.330778361862514,5.0547399539981654
frame_ew_920.42_920.48,6.040866383382593,0.0,-0.8804284990500769,391.60374407149965,352.1674559822881,39.43628808921153,10.786698800418236,7.822106658934331,2.964592141483905
frame_sow_920.48_920.68,11.657300233082509,0.0,-0.4886837644985534,401.90531025805757,355.2995841709951,46.605726087062465,62.739748949435295,32.530728879378785,30.20902007005651
frame_mej_920.68_920.86,35.40868854523393,0.0,-0.8804284990523507,402.4812760094352,357.11838951293373,45.36288649650146,34.39682033659918,18.28327488402593,16.11354545257325
frame_a_920.86_920.98,30.267857683216505,0.0,0.26641615180587913,399.8178833120565,355.5737757009081,44.24410761114842,29.92115410058534,15.94248113760466,13.978672962980681
frame_lej_920.98_921.21,1.5048519454618656,0.0,-0.4804393314101115,405.30497160745415,357.9465892613023,47.35838234615193,18.365305341808096,9.59666891734605,8.768636424462045
frame_ga_921.21_921.31,13.819445056594986,0.0,-0.8165245881289017,400.1428194727781,359.0772697686938,41.06554970408439,5.9135670979376584,3.054387300169253,2.8591797977684053
frame_pa_921.31_921.39,139.76442204443015,0.0,-0.9518921806205569,373.9398425253943,335.995294346077,37.94454817931722,0.5919807404340176,0.32942948757907686,0.26255125285494074
frame_ra_921.39_921.45,10.482680319713694,0.0,-0.951892180619018,369.9749291703539,330.7770791444385,39.197850025915386,3.0488061352257603,1.7006128100709645,1.3481933251547957
frame_fa_921.45_921.57,20.391685127660196,0.0,-0.4104218106523971,396.4480486095708,353.6201931305255,42.8278554790453,10.428125565084656,5.761958963424917,4.666166601659739
frame_laX_921.57_921.72,12.856671459888162,0.0,-0.2750542181607418,397.72466962074407,353.20860810011953,44.51606152062453,11.99996807090821,6.97112204235799,5.02884602855022
frame_ni_921.72_921.94,4.262059441884304,0.0,-0.16103304841328314,398.9486341338421,353.8695592460166,45.07907488782553,53.89592356716798,37.457912433267666,16.438011133900318
frame_su_921.94_922.06,30.786456921815102,0.0,-0.5689353011197329,382.19704183912364,339.01573724053947,43.18130459858418,3.750578363113476,0.9354836968163909,2.8150946662970853
frame_majs_922.06_922.33,5.090105788444504,0.0,-0.5457894031440523,396.0519755732555,348.7768627348935,47.27511283836202,53.498216460906576,35.897559316415254,17.600657144491322
frame_ew_922.33_922.4,3.8624442450172864,0.0,-0.8804284990523507,399.43683005403216,356.79186791090854,42.64496214312362,3.9288062440749343,1.860423997788331,2.0683822462866033
frame_a_922.4_922.5,12.58259745714497,0.0,-0.004319033177431361,392.8943010200383,353.4822318003607,39.41206921967762,17.294418318228225,5.896722118230883,11.397696199997341
frame_Su_922.5_922.62,67.56283217035971,0.57000000000005,-0.5689353011197329,379.71714714715114,337.5422985704852,42.174848576665966,167.77214267375197,91.91879121077645,75.85335146297552
frame_pe_923.19_923.28,87.12927123849374,0.0,-0.4804393314101115,401.9001709245616,359.6709221625525,42.22924876200915,34.10832743939807,17.402739025189533,16.705588414208535
frame_lu_923.28_923.34,90.41509923071476,0.0,-0.5689353011178175,376.81479513513034,336.65557863094176,40.15921650418858,17.891718761508514,6.134194002233585,11.75752475927493
frame_ki_923.34_923.48,194.71915946417386,0.0,0.2697647648651368,409.5608093122646,365.8493428310388,43.71146648122584,159.61687822544212,49.88288376983331,109.73399445560881
frame_a_923.48_923.6,92.2647412299724,0.0,0.26641615180587913,409.33152208612637,365.1307163435282,44.20080574259811,29.555258212813612,17.30714482569897,12.248113387114643
frame_Ze~_923.6_923.66,136.92435518019994,0.0,-0.9896628005608363,384.4048130942822,343.97886337882454,40.42594971545765,1.9142755212112945,0.900850230060044,1.0134252911512505
frame_tSi_923.66_923.76,1.1746085356957678,0.0,-0.30463231950772235,410.6142913089772,365.36780245974063,45.246488849236584,56.37579777106197,31.796472709482373,24.579325061579596
frame_ow_923.76_923.94,30.497997957551945,0.0,1.2449574738269318,409.32067918142,364.6862328278336,44.63444635358644,20.633659942640747,11.71227809203043,8.921381850610317
frame_vi_923.94_924.03,50.605012457880235,0.0,-0.30463231950772235,395.0811709655601,353.68211065699006,41.39906030857003,18.151348463952104,10.16293578963851,7.988412674313594
frame_fa_924.03_924.24,52.88369728606594,0.0,-0.2750542181607418,393.26690401293814,348.15320560619045,45.11369840674769,54.838936549628926,31.27136274066922,23.567573808959708
frame_laX_924.24_924.44,24.21876613402341,0.0,-0.13968662567062554,399.1386989028485,352.6080361021284,46.53066280072011,79.59875172118774,36.44761215044721,43.151139570740526
frame_ew_924.44_924.59,0.09765053163425819,0.0,-0.8804284990523507,400.0000560749091,354.99394717404135,45.00610890086773,19.803887709343485,12.212425299967833,7.5914624093756515
frame_a_924.59_924.7,17.194676845026123,0.0,0.13104855931422388,392.70107852058277,354.5633568708351,38.137721649747675,27.907437773775342,14.792592322458006,13.114845451317336
frame_Su_924.7_924.79,1.6393186072875494,0.0,-0.5689353011197329,371.3273242337639,331.74408654055435,39.583237693209526,10.971363807933585,2.6812759730846096,8.290087834848975
frame_ki_924.79_924.88,13.782476120012177,0.0,-0.5918308616933357,392.5653292241513,350.2031365679605,42.362192656190814,27.11286604048138,8.612578466147568,18.50028757433381
frame_E_924.88_924.91,4.416096025226096,0.0,-0.8152726079886352,375.99412137560034,335.3478129332928,40.64630844230754,2.443045033490449,1.2543299837425934,1.1887150497478558
frame_a_924.91_924.96,3.3848680679653285,0.0,-0.6811569956357075,373.154962478333,334.4418901210098,38.7130723573232,9.871798572318681,6.5554330681691795,3.316365504149502
frame_si~_924.96_925.18,96.3659047801797,0.9200000000000728,0.030904316635604608,389.3821566924287,343.9200490210257,45.462107671402975,124.15756899971585,30.646325243210157,93.51124375650569
frame_a_926.1_926.14,14.513604646844072,0.0,-0.8165245881289017,384.98877591110374,346.2461891953172,38.74258671578656,5.67254128485439,2.941437621074158,2.7311036637802317
frame_Su_926.14_926.24,67.6035599494362,0.0,-0.5689353011197329,377.53512991808526,337.4092582195618,40.12587169852344,126.51395812598962,71.00376378198331,55.51019434400631
frame_ki_926.24_926.37,26.605314032746634,0.0,-0.5918308616933357,398.8737909049218,355.3860455969968,43.487745307925024,42.62066800269983,24.95608183223115,17.66458617046868
frame_a_926.37_926.51,10.641008578854098,0.0,0.5371513367891896,402.31915942401275,357.64625841724745,44.6729010067653,30.872964988881648,20.932867506586035,9.940097482295613
frame_e_926.51_926.55,9.596874902868848,0.0,-0.6804339152312311,375.53064349415354,337.4334263190123,38.097217175141225,2.177891392472759,0.5202982554590108,1.6575931370137482
frame_ki_926.55_926.76,17.854175845713712,0.0,0.2697647648651368,402.5647078340675,355.6054022152701,46.95930561879743,48.89844805385738,25.355252313187776,23.543195740669603
frame_li_926.76_926.95,28.885307887428638,0.0,0.8441618492363634,391.60887147695877,347.32914649591237,44.2797249810464,26.592985697134168,15.43325296056625,11.159732736567918
frame_briu_926.95_927.11,143.22857857678866,0.35000000000002274,-0.44823159059889645,370.7210251380691,329.10983764352716,41.61118749454192,1.887413573744837,0.9848851225672774,0.9025284511775595
frame_a_927.46_927.51,13.6928636761792,0.0,-0.6811569956372465,387.00673151957966,346.7733166734972,40.23341484608244,16.402673069163797,11.437795894181932,4.964877174981865
frame_gO_927.51_927.63,25.989998162139045,0.0,-1.2424081015230068,413.0935596290809,367.8494629281629,45.24409670091802,22.07759217673734,10.925374539864862,11.152217636872479
frame_ra_927.63_927.77,37.173938829606186,0.0,0.13104855931422388,401.6851881579017,360.6973304283917,40.98785772950998,5.830296199645801,2.87769656689116,2.952599632754641
frame_kwa~_927.77_927.94,47.656794921019156,0.0,0.006378482295140842,405.11043329775407,362.24507733794877,42.8653559598053,23.42031806488484,7.3066127374899565,16.113705327394882
frame_tu_927.94_928.01,27.422730245321787,0.0,-0.5689353011197329,399.96075411511544,358.3812534879062,41.579500627209256,33.85487199943688,26.165731174074324,7.689140825362557
frame_a_928.01_928.06,6.80373074622787,0.0,-0.6811569956372465,393.71356899290663,353.6265158028622,40.0870531900444,5.4181675726893275,3.3934340338901166,2.024733538799211
frame_dZi_928.06_928.22,27.844815878208664,0.0,0.12616549377233013,400.8944783503172,355.4130831687434,45.48139518157376,15.091698476832107,4.201858519151159,10.889839957680948
frame_rej_928.22_928.49,21.686976807188614,0.0,0.9195227553399989,408.4607206600206,362.2370264752707,46.223694184749945,62.028377780138044,28.761194832809025,33.26718294732902
frame_tu_928.49_928.79,89.65027441212578,0.2400000000000091,0.6103828938093185,388.9492486168869,341.5919500691587,47.35729854772819,132.26716135598113,52.31969657923855,79.94746477674258
frame_ew_929.03_929.09,35.04267974431761,0.0,-0.8804284990523507,394.9571241202594,353.6749109185445,41.28221320171485,8.161205773137425,3.0221571552117723,5.139048617925653
frame_sow_929.09_929.25,11.172211140017396,0.0,-0.6813105687545074,403.79823251055365,357.0778989933571,46.720333517196536,46.43403482394652,29.843228288446284,16.590806535500235
frame_muj~_929.25_929.55,16.91763485868779,0.0,0.27343483811721914,407.67002541509817,359.40162968381765,48.268395731280464,87.98541192055632,40.299142324516566,47.68626959603975
frame_tu_929.55_929.65,2.652452577674893,0.0,-0.2319872454257182,413.794195472967,368.68526542279784,45.108930050169135,26.43539669558487,22.99523950287005,3.440157192714821
frame_majs_929.65_929.84,16.318435515759717,0.0,-0.13968662567062554,405.00659055572095,358.40111648666516,46.60547406905579,27.36850905299204,10.901214845867969,16.46729420712407
frame_lej_929.84_930.0,7.948261966877823,0.0,0.11954442005552077,404.6922807900153,360.16233379757193,44.5299469924434,22.54521144604732,11.96592673192319,10.579284714124128
frame_ga_930.0_930.11,13.731708288906958,0.0,-0.6811569956357075,403.9485719300544,360.4922763733644,43.45629555669001,12.514424883745136,4.814630865900455,7.699794017844681
frame_du_930.11_930.21,6.770698090807684,0.0,0.10496081027021181,391.33293517485265,350.7475738432073,40.585361331645345,17.707615166127454,10.679108874138137,7.028506291989316
frame_ki_930.21_930.35,2.315434941500911,0.0,-0.3046323195060898,401.22964276206574,357.4420218984397,43.787620863626046,40.945287732281116,15.59293585218964,25.352351880091476
frame_sow_930.35_930.57,7.896660566491903,0.0,-0.4886837644985534,404.72279533766573,358.9860597958898,45.736735541776,24.70395864586385,19.65950853128234,5.044450114581508
frame_e~j~_930.57_931.14,11.428625398023456,0.21000000000003638,4.67254279545449,401.81365143148054,345.417119086536,56.396532344944546,114.8070646683164,77.44856502763696,37.35849964067944
frame_e~j~_931.35_931.42,8.816906263697149,0.2800000000000864,-0.9896628005608363,401.3114012430415,358.5476436619174,42.76375758112408,31.221205370875595,18.69659918574257,12.524606185133024
frame_me_931.7_931.84,24.89087398856418,0.0,0.3195390038766403,401.0526258496766,357.8378674929646,43.21475835671197,36.735873467159706,22.278174593410313,14.457698873749393
frame_dZi_931.84_931.91,15.504213877349173,0.0,-0.448231590600529,397.10228207967054,356.23961383406345,40.8626682456071,59.69106383858764,37.36851014521591,22.32255369337173
frame_si~_931.91_931.97,22.64548023190872,0.0,-0.9271294991051637,387.26890861074094,346.38666707647354,40.88224153426739,36.71198196863418,15.2948408082691,21.417141160365077
frame_na_931.97_932.15,32.6967066234551,0.08000000000004093,0.40178374429753433,393.0214118086017,349.2104045499703,43.811007258631435,75.64768567942684,38.04921537680218,37.59847030262466
frame_e~_932.23_932.45,16.162244083152615,0.0,1.8414399974476738,402.3205897593871,355.96607689978373,46.354512859603346,21.189146577222232,9.03217455677904,12.156972020443192
frame_ta~w~_932.45_932.87,23.339164989683184,0.0,0.3587896290608773,408.4669625818425,352.8792691194193,55.5876934624232,45.41834606330082,21.100167382308825,24.31817868099199
frame_majs_932.87_933.3,14.06129129014738,1.580000000000041,0.9432541142641553,401.9095031622355,349.07612868608317,52.8333744761523,67.73968648318501,35.29428709617298,32.44539938701203
frame_ew_934.88_935.11,49.37841276837065,0.0,0.9195227553399989,404.21804904995093,357.69361561469054,46.52443343526039,403.87516195798037,264.94887048712843,138.92629147085196
frame_a_935.11_935.32,7.383882043620645,0.0,1.484724484232315,400.1880843861754,354.2903932496646,45.89769113651079,34.56223619258202,12.999119315792143,21.563116876789877
frame_Su_935.32_935.83,29.74669283253388,0.7199999999999136,4.8222335899902475,389.95458889597205,336.5262485680112,53.428340327960825,316.5919271407483,116.61094113151415,199.98098600923413
frame_ki_936.55_936.66,160.4873829227867,0.0,-0.30463231950772235,398.26047894888416,358.3761635555587,39.88431539332544,25.29581309891364,20.277018342232566,5.018794756681075
frame_a_936.66_936.71,182.4806921436341,0.0,-0.6811569956357075,387.64399856382744,348.32376132780996,39.320237236017476,30.236186090024717,11.300309567014665,18.93587652301005
frame_Su_936.71_936.79,172.6227529096302,0.0,-0.5689353011197329,375.51469548810326,335.723433591822,39.79126189628124,13.756479228407386,4.839453863503991,8.917025364903395
frame_ki_936.79_936.88,43.18020067981968,0.0,-0.30463231950772235,399.28291691848943,357.54726363343264,41.7356532850568,85.96187706074193,41.86603367772807,44.09584338301386
frame_si_936.88_937.13,9.123112814072897,0.0,0.55696330705075,407.2989301453074,360.93843818134707,46.36049196396033,98.33759195945424,43.83132417518834,54.5062677842659
frame_viw_937.13_937.32,6.603403433324786,0.0,0.2697647648651368,405.18829888014545,361.424668339921,43.76363054022437,39.51277136191459,8.799957695670543,30.712813666244045
frame_kri~_937.32_937.55,22.57933091800362,0.0,-0.12876798598785677,410.473332027555,361.3945234547349,49.078808572820094,39.58892948342435,17.886205996949286,21.702723486475065
frame_mi~_937.55_937.72,8.004286064357387,0.0,0.35024892188434265,410.59432692301715,363.8631645481039,46.731162374913254,62.44606117698601,30.56856748866258,31.877493688323426
frame_naw_937.72_938.04,59.91210477019885,0.0,1.755459669215626,406.96743405912673,354.6343715010322,52.333062558094525,39.099036652084976,15.62930775715111,23.469728894933866
frame_nE_938.04_938.44,30.09206713232294,0.10999999999989996,2.2654144018433167,402.6277080731868,351.7431044981829,50.88460357500395,109.83021224447853,64.88415625280606,44.946055991672466
frame_ki_938.55_938.64,16.316477103920278,0.0,-0.5918308616933357,405.8607602940393,362.1152929018717,43.7454673921676,13.257939742150825,8.801517777798779,4.456421964352046
frame_E_938.64_938.74,17.300745557966422,0.0,-0.07165850216679646,403.09097333305976,361.01918951673844,42.07178381632133,12.572847231850602,6.183856194769703,6.388991037080899
frame_sa~w~_938.74_938.93,85.99011897378082,0.0,-0.34603266447460207,410.8430362042285,363.9321313968484,46.91090480738012,66.33359795856512,41.37345969200021,24.96013826656491
frame_ajs_938.93_939.07,2.5697778526801756,0.0,-0.5457894031440523,410.04118613533325,365.22891012970257,44.81227600563068,105.05690033134934,61.964433711640936,43.092466619708404
frame_du_939.07_939.27,16.25655698475063,0.0,0.7788569216582412,409.0924656062597,362.5910664987569,46.50139910750278,51.71490177065152,13.219887662545887,38.495014108105636
frame_as_939.27_939.49,35.98882536768443,0.5499999999999545,0.9432541142656943,405.58912680779247,359.7695557737485,45.81957103404403,32.48301830003908,16.248208424558243,16.234809875480835
frame_ki_940.04_940.13,17.984573141812206,0.0,-0.5918308616933357,401.55939876011263,358.63174738078476,42.92765137932787,16.901629269237958,9.806033023089753,7.0955962461482045
frame_a_940.13_940.17,16.32432660808871,0.0,-0.8165245881289017,380.82832840007796,342.22948570669877,38.5988426933792,19.942952144369656,7.928491202370822,12.014460941998834
frame_Su_940.17_940.26,2.6822417768058244,0.0,-0.5689353011197329,380.74310567439574,339.50317857791526,41.23992709648047,15.23101428599901,7.9641717649078885,7.266842521091121
frame_ki_940.26_940.37,24.745306309593815,0.0,-0.448231590600529,404.4503886595561,360.86218076382363,43.58820789573252,30.131476721885633,17.758790150258903,12.37268657162673
frame_majs_940.37_940.62,10.71202270299355,0.0,-0.27505421816228076,401.70339156335257,352.93209124802166,48.771300315330905,32.26482423531397,24.451546372493397,7.81327786282057
frame_e_940.62_940.69,12.19552460449853,0.0,-0.08045016376559877,395.113341756247,353.949313604591,41.164028151656,9.983682597465474,4.385224712216626,5.598457885248848
frame_lis_940.69_940.81,71.19306664781968,0.0,-0.448231590600529,380.0497363670527,337.57225861756706,42.477477749485615,194.43210916049293,90.43220797348468,103.99990118700825
frame_pro_940.81_941.06,38.66399251392747,0.0,1.4375842780850758,403.4122442433446,357.13808010437725,46.274164138967365,61.67474159865404,36.146251731184805,25.528489867469233
frame_ku_941.06_941.25,21.247091723384102,0.0,0.6103828938112338,398.1409094781845,352.9586941768134,45.18221530137106,14.45886666713102,9.433670457858938,5.025196209272082
frame_ra~w~_941.25_941.48,34.13513563763186,0.15999999999996817,-0.8746493846262117,392.2312838091167,349.14889774513455,43.08238606398214,22.522091585014806,11.224725876436821,11.297365708577985
frame_te~_941.64_941.73,25.29977454026178,0.0,-0.9896628005608363,403.49034338605054,360.4041977136597,43.08614567239084,39.796125835012106,28.889783847184333,10.906341987827773
frame_Ju_941.73_941.8,98.48672300065462,0.0,-0.4004612732727255,398.664349506625,359.304956339216,39.359393167408996,23.235210500726566,4.953566435588925,18.28164406513764
frame_a_941.8_941.83,102.84414070171951,0.0,-0.951892180619018,388.8263115737484,348.0138298462279,40.81248172752049,0.4904430620914013,0.34423393683090353,0.14620912526049779
frame_i~_941.83_941.92,63.17402739481648,0.0,0.030904316635604608,399.4808136857189,357.6058030525379,41.87501063318098,38.20732904947431,17.086338570902626,21.120990478571684
frame_pre_941.92_942.16,14.720326239645487,0.0,-0.6804339152312311,401.1017438703343,356.55736039578437,44.544383474549875,81.75480198636504,40.949607422182766,40.80519456418227
frame_sa~w~_942.16_942.46,83.91880829056439,0.0,-0.5222382378564687,391.13558034281255,344.1547063330712,46.98087400974134,25.907024082867053,13.878000686451657,12.029023396415397
frame_un_942.46_942.6,80.47550016091589,0.5,0.7788569216582412,371.89206566620555,329.60542520316835,42.2866404630372,7.822211309095422,3.165806407377687,4.656404901717735
frame_un_943.1_943.21,44.801028652161705,0.0,-0.5689353011197329,392.61130661628897,351.17163154625354,41.439675070035435,7.251998019463713,4.890353331024414,2.3616446884392985
frame_kEX_943.21_943.31,36.372313757291494,0.0,-0.8152726079886352,397.15385857968874,355.62226954482696,41.53158903486178,21.49812020417076,11.789224897689678,9.708895306481082
frame_dZi_943.31_943.38,21.672171036566453,0.0,-0.5918308616933357,400.8806968862736,359.5596536257983,41.32104326047528,3.7795804011431358,0.7929773956258828,2.986603005517253
frame_zeX_943.38_943.47,24.938260637463316,0.0,-0.8804284990500769,387.47861006920994,349.0664274617507,38.412182607459215,13.299087000886516,8.215903853330701,5.083183147555815
frame_ki_943.47_943.53,14.697135513633583,0.0,-0.5918308616933357,398.6070170164933,357.839358047228,40.767658969265256,12.529799510711996,7.993710990460414,4.536088520251582
frame_E_943.53_943.57,149.91668275381227,0.0,-0.7090420214416231,376.69340872964176,339.1420308731829,37.551377856458885,1.3575514398937685,0.9775733741520156,0.37997806574175286
frame_sO_943.57_943.76,67.60268987868392,0.0,-0.7664011421449332,408.44951073559287,362.7181905058235,45.73132022976938,40.53609201985938,26.95611808040809,13.579973939451293
frame_i~_943.76_943.84,72.93099895884006,0.0,-0.12876798598604153,392.66248333864144,352.77011875544656,39.892364583194876,20.262910511143616,10.295846210751222,9.967064300392394
frame_pre_943.84_944.02,82.81194447046084,0.0,0.9195227553399989,394.62074356690357,352.655101073503,41.965642493400594,87.31532651131891,35.54091112132352,51.7744153899954
frame_sa~w~_944.02_944.46,22.075585585107376,0.4499999999999318,0.18258405567700747,396.54035670234464,343.90377409473444,52.636582607610194,151.67760581115255,104.61116231462057,47.066443496531974
frame_i_944.91_945.55,11.084839347568447,0.0,8.167724674976032,397.37485367020395,337.6765154586233,59.69833821158062,319.77409404943114,125.55927688908429,194.21481716034683
frame_su_945.55_945.65,22.19745899745061,1.6800000000000637,-0.5689353011197329,366.02125908677345,326.21224998803683,39.809009098736624,33.867171114483654,22.41556130965057,11.451609804833083
frame_vo_947.33_947.45,72.06741361797779,0.0,0.2818234525362122,410.2933886887109,365.50035658164154,44.79303210706934,13.584279713162061,7.356793327128287,6.227486386033775
frame_se_947.45_947.59,120.12661607610741,0.0,0.5195335876977598,411.27679189543767,368.0065037666832,43.27028812875449,45.71940926772487,15.977393496767888,29.742015770956982
frame_po_947.59_947.73,57.49963671349579,0.0,0.08919664827806831,409.76502158740914,364.4756992653902,45.28932232201896,81.61235632612727,39.06213617999106,42.55022014613621
frame_de_947.73_947.97,22.055485323620218,0.0,2.3194848420901093,412.85388293579865,362.5860224461682,50.267860489630436,49.41611955998536,14.488420310728998,34.927699249256364
frame_ri_947.97_948.12,47.191533910274586,0.0,0.4133640359579434,408.505418968011,363.14824025641155,45.35717871159943,26.61081664905177,19.052440644873712,7.558376004178058
frame_a_948.12_948.16,63.53712476180067,0.0,-0.8165245881289017,390.4225118648271,350.504711699358,39.91780016546909,1.1170298730366994,0.7920064210840394,0.32502345195266
frame_nujs_948.16_948.3,71.36857689084852,0.0,-0.4004612732727255,400.7668368234985,357.0181505551157,43.74868626838281,11.89201177891485,4.689502103754563,7.202509675160286
frame_dZi_948.3_948.36,85.75460957211286,0.0,-0.5918308616933357,384.64067689118076,343.3256239512016,41.31505293997918,1.7205395296299173,1.1461840152287266,0.5743555144011907
frame_zeX_948.36_948.71,46.98204923574269,0.2099999999999227,3.3194577611957072,405.5330602674422,356.28898660993343,49.24407365750875,53.13701669232458,21.97950818624912,31.15750850607546
frame_E_948.92_949.05,4.444446639019304,0.0,0.24703325747061686,404.71703576546673,361.8153860426393,42.901649722827415,28.736345058293892,5.190565243192253,23.54577981510164
frame_ki_949.05_949.16,39.64117891471008,0.0,-0.5918308616933357,402.66556487257736,361.99344200028884,40.672122872288526,43.807926516910555,14.039437566455234,29.76848895045532
frame_pro_949.16_949.31,43.44657782496219,0.0,-0.6813105687566973,407.2170026374751,362.32401474201765,44.89298789545745,44.160982987125834,14.056996933088811,30.103986054037023
frame_fi_949.31_949.38,50.510905579073864,0.0,-0.5918308616933357,382.2857902992497,342.74746437455786,39.53832592469183,77.72252332783734,19.883842985586256,57.83868034225108
frame_so~j~s_949.38_949.51,104.79635008253285,0.0,0.0,407.9536429479943,362.68189499606905,45.27174795192525,4.25173099303413,2.530346991856561,1.7213840011775687
frame_li_949.51_949.79,10.764167148736675,0.0,-0.5662719221205451,409.7714999316023,360.53619353067495,49.23530640092736,202.0613111258788,83.41678362864869,118.64452749723011
frame_be_949.79_949.96,26.392331514361217,0.0,-0.08045016376559877,407.8379539107548,364.9728145703504,42.86513934040437,11.043205728163116,6.241765725248314,4.801440002914802
frame_rajs_949.96_950.27,15.692115878009105,0.0,1.0786217067558106,408.22183361653083,356.98754024786854,51.23429336866229,24.325611367915542,7.409406032939842,16.9162053349757
frame_e_950.27_950.33,24.551596035286792,0.0,-0.28044474758671833,392.8692992056996,352.4285170517194,40.440782153980194,17.637304218692435,10.011281888191519,7.626022330500916
frame_zis_950.33_950.56,20.10814334320139,0.0,0.4133640359579434,397.6810951563496,351.7299989632057,45.95109619314394,26.837028287586463,10.841686329992768,15.995341957593695
frame_te~j~_950.56_950.7,19.14331406251921,0.0,-0.39364115887554746,399.32748157537685,354.60297427135544,44.724507304021415,16.56440773193887,9.472265681527517,7.092142050411354
frame_nu_950.7_950.77,109.60256941699942,0.0,-0.5689353011197329,392.90570561295505,352.0825492357432,40.82315637721183,2.701499391200386,1.2969789644559597,1.4045204267444262
frame_bra_950.77_950.99,51.5329370130039,0.0,-0.1396866256690866,394.3282475791847,348.17500484001874,46.15324273916593,98.39321264368371,36.01187396628427,62.38133867739944
frame_ziw_950.99_951.26,5.241924802247013,2.4400000000000546,-0.017433777320476507,400.63655419818485,353.9010295941353,46.735524604049544,35.904704987659045,20.083974166364328,15.820730821294717
frame_li_953.7_953.83,14.771295113148398,0.0,0.12616549377233013,400.1256086217877,356.3153687038075,43.8102399179802,17.07229216264122,7.570550728927088,9.50174143371413
frame_be_953.83_953.98,44.03547640385321,0.0,0.5195335876977598,400.2220063706251,356.8709335823913,43.35107278823381,85.98751413591661,37.08117106013202,48.90634307578459
frame_rajs_953.98_954.24,93.75961372935294,2.230000000000018,0.8078865217725001,405.1124264699665,358.8281219752711,46.284304494695505,8.543732221406316,5.6228072778398115,2.9209249435665043
frame_bo~_956.47_956.69,0.3589190260080102,5.149999999999977,0.9727249393939822,398.58892974441494,352.92559506169243,45.66333468272251,26.1350809517142,16.333199435996164,9.801881515718037
frame_dej_961.84_961.99,1.7625708474533042,0.0,-0.8804284990500769,371.0595742972769,330.9348805898531,40.12469370742383,5.9610727772433165,3.863384667722329,2.0976881095209876
frame_Sa_961.99_962.06,6.020346310035137,0.09000000000003183,-0.8165245881289017,378.5654156296558,338.35504137537987,40.210374254275905,9.074101283431816,5.5540285726386855,3.52007271079313
frame_ew_962.15_962.3,1.0352975816603873,0.11000000000001364,-0.28044474758671833,380.63100741003564,338.31299855308737,42.318008856948325,12.796229499158699,6.938168927432059,5.858060571726639
frame_pe~_962.41_962.48,17.950983451593174,0.0,-0.9896628005608363,374.4061381288489,336.03410607933006,38.37203204951885,13.192184561220273,8.219255750585546,4.972928810634727
frame_saX_962.48_962.57,25.689950996002977,0.0,-0.9518921806205569,379.9127542191473,339.32396147922185,40.58879273992545,2.704276338500108,1.7376093411824627,0.9666669973176454
frame_najs_962.57_962.74,16.62951393995715,0.0,-0.5457894031455912,381.3046484623761,337.63472584104704,43.66992262132908,152.07745261452862,106.61455341347153,45.4628992010571
frame_pro_962.74_962.9,13.61466901610899,0.0,0.47445025679435615,383.8326959646459,340.74484911310765,43.087846851538245,77.71419102365363,44.8703736759343,32.84381734771932
frame_fi_962.9_963.07,56.19397857610363,0.0,-0.16103304841328314,380.93120471527686,337.77938700246364,43.15181771281323,189.1567115301973,109.15862901823172,79.99808251196558
frame_so~j~s_963.07_963.24,19.49509507860705,0.5299999999999727,0.0,384.0282390431736,339.2608725768148,44.76736646635885,10.284126015524379,5.036394529811616,5.247731485712762
frame_po_963.77_963.88,6.182953505508607,0.0,-0.4886837644985534,394.3234989828344,351.0335434363829,43.289955546451495,18.876364271763634,10.314787101570886,8.561577170192749
frame_dZi_963.88_963.94,10.763393154232688,0.0,-0.5918308616917031,380.55637746925356,340.73178129499354,39.82459617426002,21.475128900369185,14.134449276444798,7.340679623924387
frame_to_963.94_964.34,14.708824805783195,0.0,4.904866754736046,396.54629548804706,343.22527863076266,53.321016857284405,77.5002905718778,40.110987941758424,37.389302630119374
frame_maX_964.34_964.62,26.26450805596241,0.0,0.40178374429753433,394.216407744678,344.7286031548755,49.48780458980252,46.043119790247005,16.514880518515213,29.528239271731792
frame_u~_964.62_965.36,3.977287017979819,0.0,4.614459253963965,404.73262106092255,338.0880339417491,66.64458711917348,119.59428199535006,77.21211722254404,42.38216477280602
frame_ka_965.36_965.48,26.69957937817057,0.0,-0.1396866256690866,400.5594605703368,356.17680317501805,44.382657395318745,9.17307311330103,6.2134727210613505,2.959600392239679
frame_fe_965.48_965.58,14.993368091934087,0.0,-0.08045016376559877,398.27634587596106,354.88518190266507,43.39116397329593,15.199330465861976,9.039239843902237,6.160090621959739
frame_zi~_965.58_965.64,17.18430999436103,0.0,-0.9271294991051637,387.03190048137617,346.50673950114884,40.52516098022733,7.614108496753289,3.014399479107368,4.599709017645921
frame_Ju_965.64_965.7,2.0518548419764784,0.0,-0.5689353011178175,384.4854516516215,344.32517931959876,40.160272332022714,35.20554429631096,19.010256688524578,16.195287607786383
frame_viw_965.7_965.79,36.115892716079884,0.0,-0.5918308616933357,374.505318730157,333.8026949189574,40.7026238111996,1.4484659102602109,0.7192710614453972,0.7291948488148137
frame_poX_965.79_965.92,92.75195336998257,0.0,-0.8739373730148412,382.9261402057731,340.01132988336667,42.91481032240648,174.33018594727707,112.65335676531541,61.676829181961665
frame_fa_965.92_966.15,9.77301206422186,0.0,0.9432541142641553,395.2697159510665,349.1876613696866,46.08205458137985,40.27787024372191,23.06349400592987,17.214376237792038
frame_voX_966.15_966.38,33.95289102380639,8.25,0.6670770610525001,394.22121815096386,348.4784852121365,45.74273293882737,19.037606226002964,10.259092540916669,8.778513685086295
frame_u~_974.63_974.77,57.60584814529659,0.0,0.09626395482684827,404.27360144486755,360.93570742951545,43.337894015352106,188.24847286533588,84.72404410933612,103.52442875599976
frame_pi~_974.77_975.02,6.362830908845979,0.0,1.7872996454954952,404.052407003363,357.3688987633975,46.68350823996548,43.46874643516347,14.63148533043642,28.837261104727048
frame_toX_975.02_975.5,6.031962532543815,3.509999999999991,2.5933451036339394,404.4396068612924,350.33751917319574,54.102087688096674,30.336940085392115,20.134710094906808,10.202229990485307
frame_E_979.01_979.04,,8.090000000000032,-0.8152726079886352,351.81325297322024,314.00446313890217,37.80878983431808,4.481841158426732,2.8866216891317293,1.595219469295003
frame_nO_987.13_987.36,0.6411778407064332,0.0,0.5029507495317334,386.5008333270866,344.81892676605526,41.681906561031326,6.24038426455698,4.20224378485446,2.0381404797025198
frame_sa_987.36_987.55,2.732835584740286,0.17000000000007276,-0.8165245881289017,382.29720209689873,340.4554404335599,41.84176166333884,37.03838010805555,22.01933300862001,15.01904709943554
frame_pro_987.72_987.84,0.5654776298756303,0.0,-0.8739373730126513,393.7485670221633,350.4618874716762,43.286679550487065,25.880997370046003,17.838779981396158,8.042217388649846
frame_fi_987.84_987.91,2.545542279461756,0.0,-0.5918308616933357,374.17530397191274,337.5504162140779,36.62488775783481,3.580383465518935,1.709835096976235,1.8705483685426998
frame_sa~w~_987.91_988.09,6.525441035952184,0.049999999999954525,-0.8746493846262117,373.56189206014375,331.48207991468945,42.0798121454543,14.413739181387626,8.615459595083507,5.798279586304119
frame_li_988.14_988.25,15.233475207445167,0.0,-0.1610330484149157,409.4588107677042,364.8937286792609,44.565082088443376,41.59073813617522,17.441892741201002,24.148845394974217
frame_be_988.25_988.44,27.502053889827096,0.0,0.9195227553399989,405.818799765748,361.10717311376527,44.711626651982726,31.90311614674644,16.468414057153637,15.434702089592804
frame_raw_988.44_988.64,16.618354859182602,0.0,0.40178374429753433,401.26062378516536,356.65312582702444,44.607497958140925,63.354441838383224,36.37568442101866,26.978757417364562
frame_a_988.64_988.67,31.723706668918425,0.0,-0.9518921806205569,377.1185220063639,337.7946118898819,39.32391011648201,12.997126063835822,3.5319276427324553,9.465198421103366
frame_gO_988.67_988.83,4.020333936962942,0.0,-0.13172519630569798,404.75636267840036,360.1772030868733,44.57915959152706,36.77550413583759,16.31290447166947,20.462599664168124
frame_ra_988.83_988.95,42.17845128050692,0.0,-0.4104218106523971,403.19949552906485,358.83210048198794,44.367395047076855,18.116402759929315,5.963970016943051,12.152432742986264
frame_ew_988.95_989.1,9.696752776144194,0.0,0.9195227553399989,401.3324180517965,356.87786420639117,44.454553845405314,51.53951759544498,30.923244199399278,20.6162733960457
frame_es_989.1_989.16,172.42379840787282,0.0,-0.8804284990523507,367.4506978764689,331.49261312181875,35.958084754650145,2.691800530100096,1.56416689810316,1.127633631996936
frame_tow_989.16_989.34,17.056378738607805,0.0,-0.6813105687566973,405.2223578710487,359.14720947340606,46.075148397642636,61.99828459198088,47.7795691625808,14.218715429400078
frame_mej_989.34_989.47,19.350762669357607,0.0,-0.8804284990500769,408.3081387058616,362.4704026483921,45.8377360574695,17.150959416285076,5.158016185274221,11.992943231010855
frame_a_989.47_989.5,34.4093252076525,0.0,-0.9518921806205569,394.889633737052,352.3086443132117,42.58098942384032,0.31726353495781723,0.1728037140102856,0.14445982094753163
frame_es_989.5_989.64,23.904517295187475,0.0,0.5195335876977598,392.4086151519961,350.43619238715723,41.97242276483888,20.15691618215837,9.243137608356847,10.913778573801522
frame_ke_989.64_989.86,30.939077775438307,0.0,1.319511922982238,400.5872370429847,357.29318885929035,43.29404818369437,34.74566636502041,24.506332968804145,10.239333396216267
frame_si_989.86_990.02,19.46055244223143,0.0,-0.017433777322109042,405.14366402026576,358.5570262972405,46.58663772302526,62.61481583118362,32.996188259961656,29.618627571221964
frame_da_990.02_990.17,34.60132381582471,0.0,-0.27505421816228076,397.5935638650493,352.5213111652266,45.072252699822684,13.899164991732277,3.8463200477209227,10.052844944011355
frame_dE_990.17_990.39,40.06494867934029,0.0,0.24703325747061686,397.6327109442605,350.6704187329593,46.96229221130119,28.37081669637672,12.063874360746354,16.306942335630367
frame_las_990.39_990.55,32.874957932378265,0.0,-0.6811569956372465,396.74958792032646,353.72368664128584,43.025901279040625,77.5838624989311,56.001014163045966,21.58284833588513
frame_u~_990.55_990.89,64.62483597674407,10.200000000000045,1.6023290545395057,398.9196124258616,349.1611196509931,49.75849277486856,89.89781006890303,28.82856728791279,61.06924278099024
frame_aX_1001.09_1001.46,30.52526884894263,0.0,1.2139892992474657,400.1773478827018,353.3648363915867,46.81251149111506,31.36886130371306,9.501581960167698,21.867279343545363
frame_tSis_1001.46_1001.85,27.167560506308007,0.0,1.1313603914236092,397.3713928311624,347.1043167342373,50.26707609692511,33.916346400604596,24.246693016442748,9.669653384161847
frame_ta_1001.85_1002.04,35.978610994619316,1.7699999999999818,0.13104855931422388,388.5337674623339,345.7911065714526,42.74266089088138,18.825685757002987,13.101757409283266,5.7239283477197205
frame_de_1003.81_1003.89,20.527117305888623,0.0,-0.6804339152312311,395.05085136025605,354.98722157535616,40.06362978489989,5.4713824234045205,3.776119996290163,1.6952624271143577
frame_pe~_1003.89_1004.13,7.066753872366434,0.0,0.5003913036540798,404.2224198338064,354.80724553352104,49.415174300285344,14.610550769987867,10.63213317494322,3.9784175950446468
frame_de~_1004.13_1004.27,11.849379921690996,0.0,0.2023804828114354,404.239267633695,359.033542033403,45.205725600292,11.948489908736917,8.10169203278815,3.8467978759487664
frame_du_1004.27_1004.35,12.174423012058497,0.0,-0.23198724542380286,395.66054235934416,354.5282442566429,41.13229810270121,6.982798765400503,4.042251836020853,2.94054692937965
frame_du_1004.35_1004.53,15.180778200412647,0.0,0.7788569216582412,402.39502759851,357.36103660840075,45.03399099010926,28.140219615389157,11.147317921514883,16.992901693874273
frame_Ra~_1004.53_1004.7,6.78666632985346,0.0,0.5349952024467504,403.1483622468611,356.3024689092812,46.84589333757992,10.47002952047697,4.81199686671863,5.65803265375834
frame_mu_1004.7_1004.89,15.1034801951931,0.0,0.9473309495052484,397.1006310607055,353.7775315865702,43.32309947413529,18.832920526309266,6.19463273156876,12.638287794740506
frame_de_1004.89_1005.01,0.5104722330960669,0.0,0.11954442005552077,405.58129650711714,360.77992427500607,44.80137223211108,4.014752173848876,1.9008435209601373,2.113908652888739
frame_li_1005.01_1005.56,7.804185400412933,0.0,6.3009341507679135,400.62952861090395,342.8151590719219,57.81436953898202,127.59321394128702,45.886933229923216,81.7062807113638
frame_e_1005.56_1005.65,16.87277570185924,0.0,0.3195390038766403,395.63009821546206,352.7392470326869,42.89085118277518,4.109073639201313,1.4425933447191994,2.6664802944821133
frame_li_1005.65_1005.74,29.978881781561512,0.0,-0.5918308616933357,397.8933996305767,357.5431316478227,40.35026798275402,14.203297531568836,4.021815352687156,10.18148217888168
frame_E_1005.74_1005.92,25.699003280226123,0.0,0.778186190199639,402.0594382087875,355.8296055638397,46.229832644947805,16.35069614731691,10.397912741491837,5.952783405825073
frame_u~_1005.92_1006.19,47.66142616804322,0.92999999999995,1.075206269640675,396.95108788982367,351.70487749310695,45.24621039671672,25.59710477282553,7.901669182395466,17.695435590430066
frame_u~_1007.12_1007.15,1.310057159267302,0.0,-0.7320718500150277,384.84987798597444,343.98264977508404,40.8672282108904,3.961896517373617,2.5692653822674174,1.3926311351061997
frame_ma_1007.15_1007.25,9.314607603436144,0.0,-0.5457894031455912,401.832083351481,359.85484538730697,41.97723796417404,3.958971661828599,1.9659601783888547,1.9930114834397443
frame_pro_1007.25_1007.41,11.90910236320471,0.0,-0.29605696024040945,405.8035316479073,360.71749336341355,45.086038284493725,43.79412598577622,19.74374853888503,24.05037744689119
frame_fi_1007.41_1007.47,12.509862809640964,0.0,-0.5918308616933357,376.0062178364236,337.1128072990941,38.893410537329544,4.928524709981218,2.3063978621337355,2.6221268478474826
frame_sa~w~_1007.47_1007.74,17.126573276953735,0.0,-0.5222382378584719,402.99579831405265,354.19274561648166,48.80305269757099,29.76738449530825,23.950938856681006,5.816445638627243
frame_li_1007.74_1007.85,23.75956160600731,0.0,-0.44823159059889645,403.1211445956221,360.5035754673536,42.61756912826854,28.41176814075979,6.6206139995477145,21.791154141212076
frame_be_1007.85_1008.05,22.235643101868476,0.0,0.9195227553399989,403.57588702179385,360.43991841626155,43.1359686055323,46.550341115620625,16.92954208574983,29.620799029870795
frame_raw_1008.05_1008.34,54.34855974266134,0.2199999999999136,-0.5457894031455912,397.3188560004619,350.2803727045682,47.038483295893684,47.69074446717573,33.868773453854544,13.821971013321189
frame_ew_1008.56_1008.69,25.1493364707664,0.0,0.11954442005552077,409.3909210415935,364.44529906324965,44.945621978343866,14.453171496674742,5.519976031168085,8.933195465506657
frame_a_1008.69_1008.82,22.945074466373825,0.0,0.40178374429753433,398.2052927045184,355.3724471409188,42.83284556359962,30.993197557361526,18.81555985624462,12.177637701116907
frame_Su_1008.82_1008.88,13.027433736881335,0.20000000000004547,-0.5689353011197329,371.93938167909903,333.106381283725,38.83300039537403,56.12002160759022,35.821329981220686,20.298691626369532
frame_u~_1009.08_1009.11,,6.860000000000014,-0.7320718500150277,350.719667895223,315.00988080352926,35.70978709169373,1.3293962340796526,0.6467390995295972,0.6826571345500554
frame_de_1015.97_1016.24,5.015055496260601,0.0,0.9195227553399989,395.25556985698677,350.7027884423695,44.552781414617186,26.16961435927746,15.054491972198292,11.115122387079168
frame_ze_1016.24_1016.37,6.189276688352294,0.0,-0.28044474758671833,400.8239426212894,356.43713574555045,44.386806875738955,24.20156427396344,3.773686365657767,20.427877908305675
frame_Jis_1016.37_1016.85,0.7903128445864809,0.0,0.98776112032917,399.4098076776953,345.7665808662904,53.64322681140493,16.11512951810039,7.019506920295726,9.095622597804663
frame_ta_1016.85_1017.05,5.201324587617677,0.7000000000000455,0.40178374429753433,389.36676642268077,346.937854896203,42.42891152647775,11.474753674228339,6.944150670800298,4.530603003428041
frame_u~_1017.75_1017.84,15.965127539683834,7.800000000000068,-0.2802523201008881,370.2624144623464,330.8181434588502,39.44427100349617,2.0378650081304954,1.1414948503146434,0.896370157815852
frame_es_1025.64_1025.83,6.915439933511919,0.0,-0.28044474758899196,393.3476177842951,351.89111866438844,41.45649911990665,6.28824717570302,1.747631408039183,4.540615767663837
frame_kuw_1025.83_1026.0,12.286156748587132,0.0,-0.06351321757871085,396.15561691527876,353.9698236368078,42.18579327847095,22.729077455009133,12.796705386266694,9.932372068742438
frame_toX_1026.0_1026.49,5.394899554402485,0.0,2.978598712152417,399.38139607845204,343.44292868553254,55.938467392919506,25.670261813464293,18.532811200905968,7.137450612558325
frame_nE_1026.49_1026.73,18.15384404333645,2.0699999999999363,0.7781861902008467,390.42502546170465,345.957992580306,44.467032881398666,123.4185538143171,27.848250954293576,95.57030286002352
frame_es_1028.8_1028.95,112.86460797718453,0.0,-0.8804284990523507,364.77764409529715,322.60058539613834,42.177058699158806,6.962505841675579,3.1917071002094772,3.770798741466102
frame_kuw_1028.95_1029.08,0.5723913839041188,0.0,-0.4004612732727255,385.9462844280644,344.9910792655275,40.95520516253691,23.601630719042532,15.159151194616669,8.442479524425863
frame_toX_1029.08_1029.65,0.6011463663316476,0.2899999999999636,3.941732733443137,390.30458766730413,336.7342680550447,53.570319612259425,21.728717242411903,15.91265397566309,5.816063266748813
frame_ew_1029.94_1030.06,,10.320000000000164,-0.4804393314101115,384.8998821306875,341.9411829925559,42.95869913813158,37.20719068645114,14.514925778587397,22.692264907863745
frame_a_1040.38_1040.53,19.53175876531273,0.0,0.6725189292793059,398.3924571067507,355.5050550378221,42.88740206892862,11.655604155632062,5.090190069770074,6.565414085861988
frame_Su_1040.53_1040.68,20.74241660445813,0.0,-0.5689353011197329,370.9321322039266,328.2958056696063,42.63632653432029,48.37579077688281,13.112919081591372,35.26287169529144
frame_ki_1040.68_1041.12,12.124051845676831,0.8700000000001182,3.8597465421869352,394.10593752048936,342.00455664073445,52.10138087975491,35.73287261655943,19.41488987969828,16.317982736861154
frame_sa~w~_1041.99_1042.24,82.26946887859557,0.0,-0.5222382378544654,407.6580313867147,358.1149815032616,49.54304988345308,80.48965832036757,35.66685923391975,44.822799086447816
frame_E_1042.24_1042.42,27.271804403893213,0.0,0.7781861902008467,403.3821220096654,358.66585762159093,44.71626438807442,5.68222116611139,2.354942937767163,3.327278228344227
frame_sas_1042.42_1042.49,27.566807459089716,0.0,0.0,395.04272673916034,351.9060623390524,43.13666440010792,22.220569041654386,10.64319501101241,11.577374030641977
frame_a_1042.49_1042.55,28.667465406144373,0.0,-0.5457894031455912,392.5982039343688,350.6767488078108,41.921455126558044,10.310542054313032,6.649891882826836,3.6606501714861963
frame_si~_1042.55_1043.01,24.688279286208854,0.0,1.0786217067573494,398.9573137163299,343.8073386900025,55.14997502632741,119.80800321891903,105.17831167016291,14.629691548756114
frame_ajs_1043.01_1043.14,41.53803875396531,0.0,-0.6811569956372465,385.14364931422455,342.2100840787624,42.93356523546214,10.758536811937631,6.617230303486963,4.141306508450668
frame_majs_1043.14_1043.64,0.6414680330827878,1.259999999999991,-0.27505421816228076,396.72999960670984,340.459020809033,56.27097879767683,160.0067409504105,113.08946935933218,46.917271591078304
frame_pe_1044.9_1045.0,27.544570700417864,0.0,-0.28044474758899196,406.01456021054304,363.69593325951064,42.3186269510324,6.844942208049531,2.1955963360559565,4.6493458719935745
frame_lu_1045.0_1045.07,24.17784682788985,0.0,-0.5689353011197329,405.20682688073975,361.9628666502561,43.24396023048365,7.584803375054037,5.562241667012046,2.022561708041991
frame_me~_1045.07_1045.2,75.60231113590757,0.0,-0.5426465692968697,409.24303116794954,364.3736338260609,44.86939734188866,86.23928132338659,38.493794300190984,47.74548702319561
frame_nus_1045.2_1045.31,52.38335332087405,0.0,-0.5689353011197329,400.9489478710393,358.7778147546782,42.17113311636109,84.62824834535235,46.50601000534394,38.12223834000841
frame_nu_1045.31_1045.41,0.810740548899048,0.0,-0.40046127326889486,401.54455635644024,357.401886225157,44.14267013128324,18.669197461792095,11.291279166596155,7.37791829519594
frame_mew_1045.41_1045.51,4.500757781664987,0.0,-0.8804284990523507,402.3705000728069,358.04224043514296,44.32825963766396,8.291687388865313,4.361584874797813,3.9301025140674994
frame_e~_1045.51_1045.61,8.918122992404932,0.0,0.05337507238841919,399.0918065342943,357.1775454910114,41.91426104328286,9.178133167048628,4.670566625654686,4.507566541393942
frame_te~_1045.61_1045.78,22.948064525282348,0.0,0.05337507238841919,394.61471192500125,349.2201301100677,45.39458181493353,31.420813412551922,24.323241167271732,7.09757224528019
frame_deX_1045.78_1046.04,26.60365453068465,0.0,0.7195281715211531,393.0367382082377,349.26003632192766,43.776701886310036,21.838654524609666,6.778882453972955,15.059772070636711
frame_a_1046.04_1046.07,28.11459630036603,0.0,-0.9518921806205569,356.2880554336643,318.37369958470634,37.91435584895794,1.0454515847131916,0.410444994093325,0.6350065906198665
frame_si~_1046.07_1046.16,4.194192624189071,0.0,-0.9271294991051637,392.1216206048652,349.1525533080119,42.969067296853325,36.56169063220187,27.65853961723201,8.903151014969865
frame_ajs_1046.16_1046.36,21.911051670585437,0.0,0.5371513367876506,393.7737365574903,348.4491605132649,45.32457604422535,20.71266013760473,13.571457984187731,7.141202153416998
frame_majs_1046.36_1046.6,30.97416671041165,0.0,0.26641615180434014,386.07520861572516,340.71848310007874,45.35672551564636,6.796289967584414,2.7065313082477758,4.089758659336638
frame_un_1046.6_1046.66,132.22722709876155,0.0,-0.5689353011159022,363.87625718751764,325.46237838845263,38.413878799065,27.381689872744673,9.51849167317853,17.863198199566142
frame_un_1046.66_1046.72,118.9893468929283,0.35999999999989996,-0.5689353011197329,364.8993652108306,326.73647811148174,38.162887099348836,9.461558560960128,5.63258736226291,3.828971198697218
frame_taw_1047.08_1047.24,2.5315774362945547,0.0,-0.410421810653936,407.3286090086857,361.93645620049483,45.392152808190815,14.20400990025314,7.387032913765921,6.816976986487219
frame_vejs_1047.24_1047.43,87.41928064901555,0.0,-0.08045016376787245,404.2751596268165,360.3415410378477,43.93361858896873,43.72484698888758,16.606322326057466,27.11852466283011
frame_te~_1047.43_1047.54,80.13218699391086,0.0,-0.6916519797181919,408.8487975003743,363.76570510179926,45.08309239857505,45.83486188774543,24.326302097287453,21.50855979045798
frame_Ja_1047.54_1047.64,16.435668041088604,0.0,-0.6811569956341685,408.79295794766745,363.65207147262936,45.14088647503809,28.34621200671188,20.22875106306867,8.11746094364321
frame_mi_1047.64_1047.75,6.642477754856969,0.0,-0.30463231950772235,402.19700847672783,359.78619779531977,42.410810681408066,23.409709759046905,10.990335921855547,12.419373837191358
frame_fa_1047.75_1047.95,5.971443083135512,0.0,0.1310485593157628,406.99042369997824,361.2720181546021,45.71840554537613,43.53651780806422,32.29802262824762,11.238495179816596
frame_La_1047.95_1048.15,19.50129784284036,0.0,0.6725189292823838,407.2840838145649,361.9446802415001,45.33940357306477,11.369950577420553,4.554345357363388,6.815605220057165
frame_du_1048.15_1048.23,21.872062296459745,0.0,-0.5689353011197329,405.9636233510954,361.7612863870421,44.2023369640533,4.348957034232342,1.8548043510651269,2.494152683167215
frame_u~_1048.23_1048.26,17.299534457306237,0.0,-0.7320718500150277,391.9943937455975,351.94487765151996,40.049516094077546,0.6754007467899044,0.35866119355699766,0.3167395532329067
frame_ma_1048.26_1048.38,18.619286321100873,0.0,-0.5457894031425133,407.27743408554073,362.73054183265174,44.546892252888995,3.3789425886135405,2.178596785070596,1.2003458035429446
frame_muj~_1048.38_1048.59,15.2873021409371,0.0,-0.2319872454257182,404.0508281652091,359.59127534470014,44.459552820508975,10.14798055883665,5.024995073264336,5.122985485572315
frame_tu_1048.59_1048.67,16.392152129945828,0.0,-0.5689353011197329,393.9592641379739,350.8536839727923,43.10558016518161,15.581122655660721,9.77318032985778,5.807942325802941
frame_majs_1048.67_1048.96,30.60762950095554,2.1900000000000546,0.807886521774039,402.5208889666132,355.7272656457039,46.79362332090932,23.291735854786737,9.092564763232986,14.199171091553751
frame_muj~_1051.15_1051.29,7.0026064613413155,0.0,-0.4004612732727255,402.80490439397624,357.920007852412,44.88489654156422,7.267378475543467,3.562185632297542,3.705192843245925
frame_tu_1051.29_1051.37,5.763131699253364,0.0,-0.5689353011197329,386.5662521326965,344.2334214505949,42.33283068210159,10.977564962138018,6.134928378500092,4.842636583637926
frame_majs_1051.37_1051.71,15.964788001010419,0.0,0.6725189292793059,399.22366680461056,352.6313147241786,46.592352080431965,10.251859174105135,6.9796628310760696,3.2721963430290657
frame_si~_1051.71_1051.91,1.7937349892159773,0.0,0.6695935271330807,397.17326027812,353.9276527217732,43.24560755634678,38.44997877023596,29.56160765818069,8.888371112055268
frame_plis_1051.91_1052.11,20.578997507309253,0.0,-0.30463231950772235,394.8930301390481,348.4556686669614,46.43736147208671,34.63895366965858,22.22483373172065,12.414119937937926
frame_a_1052.11_1052.19,29.653726708301207,0.0,-0.2750542181592029,388.2896243998123,348.2197297777104,40.06989462210191,2.5906545595401838,1.6090514780526917,0.9816030814874921
frame_si~_1052.19_1052.27,29.951736019851523,0.0,-0.7674571964817023,395.12325654758877,353.9862611472748,41.13699540031399,20.41167162133044,15.03733532669824,5.374336294632201
frame_ajs_1052.27_1052.36,115.93882715742821,0.0,-0.9518921806205569,386.93331819394166,345.0735025334383,41.859815660503386,2.3645875985447447,1.7771539017412863,0.5874336968034584
frame_ve_1052.36_1052.61,2.8665952700613104,0.0,2.919468593548921,405.50290114869387,356.40383757035954,49.099063578334324,18.394045074786646,8.481922439577716,9.91212263520893
frame_zis_1052.61_1052.72,43.3835026483153,0.0,-0.30463231950772235,407.7233543917489,363.69219555846246,44.0311588332865,24.704596572626087,7.547115398798326,17.15748117382776
frame_u_1052.72_1052.75,45.943671987100345,0.0,-0.5689353011197329,387.8287728117847,348.3844017429678,39.444371068816906,4.792975873909057,2.409094721853535,2.3838811520555225
frame_se_1052.75_1052.87,58.114017854575394,0.09000000000014552,0.3195390038743666,405.18992233641006,362.7204992177,42.46942311871004,23.435173875930843,9.567139737189223,13.86803413874162
frame_a_1052.96_1053.17,18.42686687205594,0.0,1.484724484232315,405.7691048624394,363.7924572094382,41.97664765300118,21.263167560801406,15.544956930323366,5.7182106304780405
frame_koj_1053.17_1053.3,11.359005978723133,0.0,-0.4886837644985534,410.04115255608036,366.0492326188073,43.99191993727305,30.933890967035268,15.845304958619948,15.08858600841532
frame_za_1053.3_1053.41,4.080103078974503,0.0,-0.2750542181592029,406.59846802555097,362.97851904801956,43.61994897753141,14.388346988753511,8.042032236165483,6.346314752588029
frame_majs_1053.41_1053.63,41.755895784487194,0.0,-0.13968662567062554,403.41791380121896,359.83577190749054,43.58214189372842,48.780881177437465,14.667281161533623,34.11360001590384
frame_ko_1053.63_1053.76,23.92969524807299,0.0,-0.4886837644985534,407.8231804005237,362.556065919353,45.26711448117072,11.977948976114675,7.3005311259584005,4.677417850156274
frame_Je_1053.76_1053.98,8.061170776332602,0.0,0.9195227553422726,398.3002750584161,354.02492531346417,44.27534974495194,84.74833821801352,54.24620014491214,30.502138073101378
frame_si_1053.98_1054.16,11.775702891294713,0.0,0.12616549377396266,399.9524819274967,356.0622894937094,43.89019243378732,36.49686940598315,21.143025491740218,15.35384391424293
frame_da_1054.16_1054.51,30.924219902817896,0.0,2.567665224165557,399.8911644376854,353.5766886544903,46.31447578319512,11.902592421926727,5.138559333989491,6.764033087937236
frame_saj_1054.51_1054.79,4.2631317834794515,0.0,-0.004319033178970312,406.4240654714781,357.4858578302204,48.93820764125769,57.04812648187743,42.83742803812925,14.210698443748186
frame_da_1054.79_1054.89,5.293446381416203,0.0,-0.5457894031425133,397.243596080954,357.4346708695782,39.808925211375765,8.057636971253743,6.087725873383647,1.9699110978700958
frame_ka_1054.89_1055.01,6.80792244110836,0.0,-0.410421810653936,398.8038010664395,355.7109449683453,43.09285609809422,32.36169158793206,17.679561826755958,14.6821297611761
frame_be_1055.01_1055.14,29.722774975306436,0.0,-0.28044474758444465,392.7164609408982,350.32632307404924,42.39013786684893,25.626408845456353,11.163023387979933,14.46338545747642
frame_sa_1055.14_1055.26,9.013915261005877,0.0,-0.6811569956372465,384.50510990358026,341.82628436965797,42.67882553392229,32.25909721541973,18.224712379022463,14.034384836397265
frame_da_1055.26_1055.39,27.011060641377412,0.0,-0.4104218106508581,393.44451977316436,349.96951519418235,43.47500457898201,6.3043922619819455,4.495247810050358,1.8091444519315871
frame_Ze~_1055.39_1055.59,81.50037305319503,0.0,-0.09563033803290302,382.81360831082935,341.438283665188,41.37532464564134,99.52349387050947,45.5464456364507,53.97704823405877
frame_tSi_1055.59_1055.65,132.00372293801863,0.2699999999999818,-0.5918308616900706,366.75797932646157,328.1959866869631,38.56199263949844,0.7671803905760441,0.5700963257732639,0.1970840648027803
frame_un_1055.92_1056.0,0.5257669254836514,0.0,-0.2319872454257182,389.90658733434697,347.58594523056473,42.320642103782234,12.353873758247431,7.388087590964773,4.965786167282658
frame_un_1056.0_1056.06,5.334526245588677,1.2200000000000273,-0.5689353011197329,371.52242568851653,335.71081210180137,35.81161358671517,6.718867293521782,3.5743028706079656,3.1445644229138168
frame_na_1057.28_1057.42,45.645816350869296,0.0,0.1310485593157628,401.8961799622828,358.9320012993893,42.96417866289352,33.60375571017329,7.751277615155232,25.852478095018057
frame_ko~s_1057.42_1057.59,79.86447130026013,0.0,-0.412372235971017,402.2211205271542,358.8363553084849,43.384765218669315,24.07992512081546,8.433943997283677,15.645981123531783
frame_tru_1057.59_1057.7,68.74005626329145,0.0,-0.2319872454257182,398.5171552757038,358.86129980367843,39.65585547202534,17.544990230421774,9.539781701426591,8.005208528995183
frame_sa~w~_1057.7_1057.91,74.99174769897135,0.0,0.006378482297144068,402.5375287020184,356.2577251222894,46.27980357972899,108.26861934606094,43.81631884353925,64.4523005025217
frame_dZi_1057.91_1057.99,5.081904355696594,0.0,-0.5918308616933357,400.0737075550162,357.73557704039075,42.33813051462545,5.874875455345716,1.052004706371946,4.82287074897377
frame_u~_1057.99_1058.02,19.194464525772588,0.0,-0.7320718500150277,384.76579116329293,344.2838068767976,40.48198428649533,0.4274764403666609,0.2972533895164702,0.1302230508501907
frame_ma_1058.02_1058.24,43.50528433703232,0.0,0.5371513367907286,397.60656637917305,352.7015117649335,44.90505461423953,22.806443409489162,11.180719072936512,11.62572433655265
frame_ka_1058.24_1058.5,0.9906862337165592,0.0,0.807886521774039,400.90891585634836,353.37148182504,47.53743403130835,304.7193258008235,255.5864163101337,49.132909490689826
frame_za_1058.5_1058.6,47.181925669361334,0.0,-0.8165245881289017,395.23198392414804,354.1728661438459,41.05911778030213,7.5858039361251315,3.0664383058914666,4.519365630233665
frame_poX_1058.6_1058.79,48.97312904354146,0.0,-0.6813105687566973,398.3998133777217,353.6628964424576,44.736916935264105,16.638405232810356,11.739225614146449,4.899179618663908
frame_e_1058.79_1058.9,44.51649899688829,0.0,0.7195281715211531,397.40297040948434,354.8027490349043,42.60022137458003,4.803921662076249,2.134751740118162,2.669169921958087
frame_ze~_1058.9_1059.2,13.131370317000687,0.0,1.5434291766050294,402.6645132943139,354.9958294114084,47.6686838829055,62.05060781163337,27.857902176160906,34.192705635472464
frame_plu_1059.2_1059.39,33.13291392716198,0.32999999999992724,0.6103828938131491,387.3101649866401,344.97632542449907,42.33383956214101,77.1208088215977,49.40620094916821,27.714607872429497
frame_ew_1059.72_1059.89,8.912951465848181,1.709999999999809,1.1195173391588449,398.6048388256588,353.3080040285509,45.29683479710792,81.62745509770596,38.88132640500382,42.74612869270214
frame_gos_1061.6_1061.8,78.97157950936585,0.0,0.47445025679216624,408.494803199589,363.1611757415605,45.3336274580285,27.38570148337294,10.32091982792457,17.06478165544837
frame_ta_1061.8_1061.88,42.60548193123313,0.0,-0.951892180617479,403.82577657486297,361.4903071494092,42.335469425453766,39.824978702656495,15.822526154218565,24.00245254843793
frame_ri_1061.88_1061.94,56.09157756912245,0.0,-0.5918308616933357,404.8495984680561,362.37305283748526,42.4765456305708,1.3818236100819377,0.3168219791884326,1.065001630893505
frame_a_1061.94_1061.99,18.02920922008593,0.0,-0.6811569956372465,385.32050390214505,346.2966371484786,39.023866753666425,19.783356466629414,12.707567638962615,7.075788827666798
frame_ki_1061.99_1062.17,19.440066431799977,0.0,-0.30463231950445724,402.18074011723445,357.0052002452188,45.175539872015634,62.0758056762422,35.35590774955574,26.719897926686457
frame_vo_1062.17_1062.23,20.607947241580632,0.0,-0.8739373730148412,378.718741257423,340.0443752156394,38.67436604178363,20.84518562413487,14.268795989727181,6.57638963440769
frame_se_1062.23_1062.39,37.571049080648464,0.0,-0.08045016376332509,407.2390933701563,363.04091014584014,44.19818322431615,26.585278280237645,10.110294733931255,16.47498354630639
frame_dZi_1062.39_1062.49,19.28004963888256,0.0,-0.017433777322109042,399.64244060680824,357.61940949565144,42.02303111115674,34.75140932326093,12.06416673317284,22.68724259008809
frame_se_1062.49_1062.62,25.443660281657458,0.0,-0.28044474758899196,403.53923881073604,359.3828162393594,44.15642257137665,32.390531868845585,17.023352295032424,15.36717957381316
frame_si_1062.62_1062.7,71.62427644303696,0.0,-0.30463231950772235,376.89765635274,337.3158189080176,39.581837444722396,56.78976869562882,34.96366480398842,21.8261038916404
frame_a_1062.7_1062.75,161.63994135873693,0.0,-0.6811569956372465,364.5020231195265,326.5217077422388,37.980315377287695,1.9983094338866962,0.6665622253803605,1.3317472085063358
frame_si~_1062.75_1062.81,35.36196112733137,0.0,-0.9271294991051637,364.9241496274518,326.77078402676625,38.15336560068556,15.224455426710193,9.203308429895316,6.021146996814878
frame_to_1062.81_1063.08,77.88046838170524,0.0,1.4375842780828858,411.2179412366929,362.25530869374506,48.96263254294786,73.27814244028554,19.93181189895381,53.346330541331724
frame_dus_1063.08_1063.22,5.118622497056293,0.0,-0.06351321757871085,398.77714560993576,355.0448368840196,43.73230872591614,27.178158103717095,14.635944957586844,12.542213146130251
frame_ujs_1063.22_1063.41,0.6554282190594449,0.0,0.44190886596231116,400.11773261168776,355.68411148162784,44.43362113005992,21.088193699390985,8.059384505629993,13.028809193760992
frame_pro_1063.41_1063.67,20.61113967567573,0.0,-0.48868376449417356,401.9563856441723,356.8971925683022,45.0591930758701,19.947841638897472,5.921805179096424,14.026036459801048
frame_fi_1063.67_1063.73,,0.0,-0.5918308616933357,383.79968733671114,345.6167779921858,38.18290934452534,,,
frame_si_1063.73_1063.83,23.37615388493478,0.0,-0.448231590600529,402.2867938465148,358.13007956350486,44.15671428300993,17.406851277034207,11.03381625983971,6.373035017194496
frame_o_1063.83_1063.88,32.17531141414739,0.0,-0.48868376449417356,393.1718671063137,353.2017385921104,39.97012851420328,4.026884559656139,2.499808271735901,1.527076287920238
frame_najs_1063.88_1064.34,27.0150425729137,0.0,1.484724484232315,401.10091652621537,348.36464102745236,52.73627549876301,30.263980938200632,12.339109484009668,17.924871454190964
frame_ki_1064.34_1064.44,20.683235141102102,0.0,-0.448231590600529,391.0806533562456,350.10995931984087,40.97069403640472,29.3626793999409,11.73064405023618,17.632035349704722
frame_po_1064.44_1064.59,3.853054164046455,0.0,-0.4886837644985534,406.6501299201519,361.92653330091196,44.72359661923997,7.9367268782756355,3.1025942708285186,4.834132607447117
frame_de_1064.59_1064.76,20.928665045685477,0.0,0.5195335876954862,406.5512865096487,361.1968417651579,45.35444474449082,17.5008938857502,7.303157558541955,10.197736327208247
frame_ri_1064.76_1064.85,16.797864344891508,0.0,-0.30463231950772235,401.89347165082546,358.49734310000025,43.39612855082521,6.163533323878909,1.663735034576348,4.499798289302561
frame_a~w~_1064.85_1064.94,28.837638778399082,0.0,-0.6984438112383353,393.0281961535173,353.3857496615938,39.642446491923465,12.252073428077296,6.67093398002757,5.581139448049726
frame_tra_1064.94_1065.12,36.53923380719576,0.0,-0.410421810653936,399.11834867887745,355.8576369901127,43.26071168876473,22.02718473286086,6.865207356354745,15.161977376506115
frame_ba_1065.12_1065.28,44.10504729976623,0.0,-0.004319033178970312,397.9052586741868,353.3067212145334,44.598537459653414,20.98142691720534,15.617766521340286,5.363660395865054
frame_LaX_1065.28_1065.59,15.48957443556148,0.15000000000009095,1.0786217067573494,398.15714273323266,351.49389020720764,46.66325252602502,61.78842053833242,46.248923382587634,15.539497155744783
frame_pa_1065.74_1065.9,20.471888308453032,0.0,-0.00431903317589241,406.76618578838674,360.98489915444947,45.78128663393727,12.82000969940185,3.1718471804194053,9.648162518982446
frame_ra_1065.9_1066.03,10.821620085444948,0.0,-0.13968662567062554,402.2286742116988,359.60417853922513,42.62449567247364,12.305568582836514,3.3886062492532574,8.916962333583257
frame_E_1066.03_1066.06,13.32611204010837,0.0,-0.8152726079886352,360.92215804834956,322.3841656061955,38.537992442154064,1.4415902030769132,0.7051122414341648,0.7364779616427484
frame_sa_1066.06_1066.16,5.646785911335883,0.0,-0.5457894031425133,392.9626806618469,353.0989215401549,39.863759121692,25.694976864398797,17.33593591685431,8.359040947544486
frame_krujs_1066.16_1066.5,23.468001998582082,0.0,-0.5689353011197329,391.21494891057944,342.56932555851466,48.645623352064774,30.68172605951412,20.68891994908745,9.99280611042667
frame_pa_1066.5_1066.59,16.55431194753851,0.0,-0.9518921806205569,376.14635251111247,335.7703140849517,40.37603842616079,385.667417667823,203.89664299091854,181.77077467690447
frame_ra_1066.59_1066.65,1.9742837470115262,0.0,-0.951892180617479,400.46180419005236,360.7678927011794,39.69391148887297,5.154730224602332,1.226311337232687,3.928418887369645
frame_E_1066.65_1066.73,1.7795729027735376,0.0,-0.284119675259613,399.8965166612768,358.7624176000012,41.13409906127566,11.044754243303203,6.3218219149312915,4.722932328371911
frame_sa_1066.73_1066.87,8.781967366056307,0.0,-0.410421810653936,392.0826992068997,351.1541149782302,40.92858422866948,32.68730292656599,13.658566917741865,19.028736008824126
frame_ko~s_1066.87_1067.2,16.69884912484443,0.0,-0.8740712944248503,392.47264814738264,345.1976395814189,47.27500856596379,34.38426388381657,23.698529677948926,10.685734205867647
frame_tru_1067.2_1067.29,73.76992318039171,0.0,-0.5689353011197329,374.94097126682595,333.6760969230129,41.26487434381306,664.8825240835007,430.539238333006,234.34328575049474
frame_sa~w~_1067.29_1067.5,45.177192943814276,2.8199999999999363,-0.5222382378584719,374.7802326993254,332.6282214540043,42.15201124532109,532.6470940230658,467.0035551909038,65.64353883216211
frame_u_1070.32_1070.39,0.9161585075659957,0.0,0.10496081027212714,402.61852010591576,360.08729176128116,42.5312283446346,5.7101541841442724,4.167341099437579,1.5428130847066939
frame_e~_1070.39_1070.48,2.689697817390538,0.0,-0.09563033803290302,403.98379128428707,360.23918996355064,43.74460132073642,4.215305820455768,2.9620654975411185,1.2532403229146496
frame_Ze_1070.48_1070.66,9.134817676772684,0.0,-0.6804339152266837,403.07469974153054,355.6526208294074,47.42207891212314,31.11847472608099,11.355815654337277,19.762659071743713
frame_Jej_1070.66_1071.1,10.746799463515146,0.0,-0.6804339152312311,404.59127338274766,350.28599646289683,54.30527691985088,23.282330013624687,15.583691442290899,7.698638571333788
frame_ru_1071.1_1071.34,40.07583681075596,1.4200000000000728,1.6212270608913626,399.28608910934656,353.5989142779094,45.687174831437176,23.569061529655784,7.158726260045199,16.410335269610584
frame_u_1072.76_1072.8,2.0056203707214024,0.0,-0.4004612732727255,394.31686375243225,354.66777115448747,39.64909259794479,5.978657361451013,3.257866286872712,2.720791074578301
frame_e~_1072.8_1072.98,1.7254820218589373,0.0,1.2454183557623848,403.2636512561059,358.51535093408734,44.748300322018565,22.28490807041956,9.841304980001468,12.443603090418094
frame_prej_1072.98_1073.29,5.586057836723938,0.0,0.11954442005779445,404.7332571255215,355.4253254046071,49.30793172091438,29.96781704575696,23.21307395357286,6.7547430921841
frame_tej_1073.29_1073.7,8.969612477585969,0.0,3.919441512659066,402.81210785666804,351.8686403859947,50.94346747067334,36.014862295093565,26.439062258003958,9.575800037089607
frame_ru_1073.7_1073.95,19.336316334642504,2.3199999999999363,2.2951231722832226,398.27388005073885,353.5407749406704,44.733105110068436,16.842500312538988,9.546888259080731,7.295612053458257
frame_o_1076.27_1076.4,6.782033195300443,0.0,1.0523306695709778,401.6997379674987,359.42609739202624,42.273640575472484,2.7505649298041135,1.5331842136703244,1.217380716133789
frame_pe_1076.4_1076.57,19.038520210800414,0.0,1.3195119229799643,414.9232574308898,367.44968644450853,47.473570986381276,43.04974600518,24.090344587269186,18.95940141791081
frame_ra_1076.57_1076.93,12.52749985637621,0.0,2.973768001643601,410.4628388625839,358.1250323606785,52.33780650190539,20.021742691859714,15.061261488553527,4.960481203306188
frame_rius_1076.93_1077.39,6.10447395447369,1.4399999999998272,-0.1610330484149157,400.79460896871007,348.8620864849154,51.932522483794685,18.059693676895506,5.1515996426363415,12.908094034259165
frame_ujs_1078.83_1078.95,0.6404119968237865,0.0,-0.5689353011197329,400.8100673004885,356.2536238594024,44.55644344108612,22.46957117675771,11.478855907581107,10.990715269176604
frame_o_1078.95_1079.03,3.5332017359248766,0.0,0.08919664827587839,399.3410323121192,359.0133027358677,40.3277295762515,9.802074605648073,5.947829378372944,3.854245227275129
frame_pe_1079.03_1079.23,11.351383101324274,0.0,0.5195335876954862,404.8014457761449,358.3158177215324,46.48562805461245,39.65875406378933,27.981453638586657,11.677300425202674
frame_ra_1079.23_1079.45,2.116630574006649,0.0,1.0786217067573494,401.90018865503265,354.2824300817864,47.61775857324625,6.879702836256712,4.850440025228153,2.029262811028559
frame_rius_1079.45_1079.62,7.448854951219232,0.0,-0.448231590600529,394.60269148223665,350.63118347540444,43.971508006832266,18.507992628223093,9.111121995929807,9.396870632293286
frame_da_1079.62_1079.79,1.4465819986693305,0.0,0.5371513367876506,398.78440131695464,356.33693301687464,42.447468300080004,4.670095110411296,3.67937497267809,0.9907201377332058
frame_ka_1079.79_1080.04,5.229232224816826,0.0,0.6725189292793059,395.53076826096947,348.19007226863965,47.34069599232981,6.524052512770538,3.914433566346503,2.6096189464240354
frame_za_1080.04_1080.17,4.07929812749768,0.0,-0.5457894031425133,382.1739777906542,339.49635372109225,42.67762406956194,10.239644140933734,4.065792653937166,6.173851486996568
frame_ki_1080.17_1080.26,105.00799878142925,0.0,-0.5918308616933357,375.4799349821564,335.73110359594,39.74883138621641,3.725679883742451,2.1346169936358805,1.5910628901065706
frame_se_1080.26_1080.46,8.577402781104183,0.0,-0.4804393314101115,395.88169981164924,351.2086042570929,44.67309555455637,7.975546093269514,4.933205196890384,3.0423408963791303
frame_ri_1080.46_1080.56,8.005897545766175,0.0,-0.1610330484149157,394.35926566996045,353.161672787407,41.197592882553465,7.7027257541235485,3.8072442448982713,3.8954815092252773
frame_a~w~_1080.56_1080.63,2.2085822216671716,0.0,-0.8746493846262117,397.309180629454,354.4067075817802,42.90247304767382,1.583096963572018,0.9352997572200081,0.6477972063520099
frame_ujs_1080.63_1080.76,5.502591770059297,0.0,-0.5689353011197329,381.16659602083064,338.142726926057,43.0238690947736,8.38361950205956,3.1970432276978045,5.186576274361755
frame_pe_1080.76_1080.93,27.636722796220027,0.0,0.319539003878914,403.7055474785001,359.59100848511946,44.11453899338068,54.690130065397454,35.99219855284835,18.697931512549104
frame_drej_1080.93_1081.26,0.0031907652356437666,0.0,1.7195010906267507,394.48601796218634,345.3724606936264,49.11355726855993,19.308844553179085,10.422835385092213,8.886009168086872
frame_rus_1081.26_1081.45,38.07488950515969,0.0,-0.4004612732727255,389.3649063344469,344.4635719341634,44.901334400283474,122.70614798446675,48.5148545761449,74.19129340832185
frame_nE_1081.45_1081.63,36.78793110188883,1.3599999999999,0.1408026709260201,395.25156797997,352.0801319317221,43.17143604824787,115.2902786258294,38.483712597119165,76.80656602871024
frame_i_1082.99_1083.1,9.818009580691097,0.0,0.5569633070491176,409.81786309530656,366.7276768367847,43.09018625852184,33.480384657541435,17.27239328943628,16.207991368105155
frame_u_1083.1_1083.13,32.71029698109828,0.0,-0.5689353011159022,397.79279657603473,356.05119714791715,41.74159942811758,9.70289969312148,6.790940857575777,2.911958835545704
frame_a_1083.13_1083.62,4.827110374578638,0.14000000000010004,5.2750170739986615,413.77925493963755,356.2683864973062,57.5108684423314,223.88437214570044,149.29769500012742,74.58667714557302
frame_i_1083.76_1083.79,5.550174252103801,0.0,-0.5918308616933357,397.4314273298298,355.6931596339774,41.73826769585236,4.828241027612137,2.1332319195437606,2.6950091080683762
frame_a_1083.79_1083.82,9.044233150745015,0.0,-0.9518921806205569,374.9576409316186,335.7762073551131,39.18143357650547,1.6160905851695304,0.7008555232956439,0.9152350618738865
frame_i_1083.82_1083.87,11.800415020996354,0.0,-0.30463231950772235,379.39719098373246,340.07648655451595,39.320704429216505,1.9025720347740673,1.2218813148932952,0.6806907198807721
frame_te~j~_1083.87_1084.02,60.877114497905865,0.0,-0.8406573901395141,412.57313331970335,366.0355560657989,46.53757725390443,16.946072695176326,9.850253970610765,7.095818724565561
frame_a_1084.02_1084.12,63.49789198869584,0.0,-0.004319033178970312,389.4738290953568,349.4114640029569,40.06236509239989,12.448873939015527,6.016517494561754,6.432356444453774
frame_paX_1084.12_1084.33,21.23787636492915,0.0,-0.004319033178970312,408.8134990081553,363.4512038233098,45.36229518484549,27.853470659698814,22.61593855636241,5.237532103336406
frame_tSi_1084.33_1084.4,1.4470271368118404,0.0,-0.5918308616900706,399.05141541190903,356.78820959591087,42.263205815998106,20.41949876679439,13.23372899903589,7.185769767758501
frame_dZi_1084.4_1084.47,19.920902296183357,0.0,-0.5918308616933357,411.72468784639864,368.78806176873013,42.93662607766851,5.720178632399211,3.3574926395932607,2.3626859928059503
frame_o_1084.47_1084.52,21.811824723386195,0.0,-0.4886837644985534,383.587175380708,343.2010880804585,40.38608730024953,1.870206136547182,0.6230891821761588,1.2471169543710232
frame_pe_1084.52_1084.65,19.04148026227824,0.0,-0.28044474758444465,413.56826442412336,368.12507476248487,45.443189661638485,29.076177588060176,15.280028419159464,13.796149168900712
frame_ra_1084.65_1084.84,0.8728400557139366,0.0,0.6725189292793059,410.4613310690312,364.5085294438446,45.95280162518657,12.066297354800923,8.195300887628434,3.870996467172489
frame_rius_1084.84_1084.96,43.424993161174285,0.0,-0.5918308616900706,385.59552414871087,342.6909379658845,42.904586182826336,217.04691479067878,168.92891321088257,48.118001579796214
frame_es_1084.96_1085.02,99.12295841657854,0.0,-0.8804284990523507,381.4910867875334,340.6570363657693,40.83405042176412,11.922047085969126,7.387459693600491,4.5345873923686355
frame_pe_1085.02_1085.11,20.731182984805997,0.0,-0.28044474758899196,402.20841378812366,360.7205734900196,41.48784029810406,11.017553419100807,6.227746970168738,4.789806448932069
frame_si_1085.11_1085.19,39.3455428441429,0.0,-0.448231590600529,397.0481100896608,355.57434744130717,41.47376264835367,29.422927134645136,17.386132664773015,12.03679446987212
frame_a_1085.19_1085.27,12.38974601835588,0.0,-0.27505421816228076,400.4625422048743,358.3012550603399,42.16128714453441,8.611015117637095,4.948203778423704,3.662811339213391
frame_li_1085.27_1085.4,18.41398307115756,0.0,0.2697647648667693,399.925677968734,356.70061838354366,43.225059585190365,25.509623191220555,13.460607290935343,12.049015900285212
frame_za_1085.4_1085.56,33.28321161773681,0.0,0.13104855931268491,407.45179910766626,361.55899577541845,45.89280333224781,33.84186429770037,23.589054119700393,10.252810177999976
frame_dus_1085.56_1085.65,59.283210868721625,0.0,-0.5689353011197329,399.48619889047046,356.2316966329421,43.25450225752837,12.027389931690067,7.33178041775966,4.695609513930407
frame_e~_1085.65_1085.7,66.20829753381383,0.0,-0.6916519797181919,380.450279294654,341.500017458222,38.95026183643205,3.36576559344806,2.3526318265037673,1.0131337669442928
frame_ta~w~_1085.7_1085.85,49.787723793146654,0.0,-0.6984438112423418,397.3652324779135,354.24384849136226,43.12138398655122,28.588681470600022,15.250946388003968,13.337735082596055
frame_ki_1085.85_1085.99,147.993992354027,0.0,-0.017433777322109042,382.9809786630136,341.6131392931246,41.367839369889,26.284017250989912,11.755136231450507,14.528881019539405
frame_fajs_1085.99_1086.25,52.2201740859893,0.0,-0.00431903317589241,402.61287476802823,353.81901252825105,48.793862239777184,36.4760710470575,27.51046848911278,8.96560255794472
frame_u_1086.25_1086.37,151.88368023338745,0.08000000000015461,0.9473309495033332,382.92271298736694,341.442975884372,41.47973710299493,8.169098478456554,2.7836941914552114,5.385404287001343
frame_tE_1086.45_1086.82,11.614846318020284,0.0,2.3716449883879136,408.07593514862594,357.4127811069957,50.663154041630264,59.96012190312712,46.52661449396632,13.433507409160796
frame_tu_1086.82_1086.94,10.924797463099509,0.0,-0.2319872454257182,377.5293232162475,337.0969921901617,40.43233102608582,2.565678101831651,0.897116561883621,1.6685615399480298
frame_ki_1086.94_1087.08,0.2112606626812692,0.0,-0.5918308616933357,381.1638755226021,339.3803512213684,41.78352430123368,16.220816590964773,7.900771261456953,8.32004532950782
frame_fajs_1087.08_1087.47,6.969194647584175,0.0,0.9432541142656943,398.6870886192816,346.08162242239047,52.60546619689114,21.61906774264989,12.31037316417411,9.30869457847578
frame_u_1087.47_1087.53,5.586045235985409,0.0,-0.06351321757871085,382.66659312490185,342.6471501251729,40.01944299972894,3.4040326704702863,2.346261398838408,1.0577712716318786
frame_Sa~w~_1087.53_1088.16,8.008786890428752,0.0,1.5922286427519727,395.3929792623436,337.2503801188453,58.14259914349822,23.841544446124743,13.693981805323432,10.147562640801311
frame_ki_1088.16_1088.3,6.029295953217371,0.0,-0.1610330484149157,378.91265156425817,336.36866557613945,42.54398598811872,5.120412401606359,2.309612015833153,2.810800385773206
frame_fajs_1088.3_1088.61,0.6700962034412328,0.43000000000006366,0.13104855931268491,401.0672998460373,352.7849580316207,48.28234181441661,21.0469307176636,10.264191197045534,10.782739520618065
frame_u~_1089.04_1089.07,,0.0,-0.7320718500150277,380.00368810162183,340.39290465703186,39.61078344458997,,,
frame_ma_1089.07_1089.16,83.54760174165477,0.0,-0.5457894031425133,397.06424067475064,354.994258110115,42.06998256463561,7.400799653154564,2.892013565663973,4.508786087490591
frame_de_1089.16_1089.31,4.429441620825884,0.0,0.3195390038743666,399.4061150956079,356.8616682633076,42.54444683230031,10.87173692099293,5.0851708659143355,5.786566055078595
frame_teR_1089.31_1089.47,4.552586760410378,0.0,-0.08045016376332509,401.5711958041544,357.08333680750684,44.48785899664756,15.785759814416707,8.028035306996316,7.7577245074203915
frame_mi~_1089.47_1089.58,6.078170470206288,0.0,-0.7674571964817023,397.21710015677985,354.3668783475266,42.85022180925324,5.56016818762339,3.5926041563101876,1.9675640313132021
frame_na_1089.58_1089.78,7.104303425516321,0.0,0.5371513367876506,398.70777087354656,352.95088495123576,45.7568859223108,10.328916231091313,3.4704819428370115,6.858434288254301
frame_da_1089.78_1089.93,11.456383436577823,0.2599999999999909,-0.13968662566754764,393.85299789896635,352.6201437711353,41.23285412783105,7.978830138340896,4.269327362081924,3.7095027762589723
frame_u_1090.19_1090.24,8.62009199950731,0.0,-0.2319872454257182,375.36859566884124,336.5180963562732,38.85049931256805,10.026201429046154,5.814280945121482,4.211920483924672
frame_ki_1090.24_1090.59,3.736233687023315,0.540000000000191,2.1365552890732555,400.61154156463897,350.90044469864847,49.7110968659905,51.69857565366982,22.705763357958375,28.992812295711445
frame_an_1091.13_1091.46,9.876486779678828,0.14999999999986358,2.7030328166572124,396.8961940104692,347.78487109225125,49.11132291821792,18.81550632552333,10.560359971131959,8.255146354391371
frame_a_1091.61_1091.7,39.97452684953882,0.0,-0.13968662566754764,378.92504315120635,340.40229251854345,38.522750632662905,13.744945508840033,9.001597627755302,4.7433478810847305
frame_se~_1091.7_1092.0,4.1426528631370445,0.0,0.9474075349197405,403.1674288185776,354.93650947988124,48.23091933869637,85.21890570959766,48.30355807600179,36.91534763359587
frame_ta_1092.0_1092.08,13.93136944410972,0.0,-0.9518921806205569,396.35480207539763,353.4766815668462,42.87812050855143,18.49803862016313,10.997067863867557,7.5009707562955725
frame_ujs_1092.08_1092.18,18.935718595980944,0.0,-0.5689353011197329,401.41644233972323,357.3744171079858,44.042025231737455,17.395908910003925,6.033723173767356,11.362185736236569
frame_a_1092.18_1092.25,23.021499255650298,0.0,-0.410421810653936,393.8754700383857,353.3872060747603,40.4882639636254,3.412963911096682,1.9954307139625485,1.4175331971341336
frame_zu_1092.25_1092.42,37.302122916954715,0.0,0.6103828938131491,407.85488645433287,360.4849225254422,47.369963928890684,49.8847509897648,13.507077397550432,36.377673592214364
frame_li_1092.42_1092.74,6.576419485290643,0.0,2.280154560166062,408.8053389702553,357.91587501599395,50.88946395426137,50.06141042834929,32.451617280869186,17.609793147480104
frame_Zujs_1092.74_1093.19,81.80284941686809,0.38999999999987267,-0.40046127326889486,388.28078581807443,335.9601101722602,52.32067564581422,118.37646188597839,70.27880541940523,48.097656466573156
frame_u_1093.58_1093.64,17.229493003365718,0.0,-0.0635132175748802,379.61954654530524,339.24999445894423,40.36955208636101,2.9911333791521884,2.1218665107966785,0.8692668683555098
frame_ki_1093.64_1093.82,0.9325335896996307,0.0,0.26976476486350426,399.67202720151187,356.3207955698003,43.351231631711585,21.09476601108861,8.358361665232195,12.736404345856414
frame_fajs_1093.82_1094.02,17.725628256420066,0.0,-0.27505421816228076,407.4803129903959,361.9487606122413,45.53155237815457,20.690288646156517,13.816904511088381,6.873384135068136
frame_u_1094.02_1094.06,14.771332441362716,0.0,-0.4004612732727255,394.36286963665384,353.968089266011,40.39478037064282,0.7382759454138181,0.35394746839622826,0.3843284770175899
frame_e~_1094.06_1094.13,33.567112957730075,0.0,-0.39364115887215945,388.1810550407961,346.6818184915452,41.499236549250895,7.824767713503292,5.265974861400537,2.558792852102755
frame_ka_1094.13_1094.27,19.497433984888715,0.0,-0.8165245881289017,400.21126676403884,354.7783898768938,45.43287688714503,31.661318822630847,24.15166519536257,7.509653627268278
frame_na_1094.27_1094.38,35.673199740079326,0.0,-0.5457894031425133,407.3134018490649,362.23967542340574,45.07372642565923,40.20749179602251,16.608869058340645,23.598622737681865
frame_me~_1094.38_1094.72,13.454148610654045,0.0,2.1394508182903182,405.80491210504806,357.97759484080194,47.82731726424612,55.21604554021991,35.38542221632224,19.83062332389767
frame_tu_1094.72_1094.82,131.0927358103637,0.0,-0.5689353011197329,373.88087222428237,334.79528538098566,39.08558684329671,2.9689093339528227,1.2278902359283421,1.7410190980244806
frame_ki_1094.82_1094.9,440.28831112706007,0.0,-0.5918308616900706,378.25149784893546,339.72111075902234,38.53038708991312,3.3713865244310455,0.9832489746399915,2.388137549791054
frame_se_1094.9_1094.98,23.70598111705769,0.0,-0.8804284990523507,402.13473168295866,358.9963254494502,43.138406233508476,32.46777778067252,22.972721817670674,9.495055963001846
frame_ri_1094.98_1095.08,41.68559362206696,0.0,-0.1610330484149157,390.25692348047136,349.5201776674443,40.736745813027085,14.629771709318504,7.000267032395669,7.629504676922835
frame_a_1095.08_1095.11,54.0652221219878,0.0,-0.9518921806205569,363.0649007531297,324.60295346754856,38.46194728558112,10.084732871179114,4.535774224659832,5.5489586465192815
frame_u_1095.11_1095.14,54.08196335284924,0.0,-0.5689353011159022,372.4046123459349,334.6744173273724,37.73019501856248,28.597956926694792,11.209194924851602,17.38876200184319
frame_e~_1095.14_1095.17,91.78150284464238,0.0,-0.9896628005608363,361.0693344156367,324.283158296907,36.78617611872971,15.844749095284385,6.902116510415567,8.942632584868818
frame_ka_1095.17_1095.25,8.9198843146319,0.0,-0.8165245881289017,398.703542087354,355.6524374011628,43.051104686191195,20.094594772122775,12.885874978360903,7.2087197937618726
frame_na_1095.25_1095.43,30.200895545769413,0.0,0.5371513367907286,404.5340686391245,359.6980044797701,44.83606415935441,52.81976553666016,17.778907500981518,35.04085803567864
frame_doX_1095.43_1095.65,7.100981828657638,0.0,1.244957473824742,407.9660994204046,362.4578748755618,45.50822454484279,49.057136373583916,25.82156766413496,23.235568709448955
frame_u_1095.65_1095.68,34.48832280588368,0.0,-0.5689353011197329,384.20716513960747,343.84890027628137,40.3582648633261,0.44029686423309045,0.32447648356955483,0.11582038066353562
frame_e_1095.68_1095.75,51.20462177025615,0.0,-0.08045016376787245,390.7203466890644,348.22530244422467,42.49504424483973,9.246253250794695,3.6156811389915617,5.630572111803133
frame_le_1095.75_1095.87,43.6295810157016,0.0,-0.4804393314101115,395.7504201852463,353.6264030798395,42.12401710540678,3.5648901755923816,1.2361991532515333,2.3286910223408483
frame_tri_1095.87_1096.17,5.738367645889923,0.0,0.9877611203308025,400.35835116736433,353.17393094080427,47.184420226560064,192.98414936566883,54.22779857763351,138.75635078803532
frame_sis_1096.17_1096.3,15.279421740927063,0.0,0.0,397.7171461029756,353.78801208595326,43.92913401702236,27.722506398881222,16.25547137020962,11.467035028671603
frame_ta_1096.3_1096.79,58.532569120731694,0.9400000000000546,1.274959662516416,397.5066687089379,343.18711624135676,54.31955246758116,136.75728513245406,63.29535708075554,73.46192805169852
frame_i_1097.73_1097.76,,2.0599999999999454,-0.5918308616933357,347.59055277199013,309.7243213222795,37.8662314497106,0.048698128322911316,0.029818383224089473,0.018879745098821843
frame_u_1099.82_1099.96,39.70098286307993,0.0,1.2842790052011785,383.079227515146,340.0051270822323,43.07410043291367,12.328723367981098,6.802895173569027,5.525828194412071
frame_ki_1099.96_1100.19,69.64791100241115,0.0,-0.1610330484149157,389.00792970400147,342.379338278501,46.628591425500474,151.0905360950446,77.5760726990494,73.5144633959952
frame_majs_1100.19_1100.62,124.96146672532966,0.12000000000011823,0.5371513367907286,381.7547282692495,333.7382840433066,48.016444225942905,93.2915555542867,74.0596814218414,19.2318741324453
frame_ki_1100.74_1100.86,5.546042236178494,0.0,-0.30463231950772235,397.3624075541221,355.34549265711746,42.01691489700471,31.742238505252175,12.095641094134464,19.64659741111771
frame_da_1100.86_1100.98,22.55351499877986,0.0,-0.5457894031455912,407.3333043434945,362.8198178431542,44.513486500340264,24.005883885201058,19.222290871066463,4.7835930141345955
frame_u_1100.98_1101.01,27.26691690893685,0.0,-0.5689353011197329,392.18181964035716,351.5555488911573,40.626270749199875,0.7438017067938176,0.48580687365625863,0.257994833137559
frame_a_1101.01_1101.12,30.834445559589057,0.0,0.13104855931268491,388.11129158283495,347.42074111638067,40.69055046645428,6.526130947606788,3.1105426412696033,3.4155883063371846
frame_ka_1101.12_1101.27,33.790146209436244,0.0,-0.410421810653936,398.50165957933916,355.9196869412622,42.581972638076934,6.693270561805235,4.912023703089943,1.781246858715292
frame_ba_1101.27_1101.41,32.332506701023505,0.0,-0.2750542181592029,404.43791069217343,359.3141236980849,45.123786994088505,39.87795231236686,21.68857261919092,18.189379693175937
frame_me~_1101.41_1101.8,11.110953663700997,0.0,2.884477870396929,400.39516357972894,349.94040256583907,50.45476101388988,40.00670726458128,28.524377366200326,11.482329898380954
frame_tu_1101.8_1102.04,34.18670935320205,2.1100000000001273,0.9473309495033332,391.9289873852624,346.18256935419913,45.746418031063286,147.03669226354882,54.981652034639836,92.05504022890898
frame_e~_1104.15_1104.25,33.67921645867992,0.0,0.05337507238841919,385.7439919389546,345.78072600198374,39.963265936970856,18.126695930997414,11.072408582527828,7.054287348469586
frame_ta~w~_1104.25_1104.66,14.189261877292438,0.0,0.1825840556810139,400.84833327937486,347.07999142255113,53.768341856823724,51.561890061587775,21.877925350160723,29.683964711427052
frame_E_1104.66_1104.81,0.4119141615717581,0.0,0.459494430561018,397.70463379447625,355.1894711127178,42.515162681758454,34.6027438165969,20.267369973973672,14.335373842623227
frame_sa~w~_1104.81_1105.08,8.389604499003298,0.0,-0.8746493846262117,401.1716830088905,352.1786799746324,48.993003034258095,24.161254881365437,17.62156113171838,6.539693749647057
frame_E_1105.08_1105.14,17.880612588414323,0.0,-0.4965808483488065,381.75442914452753,341.0372439116537,40.71718523287382,4.596189015325507,3.406593335417341,1.189595679908166
frame_sas_1105.14_1105.32,102.08562161677659,1.7200000000000273,0.0,392.1305471230456,346.5414227574093,45.58912436563628,188.54011973440782,115.39204931891246,73.14807041549538
frame_to_1107.04_1107.19,16.21521774631043,0.0,0.47445025679654607,396.955273067003,354.63636118230977,42.31891188469325,21.088818994700915,14.909109665350883,6.1797093293500325
frame_dus_1107.19_1107.38,3.2985330983547954,0.0,-0.4004612732727255,395.80513790319725,349.69142594319715,46.1137119600001,10.799914880563847,5.804747719315486,4.995167161248361
frame_e_1107.38_1107.51,22.84430023128087,0.0,1.1195173391588449,394.6016162639942,350.68611404453594,43.91550221945823,5.896732356997489,3.3734987575090827,2.5232335994884068
frame_lis_1107.51_1107.65,11.389308260413287,0.0,0.1261654937706976,394.396881945646,349.5434738963818,44.8534080492642,4.508039722585863,2.778886302976872,1.7291534196089913
frame_na_1107.65_1107.76,19.4552786636755,0.0,-0.410421810653936,391.32671532908995,350.9303365929354,40.39637873615453,6.156638091465226,4.675036087028673,1.481602004436553
frame_tu_1107.76_1107.89,14.572500906336472,0.0,-0.40046127326889486,391.19045686388824,347.8408228697713,43.34963399411697,20.41640530640828,11.091088774749608,9.325316531658672
frame_raw_1107.89_1108.02,26.33649452189374,0.0,-0.9518921806205569,392.9563236709498,349.0420477747567,43.914275896193146,8.775682390825637,5.527885235081328,3.2477971557443084
frame_me~_1108.02_1108.23,18.48079315425744,0.0,0.5003913036557738,391.77550492269825,345.9956023725596,45.77990255013867,18.548481066694364,9.023980402317733,9.524500664376632
frame_tSi_1108.23_1108.4,31.209085824371527,0.0,0.41336403595957594,390.85368106899216,346.96457906146793,43.88910200752423,181.35218109714145,71.17612597127558,110.17605512586587
frame_fis_1108.4_1108.58,7.454963403913496,0.0,-0.017433777322109042,374.5198671743142,332.44678771114405,42.07307946317013,38.37503159999207,16.920746265651843,21.454285334340227
frame_ka_1108.58_1108.72,26.14312968557641,0.0,-0.6811569956372465,400.2590992212366,355.6457323876133,44.61336683362333,453.83572078769146,407.88361196305095,45.952108824640504
frame_li_1108.72_1108.84,20.58372693589382,0.0,0.26976476486350426,386.5360537871719,345.3602490053997,41.17580478177223,5.090425192936976,3.7850810551475433,1.305344137789433
frame_za_1108.84_1109.05,21.255512981839274,0.0,0.8078865217709611,398.7361112308732,351.96245493101605,46.77365629985712,22.55006731307253,16.008588241239266,6.541479071833265
frame_dus_1109.05_1109.39,139.76420838951583,0.14999999999986358,-0.5689353011159022,387.5995312485188,338.8706581107186,48.728873137800235,11.289670965693333,6.789279130557077,4.500391835136256
frame_pe_1109.54_1109.64,35.448161279567586,0.0,-0.6804339152266837,399.5567368268754,356.00195381656255,43.55478301031286,24.35430426680645,16.88723577760919,7.46706848919726
frame_lu_1109.64_1109.74,34.56642823005973,0.0,-0.2319872454257182,397.45761918670473,354.59683967523176,42.86077951147297,11.449428576040503,7.160257321148265,4.2891712548922385
frame_e~_1109.74_1109.79,29.63802818934539,0.0,-0.6916519797181919,393.04841392162933,351.8155864323359,41.23282748929341,1.6351392803486817,1.2326053572289766,0.40253392311970515
frame_Ze_1109.79_1109.94,14.119284040702581,0.0,-0.4804393314101115,403.4663387209994,358.5024154681666,44.963923252832785,62.25309967524376,18.78891128247102,43.46418839277274
frame_Jej_1109.94_1110.26,0.9123443504645934,0.0,-0.08045016376787245,407.33625278151464,356.7971376934207,50.53911508809392,46.631380398099935,30.665911067905682,15.965469330194253
frame_ru_1110.26_1110.51,60.83469537600459,0.17000000000007276,2.6320712279772374,396.3283854042773,351.1013351259458,45.22705027833149,25.251997032686575,12.836419270135366,12.415577762551209
frame_i_1110.68_1110.77,25.065306581754157,0.5699999999999363,0.26976476486350426,371.4110056795563,331.2001500493267,40.21085563022956,132.08533897999192,65.99230530385472,66.0930336761372
frame_se_1111.34_1111.57,6.75105957414479,0.0,1.1195173391588449,395.20626930967927,349.85645239506175,45.34981691461752,27.29612971355172,19.10689732476166,8.18923238879006
frame_ku~_1111.57_1111.67,3.1599800955961825,0.0,-0.4308588300711265,391.2457973337175,349.31389644804415,41.93190088567337,8.449175341838895,4.53875724524849,3.910418096590405
frame_da_1111.67_1111.83,22.224693278941174,0.0,0.13104855931268491,394.45752498960434,351.2383024522985,43.219222537305825,12.345050655959113,6.857190257008938,5.4878603989501755
frame_dus_1111.83_1111.98,23.119924237155885,0.0,-0.5689353011159022,382.1693557741295,340.52025399683885,41.64910177729064,12.983782277518458,5.476320211407057,7.507462066111401
frame_pe_1111.98_1112.11,1.1595704901929196,0.0,-0.08045016376787245,401.7957447807678,358.45385556416886,43.34188921659893,38.819887938543815,29.18627917684401,9.633608761699804
frame_lu_1112.11_1112.29,22.98486891172388,0.21000000000003638,0.7788569216563258,390.6936891416768,347.3706933584419,43.322995783234944,34.08805558156416,12.959246959812702,21.12880862175146
frame_e~_1112.5_1112.59,21.833874786467703,0.0,-0.09563033803290302,387.8371311162972,348.8003749132337,39.036756203063476,10.610100663309481,5.954904642730696,4.655196020578785
frame_prej_1112.59_1112.88,27.68293989602529,0.0,-0.28044474758899196,394.160186890094,347.4807010923529,46.67948579774111,53.77807311470437,26.96473176605491,26.81334134864946
frame_tej_1112.88_1113.13,21.451667598683798,0.0,-0.28044474758899196,390.964703646304,345.775597038754,45.18910660755,41.6139307040435,29.1824781773945,12.431452526648997
frame_ru_1113.13_1113.31,97.82728701920936,1.7000000000000455,1.4527530330443552,384.73881602338645,342.74296087215356,41.99585515123289,109.76783981349709,71.26328332403872,38.504556489458366
